verdict,verification,company_name,website,domain,city,state,phone,address,rating,review_count,google_verified,window_service,segment,also_does_auto_glass,primary_business,confidence,evidence,duplicate_domain,original_spreadsheet_tab
YES,web-searched,1n20 Home Services,https://www.1n20homeservices.com/,1n20homeservices.com,Corinth,TX,+1 214-215-4830,"2602 Boulder Dr, Corinth, TX 76210, United States",4.9,42,Yes,"Custom vinyl low-E replacement window installation; also doors, siding, roofing",Residential,False,Exterior remodeling / replacement windows contractor,high,"Site pages 'Replacement Windows Corinth' (1n20homeservices.com/corinth/replacement-windows/), 'Window Company in DFW' (/windows/window-company/), 'Denton Replacement Windows Company' (/about-us/); described as a local vinyl replacement window company that customizes and installs low-E energy-efficient windows",,Window
YES,web-searched,828 Windows & Doors,http://828windowsanddoors.com/,828windowsanddoors.com,,,+1 214-389-2828,,,,Yes,Window and door replacement,Residential,False,Windows & doors replacement company,medium,"Yelp listing title '828 WINDOWS & DOORS - Dallas, Texas - Windows Installation'; Crunchbase profile for 828 Windows & Doors, Dallas TX window/door replacement",,Window
YES,web-searched,Adams Exteriors,http://www.adamsexteriors.com/homewindowguy/,adamsexteriors.com,Dallas,TX,+1 214-349-7283,"410 S Willomet Ave, Dallas, TX 75208, United States",5.0,2,Yes,"Energy-efficient vinyl replacement windows, supply and installation (Pella, Andersen, Simonton, Alside priority installer)",Residential,False,"Replacement window / exterior (windows, siding, roofing) contractor",high,"Page titles 'Home Window Guy. Vinyl Replacement Windows Dallas Tx.' (adamsexteriors.com/index3.html) and city pages /cities/plano/, /cities/richardson/; BBB category 'window installation'",YES,Window
YES,web-searched,"Advanced Windows, Doors and More",https://advancedwindowsdoorsandmore.com/,advancedwindowsdoorsandmore.com,,,+1 469-678-0401,,5.0,30,Yes,"Window installation and replacement, glass replacement; also doors and siding",Residential,False,"Window, door and siding installation company",high,Site page title 'Window Installation & Glass Replacement Services' (advancedwindowsdoorsandmore.com/services/); BBB category 'window & door installation',,Window
YES,web-searched,AJ Window Solutions LLC,https://ajwindowsolutions.com/,ajwindowsolutions.com,Farmers Branch,TX,+1 972-207-1560,"11419 Mathis Ave Ste 211, Farmers Branch, TX 75234, United States",4.3,13,Yes,"Repair, replacement and installation of windows and glass (plus screens, blinds, shutters)",Residential,False,Window and glass repair/replacement company,high,"Company description: 'repair, replacement, and installation of window and glass as well as screens, blinds, and shutters'; Google review describes broken French-door glass replaced and installed",,Window
NO,web-searched,All About The Window,https://allaboutthewindow.com/,allaboutthewindow.com,Dallas,TX,+1 214-683-9770,"6445 Cedar Springs Rd Unit 112, Dallas, TX 75235, United States",4.9,49129,Yes,,,False,"Custom window treatments (draperies, roller/roman shades, shutters)",high,"Site title 'Custom Window Treatments by All About the Window' (allaboutthewindow.com/); Houzz category 'Window Treatments'; began by selling custom draperies, offers roller shades, draperies, roman shades and shutters",,Window
YES,web-searched,"Alpine Exteriors Siding, Roofing & Windows",https://alpineexteriorstx.com/,alpineexteriorstx.com,Dallas,TX,+1 214-537-9454,"5960 Berkshire Ln Ste 100, Dallas, TX 75225, United States",5.0,13,,Window replacement and installation; authorized Milgard and Andersen window supplier and installer,Both,False,"Exterior remodeling contractor (siding, roofing, windows, decking)",high,"Site 'Alpine Exteriors TX - Expert Siding, Roofing & Window Contractors'; services list includes 'window replacement and installation' and 'authorized Milgard and Andersen window supplier and installer'; Google review 'siding and window replacement in Allen'",,Window
YES,web-searched,Alumiglass and Windows LLC,https://alumiglassandwindows.com/,alumiglassandwindows.com,Frisco,TX,+1 972-658-2192,"1235 Tree Top Dr, Frisco, TX 75033, United States",5.0,74,Yes,"Window and glass installation/repair, energy-efficient windows, storefronts, board-up; residential and commercial",Both,False,Residential and commercial glass and window installation company,high,Site pages 'Expert Glass & Window Installation in Frisco' (/frisco) and 'Your Trusted Residential & Commercial Glass Experts in North Dallas'; services include 'Glass/Window Installation ... Storefront and Board Up for both Residential and Commercial',,Window
YES,web-searched,Amazing Exteriors,http://amazingexteriors.com/locations/dallas/,amazingexteriors.com,Farmers Branch,TX,+1 817-761-4113,"4343 Sigma Rd Suite 100, Farmers Branch, TX 75244, United States",4.6,244,Yes,"Replacement windows (Marvin dealer/installer), entry doors, siding",Residential,False,Home exterior remodeler - replacement windows and siding,high,"Page title 'Window Replacement Dallas TX' (amazingexteriors.com/locations/dallas/); 'hand-picked by Marvin Windows ... deliver the highest quality, longest-lasting replacement windows'",,Window
YES,web-searched,Andersen Windows,https://www.andersenwindows.com/,andersenwindows.com,Garland,TX,+1 214-221-9500,"3801 Regency Crest Dr, Garland, TX 75041, United States",4.1,59,No,Window manufacturer that also sells and installs direct to homeowners (Renewal by Andersen); this Garland address is its DFW distribution center,Both,False,Window and door manufacturer / distributor,medium,"Search shows 3801 Regency Crest Dr, Garland is the 'Gateway East Distribution Center ... home to Andersen Windows' DFW distribution center for 16 years', 223,000 sq ft warehouse/distribution, category 'Manufacturing / Windows & Doors'; Google review 'We had our new windows installed by the best guys ever'. AMBIGUOUS: the listed site is a warehouse, not a local installing contractor",,Window
YES,web-searched,Apex Windows & Glass,https://apexwindowstx.com/,apexwindowstx.com,McKinney,TX,+1 214-263-3008,"7200 W University Dr, McKinney, TX 75071, United States",5.0,60,Yes,"Foggy glass replacement, double-pane window repair, insulated glass unit (IGU) replacement",Both,False,Window glass / IGU replacement and repair company,high,"Site title 'Foggy Glass Replacement & Repair DFW' (apexwindowstx.com/) and page '/foggy-broken-glass/'; 'foggy glass replacement, double-pane window repair, insulated glass unit (IGU) replacement ... residential and commercial window services'",,Window
YES,web-searched,Aquamarine Windows and Doors,https://aquamarinewindows.com/,aquamarinewindows.com,,,+1 469-887-0015,,5.0,9,Yes,"Window replacement (estimate, measuring, window style selection) per customer reviews",Residential,False,Windows and doors company (no indexed web presence found),low,"No indexed site content found in two searches. Google review: 'They came by for the estimate, took measurements, and helped us think through the design ... Their suggestions on the window style and overall look'. Verdict rests on the review snippet plus company name",,Window
YES,web-searched,Bangor Window Works,https://hometrendyquote.com/,hometrendyquote.com,Dallas,TX,+1 254-489-8666,"3712 S Malcolm X Blvd, Dallas, TX 75215, United States",,,Yes,Window replacement / quotes,Residential,False,Window replacement (site is a generic quote-branded domain - possible lead-gen),low,"hometrendyquote.com indexed as 'Home Trendy Quote', described as providing window replacements with fair estimates; contact support@hometrendyquote.com, (833) 383-0278. No content found for the name 'Bangor Window Works' itself. AMBIGUOUS: generic quote domain + toll-free number may indicate a lead-gen/aggregator rather than a contractor",,Window
YES,web-searched,BC Roofing Siding & Windows,http://www.bcroof.com/,bcroof.com,Farmers Branch,TX,+1 972-306-0215,"2300 Valley View Ln #107, Farmers Branch, TX 75234, United States",4.7,36,Yes,Energy-efficient vinyl replacement windows (Burris) sold and installed alongside roofing and siding,Both,False,"Roofing, siding & windows exterior contractor",high,"Site pages bcroof.com/roofing-services/windows, /vinyl-windows/farmers-branch-tx and /energy-efficient-windows/carrollton-tx; 'selling Burris Windows since the 1990s... double-strength Cardinal Glass with Argon-filled double panes'",,Window
YES,web-searched,Best Buy Windows and Siding,https://www.bestbuywindowsandsiding.com/,bestbuywindowsandsiding.com,Richardson,TX,+1 469-946-3697,"1800 N Glenville Dr #102, Richardson, TX 75081, United States",4.4,376,Yes,"Custom replacement window installation - vinyl, double/triple-pane, sliding, picture, casement, specialty",Residential,False,Replacement window and vinyl siding contractor,high,"bestbuywindowsandsiding.com/services/ 'Windows in Richardson, TX' - 'specialize in selling and installing custom replacement windows and vinyl siding in homes throughout the Dallas Fort Worth area'",,Window
YES,web-searched,Blade Glazing LLC,http://bladeglazingllc.com/,bladeglazingllc.com,,,+1 214-687-1216,,5.0,9,Yes,"Broken window glass repair/replacement, storefront glass installation, floor-to-ceiling glass walls",Both,False,Glass & glazing contractor,high,bladeglazingllc.com/glass-replacement/ titled 'Glass Replacement - Residential/Commercial Glass Installation' and /dallas-storefront-glass-installations/; 'repairs to broken window glass',,Window
NO,web-searched,Brightside Windows DFW,https://www.brightsidewindowsdfw.com/,brightsidewindowsdfw.com,Dallas,TX,+1 469-662-6279,"17250 Dallas Pkwy Ste 220, Dallas, TX 75248, United States",5.0,4,Yes,,,False,Window and solar-panel cleaning service,high,"brightsidewindowsdfw.com homepage title 'Brightside Windows DFW - Premium Window Cleaning Services'; residential and commercial window cleaning plus solar panel cleaning only (distinct from the unrelated Brightside Windows of Portland OR, which does replacement)",,Window
YES,web-searched,C&C Exteriors,http://www.exteriorscc.net/,exteriorscc.net,Dallas,TX,+1 469-291-7039,"10420 Plano Rd #112, Dallas, TX 75238, United States",5.0,28,No,Window replacement offered as part of full exterior packages,Residential,False,Exterior remodeler / roofing contractor,high,"exteriorscc.net About page - 'created in 2016 to become a one-stop shop for home exterior needs... offers roofing, windows, siding & gutters'; services listed as roofing, windows/doors, siding, painting, repairs",,Window
YES,web-searched,Camey Xteriors,http://www.cameyxteriors.com/,cameyxteriors.com,,,+1 972-900-8969,,5.0,,Yes,"Window repair and replacement for homes (exterior contractor, insurance work)",Residential,False,Exterior home improvement contractor,medium,cameyxteriors.com window page - 'most window issues can be fixed without replacing the entire window'; Google review: 'had the pleasure of working with Camey Xteriors for a window replacement project'. Site content is thin - verdict leans on the review plus the site's window service page,,Window
YES,web-searched,Cantera Doors & Windows - Reynaers Manufacturer,https://canteradoors.com/,canteradoors.com,Farmers Branch,TX,+1 469-687-0242,"4887 Alpha Rd #290, Farmers Branch, TX 75244, United States",4.0,16,Yes,"Custom steel, iron and Reynaers aluminium windows - fabricated and installed",Residential,False,Luxury metal windows & doors fabricator/installer,high,"canteradoors.com/reynaers-aluminium-windows/ and /steel-doors-and-windows-dallas/ - 'official fabricator of Reynaers, Jansen, and Forster, offering windows, doors, and facades in aluminum, steel, and iron, engineered and installed under one roof'",,Window
YES,web-searched,"CAT Exteriors, Dallas",https://www.catexteriors.pro/,catexteriors.pro,Dallas,TX,+1 833-444-4228,"9865 Chartwell Dr, Dallas, TX 75243, United States",4.4,47,,"Replacement windows (double-hung, single-hung, picture, geometric); Anlin gold star dealer with installation",Residential,False,Exterior home remodeler specializing in replacement windows,high,"Site pages catexteriors.pro/windows/single-hung/, /windows/double-hung-windows, /windows/picture/, /geometric/ — 'CAT specializes in replacement windows, exterior stucco and wood painting'",,Window
YES,web-searched,Certified Window & Door,http://www.remodelcwd.com/,remodelcwd.com,,,+1 214-736-3935,,4.0,2,Yes,"Custom window and door supply, design and installation for builders, remodelers and homeowners",Residential,False,Custom window and door contractor,high,"remodelcwd.com — 'custom window and door contractor servicing builders, remodelers, and homeowners in North Texas since 2013 ... can assist with design, construction, and installation of your project'",,Window
YES,web-searched,Chenault window services,https://chenaultswindowservices.net/,chenaultswindowservices.net,Dallas,TX,+1 972-783-9572,"10605 Boomer Cir #107, Dallas, TX 75238, United States",4.1,29,Yes,"Window installation and replacement (vinyl, wood, aluminum), glass replacement, skylights, doors, screens",Residential,False,Window installation and replacement contractor,high,"Site title 'Chenault's Window Services — Window installations, glass replacements...'; pages /products/vinyl-windows/ 'Dallas Vinyl Window Replacement and Installation' and /products/wood-windows/",,Window
YES,web-searched,Clarity Windows and Doors,http://www.claritywindows.com/,claritywindows.com,Coppell,TX,+1 972-393-3991,"800 Freeport Pkwy #150, Coppell, TX 75019, United States",4.9,578,Yes,"Window installation, window repair, storm windows, door installation",Residential,False,Replacement window and door dealer/installer (Anlin),high,"claritywindows.com/services/ — 'window installation, window repair, door installation, and storm windows and doors'; BBB category 'Window Installation'",,Window
YES,web-searched,Clear Advantage Window Service,http://clearwindowservice.net/,clearwindowservice.net,,,+1 469-289-7556,,3.6,18,Yes,"Residential window repair and full window replacement, broken glass replacement, foggy window repair, glazing bead repair, skylight repair",Residential,False,Residential window repair and replacement service,high,"'specializes in Residential Window Repair & Replacement, Glass Repair, Window Glazing Bead Repair, Foggy Window Repair' ... 'full window replacement, broken glass replacement'; founded 2006 by a window installation professional",,Window
YES,web-searched,Conservation Construction of Dallas,https://conservationconstructionofdallas.com/,conservationconstructionofdallas.com,Grand Prairie,TX,+1 817-416-8005,"1201 E Avenue J, Grand Prairie, TX 75050, United States",4.5,231,Yes,"Energy-efficient vinyl replacement windows, impact-resistant storm windows, patio doors — professionally installed",Residential,False,Window replacement and exterior remodeling contractor,high,"Site title 'Conservation Construction: Window Replacement Dallas'; page /windows/dallas-replacement-windows/ — 'All replacement windows, patio doors and whole house siding projects are professionally installed'",,Window
YES,web-searched,CountyLine Glass,http://www.countylineglass.com/,countylineglass.com,Irving,TX,+1 972-438-5719,"1819 Peters Rd #3, Irving, TX 75061, United States",4.2,13,Yes,"Window glass replacement, double pane / insulated glass units, storefront glass, plus shower doors and mirrors",Both,False,"Glass installation company (window glass, storefronts, shower/mirror)",high,"countylineglass.com 'Glass Installation Services' — 'specializes in glass replacement, window glass, double pane glass, shower doors and mirrors ... window replacements, storefronts'; Houzz category 'Window Sales and Installation'",,Window
YES,web-searched,David Smith Glass,https://www.davidsmithglass.com/,davidsmithglass.com,,,+1 972-289-4999,,5.0,,Yes,"Residential window replacement, double pane and window glass repair, storefront glass/doors, patio doors, solar screens",Both,False,Residential and commercial glass repair and installation,high,"davidsmithglass.com — 'double pane glass, replacement, mirrors, store fronts, solar screens, table tops, patio doors'; services listed include 'double pane and window repair' and 'residential window replacement'",,Window
YES,web-searched,Designer Door and Window,http://www.designerdw.com/,designerdw.com,Carrollton,TX,+1 972-424-0031,"2707 Realty Rd #310, Carrollton, TX 75006, United States",4.9,140,Yes,"Design, build and installation of energy-efficient windows (Anlin dealer) plus exterior doors",Residential,False,Window and door dealer/installer,high,"'full-service home window specialist ... specialize in the design, build and installation of steel, wood, and energy efficient fiberglass, lead safe, warrantied exterior doors and windows for the Dallas area'; certified Anlin Windows and Doors Dealer",,Window
YES,web-searched,DFW window specialist,http://dfwwindowspecialist.com/,dfwwindowspecialist.com,,,+1 469-478-9395,,4.8,37,Yes,"Window repair and replacement, glass repair, solar screens, plus shower enclosures",Residential,False,Window repair / glass company,high,"dfwwindowspecialist.com — 'professional window repair and replacement, as well as glass shower installation ... 14 years of experience repairing windows, replacing glass'",,Window
YES,web-searched,Don Young Co,http://www.dycwindows.com/,dycwindows.com,Dallas,TX,+1 214-630-0934,"8181 Ambassador Row, Dallas, TX 75247, United States",4.2,60,Yes,"Manufactures aluminum and vinyl replacement/new-construction windows; company-owned branches handle retail sales and installation, and they list homeowners among customers served",Both,False,"Window manufacturer (wholesale, with dealer network and company-owned branches)",low,"'leading wholesale window manufacturer ... for the residential and commercial replacement and new construction markets' and 'distributed to selected dealers for retail sales and installation from company owned branches in Dallas, Houston...'; dycwindows.com says they 'serve contractors, distributors, builders & homeowners'. AMBIGUOUS: primarily wholesale — direct install for end customers not confirmed.",,Window
NO,web-searched,Doug Does Windows,https://dougdoeswindows.com/,dougdoeswindows.com,,,+1 972-423-9454,,4.9,62,Yes,,,False,"Window cleaning, gutter cleaning and pressure washing",high,"dougdoeswindows.com/window-cleaning/ and /gutter-cleaning/ — 'locally-owned window cleaning, gutter cleaning, and power washing business'; BBB listed as 'Doug Does Windows & Gutter Cleaning'. Excluded: window cleaning/washing only.",,Window
YES,web-searched,Duncanville Glass,http://www.duncanvilleglass.com/,duncanvilleglass.com,Duncanville,TX,+1 972-298-9263,"638 Meadowglen Dr, Duncanville, TX 75137, United States",4.7,18,Yes,"On-site residential window repair and replacement, double pane insulated glass, low-E glass, storm windows, solar screens",Residential,False,Residential window glass repair and replacement,high,"duncanvilleglass.com 'Duncanville Glass & window repair' — 'specializes in complete on-site residential home window repair and replacement, focusing on double pane insulated glass, low-E energy-efficient glass, and solar screens'",,Window
YES,web-searched,EcoView Windows & Doors,https://www.ecoviewdfw.com/?utm_source=gbp&utm_medium=organic&utm_campaign=gbp-listing&utm_content=grand-prarie-office,ecoviewdfw.com,Grand Prairie,TX,+1 972-247-2949,"2003 108th St #303, Grand Prairie, TX 75050, United States",4.9,347,Yes,Energy Star replacement window units plus installation; also doors and siding,Residential,False,Replacement window and door company,high,"ecoviewdfw.com/dallas — 'family-owned and operated window replacement company ... provides Window Installation, Door Installation, and Siding Installation ... replacement window and door units along with installation'",,Window
YES,web-searched,Energy One Windows of Dallas/Ft. Worth,https://energyonewindows.com/,energyonewindows.com,Irving,TX,+1 972-719-7801,"580 Decker Dr #125, Irving, TX 75062, United States",5.0,208,Yes,Replacement window and patio/sliding glass door installation for homeowners,Residential,False,Replacement window company,high,energyonewindows.com/energy-one-windows-of-dallas-ft-worth/ — 'window replacement and sliding glass door installation company ... professional installation services for residential customers'; BBB category 'Window Installation',,Window
YES,web-searched,Energy Window Solutions,https://energywindowsolutions.com/,energywindowsolutions.com,Mabank,TX,+1 972-746-8195,"5000 Esquire Estates Rd, Mabank, TX 75156, United States",4.9,104,Yes,"Custom window manufacture plus window installation and replacement; also siding, gutters, doors",Residential,False,Window manufacturer and replacement window installer,high,"Site pages /about-us/replacement-windows-dallas/ 'Window Replacement & Installation Services in Dallas, TX' — 'builds high-performance window systems in their Fort Worth facility and installs them for homeowners across the region'",,Window
YES,web-searched,Ennis Glass LLC,http://www.ennisglass.com/,ennisglass.com,Ennis,TX,+1 972-878-9902,"706 S Clay St, Ennis, TX 75119, United States",4.8,22,Yes,"Window replacements, glass installation and repair, heavy commercial doors and windows, storefronts, curtain wall",Both,False,Residential and commercial glass company,high,"ennisglass.com — 'custom shower doors, mirrors, window replacements, and heavy commercial doors and windows'; products list includes 'commercial doors, curtain wall ... storefronts ... window replacements'",,Window
YES,web-searched,Expo Home Improvement,https://www.expohomeimprovement.com/,expohomeimprovement.com,Farmers Branch,TX,+1 972-486-9166,"13859 Diplomat Dr Ste 180, Farmers Branch, TX 75234, United States",4.9,2649,Yes,"Replacement window installation - double-hung, sliding, casement, awning, picture, bay/bow, specialty shapes",Residential,False,Home improvement / remodeling company,high,"expohomeimprovement.com/dallas-tx/windows/ 'Window Replacement in Texas' and /locations/window-replacement-dallas 'Dallas, TX Window Replacement & Installation Contractors'",,Window
YES,web-searched,Fix & Build LLC,https://www.fixandbuildllc.com/,fixandbuildllc.com,,,+1 469-443-2786,,5.0,12,Yes,"Window and door replacement, custom window installation",Residential,False,General contractor / remodeler,high,fixandbuildllc.com - 'expert window and door replacement services'; founder expertise includes 'custom window and door installations'; /before-and-after/ shows window projects,,Window
YES,web-searched,Foggy Window Repair,https://www.foggywindowrepair.com/,foggywindowrepair.com,Irving,TX,+1 972-693-6449,"700 Redbird Dr, Irving, TX 75061, United States",4.4,148,Yes,"Foggy/failed insulated glass unit replacement, window glass installation, replacement and repair",Both,False,Window and glass repair company,high,"foggywindowrepair.com - 'offers window installations, glass installations, replacements, and repairs'; Google review: 'repairing windows whose seals were breached... I had all of the glass replaced in my house'",,Window
YES,web-searched,FoGlass Window Replacement,http://www.foglasswindow.com/,foglasswindow.com,,,+1 469-509-9932,,4.9,69,Yes,"Window replacement, broken/single-pane glass replacement, foggy window repair, sliding patio door replacement, commercial storefront glass",Both,False,Residential & commercial glass and window replacement company (DFW),high,"foglasswindow.com/summary titled 'Window Replacement Dallas' and /residentialwindowservice 'Glass Repair Services'; site lists window replacement, broken glass repair, foggy window repair for residential and commercial",,Window
YES,web-searched,Foster Exteriors Window Company,https://www.fosterexteriors.com/?utm_source=google&utm_medium=organic&utm_campaign=gbp-dallas&utm_id=local&utm_content=dallas,fosterexteriors.com,Dallas,TX,+1 214-319-8400,"1350 N Buckner Blvd #216, Dallas, TX 75218, United States",4.9,136,Yes,"Energy-efficient vinyl/aluminum replacement window installation, sliding patio doors, storm doors",Residential,False,Replacement window and door contractor (est. 1987),high,"fosterexteriors.com/replacement-windows-doors-dallas-tx/ 'Window Replacement Dallas, TX'; 'specializes in providing and installing energy efficient replacement windows in Dallas, TX'",,Window
YES,web-searched,Garland Home Window Replacement,https://garlandhomewindowreplacement.com/,garlandhomewindowreplacement.com,,,+1 469-599-4956,,5.0,8,Yes,"Window installation, repair and replacement (vinyl, casement, custom), plus door installation; also offers screens/film",Residential,False,Home window replacement contractor in Garland TX,high,"garlandhomewindowreplacement.com/windows/window-installation-service-garland-tx/ 'Affordable Window Installation Garland, TX'; /windows/ 'Garland Window Replacement & Installation'",,Window
YES,web-searched,Gatsby Glass,https://www.gatsbyglass.com/north-dallas-tx,gatsbyglass.com,Farmers Branch,TX,+1 214-492-5841,"4601 Langland Rd, Farmers Branch, TX 75244, United States",5.0,37,Yes,"Window glass installation/replacement; commercial glass, partitions and storefront solutions; also shower doors and mirrors",Both,False,"Custom residential and commercial glass company (shower doors, mirrors, glass walls, windows)",high,gatsbyglass.com/north-dallas-tx/glass-services/ lists 'Window Glass Installation or Replacement Service'; /commercial-glass-services/ covers storefront solutions,YES,Window
YES,web-searched,Gatsby Glass of East Dallas,https://www.gatsbyglass.com/east-dallas-tx/,gatsbyglass.com,Dallas,TX,+1 972-430-4390,"4845 Vicksburg St #200, Dallas, TX 75207, United States",5.0,14,Yes,"Residential glass repair and window replacement (incl. foggy/failed units), plus commercial glass and shower/mirror work",Both,False,Custom glass company serving East Dallas,high,"gatsbyglass.com/east-dallas-tx/glass-services/ 'Glass Services in Dallas, TX' — services include residential glass repair, window replacement, shower glass, mirrors; Google review: 'windows at my house were getting more and more foggy... Gatsby charged $1,200 and did a great job with the installation'",YES,Window
YES,web-searched,Glacier glass and mirror,http://glacierglassandmirror.com/,glacierglassandmirror.com,,,+1 945-268-0721,"Dallas, TX 75243, United States",5.0,2,Yes,Same-day broken window glass repair/replacement; glass office door installation,Both,False,Small Dallas glass and mirror shop,low,No indexed company site content surfaced in three searches. Google review (customer text): 'came out same day to fix a window that had been broken in a million pieces over night... He even had a piece of safety glass' and 'I recently had glass office doors installed',,Window
YES,web-searched,Glass Works of Plano,http://www.glassworksplano.com/,glassworksplano.com,Addison,TX,+1 972-742-9245,"4022 Morman Ln, Addison, TX 75001, United States",5.0,7,Yes,"Window glass replacement, replacing insulated window glass units (IGUs), windows; also shower enclosures, mirrors, screens, tabletops",Both,False,Glass shop specializing in frameless shower enclosures plus window glass work,high,"glassworksplano.com/about — services include 'window glass replacement... replacing insulated window glass units, and windows'; HomeAdvisor review: 'replaced every glass with Low-E glass in existing frames'",,Window
YES,web-searched,Glass Zone,http://www.glasszone.net/,glasszone.net,,,+1 310-863-8846,,5.0,9,Yes,"Residential windows, skylights, patio glass, foggy glass repair; commercial storefronts, window installation and repair, glass replacement",Both,False,DFW glass installation and repair company (residential + commercial),high,"glasszone.net — 'residential options like shower doors, skylights, windows, mirrors, patio glass, and foggy glass repair, as well as commercial services such as sliding glass doors, storefronts, window installation and repair, glass replacement'",,Window
YES,web-searched,Grand Openings Luxury Windows & Doors - Dallas,http://www.grandopenings.com/,grandopenings.com,Dallas,TX,+1 214-956-7700,"3605 Inwood Rd, Dallas, TX 75209, United States",2.9,18,Yes,"Custom/luxury window and door sales to homeowners, builders and architects (Kolbe, Marvin, Quaker, Western, LaCantina); showroom + field service on installed windows",Both,False,High-end window and door dealer/distributor with Dallas showroom,medium,"Houzz profile under 'Window Sales and Installation' — 'Grand Openings, Inc.'; grandopenings.com 'work directly with architects, builders, and homeowners'; Google review: 'trying to have Kolbe windows repaired... A repairman came to the house'. Ambiguous whether they self-perform installation vs. supply only.",,Window
YES,web-searched,Heavens Door And Window,https://heavensdoor-window.com/,heavensdoor-window.com,,,+1 682-503-1144,,5.0,20,Yes,Replacement window and door sales plus professional installation (Pella and other brands) across DFW,Residential,False,"Replacement window and door company (Bedford, TX)",high,heavensdoor-window.com — 'specializes in high-quality replacement windows and doors... provide professional installation services throughout the DFW metroplex'; 'We sell and install every project themselves',,Window
YES,web-searched,Home Window Guy,https://adamsexteriors.com/,adamsexteriors.com,Dallas,TX,+1 214-349-7283,"3010 Lyndon B Johnson Fwy, Dallas, TX 75234, United States",4.3,12,Yes,"Energy-efficient vinyl replacement window supply and installation (Pella, Andersen, Simonton, Alside, Don Young); also siding and roofing",Residential,False,"Exterior remodeler — windows, siding, roofing (Adams Exteriors / Home Window Guy)",high,"adamsexteriors.com/index3.html 'Home Window Guy. Vinyl Replacement Windows Dallas Tx.'; 'local, family-owned window supply and installation company that specializes in quality energy efficient replacement windows'; BBB category 'window installation'",YES,Window
YES,web-searched,Home Window Replacement Dallas,https://homewindowsdallas.com/,homewindowsdallas.com,,,+1 469-908-3363,,5.0,4,Yes,"Home window replacement and installation (double-hung, slider, awning, bow/bay, vinyl, custom); also doors and siding",Residential,False,Residential window replacement / exterior remodeling company (Conservation Construction affiliate),high,"homewindowsdallas.com/windows/home-window-replacement-dallas/ and /windows/window-installation-service-dallas/ 'Window Installation Service Dallas'; 'leading home window replacement and door installation company in Dallas, Texas'",,Window
YES,web-searched,Hourglass Solutions LLC,http://hourglassdfw.com/,hourglassdfw.com,Dallas,TX,+1 469-677-5738,"1612 Falcon Drive, Dallas, TX 75247, United States",5.0,10,Yes,"Insulated/tempered/laminated glass supply plus installation and replacement, incl. IGU replacement in existing window frames",Both,False,Glass distributor and installer,high,"hourglassdfw.com/residential - 'provides glass products, installation, and replacement for residential and commercial projects'; provides 'window, patio and door components'; Google review: 'acquiring and installing approx 42 insulated glass units... prevented me from replacing perfectly fine window frames'",,Window
YES,web-searched,Infinity Replacement by Marvin,https://install.infinitywindows.com/locations/texas/dallas/?utm_source=gmb&utm_medium=organic&utm_campaign=dfw,install.infinitywindows.com,Grand Prairie,TX,+1 866-922-2119,"1205 E Avenue J, Grand Prairie, TX 75050, United States",4.8,260,Yes,Full-frame and insert replacement windows and patio doors (fiberglass),Residential,False,Replacement window manufacturer-direct installer,high,"install.infinitywindows.com/locations/texas - 'full-service window and patio door replacement service for homeowners across the Dallas, Texas area'; 'installers expertly replace your old windows... with brand-new fiberglass windows'",,Window
YES,web-searched,JC GLASS & WINDOWS,https://jcglass-windows.carrd.co/,jcglass-windows.carrd.co,Dallas,TX,+1 214-531-5904,"5738 Preston View Blvd, Dallas, TX 75240, United States",5.0,7,Yes,"Window installation, broken window glass repair, energy-efficient pane replacement, custom screens",Residential,False,Glass repair and window installation,high,"carrd.co page titled 'Glass Repair and Window Installation' - 'JC GLASS & WINDOWS LLC is a go-to expert for glass repair, window installation, and screen services in the heart of Dallas... fixing shattered windows, installing energy-efficient panes'",,Window
YES,web-searched,Jerco Windows LLC,http://www.jercowindows.com/,jercowindows.com,Grand Prairie,TX,+1 469-369-0996,"3636 Bluegrass Dr, Grand Prairie, TX 75052, United States",5.0,10,Yes,Window replacement and installation; also door replacement,Residential,False,Window replacement contractor,high,jercowindows.com/replacement-windows titled 'Window Replacement in Dallas TX Homes'; /lp2 'Window & Door Replacement',,Window
YES,web-searched,JJ's Window Service,http://www.jjswindowservice.com/,jjswindowservice.com,Carrollton,TX,+1 972-479-1302,"3235 Skylane Dr Apt 115, Carrollton, TX 75006, United States",3.7,59,Yes,"Window replacement and fogged/failed insulated glass repair (broken glass, moisture between panes, broken seals)",Both,False,Window replacement and glass repair,high,"jjswindowservice.com/about/ - 'specializes in window replacement and fogged glass repair in Carrollton, Texas, serving residential and commercial clients across North Texas'",,Window
YES,web-searched,Jurassic Windows and more LLC,https://www.facebook.com/profile.php?id=61555207653139,facebook.com,,,+1 972-351-6397,,5.0,22,Yes,"Window installation; also doors, glass and mirrors",Residential,False,Window installation company,medium,"Yelp business page 'Jurassic Windows and More', Duncanville TX, phone (972) 351-6397 - services listed as 'Windows Installation, Door Sales/Installation, Glass & Mirrors'. No own website (Facebook page only), so evidence is directory-level plus the Google reviews describing a window job",YES,Window
YES,web-searched,King's Window Services LLC,https://www.kingswindowservices.com/?utm_medium=organic&utm_source=google&utm_campaign=gbp,kingswindowservices.com,North Richland Hills,TX,+1 817-512-5714,"6515 Smithfield Rd c, North Richland Hills, TX 76182, United States",4.9,166,Yes,"Full window replacement, window repair, foggy glass repair (also window cleaning and screen repair)",Both,False,Window repair and replacement company,high,"kingswindowservices.com/window-replacement/ 'Window Replacement in North Richland Hills, TX'; 'foggy glass repair, full window replacement, and custom shower enclosures'",,Window
YES,web-searched,"Kirk Windows, LLC",http://www.kirkwindows.com/,kirkwindows.com,,,+1 972-977-7292,,4.8,47,Yes,"Replacement windows, custom windows, egress windows, window installation (Pella)",Residential,False,Replacement window contractor,high,"Houzz/Porch profiles for kirkwindows.com list 'Bifold Windows, Custom Windows, Egress Windows, Window Installation, Window Replacement, Window Sales'; 'authorized Pella Business Accelerator member, specializes in high-quality window and door replacement'",,Window
YES,web-searched,KJ&M Glass Works,https://dfwwindowrepairservice.com/contact/,dfwwindowrepairservice.com,Dallas,TX,+1 214-994-2580,"4022 Altoona Dr, Dallas, TX 75233, United States",4.9,57,Yes,"Window glass repair and replacement — single and double pane insulated glass, low-E, tempered; full window replacement; also insect/solar screens",Residential,False,Window/glass repair and replacement contractor,high,"Thumbtack/Yellowpages listing for KJ&M Glass Works (dfwwindowrepairservice.com, 214-994-2580): 'can help with all glass needs from single to double pane insulated glass, low E glass, tempered glass, full window replacement services'; Google review: 'repaired my broken window'",,Window
YES,web-searched,Legacy Exteriors,https://www.legacyexteriors.com/,legacyexteriors.com,Keller,TX,+1 817-751-4460,"8801 Davis Blvd Ste 2E, Keller, TX 76248, United States",4.9,63,Yes,"Custom energy-efficient replacement window and door installation, free in-home estimates, lifetime craftsmanship warranty",Residential,False,Replacement window and door company,high,"legacyexteriors.com/replacement-windows page title 'Replacement Windows'; BBB category 'Replacement Windows'; 'installing beautifully crafted, energy-efficient replacement windows and doors in the DFW area since 1995'",,Window
NO,web-searched,Limelight Windows LLC,http://limelightwindowstx.com/,limelightwindowstx.com,,,+1 520-301-9089,,5.0,26,Yes,,,False,"Window cleaning, gutter cleaning, pressure washing and screen repair",high,"limelightwindowstx.com homepage title 'Window Cleaning Services in North Dallas' — 'professional window cleaning, gutter cleaning, pressure washing, and screen repair'. Excluded: window cleaning + screen repair only, no window installation/replacement",,Window
YES,web-searched,Lone Star Glass and Aluminum,https://lonestarglassandaluminum.com/,lonestarglassandaluminum.com,Dallas,TX,+1 972-748-9481,"6526 Maryibel Cir, Dallas, TX 75237, United States",4.6,14,Yes,"Window installation and glass replacement, commercial window replacement, aluminum storefront/storefront glass windows, 24/7 emergency glass replacement and board-up",Both,False,"Glass and aluminum contractor (windows, storefronts, doors, mirrors, shower enclosures)",high,"Site pages: lonestarglassandaluminum.com/window-installation-dallas/, /commercial-window-replacement/, /storefront-glass-windows-dallas/, /glass-replacement-dallas/; 'They replace and install windows, glass doors, mirrors, shower enclosures and aluminum storefronts'",,Window
YES,web-searched,Luna Glass and Mirror,https://lunaglassmirror.com/,lunaglassmirror.com,,,+1 214-284-1397,,5.0,4,Yes,Residential window replacement and window glass repair; also commercial glass repair and emergency board-up (plus shower glass/mirrors),Both,False,"Glass and mirror shop (windows, shower doors, mirrors)",medium,"Yelp 'Luna Glass & Mirror' Dallas (214-284-1397): 'specializes in energy-efficient systems for residential window replacement and shower door installation'; services list includes 'window glass repair', 'commercial glass repair', 'emergency board-up'. Google review: 'Helped repair a window'",,Window
YES,web-searched,LuxVue Pros,https://www.luxvuepros.com/,luxvuepros.com,,,+1 214-995-6140,,5.0,6,Yes,"Replacement window installation (plus entry, interior, French and sliding patio doors, siding, trim, remodeling)",Residential,False,"Windows, doors and home remodeling contractor",high,"luxvuepros.com homepage 'LuxVue: Premium Windows & Doors for Your Home' — 'premium windows, doors, and interior upgrades installed with precision', 'over 30 years of experience in the window installation industry'; Google review: 'had LuxVue Pros replace several windows and exterior doors in my home'",,Window
YES,web-searched,"M&M Roofing, Siding & Windows",https://www.mmroofsiding.com/,mmroofsiding.com,,,+1 214-381-0600,,4.4,7,Yes,"Replacement windows as part of exterior home improvement (roofing, siding, windows, doors, radiant barriers, gutters)",Both,False,"Exterior remodeler / roofing, siding and windows contractor",high,"Company name and profile: 'M&M Roofing, Siding & Windows ... specialize in home improvement including roofing, siding, windows, doors and radiant barriers' (ZoomInfo/Facebook/usroofingcompanies listings for mmroofsiding.com)",,Window
YES,web-searched,Maverick Windows,http://www.maverickwindows.com/,maverickwindows.com,Addison,TX,+1 214-302-8541,"4552 Beltway Dr, Addison, TX 75001, United States",4.8,819,Yes,"Energy-efficient replacement window installation (custom-made to existing openings), plus door replacement and siding",Residential,False,Replacement window company,high,"maverickwindows.com/window-replacement/ page; 'family-owned Window Replacement Services Company in Dallas-Fort Worth...specializes in energy efficient window replacement, window installation, door replacement, and siding installation'; never uses subcontractors for window replacement",,Window
YES,web-searched,McBain's Windows and Doors LLC,https://mcbainswindowsanddoors.com/,mcbainswindowsanddoors.com,,,+1 214-702-3818,,5.0,27,Yes,"Window replacement and window repair, glass repair including single damaged units, old double windows and whole-house projects; also doors and solar screens",Residential,False,"Windows, doors and screens contractor",high,"Yelp/Yahoo listing 'McBain's Windows, Doors & Screens' Plano TX (214-702-3818): 'recommended for window replacement service, window repair service, and glass repair'; Google review: 'just replaced two window panes for us'",,Window
YES,web-searched,Metroplex Gutter and Windows,https://metroplexgutters.com/,metroplexgutters.com,Dallas,TX,+1 214-306-4665,"1315 S Akard St, Dallas, TX 75215, United States",5.0,7,Yes,"Replacement vinyl and aluminum windows (NT Window products), plus specialty bay, garden and glass block windows and patio doors — alongside seamless gutters",Residential,False,Seamless gutters and replacement windows installer,high,"metroplexgutters.com/replacement-windows/ page titled 'DFW Replacement Windows'; site tagline 'Metroplex Gutter and Windows :: Rain Gutters & Replacement Windows'; 'installing painted copper gutters, seamless gutters and replacement vinyl windows in Dallas, Fort Worth'",,Window
YES,web-searched,Metroplex windows & Glass,https://mydallaswindows.com/,mydallaswindows.com,Carrollton,TX,+1 972-323-5200,"1425 Century Dr, Carrollton, TX 75006, United States",4.8,806,Yes,"Premium window replacement and installation, window repair, custom glass; commercial windows and doors installer",Both,False,"Window, glass and door replacement company",high,"mydallaswindows.com/windows/ 'Custom Windows Services in Carrollton, TX'; 'Since 1998, Metroplex Windows & Glass has provided premium window replacement, custom glass, and door installations to homeowners and businesses across North Texas'",,Window
UNCLEAR,web-searched,Miller Windows,https://www.facebook.com/Miller-Windows-107200627981549/,facebook.com,,,+1 469-709-0668,,,,Yes,,,False,"Unknown — only a Facebook page, no indexed content found",low,"Two searches returned no indexed content for this Facebook page or the phone 469-709-0668. Results surfaced only unrelated 'Miller' businesses (Miller Service Company Dallas, Miller Window in Orange City FL, Miller Window and Door in Martinsville IN, Miller's Window Cleaning). No usable evidence either way",YES,Window
YES,web-searched,New Day Exteriors,https://newdayexteriors.com/,newdayexteriors.com,Rockwall,TX,+1 469-267-3688,"2191 Portofino, Rockwall, TX 75032, United States",5.0,33,Yes,"Window replacement and installation (NT windows) and entry door replacement, free consultations and financing",Residential,False,Window and door replacement / exteriors company,high,"BBB profile category 'Replacement Windows' for New Day Exteriors, Rockwall TX; 'local, family-run company specializing in high-quality window and door replacements'; 'professional window installation and replacement in Rockwall, TX'",,Window
YES,web-searched,North Star Glass LLC,https://www.northstarglasstexas.com/,northstarglasstexas.com,,,+1 972-639-7196,,5.0,12,Yes,"Window glass replacement — single and double pane; patio door and French door glass/hardware; screens (plus shower doors, mirrors, table tops)",Residential,False,"Residential glass company (windows, shower doors, mirrors)",high,"northstarglasstexas.com homepage title 'North Star Glass - Shower Doors, Shower Glass, Single Pane, Double [Pane]'; services listed include 'window glass (double pane and single)', 'patio doors', 'French doors'. Google review: 'AMAZING EXPERIENCE with North Star Glass for our windows and sliding doors replacement'",,Window
YES,web-searched,Nova View Installations LLC,https://www.windowinstallationdallastx.com/,windowinstallationdallastx.com,,,+1 214-506-8288,,,,Yes,Window installation and replacement — energy-efficient replacement windows across the DFW area,Residential,False,Window installation contractor,medium,"windowinstallationdallastx.com/windows-installation/ page titled 'Windows Installation'; site text: 'Window Installation Dallas TX delivers guaranteed results on replacement projects... installing durable, high-performance, energy-efficient products... for homes across the DFW area, including Richardson, Sunnyvale, and Seagoville'. Search did not explicitly tie the legal name 'Nova View Installations LLC' to the domain, hence medium confidence",,Window
YES,web-searched,NT Window Inc.,http://www.ntwindow.com/,ntwindow.com,Fort Worth,TX,+1 800-969-8830,"2900 W Seminary Dr, Fort Worth, TX 76133, United States",4.5,143,Yes,Manufactures custom vinyl and aluminum windows for replacement and new construction; installation crews replace whole-home window sets,Residential,False,Window and door manufacturer (Fort Worth) with dealer/installer network,medium,ntwindow.com - 'manufacturer of custom premium vinyl and aluminum windows and doors... assisting clients with replacement and new construction projects through their dealer network'; 'proficient crew is capable of replacing every window in a home in about six hours'. Medium confidence because much of the sales flow is via dealers rather than direct install,,Window
YES,web-searched,Ocean Glass DFW,https://www.oceanglassdfw.com/,oceanglassdfw.com,,,+1 972-854-3425,,5.0,47,Yes,"New vinyl window installation, window repair, storefront glass",Both,False,Residential and commercial glass company,high,"oceanglassdfw.com/services - 'new vinyl windows, window repair, storefronts, door closers, frameless showers, mirror walls, tabletops, patio glass walls, solar screens'; 'services ranging from residential, commercial, and 24/7'",,Window
YES,web-searched,OmniView Window and Door,https://omniview.us/,omniview.us,Fort Worth,TX,+1 817-334-0707,"3001 W Loop 820 S, Fort Worth, TX 76116, United States",4.8,238,Yes,"Custom window sales, installation and replacement (Marvin, Brombal, TruStile)",Residential,False,Custom window and door dealer/installer,high,"omniview.us - 'specializes in custom windows and doors, both domestic and imported, to serve the premier residential market in Texas'; BBB category 'Window Installation'; services include 'window installation, window replacement, window sales'",YES,Window
YES,web-searched,Omniview Window and Door Dallas,http://omniview.us/,omniview.us,Farmers Branch,TX,+1 972-701-0844,"13615 Inwood Rd #120, Farmers Branch, TX 75244, United States",4.8,6,No,"Custom window sales, installation and replacement - Dallas showroom of the same company as ID 78",Residential,False,Custom window and door dealer/installer,high,"omniview.us lists two locations incl. '13615 Inwood Road Suite 120, Dallas, TX 75244 (By Appointment Only)' - same company/site as ID 78; 'leading provider of window and door installations in the Dallas-Fort Worth area'",YES,Window
YES,web-searched,Optimal Windows,https://www.optimalwindows.com/?utm_source=google_business_profile&utm_medium=organic,optimalwindows.com,Plano,TX,+1 972-768-1999,"5760 Legacy Dr b3366, Plano, TX 75024, United States",5.0,51,Yes,"Window and patio door replacement/installation - vinyl, fiberglass, aluminum-clad wood (Burris, Pella, Lincoln, WinDor)",Residential,False,Replacement window company,high,optimalwindows.com/window-and-patio-door-replacement/ and /window-replacement-installation-plano-tx/; 'FGIA certified master installer company... window and patio door replacement and installation services',,Window
YES,web-searched,"Pasadena Building Solutions, LLC",https://www.pasabuilds.com/,pasabuilds.com,,,+1 469-620-0921,,5.0,5,Yes,Complete window replacement on homes; also HVAC and other building repairs,Residential,False,"General building / home services contractor (windows, HVAC, repairs)",medium,"Google review: ""They did three houses of complete window replacement they are awesome very professional"" (site itself not indexed in search results; verdict rests on review text)",,Window
YES,web-searched,Pasadena Views Co.,https://www.pasadenaviews.co/,pasadenaviews.co,,,+1 469-630-2049,,5.0,4,Yes,Window installation in homes,Residential,False,Window installation contractor,medium,"Google review: ""kept everything clean throughout the entire window installation process. They arrived on time, worked efficiently"" (domain not indexed in search results; verdict rests on review text)",,Window
YES,web-searched,Pella Windows and Doors of Dallas,https://pellaofnorthtexas.com/Dallas,pellaofnorthtexas.com,Dallas,TX,+1 214-295-7989,"135 Payne St, Dallas, TX 75207, United States",4.7,134,Yes,Replacement and new-construction window sales and installation,Both,False,Window and door manufacturer branch / installing dealer,high,"pella.com/locations/tx/dallas/ ""Dallas Window & Door Replacement""; pellaofdfw.com/new-construction/ ""Window and Door Installation in Dallas-Fort Worth""",,Window
YES,web-searched,Pella Windows and Doors of Fort Worth Operations Center,https://www.pella.com/locations/tx/grapevine-operations-center/?utm_source=google&utm_medium=organic&utm_campaign=gbp,pella.com,Grapevine,TX,+1 972-988-1555,"506 E Dallas Rd Ste 100, Grapevine, TX 76051, United States",4.0,111,Yes,"Window replacement measurement, permitting and installation for the DFW branch",Both,False,Window and door manufacturer branch / installing dealer,high,"pella.com/locations/tx/grapevine-operations-center/ ""Windows & Doors of Fort Worth Operations Center""; ""installation is typically scheduled within 6-12 weeks of ordering""",YES,Window
YES,web-searched,"Pella Windows and Doors Showroom of Fort Worth, TX",https://www.pella.com/locations/tx/fort-worth/?utm_source=google&utm_medium=organic&utm_campaign=gbp,pella.com,Fort Worth,TX,+1 817-420-7250,"3901 West Fwy Ste 101, Fort Worth, TX 76107, United States",4.7,416,,Replacement window and door sales and installation,Both,False,Window and door showroom / installing dealer,high,"pella.com/locations/tx/fort-worth/ ""Fort Worth Window & Door Replacement"", showroom at 3901 West Freeway Ste 101",YES,Window
YES,web-searched,"Pella Windows and Doors Showroom of Frisco, TX",https://www.pella.com/locations/tx/frisco/?utm_source=google&utm_medium=organic&utm_campaign=gbp,pella.com,Frisco,TX,+1 469-277-8691,"10050 Legacy Dr Ste 300, Frisco, TX 75034, United States",4.8,942,,Replacement window and door sales and installation,Both,False,Window and door showroom / installing dealer,high,"pella.com/locations/tx/frisco/ ""Frisco Window & Door Replacement""; ""50% Installation"" offer, 10050 Legacy Dr Ste 300",YES,Window
YES,web-searched,Performance Windows Dallas East,https://goperformancewindows.com/tx/dallas-east/,goperformancewindows.com,Dallas,TX,+1 682-349-7949,"10945 Estate Ln Ste E255, Dallas, TX 75238, United States",5.0,3,Yes,Residential replacement window installation,Residential,False,Replacement window company,high,"goperformancewindows.com ""Window Replacement & Installation""; /tx/dallas-east/ ""Dallas East, TX - Best Window Replacement Company""; ""highest-quality residential windows for homeowners""",,Window
NO,web-searched,Pink's Windows Dallas,https://pinkswindows.com/dallas,pinkswindows.com,,,+1 214-974-5643,,5.0,341,Yes,,,False,Window cleaning and pressure washing,high,"pinkswindows.com/dallas/ page title ""Window Cleaning Dallas""; services listed are Exterior/Interior Windows, Power Washing, Gutter Cleaning, Roof Washing; BBB category ""window cleaning""",,Window
YES,web-searched,Planet Glass & Mirror LLC,https://planetglasstx.com/,planetglasstx.com,,,+1 972-415-1222,,5.0,5,Yes,"Window glass replacement and full window replacement, plus shower glass and mirrors",Both,False,Glass and mirror company (Richardson/Dallas TX),high,"Yahoo Local listing ""Planet Glass in Richardson, TX"" - Doors & Windows business offering ""shower glass and window glass""; Google review: ""replacing 22 windows in my 1978 home... old windows to remove and Installed""",,Window
YES,web-searched,Plano Home Window Replacement,https://planohomewindowreplacement.com/,planohomewindowreplacement.com,,,+1 469-551-4499,,,,Yes,"Home window replacement and new window installation, plus sliding glass doors",Residential,False,Window and door replacement contractor,high,"planohomewindowreplacement.com/windows/home-window-replacement-plano/ and /windows/our-process-for-new-window-installation-plano/; ""full-service door & window replacement and installation company""",,Window
YES,web-searched,POLAR CLEAR GLASS REPAIR,http://polarclearwindows.com/,polarclearwindows.com,,,+1 972-765-5762,,4.8,544,Yes,"Window repair and replacement, double-pane/foggy IGU glass repair, energy-efficient windows, patio doors",Both,False,Residential and commercial glass installation/repair company,high,"polarclearwindows.com: ""glass installation company established in Dallas and Houston Texas... residential and commercial glass all around the Dallas metroplex""; services include ""window replacement... double pane glass repair""",,Window
NO,web-searched,Precision Exterior & Services,https://www.precisionexteriorservice.com/,precisionexteriorservice.com,,,+1 817-964-1364,,5.0,6,Yes,,,False,"Exterior cleaning - window cleaning, pressure washing, gutter cleaning",high,"precisionexteriorservice.com/about: ""expert window cleaning inside and out, including panes, screens, frames, tracks, and seals"" plus pressure washing, gutter cleaning, soft washing, solar panel cleaning. No install/replacement offered.",,Window
YES,web-searched,ProTex Remodeling Windows - Doors - Siding,https://www.protexremodeling.com/,protexremodeling.com,Burleson,TX,+1 817-422-0552,"5001 FM1187 Ste 150, Burleson, TX 76028, United States",5.0,150,Yes,"Replacement window installation, custom and egress windows, solar tubes; also doors and siding",Residential,False,"Exterior remodeler - windows, doors, siding",high,"protexremodeling.com homepage title ""Window & Siding Replacement""; ""custom windows, egress windows... window installation, window replacement""; ""installs replacement windows across the entire Dallas-Fort Worth metroplex""",,Window
YES,web-searched,Radiant Windows & Glass,https://www.radiantwindowsglass.com/?utm_source=gmb&utm_medium=organic&utm_campaign=Maps,radiantwindowsglass.com,Dallas,TX,+1 469-727-9745,"5730 Martel Ave #118, Dallas, TX 75206, United States",5.0,21,Yes,"Energy-efficient replacement windows, window repair, window glass replacement (also shower glass, mirrors, window cleaning)",Both,False,Window replacement and glass repair company,high,radiantwindowsglass.com/service/window-replacement/ '#1 Window Replacement Services' and /service-areas/replacement-windows-dallas/ 'Dallas Window Replacement And Glass Services',,Window
YES,web-searched,RAM Windows & Doors,https://ramwindows.com/,ramwindows.com,Dallas,TX,+1 469-520-7866,"134 Oak Lawn Ave, Dallas, TX 75207, United States",4.0,31,Yes,"Thermally-broken aluminum windows manufactured, plus installation, repair and replacement",Both,False,Aluminum window and door manufacturer and installer,high,"ramwindows.com/windows-doors-dallas/ - Dallas location 'offers expert installation, repair, and replacement services with free quotes'; 'supported architects, builders and remodelers, commercial building contractors, developers and homeowners since 1978'",,Window
YES,web-searched,Ramos Windows,http://ramoswindows.com/,ramoswindows.com,Dallas,TX,+1 469-235-4392,"1807 Joan Dr, Dallas, TX 75217, United States",5.0,6,Yes,"Window installation and replacement, retrofit windows, fogged/damaged glass replacement, solar screens",Residential,False,Residential window and glass installer,high,"ramoswindows.com/services/ - 'Windows Installation & Replacement - their professional window handymen are qualified to install and replace any type of windows'; 'a lot of experience on retrofit windows, replacement damage fogged glass'",,Window
YES,web-searched,RDS Door & Windows,http://www.rdswindows.com/,rdswindows.com,Garland,TX,+1 972-272-7527,"230 Range Dr, Garland, TX 75040, United States",5.0,85,Yes,"Full window replacement in vinyl, fiberglass, aluminium and wood (Pella Certified Contractor); frame, sash and glass inserts - does not do glass-only replacement",Residential,False,Window and door replacement contractor,high,"rdswindows.com/windows/ 'Window Replacement' and /service-area/window-replacment-garland/; 'wide range of options in full window replacement... in vinyl, fiberglass, aluminium and wood'",,Window
YES,web-searched,Reflection Glass,http://reflectionglass.com/,reflectionglass.com,Carrollton,TX,+1 888-698-5151,"1421 Champion Dr Ste 308, Carrollton, TX 75006, United States",4.6,53,Yes,"New window installation, window repair, commercial storefronts and glass doors",Both,False,Residential and commercial glass company,high,"reflectionglass.com/residential-glass/ 'Residential Glass Installation in Carrollton, TX'; specialties include 'new window installation, window repair and commercial storefronts and doors'; Procore listing: 'Windows, Glass and Glazing, Entrances and Storefronts'",,Window
YES,web-searched,Renewal by Andersen Window Replacement,https://renewalbyandersenreplacement.com/locations/tx/dallas/?utm_source=googlebusinessprofile&utm_medium=organic,renewalbyandersenreplacement.com,Carrollton,TX,+1 469-699-8381,"1215 W Crosby Rd #180, Carrollton, TX 75006, United States",4.8,2987,Yes,Full-service replacement window and patio/entry door installation,Residential,False,Replacement window company (manufacturer-direct),high,"renewalbyandersen.com/locations/north-tx/carrollton titled 'Window & Door Replacement in Carrollton, TX' at 1215 W Crosby Rd #180 - matches the listed address; 'meticulously crafted and expertly installed windows'",,Window
YES,web-searched,Rowlett Windows & Doors,https://windowsrowlett.com/,windowsrowlett.com,,,+1 214-319-8832,,4.8,12,Yes,"Window installation and replacement in vinyl, wood, aluminum and steel; emergency window replacement",Both,False,Window replacement and door installation company,high,windowsrowlett.com/window-replacement/ 'Window Replacement Rowlett TX' and /window-installation/; 'quality window installation and window replacement services for both residential and commercial properties',,Window
YES,web-searched,Salazar & Sons Window Co.,https://salazarandsonswindow.com/,salazarandsonswindow.com,,,+1 469-994-9236,,5.0,7,Yes,"Window installation (new construction), window replacement (energy-efficient upgrades), and window repair (broken glass, failed seals, damaged frames)",Residential,False,"Window installation/replacement contractor, DFW",high,"salazarandsonswindow.com: family-owned, 'installs, replaces, and repairs windows'; service sections Window Installation / Window Replacement / Window Repair across Dallas-Fort Worth",,Window
YES,web-searched,Silverback Windows,https://www.silverbackwindows.com/,silverbackwindows.com,Dallas,TX,+1 469-388-5175,"4329 McKinney Ave #19, Dallas, TX 75205, United States",5.0,48,Yes,Replacement windows (aluminum and vinyl) and doors,Residential,False,"Replacement window company, Dallas",high,"BBB profile category 'replacement windows'; 'specializes in all replacement window and door needs', 4329 McKinney Ave, Dallas; silverbackwindows.com home page",,Window
YES,web-searched,Simple Glass,https://www.simpleglassdallas.com/,simpleglassdallas.com,Carrollton,TX,+1 469-256-6884,"1225 W College Ave Ste 506, Carrollton, TX 75006, United States",5.0,16,Yes,"Glass repair, replacement and installation for windows, storefronts, curtain walls and partitions; residential and commercial window repair; emergency glass replacement",Both,False,Full-service commercial and residential glass company,high,"Page titles simpleglassdallas.com/commercial/window-repair/ 'Commercial Window Repair in Dallas' and /residential-glass/ 'Dallas Residential Glass Services'; carries windows, glass doors, curtain walls",,Window
YES,web-searched,Skylight Solutions,https://www.skylightsolutions.com/,skylightsolutions.com,Dallas,TX,+1 972-263-6033,"2276 Larson Ln, Dallas, TX 75229, United States",4.9,73,Yes,"Skylight and roof-window installation, replacement and repair (VELUX), plus sun tunnels/solar tubes — roof glazing only, no vertical/wall window replacement found",Both,False,"Skylight and solar-tube installer, DFW (VELUX Signature Service Partner)",low,"skylightsolutions.com/ 'Skylight Repairs, Replacements, And Installations'; /new-installations; 'replacement of damaged skylights ... including Velux skylights and roof windows'",,Window
YES,web-searched,"Sol Solutions - Custom Windows and Doors Estimate - Dallas, TX",https://ntxsol.com/,ntxsol.com,Dallas,TX,+1 469-708-8151,"6750 Hillcrest Plaza Dr #214, Dallas, TX 75230, United States",5.0,35,,"Window installation and replacement (Low-E vinyl / Milgard), plus doors, patio doors and seamless gutters",Residential,False,"Windows, doors and gutters installation/replacement contractor",high,ntxsol.com/ page title 'Sol Solutions - Dallas Window Installation and Replacement'; /quality-windows-and-doors/; partnered with Milgard Windows and Doors,,Window
YES,web-searched,"Solid Exteriors, LLC",http://solid-exteriors.com/?utm_source=google&utm_medium=wix_google_business_profile&utm_campaign=16700656850061699214,solid-exteriors.com,,,+1 469-520-0466,,4.9,15,Yes,"Windows listed as a service alongside James Hardie siding, doors and gutters",Residential,False,"Exterior remodeling / siding contractor, DFW",high,"'Solid Exteriors specializes in Hardie Fiber Cement Siding, Windows, Doors and Gutters as well as Pergolas, Decks, Patios...' (solid-exteriors.com / Houzz profile)",,Window
YES,web-searched,"SONIQ Windows & Doors, Dallas",https://soniqwindowsanddoors.com/,soniqwindowsanddoors.com,Dallas,TX,,"5033 Willis Ave, Dallas, TX 75206, United States",5.0,5035,,Direct-to-consumer manufacturer of thermal-break aluminum windows and doors that also handles installation ('from initiation to installation and beyond'),Both,False,Aluminum window and door manufacturer/installer with a Dallas branch,medium,"soniqwindows.com/install/ 'Specs & Install'; soniqwindowsanddoors.com article 'Best windows & doors installation service in the USA'; 'work directly with customers, with no middleman ... no third-party distributors'",,Window
YES,web-searched,Southern Windows and Doors,https://slwindowsdfw.com/,slwindowsdfw.com,Richardson,TX,+1 214-499-5095,"1303 Columbia Dr Ste. 207, Richardson, TX 75081, United States",4.7,30,Yes,"Replacement window installation (vinyl, aluminum, slimline; double-hung, casement, bay), fogged window replacement, entry and patio doors",Residential,False,"Replacement window and door installer, Richardson/DFW",high,slwindowsdfw.com/ 'Southern Windows and Doors - Window Installation & Replacement'; /window-replacement/; /fogged-window-replacement-in-richardson-tx/,,Window
YES,web-searched,Southwest Door & Window,https://southwestdw.com/?utm_source=google&utm_medium=organic&utm_campaign=gbp-dallas&utm_id=local&utm_content=dallas,southwestdw.com,Dallas,TX,+1 214-341-2212,"10255 Miller Rd, Dallas, TX 75238, United States",4.2,68,Yes,"Exterior window installation and replacement (vinyl and aluminum windows) plus entry and patio doors, for builders and homeowners",Residential,False,"Window and door dealer/installer, Dallas",high,"southwestdw.com/replacement-windows-dallas-tx/ 'Replacement Windows in Dallas, TX - Window Contractor'; 'specializes in exterior window and door installation'",,Window
YES,web-searched,Statewide Energy Solutions Inc.,https://statewideenergysolutions.com/,statewideenergysolutions.com,,,+1 214-960-2798,,4.7,115,Yes,Energy-efficient replacement windows (locally manufactured) with installation; also custom doors and James Hardie siding. Note: they do not do window repair or glass-only replacement,Residential,False,"Replacement window manufacturer/installer and exterior remodeler, Dallas",high,"statewideenergysolutions.com/ 'Statewide Energy Solutions: Window Replacement in Dallas, TX'; /window-options/; 'specializes in energy-efficient replacement windows ... advanced installation techniques'",YES,Window
YES,web-searched,Sun & Sound Windows - DFW,https://sunandsoundwindows.com/,sunandsoundwindows.com,,,+1 214-771-9544,,4.6,9,Yes,"Custom-makes and installs laminated-glass soundproof window inserts (secondary glazing) into existing windows and doors — measuring, manufacturing and installation; not full window replacement",Both,False,"Soundproof window insert manufacturer/installer (Houston, Austin, DFW, Nashville)",low,"sunandsoundwindows.com/how-soundproof-windows-work/ and /window-inserts-for-drafty-windows/; 'custom make and install laminated glass soundproof inserts for windows and doors ... measuring, manufacturing, and installation'",,Window
YES,web-searched,SunSmart Windows of Dallas,http://dallas.sunsmarthome.com/,dallas.sunsmarthome.com,,,,,,,Yes,Custom energy-efficient window installation and replacement plus door installation; commercial and residential window replacement,Both,False,"Window and door sales and installation company, Fort Worth/Dallas",high,"dallas.sunsmarthome.com/ 'Premium Window Installation And Replacement Dallas, TX'; sunsmarthome.com/home 'Replacement Windows and Doors DFW, TX'; 'selling and installing custom windows and doors for homeowners and contractors'",,Window
YES,web-searched,SWP GLOBAL LLC,https://swpgloballlc.com/contact-us,swpgloballlc.com,,,+1 469-514-1415,,4.2,5,Yes,Security storefronts and curtain wall installation; commercial door and window replacement,Commercial,False,Commercial construction / storefront glazing contractor,high,"Texas business registration for SWP Global LLC - 'specializes in security storefronts, office renovations, and curtain wall installations'; swpgloballlc.com gallery; Google review: 'This company replaced all the doors and windows for my restaurant'",,Window
YES,web-searched,TBP Windows and Doors,https://www.tbpusa.com/?utm_source=GoogleBusinessProfile&utm_medium=organic,tbpusa.com,Dallas,TX,+1 214-214-3667,"10460 Shady Trail Ste 102, Dallas, TX 75220, United States",,,Yes,"Custom steel, wood-clad and aluminum windows and doors supplied with professional installation",Residential,False,Custom window and door distributor/installer,high,"tbpusa.com - 'distributor of custom steel, wood clad, and aluminum windows & doors to builders, remodelers, and homeowners'; company benefits listed include 'professional installation' and '5-year free service maintenance'; /service/aluminum and /service/custom-steel pages",,Window
YES,web-searched,Texas Window & Door,https://twdremodeling.com/,twdremodeling.com,,,+1 469-588-4890,,5.0,81,Yes,"Custom window installation and replacement (picture, awning, French, patio) plus doors",Residential,False,"Remodeler - windows, doors and shower remodels",high,twdremodeling.com/services/windows-doors/ 'Custom Windows and Doors in Texas... with expert installation and replacement services for homes in Texas',,Window
YES,web-searched,The Window Authority,https://thewindowauthority.com/,thewindowauthority.com,Fort Worth,TX,+1 817-349-3334,"3625 W Vickery Blvd, Fort Worth, TX 76107, United States",4.9,208,Yes,"Replacement window installation - vinyl, aluminum, fiberglass, wood (Pella, ProVia, Simonton, Burris, NT Window, Milgard)",Residential,False,Window and door replacement contractor,high,thewindowauthority.com/windows/window-replacement 'Window Replacement Dallas-Fort Worth TX'; 'one of the leading installers of doors and windows in Dallas-Fort Worth',,Window
YES,web-searched,The Window Connection,https://dallaswindows.com/,dallaswindows.com,,,+1 972-951-6120,,5.0,69,Yes,"Replacement window installation - vinyl, fiberglass, composite, aluminum and wood; plus sliding, French and entry doors",Residential,False,Window and door installation contractor,high,dallaswindows.com/replacement-windows.htm 'Window Connection Replacement Windows Dallas'; 'the most award winning window and door installation contractor in the Dallas Fort Worth Metroplex',,Window
YES,web-searched,The Window Experts,https://thewindowexperts.com/?utm_campaign=gmb-DFW,thewindowexperts.com,Fort Worth,TX,+1 817-286-7899,"7568 Sand St, Fort Worth, TX 76118, United States",5.0,120,Yes,"Replacement windows and doors from 12+ brands, including aluminum replacement windows",Residential,False,Window replacement company,high,thewindowexperts.com/locations/dallas-fort-worth/ 'Replacement Windows & Doors in DFW'; /product/aluminum-windows/ 'Aluminum Replacement Windows in HOU & DFW',,Window
YES,web-searched,The Window Source of DFW,https://www.windowsourcedfw.com/,windowsourcedfw.com,Carrollton,TX,+1 469-655-9148,"3216 Commander Dr Ste 101, Carrollton, TX 75006, United States",5.0,153,Yes,"Custom-fit, locally manufactured replacement windows plus exterior and sliding door replacement",Residential,False,Replacement window dealer/installer,high,"windowsourcedfw.com/service/ 'Professional Window Service in DFW'; 'specializes in custom fit, locally manufactured residential windows, exterior and sliding door replacement'",,Window
YES,web-searched,Thermal Windows,http://www.thermalwindowsdfw.com/,thermalwindowsdfw.com,Dallas,TX,+1 214-630-5885,"8808 Empress Row, Dallas, TX 75247, United States",4.6,122,Yes,"Manufactures and installs vinyl, thermally-broken aluminum and fiberglass replacement windows",Residential,False,Window manufacturer and installer (J&M Glass Co. dba Thermal Windows),high,"thermalwindowsdfw.com - 'manufacture and install double hung new & replacement windows in Dallas, Fort Worth Texas... manufacture in their Dallas factory using their own employees to install'",,Window
YES,web-searched,Transom Windows and Doors,https://transomwindowsanddoors.com/,transomwindowsanddoors.com,Dallas,TX,+1 214-205-0903,"11837 Judd Ct #112, Dallas, TX 75243, United States",5.0,3,Yes,"Window and door installation and replacement (Andersen, Pella); vinyl and composite replacement windows; also fiber cement siding",Residential,False,Window & door replacement contractor / exterior remodeler,high,"Site page titles: 'Transom Windows and Doors Installation and Replacement' (transomwindowsanddoors.com/), 'Composite Windows' (/windows/composite/), 'Vinyl Windows' (/windows/vinyl/), 'Custom Replacement Luxury Doors and Windows Dallas, Texas'",,Window
NO,web-searched,Trendy Home Quotes,https://hometrendyquote.com/,hometrendyquote.com,Dallas,TX,+1 225-384-1090,"2525 Inwood Rd ste 133, Dallas, TX 75235, United States",,,No,,,False,"Multi-vertical home-services quote / lead-generation site (HVAC, pest control, solar, kitchen remodel, home warranty, porta potty rentals)",medium,"Site pages are per-vertical lead pages: hometrendyquote.com/pestcontrol.html, /kitchen.html, /solar.html, /hvac.html, /homewarranty.html, /portapotty.html — no window install/replacement service page found; reads as a lead-gen aggregator, not a contractor",,Window
YES,web-searched,United Window Services LLC,https://unitedwindowservicesllc.net/,unitedwindowservicesllc.net,,,+1 469-509-5909,,5.0,6,Yes,"Window repair and replacement — glass and mechanism repairs, full window installation",Residential,False,Window repair / replacement service,medium,Google review text: 'Rigo from United Window Services came and fixed three windows with glass and mechanism repairs'; another: 'From the initial consultation through the final installation... the installation was clean'. No indexed company-site content surfaced in either search.,,Window
YES,web-searched,Vantage Windows LLC,https://thevantagewindows.com/,thevantagewindows.com,Farmers Branch,TX,+1 469-283-6744,"2100 Valley View Ln #301, Farmers Branch, TX 75234, United States",4.6,94,Yes,"Residential window replacement, installation and repair; custom vinyl windows; authorized Alside dealer; also doors",Residential,False,Energy-efficient replacement window company,high,Site title 'Vantage Windows — Premium Custom Window & Door Replacement' (thevantagewindows.com/); LinkedIn/BBB describe 'authorized dealer for Alside... expert window and door installation to homeowners across Texas',,Window
UNCLEAR,web-searched,weinstallwindows.com,https://weinstallwindows.com/,weinstallwindows.com,,,+1 214-239-9108,,,,Yes,,,False,unknown — no indexed content found,low,"Three differently-worded searches returned no indexed pages, directory listing, or review text for weinstallwindows.com or the phone 214-239-9108; only unrelated Dallas window companies. Domain name alone is not evidence.",,Window
YES,web-searched,Window & Door Hilt LLC,https://windowanddoorhilt.com/,windowanddoorhilt.com,Rockwall,TX,+1 361-563-9230,"1213 Marilyn Jayne Ln, Rockwall, TX 75087, United States",,,Yes,Energy-efficient replacement window systems (ThermaLast) and doors for Dallas/Rockwall homes,Residential,False,Window and door contractor,high,"Site page 'ThermaLast Energy Efficient Windows' at windowanddoorhilt.com/thermalast-windows-dallas-tx — 'energy-efficient, heat-resistant window systems in Dallas, TX for less heat, fewer drafts'; address 1213 Marilyn Jayne, Rockwall TX and phone (361) 563-9230 match",,Window
YES,web-searched,Window Depot Dallas /Plano,https://windowdepotdallas.com/,windowdepotdallas.com,Plano,TX,+1 214-399-9592,"2828 W Parker Rd Ste 203B, Plano, TX 75075, United States",4.9,38,Yes,"Replacement windows (double hung, slider, casement, fixed, bay/bow, garden) with certified installers; also siding and entry/patio doors",Residential,False,Replacement window dealer/installer,high,"'Plano Office - Window Depot USA of Dallas' (windowdepotdallas.com/about-us/plano-office, 2828 W Parker Rd #203b, Plano) and /windows — 'quality, performance, and affordability for their replacement windows, siding, and entry door projects'; 'sponsor certification of installers through InstallationMasters'",YES,Window
YES,web-searched,Window Depot USA of Dallas,https://windowdepotdallas.com/,windowdepotdallas.com,Irving,TX,+1 214-399-9592,"4425 W Airport Fwy Ste 119, Irving, TX 75062, United States",4.8,205,Yes,Replacement windows with in-house certified installation; siding and entry/patio doors,Residential,False,Replacement window dealer/installer,high,"windowdepotdallas.com/windows and /blog/where-to-get-free-estimates-on-replacement-windows-in-dallas-texas; About Us: 'committed to providing homeowners in Dallas, TX... replacement windows, siding, and entry door projects'",YES,Window
YES,web-searched,Window Nation,https://www.windownation.com/locations/texas/grand-prairie?utm_code=CMP-08802-Y8W8G&utm_source=google&utm_medium=organic&utm_content=GMB_showroom,windownation.com,Grand Prairie,TX,+1 972-332-5412,"2940 N Hwy 360 Ste 300, Grand Prairie, TX 75050, United States",4.7,1057,Yes,Replacement windows and doors with professional installation; national installer with Grand Prairie showroom,Residential,False,Replacement window company,high,"'Grand Prairie, Texas Home Window Replacement Experts' — windownation.com/locations/texas/grand-prairie/; location page '2940 N Hwy 360 #300, Grand Prairie, TX 75050... (972) 332-5412', 'top-rated products, expert installation'",,Window
YES,web-searched,Window Replacement,https://dallas-windows-doors.com/contact/,dallas-windows-doors.com,Dallas,TX,+1 972-640-7918,"2021 Cockrell Ave, Dallas, TX 75215, United States",5.0,503,Yes,"Window installation and window replacement, plus door installation and replacement",Residential,False,Window and door replacement company,high,"dallas-windows-doors.com/dallas/ titled 'The Best Window Replacement and Door Installation Dallas, TX'; Yelp listing 'Dallas Windows and Doors, 2021 Cockrell Ave' matches; 'specializes in window installation, window replacement, door installation, and door replacement for residential properties across Dallas'",,Window
YES,web-searched,Window Universe Dallas Ft Worth,https://windowuniversedfw.com/,windowuniversedfw.com,Irving,TX,+1 844-983-9773,"1431 Greenway Dr Ste 80042, Irving, TX 75038, United States",4.8,48205,Yes,"Replacement and custom-made windows plus doors, sold and installed for DFW homeowners; 10 window lines from 3 US manufacturers",Residential,False,Replacement window dealer/installer,high,"Site pages '#1 NO-HASSLE Replacement Windows Dallas Ft Worth' (windowuniversedfw.com/), '/replacement-windows/', '/window-and-door-installation/custom-made-windows/', '/residential-windows/'",,Window
NO,web-searched,Window Wizards,http://www.windowwizards.com/,windowwizards.com,Garland,TX,+1 214-559-8787,"2363 Merritt Dr #300, Garland, TX 75041, United States",4.7,47,Yes,,,False,"Window cleaning, gutter cleaning and pressure washing",high,"Facebook/BBB: 'Window Wizards, A Commercial & Residential Window Cleaning Company'; BBB category 'Window Cleaning'; services are 'window cleaning, gutter cleaning and pressure washing' using a pure-water cleaning process",,Window
YES,web-searched,Window World of Dallas-Fort Worth,https://www.windowworlddfw.com/,windowworlddfw.com,Grand Prairie,TX,+1 972-623-9998,"2520 N Great SW Pkwy Suite 100, Grand Prairie, TX 75050, United States",4.7,1850,Yes,"Vinyl replacement window installation, plus doors and siding",Residential,False,Replacement window company,high,"Indexed site pages 'Window Installation in Texas' (windowworlddfw.com/windows/installation/), 'Installation' (windowworlddfw.com/installation/), 'Window Replacement Company in Texas' (windowworlddfw.com/), 'Replacement Doors in Dallas, Texas' (/doors/); described as 'leading provider of vinyl replacement windows, siding, and doors'",YES,Window
YES,web-searched,Window World of Dallas-Fort Worth,https://www.windowworlddfw.com/,windowworlddfw.com,Richardson,TX,+1 972-623-9993,"600 N Coit Rd Ste 2052, Richardson, TX 75080, United States",4.7,789,Yes,"Vinyl replacement window installation, plus doors and siding (Richardson location of the same DFW franchise)",Residential,False,Replacement window company,high,"Same domain as ID 133: 'Window Installation in Texas' windowworlddfw.com/windows/installation/ and 'Window Replacement Company in Texas'; Google review: 'through the sales process, ordering my custom windows, and the installation'",YES,Window
YES,web-searched,Window Zone,https://windowzonedfw.com/,windowzonedfw.com,Farmers Branch,TX,+1 469-557-6333,"2309 Springlake Rd #630, Farmers Branch, TX 75234, United States",4.9,40,Yes,"Custom-manufactured replacement windows (double-hung, casement etc.) installed by certified crews",Residential,False,Replacement window company,high,"windowzonedfw.com/window-replacement/ 'Window Replacement in Dallas-Fort Worth' and /window-installation/; 'every window made to order, sized precisely for your home, and installed by certified professionals'",,Window
YES,web-searched,WindowCraft Inc,https://www.windowcraft.biz/,windowcraft.biz,Dallas,TX,+1 214-358-7110,"4412 W Lovers Ln, Dallas, TX 75209, United States",4.5,10,Yes,"Custom wood, metal and vinyl windows and doors for new construction or replacement (Loewen dealer)",Residential,False,Windows and doors dealer/installer with Dallas showroom,high,"loewen.com dealer page 'WindowCraft, Inc. - Dallas Showroom, 4412 W. Lovers Lane'; BBB category 'Window Installation'; 'wide variety of windows and doors for new homes or replacements'",,Window
YES,web-searched,"WindowCraft, Inc.",https://windowcraftinc.com/,windowcraftinc.com,Gainesville,TX,+1 940-726-5008,"6441 I-35 Frontage Rd, Gainesville, TX 76240, United States",3.5,8,No,Sale and installation of windows and doors for new construction and remodeling - Gainesville showroom of the same company as ID 136,Residential,False,Windows and doors dealer/installer,high,"BBB Gainesville profile, category 'Window Installation' - 'offers the sale of windows and doors to residential builders and homeowners in both the new construction and remodeling markets'; 'two showrooms, located in Dallas and Gainesville'",,Window
YES,web-searched,Windowmere Windows and Doors,https://windormere-windows-doors.com/,windormere-windows-doors.com,Rockwall,TX,+1 214-695-1335,"202 N West St A, Rockwall, TX 75087, United States",5.0,57,Yes,New window installation and premium vinyl window replacement; exterior door installation/replacement,Residential,False,Window and door replacement company,high,"wmetx.com 'Window Replacement Rockwall TX' and /blog-1/f/window-installation-in-rockwall-tx-replacing-old-aluminum; Angi/HomeAdvisor services: '3-5 New Window Installation, 6+ Room New Window Service, Doors (Exterior) Installation and Replacement'",,Window
NO,web-searched,Windows by Will,https://www.windowsbywill.com/,windowsbywill.com,,,+1 214-926-7474,,5.0,,Yes,,,False,Residential window cleaning,high,"Yelp category 'Window Washing' for windowsbywill.com - 'a residential window cleaning company established in 2013... they hand wash every window, dry and buff them clean'; Google review describes a window cleaning service",,Window
NO,web-searched,Windows Heaven,http://windowsheaven.net/,windowsheaven.net,,,+1 972-332-1133,,5.0,292,Yes,,,False,"Window cleaning, gutter cleaning and pressure washing",high,"windowsheaven.net/service/window-cleaning/ and /about-us/ - 'a premier cleaning service provider based in Dallas, specializing in window cleaning, gutter cleaning, and pressure washing'",,Window
YES,web-searched,Windows of Texas,http://www.windowsoftexas.com/,windowsoftexas.com,,,+1 214-493-0072,,1.0,,Yes,New and replacement windows and doors for DFW homes; window installation and repair via partner suppliers/installers,Residential,False,Replacement window & door contractor,high,Site pages 'Residential Windows' (windowsoftexas.com/services/residential-windows/) and 'Window and Door Replacement FAQs'; 'offers new & replacement windows and doors for homes in the Dallas-Fort Worth area',,Window
YES,web-searched,WinPro Doors and Windows LLC,https://winprodoorsandwindows.com/?utm_source=google&utm_medium=organic&utm_campaign=gbp-profile,winprodoorsandwindows.com,,,+1 945-294-6776,,5.0,20,Yes,"Full-service window replacement and installation (Pella and other brands), plus doors",Residential,False,Window & door installation contractor,high,Page title 'Window Replacement - WinPro Doors & Windows' (winprodoorsandwindows.com/window-replacement/); 'Fort Worth's full-service window installation specialist',,Window
YES,web-searched,Woodruff Windows,https://woodruffwindows.com/location/garland-texas/,woodruffwindows.com,Dallas,TX,+1 214-390-9426,"9330 Lyndon B Johnson Fwy #900, Dallas, TX 75243, United States",5.0,4,Yes,"Custom-built replacement windows and doors, in-house install crews; Garland/DFW",Residential,False,Replacement window & door company,high,"Page title 'Window & Door Replacement McKinney TX' (woodruffwindows.com/) and 'Garland, Texas - New Woodruff Window'; 'window & door installation in Garland, TX... replaced over 10,000 windows'",,Window
YES,web-searched,"Wow Windows & Glass, LLC",http://www.wowwindowsglass.com/,wowwindowsglass.com,Carrollton,TX,+1 469-892-6662,"1201 Walnut Ave #6, Carrollton, TX 75006, United States",5.0,488,,"Vinyl replacement windows, broken/foggy glass repair, glass replacement, screens, shower enclosures",Residential,False,Window & glass company (window installation and repair),high,"Site title 'Wow Windows and Glass - Window Installation and Repair - DFW Metroplex' (wowwindowsglass.com); 'specialties include vinyl replacement windows, broken or foggy glass repair'",,Window
YES,web-searched,Wyndoorco,https://wyndoorco.com/,wyndoorco.com,Dallas,TX,+1 972-922-3578,"3626 N Hall St Ste 610, Dallas, TX 75219, United States",5.0,18,Yes,"New and retrofit window installation (remove/replace), doors, moving glass walls",Both,False,Window & door installation contractor,high,Page titles 'WYNDOORCO New and Replacement Windows and Doors' and 'WYNDOORCO New & Retrofit Windows & Doors'; 'window and door retrofit installation (remove/replace) for residential and commercial',,Window
YES,web-searched,Zelaya Windows & Glass,https://www.zelayawindows.com/?utm_source=google&utm_medium=wix_google_business_profile&utm_campaign=16006523137603938515,zelayawindows.com,Carrollton,TX,+1 469-544-1045,"1510 Randolph St Ste 203, Carrollton, TX 75006, United States",,,Yes,"Vinyl window replacement and installation, glass replacement, patio doors, storm windows; residential and business",Both,False,Window & glass replacement company,medium,"Angi listing for Zelaya Windows & Glass, Carrollton TX: 'quality Vinyl Windows, Glass, Patio Door replacements and installation... New Windows Service, Storm Windows - Install or Replace, Business Window Service'",,Window
YES,web-searched,Zen Windows Dallas,https://zenwindows.com/dallas/?utm_source=google&utm_medium=organic&utm_campaign=maps_dallas,zenwindows.com,,,+1 214-447-3199,,5.0,4,Yes,"Whole-window replacement and installation (vinyl, bay, etc.) plus doors; no repairs",Residential,False,Replacement window company (quote-online model),high,Page titles 'Dallas Window Installation' (zenwindows.com/dallas/windows/window-installation/) and 'Residential Window Replacement in Dallas',,Window
NO,web-searched,A&M Glass Service,http://www.amglassservice.com/,amglassservice.com,Dallas,TX,+1 214-327-9988,"12243 Shiloh Rd, Dallas, TX 75228, United States",4.9,93,Yes,,,True,Mobile auto glass / windshield repair and replacement,high,"Site title 'Auto Glass Repair & Replacement Dallas, Garland, Frisco, TX' and pages /auto-glass-replacement/, /auto-glass-repair/; 'serving the Dallas area for 18 years in auto glass repair and auto glass replacement'. Second search for residential/commercial glass returned only same-named companies in CA/CO/VA, not this Dallas business.",,Auto-Glass-Tint-Audio
YES,web-searched,AAA Fast Glass Incorporated,http://aaafastglass.com/,aaafastglass.com,Dallas,TX,+1 972-241-0012,"2270 Manana Dr, Dallas, TX 75220, United States",3.0,2,No,"Residential window/glass replacement and commercial storefront, curtain wall and door glass replacement",Both,False,Commercial & residential glass company / glaziers,high,"Page titles 'Dallas - Fort Worth Storefront, Glass Window Replacement' (/storefront-and-curtain-wall.html) and 'Dallas - Fort Worth Residential Glass, Dallas Window Replacement' (/residential-glass.html)",,Auto-Glass-Tint-Audio
NO,web-searched,Abaco Auto Glass,http://www.abacoautoglass.com/,abacoautoglass.com,Dallas,TX,+1 214-457-6837,"11147 Harry Hines Blvd, Dallas, TX 75229, United States",4.7,102,Yes,,,True,Auto glass / windshield replacement and repair,high,"Yelp/listings: 'specializes in high-end windshield replacements and auto glass repair... rear windshield replacement, rock chip repair, mobile auto glass'; no building-glass services found",,Auto-Glass-Tint-Audio
NO,web-searched,AK Calibration & Auto Glass,https://akcalibrationautoglass.com/,akcalibrationautoglass.com,Dallas,TX,+1 972-779-0011,"1835 Empire Central Dr Ste I, Dallas, TX 75235, United States",4.8,18,Yes,,,True,Auto glass replacement and ADAS windshield calibration,high,"Site pages 'Windshield Repair and Replacement Dallas, TX' and 'ADAS Windshield Calibration Company'; 'chip repair, auto glass replacement, and windshield replacement on most personal and commercial vehicles'",,Auto-Glass-Tint-Audio
NO,web-searched,All Around Auto Glass,http://www.allaroundautoglass.net/,allaroundautoglass.net,Balch Springs,TX,+1 469-744-4074,"Long Hill Ln, Balch Springs, TX 75180, United States",4.9,119,Yes,,,True,Auto glass repair and replacement (mobile),medium,Listings: 'All Around Auto Glass offers auto glass replacement and auto glass repair services'; the window repair/replacement items listed are vehicle glass. No building-window work found in results.,,Auto-Glass-Tint-Audio
NO,web-searched,All Clear Auto Glass DFW,http://autoglassdfwcity.com/,autoglassdfwcity.com,Grand Prairie,TX,+1 214-218-5430,"4206 S Carrier Pkwy, Grand Prairie, TX 75052, United States",4.6,116,Yes,,,True,"Auto glass / windshield replacement and repair, auto tint",high,Listings: 'windshield and all auto glass replacements for all models... Sunroof/Door Glass/Quarter panel/Back Glass/Tint/Headlights',,Auto-Glass-Tint-Audio
NO,web-searched,All Glass Installation,http://dallasfortworthglass.com/,dallasfortworthglass.com,Dallas,TX,+1 972-234-5678,"11180 Denton Dr, Dallas, TX 75229, United States",4.9,145,Yes,,,True,Auto glass / windshield replacement,medium,"dallasfortworthglass.com service list is entirely automotive: 'windshield replacement, rear windshield replacement, driver & passenger window replacement, quarter glass replacement, sunroof replacement, rock chip repair, power window repair, and ADAS camera calibration'. Two searches surfaced no building-glass work despite the generic company name",,Auto-Glass-Tint-Audio
NO,web-searched,ALSET Auto,https://www.alsetauto.com/dallas/?utm_source=google+&utm_medium=organic+traffic&utm_campaign=Dallas+Alset+Auto,alsetauto.com,Dallas,TX,+1 214-624-7609,"2636 Walnut Hill Ln Ste 110B, Dallas, TX 75229, United States",4.9,117,Yes,,,True,"Tesla paint protection film, ceramic coating and automotive window tint",high,"alsetauto.com/dallas titled 'Tesla Paint Protection, Ceramic Coating & Window Tint in Dallas, TX'; 'works exclusively on Tesla vehicles'",,Auto-Glass-Tint-Audio
NO,web-searched,Auto Glass Garland,https://autoglassgarland.com/,autoglassgarland.com,Dallas,TX,+1 214-884-9999,"9837 Walnut St, Dallas, TX 75243, United States",4.7,67,Yes,,,True,Auto glass / windshield repair and replacement,high,"autoglassgarland.com/AutoGlass 'Auto Glass Services in Garland, TX' - windshield repair/replacement, side window, rear window, sunroof and mirror repair for vehicles; mobile service to home/office/roadside",,Auto-Glass-Tint-Audio
NO,web-searched,Auto Glass Now,https://www.autoglassnow.com/our-locations/mesquite-57365/?utm_medium=organic&utm_source=google&utm_campaign=gmb&utm_term=website,autoglassnow.com,Mesquite,TX,+1 469-828-2051,"3548 Gus Thomasson Rd, Mesquite, TX 75150, United States",4.8,314,Yes,,,True,National auto glass chain - windshield repair and replacement,high,"autoglassnow.com/auto-glass-services/ - 'specializes in Windshield Repair, Windshield Replacement, Rear Windshield Replacement and Side Window Replacement' plus ADAS calibration",,Auto-Glass-Tint-Audio
NO,web-searched,Auto Glass Shop,https://autoglass-shop.com/,autoglass-shop.com,Dallas,TX,+1 214-245-6293,"4215 Parry Ave, Dallas, TX 75223, United States",4.4,125,Yes,,,True,Auto glass repair shop,medium,"Yelp 'M1 Auto Glass Shop, 4215 Parry Ave, Dallas' (matching address) - 'specializes in auto glass windshield repair for any glass from cars, trucks, and 18 wheelers'; services are auto mirror/window/windshield repair and replacement. Own domain content not indexed in results",,Auto-Glass-Tint-Audio
NO,web-searched,AutoGlass Rehab,https://www.myautoglassrehab.com/?utm_campaign=gmb,myautoglassrehab.com,Dallas,TX,+1 214-393-5972,"701 Commerce St, Dallas, TX 75202, United States",4.7,250,Yes,,,True,Mobile auto glass repair and replacement,high,"myautoglassrehab.com/services - 'windshield repair, replacement, ADAS calibration, and side & rear glass services... commercial fleet glass, semi truck windshield, box truck & van glass'",,Auto-Glass-Tint-Audio
YES,web-searched,Binswanger Glass,https://www.binswangerglass.com/branch/dallas-tx-4222-harry-hines-blvd/,binswangerglass.com,Dallas,TX,+1 214-520-6583,"4222 Harry Hines Blvd, Dallas, TX 75219, United States",3.9,87,Yes,"Residential window glass repair and replacement incl. foggy insulated-glass (IG) units; commercial storefronts, curtain wall, entrance systems and glass partitions",Both,False,Full-service residential and commercial glass company,high,"binswangerglass.com/residential-glass/windows-glass-repair-replacement/ 'Window Glass Repair & Replacement'; Dallas branch page (4222 Harry Hines Blvd) - 'specialize in home glass repair, broken window repair, and commercial glass repair, including glass storefront doors'; listed as a Dallas ISD vendor for 'window glazing, repair and installation services'",,Auto-Glass-Tint-Audio
NO,web-searched,Bonnie & Clyde Car Stereo & Window Tinting,http://bncstereo.com/,bncstereo.com,Dallas,TX,+1 972-241-1187,"11311 Harry Hines Blvd #104, Dallas, TX 75229, United States",4.8,1731,Yes,,,True,"Car audio/stereo, auto security and automotive window tint",high,"bncstereo.com/about-us/ - 'family owned and operated car electronics store... selling and installing mobile electronics in the DFW region'; services listed = Car Stereo Installation, Auto Security, Car Window Tinting, CB radios, alarms, backup cameras. No building glass.",,Auto-Glass-Tint-Audio
NO,NOT SEARCHED,Budget Auto Glass,https://windshielddfw.com/,windshielddfw.com,Richardson,TX,+1 972-994-9657,"809 S Sherman St, Richardson, TX 75081, United States",4.5,55,No,,,True,Auto glass and windshield company,high,"windshielddfw.com / budgetautoglasstx.com - 'a full-service auto glass and windshield company in Richardson, TX'; services are auto glass, mirror/regulator replacement, windshield repair and replacement",,Auto-Glass-Tint-Audio
NO,web-searched,Caliber Auto Glass,https://www.caliber.com/find-a-location/dallas-self-plaza-dr-glass-75218?utm_source=google&utm_medium=gbp-profile&utm_campaign=webform-GBPwebsite&utm_content=&utm_term=&utm_id=0967,caliber.com,Dallas,TX,+1 888-461-0010,"12101 Self Plaza Dr, Dallas, TX 75218, United States",4.7,47368,Yes,,,True,"National auto glass / collision chain (windshield repair & replacement, ADAS calibration)",high,"caliber.com/find-a-location/...-glass pages: 'windshield repair, windshield replacement, side window replacement, fleet services, mobile auto glass repair, ADAS calibration, hail damage repair'. Vehicle-only.",,Auto-Glass-Tint-Audio
NO,web-searched,Coleman Windshield,http://colemanwindshield.com/,colemanwindshield.com,Dallas,TX,+1 972-646-6412,"4428 Main St, Dallas, TX 75226, United States",4.8,4818,No,,,True,Mobile auto glass / windshield replacement,high,"colemanwindshield.com titled 'COLEMAN WINDSHIELD - Auto Glass Shop'; services = 'car door glass replacement, back windshield replacement, vent glass, hatchback glass, truck glass'. Mobile service comes to home/office but the work is on vehicles.",,Auto-Glass-Tint-Audio
NO,web-searched,Dallas Auto Glass,https://dallasautoglass.net/,dallasautoglass.net,Dallas,TX,+1 214-810-9990,"12700 Hillcrest Rd, Dallas, TX 75230, United States",5.0,11,Yes,,,True,Auto glass repair and windshield replacement,medium,"dallasautoglass.net home page title 'Dallas Auto Glass Repair Service Near 214 810 9990 Windshield ...' and /AutoGlassRepair page; Yelp listing for 12700 Hillcrest Rd lists only 'auto mirror repair, auto window repair, auto mirror replacement, auto window replacement'. A second, residential-targeted search surfaced no building-glass pages on the domain.",,Auto-Glass-Tint-Audio
NO,web-searched,Dallas Car Audio,http://dallascaraudio.us/,dallascaraudio.us,Dallas,TX,+1 214-275-8000,"3806 S Buckner Blvd, Dallas, TX 75227, United States",4.4,596,Yes,,,True,"Car audio installation, vehicle security, automotive window tint",high,"dallascaraudio.us and dallascaraudio.us/services/window-tinting/ - 'cutting-edge car audio installations, advanced vehicle security systems, and premium window tinting services'. Automotive tint only.",,Auto-Glass-Tint-Audio
NO,web-searched,Dallas Car Stereo & Tint,http://www.dfwcarstereo.com/,dfwcarstereo.com,Dallas,TX,+1 214-398-2820,"9110 Bruton Rd, Dallas, TX 75217, United States",4.4,235,Yes,,,True,"Car stereo/audio, video, remote start, vehicle wraps, automotive window tint",high,"'custom car audio, window tint, mobile video, remote start security, vehicle wraps, and Viper alarms... to motor vehicles and marine applications' (Yelp/company listing for 9110 Bruton Rd). Tint film only, no glass installation in buildings.",,Auto-Glass-Tint-Audio
YES,web-searched,Dallas Glass and Auto,http://dallasglassandauto.com/,dallasglassandauto.com,,,+1 972-900-7194,,5.0,95,Yes,Residential glass repair and replacement - broken/cracked home windows - alongside its auto glass work,Residential,True,Auto glass / windshield replacement with a residential glass repair line,medium,"dallasglassandauto.com: 'skilled technicians providing timely, professional service for both auto and residential glass repair needs'; 'high-quality, durable glass for vehicles and homes'; 'They handle cracked windshields, broken windows, and full glass replacements.'",,Auto-Glass-Tint-Audio
NO,web-searched,DFW Camper Corral DBA DFW Truck and Auto Accessories,http://www.truckaccessorystore.com/,truckaccessorystore.com,Mesquite,TX,+1 214-327-6848,"4789 I-30, Mesquite, TX 75149, United States",4.7,235,Yes,,,True,"Truck camper shells, tonneau covers and pickup/SUV accessories retailer",high,"truckaccessorystore.com/our-company - 'Since 1978... camper shells, tonneau covers, pickup / SUV accessories, and truck equipment'. No glass or building window work.",,Auto-Glass-Tint-Audio
YES,web-searched,DFW Glass Mart,http://dfwglassmart.com/,dfwglassmart.com,,,+1 972-900-3117,,5.0,110,Yes,Residential and commercial glass replacement (plus auto glass); dedicated residential page,Both,True,"Glass company serving auto, home and business",high,"dfwglassmart.com - 'professionally services all your auto, home and business glass needs... offers glass replacement for auto, residential, or commercial needs'; dfwglassmart.com/residential page exists",,Auto-Glass-Tint-Audio
UNCLEAR,web-searched,Diamond Auto Glass,https://diamondautoglassdfw.com/,diamondautoglassdfw.com,Irving,TX,+1 972-579-7400,"1905 E Shady Grove Rd, Irving, TX 75060, United States",4.3,143,Yes,,,True,Auto glass / windshield replacement,low,"Conflicting evidence. Own site (diamondautoglassdfw.com) is auto-only: 'premium windshield replacement, rock chip repair, ADAS calibration, and mobile auto glass service'. But Yahoo/YellowPages listings for the same address and phone add 'glass installation, skylight installation, window installation, window repair, general door installation', and ZoomInfo names the entity 'Diamond Auto & Window Glass'. Two searches did not resolve whether building-window work is actually offered",,Auto-Glass-Tint-Audio
NO,web-searched,Downtown Dallas Auto Glass,https://downtowndallasautoglass.com/,downtowndallasautoglass.com,Dallas,TX,+1 469-888-9193,"2001 Ross Ave, Dallas, TX 75201, United States",5.0,3,Yes,,,True,Auto glass / windshield repair and replacement,high,downtowndallasautoglass.com homepage 'Auto Glass & Windshield Replacement in Downtown Dallas'; /CarWindowReplacement and /AutoBackGlassReplacement pages - vehicle glass only,,Auto-Glass-Tint-Audio
NO,web-searched,Empire Sound & Security Car audio / Window tinting,http://www.empiresoundandsecurity.com/,empiresoundandsecurity.com,Dallas,TX,+1 972-406-8880,"3068 Forest Ln #219, Dallas, TX 75234, United States",4.7,293,Yes,,,True,"Car audio, vehicle alarms/security and automotive window tint",high,"empiresoundandsecurity.com/services/tint - 'serves all your tint, audio, and security needs for vehicles'; 'automotive window tint professionals... window tint and paint protection products'",,Auto-Glass-Tint-Audio
NO,web-searched,Faith Auto Glass,https://www.faithautoglassdallas.com/,faithautoglassdallas.com,Dallas,TX,+1 214-421-1575,"5301 S Second Ave, Dallas, TX 75210, United States",4.8,670,Yes,,,True,Auto glass / windshield replacement,high,"faithautoglassdallas.com/services/ plus /back-glass/, /door-glass/, /quarter-glass-replacement-service/ - 'windshield replacement, vent glass service, power window repair, back glass, door glass, and quarter glass replacement' for vehicles",,Auto-Glass-Tint-Audio
NO,web-searched,Fiesta Autoglass,http://fiestaautoglassdfw.com/,fiestaautoglassdfw.com,,,+1 214-986-1374,,5.0,133,Yes,,,True,Auto glass / windshield installation and repair,medium,"Yelp listing for Fiesta Autoglass, Dallas (214-986-1374) - 'auto glass services, windshield installation & repair'; Google review describes a truck window break-in repair. Own domain content was not indexed in search results",,Auto-Glass-Tint-Audio
NO,web-searched,Flash Autoglass LLC.,https://flash-autoglass.com/?utm_campaign=gbp,flash-autoglass.com,Dallas,TX,+1 469-923-1614,"2309 W Clarendon Dr, Dallas, TX 75208, United States",4.8,413,Yes,,,True,Mobile auto glass repair and replacement,high,"flash-autoglass.com/dallas-tx/ - 'windshields, windows, back glass, vent glass, quarter glass repair and replacement' for vehicles. (Note: Yelp flags the 2309 W Clarendon location as CLOSED, but the company site and a 424-review Birdeye profile are active, so I did not mark it CLOSED.)",,Auto-Glass-Tint-Audio
NO,web-searched,Glass America - Mobile Auto Glass & Windshield Replacement,https://glassusa.com/locations/tx/?utm_source=google_gbp&utm_medium=organic&utm_campaign=local&utm_content=dallas_tx,glassusa.com,Dallas,TX,+1 817-548-1993,"650 S Griffin St, Dallas, TX 75202, United States",4.7,119,Yes,,,True,National auto glass replacement and repair chain,high,glassusa.com/locations/tx/dallas/auto-glass-repair-and-replacement/ - 'one of the largest independently-owned automobile glass replacement and repair companies in North America'; services are windshield repair/replacement and ADAS calibration,,Auto-Glass-Tint-Audio
UNCLEAR,web-searched,Glass Genie,https://www.glassgenie.co/dallas-tx/,glassgenie.co,Dallas,TX,+1 469-200-4801,"6101 E Mockingbird Ln, Dallas, TX 75214, United States",4.3,114,Yes,,,True,Mobile auto glass / windshield replacement,low,"Conflicting evidence. glassgenie.co homepage is titled 'Glass Genie - Mobile Auto Glass Services Across DFW Metroplex' and all service pages are vehicle glass, but the About text reads 'technicians specialize in repairing all types of vehicle glass, including auto, residential and commercial glass'. Two searches surfaced no residential or commercial glass service page, so the claim is unverified either way",,Auto-Glass-Tint-Audio
YES,web-searched,Glass Replacement Pros,http://glassreplacementpros.com/,glassreplacementpros.com,,,+1 972-900-7559,,5.0,10,Yes,"Home window replacement and custom glass installation, alongside auto glass and windshield work",Residential,True,Auto and residential glass replacement,medium,"glassreplacementpros.com - '20 years of experience in auto glass repair, windshield replacement, and residential glass services'; 'They offer car window repair, home window replacement, and custom glass installation'. Medium confidence: the site is auto-led and the residential claim is stated in copy rather than on a dedicated service page",,Auto-Glass-Tint-Audio
NO,web-searched,GlassLogic Windshield Repair,https://www.glasslogicwindshieldrepair.com/,glasslogicwindshieldrepair.com,,,+1 972-983-8571,,4.8,327,Yes,,,True,Auto glass / windshield repair and replacement,high,"glasslogicwindshieldrepair.com/services titled 'Auto Glass Services Dallas Texas' - 'windshield repair, rock chip repair, cracked windshields, side door windows, back auto glass'; certified by the National Windshield Repair Association",,Auto-Glass-Tint-Audio
UNCLEAR,web-searched,GM PRO AUTOGLASS,https://www.instagram.com/gmaut_oglass?igsh=MW92d2VkbzZtd2FwZQ==,instagram.com,,,+1 214-989-5806,,5.0,2,Yes,,,False,"unknown — likely auto glass, Instagram-only presence",low,"Three searches returned no indexed page for this business or its Instagram handle; results were all unrelated Dallas auto glass shops (My Pro Auto Glass, Xtreme Auto Glass Pros). No usable evidence either way.",,Auto-Glass-Tint-Audio
NO,web-searched,Guaranteed Tire & Auto Repair,https://www.guaranteedtireauto.com/,guaranteedtireauto.com,Dallas,TX,+1 214-452-2773,"1835 Empire Central Dr # B, Dallas, TX 75235, United States",5.0,18,Yes,,,False,auto repair shop and tire store,high,"guaranteedtireauto.com — services listed are oil change, brake repair, suspension, wheel alignment, engine/transmission, A/C & heating, tire sales, fleet service. No glass or window work of any kind.",,Auto-Glass-Tint-Audio
NO,web-searched,Integrity 1st Car Pros,https://www.integrity1auto.com/,integrity1auto.com,Dallas,TX,+1 469-949-4979,"6359 Belmont Ave, Dallas, TX 75214, United States",4.9,687,Yes,,,False,full-service automotive repair shop,high,"integrity1auto.com/auto-repair-dallas/ — service list is oil changes, brakes, alignments, engines & transmissions, auto glass, hail damage, auto AC. The only 'glass' is vehicle auto glass; no building windows.",,Auto-Glass-Tint-Audio
NO,web-searched,Inzhagy Auto glass,https://www.inzhagyautoglass.com/,inzhagyautoglass.com,Dallas,TX,+1 945-264-0080,"2509 Quincy St, Dallas, TX 75212, United States",4.8,64,Yes,,,False,mobile auto glass / windshield replacement,high,"inzhagyautoglass.com — 'one-stop shop for auto glass'; services are mobile auto glass repair, RV window repair, auto glass replacement, truck glass repair, windshield repair, door glass, back glass, regulator replacement. Two searches found no residential or commercial building glass.",,Auto-Glass-Tint-Audio
NO,web-searched,Jacobs Low Price Auto Glass,https://lowpriceautoglass49.com/,lowpriceautoglass49.com,Dallas,TX,+1 214-372-9300,"8835 S Central Expy, Dallas, TX 75241, United States",4.8,748,Yes,,,False,auto glass / windshield replacement shop,high,"lowpriceautoglass49.com/specialized-glass-repair-dallas-texas/ — despite the 'specialized glass' page title, the content is 'replace the window glass of your back windshield, door glass, vent glass'; site scope is 'windshields and door glass, to power windows and side mirrors'. All vehicle glass.",,Auto-Glass-Tint-Audio
NO,web-searched,Lava Auto Glass,https://www.lavaautoglass.com/?utm_source=google&utm_medium=wix_google_business_profile&utm_campaign=16940981642018246518,lavaautoglass.com,,,+1 214-436-1325,,4.9,120,Yes,,,False,mobile auto glass / windshield replacement,high,"lavaautoglass.com/home — 'windshield replacement or repair, door glass replacement, sunroof replacement, vent glass and quarter glass replacement'. No residential or commercial building glass anywhere on the site.",,Auto-Glass-Tint-Audio
NO,web-searched,Leo car audios Tint,http://www.leocaraudiotint.com/,leocaraudiotint.com,Dallas,TX,+1 972-850-9088,"805 Buckner Blvd, Dallas, TX 75217, United States",4.3,137,Yes,,,False,"car audio, alarms, car window tint and LED lighting",high,"leocaraudiotint.com/services — 'audio systems, window tinting, LED lighting, and alarm installations'; tint is machine-cut nano ceramic for vehicles. No glass installation of any kind.",,Auto-Glass-Tint-Audio
YES,web-searched,Mid Cities Auto Glass,https://midcitiesautoglass.com/auto-glass-repair-service/,midcitiesautoglass.com,Dallas,TX,+1 214-810-8888,"5635 Beeman Ave, Dallas, TX 75223, United States",4.8,18,Yes,"Glass repair and replacement for residential and commercial windows and doors, from minor chips to significant cracks, alongside their auto glass work",Both,True,auto glass repair and windshield replacement (est. 2001),medium,"midcitiesautoglass.com — 'they specialize in glass repairs for residential and commercial windows and doors, handling minor chips to significant cracks', in addition to windshield/side/back window and sunroof glass replacement.",YES,Auto-Glass-Tint-Audio
YES,web-searched,Mid Cities Auto Glass,https://midcitiesautoglass.com/auto-glass/,midcitiesautoglass.com,Dallas,TX,+1 210-401-1110,"4755 Algiers St, Dallas, TX 75207, United States",4.8,5,Yes,"Glass repair and replacement for residential and commercial windows and doors, alongside their auto glass work (same company/domain as ID 188, different Dallas location)",Both,True,auto glass repair and windshield replacement (est. 2001),medium,"midcitiesautoglass.com — 'they specialize in glass repairs for residential and commercial windows and doors, handling minor chips to significant cracks'; site also lists midcitiesautoglass.com/dallas-auto-glass/ and multiple DFW locations.",YES,Auto-Glass-Tint-Audio
YES,web-searched,Mister Glass,https://www.misterglassinc.com/?utm_source=gmb&utm_medium=organic&utm_campaign=DALLAS,misterglassinc.com,Dallas,TX,+1 972-669-0951,"13342 Floyd Cir, Dallas, TX 75243, United States",4.9,3613,Yes,"Residential home window glass repair and replacement, plus commercial storefront glass, office partitions and doors; Google review describes replacing glass in two large fogged-up windows (IGU replacement)",Both,True,"full-service glass company (auto, residential and commercial) in Dallas since 1960",high,"misterglassinc.com/residential-glass/glass-repair-replacement-2/ and misterglassinc.com/commercial-glass.html — 'auto, residential & commercial glass services including windshields, shower doors, storefronts'; 'commercial glass repair and replacement for storefronts, office partitions, doors'. Google review: 'We had 2 large format windows that had fogged up & needed a glass replacement'.",,Auto-Glass-Tint-Audio
NO,web-searched,MOE'S TIRES & AUTO REPAIR,http://moeautorepair.com/,moeautorepair.com,Dallas,TX,+1 682-557-1846,"7458 S Lancaster Rd, Dallas, TX 75241, United States",4.8,498,Yes,,,False,tire shop and general auto repair,high,"moeautorepair.com — 'full-service repair on all cars and trucks... specializing in new and used tires, oil changes, brakes, inspections, and AC service'. No glass or window services listed.",,Auto-Glass-Tint-Audio
NO,web-searched,My Auto Glass Shop,http://myautoglassshop.com/,myautoglassshop.com,Dallas,TX,+1 214-390-4263,"4445 Rock Quarry Rd #400 #400, Dallas, TX 75211, United States",5.0,501,No,,,False,mobile auto glass / windshield replacement,medium,"myautoglassshop.com ('My Auto Glass Shop - Free Mobile Service') — services listed are windshield replacement, car door glass replacement, back glass replacement and side window repair. No residential or commercial building glass appeared in results.",,Auto-Glass-Tint-Audio
YES,web-searched,My Safe Auto Glass Repair & Replacement Dallas,http://autoglassrepairtx.com/,autoglassrepairtx.com,,,+1 972-366-5054,,4.9,250,Yes,"Commercial glass: storefront glass, doors, interior office glass, security glass and emergency board-up for DFW businesses",Commercial,True,mobile auto glass / windshield replacement and ADAS calibration in DFW,medium,"autoglassrepairtx.com — 'Commercial Glass – Storefront glass, doors, interior office glass, security glass and emergency board-up for businesses across DFW', alongside windshield replacement and chip repair. Confirmed on a second, domain-scoped search.",,Auto-Glass-Tint-Audio
NO,web-searched,New Image Autosports & Window Tint,https://newimageautosports.com/service-areas/dallas-garland-rd-tx/,newimageautosports.com,Dallas,TX,+1 214-272-8300,"10236 Garland Rd, Dallas, TX 75218, United States",5.0,136,Yes,,,False,"vehicle audio/video, security, window tint, paint protection film and accessories",high,"newimageautosports.com/services-9-1 — 'Car/Truck/Marine/ATV/Motorcycle Audio, Video, Security, Tint, Paint Protection Film, LED Lighting, Vinyl Wraps, Electronics, Truck/Off Road Accessories'. Tint/film only, on vehicles; no glass installation.",,Auto-Glass-Tint-Audio
NO,web-searched,"PGW Auto Glass, LLC - DALLAS -",http://www.pgwautoglass.com/,pgwautoglass.com,Dallas,TX,+1 214-744-1495,"9009 Directors Row, Dallas, TX 75247, United States",4.3,34,,,,False,wholesale distributor of automotive replacement glass and shop supplies,high,"pgwautoglass.com / next.buypgwautoglass.com/Home/Our-Company — 'leading distributor of automotive replacement glass, shop accessories'; 150+ distribution branches serving 'OEM dealerships, collision repair shops and automotive glass installers'. Pure wholesale, no installation for end customers.",,Auto-Glass-Tint-Audio
NO,web-searched,Pitch's Window Tinting & Auto Glass,http://www.pitchswindowtinting.com/,pitchswindowtinting.com,Dallas,TX,+1 972-768-8264,"11634 Harry Hines Blvd, Dallas, TX 75229, United States",4.6,50,Yes,,,False,"window tint film installation (auto, plus residential/commercial film) and auto glass replacement",high,"pitchswindowtinting.com/Residential.htm is 'Residential Window Tint' — film only. Site scope: 'window tint installation for automotive, commercial and residential', plus 'headliners, power lock/window repair, auto glass replacement'. Tint/film on buildings is excluded; the glass work is vehicle-only.",,Auto-Glass-Tint-Audio
NO,web-searched,Premier Truck Group Dallas Area Collision Center,https://premiertruck.com/locations/premier-truck-group-dallas-area-collision-center,premiertruck.com,Dallas,TX,+1 214-261-2400,"4500 Langdon Rd, Dallas, TX 75241, United States",4.8,19,Yes,,,True,Heavy-duty truck collision repair and service centre,high,"premiertruck.com/locations/premier-truck-group-dallas-area-collision-center - 'a full-service, heavy-duty paint and collision repair facility'; the 'glass repair' in its service list is vehicle glass alongside alignments, DOT inspections and frame work",,Auto-Glass-Tint-Audio
YES,web-searched,Renfro Glass Inc,http://www.renfroglassinc.com/,renfroglassinc.com,Lancaster,TX,+1 972-228-1962,"1822 N Interstate 35 E Rd, Lancaster, TX 75134, United States",4.7,162,Yes,Residential glass work and commercial storefront installation / glass partitions; also solar screens,Both,True,"Full-service glass company (commercial, residential, auto and trucks)",high,"renfroglassinc.com/about - 'more than 37 years of experience serving commercial, residential, auto & trucks customers... takes care of glass needs from vehicles, residential and commercial'; commercial glass listed as 'storefront installation, glass partitions, and custom glass solutions'",,Auto-Glass-Tint-Audio
NO,web-searched,Safe Auto Glass,https://www.safeautoglass.net/,safeautoglass.net,Dallas,TX,+1 214-366-0166,"11311 Harry Hines Blvd Ste 502, Dallas, TX 75229, United States",3.8,77,Yes,,,True,Auto glass / windshield replacement,high,"safeautoglass.net - 'specialize in windshield, door glass, and back glass replacement as well as power window repair... truck sliders, and window motors & regulators for light, medium, and heavy duty trucks'",,Auto-Glass-Tint-Audio
NO,web-searched,Safelite AutoGlass,http://safelite.com/,safelite.com,Dallas,TX,+1 214-742-9000,"2880 Inwood Rd, Dallas, TX 75235, United States",2.8,100,No,,,True,National auto glass chain - windshield repair and replacement,high,"safelite.com/stores/dalls-inwood 'Windshield Repair & Replacement in Dallas, TX' (2880 Inwood Road, matching the listed address) - windshield repair/replacement, safety system recalibration, rear and side window replacement, power window repair",,Auto-Glass-Tint-Audio
NO,web-searched,Scorpio Auto Glass,http://www.scorpioautoglass.com/,scorpioautoglass.com,Dallas,TX,+1 214-393-7152,"2 Westside Dr, Dallas, TX 75209, United States",4.6,115,Yes,,,True,Auto glass / windshield repair and replacement (mobile),high,"scorpioautoglass.com titled 'Auto Glass Dallas'; services listed are windshield repair/replacement, rock chip repair, side and rear glass, door windows, quarter glass, vent glass. No building/residential window glass mentioned.",,Auto-Glass-Tint-Audio
NO,web-searched,Sky Auto Glass,https://skyautoglass.net/,skyautoglass.net,,,+1 214-875-1065,,4.0,4,Yes,,,True,"Mobile auto glass replacement/repair for cars, trucks, vans, 18-wheelers",high,"skyautoglass.net: 'Windshield Replacement, Door Glass Replacement, Window Regulator', 100% mobile across DFW; vehicle-only scope.",,Auto-Glass-Tint-Audio
NO,web-searched,Southern Star Mobile Auto Glass Specialist Dallas,https://southernstarautoglassspecialist.com/,southernstarautoglassspecialist.com,Dallas,TX,+1 469-498-2244,"HilltopSecurities Tower, 717 N Harwood St #90, Dallas, TX 75201, United States",5.0,19,Yes,,,True,Mobile auto glass specialist,low,Two searches returned no indexed content from southernstarautoglassspecialist.com (only other DFW 'Star' glass shops). Only evidence is the business name 'Auto Glass Specialist' and the customer review 'They did a great job replacing my auto glass'. No sign of building-window work; a second review mentioning a 'cracked pane' at an office is ambiguous (likely a vehicle serviced at the workplace).,,Auto-Glass-Tint-Audio
NO,web-searched,Stereo Zone Dallas Car Audio And Window Tint,http://stereozone-dallas.com/,stereozone-dallas.com,Dallas,TX,+1 214-275-9663,"2715 Buckner Blvd, Dallas, TX 75227, United States",4.7,578,Yes,,,False,"Car audio/video, alarms, remote start and window tint film",high,"stereozone-dallas.com: 'full stereo systems, custom amp racks and wiring, ceramic window tint, Viper remote start and alarms'; also lists 'Commercial Window Tint' — tint film application only, no glass installation or replacement.",,Auto-Glass-Tint-Audio
NO,web-searched,Super Car Audio and Tint,http://supercaraudio.com/,supercaraudio.com,Dallas,TX,+1 214-398-8885,"7900 S Great Trinity Forest Way, Dallas, TX 75217, United States",4.8,453,Yes,,,False,"Car audio installation, car alarms and automotive window tint",high,"supercaraudio.com pages: 'Car Audio Diagnostics & Repair Dallas', 'Car Alarm Installation Dallas TX'; services are car audio systems, truck bass packages, CarPlay radios, window tint, alarms.",,Auto-Glass-Tint-Audio
NO,web-searched,Super Star Auto Glass,https://superstarautoglassus.com/contact/,superstarautoglassus.com,,,+1 469-505-3604,,5.0,,Yes,,,True,Mobile auto glass repair and replacement,medium,"superstarautoglassus.com/services/ 'Auto Glass Repair & Replacement Services'; contact form asks for vehicle details and damaged glass type (front windshield, door panels, quarter glass, vent glass, rear glass). No residential/commercial glass offering found.",,Auto-Glass-Tint-Audio
NO,web-searched,Texas Audio Car Stereo & Security,https://www.texasaudio.com/,texasaudio.com,Garland,TX,+1 972-864-2114,"3035 S Shiloh Rd #135, Garland, TX 75041, United States",4.9,660,Yes,,,False,"Mobile/automotive audio, video, security and window tint installer",high,"texasaudio.com 'Dallas Car Audio Pros' — 'mobile automotive audio, video, security, window tint, LED lighting, keyless entry, remote start, alarms'. Vehicle-only.",,Auto-Glass-Tint-Audio
NO,web-searched,Texas Custom Stereo Window Tint,https://texascustomstereo.com/,texascustomstereo.com,Dallas,TX,+1 972-298-4400,"4312 W Camp Wisdom Rd, Dallas, TX 75237, United States",4.7,158,Yes,,,True,"Car audio, alarms and window tinting (auto plus building window film)",high,"texascustomstereo.com/res-com-tinting 'Residential & Commercial Building Tinting' - 'expertly applied window films'. This is window film application only, which the criteria exclude; the rest of the business is car audio, alarms, LED and auto tint",,Auto-Glass-Tint-Audio
NO,web-searched,Time 2 Shine PPF and Tint Detailing Studio,https://www.dallasppfandceramic.com/,dallasppfandceramic.com,Dallas,TX,+1 214-377-1577,"2717 Egan Ave, Dallas, TX 75235, United States",5.0,499,Yes,,,True,"Auto detailing, paint protection film, ceramic coating and auto tint",high,"dallasppfandceramic.com/ceramic-coating.html - 'specializing in ceramic coatings, paint protection film, paint correction, vinyl wraps, tint and detailing' for vehicles",,Auto-Glass-Tint-Audio
NO,web-searched,TJ Auto Glass Repair,http://tjglassrepair.com/,tjglassrepair.com,Dallas,TX,+1 214-971-8167,"1133 N Zang Blvd, Dallas, TX 75203, United States",4.6,5,No,,,True,Auto glass / windshield repair and replacement,high,"tjglassrepair.com homepage 'TJ Glass Repair - High Quality Auto Glass and Windshield...'; services are 'Windshield Replacement, Auto Glass Repair, Truck Glass Repair and Replacement, Automotive Door Glass Repair, Hatch Back Repair'",,Auto-Glass-Tint-Audio
NO,web-searched,Unlimited Car Stereo and Window Tint llc,https://www.unlimitedcarstereo.com/,unlimitedcarstereo.com,Dallas,TX,+1 214-718-8036,"8905 Lake June Rd, Dallas, TX 75217, United States",4.5,60,Yes,,,True,"Car audio, automotive window tint, alarms and LED lighting",high,"unlimitedcarstereo.com - 'sales and installation of car audio systems, professional window tinting, vehicle alarms, security systems, automotive lighting'; listed as an 'Auto Audio & Video business'",,Auto-Glass-Tint-Audio
NO,web-searched,VZ auto glass,https://www.facebook.com/share/1BuZmxvmHM/,facebook.com,Balch Springs,TX,+1 469-279-6262,"3717 Woodbury Rd, Balch Springs, TX 75180, United States",5.0,148,Yes,,,True,Mobile auto glass replacement,medium,"No company website or directory page indexed for 'VZ auto glass' (Facebook page only). Verdict rests on the supplied Google reviews, which describe vehicle glass only: 'VZ Auto Glass fixed my one of my rear windows after a break in... they came to my house'",YES,Auto-Glass-Tint-Audio
NO,web-searched,WINDOW TINT PORALIZADO EXPRESS CERAMIC,https://expresswindowtint.company.site/,expresswindowtint.company.site,Dallas,TX,+1 469-263-0712,"10222 Harry Hines Blvd, Dallas, TX 75220, United States",4.6,444,Yes,,,True,Window tint / film application (automotive plus buildings),high,"Listing for expresswindowtint.company.site - 'a trusted destination in Dallas for high-quality automotive window tinting services... quality window tinting for vehicles, boats, RVs, houses, apartments, and offices'. Film application only, no window installation or replacement",,Auto-Glass-Tint-Audio
NO,web-searched,Windshield & Auto Glass Pros,https://windshieldautoglasspros.com/find-a-store/dallas-texas/,windshieldautoglasspros.com,Dallas,TX,+1 469-906-2313,"603 Munger Ave #100, Dallas, TX 75202, United States",5.0,5,Yes,,,True,Mobile auto glass repair and replacement,high,"windshieldautoglasspros.com/find-a-store/dallas-texas/ titled 'Auto Glass Replacement Dallas TX' - 'replace windshields, side windows, and back glass at your home or office'",,Auto-Glass-Tint-Audio
NO,web-searched,Windshield Go,https://windshieldgo.com/our-locations/auto-glass-dallas-tx/,windshieldgo.com,Dallas,TX,+1 214-851-3788,"10300 N Central Expy #293, Dallas, TX 75231, United States",5.0,15,Yes,,,True,Auto glass shop / mobile windshield replacement,high,"windshieldgo.com/our-locations/auto-glass-dallas-tx/ 'Reliable Auto Glass & Windshield Replacement in Dallas TX' - 'windshield replacement, repair, and replacements for door, back, vent, and quarter glass'",,Auto-Glass-Tint-Audio
NO,web-searched,WindshieldHUB,https://www.windshieldhub.com/texas/dallas?utm_medium=local&utm_source=google&utm_campaign=gbp&utm_term=dallas,windshieldhub.com,Dallas,TX,+1 214-225-2468,"1910 Pacific Ave Suit 2000, Dallas, TX 75201, United States",4.9,194,Yes,,,True,Mobile auto glass services,high,"windshieldhub.com/texas/dallas/services 'Auto Glass Services Dallas, TX' - windshield replacement/chip repair, sensor recalibration, side window, back glass, vent and quarter glass replacement",,Auto-Glass-Tint-Audio
NO,web-searched,XPEL Dallas,https://www.dfwclearbra.com/,dfwclearbra.com,Dallas,TX,+1 214-339-9735,"1517 Prudential Dr, Dallas, TX 75235, United States",4.9,242,Yes,,,True,"Paint protection film, ceramic coating and window film installer",high,"dfwclearbra.com - 'an installation shop for paint protection film, automotive window tint, ceramic coating, interior protection and commercial and residential window film'. Film only - no window installation or glass replacement",,Auto-Glass-Tint-Audio
NO,web-searched,"Xtreme Autoglass Pros, LLC",https://www.xtremeautoglasspros.com/,xtremeautoglasspros.com,Dallas,TX,+1 817-932-0303,"2650 Lombardy Ln Ste g, Dallas, TX 75220, United States",4.8,316,,,,True,Auto glass replacement and automotive window tint,high,"xtremeautoglasspros.com homepage 'Windshield Replacement, Auto Glass Repair, and Window Tint in Dallas'; work covers cars, RVs, 5th wheels, trailers, semi-trucks and heavy machinery glass",,Auto-Glass-Tint-Audio
NO,web-searched,Yazmin Autoglass Inc,https://yazminautoglasstx.com/,yazminautoglasstx.com,Dallas,TX,+1 817-298-0078,"2802 Cartwright St, Dallas, TX 75212, United States",4.8,880,Yes,,,True,Auto glass shop / windshield replacement,high,"yazminautoglasstx.com/auto-glass-repair and /car-window-replacement - 'auto glass shop, windshield replacement, windshield repair, car window replacement, & auto glass repair in Dallas, Texas'",,Auto-Glass-Tint-Audio
NO,web-searched,Alltex Roofing Systems,https://www.alltexroofingsystems.com/ ,alltexroofingsystems.com,,,+1 409-281-5868,,4.9,31,Yes,,,False,Roofing contractor (residential and commercial),medium,"alltexroofingsystems.com - services are 'roof installation, repair, replacement, inspections, and assistance with insurance claims' plus storm damage restoration; no windows listed. A similarly-named but separate San Antonio company (alltexroofingandexteriors.com) adds siding, gutters and painting - still no windows",,Roofing
YES,web-searched,AM Roofing Company,https://amroofingcompany.com/?utm_source=Google_Maps&utm_medium=Website_Link-Click&utm_campaign=Google_Maps_Visits,amroofingcompany.com,Dallas,TX,+1 214-980-4366,"5641 SMU Boulevard #106, Dallas, TX 75206, United States",4.9,39,Yes,"Window installation offered alongside roofing, gutters, siding, soffit & fascia",Both,False,Roofing and gutter contractor (DFW),medium,"Nextdoor/business listing for AM Roofing Company Dallas: 'roof repairs, installations, inspections, and gutter cleaning and installation... siding installation and window installation'; own site amroofingcompany.com lists /services/ pages for roofing and gutters",,Roofing
YES,web-searched,"Baker Roofing & Construction, Inc",https://baker-roofing.com/,baker-roofing.com,Dallas,TX,+1 855-766-3777,"6507 Trammel Dr, Dallas, TX 75214, United States",4.9,62,,"Replacement windows, window screens, cracked/broken window glass repair; window installation as part of construction services",Both,False,Residential/commercial roofing and general construction/remodeling,high,"baker-roofing.com/construction-services/ — 'specializes in bathroom and kitchen remodeling, window installation, and door solutions'; 'offers replacement windows, window screens and can repair cracked and broken glass, with a full line of replacement window options'",,Roofing
YES,web-searched,Bert Roofing Inc.,https://bertroofing.com/?utm_campaign=gmb,bertroofing.com,Dallas,TX,+1 214-239-2699,"10021 Cayuga Dr, Dallas, TX 75228, United States",4.8,135,Yes,"Window repair and replacement, plus window screens",Residential,False,"Residential roofing contractor (Dallas, since 1988)",high,"bertroofing.com/services/ and /roofing-services-products/ — 'window repair and replacement services, along with window screens', alongside gutters, siding, roof decking, patio covers",,Roofing
YES,web-searched,Blue Hammer Roofing,https://bluehammerroofing.com/areas-served/dallas/?utm_campaign=gmb&utm_medium=organic&utm_source=google,bluehammerroofing.com,Dallas,TX,+1 469-564-8357,"8330 Lyndon B Johnson Fwy B604, Dallas, TX 75243, United States",4.9,1307,Yes,Window services listed alongside roofing/gutters; a customer review describes a side window replaced with the roof,Both,False,Residential and commercial roofing / storm damage restoration,low,"Search results list 'gutter repair and replacement services, as well as window services' for Blue Hammer, and a Yelp/Google review states the customer 'had their roof replaced along with a side window and back fence'. NOTE: some result text may come from the unrelated bluehammersolutions.com (VA) — treat as low confidence",,Roofing
YES,web-searched,Bold Roofing - DFW's Best Roofing Contractor,https://boldroofing.com/,boldroofing.com,Dallas,TX,+1 972-380-9300,"10720 Miller Rd #303, Dallas, TX 75238, United States",4.7,622,Yes,"Windows listed as a service alongside gutters, siding, fencing under general contracting / storm restoration",Residential,False,"Roofing contractor and storm-damage general contractor (Dallas, since 1979)",medium,"Company profile listings: 'offers roofing, insurance claim services, storm restoration, general contracting, gutters, fences, windows, and siding'; 'Beyond roofs, they coordinate gutters, windows, siding, fencing'",,Roofing
YES,web-searched,Brennan Enterprises,https://www.brennancorp.com/?utm_source=google&utm_medium=organic&utm_campaign=gmb&utm_term=dallas,brennancorp.com,,,+1 972-619-9281,,,,Yes,"Turnkey full window replacement, adding window openings, window-to-door conversions; also supplies windows to trade pros",Residential,False,Residential window and exterior door replacement company,high,"brennancorp.com/service-area-overview/dallas-county/dallas/ 'Window and Door Replacement - Dallas, TX'; 'a residential window and exterior door replacement company that has proudly served Texas homeowners since 1979'; carries Brennan, Andersen, NT Window and Alside windows",,Roofing
YES,web-searched,Built To Last Roofing,https://btolroofing.com/?utm_source=google&utm_medium=organic&utm_campaign=gmb-primary-link-dallas,btolroofing.com,Dallas,TX,+1 469-364-8198,"6537 Lyndon B Johnson Fwy, Dallas, TX 75240, United States",4.9,271,Yes,"Windows listed among restoration/general contracting services alongside roofing, gutters and fences",Residential,False,Roofing contractor / storm restoration general contractor,medium,"btolroofing.com/services/ - 'services include gutters, fences, windows, and gates - everything you need for full property restoration'; 'trusted local general contractor experts for a variety of repairs including roof, gutters, windows, fence'. Medium confidence: windows appear in the service list but have no dedicated page",,Roofing
UNCLEAR,web-searched,Casa Titanes Roofing and Construction,https://www.casatitanes.com/,casatitanes.com,,,+1 972-510-5990,,5.0,23,Yes,,,False,Roofing and construction (per company name and Google reviews),low,"No content from casatitanes.com was returned by either search - results only surfaced unrelated 'Titan'-named Texas roofers. The supplied Google reviews describe roof replacement only, with no mention of windows. Cannot confirm or rule out window work",,Roofing
UNCLEAR,web-searched,Champion Roofing & Remodeling,https://rrchampion.com/,rrchampion.com,,,+1 972-946-6482,,5.0,23,Yes,,,False,Roofing and remodeling contractor,low,"Confirmed as a family-owned roofing/remodeling company at 726 Dalworth St, Grand Prairie, phone (972) 946-6482 (matches the listing); BBB category 'Roofing Consultants'. A first search summary asserted 'window services', but the second search showed that claim most likely came from the unrelated national Champion Windows brand in the same city - no rrchampion.com page confirming window work was found. Google reviews mention roofing plus unspecified 'additional upgrades'",,Roofing
YES,web-searched,DAR Roofing General Contractors,http://www.darroofinggc.com/,darroofinggc.com,Farmers Branch,TX,+1 315-836-4542,"2727 Lyndon B Johnson Fwy Ste 785, Farmers Branch, TX 75234, United States",4.9,122,Yes,Window replacement and repair offered among general contracting services,Both,False,Roofing general contractor (residential and commercial),high,"darroofinggc.com service list - 'Roof Restoration and Replacement, Gutter Installation & Repair, Fence, Siding, Garage Door Installation and Repair, HVAC, Exterior & Interior Paint, and Window Replacement and Repair'; 'serving the entire DFW area with both residential and commercial applications'",,Roofing
NO,web-searched,Emerson Roofing & Siding,https://emersonproservices.com/roofing-siding/,emersonproservices.com,Dallas,TX,+1 972-573-5854,"2911 Turtle Creek Blvd Suite 300, Dallas, TX 75219, United States",5.0,388,Yes,,,False,Roofing and siding contractor / home maintenance group,medium,"emersonproservices.com/roofing-siding/ and /about-us/ list roofing, siding installation, roof repair, siding maintenance; sister brands are Emerson Gutters & Drainage, Emerson Masonry & Pavers, Emerson Air Duct, Emerson Chimney. No window service anywhere in indexed pages.",,Roofing
NO,web-searched,Empire Roofing and Solar LLC,https://empireroofing-solar.com/,empireroofing-solar.com,Dallas,TX,+1 972-379-9769,"8330 Lyndon B Johnson Fwy Ste 490, Dallas, TX 75243, United States",4.8,113,Yes,,,False,Roofing and solar contractor,medium,"Site section pages indexed: /solar/, /fencing/, /commercial-roofing/, /remodeling/. Listed services are residential & commercial roofing, solar, concrete, remodeling, patios, fencing, water damage repair — no windows.",,Roofing
NO,web-searched,Hello Roofing,http://www.helloroofing.com/,helloroofing.com,Dallas,TX,+1 214-893-5693,"919 N Bishop Ave C, Dallas, TX 75208, United States",4.9,71,Yes,,,False,Residential/commercial roofing and siding contractor,medium,"Listings for helloroofing.com describe roofing, damage restoration, siding (Hardie and vinyl), TPO/metal/solar shingles and general construction. No window install/replacement listed.",,Roofing
YES,web-searched,Home Quality Solutions Roofing,https://homequalitysolutions.com/,homequalitysolutions.com,Dallas,TX,+1 972-743-0331,"3839 McKinney Ave Ste 155-2417, Dallas, TX 75204, United States",4.8,146,Yes,Window repairs offered alongside roofing and gutter work,Both,False,"Roofing contractor (residential + commercial, insurance restoration)",medium,"Business listings for homequalitysolutions.com: ""In addition to roofing, they provide other home improvement services, including gutter installation and window repairs""; site also has /handyman-services/ page. Google review mentions roof, vents, windscreens and interior damage.",,Roofing
NO,web-searched,"Horn Brothers Roofing Dallas, TX",http://www.hornbros.com/,hornbros.com,Dallas,TX,+1 214-328-6956,"12035 Shiloh Rd #320, Dallas, TX 75228, United States",5.0,35,,,,False,"Roofing contractor (residential + commercial), est. 1985",high,"hornbros.com/about/ — ""specialized in all aspects of roofing application and leak detection in DFW for over 30 years""; services listed are attic/roof inspection, roof repair, reroofing, roof cleaning, new roof install, roof replacement, skylight installation. No windows.",,Roofing
YES,web-searched,JUST ROOF GENERAL CONTRACTORS LLC,https://roofremodelingsolution.com/,roofremodelingsolution.com,Dallas,TX,+1 469-797-6747,"8330 Lyndon B Johnson Fwy Ste 678, Dallas, TX 75243, United States",4.8,77,Yes,Window replacement as part of exterior remodeling,Residential,False,Roofing / general contractor and remodeler,high,"roofremodelingsolution.com — ""They specialize in paint, siding installation, window replacement, and other exterior upgrades""; Google review: ""they chance my windows and gutters"".",,Roofing
YES,web-searched,Lakeside Roofing Co,https://lakesideroofco.com/,lakesideroofco.com,,,+1 972-365-1216,,5.0,31,Yes,"Window replacement listed alongside roofing, siding and gutters",Residential,False,Roofing contractor / storm restoration,medium,"lakesideroofco.com (incl. /roof-replacement services page): ""they offer services from replacing roofs to siding, gutters to windows"".",,Roofing
YES,web-searched,"Legacy Crown Exteriors, LLC",http://www.legacycrownexteriors.com/,legacycrownexteriors.com,,,+1 903-312-4574,,5.0,18,Yes,Window installation as a listed service of the general contractor,Both,False,"Exterior general contractor (roofing, gutters, remodels)",high,"BBB profile / legacycrownexteriors.com service list: ""...fencing, decking, pool enclosures, patio enclosures, siding installation and window installation"".",,Roofing
NO,web-searched,Lon Smith Roofing,https://www.lonsmith.com/,lonsmith.com,Dallas,TX,+1 214-221-1400,"10821 Sanden Dr, Dallas, TX 75238, United States",4.6,113,Yes,,,False,Large residential/commercial roofing company,high,"lonsmith.com/residential-roofing-replacement/ and /commercial-roofing/ — ""Texas' #1 Residential Roof Replacement company""; site content is entirely roofing systems (TPO, PVC, EPDM, BUR, modified bitumen). No windows.",,Roofing
YES,web-searched,MacDonald Roofing & Remodeling,https://www.teammacdonald.com/,teammacdonald.com,Dallas,TX,+1 214-601-9304,"4245 N Central Expy Suite 490, Dallas, TX 75205, United States",5.0,66,Yes,Replaces windows and doors as part of remodeling service line,Both,False,Roofing and home remodeling contractor,high,"teammacdonald.com/remodeling — ""They update siding, replace windows and doors, build new porches, or add outdoor living spaces.""",,Roofing
YES,web-searched,New View Roofing,https://newviewroofing.com/?utm_source=google&utm_medium=organic&utm_campaign=gmb,newviewroofing.com,Dallas,TX,+1 469-966-1196,"4722 Gaston Ave, Dallas, TX 75246, United States",4.9,697,Yes,"New window installation and window replacement/repair for homes; part of their exterior renovation offering (painting, siding, windows, fencing)",Residential,False,Residential/commercial roofing and exterior remodeling,high,"Page title 'Window Installation and Repair in Dallas' at newviewroofing.com/residential/window-installation/ ; exterior renovation page lists 'exterior painting, new siding installation, new window installation and fencing'",,Roofing
NO,web-searched,Next Roofing,http://nextroofingdfw.com/,nextroofingdfw.com,,,+1 817-803-1149,"Dallas, TX 75229, United States",4.8,96,Yes,,,False,"Residential and commercial roofing (install, repair, inspection, replacement) plus gutters",medium,"nextroofingdfw.com home page describes 'complete roofing solutions across DFW, including roof installation, repair, inspection, and replacement... shingle repair, leak fixing, and gutter installation' — no window service listed in two searches",,Roofing
NO,web-searched,Priority Roofing,https://priorityroofs.com/location/dallas/,priorityroofs.com,Dallas,TX,+1 469-615-8193,"1420 W Mockingbird Ln Ste 540, Dallas, TX 75247, United States",5.0,986,Yes,,,False,"Multi-location residential and commercial roofing contractor (roof inspection, storm damage, replacement)",medium,"priorityroofs.com/location/dallas/ and /service/dallas-commercial/ describe roof repair, replacement and installation for residential and commercial only; no windows page found in two searches",,Roofing
NO,web-searched,RB3 Roofing and Construction,http://www.rb3construction.com/,rb3construction.com,Dallas,TX,+1 972-306-3051,"13355 Noel Rd Ste 1100, Dallas, TX 75240, United States",5.0,60,Yes,,,False,"Roofing contractor also doing siding, gutter replacement and interior/exterior painting",medium,"Expertise.com/BBB profiles: 'installs different types of roofing materials, including copper, metal, and shingles... offers siding installation services... handles gutter replacement and interior and exterior painting projects' — no window work found in two searches",,Roofing
NO,web-searched,Ready Roofing & Solar,https://readyrooftx.com/,readyrooftx.com,Dallas,TX,+1 972-736-9468,"13140 Coit Rd #510, Dallas, TX 75240, United States",4.9,183,Yes,,,False,Roofing and solar company (est. 1971),medium,"readyrooftx.com/services/ and /services/residential/ — roofing, gutters, solar, siding replacement, waterproofing. Only window-adjacent mention found is window screens in a customer review; no window install/replacement service.",,Roofing
YES,web-searched,Reformed Roofing & Contracting,http://www.reformed-roofing.com/,reformed-roofing.com,Dallas,TX,+1 972-946-1775,"5639 Dyer St Ste 200, Dallas, TX 75206, United States",5.0,73,Yes,Energy-efficient window and door replacement,Both,False,"Roofing, siding and window contractor / storm restoration",high,"reformed-roofing.com — ""a trusted name in residential and commercial roofing, siding, and energy-efficient window and door replacements""; described as ""Heart of Dallas roofing, siding, window experts"".",,Roofing
NO,web-searched,Reveles Roofing,http://www.revelesroofing.com/,revelesroofing.com,Dallas,TX,+1 214-900-8930,"5101 Parry Ave, Dallas, TX 75223, United States",5.0,218,Yes,,,False,Roofing contractor,medium,"revelesroofing.com service list: pitched/shingle/green/flat/modified/shake roofs, roof repairs, roof restoration, site cleanup, plus gutter services and fences & gates. No windows.",,Roofing
NO,web-searched,Sali's Roofing,https://salisroofing.com/?utm_source=google&utm_medium=organic&utm_campaign=gbp_listing&utm_content=salis_roofing,salisroofing.com,Dallas,TX,+1 469-677-0239,"10930 Switzer Ave #123, Dallas, TX 75238, United States",5.0,109,Yes,,,False,"Roofing contractor (residential + commercial), insurance claims",medium,"salisroofing.com, /roofing-repair/, /about-us/, /locations/commercial-roofing-dallas/ — roof installation, repair, maintenance, replacement, property damage inspections and insurance claims only.",,Roofing
NO,web-searched,Shepherd Roofing & Renovations,https://www.shepherdroofingrenovations.com/,shepherdroofingrenovations.com,Dallas,TX,+1 972-244-3705,"2626 Cole Ave #300B, Dallas, TX 75204, United States",5.0,239,Yes,,,False,Residential roofing and renovation contractor,medium,"shepherdroofingrenovations.com/residential-roofing/ and /roof-replacement/ — asphalt shingle replacement, siding repair, gutter installation, drywall/painting, skylight and chimney work, carpentry, general contracting. Two searches found no window install/replacement.",,Roofing
YES,web-searched,"Sunbelt Waterproofing & Restoration, LLC.",http://www.sunbeltllc.com/,sunbeltllc.com,Dallas,TX,+1 972-681-6222,"7318 Ferguson Rd, Dallas, TX 75228, United States",4.4,17,,Window glazing and glass replacement on commercial buildings; sealant/caulking replacement,Commercial,False,"Commercial waterproofing, facade and masonry restoration",high,"sunbeltllc.com/texas-waterproofing — service list includes ""Waterproofing and Caulking Services"" and ""Window Glazing and Glass Replacement services"" alongside masonry/facade restoration.",,Roofing
UNCLEAR,web-searched,T Rock Roofing & Contracting,https://www.dallasroofer.com/,dallasroofer.com,Dallas,TX,+1 469-931-9867,"9330 Lyndon B Johnson Fwy #900, Dallas, TX 75243, United States",4.9,805,Yes,,,False,"Roofing contractor since 1959 (residential, commercial, storm restoration)",low,"dallasroofer.com/roofingservices/ lists roof replacement/repair, metal, slate/tile, TPO flat, siding installation and gutter replacement during roofing projects — no windows. Conflicting: one Yelp review of T Rock says ""Window replaced terrible and leaked"", implying they have done window work. Could not resolve.",,Roofing
YES,web-searched,TC Roofing and Restorations,https://www.tcroofingexperts.com/,tcroofingexperts.com,,,+1 833-799-7663,,5.0,200,Yes,"Window replacement in DFW, offered as a restoration service alongside roofing",Residential,False,Roofing and storm/insurance restoration contractor,high,Indexed page 'Window Replacement in DFW' at tcroofingexperts.com/restoration-services/window-replacement/,,Roofing
YES,web-searched,Trustmark Exteriors,https://www.trustmarkexteriors.com/?utm_source=google&utm_medium=gbp,trustmarkexteriors.com,Fort Worth,TX,+1 817-859-8369,"2832 SE Loop 820, Fort Worth, TX 76140, United States",5.0,14,Yes,Window installation and window repair,Residential,False,Residential roofing / exteriors contractor,high,"trustmarkexteriors.com service list: ""window installation, metal roofing, window repair, tile roofing, roof leak repair, shingles, gutter contractors, gutter installation, roof replacement"".",,Roofing
NO,web-searched,United Roofing & General Contractors,http://unitedroofers.co/,unitedroofers.co,Dallas,TX,+1 888-863-8858,"325 North St. Paul Street Ste 2100, Dallas, TX 75201, United States",5.0,61,Yes,,,False,Roofing and exterior general contractor,medium,"unitedroofers.co/all-home-services/residential/ and /about/ — residential and commercial roofing, siding, gutters, downspouts, garage doors, exterior painting, fencing. No windows listed.",,Roofing
YES,web-searched,"United Roofing Services, LLC",https://www.unitedroofservicesllc.com/,unitedroofservicesllc.com,Dallas,TX,+1 214-677-2987,"6742 La Grange Dr, Dallas, TX 75241, United States",4.8,39,,"""Window and Door Services"" listed alongside roofing, gutters and skylights",Both,False,"Roofing contractor (roof replacement, repair, gutters)",medium,"Directory entries for unitedroofservicesllc.com: ""the website menu also mentions window services along with... skylight installation, chimney services"" and ""the company lists 'Window and Door Services' among its available services"".",,Roofing
YES,web-searched,Weather The Storm Roofing,https://www.weatherthestormroofingtx.com/,weatherthestormroofingtx.com,,,+1 469-970-6626,,5.0,29,Yes,Window replacement as part of wind/hail storm restoration,Both,False,Storm restoration roofing contractor,high,"weatherthestormroofingtx.com/about — ""Their team handles roofing, gutters, fencing, windows, interior drywall repairs, and other exterior restoration services...""",,Roofing
YES,web-searched,"Zeus Exteriors, LLC",http://www.zeusexteriors.com/,zeusexteriors.com,Dallas,TX,+1 469-771-0988,"2815 Valley View Ln #210, Dallas, TX 75234, United States",5.0,181,,Window replacement,Both,False,Roofing and exterior products contractor,high,"zeusexteriors.com — ""they offer a range of services including roof repair, window replacement, and siding replacement""; products/services listed as roof inspections, replacements, repairs, gutters, windows, fencing.",,Roofing
YES,web-searched,Quality 1 Energy Systems Heating & Air Conditioning,https://www.q1es.com/,q1es.com,Dallas,TX,+1 214-856-6489,"10870 Plano Rd C, Dallas, TX 75238, United States",4.9,397,Yes,Residential window installation / replacement for energy efficiency,Both,False,HVAC contractor (residential + commercial) since 1989,high,"Dedicated page q1es.com/residential/window-installation/ titled ""Dallas Window Installation""; profile text: ""insulation and window replacement"".",,HVAC
NO,web-searched,911 Locksmith & Security,https://www.911-locksmith.com/?utm_campaign=gmb&utm_medium=gbp&utm_source=google,911-locksmith.com,Dallas,TX,+1 214-556-6714,"4144 N Central Expy Ste 455, Dallas, TX 75204, United States",4.9,970,Yes,,,False,Locksmith and security/access control company,high,"911-locksmith.com/commercial-locksmith-dallas/ and /locksmith-in-dallas/ — locksmithing, access control, keypad and high-security locks, exit devices, door closers. No glass or window work.",,Locksmith
NO,web-searched,A-1 Locksmith - Design District,https://www.a-1locksmith.com/downtown-dallas/,a-1locksmith.com,,,+1 214-866-6350,,4.8,242,Yes,,,False,"Locksmith, safe retailer and security firm (10 DFW stores)",high,"a-1locksmith.com/our-services/ full service list covers home/auto/business locks, safes, alarms, cameras, access control, broken door repair — no window or glass services.",,Locksmith
NO,web-searched,A-1 Locksmith - East Dallas,https://www.a-1locksmith.com/dallas/,a-1locksmith.com,Dallas,TX,+1 214-884-4886,"1551 S Buckner Blvd, Dallas, TX 75217, United States",4.7,305,Yes,,,False,"Locksmith and safe showroom (residential, commercial, automotive locks/keys)",high,"a-1locksmith.com/company-support/about/ and /dallas/ — services listed are lock repair/replacement, rekeying, duplicate keys, safes, security systems, vehicle lockouts, key fob programming. No window installation or glass work.",,Locksmith
NO,web-searched,A-1 Locksmith - North Dallas,https://www.a-1locksmith.com/north-dallas/,a-1locksmith.com,Dallas,TX,+1 214-363-0400,"2685 Walnut Hill Ln, Dallas, TX 75229, United States",4.5,271,Yes,,,False,"Locksmith and safe showroom (residential, commercial, automotive locks/keys)",high,"a-1locksmith.com/north-dallas/ — same company site; services are locks, keys, safes, security systems, auto lockouts. No windows.",,Locksmith
NO,web-searched,Dallas Affordable Locksmith,http://dallasaffordablelocksmiths.com/?utm_source=gmb&utm_medium=referral,dallasaffordablelocksmiths.com,,,+1 972-352-7575,,5.0,573,Yes,,,False,"Locksmith (residential, commercial, automotive, lockouts)",high,"dallasaffordablelocksmiths.com — pages: /residential-locksmith-services-dallas/, /commercial-locksmith-services-dallas/, /lockout-services-dallas/. Lock installation and repair, master keying, key copying, automotive locksmith. No window work.",,Locksmith
NO,web-searched,DFW Local Locksmith - Dallas TX,https://dfwlocallocksmith.com/,dfwlocallocksmith.com,,,+1 972-479-5005,,4.9,1843,Yes,,,False,"24/7 locksmith (residential, commercial, automotive, access control)",high,"dfwlocallocksmith.com/our-services/residential-lock-services/ — rekeying, lock repair/replacement, lockouts, mailbox locks, electronic locks, garage door lock setup, access control. No window installation.",,Locksmith
NO,web-searched,DFW Local Locksmith - Mesquite TX,https://www.dfwlocallocksmith.com/service-areas/locksmith-mesquite-tx/,dfwlocallocksmith.com,Mesquite,TX,+1 469-728-8098,"3201 I-30 Ste Q1, Mesquite, TX 75150, United States",5.0,270,Yes,,,False,"24/7 locksmith (residential, commercial, automotive, access control)",high,"dfwlocallocksmith.com/service-areas/locksmith-mesquite-tx/ — same company; lock/key and access control services only, no windows.",,Locksmith
NO,web-searched,Michael's Keys Locksmith,https://michaelskeyslocksmith.com/locations/michaels-keys-dallas/?utm_source=google-business-listing&utm_medium=organic&utm_campaign=dallas_gbl_profile,michaelskeyslocksmith.com,Dallas,TX,+1 972-498-1021,"1625 W Mockingbird Ln Ste 208, Dallas, TX 75235, United States",4.6,158,Yes,,,False,"Locksmith and security (key cutting, rekeying, safes, access control, cameras)",high,"michaelskeyslocksmith.com/services/residential-services/ and /services/commercial-services/ — key cutting, rekeying, smart locks, lockouts, safes, access control, security cameras. Medeco service center. No window work.",,Locksmith
NO,web-searched,Rose Lock & Key,https://roselockandkey.com/,roselockandkey.com,,,+1 214-225-2015,,5.0,6,Yes,,,False,"Mobile locksmith (lockouts, rekeying, smart locks, car keys)",high,"roselockandkey.com — 'Trusted Dallas Locksmith Since 2010'; emergency lockouts, rekeying, smart locks, key duplication, car key programming. No windows.",,Locksmith
NO,web-searched,AAPEX Garage Door Repair Services,https://aapexgaterepair.com/,aapexgaterepair.com,Dallas,TX,+1 469-573-1089,"8985 Vantage Point Dr, Dallas, TX 75243, United States",4.7,57,Yes,,,False,Garage door and gate repair/installation,high,"aapexgaragedoorrepair.com/services-dallas and /garage-door-install-dallas — garage door repair, installation, springs, cables, openers, gate openers, residential and commercial garage doors. No entry doors or windows listed.",,Garage Doors
NO,web-searched,Century Garage Door Service Repair,http://centurygaragedoorservice.com/,centurygaragedoorservice.com,,,+1 214-556-4023,,5.0,129,Yes,,,False,Garage door repair and installation,high,"centurygaragedoorservice.com/about/ and /garage-door-opener-repair/ — garage door repair, installation and maintenance, plus air duct cleaning, dryer vent cleaning, chimney sweeping and gutter cleaning. No windows.",,Garage Doors
NO,web-searched,Express Garage Door Repair,https://garagedoorexpresstx.com/,garagedoorexpresstx.com,Richardson,TX,+1 469-382-4872,"430 Buckingham Rd, Richardson, TX 75081, United States",4.8,178,Yes,,,False,Garage door and gate sales/repair,high,"garagedoorexpresstx.com — ""provides sales and repair services for your garage door and opener""; nine technicians doing residential and commercial garage door and gate services.",,Garage Doors
NO,web-searched,Fort Brothers Garage Doors,http://northtexgaragedoors.com/,northtexgaragedoors.com,Mesquite,TX,+1 214-396-6664,"2944 Motley Dr #323, Mesquite, TX 75150, United States",4.8,560,Yes,,,False,"Garage door installation, repair and maintenance",high,"northtexgaragedoors.com/contact-us — ""specializes in the installation, repair, and maintenance of garage doors... broken springs, openers, and panel replacements"".",,Garage Doors
NO,web-searched,Garage Tec Automatic Gates & Garage Door Repair,https://garagetec.org/,garagetec.org,Dallas,TX,+1 469-589-1155,"9965 Royal Ln Ste 35, Dallas, TX 75231, United States",5.0,935,Yes,,,False,Garage door and automatic gate repair/installation,high,"garagetec.org/services/ and /residential-garage-door-services/ — garage door and gate installation, repair, maintenance, plus air duct cleaning. No windows.",,Garage Doors
NO,web-searched,Garrett's Gates and Garage Doors,https://www.garrettsgatesandgaragedoors.com/,garrettsgatesandgaragedoors.com,,,+1 972-301-7619,,5.0,46,Yes,,,False,Garage door and automatic gate company,high,"garrettsgatesandgaragedoors.com/garage-door-company-wylie-tx/ — installation, repair, maintenance, panel replacement, weatherproofing, insulation, custom garage doors and gates.",,Garage Doors
NO,web-searched,M&M Garage Door Services,https://mandmgaragedfw.com/?utm_source=google&utm_medium=organic&utm_campaign=gbp,mandmgaragedfw.com,Dallas,TX,+1 469-401-9128,"9450 Skillman St Ste 106, Dallas, TX 75243, United States",4.9,86,Yes,,,False,Garage door repair and installation (residential + commercial),high,"Indexed pages mandmgaragedfw.com/garage-door-repair/, /commercial-garage-door-installation/, /rolling-steel-doors/, /glass-garage-doors/ — all garage door products (the only ""glass"" is glass garage doors).",,Garage Doors
NO,web-searched,Metro Garage Door Repair,https://www.metrogaragedoor.net/,metrogaragedoor.net,Dallas,TX,+1 972-391-3610,"2544 Southwell Rd, Dallas, TX 75229, United States",5.0,409,Yes,,,False,Garage door and gate repair,high,"metrogaragedoor.net/garage-door-spring-repair-dallas-tx/ and /garage-door-off-track-service-dallas-tx/ — springs, cables, openers, tracks, new door installation, swing/sliding gates.",,Garage Doors
NO,web-searched,Metroplex Garage Door Service,https://metroplexgaragedoorservice.com/?utm_source=google-gmb-maps&utm_medium=gmb-website-button&utm_campaign=locl.io&utm_content=bedb8477-f021-4a48-a2d3-55541e027b4b,metroplexgaragedoorservice.com,,,+1 469-724-1228,,5.0,70,Yes,,,False,Garage door repair and installation,high,"metroplexgaragedoorservice.com/garage-door-services-dallas/ — garage door repair, installation, spring repair, opener installation, off-track repair.",,Garage Doors
NO,web-searched,My Garage Door Repairman,https://mygaragedoorrepairman.com/,mygaragedoorrepairman.com,Dallas,TX,+1 214-888-3771,"221 York Ave St, Dallas, TX 75208, United States",4.9,166,Yes,,,False,Garage door repair and installation,high,"mygaragedoorrepairman.com/about/ — ""specializes in comprehensive garage door repair services for both residential and commercial clients""; services are repair, spring replacement, installation, replacement.",,Garage Doors
NO,web-searched,Nation Overhead Door & Gate,http://www.nationoverheaddoor.com/,nationoverheaddoor.com,,,+1 972-590-8895,,5.0,103,Yes,,,False,"Overhead/garage door and gate installation, repair and iron fabrication",high,"nationoverheaddoor.com/garage-door-services/, /commercial-overhead-door-repair/, /welding/ — garage/overhead doors, automatic gates, wrought iron fabrication. No windows.",,Garage Doors
NO,web-searched,Precision Garage Door of Dallas,https://precisiondoordallas.com/?utm_source=google&utm_medium=gmb&utm_campaign=GMB+Dallas,precisiondoordallas.com,Dallas,TX,+1 214-919-9992,"12021 S Plano Rd Ste 110, Dallas, TX 75243, United States",4.8,788,Yes,,,False,Garage door and opener repair/installation franchise,high,"precisiondoordallas.com and /gates — garage door and opener install/repair/maintenance, springs, rollers, cables, driveway and security gates.",,Garage Doors
NO,web-searched,Preston Park Garage & Opener Expert,https://prestonparkgaragedoorexpert.com/,prestonparkgaragedoorexpert.com,Dallas,TX,+1 469-567-9534,"8111 Preston Rd, Dallas, TX 75225, United States",5.0,25,Yes,,,False,Garage door and opener repair/installation,high,"prestonparkgaragedoorexpert.com — ""garage door repair & installation service in Dallas, TX""; 24/7 emergency service, same-day repairs, free estimates. No window work.",,Garage Doors
NO,web-searched,Smooth and Easy Garage Door Services LLC,http://www.smoothandeasyservices.com/,smoothandeasyservices.com,,,+1 214-810-9826,,4.9,79,Yes,,,False,"Garage doors, roofing and general home repair/handyman",medium,"smoothandeasyservices.com — 'specializing in a wide variety of roofing, garage door, and home repair services'; site pages found were /?page_id=1618 'Garages' and /?page_id=1620 'Roofing'; no window install/replacement page or mention surfaced in either search",,Garage Doors
NO,web-searched,Tanners Garage Door,http://www.tannersgaragedoor.com/,tannersgaragedoor.com,,,+1 469-345-6270,,5.0,639,Yes,,,False,Residential and commercial garage door repair and installation,high,"tannersgaragedoor.com/garage-doors/ and /garage-door-repair/ — 'full spectrum of garage door repair services, including spring replacement, cable repair, panel replacement, track realignment, opener repair'; no building-window work",,Garage Doors
NO,web-searched,Veteran Garage Door Repair,https://veterangaragedoor.com/veteran-garage-door-repair-of-dallas-tx/,veterangaragedoor.com,Dallas,TX,+1 972-865-6985,"2821 McKinney Ave #4, Dallas, TX 75204, United States",4.9,331,Yes,,,False,"Garage door repair, service and installation",high,"veterangaragedoor.com — 'garage door repair, service, and installation, including fixing doors off track, loose cables, spring replacements, opener repairs, new door installations'; garage doors only",,Garage Doors
NO,web-searched,Welborn Garage Door Repair,https://callwelborngarage.com/dallas/?utm_source=google&utm_medium=organic&utm_campaign=gbpwebsite-dallas-tx,callwelborngarage.com,Dallas,TX,+1 972-280-7552,"1920 Hutton Ct #500, Dallas, TX 75234, United States",4.9,5427,Yes,,,False,Garage door repair and installation (15 DFW offices),high,"callwelborngarage.com/garage-door-repair/ and /new-garage-doors/ (steel, wood, carriage) — repair and replacement of garage doors and openers only.",,Garage Doors
NO,web-searched,Wylie’s Garage Door Repair Center Co.,https://wyliesgaragedoorrepaircenterco.com/,wyliesgaragedoorrepaircenterco.com,Dallas,TX,+1 469-838-5939,"10000 Walnut St, Dallas, TX 75243, United States",4.7,41,Yes,,,False,"Garage door repair, installation and maintenance",high,"wyliesgaragedoorrepaircenterco.com/repair/, /garage-door-installation-wylie-tx/, /residential-garage-door-repair-wylie-tx/ — garage doors, openers, springs, commercial rolling steel doors.",,Garage Doors
YES,web-searched,AM Gutter Services,https://www.amgutterservices.com/,amgutterservices.com,Dallas,TX,+1 214-980-4366,"5641 SMU Boulevard #106, Dallas, TX 75206, United States",5.0,257,Yes,"Window installation offered as a specialty service alongside gutters, roofing and siding",Both,False,"Gutter installation, cleaning and repair contractor",medium,"amgutterservices.com/about-us — ""The company offers specialty services including Roof Installation, Siding Installation, Window Installation, Fence Installation, and Power Washing.""",,Gutters
NO,web-searched,Creative Gutter,https://creativegutter.com/,creativegutter.com,Dallas,TX,+1 214-324-4674,"1515 Fuller Dr, Dallas, TX 75218, United States",4.9,138,Yes,,,False,Residential and commercial gutter contractor (since 1984),high,"creativegutter.com/gutter-installation-repair-dallas/ and /gutter-replacement-dallas/ — ""full service residential and commercial guttering contractor""; windows only mentioned as something gutters protect.",,Gutters
NO,web-searched,The Brothers That Just Do Gutters,https://central-dfw.brothersgutters.com/,central-dfw.brothersgutters.com,Dallas,TX,+1 972-957-7598,"4900 Calvert St Unit B106, Dallas, TX 75247, United States",4.9,532,Yes,,,False,"Gutter installation, repair and cleaning franchise",high,"central-dfw.brothersgutters.com — seamless gutter installation, replacement, repair, cleaning, gutter guards, drainage, fascia/soffit repair; ""They specialize exclusively in gutters—gutters are all they do.""",,Gutters
NO,web-searched,The Gutters Wizards | Dallas,https://gutterswizard.com/,gutterswizard.com,Dallas,TX,+1 469-246-3135,"1720 Regal Row suite 322, Dallas, TX 75235, United States",5.0,6,No,,,False,"Gutter cleaning, repair and installation",high,"gutterswizard.com — three services listed: gutter cleaning, gutter repair, gutter installation. No window work.",,Gutters
NO,web-searched,Dee's Construction Remodeling & Painting Co.,https://dees-construction-remodeling-painti.vercel.app/,dees-construction-remodeling-painti.vercel.app,,,+1 469-279-7439,,4.7,30,Yes,,,False,General contractor / remodeler and painter,low,"Nextdoor and BuildZoom listings: services are flooring, door and window TRIM, roofing, electrical, handyman, painting, deck renovation, kitchen and bathroom remodeling, fence building, plumbing. Window trim is carpentry, not window install/replacement; two searches found no window installation service.",,Painting
NO,web-searched,Remodeling and Painting Solutions LLC.,http://www.dallasrps.com/,dallasrps.com,Dallas,TX,+1 469-674-0510,"11508 Reeder Rd Unit 103, Dallas, TX 75229, United States",4.5,32,Yes,,,False,Kitchen/bath remodeling and painting contractor,medium,"dallasrps.com listings — ""specializes in kitchen, bath, and all other types of home remodeling""; services listed as remodeling, bathroom, kitchen, painting, flooring, concrete, handyman. No windows.",,Painting
NO,web-searched,"Summit Painting Solutions, LLC",http://www.summitpainting.io/,summitpainting.io,,,+1 469-880-1867,,4.9,47,Yes,,,False,Painting and drywall contractor,medium,"summitpainting.io — services listed: residential & commercial interior/exterior painting, cabinet painting & refinishing, drywall repair, tape/bed/texture. No windows.",,Painting
NO,web-searched,Tony's painting and remodeling Llc,http://www.tonyspaintingandremodelingllc.com/,tonyspaintingandremodelingllc.com,Dallas,TX,+1 214-815-8085,"7544 Marietta Ln, Dallas, TX 75241, United States",4.9,111,Yes,,,False,Painting and remodeling contractor,medium,"tonyspaintingandremodelingllc.com listings — texture, tape & bed, stain, sheetrock, lap siding, interior/exterior painting, wallpaper, specialty painting, trim, tile. No windows.",,Painting
NO,web-searched,1 Stop Glass,http://1stopglass.com/,1stopglass.com,Dallas,TX,+1 972-755-3851,"8035 E R L Thornton Fwy, Dallas, TX 75228, United States",4.8,4864,No,,,True,Auto glass / windshield repair and replacement chain,high,"1stopglass.com — ""1 Stop Glass - Premium Auto Glass Service Since 2000"" and /services/windshield-replacement; mobile auto glass with 58 shops in 9 states. No building glass.",,Shower-Mirror-Glass
YES,web-searched,AC Glass and Mirror,http://www.acglass.biz/,acglass.biz,Dallas,TX,+1 214-604-3394,"2708 Reynolds Ave, Dallas, TX 75232, United States",3.3,7,Yes,"Window glass replacement, single and double pane, same/next-day",Both,False,Glass company — shower/mirror division plus window glass division,high,"acglass.biz — ""two divisions: Shower and Mirrors and Windows and Glass Replacement""; expertise includes ""window glass replacements in 24 hours or same day"" and ""window glass replacement (double pane and single pane)"".",,Shower-Mirror-Glass
UNCLEAR,web-searched,Adan Only Glass Services,https://www.onlyglassservices.com/,onlyglassservices.com,,,+1 682-241-3379,,,,Yes,,,False,Glass services (unverified),low,"Two searches returned no indexed content for onlyglassservices.com or for this business; results were dominated by an unrelated ""Adan's Auto Glass"" in West Valley City, Utah. No Google review text available either. Genuinely no usable evidence.",,Shower-Mirror-Glass
YES,web-searched,Alamo Glass & Mirror,https://www.alamoglassco.com/,alamoglassco.com,Dallas,TX,+1 214-821-2886,"10510 Olympic Dr, Dallas, TX 75220, United States",4.0,37,Yes,Window glass repair and replacement; commercial storefronts and curtainwall,Both,False,Full-service glass and mirror company (since 1943),high,"alamoglassco.com/products-services.html titled ""Residential & Commercial Glass in Dallas, TX"" — ""glass shower doors, glass table tops, decorative pattern glass, custom and decorative framed mirrors and window glass repair and replacement"", plus commercial storefronts.",,Shower-Mirror-Glass
YES,web-searched,Alpha Glass & Mirror Co,http://www.agmglass-dfw.com/,agmglass-dfw.com,Dallas,TX,+1 214-637-5500,"8901 Sovereign Row, Dallas, TX 75247, United States",3.7,9,No,"Commercial and retail glass/window replacement, wet sealing",Commercial,False,Commercial glass and glazing contractor (~40 years),high,"agmglass-dfw.com — ""specializes in the installation and maintenance of commercial glass and windows""; services: ""commercial and retail glass replacement, door repair and maintenance, mirror replacement, and window filming and wet sealing"".",,Shower-Mirror-Glass
YES,web-searched,Alvarez Glass and Mirror LLC,http://www.alvarezglass.com/,alvarezglass.com,Dallas,TX,+1 214-906-3955,"11227 Goodnight Ln #905, Dallas, TX 75229, United States",3.7,3,Yes,Complete window replacement (vinyl / thermally broken) and window glass replacement; storefront glazing,Both,False,Full-service commercial and residential glass company,high,"alvarezglass.com — ""Windows (Complete Windows with Vinyl or Thermally Broken materials, or Glass Replacement)"", plus Storefront (new construction, remodeling, repair, glass walls) and flat glass install incl. dual pane, low-e, tempered.",,Shower-Mirror-Glass
YES,web-searched,C-TEX Glass And Door LLC,http://ctexglassanddoor.com/,ctexglassanddoor.com,,,+1 832-579-7053,,,,Yes,Window glass and door glass; commercial storefront glass installation,Both,False,"Glass and door fabrication/installation (storefronts, partitions, mirrors)",medium,"ctexglassanddoor.com — sheet glass, commercial storefront doors, glass installation, glass partitions, railings, mirrors; sister site page title ""Window Glass in Balch Springs TX 75180, Door Glass in Balch Springs"".",,Shower-Mirror-Glass
YES,web-searched,Carlos Glass and Construction,http://carlosglasstx.com/,carlosglasstx.com,Dallas,TX,+1 682-288-8941,"3185 Darvany Dr, Dallas, TX 75220, United States",5.0,7,Yes,"Windows listed as a service line alongside commercial glass and glass storefronts, residential and commercial",Both,False,"Glass contractor (showers, mirrors, storefronts, windows, handrails)",high,"carlosglasstx.com/services/ - service list: 'showers, store fronts, commercial glass, handrails, mirrors, windows, and wine cellars'; also blog page carlosglasstx.com/the-impact-of-glass-storefronts-on-business-success/",,Shower-Mirror-Glass
YES,web-searched,Century Glass & Mirror Inc. of Dallas,http://www.centuryglassdallas.com/,centuryglassdallas.com,Dallas,TX,+1 214-823-7773,"1417 N Washington Ave, Dallas, TX 75204, United States",4.9,87,Yes,"Plate & window glass repair and replacement, insulated glass replacement, storefront glass; residential and commercial new installations, replacements and repairs",Both,False,Full-service glass and mirror company,high,"Listed services: 'plate & window glass repair & replacement, windows, insulated glass replacement, shower doors & enclosures, mirrors, table furniture tops, shelves, cabinet glass and storefront'; categorized as a 'Doors & Windows' business in Dallas TX",,Shower-Mirror-Glass
UNCLEAR,web-searched,"CJ glass and aluminum supply, narigta 2, Salunayan, Midsayap, 9410 Cotabato",https://www.facebook.com/manongcj.bussness?mibextid=ZbWKwL,facebook.com,,,0956 960 3639,,,,Yes,,,False,Glass and aluminum supply (Philippines) — unverified,low,"Business is in Midsayap, Cotabato, Philippines with only a Facebook page. Search found a similarly-named ""CJ Glass and Aluminum Supply and Installation"" but based in Manila, and an unrelated C.J.F. Aluminum in Quezon City — cannot confirm this is the same business or that it does building-window work. No usable evidence.",YES,Shower-Mirror-Glass
YES,web-searched,Crystalia Glass,https://crystaliaglass.com/,crystaliaglass.com,Farmers Branch,TX,+1 718-690-0258,"3214 Belt Line Rd Suite 458, Farmers Branch, TX 75234, United States",4.9,95,Yes,"Double glazing, glass installation, curtain walls and storefronts — designed and installed",Both,False,Architectural glazing systems designer/fabricator that also installs,high,"crystaliaglass.com/we-install/ — installs in 19 US states; service list: ""Double Glazing, Glass Block Installation, Glass Installation, Mirror Installation, Glass Partition, Sliding and Folding Glass Doors, Curtain Walls, Storefronts, Glass Balustrades and Railings.""",,Shower-Mirror-Glass
NO,web-searched,Dallas Frameless Glass,http://www.dallasframeless.com/,dallasframeless.com,Farmers Branch,TX,+1 469-781-7675,"12200 N Stemmons Fwy, Farmers Branch, TX 75234, United States",4.3,18,Yes,,,False,Frameless shower door and enclosure company,medium,"dallasframeless.com — ""Best Frameless Glass Shower Doors""; offerings are frameless/semi-frameless doors, sliding shower doors, custom steam shower enclosures. No house-window glass work found.",,Shower-Mirror-Glass
YES,web-searched,Dallas Glass and Mirror,https://www.dallasglassandmirror.net/,dallasglassandmirror.net,Dallas,TX,+1 469-737-5374,"11245 Goodnight Ln #19, Dallas, TX 75229, United States",4.9,472,Yes,"Window repair and replacement, 24-hour glass replacement, emergency board-up",Both,False,Family-owned glass and mirror company (third-generation glazier),high,"dallasglassandmirror.net/glass/ — ""Their services include window repair and replacement, glass shower enclosures, custom mirrors, glass railings, storefronts, and emergency board-up service.""",,Shower-Mirror-Glass
UNCLEAR,web-searched,Dallas Glass Contractors LLC,https://www.dallasglasscontractors.com/,dallasglasscontractors.com,Dallas,TX,,"4245 N Central Expy Suite 490, Dallas, TX 75205, United States",5.0,4,Yes,,,False,Commercial and residential architectural glass contractor,low,"dallasglasscontractors.com — ""provides architectural glass products and installation services to local architects, home owners, designers, contractors, developers, property management companies"", but the only named services are glass railings, frameless shower doors and shower enclosures. Two searches surfaced no window or storefront glazing evidence either way.",,Shower-Mirror-Glass
YES,web-searched,Daltex Glass & Aluminum Inc,https://daltexglass.com/,daltexglass.com,Farmers Branch,TX,+1 214-865-9961,"11419 Ferrell Dr #108, Farmers Branch, TX 75234, United States",4.4,49,Yes,"Supplies, fabricates and installs custom windows and storefronts",Both,False,"Glass, aluminum and window supplier/installer",high,"daltexglass.com — ""supplies, fabricates and installs custom glass, aluminum, mirrors, storefronts, shower enclosures and glazing services across Dallas-Fort Worth""; services: ""custom windows, doors, shower glass, mirrors & storefronts"".",,Shower-Mirror-Glass
UNCLEAR,web-searched,DFW MYSTIC Mirrors & Glass,https://www.instagram.com/dfwmystic/?hl=en,instagram.com,,,+1 214-732-5458,,5.0,11,Yes,,,False,Glass and mirror shop (Instagram-only presence),low,"Only source found is the Instagram bio for @dfwmystic (""MYSTIC MIRROR & GLASS"") — ""strives on professionalism & quality for all your glass needs & ideas"", no service list. Google reviews mention a bathroom project and a glass tabletop. Two searches produced no evidence on building windows either way.",,Shower-Mirror-Glass
NO,web-searched,Dh&McBella Glass and Mirrors,http://dhmcbellaglassandmirrors.com/,dhmcbellaglassandmirrors.com,Lancaster,TX,+1 682-323-5309,"3146 Springfield Ave, Lancaster, TX 75134, United States",4.8,21,No,,,False,"Custom shower door, mirror and interior glass fabricator",medium,"dhmcbellaglassandmirrors.com and /portfolio — ""custom shower doors, commercial glass, office partitions, and hardware"", custom glass doors, sliding shower glass, mirrors, glass stairs. No house-window or IGU work listed.",,Shower-Mirror-Glass
YES,web-searched,Discount Glass Texas,http://discountglasstexas.com/,discountglasstexas.com,Dallas,TX,+1 972-900-8748,"11063 Dennis Rd, Dallas, TX 75229, United States",4.9,1497,Yes,"Window replacement and repair, storefront windows, commercial glass across Dallas/Carrollton",Both,False,Window replacement and repair / commercial glass contractor,high,"Indexed page titles from own site: 'Storefront Windows - Discount Glass Texas Window Replacement & Repair' (discountglasstexas.com/storefront-windows/), 'Commercial Glass Carrollton - Discount Glass Texas Window Replacement & Repair', 'Commercial Glass Dallas: Elevate Your Space Today!'",,Shower-Mirror-Glass
NO,web-searched,Dominate Hardware LLC,http://www.dominatehardware.com/,dominatehardware.com,Dallas,TX,+1 214-713-7716,"10737 King William Dr, Dallas, TX 75220, United States",4.9,17,Yes,,,False,Glazing supplies and architectural hardware supplier (shower/storefront hardware),high,"dominatehardware.com — ""Glazing Supplies & Architectural Hardware""; product catalogue of shower hinges, clamps, handles, sliding systems, storefront aluminum and door hardware, stock shower door glass. A parts supplier, not an installer.",,Shower-Mirror-Glass
YES,web-searched,Eagles glass inc,http://www.eaglesglassinc.com/,eaglesglassinc.com,Dallas,TX,+1 214-447-8919,"11105 Shady Trail Ste 122, Dallas, TX 75229, United States",,,Yes,Window glass and storefront glass replacement; residential and commercial glass installation,Both,False,"Commercial glass and glazing contractor (storefront, curtain wall, partitions)",high,"eaglesglassinc.com/storefront-and-curtain-wall page; services described as ""storefront glass replacement, window glass, residential and commercial construction, mirrors installation, caulking services, and commercial glass & aluminum installations"".",,Shower-Mirror-Glass
NO,web-searched,"Eridion Glass, LLC",http://eridionglass.com/,eridionglass.com,,,+1 844-374-3466,,5.0,17,Yes,,,False,"Custom specialty glass subcontractor — frameless showers, mirrors, railings",medium,"eridionglass.com listings — ""they specialize in frameless showers, custom mirrors, and glass railings for homes across DFW""; full service list (glass block, glass cutting, shower doors, backsplash, countertops, pool fencing, partitions) contains no window installation or window glass replacement.",,Shower-Mirror-Glass
YES,web-searched,Excelsior Glass and Mirror LLC,http://excelsiorglass.co/,excelsiorglass.co,,,+1 214-622-3021,,4.4,20,Yes,Residential window installation and window repair/replacement; commercial storefronts,Both,False,"Glass installation company (windows, showers, mirrors, storefronts)",high,"excelsiorglass.co homepage is titled ""Window Installation""; ""residential window installation and solar screens, custom glass shower enclosures, commercial storefronts""; service list includes ""window installation, glass repair, mirror repair, window repair, and replacements"".",,Shower-Mirror-Glass
YES,web-searched,Gibraltar Glass,https://gibraltarglass.com/,gibraltarglass.com,Garland,TX,+1 972-271-7333,"3933 Leon Rd #307, Garland, TX 75041, United States",4.2,5,Yes,Window replacement alongside commercial glazing work,Commercial,False,Commercial glass and glazing contractor (tenant finish-out),medium,"Listings for Gibraltar Glass Inc: ""main lines of business include Glass & Glazing Contractors"" and ""they appear to offer window replacement service in addition to their commercial glass work""; structural/non-structural glass installs, Herculite doors, conference room glazing.",,Shower-Mirror-Glass
YES,web-searched,Glasshouse,http://glasshouseproducts.com/?utm_source=google&utm_medium=Yext,glasshouseproducts.com,Dallas,TX,+1 214-761-1100,"4811 Lakawana St, Dallas, TX 75247, United States",4.3,6,Yes,Produces and installs custom windows and storefront glass,Both,False,High-end custom glass and mirror fabricator/installer,high,"glasshouseproducts.com/services/ (""Residential & Commercial Glass in Central Texas"") — ""Specializing in custom showers, railings, storefronts, doors, windows, and mirrors, Glasshouse produces and installs glass solutions""; also Storefront Glass and Architectural Glass in product list.",,Shower-Mirror-Glass
YES,web-searched,Glassworks Texas,https://glassworkstexas.com/,glassworkstexas.com,,,+1 214-281-0052,,5.0,8,Yes,Residential window replacement; commercial storefront and window systems,Both,False,Residential and commercial glass installation/replacement company,high,"glassworkstexas.com/our-services/ — residential list begins ""window replacement, patio & bi-fold doors...""; dedicated page /storefronts-window-systems/ for aluminum/steel/glass storefront and window systems.",,Shower-Mirror-Glass
NO,web-searched,Hartung Glass Industries,https://www.hartung-glass.com/locations/texas/,hartung-glass.com,Dallas,TX,+1 972-247-4113,"12900 Nicholson Rd, Dallas, TX 75234, United States",4.3,29,Yes,,,False,"Glass fabricator / manufacturer (tempering, IG units) selling B2B",high,"hartung-glass.com/locations/texas/ — ""Custom Glass Fabricator in Texas""; ""provides innovative solutions to Architects/Designers, Glazing Contractors and Glass Companies"". Wholesale fabricator, does not install for end customers.",,Shower-Mirror-Glass
YES,web-searched,iDEAL GLASS DFW,http://idealglassdfw.com/,idealglassdfw.com,,,+1 469-745-2626,,4.4,7,Yes,Insulated glass units and aluminum storefront glazing,Both,False,"Glass shop — shower enclosures, mirrors, storefronts, insulated glass",medium,"idealglassdfw.com/services/ — ""Ideal Glass DFW specializes in aluminum storefronts, mirrors, shower enclosures, glass railings and insulated glass."" Insulated glass and storefront glazing qualify; shower/mirror work is the bulk of the business.",,Shower-Mirror-Glass
YES,web-searched,Imperial Glass Texas LLC,https://www.imperialglasstx.com/,imperialglasstx.com,Dallas,TX,+1 214-613-5104,"10869 Shady Trail Ste 160, Dallas, TX 75220, United States",4.6,135,Yes,"Residential and commercial window glass replacement and whole-window replacement meeting city code; also storefront glass, shower doors, mirrors, railings",Both,False,Glass shop (shower/mirror/glass) that also does window installation and replacement,high,"Own site page title: 'Glass Window Installation & Replacement Metroplex' at imperialglasstx.com/windows/; site text: 'residential whole windows and glass replacement, and their window replacement meets city code requirements'",,Shower-Mirror-Glass
YES,web-searched,LUXOR Mirrors & Glass,https://instagram.com/luxor__glass?igshid=1p65kgn2hjaad,instagram.com,,,,"Dallas, TX 75207, United States",4.7,33,Yes,"Window installation in and around Dallas; products include low-e windows, tempered glass, aluminum window products; also shower glass and mirrors",Residential,False,Mirror and glass shop (shower glass) that also installs windows,medium,"Listing/profile text: 'LUXOR Mirrors & Glass offers shower glass installation and window installation in and around Dallas, TX' and product list including 'low-e windows' and 'aluminum window products'; categorized as a 'Doors & Windows' business (local.yahoo.com/info-209839631-luxor-mirrors-glass-dallas)",,Shower-Mirror-Glass
YES,web-searched,Montgomery Glass LLC,http://montgomeryglassllc.com/,montgomeryglassllc.com,,,+1 682-715-2323,,5.0,16,Yes,Repairs cracked and foggy window panes (IGU) alongside custom glass work,Both,False,"Custom glass installer — frameless showers, partitions, tabletops",medium,"montgomeryglassllc.com — ""custom glass installation, including frameless shower doors, glass partitions, and tabletops... They also handle repairs for cracked or foggy panes.""",,Shower-Mirror-Glass
YES,web-searched,Oak Cliff Mirror & Glass Company,http://glassnajiffy.com/,glassnajiffy.com,Dallas,TX,+1 214-747-4875,"2202 N Beckley Ave, Dallas, TX 75208, United States",3.9,91,Yes,Installs glass windowalls/curtainwalls and aluminum storefronts; cut-to-size glass,Both,False,Glass fabrication and installation company (est. 1932),high,"glassnajiffy.com/residential/ and /about-us/ — ""they cut glass to size, sell framed mirrors, install shower doors, install aluminum storefronts, and glass windowalls/curtainwalls perfect for any residential or commercial application.""",,Shower-Mirror-Glass
YES,web-searched,Omega Glass & Mirror Co,http://omegaglassdallas.com/,omegaglassdallas.com,Dallas,TX,+1 214-821-8283,"6212 Mercedes Ave, Dallas, TX 75214, United States",4.7,37,Yes,"Windows, plate glass and insulated glass supply and installation; storefronts",Both,False,Full-service residential and commercial glass company (est. 1990),high,"omegaglassdallas.com — ""full service residential and commercial glass company offering Windows & Plate Glass, Insulated Glass, Bevel & Glass Tops, Store Fronts, Mirrors, Commercial Door Repair, and Tempered Safety Glass""; Google review: ""he came on time and did the window repair fast"".",,Shower-Mirror-Glass
NO,web-searched,Preferred Glass DFW,https://www.preferredglassdfw.com/contact-us,preferredglassdfw.com,Dallas,TX,+1 682-808-8690,"1750 Empire Central Dr, Dallas, TX 75235, United States",4.6,8,No,,,False,Custom frameless shower and mirror installer,medium,"preferredglassdfw.com/about-us titled ""Custom Frameless Showers & Mirrors"" — ""specializes in residential glass installation and installs custom showers and mirrors, office partitions, glass wine rooms"". A second, window-specific search confirmed they focus on custom glass rather than window/foggy-glass replacement.",,Shower-Mirror-Glass
YES,web-searched,Ranger Glass and Mirror,http://www.rangerglassandmirror.shop/,rangerglassandmirror.shop,,,+1 903-423-0536,,4.3,6,Yes,"Window installation, window glass repair and replacement",Both,False,Full-service glass and mirror shop (est. 2000),high,"rangerglassandmirror.shop listings — ""full service glass and mirror shop offering residential and commercial services including shower doors, windows, mirrors, storefronts, cabinet glass, and table tops""; services include ""windows installation... glass and window repair services... glass and window replacement services"".",,Shower-Mirror-Glass
UNCLEAR,web-searched,Razor Mirror and Glass,https://www.razormirrorandglass.com/,razormirrorandglass.com,,,+1 469-258-0821,,,,Yes,,,False,Glazier / glass and mirror shop (services unverified),low,"Two searches returned no indexed content from razormirrorandglass.com. Only trace found is a directory entry: ""Razor Mirror & Glass, 3828 Mt Washington St, Dallas, TX 75211, (469) 258-0821, listed as a Glaziers company."" No service list and no Google review text — cannot tell whether they do building windows.",,Shower-Mirror-Glass
UNCLEAR,web-searched,Skye Glass,https://www.facebook.com/share/1AtPaKYrkH/?mibextid=wwXIfr,facebook.com,,,+1 430-346-5920,,5.0,34,Yes,,,False,Shower glass installer (Facebook-only presence),low,"No website and no indexed business content — two searches found nothing for ""Skye Glass"". The only evidence is the Google reviews, which describe shower glass only (""Freddie has been taking care of my shower glass installs"", ""outstanding job on our custom shower glass installations""). Not enough to confirm or rule out house-window work.",YES,Shower-Mirror-Glass
YES,web-searched,Super Glass Llc,http://www.superglassllc.com/,superglassllc.com,,,+1 214-624-4623,,4.0,,Yes,Window glass installation/replacement and new windows,Residential,False,"Glass installation company (Balch Springs, TX)",medium,"HomeAdvisor profile for Super Glass, LLC, 2816 Hickory Tree Road, Balch Springs TX: ""offers Window Glass Installation or Replacement Service, Mirrors Installation and Replacement, New Windows Service"". Note: distinct from the unrelated SuperGlass windshield-repair franchise.",,Shower-Mirror-Glass
YES,web-searched,Texas Pride Mirror & Glass LLC,https://texaspridemirrornglass.com/,texaspridemirrornglass.com,,,+1 214-281-6638,,5.0,11,Yes,"Window replacement, window installation and window leak repair",Both,False,"Glass, mirror and window contractor",high,"Listings for texaspridemirrornglass.com — ""offers quality window installation services in Dallas, TX""; services: ""door replacement, door repair, frameless showers, caulking repair and replacement, window replacement, window installation service, and window leak repair"". Google review mentions a dog breaking a window.",,Shower-Mirror-Glass
NO,web-searched,Wise Glass,https://wiseglassllc.net/near-me/plano-tx-glass-shower-doors/?utm_source=gmb&utm_medium=referral,wiseglassllc.net,Plano,TX,+1 945-322-4706,"800 Fulgham Rd Suite 5, Plano, TX 75093, United States",5.0,100,Yes,,,False,Custom frameless shower door company (4 DFW showrooms),high,"wiseglassllc.net — ""Frameless Shower Doors DFW""; ""designs, fabricates, and installs custom shower doors, glass partition walls, custom mirrors, steam shower enclosures, glass railings, and wine cellar enclosures"". No window glass work.",,Shower-Mirror-Glass
YES,web-searched,Acme Glass and Tinting,https://911window.com/,911window.com,,,+1 972-677-7172,,4.5,49,Yes,Replacement windows and sliding doors; fogged and broken window glass repair (5-yr seal-failure warranty),Both,False,Window replacement and glass repair company that also does building window tinting,high,"911window.com/about/ — ""provides fogged and broken glass repair as well as solar screens, window tinting, and replacement windows and sliding doors for both residential and commercial customers""; explicitly ""do not tint vehicle glass"". Google review: ""Had an issue with a double hung window and Acme came out next day"".",,Tint-Film
NO,web-searched,Adhesive Pro Window Tinting,http://adhesiveprodfw.com/,adhesiveprodfw.com,Duncanville,TX,+1 214-668-6438,"630 E Hwy 67 A, Duncanville, TX 75137, United States",4.9,180,Yes,,,False,Window film / tint and paint protection film installer,high,"adhesiveprodfw.com/home-window-tint-dallas-texas/ and /about-adhesive-pro-dallas-texas/ — window tint, paint protection film and vinyl graphics; films include graffiti, safety and decorative. Film application only, no window install/replacement.",,Tint-Film
YES,web-searched,AmeriTint Window Specialists,https://ameritint.com/,ameritint.com,,,+1 972-243-8468,,4.8,52,Yes,"Vinyl replacement windows, retrofit windows, double-pane/foggy glass replacement",Both,False,Replacement window installer that also does window film/tinting,high,"Dedicated pages ameritint.com/vinyl-replacement-windows-coppell-highland-village-lewisville-plano-tx/, /retrofit-windows/, /energy-efficient-windows/, /double-pane-glass-foggy-glass/. Google review: ""If you are looking for great windows at a reasonable price, look no further than AmeriTint"".",,Tint-Film
NO,web-searched,Dallas Window Film,https://denverwindowfilm.com/,denverwindowfilm.com,,,+1 214-329-9603,,4.5,2,Yes,,,False,Window film / tinting contractor,medium,"Two searches: dallaswindowfilm.com is ""the leading window tinting contractor in Dallas, offering commercial and residential window film installation""; denverwindowfilm.com is the same operator's Denver site (""provider of window film products and services... since 2008""). Film application only — no window install/replacement found.",,Tint-Film
NO,web-searched,Dallas Window Tint,http://www.dallaswindowtint.com/,dallaswindowtint.com,Dallas,TX,+1 214-553-5938,"10825 Plano Rd #4, Dallas, TX 75238, United States",4.8,140,Yes,,,True,"Auto, commercial and residential window tinting",high,"dallaswindowtint.com and /auto-tinting — ""Professional Auto & Commercial Window Tint""; services are ""tint application, tint removal, tint repair, and window film installation"". Film only, no glass or window replacement.",,Tint-Film
NO,web-searched,DFW Window Film Inc,https://www.dfwwindowfilm.com/,dfwwindowfilm.com,Dallas,TX,+1 214-888-3456,"7712 Meadowhaven Dr, Dallas, TX 75254, United States",5.0,107,Yes,,,False,Residential and commercial window film installer,high,"dfwwindowfilm.com/window-film, /residential-suppliers, /decorative-window-film — sun-control, decorative, privacy, safety/security, anti-graffiti and UV films. No window or glass replacement; a review notes they turned down a job rather than install film on structurally weak glass.",,Tint-Film
NO,web-searched,DFW Window Tinting,https://dfwwindowtinting.com/,dfwwindowtinting.com,,,+1 972-846-8464,,5.0,40,Yes,,,False,Residential/commercial window film (tint) installation,high,"dfwwindowtinting.com: 'specializes in tinting commercial businesses and residential homes' — film only, lifetime warranty on residential film; no window install/replacement",,Tint-Film
NO,web-searched,DTXTINTZ LLC,https://dtxtintz.org/,dtxtintz.org,,,+1 945-353-6584,,5.0,36,Yes,,,True,Automotive window tinting,high,"dtxtintz.org title 'DTXTintz — Precision Automotive Window Tinting'; ceramic/carbon/dyed film for cars and trucks, tint removal, vehicle wraps",,Tint-Film
NO,web-searched,Mobile Window Tint WJ Dallas,https://www.windowmobiletint.com/,windowmobiletint.com,Dallas,TX,+1 214-772-5971,"2607 Rampart St, Dallas, TX 75235, United States",5.0,139,Yes,,,True,"Mobile window tinting / window film (auto, residential, commercial)",high,"windowmobiletint.com 'WJ MOBILE WINDOW TINT' — offers standard, carbon, ceramic and nano ceramic films for automotive, residential and commercial applications; film application only, no window install/replacement found",,Tint-Film
NO,web-searched,Professional Window Tint of Dallas,https://www.glasstinting.com/,glasstinting.com,,,+1 214-348-1234,,4.9,237,Yes,,,False,Window film / tint and glass frosting installer (residential + commercial),high,"glasstinting.com/services/ — 'Dallas TX Residential Window Tinting', 'Dallas TX Commercial Window Tinting', 'Dallas TX Window Frosting'; 25+ years of 'professional window film installation'; Madico film product line. Film on existing glass only.",,Tint-Film
NO,web-searched,Quality Window Tint | Same Day Home Service,https://qualitywindowstint.com/,qualitywindowstint.com,,,+1 214-882-7145,,4.1,73,Yes,,,True,Auto and home window tint film application,high,"qualitywindowstint.com: 'Car Window Tinting and Home Window Tinting ... window film installation, tint removal, tint application, tint repair' — film only",,Tint-Film
NO,web-searched,RSJ Window Tint,http://rsjwindowtint.com/,rsjwindowtint.com,Dallas,TX,+1 469-855-7636,"902 S Peak St Ste c, Dallas, TX 75223, United States",4.9,123,Yes,,,True,Automotive window tinting shop,high,rsjwindowtint.com '#1 Window Tint Shop in Dallas Texas'; directory listings describe ceramic tint installs on vehicles at 902 S Peak St,,Tint-Film
NO,web-searched,Texas Audio Customs & Window Tint,http://www.texasaudiocustoms.com/,texasaudiocustoms.com,Garland,TX,+1 972-840-2606,"2218 S Jupiter Rd Ste 104, Garland, TX 75041, United States",4.8,522,Yes,,,True,"Car audio, vehicle wrap and auto window tint",high,"texasaudiocustoms.com: 'custom car audio and lighting ... car audio components, window tint, vinyl wrap, auto alarms, LED lighting'",,Tint-Film
NO,web-searched,Tint World,https://www.tintworld.com/locations/tx/dallas-013,tintworld.com,Dallas,TX,+1 972-872-8468,"4238 Maple Ave, Dallas, TX 75219, United States",4.8,344,Yes,,,True,"Auto styling franchise: window tint, wraps, detailing, car audio",high,tintworld.com/locations/tx/dallas-013/home-window-tinting/ — home window tinting is film only; balance of services is automotive tint/wraps/detailing,,Tint-Film
NO,web-searched,Torres Window Tint (Mobile service),https://torreswindowtinttx.com/,torreswindowtinttx.com,Dallas,TX,+1 214-469-6265,"7423 Cortland Ave, Dallas, TX 75235, United States",4.9,87,Yes,,,True,"Mobile window tinting, PPF and ceramic coating",high,"Directory listings: 'professional window tinting, paint protection film, and ceramic coatings for auto, commercial, and residential applications' — film only",,Tint-Film
NO,web-searched,Tritek Window Tinting & Paint Protection,https://tritektinting.com/,tritektinting.com,Garland,TX,+1 972-926-5666,"2638 National Dr, Garland, TX 75041, United States",5.0,3695,Yes,,,True,Auto/residential/commercial window film and paint protection,high,"tritektinting.com 'Dallas Window Tinting and Paint Protection Film' — 'window tinting, paint protection film, ceramic coating, privacy and security film'",,Tint-Film
NO,web-searched,WETINT WINDOWS,https://www.wetintwindows.net/,wetintwindows.net,Dallas,TX,+1 214-225-0509,"3880 W Ledbetter Dr, Dallas, TX 75233, United States",4.7,4725,Yes,,,True,Window tinting shop,medium,"tintbrokers.com tint-shop listing for WETINT WINDOWS, 3880 W Ledbetter Dr Dallas — tint shop; no window install/replacement content indexed",,Tint-Film
NO,web-searched,Window Film Depot - Home & Commercial Window Tint,https://www.windowfilmdepot.com/locations/texas/dallas-fort-worth/,windowfilmdepot.com,Dallas,TX,+1 469-607-1480,"9330 Lyndon B Johnson Fwy #900, Dallas, TX 75243, United States",5.0,3,Yes,,,False,"National 3M window film installer (security, solar, graphics)",high,"windowfilmdepot.com '3M Window Film Installation Company' — safety/security film, sun control, anti-graffiti, graphics; film application only",,Tint-Film
NO,web-searched,WJ Window Tint,https://www.tintwindowpro.com/,tintwindowpro.com,Dallas,TX,+1 214-426-4067,"11838 E NW Hwy, Dallas, TX 75218, United States",5.0,2,Yes,,,True,Automotive/residential/commercial window tinting,high,"tintwindowpro.com (WJ Window Tint Pro): 'automotive, residential, and commercial window tinting'; Carbon Ceramic / Nano Ceramic films",,Tint-Film
NO,web-searched,Blessed by the Best,http://blessedbythebest214.com/,blessedbythebest214.com,,,+1 214-863-8266,,5.0,10,Yes,,,False,Window cleaning service,medium,No pages from blessedbythebest214.com indexed in search; Google review evidence: 'Best window cleaning service ever. Always on time...',,Window Cleaning
NO,web-searched,Clear View Window Cleaning,https://clearviewwindowsdfw.com/,clearviewwindowsdfw.com,,,+1 469-879-5094,,5.0,,Yes,,,False,"Window cleaning, pressure washing, gutter cleaning",medium,"BBB profile 'DFW ClearView Window Cleaning' filed under Window Cleaning, Dallas; DFW Clear View: 'residential and commercial clients for window cleaning, pressure washing, and gutter cleaning'",,Window Cleaning
NO,web-searched,ClearVue Solutions,https://clearvue.solutions/,clearvue.solutions,,,+1 214-704-2531,,5.0,46,Yes,,,False,Window cleaning and pressure washing,medium,No pages from clearvue.solutions indexed; Google review: 'ClearVue did an excellent job cleaning my windows and pressure washing my driveway',,Window Cleaning
NO,web-searched,Contact Window Cleaning,https://contactwindowcleaning.com/,contactwindowcleaning.com,,,+1 214-390-5774,,5.0,203,Yes,,,False,Residential and commercial window cleaning,high,"contactwindowcleaning.com: 'professional, commercial and residential window/glass cleaning services ... screen cleaning, track cleaning' since 2005",,Window Cleaning
NO,web-searched,Dallas Maids,https://dallasmaids.com/,dallasmaids.com,Dallas,TX,+1 469-487-6669,"2606 Manor Way, Dallas, TX 75235, United States",4.9,500,Yes,,,False,Residential house cleaning / maid service,high,"dallasmaids.com/house-cleaning/ — standard/deep/move-out house cleaning, apartment cleaning, carpet cleaning",,Window Cleaning
YES,web-searched,Dallas Window Butler,http://dallaswindowbutler.com/,dallaswindowbutler.com,,,+1 469-640-8551,,4.8,21,Yes,"Vinyl replacement window sales & installation, glass replacement, foggy/IGU repair, weatherproofing; also doors",Residential,False,Residential window replacement and glass repair contractor,high,"dallaswindowbutler.com 'Best Window Replacement Company'; pages /windows, /doors, /services/foggy-window-repair; 'vinyl window sales & installation, glass replacement ... window weatherproofing'",,Window Cleaning
NO,web-searched,Dallas Windows and Gutter Cleaning,https://bestwindowcleanerdallas.com/,bestwindowcleanerdallas.com,,,+1 214-597-3248,,4.9,189,Yes,,,False,Window and gutter cleaning,high,"bestwindowcleanerdallas.com/services/window-cleaning — 'Window Cleaning, Gutter Cleaning, Gutter Guard Installation, Gutter Repair, Screen Repair, Pressure Washing'",,Window Cleaning
NO,web-searched,GLASSGLOW Professional,https://glassglowusa.com/,glassglowusa.com,Dallas,TX,+1 945-408-5812,"5606 SMU Boulevard #601401, Dallas, TX 75206, United States",5.0,10,Yes,,,False,Residential and commercial window cleaning,high,"glassglowusa.com/specialities — 'residential and commercial window cleaning ... interior or exterior windows, sidewalks, or patios'",,Window Cleaning
NO,web-searched,Lakewood Window Cleaning,https://lakewoodwindowcleaning.com/,lakewoodwindowcleaning.com,Dallas,TX,+1 214-223-8846,"9105 Westglen Dr, Dallas, TX 75228, United States",4.8,163,Yes,,,False,"Window cleaning, gutter cleaning, pressure washing",high,"lakewoodwindowcleaning.com 'Professional Window Cleaning Services' + /gutter-cleaning/ — 'window cleaning (inside, outside and storm windows), skylights, gutter cleaning, pressure washing'",,Window Cleaning
NO,web-searched,LOOK Cleaning Services,http://www.lookwindowservice.com/,lookwindowservice.com,,,+1 214-864-0812,,5.0,67,Yes,,,False,"Window cleaning, power washing, gutter cleaning",high,"lookwindowservice.com/services — 'window cleaning, power washing, trash bin cleaning, gutter services'",,Window Cleaning
NO,web-searched,Morning Dew Window Cleaning,https://morningdewwindowcleaning.jobbersites.com/,morningdewwindowcleaning.jobbersites.com,,,+1 972-261-6998,,5.0,,Yes,,,False,Window washing,high,"morningdewwindowcleaning.jobbersites.com 'Professional Window Washing Services' — 'exterior/interior window cleaning, screen cleaning, cobweb removal, skylight cleaning, commercial window cleaning'",,Window Cleaning
NO,web-searched,North Dallas Window Cleaning,http://northdallaswindowcleaning.com/?utm_campaign=gmb,northdallaswindowcleaning.com,Dallas,TX,+1 469-871-5448,"11259 Goodnight Ln #1122, Dallas, TX 75229, United States",4.9,517,Yes,,,False,"Window cleaning, pressure washing, gutter cleaning, holiday lights",high,"northdallaswindowcleaning.com — 'professional window cleaning, pressure washing, gutter cleaning, and Christmas light installation'; standard vs deluxe window cleaning tiers",,Window Cleaning
NO,web-searched,Oceanview Window Cleaning,http://oceanviewtx.com/,oceanviewtx.com,,,+1 817-205-6916,,5.0,10,Yes,,,False,Window cleaning,high,"oceanviewtx.com 'Oceanview Window Cleaning' — streak-free window cleaning, quarterly window cleaning plan",,Window Cleaning
NO,web-searched,Pane Clinic Window Cleaning,https://paneclinicwindowcleaning.com/,paneclinicwindowcleaning.com,,,,,5.0,4,Yes,,,False,Window cleaning,medium,No pages from paneclinicwindowcleaning.com indexed; Google review: 'Got windows cleaned. Looking through clean windows again' / 'I have the cleanest windows that I have ever seen',,Window Cleaning
NO,web-searched,Paneless Home Services,https://panelesshomeservices.com/,panelesshomeservices.com,Dallas,TX,+1 214-662-2300,"2435 Squire Pl Ste 200, Dallas, TX 75234, United States",5.0,358,Yes,,,False,"Deep cleaning: windows, carpet, tile, pressure washing",high,"panelesshomeservices.com 'Dallas Deep Cleaning Service' — 'window cleaning, carpet cleaning, chandelier polishing, and pressure washing'",,Window Cleaning
NO,web-searched,Pegasus Window Washing,http://pegasuswindowwashing.com/,pegasuswindowwashing.com,,,+1 469-439-1749,,5.0,60,Yes,,,False,Window washing,high,pegasuswindowwashing.com/services — 'residential window washing ... commercial window washing ... solar panel washing ... gutter cleaning',,Window Cleaning
NO,web-searched,Picture Perfect Glass | Window Cleaning Dallas,https://pictureperfectglass.com/,pictureperfectglass.com,Dallas,TX,+1 972-798-9455,"2453 Glenda Ln Ste 2, Dallas, TX 75229, United States",5.0,471,Yes,,,False,Window cleaning and exterior cleaning (despite the 'Glass' name),high,"pictureperfectglass.com titled 'Window Cleaning Dallas TX'; /our-services — 'exterior window cleaning, pressure washing, gutter cleaning, and solar panel cleaning'",,Window Cleaning
NO,web-searched,Platinum Shine Window Cleaning,https://www.platinumshinewc.com/,platinumshinewc.com,,,+1 308-660-6473,,5.0,,Yes,,,False,Window and gutter cleaning,high,"platinumshinewc.com — 'window and gutter cleaning, including interior/exterior window cleaning, track and screen cleaning, and stain removal'",,Window Cleaning
NO,web-searched,Pristine Window Cleaning and Gutter Cleaning Dallas,https://dallaspristine.com/,dallaspristine.com,Dallas,TX,+1 682-304-8967,"4514 Cole Ave Suit 633, Dallas, TX 75205, United States",5.0,32,Yes,,,False,"Window cleaning, gutter cleaning, pressure washing",high,"dallaspristine.com/services/driveway-cleaning etc. — 'Dallas window cleaning, gutter cleaning, and pressure washing for estate homes'",,Window Cleaning
NO,web-searched,Royal Blue Exterior Services,http://www.royalblueexteriors.com/,royalblueexteriors.com,,,+1 469-324-9762,,5.0,37,Yes,,,False,"Exterior cleaning: window cleaning, pressure washing, soft washing",high,"royalblueexteriors.com 'Window Cleaning & Pressure Washing in Dallas-Fort Worth'; /Residential-Pressure-Washing, /frisco window cleaning pages",,Window Cleaning
NO,web-searched,Shine Window cleaning of Dallas Highland Park,https://shine-windowcleaning.com/location/highland-park/,shine-windowcleaning.com,,,+1 214-991-0183,,5.0,221,Yes,,,False,"Window cleaning, pressure washing, gutter cleaning, holiday lighting franchise",high,"shine-windowcleaning.com/location/highland-park/ 'Window Cleaning, Pressure Washing, & Holiday Lighting' — exterior/interior windows, screens, roof and gutter cleaning",,Window Cleaning
NO,web-searched,Shine window cleaning of Preston Hollow,https://shineofprestonhollow.com/,shineofprestonhollow.com,,,+1 214-991-0183,,4.5,2,Yes,,,False,"Window cleaning, pressure washing, gutter cleaning, holiday lighting franchise",high,"Shine of Preston Hollow: 'expert window cleaning, pressure washing, soft washing, gutter cleaning, string light and holiday lights installation' (shine-windowcleaning.com/highland-park/preston-hollow/)",,Window Cleaning
NO,web-searched,Spotlite Outdoor Services,https://www.spotliteservices.com/,spotliteservices.com,,,+1 469-966-8777,,5.0,4,Yes,,,False,"Power washing, fence staining, artificial turf maintenance",high,"spotliteservices.com/power-washing and /artificial-turf-maintenance — 'power washing, fence restoration & staining, artificial turf installation & maintenance'",,Window Cleaning
NO,web-searched,"Trusted Window and Gutter Cleaning, LLC",http://www.trustedwgc.com/,trustedwgc.com,,,+1 336-337-7175,,5.0,34,Yes,,,False,"Window and gutter cleaning, pressure washing",high,"trustedwgc.com — 'started by providing window and gutter cleaning but has now grown into pressure washing, gutter guard installation, and other handyman projects'",,Window Cleaning
NO,web-searched,Vista Home Solutions,https://vistahomesolutions.org/,vistahomesolutions.org,,,,,5.0,9,Yes,,,False,"Window washing, power washing, gutter cleaning",high,"vistahomesolutions.org/home and /gutter-cleaning — 'expert window cleaning and gutter services ... Window Washing, Powerwashing, and Gutter Cleaning'",,Window Cleaning
NO,web-searched,Window Cleaner Pros,https://windowcleanerpros.com/,windowcleanerpros.com,Farmers Branch,TX,+1 469-515-5212,"11410 Mathis Ave, Farmers Branch, TX 75234, United States",5.0,145,Yes,,,False,"Window cleaning, gutter cleaning, pressure washing",high,"windowcleanerpros.com 'Window Cleaner Dallas, TX (Free Estimates)' — 'Window Cleaning, Gutter Cleaning, and Pressure Washing services'",,Window Cleaning
NO,web-searched,Blackbird Custom Exterior Shutters,https://blackbirdshutters.com/,blackbirdshutters.com,Dallas,TX,+1 972-365-4943,"11649 Chairman Dr Ste 2, Dallas, TX 75243, United States",5.0,15,Yes,,,False,Custom exterior (decorative) shutters,medium,"blackbirdshutters.com/exterior-shutters/ — hand-crafted cedar/fiberglass exterior shutters, shutter installation and hardware; HomeAdvisor tags an 'exterior window installation' category but no window install content on their own site",,Blinds-Shades-Drapery
NO,web-searched,CB Anderson Shutter Co,https://www.cbandersonshutterco.com/,cbandersonshutterco.com,Dallas,TX,+1 469-386-6011,"11649 Chairman Dr Ste 2, Dallas, TX 75243, United States",5.0,31,Yes,,,False,Custom exterior/interior shutter manufacture and installation,high,"cbandersonshutterco.com/services/ 'Custom Shutter Services' — 'shutter installation, window treatment removal, window treatment installation or replacement, window treatment repair'",,Blinds-Shades-Drapery
NO,web-searched,Custom Drapery Dallas,http://www.draperydallas.net/,draperydallas.net,,,+1 214-838-5102,,5.0,,Yes,,,False,Custom drapery / window treatments,low,No pages from draperydallas.net indexed in either search; only other Dallas drapery firms returned. Classified from the trade name and the drapery/window-covering category — no direct site evidence found,,Blinds-Shades-Drapery
NO,web-searched,Custom Shade and Shutter,http://www.customshadeandshutter.com/,customshadeandshutter.com,,,+1 866-412-8898,,4.6,102,Yes,,,False,"Motorized roller shades, plantation shutters, patio shutters",high,"customshadeandshutter.com — 'premier retailer of aluminum patio shutter, exterior roller shades, traditional wood plantation shutters, and 100% motorized interior roller shades'",,Blinds-Shades-Drapery
NO,web-searched,Custom Window Treatments,http://www.cwtmore.com/,cwtmore.com,Dallas,TX,+1 972-554-0140,"S Loop 12, Dallas, TX 75211, United States",5.0,3,Yes,,,False,"Custom drapery, upholstery and window treatments",high,"cwtmore.com/services 'Solar Shades, Blinds, Woven Wood, and Shutters'; 'Drapes, Roman Shades, Cornices, Valances ... Upholstery and Reupholstery'",,Blinds-Shades-Drapery
NO,web-searched,Dallas Shutters,http://dallasshutters.info/,dallasshutters.info,,,+1 469-855-8086,,,,Yes,,,False,Plantation shutters / window coverings dealer (A Blind Decision),medium,"dallasshutters.info (Greg Hogan, 469-855-8086): 'Eclipse Shutters that offer control of light, temperature, noise and privacy ... free in-home estimates ... looking for window coverings'",,Blinds-Shades-Drapery
NO,web-searched,ELEVATED WINDOWS COVERINGS,http://elevatedwindowsdfw.com/,elevatedwindowsdfw.com,,,+1 214-940-0279,,5.0,11,Yes,,,False,"Blinds, shutters and motorized shades dealer",high,"elevatedwindowsdfw.com — 'affordable shutters, blinds & motorized shades, with free sales, service, and installation'; listed as a Blinds & Curtains Store",,Blinds-Shades-Drapery
NO,web-searched,Eva's Draperies & Home Decor,http://www.evasdrapes.com/,evasdrapes.com,Dallas,TX,+1 214-995-2628,"2532 Converse St, Dallas, TX 75207, United States",4.9,22,Yes,,,False,Custom drapery and home decor workroom,high,"evasdrapes.com — 'hand-making custom drapes, cornice boards, decorative pillows, bed skirts, roman shades ... also offers shutters, blinds, upholstery'",,Blinds-Shades-Drapery
NO,web-searched,Galaxy Design,https://www.galaxy-design.com/,galaxy-design.com,Dallas,TX,+1 866-215-3173,"3121 Main St #310, Dallas, TX 75226, United States",5.0,6,Yes,,,False,Luxury custom draperies and window treatments,high,"galaxy-design.com 'Custom DIY & Luxury Window Treatment Company' — 'drapes, curtains, valances and hardware for all types of windows'",,Blinds-Shades-Drapery
NO,web-searched,GP Drapery,http://www.gpdrapery.com/,gpdrapery.com,Dallas,TX,+1 214-856-8482,"7015 Twin Hills Ave #145, Dallas, TX 75231, United States",4.7,13,Yes,,,False,Custom drapery and motorized window treatments,high,"gpdrapery.com 'Custom Window Treatments & Drapery Solutions' and /services — 'Drapery, Shades, Motorization, Hardware, Bedding'",,Blinds-Shades-Drapery
NO,web-searched,Love is Blinds-Highland Park,https://www.loveisblindstx.com/window-treatments/highland-park-tx,loveisblindstx.com,,,+1 469-715-3316,,5.0,4,Yes,,,False,"Custom blinds, shades, shutters dealer/installer",high,"loveisblindstx.com/services 'Expert Window Services for Your Home' — 'blinds, shades, plantation shutters, and exterior patio shades'; window-treatment installation only",,Blinds-Shades-Drapery
NO,web-searched,LUX EcoShades LLC,http://www.luxecoshades.com/,luxecoshades.com,Dallas,TX,+1 214-620-8102,"10945 Estate Ln Ste E155, Dallas, TX 75238, United States",5.0,12,Yes,,,False,Custom roller shades and window film,high,"luxecoshades.com/about/ — 'custom roller shades (manual & motorized) and professional window films'; also awnings, curtains, miniblinds, pergolas",,Blinds-Shades-Drapery
NO,web-searched,Made in the Shade,https://mitsnorthcentraldallas.com/?utm_source=gbp,mitsnorthcentraldallas.com,Dallas,TX,+1 469-523-6587,"6060 N Central Expy Suite 500, Dallas, TX 75206, United States",5.0,91,Yes,,,False,"Custom blinds, shades, shutters and drapery franchise",high,"mitsnorthcentraldallas.com 'Custom Window Treatments' — 'custom blinds, shades, shutters, draperies, motorized window treatments and outdoor patio shades'",,Blinds-Shades-Drapery
NO,web-searched,Sierra Blinds,https://www.sierrablinds.com/,sierrablinds.com,Dallas,TX,+1 800-732-3150,"539 W Commerce St #1658, Dallas, TX 75208, United States",4.7,39,Yes,,,False,"Custom blinds, shutters and screens dealer",high,sierrablinds.com — 'custom blinds and shutters ... high quality customized indoor and outdoor blinds and screens'; same-day installation of window coverings,,Blinds-Shades-Drapery
NO,web-searched,Stoneside Blinds & Shades Dallas,https://www.stoneside.com/office/dallas-texas?utm_source=google&utm_medium=local&utm_campaign=gmb-dallas-local,stoneside.com,Dallas,TX,+1 469-903-5535,"4514 Cole Ave Suite 600, Dallas, TX 75205, United States",4.9,259,Yes,,,False,Custom blinds and shades (window coverings),high,"stoneside.com/office/dallas-texas 'Custom Window Treatments in Dallas, TX' — 'custom-made blinds & shades designed, measured and installed'",,Blinds-Shades-Drapery
NO,web-searched,"Sunburst Shutters, Shades & Blinds Dallas",https://www.sunburstshuttersdallas.com/?utm_source=google&utm_medium=organic&utm_campaign=gmb&utm_term=website,sunburstshuttersdallas.com,Dallas,TX,+1 214-301-5066,"10990 Petal St Ste 100, Dallas, TX 75238, United States",5.0,127,,,,False,"Plantation shutters, blinds and shades",high,"sunburstshuttersdallas.com 'Shutters, Blinds, & Shades in Dallas, TX' — 'plantation shutters, blinds, shades, draperies and window film'; they install shutters/blinds, not windows",,Blinds-Shades-Drapery
NO,web-searched,The Blind King,https://blindkingco.com/?utm_source=google&utm_medium=gbp&utm_campaign=listing,blindkingco.com,Dallas,TX,+1 817-755-5593,"4245 N Central Expy Suite 490, Dallas, TX 75205, United States",5.0,143,Yes,,,False,"Custom window treatments (blinds, shutters, shades)",high,"blindkingco.com 'The Blind King - Custom Window Treatments in Dallas, TX' — 'Window treatment installation or replacement ... plantation shutters, wood or fauxwood blinds, roller, cellular, or solar shades'",,Blinds-Shades-Drapery
NO,web-searched,The Shade Store,https://www.theshadestore.com/showrooms/texas/dallas?utm_source=google&utm_medium=organic&utm_content=dallas&utm_campaign=gmb-listing%C2%A0,theshadestore.com,Dallas,TX,+1 469-619-4942,"4516 McKinney Ave, Dallas, TX 75205, United States",4.2,47,Yes,,,False,"National custom shades, blinds and drapery retailer",high,"theshadestore.com/showrooms/texas/dallas 'Custom Window Curtains and Blinds Store - Dallas, TX' — 'custom Shades, Blinds, Drapery, and Curtains'; measure + install of window coverings",,Blinds-Shades-Drapery
NO,web-searched,Universal Window Coverings,http://www.universalwindow.net/,universalwindow.net,Dallas,TX,+1 214-905-0011,"4839 Cash Rd, Dallas, TX 75247, United States",5.0,2,Yes,,,False,Plantation shutters and custom wood window treatments,high,"universalwindow.net — 'largest dealer of O'Hair plantation shutters in the Dallas, Ft. Worth ... specializing in custom wood window treatments'; builds shutters for odd-shaped windows, does not install windows",,Blinds-Shades-Drapery
YES,web-searched,Dallas Door Designs,https://www.dallasdoorservices.com/,dallasdoorservices.com,Dallas,TX,+1 214-973-0373,"11239 Leo Ln, Dallas, TX 75229, United States",4.5,101,Yes,Sells and installs windows alongside doors (sliding glass doors & windows); door and window replacement/installation,Residential,False,Custom door sales/installation and remodeling (now trading as Your New Door),medium,dallasdoorservices.com/plano/ page titled 'Plano Doors & Windows'; services listed as 'custom doors ... sliding glass doors & windows'; search summary: 'door and window replacement and installation services in the Plano area',,Door-Only
NO,web-searched,DFW Doors LLC.,http://dfwdoorinstallations.com/,dfwdoorinstallations.com,,,+1 214-725-1557,,4.9,70,Yes,,,False,Door installation and repair only,high,"dfwdoorinstallations.com 'Expert Installation & Repair Services' — 'iron doors, interior doors, exterior doors, sliding glass doors, storm doors, French doors, and pocket doors', door framing and hardware; no windows listed",,Door-Only
YES,web-searched,DfwGlassPros,https://www.dfwglasspros.com/,dfwglasspros.com,Grand Prairie,TX,+1 214-524-8405,"1965 Courtside Dr, Grand Prairie, TX 75051, United States",5.0,3,Yes,"Window installation and replacement (new installs, repairs, upgrades, energy-efficient windows) plus glass work",Both,False,Residential and commercial glass/window installation,high,dfwglasspros.com/about-us — 'committed to providing the highest quality window installation services to residential and commercial clients ... from new installations to repairs and upgrades'; energy efficient windows,,Door-Only
YES,web-searched,Door & Frame Solutions LLC,https://doorframesolutions.com/,doorframesolutions.com,Dallas,TX,+1 214-628-5028,"2627 Brenner Dr, Dallas, TX 75220, United States",4.6,63,Yes,"Aluminum storefront framing, windows and glazing for new construction and remodel, installation available",Commercial,False,"Commercial door, frame, hardware and aluminum storefront supplier/installer",medium,"doorframesolutions.com/aluminum-storefront — 'aluminum doors and frames for exterior storefront and interior openings ... with glass and glazing along with installation available for both remodel and new construction'; product list includes 'aluminum interior frames, doors and windows' and 'window panes'",,Door-Only
NO,web-searched,Fireplace Door Guy,http://www.fireplacedoorguy.com/,fireplacedoorguy.com,Dallas,TX,+1 951-757-2696,"1927 Berkley Ave, Dallas, TX 75224, United States",3.4,5,Yes,,,False,"Fireplace doors, fireplace remodels, chimney sweep/repair",high,"fireplacedoorguy.com — 'the highest-quality fireplace doors, fireplace remodels, chimney sweep & repair since 1989'",,Door-Only
YES,web-searched,Green Mainland,https://www.greenmainland.com/,greenmainland.com,Dallas,TX,+1 945-351-7511,"2158 W Northwest Hwy Ste 407, Dallas, TX 75220, United States",5.0,38,Yes,"Sells and installs European-style aluminum windows (casement, tilt-turn, pivot, hopper, bifold, fixed) plus full-house glazing",Residential,False,Luxury windows and doors dealer/installer,high,"greenmainland.com 'Luxury Windows & Doors Dallas Texas' and /fixed-windows page — 'high-end aluminum windows, luxury entry doors, sliding glass systems ... full-house glazing solutions'; 'Installation services are offered only for Green Mainland products'",,Door-Only
YES,web-searched,Love That Door,https://www.lovethatdoor.com/?utm_campaign=gmbdallas,lovethatdoor.com,Dallas,TX,+1 214-891-3003,"1322 Round Table Dr, Dallas, TX 75247, United States",5.0,95,Yes,"Aluminum windows (design, manufacture and installation) alongside iron/aluminum doors and curtain walls",Both,False,"Custom wrought iron and aluminum doors, gates and railings",medium,"lovethatdoor.com — 'design, manufacturing, and installation of custom wrought iron doors, gates, and railings, as well as aluminum windows and doors'; service list includes 'Aluminum Windows ... Curtain Walls'",,Door-Only
YES,web-searched,Metroplex Door Repair LLC,http://metroplexdoorrepair.llc/,metroplexdoorrepair.llc,Dallas,TX,+1 469-328-6628,"6611 Lockheed Ave, Dallas, TX 75209, United States",4.6,36,Yes,"Commercial and residential glass installation/replacement including windows, storefront glass, partitions and facades",Both,False,Commercial glass and door installation/repair,high,"metroplexdoorrepairllc.com/services/ — 'Commercial Glass Services: complete glass solutions ... including windows, doors, partitions and facades with installations and replacements'; 'Storefront Glass Installation'; 'Residential Glass Services'",,Door-Only
NO,web-searched,Miracle Doors Door Refinishing,http://www.miracledoors.com/,miracledoors.com,Dallas,TX,+1 469-654-1520,"8035 E R L Thornton Fwy Suite 518D, Dallas, TX 75228, United States",4.9,65,Yes,,,False,Mobile front-door refinishing/restoration,high,"miracledoors.com/door-refinishing/ 'Front Door Refinishing' — on-site mobile refinishing of wood and fiberglass doors, weather stripping, kickplates, fence staining",,Door-Only
YES,web-searched,Panoramic Doors,https://panoramicdoors.com/,panoramicdoors.com,Fort Worth,TX,+1 817-952-3500,"15050 Frye Rd, Fort Worth, TX 76155, United States",4.5,138,Yes,"Manufactures and sells panoramic wide-panel windows and glass wall systems for homes and businesses, sold direct to end customers",Both,False,Manufacturer of slide-pivot-stack glass wall door systems (and matching windows),medium,"panoramicdoors.com/panoramic-windows/ 'Panoramic Windows for Homes & Businesses' — 'luxury wide-panel designs'; BBB/category listing includes 'replacement windows, window manufacturers'. Note: they manufacture and sell direct; installation appears to be by the customer's own installers",,Door-Only
NO,web-searched,Restore Your Door Dallas,https://dallasdoorrefinishing.com/,dallasdoorrefinishing.com,,,,,3.3,3,Yes,,,False,Door refinishing and restoration (plus door install/repair),high,"dallasdoorrefinishing.com 'Door Refinishing Dallas' — 'restoration and refinishing of hardwood, iron, and fiberglass doors'; also custom doors, door installation, door repair, garage doors — no windows",,Door-Only
NO,web-searched,Same Day Door,https://samedaydoordfw.com/,samedaydoordfw.com,,,+1 214-808-3574,,4.6,10,Yes,,,False,Residential door installation and repair,high,"samedaydoordfw.com — 'residential entry door installation and door replacement of both exterior and interior doors, including single, french/double, sliding, and pocket doors ... door hardware installation'; no windows",,Door-Only
NO,web-searched,Sky Glass Aluminum,https://skyglassaluminum.com/,skyglassaluminum.com,Dallas,TX,+1 972-807-9616,"10835 Shady Trail, Dallas, TX 75220, United States",4.6,41,Yes,,,False,Glass and aluminum distributor (Sky Building Materials),medium,"skyglassaluminum.com/products/ — 'specialize in the distribution of aluminum and glass products ... largest glass distribution company in Texas, providing a one-stop shop for all manufacturing or glazing needs'; distributor/supplier to glaziers, no window installation service evidenced",,Door-Only
YES,web-searched,Sliding Door Repair Dallas,https://slidingdoorsrepairdallas.com/,slidingdoorsrepairdallas.com,Dallas,TX,+1 346-353-2018,"7315 Gaston Ave, Dallas, TX 75214, United States",5.0,7,Yes,Window installation and broken-glass repair alongside sliding/patio door repair and glass door replacement,Residential,False,"Sliding door, window and glass repair/installation",medium,"slidingdoorsrepairdallas.com — 'the leading sliding door, window, and glass repair and installation company in Dallas'; services list includes 'broken glass repair services ... glass door replacement ... window installation'",,Door-Only
YES,web-searched,Star Glass Aluminum,https://starglassaluminum.com/,starglassaluminum.com,Dallas,TX,+1 972-464-6007,"11111 Ables Ln #124, Dallas, TX 75229, United States",4.9,126,Yes,"Residential and commercial window glass installation and repair, storefront glass and curtain-type systems",Both,False,"Glass and aluminum design, fabrication and installation",high,"starglassaluminum.com/residential-glass-installation-repair-dallas-tx/ — 'residential glass services for homes, remodels and repairs, from windows and mirrors to doors'; /storefront-glass-door-installation-dallas-tx/ and /commercial-glass-installation-repair-dallas-tx/",,Door-Only
YES,web-searched,"Texas Door & Trim, Inc.",http://www.tdt-inc.com/,tdt-inc.com,Dallas,TX,+1 214-342-9393,"11220 Petal St, Dallas, TX 75238, United States",2.8,24,,"Sells Andersen/Parrett/Eagle/Atrium/Velux windows with a full-time window specialist, and offers on-site window installation, staging, screen and tune services",Both,False,"Door, window and custom millwork supplier to builders, contractors and architects",medium,"tdt-inc.com/services/ — 'on-site installation support and expert tuning services. Installation services include staging services, installation training, installation, and screen and tune services for windows'; product line 'entry doors, interior doors, windows, scenic doors ... all types of windows from fibrex to ... aluminum-clad or vinyl-clad'",,Door-Only
UNCLEAR,web-searched,Texas Storefront Door,http://texasstorefrontdoor.com/,texasstorefrontdoor.com,Dallas,TX,+1 469-987-1873,"Manana Dr #190, Dallas, TX 75220, United States",,,Yes,,,False,unknown — no indexed content found,low,"Two searches returned no pages from texasstorefrontdoor.com and no directory listing for this business; results were other Dallas storefront-glass firms (Glass Doctor, Imperial Glass, DoorKo). No usable evidence either way; no Google review text supplied",,Door-Only
NO,web-searched,The Door Company - Dallas,http://www.doorframehardware.com/,doorframehardware.com,Dallas,TX,+1 214-803-6445,"2481 Manana Dr, Dallas, TX 75220, United States",4.5,14,Yes,,,False,"Commercial hollow metal/wood doors, frames, hardware and access control",high,"doorframehardware.com (The Door Frame & Hardware Company) — 'complete lines of Hollow Metal/Wood Doors, Frames, Finish Hardware and Access Control Systems'; services are specification, estimating, fire-door labeling, in-house woodshop; no windows",,Door-Only
YES,web-searched,The Glass Guy Glass Repair,https://www.theglassguytx.com/,theglassguytx.com,,,+1 682-216-5638,,5.0,179,Yes,"Window and door glass replacement, double-pane/IGU glass, emergency glass repair, solar screens",Residential,False,Residential window and glass replacement/repair,high,"theglassguytx.com/services/ 'Window & Glass Replacement Services in DFW' — 'expert window and door replacement, custom glass installations and repairs ... Double pane glass services'",YES,Door-Only
YES,web-searched,The Glass Guy Tx,https://www.theglassguytx.com/,theglassguytx.com,,,+1 682-216-5638,,,,Yes,"Window and door glass replacement, double-pane/IGU glass, emergency glass repair, solar screens (same business as ID 415)",Residential,False,Residential window and glass replacement/repair,high,"theglassguytx.com/services/ 'Window & Glass Replacement Services in DFW' — 'expert window and door replacement, custom glass installations and repairs'. Duplicate listing of ID 415 (same domain and phone)",YES,Door-Only
YES,web-searched,Universal Door Repair,https://universaldoorrepair.co/,universaldoorrepair.co,Dallas,TX,+1 214-529-3594,"4001 N Westmoreland Rd, Dallas, TX 75212, United States",5.0,,Yes,Aluminum & glass storefront repair and glass replacement on commercial buildings,Commercial,False,"Commercial door repair and installation (storefronts, automatic doors)",medium,"universaldoorrepair.co/about/ — 'specializes in repairing aluminum & glass storefronts, automatic doors, steel and wood door and door frames'; services listed include 'glass replacement'. Google review: 'Repaired a store front glass door'",,Door-Only
YES,web-searched,Vortex Doors,https://www.vortexdoors.com/,vortexdoors.com,Carrollton,TX,+1 214-420-0518,"2210 Hutton Dr #103, Carrollton, TX 75006, United States",5.0,931,Yes,Commercial glass entrance/storefront systems plus window repair and replacement and board-ups/glass replacement,Commercial,False,National commercial and industrial door repair/service company,medium,"vortexdoors.com/commercial-doors-services/entrance-swinging-doors/glass-entrance-doors — 'specialized repair, maintenance, and installation for commercial glass entrance doors and storefront systems. The team also handles window repair and replacement'; service list includes 'Board Ups and Glass Replacement'",,Door-Only
NO,web-searched,WeFix Sliding Doors,https://wefixslidingdoorsusa.com/,wefixslidingdoorsusa.com,,,+1 561-424-6659,,,,Yes,,,False,"Sliding/patio door repair (rollers, tracks, locks)",medium,"wefixslidingdoorsusa.com — 'sliding door repair, roller replacement, track repair, and installation'; 'sliding door lock repair, sliding door glass replacement, and window repair'. Door-repair specialist; 'window repair' is a passing mention with no window installation/replacement offering",,Door-Only
NO,web-searched,Your New Door,https://www.yournewdoor.com/?utm_medium=organic&utm_source=google&utm_campaign=gbp_richardson,yournewdoor.com,Richardson,TX,+1 214-785-0588,"620 N Coit Rd, Richardson, TX 75080, United States",4.9,64,Yes,,,False,"Residential door installation, repair and replacement",medium,"yournewdoor.com/services/ — 'custom doors, door repair, door replacement, patio doors, exterior doors, interior doors, door weather stripping, and pet door installation'; the only window-related page is /window-to-door-conversions/ (removing a window to fit a door), not window installation",,Door-Only
NO,web-searched,AAWAIZ IMPORTS,https://aawaizimports.com/,aawaizimports.com,Fort Worth,TX,+1 817-501-9599,"7558 Sand St, Fort Worth, TX 76118, United States",5.0,32,Yes,,,False,Wrought iron entry doors and full-view aluminum garage doors (ships nationwide),high,"aawaizimports.com/pages/about-us — 'specializes in wrought iron front doors and full view aluminum garage doors'; product pages are iron entry doors, bi-fold patio doors, frameless garage doors; no windows",,Suppliers-Manufacturers
NO,web-searched,ACM MIllwork,https://acmus.com/,acmus.com,Dallas,TX,+1 214-350-1341,"6025 Owens St, Dallas, TX 75235, United States",4.5,67,Yes,,,False,Specialty lumberyard / millwork supplier (windows and doors by special order),medium,"acmus.com/products/ — 'Dallas' premiere full service, specialty lumberyard catering to ... contractors, remodelers, and home owners'; special-orders Sierra Pacific and Lincoln windows. Second search found no installation service — supplier only. Borderline: they do sell windows over the counter to homeowners",,Suppliers-Manufacturers
NO,web-searched,Arcadia Texas Inc.,http://arcadiainc.com/,arcadiainc.com,Dallas,TX,+1 469-210-8245,"7601 Ambassador Row #102, Dallas, TX 75247, United States",4.4,449,Yes,,,False,"Manufacturer/supplier of architectural aluminum framing systems (curtain wall, storefront, windows)",medium,"arcadiainc.com/about-us/ — 'leading single-source supplier of architectural building products, including curtain wall, storefront, entrances, window, and interior framing'; sells systems to glazing contractors, no installation service for end customers",,Suppliers-Manufacturers
YES,web-searched,Bluesky Building Supplies LLC,https://www.blueskysupplies.net/,blueskysupplies.net,Dallas,TX,+1 469-451-9521,"11720 Chairman Dr #108, Dallas, TX 75243, United States",4.7,87,Yes,Supplies custom-size windows and doors and provides window installation service,Both,False,Windows and doors building-supply company,medium,"Business listings for Bluesky Building Supplies LLC (11720 Chairman Dr #108, contact@blueskysupplies.net): 'building supply company ... specializing in windows and doors ... custom size windows and doors ... They provide window installation service as part of their offerings'. Google review: 'We ordered 19 windows...'",,Suppliers-Manufacturers
YES,web-searched,Builders Surplus Yeehaa,https://builderssurplusyeehaa.com/locations/garland/?utm_source=GBP,builderssurplusyeehaa.com,Garland,TX,+1 972-926-0100,"2610 W Miller Rd, Garland, TX 75041, United States",4.9,3776,Yes,Retails new vinyl/stock replacement windows to homeowners and arranges installation through local partners (~$150-400 per window),Residential,False,"Discount building-materials retailer (doors, windows, cabinets, flooring)",low,"builderssurplusyeehaa.com/windows/surplus-windows/surplus-windows-dallas/ and /product-category/windows/stock/ 'Vinyl Windows - Weather Resistant'; 'Installation is available through local partners, which ranges between $150 and $400 per window'. Note: installation is subcontracted, not in-house",,Suppliers-Manufacturers
NO,web-searched,D&J Builders Surplus,http://djbuilderssurplus.com/,djbuilderssurplus.com,Lancaster,TX,+1 972-666-1422,"3014 N Interstate 35 E Rd, Lancaster, TX 75134, United States",5.0,104,Yes,,,False,Iron/fiberglass/wood door showroom and surplus building materials,medium,"djbuilderssurplus.com 'Iron Doors, Fiberglass Doors & Wood Doors Texas' — 'iron, fiberglass, wood, storm, pivot, and dog doors ... Expert installation and financing are available'. Second search found no window product line despite the 'Doors & Windows' directory category",,Suppliers-Manufacturers
NO,web-searched,Davis-Hawn Lumber Company,http://www.davis-hawn.com/,davis-hawn.com,Dallas,TX,+1 214-946-8123,"1941 S Beckley Ave, Dallas, TX 75224, United States",4.5,82,Yes,,,False,Lumberyard and architectural millwork supplier; authorized JELD-WEN windows & doors dealer,medium,"davis-hawn.com/windows-doors-and-trim/ — 'custom order Sierra Pacific Windows, Jeld-Wen Windows and Doors, Milgard, La Cantina Doors and Velux Skylights'; millwork division 'manufactures custom doors and windows'. Second search found no installation service — dealer/supplier to builders, remodelers and homeowners. Borderline: sells windows direct to homeowners but does not install",,Suppliers-Manufacturers
NO,web-searched,DW Distribution Door Fabrication - Lancaster,https://www.dwdistribution.com/,dwdistribution.com,Lancaster,TX,+1 214-381-2200,"2001 Danieldale Rd, Lancaster, TX 75134, United States",3.9,26,Yes,,,False,"Two-step wholesale distributor of building materials and millwork (doors, jambs, glass, mouldings)",high,"'DW Distribution, established in 1955, is a family owned and operated two-step wholesale distributor of Building Materials and Millwork Products serving Texas, Oklahoma, Arkansas, Louisiana and New Mexico' - dwdistribution.com / realcedar.com member profile. Two-step wholesale = sells to dealers/lumberyards, not to end customers; no installation.",,Suppliers-Manufacturers
NO,web-searched,"Imperial Tempered Glass, LLC",http://www.imperialtemperedglass.com/,imperialtemperedglass.com,Dallas,TX,+1 214-681-5582,"10869 Shady Trail #140, Dallas, TX 75220, United States",5.0,,,,,False,Tempered glass fabricator / supplier,low,"Own site imperialtemperedglass.com indexes only as 'We are Coming Soon'. BBB lists 'Imperial Tempered Glass, LLC' (Dallas) under the category 'Tempered Glass'. Google review reads as over-the-counter supply ('I can get it much faster and cheaper here than at the competitors... happy to continue shopping with them'). No evidence of installing windows. NOTE: a separate company at a neighbouring Shady Trail suite, Imperial Glass TX (imperialglasstx.com), DOES do window/storefront glass installation - do not confuse the two.",,Suppliers-Manufacturers
NO,web-searched,Jeld-Wen Manufacturing Inc,http://www.jeld-wen.com/about/company/history,jeld-wen.com,Garland,TX,+1 972-272-3667,"4409 Action St, Garland, TX 75042, United States",2.9,24,Yes,,,False,Window and door manufacturer selling through dealers and home centers,high,"'Find a JELD-WEN Dealer Near You' - jeld-wen.com/en-us/where-to-buy; products sold via local dealers, Home Depot and Lowe's, with installation performed by the retailer/dealer, not JELD-WEN. Pure manufacturer, no direct-to-consumer installation.",,Suppliers-Manufacturers
NO,web-searched,Krestmark Industries LP,https://rymap.org/business/krestmark-industries-lp-pnjjdt,rymap.org,Dallas,TX,+1 214-237-5055,"3950 Bastille Rd #100, Dallas, TX 75212, United States",2.2,70,No,,,False,Vinyl/aluminium window manufacturer (now part of Westlake Royal Windows Solutions),high,"'Krestmark Industries is a quality vinyl window manufacturer based in Dallas, Texas. In addition to replacement and new construction vinyl windows, Krestmark also manufactures aluminum windows and patio doors' - 300,000 sf Dallas plant, sold through retailers (Google review references buying them at Home Depot/Lowe's). Manufacturer only, does not install.",,Suppliers-Manufacturers
NO,web-searched,"Lansing Building Products - Dallas, TX",https://www.lansingnow.com/visitor/lansing-branches/texas/dallas-tx?&destinationWarehouseCode=DALL,lansingnow.com,Dallas,TX,+1 214-631-6700,"2330 Alberta Dr #200, Dallas, TX 75229, United States",4.5,53,,,,False,Wholesale distributor of exterior building products to professional contractors,high,"lansingbp.com - 'Exterior Building Products For Contractors'; 'distributing exterior building materials (siding, windows, doors, trim, gutters and more) to professional contractors across the U.S. since 1955'; site has a 'Find A Contractor' form, i.e. they refer homeowners out rather than install.",,Suppliers-Manufacturers
NO,web-searched,Ply Gem - Cornerstone Building Brands,http://www.plygem.com/,plygem.com,Dallas,TX,+1 888-975-9436,"9001 Ambassador Row, Dallas, TX 75247, United States",1.6,54,Yes,,,False,Windows/doors and exterior products manufacturer,high,"plygem.com/how-to-buy - Ply Gem windows and doors are 'sold through a large network of trusted distributors, lumberyards, contractors and retail locations'; installation is offered by Home Depot or a homeowner-sourced pro, not by Ply Gem. Manufacturer, no direct install.",,Suppliers-Manufacturers
YES,web-searched,Solara Custom Living - Showroom,https://solaracustomliving.com/,solaracustomliving.com,Dallas,TX,+1 214-744-9900,"142 Howell St, Dallas, TX 75207, United States",4.7,30,Yes,"Custom steel/iron and thermally broken aluminium windows and doors, made to order and installed for end customers",Both,False,"Custom iron/steel door, window, railing and lighting manufacturer with Dallas Design District showroom",medium,"solaracustomliving.com/custom-doors - 'manufacturer of custom iron doors, windows, railings, and lighting'; services listed include Steel Windows and Iron Windows; 'best lines for European thermally broken steel and aluminum doors and windows'. Google review: 'Aluminum window and doors. Steel doors and windows... They stand behind their work and did all installation in timely manner.' Manufacturer that also installs = YES.",,Suppliers-Manufacturers
YES,web-searched,The Glass People,https://www.qualityinsulatedglass.com/,qualityinsulatedglass.com,Dallas,TX,+1 972-677-7598,"10762 N Stemmons Fwy, Dallas, TX 75220, United States",4.5,59,Yes,Insulated glass (IGU) and custom glass design and installation for homes and buildings; residential and commercial glass,Both,False,Glass company / insulated glass fabricator and installer (dba Quality Insulated Glass and Service),high,"'residential and commercial glass, insulated glass design and installation, custom glass design and installation' - qualityinsulatedglass.com/insulated-glass; chamberofcommerce.com lists The Glass People under 'window installation service'.",,Suppliers-Manufacturers
YES,web-searched,XLR8 Industries LLC,https://xlr8ind.com/,xlr8ind.com,Dallas,TX,+1 214-457-2814,"W Kiest Blvd, Dallas, TX 75236, United States",5.0,5,Yes,"Window glass replacement, broken/cracked glass panel repair, sliding glass door repair, commercial glass repair, emergency board-up",Both,False,Glass repair and replacement plus smart privacy film / frameless showers,high,"xlr8industries.com/glass-repair-dallas - 'fast, reliable glass repair and replacement for residential and commercial properties in Dallas, TX. Common services include window glass replacement, sliding glass door repair, broken or cracked glass panels, and commercial glass repair.' Contact e-mail support@xlr8ind.com and phone 214-457-2814 match the listing.",,Suppliers-Manufacturers
YES,web-searched,Ace Handyman Services Dallas,https://www.acehandymanservices.com/offices/dallas?utm_source=google&utm_medium=gbp,acehandymanservices.com,Dallas,TX,+1 214-831-2509,"8350 N Central Expy Ste 1900, Dallas, TX 75206, United States",4.9,770,Yes,Window replacements and adjustments listed under installation services,Residential,False,Handyman / home repair and installation franchise,medium,"acehandymanservices.com/services/installation - 'expert installation for doors, windows, appliances and more'; installation list includes 'window replacements and adjustments for improved comfort and energy efficiency'.",,General Contractors
NO,web-searched,Aldo’s Drywall Contracting Services,https://www.aldodrywallcontractor.com/dallas-tx,aldodrywallcontractor.com,Dallas,TX,+1 214-225-2844,"4514 Cole Ave Suit 633, Dallas, TX 75205, United States",5.0,53,Yes,,,False,"Drywall installation, repair, texture and interior painting",high,"aldodrywallcontractor.com/drywall-services - 'drywall patching & repairs, water damage repairs, seamless texture blending, and interior painting for homes & offices'; no window work anywhere on the service pages.",,General Contractors
NO,web-searched,AMR Arquitectural Metal Restoration Llc,http://www.amrrestoration.com/,amrrestoration.com,,,+1 817-896-2905,,,,Yes,,,False,"Commercial metal/wood restoration, painting, pressure washing and property make-readies",medium,"amrrestoration.com/recent-work - 'parking lot restriping, make-readies, wood and metal restoration, concrete repair, drywall, painting, pressure washing, window sealing'. Window SEALING/caulking only - no window installation, replacement or glazing found.",,General Contractors
NO,web-searched,April Building Services,https://aprilservices.com/,aprilservices.com,Dallas,TX,+1 214-630-7215,"7929 Brookriver Dr Ste. 325, Dallas, TX 75247, United States",3.8,12,Yes,,,False,"Commercial high-rise window cleaning, waterproofing and building restoration",high,"aprilservices.com/services - 'the premier commercial window cleaning, waterproofing, and restoration provider in Dallas, Ft. Worth and North Texas... interior and exterior window cleaning'. Window CLEANING = excluded.",,General Contractors
YES,web-searched,Autograph Construction,https://autographconstruction.com/,autographconstruction.com,,,+1 214-210-0202,"Dallas, TX 75372, United States",4.8,145,Yes,"Window installation listed as a service alongside roofing, siding, gutters and patio covers",Both,False,"General and roofing contractor (DFW, 22 years)",high,"Service list on autographconstruction.com / HomeAdvisor profile includes 'Roof Replacement, and Window Installation'; site also offers 'Gutters, Windows, Siding, Patio Covers, and Garages'.",,General Contractors
YES,web-searched,Azul Home Remodeling,https://azulhomeremodeling.com/,azulhomeremodeling.com,Dallas,TX,+1 214-991-5600,"8117 Preston Rd, Dallas, TX 75225, United States",4.9,110,Yes,Energy-efficient window replacements as part of exterior improvements,Residential,False,"Home remodeling contractor (kitchens, baths, additions)",medium,"azulhomeremodeling.com/services - 'the team tackles exterior improvements such as new entry doors, siding refreshes, and energy-minded window replacements.'",,General Contractors
YES,web-searched,Blake Construction Blake Construction,http://www.blake-construction.com/contact-us/,blake-construction.com,Dallas,TX,+1 214-563-5035,"100 S Glasgow Dr, Dallas, TX 75214, United States",5.0,5017,Yes,Replacement windows as a listed remodeling service,Residential,False,Custom home builder / full-service remodeler,medium,"blake-construction.com/services - 'full service remodeling services including kitchens, baths, additions, replacement windows and hardie siding.'",,General Contractors
NO,web-searched,CJJ Remodeling,http://cjjremodeling.com/,cjjremodeling.com,,,+1 469-877-3539,,4.8,24,Yes,,,False,"Bathroom, kitchen and flooring remodeler; residential roofing",medium,"cjjremodeling.com - 'specializes in bathroom and kitchen remodeling, premium flooring, and residential roofing'; detailed service list (shower remodeling, plumbing, framing, fireplace tile, backsplash, hardwood/carpet/vinyl/laminate floors) contains no window work.",,General Contractors
YES,web-searched,Complete Home Remodel & Renovation,https://www.completehomerr.com/,completehomerr.com,,,+1 469-476-2131,,4.9,14,Yes,"Window installation and window replacement; exterior renovations covering siding, windows and doors",Residential,False,Full-service remodeling and general contracting,high,"completehomerr.com/remodeling-services - 'their services include window installation and window replacement, along with... roofing, siding installation'; 'exterior renovations that include siding, windows, and doors'.",,General Contractors
NO,web-searched,Cruz All Services Handyman & Renovations LLC,https://www.cruzallservices.com/,cruzallservices.com,Dallas,TX,+1 214-529-4622,"2848 Mark Twain Dr, Dallas, TX 75234, United States",4.9,28,Yes,,,False,"Handyman and renovation contractor (baths, kitchens, decks, siding, drywall)",medium,"Service list from cruzallservices.com / Houzz profile: 'barn design & construction, bathroom remodeling, deck building and repair, drywall installation, home additions, home remodeling, kitchen remodeling, siding installation and repair, stair installation, tile installation, wood flooring' - no windows listed.",,General Contractors
YES,web-searched,D & K Contracting,https://dkcontracting.pro/,dkcontracting.pro,Dallas,TX,+1 469-964-3653,"10029 Cayuga Dr, Dallas, TX 75228, United States",5.0,38,Yes,Window replacement listed among services,Both,False,Residential and commercial roofing contractor,high,"dkcontracting.pro/services - services include 'gutter installation, custom metal work, kitchen & bathroom remodels, fence building, window replacement, and pergola polymer covers.'",,General Contractors
YES,web-searched,DFW Residential P Remodeling,https://dfwresidentialremodeling.com/,dfwresidentialremodeling.com,,,+1 469-359-3851,,5.0,19,Yes,Windows & Doors is a listed service category; installs replacement windows,Residential,False,Residential remodeling and construction,high,"dfwresidentialremodeling.com - 'The company offers Windows & Doors services along with... Kitchens, Bathrooms, Carpentry, House Additions'; 'DFW Residential recently installed windows in homes'. Supported by Google review: 'this pic is the biggest window. They did all the windows in my house!'",,General Contractors
NO,web-searched,DTX Handyman Services,https://www.dtxhandymanservices.com/,dtxhandymanservices.com,,,+1 972-813-9474,,4.8,81,Yes,,,False,Veteran-owned handyman / small home repair company,medium,"dtxhandymanservices.com/services - 'Window repair services include screen replacement, sash repair, and weather-stripping, and window treatment installation includes blinds, shades, and curtain rods.' Screens, weather-stripping and window coverings only - no window installation or replacement.",,General Contractors
YES,web-searched,EcoStar Remodeling & Construction,https://ecosremodeling.com/,ecosremodeling.com,Dallas,TX,+1 866-227-1298,"13140 Coit Rd Ste 340, Dallas, TX 75240, United States",4.6,323,Yes,Window installation; 'raise the value and comfort of your home with new windows',Residential,False,Full-service home remodeling and construction,high,"ecosremodeling.com/services - 'a full suite of services, including kitchen remodeling, bathroom remodeling, roofing, landscaping, driveways, window installation, painting and more.'",,General Contractors
NO,web-searched,Elite Handyman & Remodeling,http://elitehandymanremodeling.com/,elitehandymanremodeling.com,Cedar Hill,TX,+1 469-285-7939,"1431 Shields Ave, Cedar Hill, TX 75104, United States",4.8,110,Yes,,,False,"Handyman / general contracting (repairs, foundation work, painting, bath remodels)",medium,"Two searches returned only 'window caulking, window repair, and window screen installation services' for Elite Handyman & Remodeling (Cedar Hill) - no window installation or replacement found on their site or directory profiles. Google review mentions expanding a window into a sliding door, but that is not evidence of a window replacement service.",,General Contractors
YES,web-searched,Eric's Home Renovations,http://ericshomerenovation.com/,ericshomerenovation.com,,,+1 682-318-4710,,4.9,96,Yes,Door and window replacements,Both,False,Residential and commercial remodeling / general contracting,medium,ericshomerenovation.com/home-improvement-services-in-texas - 'The company offers door and window replacements along with a broader range of services.',,General Contractors
YES,web-searched,EVOLVE RESTORATION,http://www.evolveconstruction.com/,evolveconstruction.com,,,+1 469-949-4997,,5.0,5,Yes,Windows and doors is one of six remodeling categories in their retail home-improvement division,Both,False,Roofing contractor and storm/insurance restoration,medium,"einpresswire release + evolveconstruction.com - 'Evolve Retail Platform offers homeowners a complete interior and exterior remodeling service across six categories: kitchen remodels, bathroom remodels, roofing and siding, gutters, windows and doors, and pergola and outdoor living installations.'",,General Contractors
YES,web-searched,Exterior Restoration,https://www.exterior-restoration.co/,exterior-restoration.co,Farmers Branch,TX,+1 214-908-1212,"4201 Spring Valley Rd, Farmers Branch, TX 75244, United States",5.0,24,Yes,Window replacement; 'window & siding' is a headline service,Residential,False,"Exterior restoration contractor (siding, trim, soffit/fascia, painting)",high,"exterior-restoration.co - 'a Dallas exterior restoration company that offers siding, windows, exterior painting, trim, and soffit & fascia services... professional installation, repair, and restoration services for window replacement and siding installation.'",,General Contractors
NO,web-searched,Fbj construction,https://fbj-remodeling-llc.com/?utm_source=google&utm_medium=organic&utm_campaign=google_business_profile,fbj-remodeling-llc.com,,,+1 214-861-7803,,5.0,13,Yes,,,False,"Luxury remodeling, custom builds and commercial construction",medium,"fbj-remodeling-llc.com - services listed are 'luxury home remodeling, custom home building, kitchen remodeling & cabinetry, bathroom remodeling & showers, home additions, outdoor living, decks & patios... sheetrock, texture, paint, flooring, concrete, framing, siding, and fencing'. No windows listed.",,General Contractors
YES,web-searched,Frontstar Construction LLC,https://frontstarco.com/,frontstarco.com,,,+1 469-213-6659,,5.0,67,Yes,Window replacements as part of exterior renovation,Residential,False,"Home remodeling and construction (kitchens, baths, roofing, exteriors)",high,"frontstarco.com/roofing-exterior-renovation-farmers-branch-tx - 'they handle a variety of exterior renovations, including siding installation, gutter systems, and window replacements.'",,General Contractors
NO,web-searched,Frymire Home Services,https://frymire.com/?utm_source=google&utm_medium=organic&utm_campaign=GMBListing-Dallas-TX,frymire.com,Dallas,TX,+1 469-346-4999,"2818 Satsuma Dr, Dallas, TX 75229, United States",4.8,4728,Yes,,,False,HVAC and plumbing contractor,high,"frymire.com/about - 'For over 75 years, Frymire Home Services has delivered trusted HVAC and plumbing services across Dallas-Fort Worth... air conditioning, heating, indoor air quality, and plumbing.' No window work.",,General Contractors
YES,web-searched,Groovy House Handyman Services,http://www.groovyhouse.biz/,groovyhouse.biz,,,+1 214-733-2100,,5.0,5,Yes,"Vintage window and door repair, window repair with new trim, and window glass repair on houses (repair-focused rather than full replacement)",Residential,False,Handyman / carpentry and restoration on older homes,medium,"groovyhouse.biz/services.html - 'interior and exterior carpentry, restoration, construction, demolition, painting and repair, as well as vintage window and door repair'; listing also cites 'window repair, new trim, and glass repair without defaulting to full replacement'.",,General Contractors
YES,web-searched,H&H Remodeling,https://hh-remodeling.com/,hh-remodeling.com,,,+1 214-223-8258,,5.0,11,Yes,Window replacement (argon gas insulated windows); also installs custom solar screens,Both,False,Full-service remodeling and construction contractor,high,"hh-remodeling.com/remodeling-renovation-services-dallas - services include 'HVAC, electrical, plumbing, stucco, siding, bathrooms and kitchen remodels, brick work, drain systems, and window replacements'; separate page hh-remodeling.com/window-solar-screens-installation-dallas.",,General Contractors
UNCLEAR,web-searched,Handyman & Renovation Services Dallas,http://dallasrenovates.com/,dallasrenovates.com,,,+1 972-533-6062,,5.0,6,Yes,,,False,Handyman / renovation services (assumed from name; not verified),low,"Two differently-worded searches returned no indexed content for dallasrenovates.com or for this business under its listed phone number - only unrelated Dallas handyman companies. No usable evidence either way. Google review describes front-door refinishing and collaborating with a specialty glass company, which is suggestive but not evidence of window installation.",,General Contractors
NO,web-searched,Handyman Assemblers LLC,https://hmassemblers.com/,hmassemblers.com,Venus,TX,+1 945-273-5868,"7154 Red Twig Trl, Venus, TX 76084, United States",4.9,44,Yes,,,False,"Furniture/equipment assembly, TV mounting and small handyman tasks",high,"hmassemblers.com - 'furniture assembly, TV mounting, wall art installation, junk removal, furniture moving, drywall repair, accent walls... gazebo assembly, fitness equipment setup, swing set assembly, holiday light installation.' No window work.",,General Contractors
UNCLEAR,web-searched,HG&Co Home Improvement,https://hgcompany.net/,hgcompany.net,Dallas,TX,+1 214-660-7663,"9019 Garland Rd, Dallas, TX 75218, United States",5.0,86,Yes,"Possibly - windows are named among the exterior details they specify on exterior remodels, but windows are not listed as a service",,False,"Design-build home remodeling, additions and exterior remodeling with a design centre",low,"hgcompany.net/luxury-exteriors-additions - 'During consultations, they can walk through siding, stone, brick, paint palettes, roofing styles, windows, doors, lighting, and other exterior details.' Their enumerated service list (ADUs, bathroom, additions, extensions, home/kitchen remodeling, outdoor kitchens, general contracting; exterior pages cover pergolas/decking, fencing & siding, patios) does not include windows. Two searches did not resolve it either way.",,General Contractors
NO,web-searched,"HomePro Contracting, Handyman Dallas, Licensed General Contractors in Dallas.",http://homeproservicesdfw.com/,homeproservicesdfw.com,Dallas,TX,+1 214-886-3326,"3100 Commerce St Ste 101, Dallas, TX 75226, United States",4.2,57,Yes,,,False,"Handyman services and licensed general contracting (baths, kitchens, drywall, painting, plumbing, roof repairs)",medium,"homeproservicesdfw.com / homeprocontracting.com service list: 'handyman services, water damage repair, bathroom remodeling, kitchen remodeling, siding repairs, drywall repairs, tile installation, plumbing, carpenter services, interior & exterior painting, roof repairs, electrical services'. Only window-adjacent item found is a review about removing and replacing caulk around 2nd-storey windows.",,General Contractors
NO,web-searched,homepros remodeling and handyman service,https://homeproservicesdfw.com/,homeproservicesdfw.com,Dallas,TX,+1 214-956-4545,"3837 Fairfax Ave, Dallas, TX 75209, United States",4.8,50,Yes,,,False,Handyman services and licensed general contracting (same website/company as ID 463),medium,"Same domain and site as ID 463 (homeproservicesdfw.com). Service list on the site covers handyman work, water damage repair, bath/kitchen remodeling, siding repairs, drywall, tile, plumbing, carpentry, painting, roof repairs and electrical - no window installation or replacement.",,General Contractors
YES,web-searched,Honest Abe's Construction,https://www.hacdfw.com/,hacdfw.com,Dallas,TX,+1 469-765-3311,"13727 Noel Rd #200, Dallas, TX 75240, United States",5.0,100,Yes,Window replacement in the greater Dallas area,Both,False,"Siding, fencing and roofing contractor (James Hardie installer)",high,"hacdfw.com - 'Windows: At Honest Abe's Construction, they provide expert window replacement in the greater Dallas area', alongside siding and asphalt shingle roofing.",,General Contractors
UNCLEAR,web-searched,J Yoder Construction,http://www.jyoderconstruction.com/,jyoderconstruction.com,Duncanville,TX,+1 217-553-2000,"207 S Hastings St, Duncanville, TX 75116, United States",2.1,7,Yes,,,False,"Construction / remodeling contractor (roofing, siding and tile work indicated by reviews)",low,"Two searches returned no indexed content for jyoderconstruction.com itself. Results instead surfaced a differently-domained J Yoder Construction (jyoderconst.com: 'roofing, siding, pole barns, gutters, framing, and decks', no windows) and a separate Yoder Construction LLC that does do window installation - identity could not be confirmed for the Duncanville, TX listing. No usable evidence either way.",,General Contractors
NO,web-searched,JayTheHandyManCan,http://www.jaythmc.com/,jaythmc.com,,,+1 214-986-8967,,5.0,51,Yes,,,False,"Handyman services (appliance/door installation, drywall, plumbing and electrical repairs)",medium,"jaythmc.com/services - 'appliance installation, handyman assembly, handyman cleaning, door repair, appliance repair, handyman caulking, door installation, drywall installation or replacement, hanging pictures & decor, plumbing repairs, electrical repairs.' Doors but no windows.",,General Contractors
YES,web-searched,JCM Construction And Design,http://jcmconstruction.andersenwindowscertifiedcontractors.com/,jcmconstruction.andersenwindowscertifiedcontractors.com,Dallas,TX,+1 214-223-9151,"17250 Dallas Pkwy, Dallas, TX 75248, United States",5.0,507,Yes,"Window installation and replacement, plus service and repair of windows - Andersen certified contractor",Both,False,General contracting specialising in window and door installation,high,"Business listing for JCM Construction and Design, 17250 Dallas Pkwy, (214) 223-9151: 'The company specializes in General Contracting, Windows Installation, and Door Sales/Installation... they service and repair any door or window, especially Andersen windows and doors.' Site is hosted on Andersen's certified-contractor platform.",,General Contractors
NO,web-searched,Jim Scott and Sons Builders,http://www.jimscottandsons.com/,jimscottandsons.com,Dallas,TX,+1 214-506-8797,"2810 Greenville Ave, Dallas, TX 75206, United States",4.3,11,Yes,,,False,Custom home builder and whole-home remodeler,medium,"Two searches; jimscottandsons.com and directory profiles list 'custom homes, home additions, home remodeling, new home construction, design build, renovations... multi-room, kitchen, bathroom, basement and whole home remodels'. Windows are never listed as a service (they would be incidental to a remodel).",,General Contractors
YES,web-searched,Juno Construction,https://junoroof.com/,junoroof.com,,,+1 214-937-0333,,4.9,33,Yes,Window installation and window replacement,Both,False,"Commercial construction, roofing and fencing plus residential remodeling",high,"junoroof.com - 'they provide attic restoration, roof repair, roof replacement, siding installation, window installation, window replacement, and remodeling services.'",,General Contractors
NO,web-searched,LaRK Design House,https://larkdesignhouse.com/,larkdesignhouse.com,,,+1 405-640-7855,,5.0,15,Yes,,,False,Architecture and interior design studio,high,"larkdesignhouse.com/s-e-r-v-i-c-e-s - services are design consultation, interior mood boards, product boards, home organization, full remodel designs, plans for new homes and additions, permitting and styling. A design firm, not a trade contractor; no window installation.",,General Contractors
NO,web-searched,Luxe Haus Renovations Dallas - Kitchen & Bath Remodeling,https://myluxehaus.com/locations/dallas/,myluxehaus.com,Dallas,TX,+1 972-460-5737,"3700 McKinney Ave #208, Dallas, TX 75204, United States",5.0,52,Yes,,,False,Kitchen and bathroom remodeling contractor,medium,"myluxehaus.com/locations/dallas - 'kitchen remodeling, kitchen renovation, kitchen contractor services, bathroom remodeling, custom cabinetry, walk-in shower installation, storage and layout redesign, and plumbing fixture upgrades.' Interior kitchen/bath only; no windows.",,General Contractors
NO,web-searched,Luxury Home Remodeling | Dallas,https://www.luxuryhomeremodeling.net/,luxuryhomeremodeling.net,Dallas,TX,+1 817-727-8252,"10434 Stone Canyon Rd, Dallas, TX 75230, United States",5.0,43,No,,,False,"Kitchen, bathroom and whole-home remodeling",medium,"luxuryhomeremodeling.net - 'bathroom remodeling & design, kitchen remodeling, home renovations, shower remodeling, flooring, cabinet & countertop installation, home additions, outdoor construction, fireplace remodeling.' No window services listed.",,General Contractors
YES,web-searched,MAGENTA Construction & Remodeling,https://magentabuilders.com/,magentabuilders.com,Dallas,TX,+1 469-616-1110,"3385 Townsend Dr, Dallas, TX 75229, United States",5.0,20,Yes,Window installation listed among services,Both,False,Residential and commercial general contracting and remodeling,high,"magentabuilders.com/general-contractor - services include 'full home remodeling, kitchen remodeling, bathroom remodeling, window installation, framing, interior and exterior painting... roofing, and pools.'",,General Contractors
YES,web-searched,MCO Remodeling,http://www.mcoremodeling.com/,mcoremodeling.com,Dallas,TX,,"10636 Wessex Dr, Dallas, TX 75217, United States",4.8,34,Yes,Window installation listed among services,Both,False,Design-build residential and commercial remodeling firm,medium,"Houzz profile for MCO Home Remodel (Dallas) - service list includes 'house framing, wood floor installation, window installation, shower installation, concrete construction, siding installation, exterior door installation'; mcoremodeling.com describes a full-service design and build firm.",,General Contractors
NO,web-searched,Mr. Home Remodel,http://www.mrhomeremodel.com/,mrhomeremodel.com,Dallas,TX,+1 214-267-9339,"10228 E NW Hwy #1071, Dallas, TX 75238, United States",5.0,35,Yes,,,False,"Home remodeling and general contracting (interiors plus siding, brick repair, exterior paint)",medium,"Two searches. mrhomeremodel.com/exteriors covers exterior siding install, brick repair and exterior paint only; the brick-repair page mentions 'inspecting roof, bricks, windows, and siding for leaks'. Their main service list has no window installation - windows are only referenced as an optional energy-efficiency upgrade inside a remodel.",,General Contractors
NO,web-searched,"MVS Plus Remodeling, LLC",https://mvsplusremodelingllc.com/,mvsplusremodelingllc.com,,,+1 469-934-3821,,5.0,2,Yes,,,False,Interior/exterior painting and drywall with light remodeling,high,"mvsplusremodelingllc.com/painting - 'interior and exterior painting, bathroom remodeling, drywall repair and patching, installation of fixtures... texture, popcorn removal, cabinet refinishing, fence stain, pressure washing, tile, backsplash.' No windows.",,General Contractors
YES,web-searched,ON Group Remodeling & Construction,https://ongroupconstructions.com/,ongroupconstructions.com,Dallas,TX,+1 469-324-2888,"2727 Lyndon B Johnson Fwy #568, Dallas, TX 75234, United States",5.0,111,Yes,New window installation and window/door replacement - dedicated service page,Both,False,Remodeling and construction general contractor,high,"ongroupconstructions.com/window-installation - 'offers new windows installation services for homeowners and business, whether you're looking to replace old, outdated windows or upgrade to more energy-efficient models.'",,General Contractors
NO,web-searched,Poiema Construction,http://www.poiemaconstruction.com/,poiemaconstruction.com,,,+1 214-702-6789,,4.7,18,Yes,,,False,"General contractor - residential remodels, roofing and insurance/storm restoration",medium,"Two searches. poiemaconstruction.com / poiema.construction list 'residential remodels, interior design, roofing, and insurance restoration... storm damage repairs, full remodel and design services, painting'. Windows are not listed as a service.",,General Contractors
NO,web-searched,Prestige Painting And Drywall,https://prestigepaintingdrywall.com/,prestigepaintingdrywall.com,,,+1 469-551-4609,,5.0,17,Yes,,,False,Residential and commercial painting and drywall,high,"'Prestige Painting and Drywall LLC specializes in residential and commercial painting, drywall, metal framing and acoustic ceiling installations'; other services are cabinet refinishing, carpentry, popcorn removal, deck and fence staining, tape/bed/texture. No windows.",,General Contractors
NO,web-searched,Prof-M Home Services,https://profmhomeservices.com/,profmhomeservices.com,,,+1 214-776-3277,,5.0,12,Yes,,,False,"Handyman / home improvement (electrical, plumbing, TV mounting, assembly, painting)",medium,"profmhomeservices.com - 'they specialize in a wide range of residential services, including electrical work, plumbing, TV mounting, furniture assembly, home repairs, installations, and general improvements... interior wall painting.' No window work listed.",,General Contractors
YES,web-searched,Propertifix Handyman & Renovation Services,https://propertifix.com/,propertifix.com,,,+1 214-210-1111,,4.8,206,Yes,"Door and window repairs, window restoration (arched window repair/refinishing) and window/door water-damage reconstruction; full window replacement not confirmed",Both,False,"Handyman, property maintenance and renovation contractor",low,"propertifix.com - service list includes 'door and window repairs'; showcases 'a complex window and door water damage repair project in DeSoto, TX' and 'a window restoration project involving meticulous repair and refinishing of an arched window'. Window work on buildings is confirmed; replacement/installation is not explicitly advertised, hence low confidence.",,General Contractors
YES,web-searched,RainTight General Contracting,http://www.raintight.net/,raintight.net,Dallas,TX,+1 214-693-6196,"9903 Carnegie Dr, Dallas, TX 75228, United States",4.8,20,Yes,Window installation; windows are a headline service alongside roofing and gutters,Residential,False,Storm/hail damage restoration general contractor and roofer,high,"raintight.net/our-service - 'specializes in General Contracting, Hail Damage Restoration, Roofing, Painting, Windows, and Gutters. Additional services include chimney repair, window installation, roof cleaning, patio enclosures, skylights, window screens.' Google review: 'They replaced roof, vents, gutters, windows, and fence staining.'",,General Contractors
NO,web-searched,Revive & Renew Remodeling LLC,https://rr-remo.com/,rr-remo.com,Dallas,TX,+1 469-750-3466,"10420 Plano Rd Ste 110, Dallas, TX 75238, United States",5.0,28,Yes,,,False,"Design-build remodeling firm - high-end interiors, kitchens, baths, additions, outdoor living",medium,"Two searches. rr-remo.com/services lists 'Kitchen Remodeling, Bathroom Renovation, Outdoor Living Spaces, Whole-Home Remodeling, Home Additions, All Flooring, balcony additions, garage remodeling, deck construction'. No windows or doors listed.",,General Contractors
YES,web-searched,RJW Construction,https://rjw-construction.com/,rjw-construction.com,Dallas,TX,+1 214-494-0351,"13601 Preston Rd Ste W505, Dallas, TX 75240, United States",4.8,22,Yes,"Windows listed as a service line alongside roofing, fencing and gutters",Residential,False,Roofing and remodeling contractor working insurance/storm claims,medium,"rjw-construction.com - 'Their comprehensive service portfolio includes roofing, fences, gutters, remodels, and expert assistance with insurance claims. They also offer fencing, gutters, interior, roofing, and windows services.'",,General Contractors
YES,web-searched,"Royal Renovations, Contractors",http://www.royal-renovations.com/,royal-renovations.com,Dallas,TX,+1 888-899-3368,"1111 W Mockingbird Ln Ste 1360, Dallas, TX 75247, United States",4.8,101,,"Windows listed among residential services (painting, siding, roofing, gutters, windows, additions)",Both,False,"General contracting for remodeling and storm restoration, residential and commercial",high,"royal-renovations.com - 'Their residential services include painting, siding, roofing, gutters, windows, additions, cabinetry, countertops, and more.'",,General Contractors
NO,web-searched,S&R Development Custom Homes,http://srdevelopmentinc.com/,srdevelopmentinc.com,Dallas,TX,+1 214-499-9499,"4131 N Central Expy | Suite 985, Dallas, TX 75204, United States",5.0,11,Yes,,,False,Luxury custom home builder / design-build firm,medium,"srdevelopmentinc.com and srdevelopmentinc.com/custom-features - a design-build custom home builder; featured scope is chef kitchens, spa bathrooms, home theatres, smart home automation, outdoor living, gyms and custom closets. No window installation or replacement offered as a service.",,General Contractors
YES,web-searched,Scott Exteriors,https://www.scottexteriors.com/,scottexteriors.com,Dallas,TX,+1 214-503-7663,"10561 New Church Rd, Dallas, TX 75238, United States",4.4,95,Yes,Replacement windows and window installation,Both,False,"Exterior contractor - roofing, windows and siding",high,"scottexteriors.com - 'Scott Exteriors: Roofing, Siding & Windows for DFW'; 'Specializing in roofing, replacement windows, and vinyl or James Hardie siding'. Houzz lists them under 'Window Sales and Installation'.",,General Contractors
UNCLEAR,web-searched,Shelton Renovation Services LLC,https://sheltonrenovationservices.square.site/,sheltonrenovationservices.square.site,,,+1 478-228-4428,,5.0,7,Yes,,,False,Renovation / handyman services (not verified),low,"Two searches returned no indexed content for sheltonrenovationservices.square.site or for this specific business - only unrelated Shelton-named contractors in Fort Worth, WA and CT. No usable evidence either way. Google review describes wall repair and pantry/laundry shelving, which is not evidence of window work.",,General Contractors
NO,web-searched,Speedy's Remodeling,https://www.speedysremodeling.com/,speedysremodeling.com,,,+1 214-854-6397,,4.9,33,Yes,,,False,"Full-service construction and remodeling (framing, drywall, flooring, paint, roofing repairs)",medium,"speedysremodeling.com - 'framing, sheetrock, taping, texture, drywall, various flooring options, siding, roofing repairs, backsplash, kitchen refurbishment, bathroom renovations, electrical fixtures, plumbing, and door installations.' Doors are listed but windows are not.",,General Contractors
NO,web-searched,Stone Built Construction & Development,http://stonebuiltcd.com/,stonebuiltcd.com,,,+1 469-404-4714,,5.0,22,Yes,,,False,"Custom builds and remodeling, hardscape/landscape, plus residential window cleaning",medium,"Two searches. stonebuiltcd.com service list: 'Deck & Patio Remodel, Kitchen Remodeling, Bathroom Remodeling, New Construction, Home Remodeling, Exterior Renovation, Hardscape Installation, Landscape Design & Installs, and Professional Residential Window Cleaning.' The only window item is window CLEANING = excluded.",,General Contractors
NO,web-searched,Stone Drywall Solutions,http://www.stonedrywallsolutions.com/,stonedrywallsolutions.com,,,+1 469-999-8302,,4.7,113,Yes,,,False,Drywall installation and repair contractor,high,"stonedrywallsolutions.com/drywall-dallas-tx - 'drywall installation, caulking, spray foam insulation, drywall patch repair, tape and mud drywall, drywall texturing, and both interior and exterior painting.' No window work.",,General Contractors
NO,web-searched,Stork's Home Services,https://storkheatingandair.com/?utm_source=google&utm_medium=organic&utm_campaign=gbp,storkheatingandair.com,Dallas,TX,+1 972-421-8000,"10840 Switzer Ave #101, Dallas, TX 75238, United States",5.0,60,Yes,,,False,HVAC and electrical contractor,high,"storkheatingandair.com/dallas-tx - 'a Dallas, TX-based HVAC contractor offering HVAC and electrical services, with expert AC repair, heating service, and installation'; Lennox Certified Dealer. No window work.",,General Contractors
YES,web-searched,Tricityrenovation,http://tricityrenovation.com/,tricityrenovation.com,,,+1 214-244-2901,,5.0,2,Yes,Doors & windows listed as a service,Residential,False,Full-service remodeling contractor (in business since 1993),medium,"tricityrenovation.com/services.html - 'flooring installation & repair, ceramic tile, granite countertops, cabinet installation, appliance installation, room additions, swimming pool repair, plumbing & electrical, doors & windows, decks, patios, patio covers, decorative stone & brick, masonry.'",,General Contractors
YES,web-searched,TrueSafe Renovations,http://www.truesaferenovations.com/,truesaferenovations.com,Dallas,TX,+1 972-330-3906,"10925 Estate Ln Ste 214, Dallas, TX 75238, United States",5.0,53,Yes,Window replacement - installs Ply Gem windows and doors,Residential,False,Roofing contractor and exterior renovator (GAF certified),high,"truesaferenovations.com - 'TrueSafe Renovations specializes in residential roof replacements, roof repairs, siding, windows, solar solutions, and flat roofing systems'; 'TrueSafe offers superior Ply Gem windows and doors'.",,General Contractors
YES,web-searched,Unique Home Construction,http://www.uniquehomebuild.com/?utm_source=gbp,uniquehomebuild.com,,,+1 214-533-0716,,4.4,15,Yes,"Carpenters install windows, doors and trim (documented on their garage/carport addition work); windows are not a standalone advertised service",Both,False,"Full-service home construction, remodeling and restoration since 1996",low,"uniquehomebuild.com/garages-carports-additions - 'In their garage and carport construction projects, their skilled carpenters install windows, doors and trim.' CAVEAT: the BBB profile for Unique Home Construction states the company 'is no longer in business', although the website and recent Google reviews suggest it is still trading - worth confirming before contacting.",,General Contractors
YES,web-searched,Urban Pioneer Construction & Remodeling,https://urbanpioneerconstruction.org/,urbanpioneerconstruction.org,,,+1 214-682-4564,,5.0,,Yes,"Window installation, window repair and replacement; doors and windows work",Residential,False,Architectural design-led general contractor and remodeler (since 1983),medium,"urbanpioneerconstruction.org - 'Urban Pioneer Construction offers window installation services, and according to their service listings, they also provide window repair and replacement services... their expertise includes doors and windows work', alongside roofing, concrete, flooring and siding.",,General Contractors
YES,web-searched,Valencia Remodeling and Construction,http://www.valenciaremodeling.com/,valenciaremodeling.com,Dallas,TX,+1 469-656-5402,"8204 Elmbrook Dr #205, Dallas, TX 75247, United States",4.9,35,Yes,"Energy-efficient Low-E window sales and installation, plus glass replacements",Both,False,Residential and commercial remodeling and general contracting,high,"valenciaremodeling.com/services - 'Energy-efficient window sales & installation, glass replacements, patio door installation, storm door removal & installation... weather sealing & caulking'; 'energy-efficient Low-E windows and doors installation'.",,General Contractors
NO,web-searched,7 Stars European Auto,https://7starseuropeanauto.com/,7starseuropeanauto.com,Dallas,TX,+1 214-242-9420,"8330 Harry Hines Blvd, Dallas, TX 75235, United States",5.0,45,Yes,,,False,"European car repair shop (BMW, Mercedes, Audi, Porsche)",high,"7starseuropeanauto.com - 'a trusted European auto repair shop... professional diagnostics, engine repair, brake service, suspension work, and full maintenance services.' Automotive mechanical repair, not glass or building work.",,Other-Misc
YES,web-searched,921 Roof,https://www.921roof.com/,921roof.com,,,+1 972-921-7663,,5.0,18,Yes,Window replacements as part of their exteriors division,Both,False,Residential and commercial roofing contractor,high,"921roof.com/exteriors - page titled 'Gutters, Siding & Windows - DFW, TX'; '921 Roof & Exteriors provides a range of exterior solutions, including window replacements, gutter installations, and siding repairs.'",,Other-Misc
NO,web-searched,A1 Sign & Graphics,http://www.a1signusa.com/,a1signusa.com,Dallas,TX,+1 214-499-7649,"11181 Harry Hines Blvd Ste 127, Dallas, TX 75229, United States",4.9,813,Yes,,,False,"Sign maker - channel letters, awnings, illuminated signs, vehicle wraps",high,"a1signusa.com - 'a full sign service company specializing in commercial printing, channel lettering, awning, and other illuminated signs... van wraps, vinyl stickers, digital printing, and window graphics.' Window graphics/vinyl only, not window installation.",,Other-Misc
NO,web-searched,Affordable Screen Company,https://www.affordablewindowscreens.com/,affordablewindowscreens.com,Lewisville,TX,+1 972-346-8179,"720 Valley Ridge Cir #22, Lewisville, TX 75057, United States",4.4,54,Yes,,,False,Custom window screen and solar screen manufacturer / e-commerce seller,high,"affordablewindowscreens.com/about - 'specializes in fully customizable window screens and solar screens... one of the leading e-commerce sellers of window screens and solar screens in the country', with DIY installation guides. Screens only - screens are not windows, per the exclusion rule.",,Other-Misc
YES,web-searched,Alair Homes,https://www.alairhomes.com/dfw218/,alairhomes.com,Dallas,TX,+1 214-495-7200,"25 Highland Park Village Ste 100-294, Dallas, TX 75205, United States",4.4,15,Yes,Window installation listed among their services,Residential,False,Custom home building and whole-home renovation (design-build),medium,"Alair Homes Dallas service list (Houzz profile / alairhomes.com/dfw) - 'home remodeling, bathroom remodeling, kitchen remodeling, general contracting, home additions, custom homes, new home construction, home extensions, basement remodeling, window installation, roof replacement'. Two searches; the second confirmed window installation is listed.",,Other-Misc
NO,web-searched,Alumax,http://www.alumaxshowerdoor.com/,alumaxshowerdoor.com,Dallas,TX,+1 800-643-1514,"3613 Pipestone Rd, Dallas, TX 75212, United States",4.2,11,No,,,False,Bath/shower enclosure manufacturer (Dallas distribution centre),high,"alumaxshowerdoor.com - 'a leading US bath and shower enclosure manufacturer since 1949', product line is framed and frameless shower doors and heavy glass enclosures; 'Alumax is a product manufacturer and does not sell direct to consumers. Their products are sold through authorized dealers.' Shower door manufacturer with no house-window work.",,Other-Misc
NO,web-searched,American Tornado Master,http://www.tornadomaster.com/,tornadomaster.com,Dallas,TX,+1 972-686-7733,"12640 Northwest Hwy, Dallas, TX 75228, United States",3.9,11,Yes,,,False,Storm/tornado shelter manufacturer and installer,high,"tornadomaster.com - 'built, delivered and installed Above Ground Concrete & Steel and Below Ground Concrete & Steel Severe Weather Shelters'; below ground, handicapped, new construction, above ground and custom designer shelters. No window work.",,Other-Misc
YES,web-searched,Ark Depot,http://www.arkdepot.com/,arkdepot.com,Dallas,TX,+1 469-372-2738,"10649 Shady Trail, Dallas, TX 75220, United States",4.9,322,Yes,"Sells and installs windows for residential and commercial customers (alongside flooring, cabinets and countertops)",Both,False,"Building materials retailer (doors, flooring, cabinets, hardware) with installation services",medium,"arkdepot.com/pages/about - 'They provide installation services for flooring, cabinets, countertops, and windows, catering to both residential and commercial clients.' Retail/direct-to-consumer dealer that also installs = YES.",,Other-Misc
UNCLEAR,web-searched,Asier services llc.,http://asierservicesllc.site/,asierservicesllc.site,Dallas,TX,+1 214-708-2281,"1531 Duncanville Rd apt1007, Dallas, TX 75211, United States",5.0,6,Yes,,,False,Home improvement / remodeling contractor (not verified),low,"Two differently-worded searches returned no indexed content for asierservicesllc.site or for this business under its listed phone number - only unrelated Dallas remodelers. Google reviews describe general home improvement and water-damaged wall repair, which is not evidence either way on windows.",,Other-Misc
NO,web-searched,Balance de Terra LLC,http://www.balancedeterra.com/,balancedeterra.com,Dallas,TX,+1 972-613-8833,"4810 Philip Ave, Dallas, TX 75223, United States",5.0,30,Yes,,,False,"Custom fencing, gates and outdoor living (decks, patios, pergolas)",high,"balancedeterra.com/services-9 - 'custom fencing and outdoor living services in Dallas-Fort Worth, including wood, iron, gates, patios, pergolas, decks, and staining... covered patios, outdoor kitchen integration, retaining walls, flower beds, fence staining.' No window work.",,Other-Misc
NO,web-searched,Barking Hound Village - Dallas,https://www.bhvtexas.com/,bhvtexas.com,Dallas,TX,+1 214-350-8811,"5922 Cedar Springs Rd, Dallas, TX 75235, United States",4.9,169,Yes,,,False,Foundation repair and drainage contractor,high,"bedrockfoundationrepair.com/foundation-repair-services - 'concrete slab, pier and beam, or frame foundations... Double-Pier Press Piling Systems, Drilled Steel Piers, Mudjacking, french drains, house leveling, engineering services, drainage solutions.' Foundation-only = excluded.",,Other-Misc
NO,web-searched,Bedrock Foundation Repair LLC,https://bedrockfoundationrepair.com/,bedrockfoundationrepair.com,Dallas,TX,+1 214-824-1211,"1018 Fletcher St, Dallas, TX 75223, United States",4.3,131,Yes,,,False,"Dog boarding, daycare and bathing",high,"bhvtexas.com - 'the ultimate boutique dog hotel in Dallas, offering unrivaled dog boarding and dog daycare services... day packages, overnight boarding, bathing services.' Not a construction or glass business.",,Other-Misc
NO,web-searched,Bighorn Iron Doors,https://bighornirondoors.com/?utm_campaign=gmb,bighornirondoors.com,Garland,TX,+1 469-402-2458,"2306 Sherwin St, Garland, TX 75041, United States",4.6,71,Yes,,,False,Wrought iron and steel door manufacturer/distributor that also installs doors,medium,"Two searches. bighornirondoors.com - 'the leading distributor of iron and steel French doors in the United States... custom-made and unique wrought iron doors, iron double entry doors, iron single front doors, iron french doors, iron pivot doors'; 'a leader in manufacturing and installing custom iron doors'. Product range is doors only (glass appears as dual-pane inserts within the doors); no iron/steel windows found. Door-only company = excluded.",,Other-Misc
NO,web-searched,Bimmer Connection llc,https://www.bimmerconex.com/,bimmerconex.com,Dallas,TX,+1 469-207-8323,"1835 Empire Central Dr Ste:J, Dallas, TX 75235, United States",5.0,105,Yes,,,False,BMW and Mini Cooper auto repair shop,high,"bimmerconex.com - 'a certified mechanic repair shop in Dallas specializing exclusively in the repair and servicing of BMW and Mini Cooper vehicles... brake and tire maintenance, diagnosis, oil changes, battery checks, routine maintenance, and car detailing.' No glass or building work.",,Other-Misc
NO,web-searched,BlueCyclone Window A/C Services,https://www.facebook.com/BlueCyclone-Handyman-Services-110902136913763/,facebook.com,Dallas,TX,+1 214-228-4363,"6423 S R L Thornton Fwy, Dallas, TX 75232, United States",3.6,5,Yes,,,False,Window air-conditioning unit service and repair (handyman services),medium,"Two searches found no indexed website (Facebook page 'BlueCyclone Handyman Services'). The business name and the Google review both describe window A/C UNITS (air conditioners), not windows: 'I brought in a 20 year old window unit that had never been serviced and was blowing warm air... Same day service and air blows cold.' HVAC appliance repair = excluded.",YES,Other-Misc
YES,web-searched,Burglar Bars in Dallas,https://www.burglarbarsindallas.com/,burglarbarsindallas.com,Dallas,TX,+1 214-340-0078,"9310 Forest Ln #206, Dallas, TX 75243, United States",4.5,4,Yes,"Replacement windows (incl. vinyl replacement windows) sold and installed, alongside burglar bars and security doors",Residential,False,"Custom security doors, burglar bars and replacement windows (trading as AAA Custom Windows, since 1981)",high,"burglarbarsindallas.com / aaacustomwindows.com - 'Dallas-Fort Worth's premier custom security doors, steel storm doors, burglar bars & replacement windows provider since 1981'; customsecuritydoorsandwindows.com/windows/replacement-windows/vinyl. Holds a City of Dallas Home Repair License.",,Other-Misc
NO,web-searched,Certain Levels,http://www.certainlevels.com/,certainlevels.com,,,+1 469-421-8400,,5.0,5,Yes,,,False,"TV mounting, artwork hanging and curtain installation",high,"certainlevels.com: 'Certain Levels provides professional and detail-oriented installation services specializing in TV mounting, artwork hanging, and curtain installation' — no window work",,Other-Misc
NO,web-searched,City Wide Building Services,https://citywidebuildingservices.com/,citywidebuildingservices.com,Dallas,TX,+1 214-358-4547,"425 W Mockingbird Ln, Dallas, TX 75247, United States",4.6,45,Yes,,,False,Commercial building maintenance / high-rise window cleaning,high,"citywidebuildingservices.com/our-services lists 'high rise window cleaning, low rise window cleaning, pressure washing, interior window cleaning, anchor inspection... waterproofing' — cleaning, not glazing",,Other-Misc
NO,web-searched,Commercial,https://martinroofing.us/,martinroofing.us,Dallas,TX,+1 972-200-2744,"1341 W Mockingbird Ln Suit 600W, Dallas, TX 75247, United States",5.0,14,No,,,False,Commercial roofing contractor (TPO/PVC/flat/metal),medium,"martinroofing.us/commercial-roofing: 'specializes in TPO, PVC, and flat roofs, with 18+ years of experience in DFW'; no windows on martinroofing.us. (A separate site martinroofing.best — Martin Family Roofing & Remodeling — does list windows, but it is a different domain/company from the one listed here.)",,Other-Misc
YES,web-searched,CUSTOM SECURITY DOORS / AAA CUSTOM WINDOWS,https://customsecuritydoorsandwindows.com/,customsecuritydoorsandwindows.com,Dallas,TX,+1 214-340-0078,"9310 Forest Ln #206, Dallas, TX 75243, United States",4.7,18,Yes,"Vinyl and aluminum replacement windows and storm windows, single/double hung, professional installation since 1981",Residential,False,Replacement windows and custom security doors / burglar bars,high,"customsecuritydoorsandwindows.com/windows/replacement-windows/vinyl — page title 'Replacement Windows Dallas - Vinyl, Aluminum & Storm Windows'; services list 'Security Storm Doors, Replacement Windows, Burglar Bars in Dallas'",,Other-Misc
NO,web-searched,Da Spot 214 LLC,https://www.daspot214.com/,daspot214.com,Dallas,TX,,"3534 Beall St, Dallas, TX 75223, United States",4.8,135,Yes,,,True,"Automotive window tinting, wraps and detailing",high,"'Da Spot 214 stands out as a premier destination for automotive window tinting in Dallas, Texas'; described as a drop-off shop offering 'window tint, wraps, details, and chrome deletes' — vehicles only",,Other-Misc
NO,web-searched,Dan Handy,https://danhandy.net/,danhandy.net,Dallas,TX,+1 214-991-5692,"2512 Lazydale Dr, Dallas, TX 75228, United States",4.5,68,Yes,,,False,General handyman / small home repair,medium,"danhandy.net service list: 'appliance installation, handyman assembly, handyman cleaning, floor repair, appliance repair, handyman caulking, floor installation, furniture assembly' — no window installation or glass work listed",,Other-Misc
NO,web-searched,DARKLIGHT WINDOW SERVICES,https://darklightwindowservices.godaddysites.com/,darklightwindowservices.godaddysites.com,Dallas,TX,+1 281-698-7365,"12301 N Central Expy, Dallas, TX 75243, United States",3.0,2,Yes,,,False,Commercial/residential window tinting and security film; also gutters,high,"Site headline: 'DARKLIGHT WINDOW SERVICES EXPERT TINTING PROFESSIONALS SINCE 1998' — 'Commercial and Residential Window Tinting and Security Film Services'; later added 'Window Tinting, Seamless Gutter Installations, Gutter Repairs'. Tint/film only, no window install.",,Other-Misc
NO,web-searched,Delightful Designs,http://www.delightfuldesigns.net/,delightfuldesigns.net,,,+1 214-226-7840,,5.0,38,Yes,,,False,"Custom window treatments (shades, shutters, patio screens)",high,"delightfuldesigns.net/services: 'window treatments, motorized shades, motorized patio screens, plantation shutters, and roller shades' — window coverings, excluded by criteria",,Other-Misc
NO,web-searched,Den Defenders Security Doors,https://dendefenders.com/texas/dallas-security-doors/?utm_source=google&utm_medium=gbp&utm_campaign=dallas-security,dendefenders.com,Dallas,TX,+1 214-814-1374,"9959 Royal Ln Unit 10, Dallas, TX 75231, United States",5.0,15,Yes,,,False,Custom security screen doors and security window screens,high,"dendefenders.com/texas/dallas-security-doors: 'design and installation of security screen doors, storm doors, sliding security doors, and security window screens' — doors and screens only",,Other-Misc
NO,web-searched,"Dent Touch, LLC",http://www.denttouch.com/,denttouch.com,Dallas,TX,+1 469-432-8072,"13502 Floyd Cir Ste 103, Dallas, TX 75243, United States",5.0,56,,,,True,Automotive paintless dent repair / vehicle hail damage,high,"denttouch.com/what-is-pdr: 'Dent Touch specializes in paintless dent repair, hail damage, dents, door dings, and body creases' — vehicles only",,Other-Misc
NO,web-searched,DFW Bathroom & Kitchen Solution,http://www.dfwbathandkitchensolution.com/,dfwbathandkitchensolution.com,Dallas,TX,+1 817-697-0335,"4300 MacArthur Ave, Dallas, TX 75209, United States",5.0,98,Yes,,,False,Bathroom and kitchen remodeling,high,"dfwbathandkitchensolution.com: 'By focusing on kitchens and bathrooms, the company maintains a specialized skill set'; site pages are kitchen contracting, kitchen cabinetry, bathroom cabinets — no windows",,Other-Misc
NO,web-searched,Discount Home Warehouse,http://www.dhwsalvage.com/,dhwsalvage.com,Dallas,TX,+1 214-631-2755,"1768 Empire Central Dr, Dallas, TX 75235, United States",4.6,145,Yes,,,False,Architectural salvage / reclaimed building materials retail store,medium,"dhwsalvage.com: 'The South's premier spot since 1994 for unique architectural salvage and reclaimed building materials'; merchandise includes 'plantation shutters, mirrors, leaded and stained glass windows' — a retail salvage yard selling window pieces, no installation service found",,Other-Misc
YES,web-searched,Durasteel Tech,http://durasteeltech.com/,durasteeltech.com,Garland,TX,+1 972-737-2277,"3830 Dividend Dr, Garland, TX 75042, United States",5.0,2,No,"Custom thermally broken steel windows (and doors/facades), residential and commercial, fabricated and supplied with high-performance glass",Both,False,Custom steel window and door fabrication (Luxe Steel Windows & Doors),medium,"durasteeltech.com/our-services/windows/ — 'custom thermally broken steel doors, windows and facades'; 'offers commercial and residential services'; 'over 30 years of combined experience in window and door fabrication'",,Other-Misc
NO,web-searched,DuSouth Rovr,https://www.dusouthrovr.com/?utm_campaign=gmb,dusouthrovr.com,Dallas,TX,+1 214-382-0036,"5454 Maple Ave, Dallas, TX 75235, United States",4.8,207,Yes,,,False,Independent Land Rover / Jaguar auto service and repair shop,high,"dusouthrovr.com: 'an independent service and repair center built as the dealership alternative for Land Rover, Range Rover and Jaguar owners in Dallas'",,Other-Misc
NO,web-searched,Economy Stucco Inc.,http://economystucco.net/,economystucco.net,Dallas,TX,+1 214-538-8413,"4307 S Buckner Blvd, Dallas, TX 75227, United States",4.9,28,Yes,,,False,Stucco and siding contractor,medium,"economystucco.net service list: 'restuccoing, siding repair, stucco installation, wall finish repair, siding installation, siding replacement, stucco repair' — no window installation. (The Google review mentions removing picture windows, but that is demolition incidental to stucco work, not a listed window service.)",,Other-Misc
YES,web-searched,Elite Shower of Dallas,https://eliteshowersofdallastx.com/,eliteshowersofdallastx.com,,,+1 214-725-0079,,2.7,7,Yes,Glass company: alongside shower enclosures they list storefronts and windows for residential and commercial use,Both,False,Frameless shower enclosures and architectural glass,medium,"eliteshowersofdallastx.com: 'top of the line quality glass products for residential and commercial use, with services including frameless & framed shower enclosures, mirrors, storefronts, herculite doors, windows & more'",,Other-Misc
NO,web-searched,Exterior Property Experts,https://exteriorpropertyexperts.com/,exteriorpropertyexperts.com,Dallas,TX,+1 214-814-0038,"4514 Cole Ave Suite 600, Dallas, TX 75205, United States",5.0,34,Yes,,,False,"Window cleaning, gutter cleaning and pressure washing",high,"Site title 'Exterior Property Experts - DFW Window Cleaning'; exteriorpropertyexperts.com/services/window-cleaning — 'window washing, gutter services, and pressure washing'. Cleaning only.",,Other-Misc
YES,web-searched,Finesstra,http://www.finesstra.com/contact-us/,finesstra.com,Dallas,TX,+1 469-744-0070,"13723 Gamma Rd, Dallas, TX 75244, United States",5.0,4426,Yes,"Custom European-style minimal-frame steel windows: bifold windows, custom windows, double glazing, window installation, window replacement, skylight installation",Both,False,Steel windows and doors manufacturer/installer,high,"Houzz profile category 'window-sales-and-installation/finesstra' lists services 'Bifold Windows, Custom Windows, Double Glazing, Skylight Installation, Window Installation, Window Replacement, Window Sales'; finesstra.com — 'minimal frame European steel windows and doors for your home'",,Other-Misc
NO,web-searched,Frank of all Trades LLC,https://frankofalltrades.com/,frankofalltrades.com,,,+1 513-404-7082,,5.0,2,Yes,,,False,Real estate home staging and interior design,high,"frankofalltrades.com/about-us-1 — 'Dallas Home Staging by Frank of All Trades'; 'provides interior design, home staging, and listing preparation services'",,Other-Misc
YES,web-searched,Freedom Iron Doors,https://www.freedomirondoors.com/,freedomirondoors.com,Carrollton,TX,+1 972-445-3667,"1500 I-35E Frontage Rd Ste 110, Carrollton, TX 75006, United States",4.6,64,Yes,Steel/iron windows alongside custom iron doors; sells and installs,Residential,False,Custom wrought iron and steel doors,medium,"Houzz services list for Freedom Iron Doors includes 'Bifold Doors, Custom Exterior Doors... Sliding Door Installation, and Windows'; company description: 'hand forged wrought iron doors, access gates, and wine cellar doors to sliders and steel windows'",,Other-Misc
YES,web-searched,Fresh Start,http://www.thedamage.repair/,thedamage.repair,,,+1 214-563-5040,,4.8,20,Yes,Insurance restoration rebuild work including window replacement after fire/water/storm damage,Residential,False,Fire and water damage restoration with full rebuild/remodel,medium,"thedamage.repair (Fresh Start Restoration): 'fire and water damage restoration, construction and remodeling, roofing... The company manages cleanup and can have windows, siding, and roofs replaced'",,Other-Misc
YES,web-searched,Future Design & Build TX,https://futuredesignbuildtx.com/,futuredesignbuildtx.com,Dallas,TX,+1 469-688-5466,"12700 Hillcrest Rd, Dallas, TX 75230, United States",5.0,40,Yes,Windows & energy upgrades listed under exterior remodeling; 'windows & doors' listed among services,Residential,False,Design-build home remodeling contractor,medium,"futuredesignbuildtx.com services: 'exterior remodeling services include stucco & siding, roofing, windows & energy upgrades, decks, patios & pergolas...'; 'Additional services include windows & doors, countertops & cabinets, flooring'",,Other-Misc
NO,web-searched,Fx General Contractor,https://fxgeneralcontractor.com/,fxgeneralcontractor.com,Dallas,TX,+1 682-330-1902,"Petain Ave, Dallas, TX 75227, United States",4.3,7,Yes,,,False,"General contractor focused on painting, drywall and siding",medium,"fxgeneralcontractor.com/about-us: services are 'commercial and residential painting, custom cabinet installation, drywall, electrical work, plumbing, and fire protection systems'; permits/inspections handled 'for siding, deck, framing, and concrete phases' — windows not listed anywhere",,Other-Misc
NO,web-searched,H&M Designs LLC,https://hmdesignstx.com/,hmdesignstx.com,Dallas,TX,+1 469-989-3200,"4549 S Westmoreland Rd, Dallas, TX 75237, United States",5.0,41,Yes,,,False,"Custom window coverings (blinds, shades, shutters)",high,"hmdesignstx.com — 'a full-service window-covering company'; pages for Blinds, Roman Shades, Solar Shades, Shutters. Window treatments, excluded by criteria.",,Other-Misc
NO,web-searched,Hawkins-Welwood Homes,http://hwhomes.com/,hwhomes.com,Dallas,TX,+1 972-931-1006,"5710 Lyndon B Johnson Fwy Ste 400, Dallas, TX 75240, United States",4.9,8,Yes,,,False,Luxury custom home builder,medium,"hwhomes.com/about-us: 'one of the largest luxury homebuilders in Dallas... has built over 1,000 homes in the DFW metroplex', typical job $2.8M-$5M. Sells finished homes; no window installation/replacement offered as a service",,Other-Misc
YES,web-searched,Highline Building Supplies | Windows | Doors | Flooring | Roofing | Kitchen | Builders Source | Commercial Doors | Trims,https://www.highlinesupplies.com/?utm_source=google&utm_medium=gbp&utm_campaign=business_profile,highlinesupplies.com,Garland,TX,+1 214-718-0488,"4002 W Miller Rd STE# 100 & 120, Garland, TX 75041, United States",4.9,863,Yes,"Supplies and installs windows (interior/exterior commercial doors and windows) for builders, contractors and homeowners",Both,False,"Building materials dealer with installation crews (windows, doors, flooring, roofing)",high,"highlinesupplies.com: 'They specialize in roofing, windows, and flooring supply and installation'; 'supplier of interior and exterior commercial doors, windows, carpets... They support builders, contractors, and homeowners across Texas'. Google review: 'last minute NEEDED windows... Highline deliver'",,Other-Misc
NO,web-searched,Hightech Signs DFW,https://www.htsignsdfw.com/,htsignsdfw.com,Dallas,TX,+1 469-249-8080,"1878 W Mockingbird Ln, Dallas, TX 75235, United States",4.8,138,Yes,,,False,"Commercial signage design, fabrication and installation",high,"htsignsdfw.com: 'full-service signage company offering sign design, sign fabrication, and sign installation'; product list includes 'Window Graphics & Vinyl' (graphics applied to glass), not window installation",,Other-Misc
YES,web-searched,Home Craftman,http://www.homecraftsman.net/,homecraftsman.net,Dallas,TX,+1 214-239-0585,"2150 French Settlement Rd, Dallas, TX 75212, United States",4.0,4510,No,Vinyl replacement windows and doors — energy-efficient replacement window products for Dallas homes,Residential,False,Replacement window and door company (manufacturer/dealer),low,"homecraftsman.net: company 'is dedicated to the home improvement business, particularly focused on replacement window and door business'; Yelp lists it as 'Home Craftsman Windows, 3706 La Reunion Pkwy' and Birdeye categorises it 'Home Craftman — Windows Installation in Dallas, TX'. CAVEAT: their own copy says products are 'marketed by the company directly to Replacement Window and Door Specialists, Remodeling Companies, Home Improvement Dealers and Custom Home Builders', which reads B2B; homeowner-facing reviews exist (Houzz thread 'Vinyl Replacement Windows - Home Craftsman Windows Dallas, TX') but I did not find explicit direct-to-consumer installation copy. Low confidence.",,Other-Misc
NO,web-searched,Ideal Siding Dallas,https://idealsiding.com/us/locations/siding-dallas/,idealsiding.com,Dallas,TX,+1 682-688-9923,"10440 N Central Expy #800, Dallas, TX 75231, United States",4.9,51,Yes,,,False,"Siding contractor (vinyl, Hardie, cedar, metal)",medium,"idealsiding.com/us/locations/siding-dallas/ service list: 'Aluminum Siding, Cedar Siding, Fiber Cement Siding, Gutter Installation, Insulation Installation, Siding Installation, Siding Repair, Siding Sales, Soffit Installation, Soffit Repair, Stone Siding, Trim Work, Vinyl Siding, Wood Siding' — windows absent from the full service list across two searches",,Other-Misc
NO,web-searched,Impact Hail Solutions,https://impacthail.com/,impacthail.com,Dallas,TX,+1 469-498-2150,"6901 Maple Ave, Dallas, TX 75235, United States",5.0,32,Yes,,,True,Auto body shop / paintless dent repair for vehicle hail damage,high,"impacthail.com/about — 'Auto Body & Car Dent Repair Shop in Dallas, TX'; services 'Free Estimates, Insurance Company Assistance, Lifetime Warranty, Automotive Glass Replacement, Detailing, and Paintless Dent Repair'. Automotive glass only, no building windows",,Other-Misc
YES,web-searched,Innovations Touch,https://www.innovationstouch.com/,innovationstouch.com,Dallas,TX,+1 214-434-6320,"11005 Indian Trail Ste 111, Dallas, TX 75229, United States",4.8,66,Yes,"Windows listed among general contracting services alongside roofing and siding, for residential, commercial and hospitality projects",Both,False,"General contractor / remodeler (residential, commercial, hospitality)",medium,"Business categories for Innovations Touch LLC: 'bathroom remodeling, commercial remodeling, custom cabinets, kitchen remodeling, windows, roofing, general contracting, siding'; second search confirmed 'services in remodeling, roofing, general contracting, siding, bathroom remodels, windows, kitchen remodels'",,Other-Misc
NO,web-searched,Johnson Home & Restore,https://www.johnsonhomerestore.com/,johnsonhomerestore.com,,,+1 214-762-8330,,5.0,9,Yes,,,False,Furniture restoration and fine home repair/woodworking,high,"johnsonhomerestore.com — 'Furniture restoration & fine home repair'; services are 'Mid-century furniture restoration... fine home repair across DFW, pre-listing repairs for real estate agents, ceiling drywall repair and skim'",,Other-Misc
YES,web-searched,Jon Wright Industries,https://www.jonwrightroofing.com/,jonwrightroofing.com,,,+1 972-251-1818,,4.7,38,Yes,Energy-efficient replacement windows; added windows to their service lines in 1995,Both,False,"Roofing, siding and window contractor",high,"'Jon Wright Industries is a roofing contractor offering roofing, window, siding, and solar panel services... a family owned roofing, siding and window contractor serving the Irving, Dallas and Ft. Worth area'; RESNET certification cited for 'energy efficient replacement windows'",,Other-Misc
NO,web-searched,Koala Insulation of Dallas,https://koalainsulation.com/dallas?utm_source=google&utm_medium=organic&utm_campaign=gbp,koalainsulation.com,Dallas,TX,+1 214-919-8641,"2450 Joe Field Rd #104, Dallas, TX 75229, United States",5.0,207,Yes,,,False,"Insulation contractor (blown-in, spray foam, batt) and air sealing",high,"koalainsulation.com/dallas: 'all types of insulation including blown-in cellulose and fiberglass, dense packing, spray foam and batt insulation... energy efficiency upgrades such as air sealing, thermal imaging'. Air sealing 'around doors, windows, chimneys' is caulking, not window replacement",,Other-Misc
NO,web-searched,L & A Roofing and Masonry LLC,http://laroofingdfw.com/,laroofingdfw.com,Dallas,TX,+1 469-449-4664,"507 Woodmont Dr, Dallas, TX 75217, United States",5.0,22,Yes,,,False,Roofing and masonry contractor,medium,"laroofingdfw.com: 'installation, repair and maintenance of residential and commercial roofs, and also offers construction services for walls, porches, paving'; services listed are 'gutter installation, exterior wall construction, retaining walls, walkway construction, gutter repair, interior wall construction, patio/porch/terrace construction' plus siding — no windows",,Other-Misc
YES,web-searched,Landmark Building Co.,https://www.landmarkbuildingco.com/,landmarkbuildingco.com,Dallas,TX,+1 214-727-0201,"13590 Floyd Cir Ste 110, Dallas, TX 75243, United States",5.0,23,Yes,Sells and professionally installs windows (aluminum fixed windows and others) alongside sliding/bifold/iron doors,Both,False,"Premium doors, windows and glass garage doors supplier/installer; also remodeling",medium,"landmarkbuildingco.com — homepage title 'Premium Doors & Windows Dallas'; category page landmarkbuildingco.com/categories/windows/aluminum-fixed-window; 'offers premium aluminum sliding doors, bifold doors, iron entry doors, windows & glass garage doors in Dallas-Fort Worth... They offer professional installation'",,Other-Misc
NO,web-searched,Lazy Dog Window Washing,http://lazydogwindows.com/,lazydogwindows.com,,,+1 972-900-5817,,5.0,19,Yes,,,False,Residential and commercial window cleaning,high,"lazydogwindows.com — 'Commercial & Post-Construction Window Cleaning. Luxury Estate...'; services 'window cleaning (frame, interior, exterior), window pressure washing, solar panel cleaning'. Cleaning only, excluded by criteria",,Other-Misc
YES,web-searched,Lone Star Home Pro,https://lonestarhomepro.com/,lonestarhomepro.com,,,+1 214-417-6390,,4.8,22,Yes,Window installation and replacement services for energy efficiency and curb appeal,Residential,False,Home remodeling with window and door installation,high,"lonestarhomepro.com/services/window-installation/ — page title 'Window Installation & Replacement Services Dallas, Allen, Plano'; homepage title 'Window & Door Installation, Replacement Services Dallas, Allen...'",,Other-Misc
YES,web-searched,Lone Star Iron Doors,http://www.lonestarirondoors.com/,lonestarirondoors.com,Garland,TX,+1 214-774-4455,"3830 Dividend Dr, Garland, TX 75042, United States",5.0,12,Yes,"Manufactures and sells custom iron/steel windows (as well as doors) direct to consumers, with installation",Both,False,Custom iron and steel door and window manufacturer/retailer,medium,"lonestarirondoors.com: 'a direct manufacturer of the national standard in iron doors & windows... specializes in selling retail and wholesale iron/steel doors and windows... works with distributors, architects, designers, engineers, and consumers'; Houzz category 'door-sales-and-installation'; Google review: 'Lonestar installed a beautiful, custom iron door for us'",,Other-Misc
NO,web-searched,Lone Star Solar Screens,http://lonestarsolarscreens.com/,lonestarsolarscreens.com,Irving,TX,+1 972-445-0856,"2334 Hinton Dr, Irving, TX 75061, United States",3.9,181,Yes,,,False,Custom solar screen manufacture and installation,high,"lonestarsolarscreens.com: 'measures, builds and installs custom built solar screens for homes, apartments and buildings'; Houzz category 'window-treatments'. Screens only, excluded by criteria",,Other-Misc
NO,web-searched,Masters Services Chimney & Masonry,https://mastersservices.com/?utm_source=google&utm_medium=local-dallas,mastersservices.com,Dallas,TX,+1 972-779-6987,"11245 Goodnight Ln #35, Dallas, TX 75229, United States",4.6,375,Yes,,,False,"Chimney sweep, fireplace and masonry contractor",medium,"mastersservices.com/services/: 'chimney and fireplace repair and building, outdoor kitchens, mailboxes, retaining walls, tuck pointing, masonry repairs'. They mention 'brick window repair' — masonry around openings, not window installation or glazing",,Other-Misc
YES,web-searched,MBC Services LLC,https://mbcservllc.com/,mbcservllc.com,Mesquite,TX,+1 469-372-5588,"3040 E Meadows Blvd, Mesquite, TX 75150, United States",5.0,23,Yes,Window and door replacement listed in their commercial construction/remodeling scope of work,Commercial,False,"Commercial construction, remodeling and restoration contractor",medium,"mbcservllc.com/services/commercial-construction-remodeling/: 'MBC Services project manages through all phases of construction, from demolition, framing, plumbing, HVAC, electrical, concrete, painting, spray texture, window and door replacement, fencing, foundation repair, and more'",,Other-Misc
NO,web-searched,Metal-Craft Products Co,https://www.metalcraftdoors.com/,metalcraftdoors.com,Dallas,TX,+1 214-357-9431,"11071 Denton Dr, Dallas, TX 75229, United States",4.7,32,Yes,,,False,"Manufacturer of custom aluminum sliding doors, pass-through service windows and display cases",medium,"metalcraftdoors.com — 'Sliding Door Manufacturer Dallas'; product list 'interior & exterior aluminum sliding glass, cut-down patio, pocket & specialty doors, service windows, trophy cases & screens'. A manufacturer of pass-through service windows/doors, not a building window installer; Google review notes the product is 'easy to install' (customer installs)",,Other-Misc
NO,web-searched,Mid Cities Auto Zone,https://midcitiesautozone.com/,midcitiesautozone.com,,,+1 214-501-9999,,,,Yes,,,True,"Auto glass repair, windshield replacement and vehicle window tinting",high,"midcitiesautozone.com: 'auto glass repair, windshield replacement, and window tinting services'; 'windshield repair and replacement, side window replacement, back window replacement, and sunroof glass replacement' — vehicles only",,Other-Misc
NO,web-searched,Minerva Site Services LLC,http://booking.minervasvc.com/,booking.minervasvc.com,,,+1 469-799-9752,,5.0,2,Yes,,,False,"Property make-ready services: junk removal, painting, power washing, cleaning",high,"minervasvc.com: 'painting, power washing, junk removal, window & gutter cleaning, small demolitions, and full make-ready services'. Window cleaning only",,Other-Misc
NO,web-searched,Mod Haven,https://www.modhaven.com/,modhaven.com,,,+1 214-417-4141,,5.0,,Yes,,,False,Interior design and luxury home remodeling (mid-century focus),low,"modhaven.com/about: 'a full service design, luxury home remodeling firm experienced in high end remodeling of older or outdated homes'; services listed are 'Remodel Design, quality construction, and Interior Design' — no window work listed. Low confidence: the service description is coarse and a whole-home remodeler could subcontract windows",,Other-Misc
YES,web-searched,Mr Quick Fix,https://www.mrquickfix.net/,mrquickfix.net,,,+1 214-734-6293,,3.5,21,Yes,"Doors & windows service line: glass pane replacement (single and double), window sash or frame repair, full replacement of frames or glass, seal-failure/condensation fixes",Residential,False,"Handyman / home repair (carpentry, plumbing, electrical)",medium,"mrquickfix.net/services/doors-windows-services/ — 'expert repair and installation services for interior and exterior doors and windows, from fixing sticking hinges and broken locks to full replacement of frames or glass'",,Other-Misc
UNCLEAR,web-searched,MRC Water Restoration & Construction,http://mrcusa.com/,mrcusa.com,Dallas,TX,+1 214-809-7350,"6271 Highland Hills Dr, Dallas, TX 75241, United States",5.0,109,Yes,,,False,Water/fire damage restoration with roofing and rebuild construction,low,"mrcusa.com/services describes 'water and fire restoration, roofing, rebuild, and construction services' with '95% of their work done in-house'. Two searches surfaced no mention of windows either way — the rebuild scope plausibly includes them but I found no evidence, so leaving UNCLEAR rather than guessing",,Other-Misc
NO,web-searched,New Image Autosports,https://newimageautosports.com/service-areas/dallas-carroll-ave-tx/,newimageautosports.com,Dallas,TX,+1 214-827-6000,"415 S Carroll Ave, Dallas, TX 75223, United States",4.9,680,Yes,,,True,"Car audio, vehicle electronics and automotive window film",high,"'New Image Autosports offers audio/video/security installation, factory stereo upgrades... laser cut window film, hands free Bluetooth... HID/LED lighting'; Birdeye category 'Car Stereo Installation'. Vehicles only",,Other-Misc
NO,web-searched,"Next Century Screens, Inc.",http://www.nextcenturyscreens.com/,nextcenturyscreens.com,Garland,TX,+1 972-496-4981,"3000 Forest Ln #100, Garland, TX 75042, United States",4.9,42,,,,False,Retractable screen distributor and installer (Phantom Screens),high,"nextcenturyscreens.com: 'the North Texas authorized provider of Phantom Screens'; 'retractable screen solutions for doors, windows and oversized openings... custom retractable window screens, retractable awnings'. Screens only, excluded by criteria",,Other-Misc
YES,web-searched,Oak Cliff Building Materials,https://www.facebook.com/ocbm1040,facebook.com,Dallas,TX,+1 972-413-8453,"1040 S Beckley Ave, Dallas, TX 75203, United States",4.6,268,Yes,Stocks windows and provides framing and installation services including window and door installations,Both,False,"Building materials supplier to contractors, builders and homeowners",medium,"Oak Cliff Building Materials services page: 'Their extensive inventory includes lumber, sheathing, roofing products, windows, and more. They also provide professional framing and installation services, including window and door installations'; sells 'to contractors, builders and homeowners'",YES,Other-Misc
UNCLEAR,web-searched,Ortega Glass & Welding,https://ortegabry12.wixsite.com/ortegaglassandwelder,ortegabry12.wixsite.com,,,+1 469-939-2674,,5.0,2,Yes,,,False,Glass and welding service (scope not established),low,"Three searches returned only the site's boilerplate: 'Welcome to Ortega Glass & Welder Service... 24/7 Emergency Replacement, opening hours 7am-7pm'. The Wix site has Home / Book Online / Shop pages but no indexed service list, and no directory listing states whether the glass work is building glass, auto glass or something else. No basis for a verdict",,Other-Misc
NO,web-searched,"Pierce Fine Hardware, Plumbing & Lighting–Dallas Showroom",http://www.piercehardware.com/,piercehardware.com,Dallas,TX,+1 214-368-2851,"2615 W Mockingbird Ln #101, Dallas, TX 75235, United States",4.7,16,,,,False,"Decorative hardware, plumbing fixture and lighting showroom",high,"piercehardware.com/about-pierce-hardware: 'the finest selection of quality decorative hardware and plumbing products in the Southwest... kitchen fixtures, bathroom accessories, door hardware, lighting options'. No windows",,Other-Misc
NO,web-searched,Piper-Weatherford Co,http://www.piperweatherford.com/,piperweatherford.com,Dallas,TX,+1 214-343-9000,"10755 Rockwall Rd, Dallas, TX 75238, United States",5.0,13,Yes,,,False,"Commercial architectural hardware, hollow metal and wood door/frame distributor",medium,"piperweatherford.com/products.html: 'installation, sales, & service of commercial grade architectural hardware, hollow metal doors and frames, bathroom accessories, wood doors and frames, and specialty building products'. Doors and hardware only — no windows or glazing in the product list",,Other-Misc
UNCLEAR,web-searched,Polarizados Neutron,https://6675b60604ba4.site123.me/,6675b60604ba4.site123.me,Dallas,TX,+1 469-846-6839,"3016 Mira Vista Ct, Dallas, TX 75236, United States",,,Yes,,,False,Not established,low,"Three searches (company name, phone 469-846-6839, street address) returned no results for this specific business — only unrelated Dallas 'Polarizado' window-tint shops at different addresses and phone numbers. The site123.me site is not indexed with any service content. I will not infer a verdict from the Spanish word 'polarizados' in the name",,Other-Misc
NO,web-searched,Portal Pros - Dallas Dog Door Installation,https://portalprosdallas.com/,portalprosdallas.com,,,+1 214-307-2503,,5.0,3,Yes,,,False,Pet door (dog/cat door) installation specialist,medium,"theportalpros.com/pages/texas-dog-door-installation-services: 'professional pet door installation services in Dallas, TX for dog doors and cat doors for doors, glass, walls, windows'. They do swap in 'new tempered glass with the pet door built in', but that is a pet-door product install, not window installation or replacement — noting it in case the client wants to reconsider",,Other-Misc
NO,web-searched,Preservan Dallas,https://preservan.com/locations/dallas/?utm_source=GMBlisting&utm_medium=organic,preservan.com,,,+1 469-415-1631,,4.9,43,Yes,,,False,"Epoxy wood rot repair around windows, doors, siding and decks",medium,"preservan.com/wood-rot-repair-services/: 'America's only wood rot repair franchise that solely focuses on wood rot repair around doors & windows'; explicitly 'preservation-focused techniques to repair — not replace — damaged wood components'. Wood repair, not window installation or glazing",,Other-Misc
NO,web-searched,Pristine DFW LLC,http://pristinedfw.com/,pristinedfw.com,,,+1 469-586-9371,,5.0,21,Yes,,,False,Pressure washing and exterior cleaning,high,"pristinedfw.com/services: 'pressure washing, gutter cleaning, window cleaning & holiday lighting services across Dallas-Fort Worth'. Cleaning only",,Other-Misc
NO,web-searched,Pro Wallpaper Hanger,https://prowallpaperhanger.com/?utm_source=GMB&utm_id=GMB,prowallpaperhanger.com,Dallas,TX,+1 469-904-0674,"4315 S Lancaster Rd, Dallas, TX 75216, United States",5.0,19,Yes,,,False,Wallpaper and wallcovering installation,high,"prowallpaperhanger.com: 'expert wallpaper installation for residential and commercial interiors... custom wallcoverings, murals, and designer finishes... wallpaper removal'",,Other-Misc
NO,web-searched,ProReal,http://www.prorealdfw.com/,prorealdfw.com,Dallas,TX,+1 214-769-8729,"4803 Reiger Ave, Dallas, TX 75246, United States",4.8,47,Yes,,,False,Bathroom and kitchen remodeling contractor,medium,"prorealdfw.com/services: 'Bathroom Remodeling, Kitchen Remodeling, Home Additions, Flooring Installation, Painting, Countertop Installations, Exterior Remodeling'; the exterior page (prorealdfw.com/pergolas-and-patios/) details 'pergolas, patio arbors, fencing, deck and rails, outdoor kitchens, covered patios, siding, and concrete work' — no windows in either list across two searches",,Other-Misc
NO,web-searched,Quality Screen Co.,https://www.qualitywindowscreen.com/,qualitywindowscreen.com,Dallas,TX,+1 469-342-1365,"9259 King Arthur Dr, Dallas, TX 75247, United States",3.9,46,Yes,,,False,"Window screen and solar screen manufacturer/supplier (incl. DIY kits, nationwide shipping)",high,"qualitywindowscreen.com/about.html: 'a supplier and manufacturer of replacement window screens, solar screens, sliding patio screen doors, supplies, parts and tools'. Screens only — explicitly excluded by criteria",,Other-Misc
NO,web-searched,R&E Screening co,http://randescreening.com/,randescreening.com,,,+1 945-226-6043,,5.0,12,Yes,,,False,"Screen repair/rescreening, screened patios and pool enclosures",high,"randescreening.com/service-1: 'Screen repair and rescreening... replacing torn, worn, or damaged screen material on windows, patios, and enclosures; Screened Patios & Lanais; Pool Enclosures; Motorized Screens; Patio Covers'. Screens only",,Other-Misc
YES,web-searched,Ramirez Iron Doors,https://ramirezironworkstx.com/?utm_campaign=gmb,ramirezironworkstx.com,Dallas,TX,+1 972-670-4558,"8160 Moberly Ln #103, Dallas, TX 75227, United States",4.6,52,Yes,Fabricates and installs custom iron windows and decorative windows alongside iron doors,Residential,False,"Custom iron doors, windows, staircases and railings",medium,"ramirezironworkstx.com/services/: 'specializes in custom iron doors, windows, staircases & railings, and can make matching garage doors and decorative windows'; Google review describes them fabricating and installing a very large sliding door",,Other-Misc
NO,web-searched,Ross Howard Designs,https://rosshoward.com/,rosshoward.com,Dallas,TX,+1 972-490-0088,"14999 Preston Rd a460, Dallas, TX 75254, United States",5.0,103,Yes,,,False,"Hunter Douglas window coverings, interior design and window film",high,"rosshoward.com: 'a Dallas area leader in Hunter Douglas window coverings, interior design, and wallpaper since 1981'; pages for window treatments, motorized blinds/shades and window tinting. Coverings and film only — both excluded",,Other-Misc
YES,web-searched,Ross Revival,https://rossrevival.com/,rossrevival.com,Dallas,TX,+1 469-212-0722,"9007 San Benito Way, Dallas, TX 75218, United States",,,Yes,"Historic wooden sash window restoration and repair: cosmetic to full sash restoration, reglazing windows, over-window flashing, custom-fabricated storm windows",Residential,False,Historic window restoration (formerly trading as Historic Window Restoration),high,"rossrevival.com — homepage title 'Historic Window Restoration Dallas'; 'specialize in the restoration and repair of pre-1940s wooden sash windows, complemented by custom-fabricated storm windows'; services include 'custom storm window fabrication, cosmetic to full sash restoration, reglazing windows'",,Other-Misc
NO,web-searched,Salvation Army,http://salvationarmy.com/,salvationarmy.com,Dallas,TX,+1 214-424-7000,"5302 Harry Hines Blvd, Dallas, TX 75235, United States",3.8,794,No,,,False,Charity / homeless shelter and social service center,high,"The 5302 Harry Hines Blvd address is the Salvation Army Carr P. Collins Social Service Center: 'The 161,000-square-foot center houses up to 600 people per night'; services are shelter, food pantry, emergency assistance. Not a contractor",,Other-Misc
NO,web-searched,Sky Building Materials,https://skybuildingmaterials.com/,skybuildingmaterials.com,Dallas,TX,+1 972-807-9616,"10835 Shady Trail, Dallas, TX 75220, United States",5.0,4,Yes,,,False,Glass wholesaler/distributor and aluminum product manufacturer,medium,"skybuildingmaterials.com/products/: 'specializes in the manufacturing of aluminum products and distribution of glass products'; 'For float glass, coated glass, insulated glass units, pattern glass, laminated glass, and mirrors, they distribute at the retail and wholesale level'. A supplier to glaziers/contractors — no installation service found, so excluded per the wholesale-distributor rule",,Other-Misc
YES,web-searched,Skylinq Home,https://www.skylinqhome.com/,skylinqhome.com,,,+1 945-352-2008,,5.0,32,Yes,"Windows listed as one of the home upgrade lines they design, permit and oversee installation for",Residential,False,"Home energy/infrastructure upgrade platform (solar, roofing, HVAC, windows)",medium,"skylinqhome.com/about-us: 'Skylinq Home offers Roofing, EV charging, HVAC, windows, security systems, water filtration, and energy-efficiency solutions'; they 'handle design, vendor selection, financing pathways, permitting, installation oversight'. Note: they vet/manage installers rather than self-perform",,Other-Misc
NO,web-searched,Spoiled Luxuries,https://www.spoiledluxuries.com/,spoiledluxuries.com,Dallas,TX,+1 214-210-7402,"3141 Irving Blvd Ste 210, Dallas, TX 75247, United States",5.0,45,Yes,,,True,"Automotive paint protection film, ceramic coating and vehicle window tint",high,"spoiledluxuries.com — 'Spoiled Luxuries - Automotive Tint & Protection Dallas'; 'precision-installed paint protection film, window tint, and coatings that shield your vehicle'. Vehicles only",,Other-Misc
YES,web-searched,Statewide Energy Solutions,https://statewideenergysolutions.com/about-us/,statewideenergysolutions.com,Dallas,TX,+1 800-339-4326,"11520 N Central Expy, Dallas, TX 75243, United States",,,No,"Energy-efficient replacement windows, locally manufactured and installed; lifetime transferable warranty including glass breakage and labor",Residential,False,Replacement window manufacturer and exterior remodeler (also doors and James Hardie siding),high,"statewideenergysolutions.com — homepage title 'Statewide Energy Solutions: Window Replacement in Dallas, TX'; 'specializes in energy-efficient replacement windows... They manufacture high-quality, cost-efficient windows right here locally in Dallas, TX'. Note: they state they do not repair windows or replace glass, only full replacement",YES,Other-Misc
YES,web-searched,SunRoom Season,https://sunroomseason.com/,sunroomseason.com,Garland,TX,+1 469-497-7171,"3903 Cavalier Dr Ste B, Garland, TX 75042, United States",5.0,48,Yes,Custom energy-efficient windows and sliding doors installed as part of sunrooms and patio enclosures,Residential,False,Sunroom and patio enclosure contractor,high,"sunroomseason.com/services/: 'designs, sells, and installs custom sunrooms, patio enclosures, sliding doors, pergolas, and energy-efficient windows and doors'; services list includes 'customized sliding doors, custom windows'",,Other-Misc
YES,web-searched,"Sunshine Sunrooms, Inc.",https://sunshinesunrooms.com/?utm_source=googlebusinessprofile&utm_medium=organic&utm_campaign=Google+Business+Profile,sunshinesunrooms.com,Dallas,TX,+1 972-243-5390,"2410 Glenda Ln #4511, Dallas, TX 75229, United States",3.4,14,,"Window installation/replacement; sunrooms with multiple window options and sliding-window systems; repairs for fogged glass, glass replacement and hail-damaged windows",Residential,False,"Sunroom design and installation (since 1993, ~5,000 installations)",high,"sunshinesunrooms.com/sliding-window-sunrooms/ and /sunroom-repairs/: 'Additional services include Window Installation/Replacement, and they offer repair services for leaks, glass replacement, fogged glass, hail damage, structural damage, doors, windows'",,Other-Misc
NO,web-searched,Superior Fence & Rail of Dallas,https://www.superiorfenceandrail.com/north-dallas/?utm_source=GMB&utm_medium=location&utm_campaign=SFR-North-Dallas-GMB&utm_content=url-7-6-22,superiorfenceandrail.com,,,+1 214-764-3764,,5.0,55,Yes,,,False,Fence and railing installation,high,"superiorfenceandrail.com/north-dallas/: 'vinyl fence installation, aluminum fence installation, wood fence installation, chain link fence installation, railing installation, estate gates, privacy fence, picket fence, pool fence, fence supply'. Fencing is explicitly excluded",,Other-Misc
YES,web-searched,"Surplus Building Materials (SBMTX) | Home Improvement, Doors, Kitchens, Floors, & Installation Experts in Texas",https://sbmtx.com/,sbmtx.com,Farmers Branch,TX,+1 972-241-4444,"3404 Belt Line Rd, Farmers Branch, TX 75234, United States",4.3,483,Yes,"Carries windows in a 150,000 sq ft showroom/warehouse and offers window replacement service alongside door, flooring and cabinet installation",Residential,False,Home improvement / building materials retailer with in-house installation services,medium,"sbmtx.com/pages/installation ('Expert Installation Services') and about-us: '150,000 square foot warehouse ... flooring, granite countertops, doors, windows, cabinets...'; second search returned 'The store offers window replacement service and carries and installs...'. Windows are less prominent than doors/kitchens in their marketing, hence medium confidence",,Other-Misc
YES,web-searched,Texas Quick Construction,http://www.txquickconstruction.com/,txquickconstruction.com,,,+1 469-817-9329,,4.7,19,Yes,Energy-efficient window installation — dedicated Dallas window installation service page,Residential,False,"Exterior contractor: roofing, siding, windows, fences, patio covers, painting",high,"txquickconstruction.com/dallas-window-installation/ — page title 'Energy-Efficient Window Installation Experts in Dallas, TX'; 'specializes in roofing and exterior services across North Texas, including siding, windows, fences, patio covers, and painting'",,Other-Misc
NO,web-searched,Texas Sound & Security,https://www.txstereo.com/,txstereo.com,Dallas,TX,+1 214-337-0717,"6230 Marvin D. Love Fwy, Dallas, TX 75237, United States",3.8,157,Yes,,,True,"Car audio, car alarms/security and automotive window tinting",high,"txstereo.com/services/: 'window tinting, car security upgrades, LED lighting, and car audio upgrades'; 'car audio, window tint, car alarm and security, GPS tracking, navigation, and custom boxes'. Vehicles only",,Other-Misc
NO,web-searched,The Burke Company,http://theburkecompany.com/,theburkecompany.com,Dallas,TX,+1 214-887-0005,"722 Paulus Ave, Dallas, TX 75214, United States",4.7,6,No,,,False,High-end design-build remodeling firm and custom home builder,medium,"theburkecompany.com/about: 'Dallas' premier Design Build Remodel firm'; service list across two searches is 'architectural & interior design, remodeling & new build... bathroom design, bathroom remodeling, kitchen design, kitchen remodeling, home additions, home extensions, home remodeling, deck building, and custom homes' — windows never listed as a service",,Other-Misc
NO,web-searched,The Pooch Patio,http://www.thepoochpatio.com/,thepoochpatio.com,Dallas,TX,+1 214-252-1550,"2515 Manor Way, Dallas, TX 75235, United States",4.6,234,Yes,,,False,"Dog daycare, grooming, boarding and pet retail",high,"thepoochpatio.com: 'professional dog grooming, dog training, pet taxi services, suite boarding, full-service dog baths, cat boarding, dog party hosting, dog day care and a retail storefront'",,Other-Misc
YES,web-searched,Together Design & Build,https://togetherdesignbuild.com/,togetherdesignbuild.com,Dallas,TX,+1 833-573-6353,"325 North St. Paul Street Ste 3100, Dallas, TX 75201, United States",5.0,35,Yes,Window and door replacement offered as part of their exterior remodeling services,Residential,False,Design-build general contractor / home remodeler (Dallas and Austin),medium,"togetherdesignbuild.com/remodeling/: 'Regarding windows specifically, they offer window and door replacement services as part of their exterior remodeling offerings'; also does 'commercial remodeling, home extensions, garage conversions, ADUs... exterior remodeling projects'",,Other-Misc
YES,web-searched,Vertex Roofers and General Contractors,https://vertexroofers.com/,vertexroofers.com,Dallas,TX,+1 214-206-5123,"2550 Pacific Ave Ste 844, Dallas, TX 75226, United States",4.8,77,Yes,Window replacement listed among their general contracting/storm restoration services,Both,False,Residential and commercial roofing / storm restoration general contractor,medium,"vertexroofers.com and directory listings: 'The company provides Fence Installation, Landscaping Materials, Roofing, and Window Replacement, along with other general contracting services'; 'specializing in storm restoration, roofing, and general contracting'",,Other-Misc
NO,web-searched,Wally Fixx,https://wallyfixx.com/,wallyfixx.com,,,+1 945-299-9999,,5.0,31,Yes,,,False,"Iron door restoration and refinishing (paint, rust removal, coating)",high,"wallyfixx.com: 'WallyFixx delivers premium iron door restoration with authentic materials'; services are 'Iron Door High-quality Paint Repair' and 'Exterior Fixtures'; process is 'Paint & Rust Removal, Surface Repair, Protective Primer, Base Coating... glass and hardware polishing'. Refinishing only, no window installation",,Other-Misc
NO,web-searched,Well Connected Life Apple Mac Repair,https://www.wellconnectedlife.com/,wellconnectedlife.com,Dallas,TX,+1 214-232-1013,"5225 Maple Ave Appointment Required, 5225 Maple Ave, Dallas, TX 75235, United States",4.9,52,Yes,,,False,Apple Mac computer repair and tutoring,high,"wellconnectedlife.com: 'fast, affordable Apple Mac repair & iCloud tutoring in Dallas'; services 'data recovery and migration; hard drive replacement; screen repair; software repair; virus removal' — computer screens, not building windows",,Other-Misc
NO,web-searched,Window Seat Coffee,https://windowseatcoffee.com/,windowseatcoffee.com,Dallas,TX,+1 972-645-7128,"3018 Greenville Ave, Dallas, TX 75206, United States",4.9,181,Yes,,,False,Coffee shop and craft coffee roaster,high,"windowseatcoffee.com: 'an airplane and travel-themed coffee shop nestled on Greenville Avenue... a craft coffee roaster offering single-origin coffees, signature blends, pods'. 'Window' in the name is unrelated to the trade",,Other-Misc
NO,web-searched,Window Solar Screens,https://www.windowsolarscreenss.com/,windowsolarscreenss.com,Dallas,TX,+1 214-482-3098,"7010 Benning Ave, Dallas, TX 75227, United States",5.0,16,Yes,,,False,Solar screen and window screen fabrication and installation,high,"windowsolarscreenss.com: 'Window solar screens provides high-quality screen material... They build screens at their own shop'; offerings are 'solar screens in any color and shape, custom-sized window screens... repair services for damaged screens' plus patio doors and roller shades. Screens only — explicitly excluded",,Other-Misc
YES,web-searched,WOW SOLUTION 360,http://wowsolution360.com/,wowsolution360.com,Dallas,TX,+1 972-679-8245,"2745 Irving Blvd, Dallas, TX 75207, United States",5.0,2,Yes,"Installation of glass and windows for houses and businesses; window installation, glass door installation/replacement; also does auto glass",Both,True,"Glass and window installation (residential, commercial and automotive)",medium,"wowsolution360.com: 'specializes in the installation of glass and windows for houses, businesses, shower doors, among others'; 'design and installation of residential, business, auto glass and windows'; service list includes 'window installation, glass door installation, glass shower enclosure installation' alongside 'auto window repair, auto windshield replacement'",,Other-Misc
NO,web-searched,YJ Electric Group,https://yjelectricgroup.com/,yjelectricgroup.com,,,+1 214-888-8799,,5.0,8,Yes,,,False,Licensed electrical contractor,high,"yjelectricgroup.com: 'a licensed and insured electrical contractor serving Dallas, TX... panel upgrades & replacements, EV charger installation, residential electrical, commercial electrical, new construction wiring, and emergency electrical service'",,Other-Misc
