company_name,website,domain,city,state,phone,address,rating,review_count,google_verified,window_service,segment,also_does_auto_glass,primary_business,confidence,evidence,duplicate_domain,original_spreadsheet_tab
1n20 Home Services,https://www.1n20homeservices.com/,1n20homeservices.com,Corinth,TX,+1 214-215-4830,"2602 Boulder Dr, Corinth, TX 76210, United States",4.9,42,Yes,"Custom vinyl low-E replacement window installation; also doors, siding, roofing",Residential,False,Exterior remodeling / replacement windows contractor,high,"Site pages 'Replacement Windows Corinth' (1n20homeservices.com/corinth/replacement-windows/), 'Window Company in DFW' (/windows/window-company/), 'Denton Replacement Windows Company' (/about-us/); described as a local vinyl replacement window company that customizes and installs low-E energy-efficient windows",,Window
828 Windows & Doors,http://828windowsanddoors.com/,828windowsanddoors.com,,,+1 214-389-2828,,,,Yes,Window and door replacement,Residential,False,Windows & doors replacement company,medium,"Yelp listing title '828 WINDOWS & DOORS - Dallas, Texas - Windows Installation'; Crunchbase profile for 828 Windows & Doors, Dallas TX window/door replacement",,Window
Adams Exteriors,http://www.adamsexteriors.com/homewindowguy/,adamsexteriors.com,Dallas,TX,+1 214-349-7283,"410 S Willomet Ave, Dallas, TX 75208, United States",5.0,2,Yes,"Energy-efficient vinyl replacement windows, supply and installation (Pella, Andersen, Simonton, Alside priority installer)",Residential,False,"Replacement window / exterior (windows, siding, roofing) contractor",high,"Page titles 'Home Window Guy. Vinyl Replacement Windows Dallas Tx.' (adamsexteriors.com/index3.html) and city pages /cities/plano/, /cities/richardson/; BBB category 'window installation'",YES,Window
"Advanced Windows, Doors and More",https://advancedwindowsdoorsandmore.com/,advancedwindowsdoorsandmore.com,,,+1 469-678-0401,,5.0,30,Yes,"Window installation and replacement, glass replacement; also doors and siding",Residential,False,"Window, door and siding installation company",high,Site page title 'Window Installation & Glass Replacement Services' (advancedwindowsdoorsandmore.com/services/); BBB category 'window & door installation',,Window
AJ Window Solutions LLC,https://ajwindowsolutions.com/,ajwindowsolutions.com,Farmers Branch,TX,+1 972-207-1560,"11419 Mathis Ave Ste 211, Farmers Branch, TX 75234, United States",4.3,13,Yes,"Repair, replacement and installation of windows and glass (plus screens, blinds, shutters)",Residential,False,Window and glass repair/replacement company,high,"Company description: 'repair, replacement, and installation of window and glass as well as screens, blinds, and shutters'; Google review describes broken French-door glass replaced and installed",,Window
"Alpine Exteriors Siding, Roofing & Windows",https://alpineexteriorstx.com/,alpineexteriorstx.com,Dallas,TX,+1 214-537-9454,"5960 Berkshire Ln Ste 100, Dallas, TX 75225, United States",5.0,13,,Window replacement and installation; authorized Milgard and Andersen window supplier and installer,Both,False,"Exterior remodeling contractor (siding, roofing, windows, decking)",high,"Site 'Alpine Exteriors TX - Expert Siding, Roofing & Window Contractors'; services list includes 'window replacement and installation' and 'authorized Milgard and Andersen window supplier and installer'; Google review 'siding and window replacement in Allen'",,Window
Alumiglass and Windows LLC,https://alumiglassandwindows.com/,alumiglassandwindows.com,Frisco,TX,+1 972-658-2192,"1235 Tree Top Dr, Frisco, TX 75033, United States",5.0,74,Yes,"Window and glass installation/repair, energy-efficient windows, storefronts, board-up; residential and commercial",Both,False,Residential and commercial glass and window installation company,high,Site pages 'Expert Glass & Window Installation in Frisco' (/frisco) and 'Your Trusted Residential & Commercial Glass Experts in North Dallas'; services include 'Glass/Window Installation ... Storefront and Board Up for both Residential and Commercial',,Window
Amazing Exteriors,http://amazingexteriors.com/locations/dallas/,amazingexteriors.com,Farmers Branch,TX,+1 817-761-4113,"4343 Sigma Rd Suite 100, Farmers Branch, TX 75244, United States",4.6,244,Yes,"Replacement windows (Marvin dealer/installer), entry doors, siding",Residential,False,Home exterior remodeler - replacement windows and siding,high,"Page title 'Window Replacement Dallas TX' (amazingexteriors.com/locations/dallas/); 'hand-picked by Marvin Windows ... deliver the highest quality, longest-lasting replacement windows'",,Window
Andersen Windows,https://www.andersenwindows.com/,andersenwindows.com,Garland,TX,+1 214-221-9500,"3801 Regency Crest Dr, Garland, TX 75041, United States",4.1,59,No,Window manufacturer that also sells and installs direct to homeowners (Renewal by Andersen); this Garland address is its DFW distribution center,Both,False,Window and door manufacturer / distributor,medium,"Search shows 3801 Regency Crest Dr, Garland is the 'Gateway East Distribution Center ... home to Andersen Windows' DFW distribution center for 16 years', 223,000 sq ft warehouse/distribution, category 'Manufacturing / Windows & Doors'; Google review 'We had our new windows installed by the best guys ever'. AMBIGUOUS: the listed site is a warehouse, not a local installing contractor",,Window
Apex Windows & Glass,https://apexwindowstx.com/,apexwindowstx.com,McKinney,TX,+1 214-263-3008,"7200 W University Dr, McKinney, TX 75071, United States",5.0,60,Yes,"Foggy glass replacement, double-pane window repair, insulated glass unit (IGU) replacement",Both,False,Window glass / IGU replacement and repair company,high,"Site title 'Foggy Glass Replacement & Repair DFW' (apexwindowstx.com/) and page '/foggy-broken-glass/'; 'foggy glass replacement, double-pane window repair, insulated glass unit (IGU) replacement ... residential and commercial window services'",,Window
Aquamarine Windows and Doors,https://aquamarinewindows.com/,aquamarinewindows.com,,,+1 469-887-0015,,5.0,9,Yes,"Window replacement (estimate, measuring, window style selection) per customer reviews",Residential,False,Windows and doors company (no indexed web presence found),low,"No indexed site content found in two searches. Google review: 'They came by for the estimate, took measurements, and helped us think through the design ... Their suggestions on the window style and overall look'. Verdict rests on the review snippet plus company name",,Window
Bangor Window Works,https://hometrendyquote.com/,hometrendyquote.com,Dallas,TX,+1 254-489-8666,"3712 S Malcolm X Blvd, Dallas, TX 75215, United States",,,Yes,Window replacement / quotes,Residential,False,Window replacement (site is a generic quote-branded domain - possible lead-gen),low,"hometrendyquote.com indexed as 'Home Trendy Quote', described as providing window replacements with fair estimates; contact support@hometrendyquote.com, (833) 383-0278. No content found for the name 'Bangor Window Works' itself. AMBIGUOUS: generic quote domain + toll-free number may indicate a lead-gen/aggregator rather than a contractor",,Window
BC Roofing Siding & Windows,http://www.bcroof.com/,bcroof.com,Farmers Branch,TX,+1 972-306-0215,"2300 Valley View Ln #107, Farmers Branch, TX 75234, United States",4.7,36,Yes,Energy-efficient vinyl replacement windows (Burris) sold and installed alongside roofing and siding,Both,False,"Roofing, siding & windows exterior contractor",high,"Site pages bcroof.com/roofing-services/windows, /vinyl-windows/farmers-branch-tx and /energy-efficient-windows/carrollton-tx; 'selling Burris Windows since the 1990s... double-strength Cardinal Glass with Argon-filled double panes'",,Window
Best Buy Windows and Siding,https://www.bestbuywindowsandsiding.com/,bestbuywindowsandsiding.com,Richardson,TX,+1 469-946-3697,"1800 N Glenville Dr #102, Richardson, TX 75081, United States",4.4,376,Yes,"Custom replacement window installation - vinyl, double/triple-pane, sliding, picture, casement, specialty",Residential,False,Replacement window and vinyl siding contractor,high,"bestbuywindowsandsiding.com/services/ 'Windows in Richardson, TX' - 'specialize in selling and installing custom replacement windows and vinyl siding in homes throughout the Dallas Fort Worth area'",,Window
Blade Glazing LLC,http://bladeglazingllc.com/,bladeglazingllc.com,,,+1 214-687-1216,,5.0,9,Yes,"Broken window glass repair/replacement, storefront glass installation, floor-to-ceiling glass walls",Both,False,Glass & glazing contractor,high,bladeglazingllc.com/glass-replacement/ titled 'Glass Replacement - Residential/Commercial Glass Installation' and /dallas-storefront-glass-installations/; 'repairs to broken window glass',,Window
C&C Exteriors,http://www.exteriorscc.net/,exteriorscc.net,Dallas,TX,+1 469-291-7039,"10420 Plano Rd #112, Dallas, TX 75238, United States",5.0,28,No,Window replacement offered as part of full exterior packages,Residential,False,Exterior remodeler / roofing contractor,high,"exteriorscc.net About page - 'created in 2016 to become a one-stop shop for home exterior needs... offers roofing, windows, siding & gutters'; services listed as roofing, windows/doors, siding, painting, repairs",,Window
Camey Xteriors,http://www.cameyxteriors.com/,cameyxteriors.com,,,+1 972-900-8969,,5.0,,Yes,"Window repair and replacement for homes (exterior contractor, insurance work)",Residential,False,Exterior home improvement contractor,medium,cameyxteriors.com window page - 'most window issues can be fixed without replacing the entire window'; Google review: 'had the pleasure of working with Camey Xteriors for a window replacement project'. Site content is thin - verdict leans on the review plus the site's window service page,,Window
Cantera Doors & Windows - Reynaers Manufacturer,https://canteradoors.com/,canteradoors.com,Farmers Branch,TX,+1 469-687-0242,"4887 Alpha Rd #290, Farmers Branch, TX 75244, United States",4.0,16,Yes,"Custom steel, iron and Reynaers aluminium windows - fabricated and installed",Residential,False,Luxury metal windows & doors fabricator/installer,high,"canteradoors.com/reynaers-aluminium-windows/ and /steel-doors-and-windows-dallas/ - 'official fabricator of Reynaers, Jansen, and Forster, offering windows, doors, and facades in aluminum, steel, and iron, engineered and installed under one roof'",,Window
"CAT Exteriors, Dallas",https://www.catexteriors.pro/,catexteriors.pro,Dallas,TX,+1 833-444-4228,"9865 Chartwell Dr, Dallas, TX 75243, United States",4.4,47,,"Replacement windows (double-hung, single-hung, picture, geometric); Anlin gold star dealer with installation",Residential,False,Exterior home remodeler specializing in replacement windows,high,"Site pages catexteriors.pro/windows/single-hung/, /windows/double-hung-windows, /windows/picture/, /geometric/ — 'CAT specializes in replacement windows, exterior stucco and wood painting'",,Window
Certified Window & Door,http://www.remodelcwd.com/,remodelcwd.com,,,+1 214-736-3935,,4.0,2,Yes,"Custom window and door supply, design and installation for builders, remodelers and homeowners",Residential,False,Custom window and door contractor,high,"remodelcwd.com — 'custom window and door contractor servicing builders, remodelers, and homeowners in North Texas since 2013 ... can assist with design, construction, and installation of your project'",,Window
Chenault window services,https://chenaultswindowservices.net/,chenaultswindowservices.net,Dallas,TX,+1 972-783-9572,"10605 Boomer Cir #107, Dallas, TX 75238, United States",4.1,29,Yes,"Window installation and replacement (vinyl, wood, aluminum), glass replacement, skylights, doors, screens",Residential,False,Window installation and replacement contractor,high,"Site title 'Chenault's Window Services — Window installations, glass replacements...'; pages /products/vinyl-windows/ 'Dallas Vinyl Window Replacement and Installation' and /products/wood-windows/",,Window
Clarity Windows and Doors,http://www.claritywindows.com/,claritywindows.com,Coppell,TX,+1 972-393-3991,"800 Freeport Pkwy #150, Coppell, TX 75019, United States",4.9,578,Yes,"Window installation, window repair, storm windows, door installation",Residential,False,Replacement window and door dealer/installer (Anlin),high,"claritywindows.com/services/ — 'window installation, window repair, door installation, and storm windows and doors'; BBB category 'Window Installation'",,Window
Clear Advantage Window Service,http://clearwindowservice.net/,clearwindowservice.net,,,+1 469-289-7556,,3.6,18,Yes,"Residential window repair and full window replacement, broken glass replacement, foggy window repair, glazing bead repair, skylight repair",Residential,False,Residential window repair and replacement service,high,"'specializes in Residential Window Repair & Replacement, Glass Repair, Window Glazing Bead Repair, Foggy Window Repair' ... 'full window replacement, broken glass replacement'; founded 2006 by a window installation professional",,Window
Conservation Construction of Dallas,https://conservationconstructionofdallas.com/,conservationconstructionofdallas.com,Grand Prairie,TX,+1 817-416-8005,"1201 E Avenue J, Grand Prairie, TX 75050, United States",4.5,231,Yes,"Energy-efficient vinyl replacement windows, impact-resistant storm windows, patio doors — professionally installed",Residential,False,Window replacement and exterior remodeling contractor,high,"Site title 'Conservation Construction: Window Replacement Dallas'; page /windows/dallas-replacement-windows/ — 'All replacement windows, patio doors and whole house siding projects are professionally installed'",,Window
CountyLine Glass,http://www.countylineglass.com/,countylineglass.com,Irving,TX,+1 972-438-5719,"1819 Peters Rd #3, Irving, TX 75061, United States",4.2,13,Yes,"Window glass replacement, double pane / insulated glass units, storefront glass, plus shower doors and mirrors",Both,False,"Glass installation company (window glass, storefronts, shower/mirror)",high,"countylineglass.com 'Glass Installation Services' — 'specializes in glass replacement, window glass, double pane glass, shower doors and mirrors ... window replacements, storefronts'; Houzz category 'Window Sales and Installation'",,Window
David Smith Glass,https://www.davidsmithglass.com/,davidsmithglass.com,,,+1 972-289-4999,,5.0,,Yes,"Residential window replacement, double pane and window glass repair, storefront glass/doors, patio doors, solar screens",Both,False,Residential and commercial glass repair and installation,high,"davidsmithglass.com — 'double pane glass, replacement, mirrors, store fronts, solar screens, table tops, patio doors'; services listed include 'double pane and window repair' and 'residential window replacement'",,Window
Designer Door and Window,http://www.designerdw.com/,designerdw.com,Carrollton,TX,+1 972-424-0031,"2707 Realty Rd #310, Carrollton, TX 75006, United States",4.9,140,Yes,"Design, build and installation of energy-efficient windows (Anlin dealer) plus exterior doors",Residential,False,Window and door dealer/installer,high,"'full-service home window specialist ... specialize in the design, build and installation of steel, wood, and energy efficient fiberglass, lead safe, warrantied exterior doors and windows for the Dallas area'; certified Anlin Windows and Doors Dealer",,Window
DFW window specialist,http://dfwwindowspecialist.com/,dfwwindowspecialist.com,,,+1 469-478-9395,,4.8,37,Yes,"Window repair and replacement, glass repair, solar screens, plus shower enclosures",Residential,False,Window repair / glass company,high,"dfwwindowspecialist.com — 'professional window repair and replacement, as well as glass shower installation ... 14 years of experience repairing windows, replacing glass'",,Window
Don Young Co,http://www.dycwindows.com/,dycwindows.com,Dallas,TX,+1 214-630-0934,"8181 Ambassador Row, Dallas, TX 75247, United States",4.2,60,Yes,"Manufactures aluminum and vinyl replacement/new-construction windows; company-owned branches handle retail sales and installation, and they list homeowners among customers served",Both,False,"Window manufacturer (wholesale, with dealer network and company-owned branches)",low,"'leading wholesale window manufacturer ... for the residential and commercial replacement and new construction markets' and 'distributed to selected dealers for retail sales and installation from company owned branches in Dallas, Houston...'; dycwindows.com says they 'serve contractors, distributors, builders & homeowners'. AMBIGUOUS: primarily wholesale — direct install for end customers not confirmed.",,Window
Duncanville Glass,http://www.duncanvilleglass.com/,duncanvilleglass.com,Duncanville,TX,+1 972-298-9263,"638 Meadowglen Dr, Duncanville, TX 75137, United States",4.7,18,Yes,"On-site residential window repair and replacement, double pane insulated glass, low-E glass, storm windows, solar screens",Residential,False,Residential window glass repair and replacement,high,"duncanvilleglass.com 'Duncanville Glass & window repair' — 'specializes in complete on-site residential home window repair and replacement, focusing on double pane insulated glass, low-E energy-efficient glass, and solar screens'",,Window
EcoView Windows & Doors,https://www.ecoviewdfw.com/?utm_source=gbp&utm_medium=organic&utm_campaign=gbp-listing&utm_content=grand-prarie-office,ecoviewdfw.com,Grand Prairie,TX,+1 972-247-2949,"2003 108th St #303, Grand Prairie, TX 75050, United States",4.9,347,Yes,Energy Star replacement window units plus installation; also doors and siding,Residential,False,Replacement window and door company,high,"ecoviewdfw.com/dallas — 'family-owned and operated window replacement company ... provides Window Installation, Door Installation, and Siding Installation ... replacement window and door units along with installation'",,Window
Energy One Windows of Dallas/Ft. Worth,https://energyonewindows.com/,energyonewindows.com,Irving,TX,+1 972-719-7801,"580 Decker Dr #125, Irving, TX 75062, United States",5.0,208,Yes,Replacement window and patio/sliding glass door installation for homeowners,Residential,False,Replacement window company,high,energyonewindows.com/energy-one-windows-of-dallas-ft-worth/ — 'window replacement and sliding glass door installation company ... professional installation services for residential customers'; BBB category 'Window Installation',,Window
Energy Window Solutions,https://energywindowsolutions.com/,energywindowsolutions.com,Mabank,TX,+1 972-746-8195,"5000 Esquire Estates Rd, Mabank, TX 75156, United States",4.9,104,Yes,"Custom window manufacture plus window installation and replacement; also siding, gutters, doors",Residential,False,Window manufacturer and replacement window installer,high,"Site pages /about-us/replacement-windows-dallas/ 'Window Replacement & Installation Services in Dallas, TX' — 'builds high-performance window systems in their Fort Worth facility and installs them for homeowners across the region'",,Window
Ennis Glass LLC,http://www.ennisglass.com/,ennisglass.com,Ennis,TX,+1 972-878-9902,"706 S Clay St, Ennis, TX 75119, United States",4.8,22,Yes,"Window replacements, glass installation and repair, heavy commercial doors and windows, storefronts, curtain wall",Both,False,Residential and commercial glass company,high,"ennisglass.com — 'custom shower doors, mirrors, window replacements, and heavy commercial doors and windows'; products list includes 'commercial doors, curtain wall ... storefronts ... window replacements'",,Window
Expo Home Improvement,https://www.expohomeimprovement.com/,expohomeimprovement.com,Farmers Branch,TX,+1 972-486-9166,"13859 Diplomat Dr Ste 180, Farmers Branch, TX 75234, United States",4.9,2649,Yes,"Replacement window installation - double-hung, sliding, casement, awning, picture, bay/bow, specialty shapes",Residential,False,Home improvement / remodeling company,high,"expohomeimprovement.com/dallas-tx/windows/ 'Window Replacement in Texas' and /locations/window-replacement-dallas 'Dallas, TX Window Replacement & Installation Contractors'",,Window
Fix & Build LLC,https://www.fixandbuildllc.com/,fixandbuildllc.com,,,+1 469-443-2786,,5.0,12,Yes,"Window and door replacement, custom window installation",Residential,False,General contractor / remodeler,high,fixandbuildllc.com - 'expert window and door replacement services'; founder expertise includes 'custom window and door installations'; /before-and-after/ shows window projects,,Window
Foggy Window Repair,https://www.foggywindowrepair.com/,foggywindowrepair.com,Irving,TX,+1 972-693-6449,"700 Redbird Dr, Irving, TX 75061, United States",4.4,148,Yes,"Foggy/failed insulated glass unit replacement, window glass installation, replacement and repair",Both,False,Window and glass repair company,high,"foggywindowrepair.com - 'offers window installations, glass installations, replacements, and repairs'; Google review: 'repairing windows whose seals were breached... I had all of the glass replaced in my house'",,Window
FoGlass Window Replacement,http://www.foglasswindow.com/,foglasswindow.com,,,+1 469-509-9932,,4.9,69,Yes,"Window replacement, broken/single-pane glass replacement, foggy window repair, sliding patio door replacement, commercial storefront glass",Both,False,Residential & commercial glass and window replacement company (DFW),high,"foglasswindow.com/summary titled 'Window Replacement Dallas' and /residentialwindowservice 'Glass Repair Services'; site lists window replacement, broken glass repair, foggy window repair for residential and commercial",,Window
Foster Exteriors Window Company,https://www.fosterexteriors.com/?utm_source=google&utm_medium=organic&utm_campaign=gbp-dallas&utm_id=local&utm_content=dallas,fosterexteriors.com,Dallas,TX,+1 214-319-8400,"1350 N Buckner Blvd #216, Dallas, TX 75218, United States",4.9,136,Yes,"Energy-efficient vinyl/aluminum replacement window installation, sliding patio doors, storm doors",Residential,False,Replacement window and door contractor (est. 1987),high,"fosterexteriors.com/replacement-windows-doors-dallas-tx/ 'Window Replacement Dallas, TX'; 'specializes in providing and installing energy efficient replacement windows in Dallas, TX'",,Window
Garland Home Window Replacement,https://garlandhomewindowreplacement.com/,garlandhomewindowreplacement.com,,,+1 469-599-4956,,5.0,8,Yes,"Window installation, repair and replacement (vinyl, casement, custom), plus door installation; also offers screens/film",Residential,False,Home window replacement contractor in Garland TX,high,"garlandhomewindowreplacement.com/windows/window-installation-service-garland-tx/ 'Affordable Window Installation Garland, TX'; /windows/ 'Garland Window Replacement & Installation'",,Window
Gatsby Glass,https://www.gatsbyglass.com/north-dallas-tx,gatsbyglass.com,Farmers Branch,TX,+1 214-492-5841,"4601 Langland Rd, Farmers Branch, TX 75244, United States",5.0,37,Yes,"Window glass installation/replacement; commercial glass, partitions and storefront solutions; also shower doors and mirrors",Both,False,"Custom residential and commercial glass company (shower doors, mirrors, glass walls, windows)",high,gatsbyglass.com/north-dallas-tx/glass-services/ lists 'Window Glass Installation or Replacement Service'; /commercial-glass-services/ covers storefront solutions,YES,Window
Gatsby Glass of East Dallas,https://www.gatsbyglass.com/east-dallas-tx/,gatsbyglass.com,Dallas,TX,+1 972-430-4390,"4845 Vicksburg St #200, Dallas, TX 75207, United States",5.0,14,Yes,"Residential glass repair and window replacement (incl. foggy/failed units), plus commercial glass and shower/mirror work",Both,False,Custom glass company serving East Dallas,high,"gatsbyglass.com/east-dallas-tx/glass-services/ 'Glass Services in Dallas, TX' — services include residential glass repair, window replacement, shower glass, mirrors; Google review: 'windows at my house were getting more and more foggy... Gatsby charged $1,200 and did a great job with the installation'",YES,Window
Glacier glass and mirror,http://glacierglassandmirror.com/,glacierglassandmirror.com,,,+1 945-268-0721,"Dallas, TX 75243, United States",5.0,2,Yes,Same-day broken window glass repair/replacement; glass office door installation,Both,False,Small Dallas glass and mirror shop,low,No indexed company site content surfaced in three searches. Google review (customer text): 'came out same day to fix a window that had been broken in a million pieces over night... He even had a piece of safety glass' and 'I recently had glass office doors installed',,Window
Glass Works of Plano,http://www.glassworksplano.com/,glassworksplano.com,Addison,TX,+1 972-742-9245,"4022 Morman Ln, Addison, TX 75001, United States",5.0,7,Yes,"Window glass replacement, replacing insulated window glass units (IGUs), windows; also shower enclosures, mirrors, screens, tabletops",Both,False,Glass shop specializing in frameless shower enclosures plus window glass work,high,"glassworksplano.com/about — services include 'window glass replacement... replacing insulated window glass units, and windows'; HomeAdvisor review: 'replaced every glass with Low-E glass in existing frames'",,Window
Glass Zone,http://www.glasszone.net/,glasszone.net,,,+1 310-863-8846,,5.0,9,Yes,"Residential windows, skylights, patio glass, foggy glass repair; commercial storefronts, window installation and repair, glass replacement",Both,False,DFW glass installation and repair company (residential + commercial),high,"glasszone.net — 'residential options like shower doors, skylights, windows, mirrors, patio glass, and foggy glass repair, as well as commercial services such as sliding glass doors, storefronts, window installation and repair, glass replacement'",,Window
Grand Openings Luxury Windows & Doors - Dallas,http://www.grandopenings.com/,grandopenings.com,Dallas,TX,+1 214-956-7700,"3605 Inwood Rd, Dallas, TX 75209, United States",2.9,18,Yes,"Custom/luxury window and door sales to homeowners, builders and architects (Kolbe, Marvin, Quaker, Western, LaCantina); showroom + field service on installed windows",Both,False,High-end window and door dealer/distributor with Dallas showroom,medium,"Houzz profile under 'Window Sales and Installation' — 'Grand Openings, Inc.'; grandopenings.com 'work directly with architects, builders, and homeowners'; Google review: 'trying to have Kolbe windows repaired... A repairman came to the house'. Ambiguous whether they self-perform installation vs. supply only.",,Window
Heavens Door And Window,https://heavensdoor-window.com/,heavensdoor-window.com,,,+1 682-503-1144,,5.0,20,Yes,Replacement window and door sales plus professional installation (Pella and other brands) across DFW,Residential,False,"Replacement window and door company (Bedford, TX)",high,heavensdoor-window.com — 'specializes in high-quality replacement windows and doors... provide professional installation services throughout the DFW metroplex'; 'We sell and install every project themselves',,Window
Home Window Guy,https://adamsexteriors.com/,adamsexteriors.com,Dallas,TX,+1 214-349-7283,"3010 Lyndon B Johnson Fwy, Dallas, TX 75234, United States",4.3,12,Yes,"Energy-efficient vinyl replacement window supply and installation (Pella, Andersen, Simonton, Alside, Don Young); also siding and roofing",Residential,False,"Exterior remodeler — windows, siding, roofing (Adams Exteriors / Home Window Guy)",high,"adamsexteriors.com/index3.html 'Home Window Guy. Vinyl Replacement Windows Dallas Tx.'; 'local, family-owned window supply and installation company that specializes in quality energy efficient replacement windows'; BBB category 'window installation'",YES,Window
Home Window Replacement Dallas,https://homewindowsdallas.com/,homewindowsdallas.com,,,+1 469-908-3363,,5.0,4,Yes,"Home window replacement and installation (double-hung, slider, awning, bow/bay, vinyl, custom); also doors and siding",Residential,False,Residential window replacement / exterior remodeling company (Conservation Construction affiliate),high,"homewindowsdallas.com/windows/home-window-replacement-dallas/ and /windows/window-installation-service-dallas/ 'Window Installation Service Dallas'; 'leading home window replacement and door installation company in Dallas, Texas'",,Window
Hourglass Solutions LLC,http://hourglassdfw.com/,hourglassdfw.com,Dallas,TX,+1 469-677-5738,"1612 Falcon Drive, Dallas, TX 75247, United States",5.0,10,Yes,"Insulated/tempered/laminated glass supply plus installation and replacement, incl. IGU replacement in existing window frames",Both,False,Glass distributor and installer,high,"hourglassdfw.com/residential - 'provides glass products, installation, and replacement for residential and commercial projects'; provides 'window, patio and door components'; Google review: 'acquiring and installing approx 42 insulated glass units... prevented me from replacing perfectly fine window frames'",,Window
Infinity Replacement by Marvin,https://install.infinitywindows.com/locations/texas/dallas/?utm_source=gmb&utm_medium=organic&utm_campaign=dfw,install.infinitywindows.com,Grand Prairie,TX,+1 866-922-2119,"1205 E Avenue J, Grand Prairie, TX 75050, United States",4.8,260,Yes,Full-frame and insert replacement windows and patio doors (fiberglass),Residential,False,Replacement window manufacturer-direct installer,high,"install.infinitywindows.com/locations/texas - 'full-service window and patio door replacement service for homeowners across the Dallas, Texas area'; 'installers expertly replace your old windows... with brand-new fiberglass windows'",,Window
JC GLASS & WINDOWS,https://jcglass-windows.carrd.co/,jcglass-windows.carrd.co,Dallas,TX,+1 214-531-5904,"5738 Preston View Blvd, Dallas, TX 75240, United States",5.0,7,Yes,"Window installation, broken window glass repair, energy-efficient pane replacement, custom screens",Residential,False,Glass repair and window installation,high,"carrd.co page titled 'Glass Repair and Window Installation' - 'JC GLASS & WINDOWS LLC is a go-to expert for glass repair, window installation, and screen services in the heart of Dallas... fixing shattered windows, installing energy-efficient panes'",,Window
Jerco Windows LLC,http://www.jercowindows.com/,jercowindows.com,Grand Prairie,TX,+1 469-369-0996,"3636 Bluegrass Dr, Grand Prairie, TX 75052, United States",5.0,10,Yes,Window replacement and installation; also door replacement,Residential,False,Window replacement contractor,high,jercowindows.com/replacement-windows titled 'Window Replacement in Dallas TX Homes'; /lp2 'Window & Door Replacement',,Window
JJ's Window Service,http://www.jjswindowservice.com/,jjswindowservice.com,Carrollton,TX,+1 972-479-1302,"3235 Skylane Dr Apt 115, Carrollton, TX 75006, United States",3.7,59,Yes,"Window replacement and fogged/failed insulated glass repair (broken glass, moisture between panes, broken seals)",Both,False,Window replacement and glass repair,high,"jjswindowservice.com/about/ - 'specializes in window replacement and fogged glass repair in Carrollton, Texas, serving residential and commercial clients across North Texas'",,Window
Jurassic Windows and more LLC,https://www.facebook.com/profile.php?id=61555207653139,facebook.com,,,+1 972-351-6397,,5.0,22,Yes,"Window installation; also doors, glass and mirrors",Residential,False,Window installation company,medium,"Yelp business page 'Jurassic Windows and More', Duncanville TX, phone (972) 351-6397 - services listed as 'Windows Installation, Door Sales/Installation, Glass & Mirrors'. No own website (Facebook page only), so evidence is directory-level plus the Google reviews describing a window job",YES,Window
King's Window Services LLC,https://www.kingswindowservices.com/?utm_medium=organic&utm_source=google&utm_campaign=gbp,kingswindowservices.com,North Richland Hills,TX,+1 817-512-5714,"6515 Smithfield Rd c, North Richland Hills, TX 76182, United States",4.9,166,Yes,"Full window replacement, window repair, foggy glass repair (also window cleaning and screen repair)",Both,False,Window repair and replacement company,high,"kingswindowservices.com/window-replacement/ 'Window Replacement in North Richland Hills, TX'; 'foggy glass repair, full window replacement, and custom shower enclosures'",,Window
"Kirk Windows, LLC",http://www.kirkwindows.com/,kirkwindows.com,,,+1 972-977-7292,,4.8,47,Yes,"Replacement windows, custom windows, egress windows, window installation (Pella)",Residential,False,Replacement window contractor,high,"Houzz/Porch profiles for kirkwindows.com list 'Bifold Windows, Custom Windows, Egress Windows, Window Installation, Window Replacement, Window Sales'; 'authorized Pella Business Accelerator member, specializes in high-quality window and door replacement'",,Window
KJ&M Glass Works,https://dfwwindowrepairservice.com/contact/,dfwwindowrepairservice.com,Dallas,TX,+1 214-994-2580,"4022 Altoona Dr, Dallas, TX 75233, United States",4.9,57,Yes,"Window glass repair and replacement — single and double pane insulated glass, low-E, tempered; full window replacement; also insect/solar screens",Residential,False,Window/glass repair and replacement contractor,high,"Thumbtack/Yellowpages listing for KJ&M Glass Works (dfwwindowrepairservice.com, 214-994-2580): 'can help with all glass needs from single to double pane insulated glass, low E glass, tempered glass, full window replacement services'; Google review: 'repaired my broken window'",,Window
Legacy Exteriors,https://www.legacyexteriors.com/,legacyexteriors.com,Keller,TX,+1 817-751-4460,"8801 Davis Blvd Ste 2E, Keller, TX 76248, United States",4.9,63,Yes,"Custom energy-efficient replacement window and door installation, free in-home estimates, lifetime craftsmanship warranty",Residential,False,Replacement window and door company,high,"legacyexteriors.com/replacement-windows page title 'Replacement Windows'; BBB category 'Replacement Windows'; 'installing beautifully crafted, energy-efficient replacement windows and doors in the DFW area since 1995'",,Window
Lone Star Glass and Aluminum,https://lonestarglassandaluminum.com/,lonestarglassandaluminum.com,Dallas,TX,+1 972-748-9481,"6526 Maryibel Cir, Dallas, TX 75237, United States",4.6,14,Yes,"Window installation and glass replacement, commercial window replacement, aluminum storefront/storefront glass windows, 24/7 emergency glass replacement and board-up",Both,False,"Glass and aluminum contractor (windows, storefronts, doors, mirrors, shower enclosures)",high,"Site pages: lonestarglassandaluminum.com/window-installation-dallas/, /commercial-window-replacement/, /storefront-glass-windows-dallas/, /glass-replacement-dallas/; 'They replace and install windows, glass doors, mirrors, shower enclosures and aluminum storefronts'",,Window
Luna Glass and Mirror,https://lunaglassmirror.com/,lunaglassmirror.com,,,+1 214-284-1397,,5.0,4,Yes,Residential window replacement and window glass repair; also commercial glass repair and emergency board-up (plus shower glass/mirrors),Both,False,"Glass and mirror shop (windows, shower doors, mirrors)",medium,"Yelp 'Luna Glass & Mirror' Dallas (214-284-1397): 'specializes in energy-efficient systems for residential window replacement and shower door installation'; services list includes 'window glass repair', 'commercial glass repair', 'emergency board-up'. Google review: 'Helped repair a window'",,Window
LuxVue Pros,https://www.luxvuepros.com/,luxvuepros.com,,,+1 214-995-6140,,5.0,6,Yes,"Replacement window installation (plus entry, interior, French and sliding patio doors, siding, trim, remodeling)",Residential,False,"Windows, doors and home remodeling contractor",high,"luxvuepros.com homepage 'LuxVue: Premium Windows & Doors for Your Home' — 'premium windows, doors, and interior upgrades installed with precision', 'over 30 years of experience in the window installation industry'; Google review: 'had LuxVue Pros replace several windows and exterior doors in my home'",,Window
"M&M Roofing, Siding & Windows",https://www.mmroofsiding.com/,mmroofsiding.com,,,+1 214-381-0600,,4.4,7,Yes,"Replacement windows as part of exterior home improvement (roofing, siding, windows, doors, radiant barriers, gutters)",Both,False,"Exterior remodeler / roofing, siding and windows contractor",high,"Company name and profile: 'M&M Roofing, Siding & Windows ... specialize in home improvement including roofing, siding, windows, doors and radiant barriers' (ZoomInfo/Facebook/usroofingcompanies listings for mmroofsiding.com)",,Window
Maverick Windows,http://www.maverickwindows.com/,maverickwindows.com,Addison,TX,+1 214-302-8541,"4552 Beltway Dr, Addison, TX 75001, United States",4.8,819,Yes,"Energy-efficient replacement window installation (custom-made to existing openings), plus door replacement and siding",Residential,False,Replacement window company,high,"maverickwindows.com/window-replacement/ page; 'family-owned Window Replacement Services Company in Dallas-Fort Worth...specializes in energy efficient window replacement, window installation, door replacement, and siding installation'; never uses subcontractors for window replacement",,Window
McBain's Windows and Doors LLC,https://mcbainswindowsanddoors.com/,mcbainswindowsanddoors.com,,,+1 214-702-3818,,5.0,27,Yes,"Window replacement and window repair, glass repair including single damaged units, old double windows and whole-house projects; also doors and solar screens",Residential,False,"Windows, doors and screens contractor",high,"Yelp/Yahoo listing 'McBain's Windows, Doors & Screens' Plano TX (214-702-3818): 'recommended for window replacement service, window repair service, and glass repair'; Google review: 'just replaced two window panes for us'",,Window
Metroplex Gutter and Windows,https://metroplexgutters.com/,metroplexgutters.com,Dallas,TX,+1 214-306-4665,"1315 S Akard St, Dallas, TX 75215, United States",5.0,7,Yes,"Replacement vinyl and aluminum windows (NT Window products), plus specialty bay, garden and glass block windows and patio doors — alongside seamless gutters",Residential,False,Seamless gutters and replacement windows installer,high,"metroplexgutters.com/replacement-windows/ page titled 'DFW Replacement Windows'; site tagline 'Metroplex Gutter and Windows :: Rain Gutters & Replacement Windows'; 'installing painted copper gutters, seamless gutters and replacement vinyl windows in Dallas, Fort Worth'",,Window
Metroplex windows & Glass,https://mydallaswindows.com/,mydallaswindows.com,Carrollton,TX,+1 972-323-5200,"1425 Century Dr, Carrollton, TX 75006, United States",4.8,806,Yes,"Premium window replacement and installation, window repair, custom glass; commercial windows and doors installer",Both,False,"Window, glass and door replacement company",high,"mydallaswindows.com/windows/ 'Custom Windows Services in Carrollton, TX'; 'Since 1998, Metroplex Windows & Glass has provided premium window replacement, custom glass, and door installations to homeowners and businesses across North Texas'",,Window
New Day Exteriors,https://newdayexteriors.com/,newdayexteriors.com,Rockwall,TX,+1 469-267-3688,"2191 Portofino, Rockwall, TX 75032, United States",5.0,33,Yes,"Window replacement and installation (NT windows) and entry door replacement, free consultations and financing",Residential,False,Window and door replacement / exteriors company,high,"BBB profile category 'Replacement Windows' for New Day Exteriors, Rockwall TX; 'local, family-run company specializing in high-quality window and door replacements'; 'professional window installation and replacement in Rockwall, TX'",,Window
North Star Glass LLC,https://www.northstarglasstexas.com/,northstarglasstexas.com,,,+1 972-639-7196,,5.0,12,Yes,"Window glass replacement — single and double pane; patio door and French door glass/hardware; screens (plus shower doors, mirrors, table tops)",Residential,False,"Residential glass company (windows, shower doors, mirrors)",high,"northstarglasstexas.com homepage title 'North Star Glass - Shower Doors, Shower Glass, Single Pane, Double [Pane]'; services listed include 'window glass (double pane and single)', 'patio doors', 'French doors'. Google review: 'AMAZING EXPERIENCE with North Star Glass for our windows and sliding doors replacement'",,Window
Nova View Installations LLC,https://www.windowinstallationdallastx.com/,windowinstallationdallastx.com,,,+1 214-506-8288,,,,Yes,Window installation and replacement — energy-efficient replacement windows across the DFW area,Residential,False,Window installation contractor,medium,"windowinstallationdallastx.com/windows-installation/ page titled 'Windows Installation'; site text: 'Window Installation Dallas TX delivers guaranteed results on replacement projects... installing durable, high-performance, energy-efficient products... for homes across the DFW area, including Richardson, Sunnyvale, and Seagoville'. Search did not explicitly tie the legal name 'Nova View Installations LLC' to the domain, hence medium confidence",,Window
NT Window Inc.,http://www.ntwindow.com/,ntwindow.com,Fort Worth,TX,+1 800-969-8830,"2900 W Seminary Dr, Fort Worth, TX 76133, United States",4.5,143,Yes,Manufactures custom vinyl and aluminum windows for replacement and new construction; installation crews replace whole-home window sets,Residential,False,Window and door manufacturer (Fort Worth) with dealer/installer network,medium,ntwindow.com - 'manufacturer of custom premium vinyl and aluminum windows and doors... assisting clients with replacement and new construction projects through their dealer network'; 'proficient crew is capable of replacing every window in a home in about six hours'. Medium confidence because much of the sales flow is via dealers rather than direct install,,Window
Ocean Glass DFW,https://www.oceanglassdfw.com/,oceanglassdfw.com,,,+1 972-854-3425,,5.0,47,Yes,"New vinyl window installation, window repair, storefront glass",Both,False,Residential and commercial glass company,high,"oceanglassdfw.com/services - 'new vinyl windows, window repair, storefronts, door closers, frameless showers, mirror walls, tabletops, patio glass walls, solar screens'; 'services ranging from residential, commercial, and 24/7'",,Window
OmniView Window and Door,https://omniview.us/,omniview.us,Fort Worth,TX,+1 817-334-0707,"3001 W Loop 820 S, Fort Worth, TX 76116, United States",4.8,238,Yes,"Custom window sales, installation and replacement (Marvin, Brombal, TruStile)",Residential,False,Custom window and door dealer/installer,high,"omniview.us - 'specializes in custom windows and doors, both domestic and imported, to serve the premier residential market in Texas'; BBB category 'Window Installation'; services include 'window installation, window replacement, window sales'",YES,Window
Omniview Window and Door Dallas,http://omniview.us/,omniview.us,Farmers Branch,TX,+1 972-701-0844,"13615 Inwood Rd #120, Farmers Branch, TX 75244, United States",4.8,6,No,"Custom window sales, installation and replacement - Dallas showroom of the same company as ID 78",Residential,False,Custom window and door dealer/installer,high,"omniview.us lists two locations incl. '13615 Inwood Road Suite 120, Dallas, TX 75244 (By Appointment Only)' - same company/site as ID 78; 'leading provider of window and door installations in the Dallas-Fort Worth area'",YES,Window
Optimal Windows,https://www.optimalwindows.com/?utm_source=google_business_profile&utm_medium=organic,optimalwindows.com,Plano,TX,+1 972-768-1999,"5760 Legacy Dr b3366, Plano, TX 75024, United States",5.0,51,Yes,"Window and patio door replacement/installation - vinyl, fiberglass, aluminum-clad wood (Burris, Pella, Lincoln, WinDor)",Residential,False,Replacement window company,high,optimalwindows.com/window-and-patio-door-replacement/ and /window-replacement-installation-plano-tx/; 'FGIA certified master installer company... window and patio door replacement and installation services',,Window
"Pasadena Building Solutions, LLC",https://www.pasabuilds.com/,pasabuilds.com,,,+1 469-620-0921,,5.0,5,Yes,Complete window replacement on homes; also HVAC and other building repairs,Residential,False,"General building / home services contractor (windows, HVAC, repairs)",medium,"Google review: ""They did three houses of complete window replacement they are awesome very professional"" (site itself not indexed in search results; verdict rests on review text)",,Window
Pasadena Views Co.,https://www.pasadenaviews.co/,pasadenaviews.co,,,+1 469-630-2049,,5.0,4,Yes,Window installation in homes,Residential,False,Window installation contractor,medium,"Google review: ""kept everything clean throughout the entire window installation process. They arrived on time, worked efficiently"" (domain not indexed in search results; verdict rests on review text)",,Window
Pella Windows and Doors of Dallas,https://pellaofnorthtexas.com/Dallas,pellaofnorthtexas.com,Dallas,TX,+1 214-295-7989,"135 Payne St, Dallas, TX 75207, United States",4.7,134,Yes,Replacement and new-construction window sales and installation,Both,False,Window and door manufacturer branch / installing dealer,high,"pella.com/locations/tx/dallas/ ""Dallas Window & Door Replacement""; pellaofdfw.com/new-construction/ ""Window and Door Installation in Dallas-Fort Worth""",,Window
Pella Windows and Doors of Fort Worth Operations Center,https://www.pella.com/locations/tx/grapevine-operations-center/?utm_source=google&utm_medium=organic&utm_campaign=gbp,pella.com,Grapevine,TX,+1 972-988-1555,"506 E Dallas Rd Ste 100, Grapevine, TX 76051, United States",4.0,111,Yes,"Window replacement measurement, permitting and installation for the DFW branch",Both,False,Window and door manufacturer branch / installing dealer,high,"pella.com/locations/tx/grapevine-operations-center/ ""Windows & Doors of Fort Worth Operations Center""; ""installation is typically scheduled within 6-12 weeks of ordering""",YES,Window
"Pella Windows and Doors Showroom of Fort Worth, TX",https://www.pella.com/locations/tx/fort-worth/?utm_source=google&utm_medium=organic&utm_campaign=gbp,pella.com,Fort Worth,TX,+1 817-420-7250,"3901 West Fwy Ste 101, Fort Worth, TX 76107, United States",4.7,416,,Replacement window and door sales and installation,Both,False,Window and door showroom / installing dealer,high,"pella.com/locations/tx/fort-worth/ ""Fort Worth Window & Door Replacement"", showroom at 3901 West Freeway Ste 101",YES,Window
"Pella Windows and Doors Showroom of Frisco, TX",https://www.pella.com/locations/tx/frisco/?utm_source=google&utm_medium=organic&utm_campaign=gbp,pella.com,Frisco,TX,+1 469-277-8691,"10050 Legacy Dr Ste 300, Frisco, TX 75034, United States",4.8,942,,Replacement window and door sales and installation,Both,False,Window and door showroom / installing dealer,high,"pella.com/locations/tx/frisco/ ""Frisco Window & Door Replacement""; ""50% Installation"" offer, 10050 Legacy Dr Ste 300",YES,Window
Performance Windows Dallas East,https://goperformancewindows.com/tx/dallas-east/,goperformancewindows.com,Dallas,TX,+1 682-349-7949,"10945 Estate Ln Ste E255, Dallas, TX 75238, United States",5.0,3,Yes,Residential replacement window installation,Residential,False,Replacement window company,high,"goperformancewindows.com ""Window Replacement & Installation""; /tx/dallas-east/ ""Dallas East, TX - Best Window Replacement Company""; ""highest-quality residential windows for homeowners""",,Window
Planet Glass & Mirror LLC,https://planetglasstx.com/,planetglasstx.com,,,+1 972-415-1222,,5.0,5,Yes,"Window glass replacement and full window replacement, plus shower glass and mirrors",Both,False,Glass and mirror company (Richardson/Dallas TX),high,"Yahoo Local listing ""Planet Glass in Richardson, TX"" - Doors & Windows business offering ""shower glass and window glass""; Google review: ""replacing 22 windows in my 1978 home... old windows to remove and Installed""",,Window
Plano Home Window Replacement,https://planohomewindowreplacement.com/,planohomewindowreplacement.com,,,+1 469-551-4499,,,,Yes,"Home window replacement and new window installation, plus sliding glass doors",Residential,False,Window and door replacement contractor,high,"planohomewindowreplacement.com/windows/home-window-replacement-plano/ and /windows/our-process-for-new-window-installation-plano/; ""full-service door & window replacement and installation company""",,Window
POLAR CLEAR GLASS REPAIR,http://polarclearwindows.com/,polarclearwindows.com,,,+1 972-765-5762,,4.8,544,Yes,"Window repair and replacement, double-pane/foggy IGU glass repair, energy-efficient windows, patio doors",Both,False,Residential and commercial glass installation/repair company,high,"polarclearwindows.com: ""glass installation company established in Dallas and Houston Texas... residential and commercial glass all around the Dallas metroplex""; services include ""window replacement... double pane glass repair""",,Window
ProTex Remodeling Windows - Doors - Siding,https://www.protexremodeling.com/,protexremodeling.com,Burleson,TX,+1 817-422-0552,"5001 FM1187 Ste 150, Burleson, TX 76028, United States",5.0,150,Yes,"Replacement window installation, custom and egress windows, solar tubes; also doors and siding",Residential,False,"Exterior remodeler - windows, doors, siding",high,"protexremodeling.com homepage title ""Window & Siding Replacement""; ""custom windows, egress windows... window installation, window replacement""; ""installs replacement windows across the entire Dallas-Fort Worth metroplex""",,Window
Radiant Windows & Glass,https://www.radiantwindowsglass.com/?utm_source=gmb&utm_medium=organic&utm_campaign=Maps,radiantwindowsglass.com,Dallas,TX,+1 469-727-9745,"5730 Martel Ave #118, Dallas, TX 75206, United States",5.0,21,Yes,"Energy-efficient replacement windows, window repair, window glass replacement (also shower glass, mirrors, window cleaning)",Both,False,Window replacement and glass repair company,high,radiantwindowsglass.com/service/window-replacement/ '#1 Window Replacement Services' and /service-areas/replacement-windows-dallas/ 'Dallas Window Replacement And Glass Services',,Window
RAM Windows & Doors,https://ramwindows.com/,ramwindows.com,Dallas,TX,+1 469-520-7866,"134 Oak Lawn Ave, Dallas, TX 75207, United States",4.0,31,Yes,"Thermally-broken aluminum windows manufactured, plus installation, repair and replacement",Both,False,Aluminum window and door manufacturer and installer,high,"ramwindows.com/windows-doors-dallas/ - Dallas location 'offers expert installation, repair, and replacement services with free quotes'; 'supported architects, builders and remodelers, commercial building contractors, developers and homeowners since 1978'",,Window
Ramos Windows,http://ramoswindows.com/,ramoswindows.com,Dallas,TX,+1 469-235-4392,"1807 Joan Dr, Dallas, TX 75217, United States",5.0,6,Yes,"Window installation and replacement, retrofit windows, fogged/damaged glass replacement, solar screens",Residential,False,Residential window and glass installer,high,"ramoswindows.com/services/ - 'Windows Installation & Replacement - their professional window handymen are qualified to install and replace any type of windows'; 'a lot of experience on retrofit windows, replacement damage fogged glass'",,Window
RDS Door & Windows,http://www.rdswindows.com/,rdswindows.com,Garland,TX,+1 972-272-7527,"230 Range Dr, Garland, TX 75040, United States",5.0,85,Yes,"Full window replacement in vinyl, fiberglass, aluminium and wood (Pella Certified Contractor); frame, sash and glass inserts - does not do glass-only replacement",Residential,False,Window and door replacement contractor,high,"rdswindows.com/windows/ 'Window Replacement' and /service-area/window-replacment-garland/; 'wide range of options in full window replacement... in vinyl, fiberglass, aluminium and wood'",,Window
Reflection Glass,http://reflectionglass.com/,reflectionglass.com,Carrollton,TX,+1 888-698-5151,"1421 Champion Dr Ste 308, Carrollton, TX 75006, United States",4.6,53,Yes,"New window installation, window repair, commercial storefronts and glass doors",Both,False,Residential and commercial glass company,high,"reflectionglass.com/residential-glass/ 'Residential Glass Installation in Carrollton, TX'; specialties include 'new window installation, window repair and commercial storefronts and doors'; Procore listing: 'Windows, Glass and Glazing, Entrances and Storefronts'",,Window
Renewal by Andersen Window Replacement,https://renewalbyandersenreplacement.com/locations/tx/dallas/?utm_source=googlebusinessprofile&utm_medium=organic,renewalbyandersenreplacement.com,Carrollton,TX,+1 469-699-8381,"1215 W Crosby Rd #180, Carrollton, TX 75006, United States",4.8,2987,Yes,Full-service replacement window and patio/entry door installation,Residential,False,Replacement window company (manufacturer-direct),high,"renewalbyandersen.com/locations/north-tx/carrollton titled 'Window & Door Replacement in Carrollton, TX' at 1215 W Crosby Rd #180 - matches the listed address; 'meticulously crafted and expertly installed windows'",,Window
Rowlett Windows & Doors,https://windowsrowlett.com/,windowsrowlett.com,,,+1 214-319-8832,,4.8,12,Yes,"Window installation and replacement in vinyl, wood, aluminum and steel; emergency window replacement",Both,False,Window replacement and door installation company,high,windowsrowlett.com/window-replacement/ 'Window Replacement Rowlett TX' and /window-installation/; 'quality window installation and window replacement services for both residential and commercial properties',,Window
Salazar & Sons Window Co.,https://salazarandsonswindow.com/,salazarandsonswindow.com,,,+1 469-994-9236,,5.0,7,Yes,"Window installation (new construction), window replacement (energy-efficient upgrades), and window repair (broken glass, failed seals, damaged frames)",Residential,False,"Window installation/replacement contractor, DFW",high,"salazarandsonswindow.com: family-owned, 'installs, replaces, and repairs windows'; service sections Window Installation / Window Replacement / Window Repair across Dallas-Fort Worth",,Window
Silverback Windows,https://www.silverbackwindows.com/,silverbackwindows.com,Dallas,TX,+1 469-388-5175,"4329 McKinney Ave #19, Dallas, TX 75205, United States",5.0,48,Yes,Replacement windows (aluminum and vinyl) and doors,Residential,False,"Replacement window company, Dallas",high,"BBB profile category 'replacement windows'; 'specializes in all replacement window and door needs', 4329 McKinney Ave, Dallas; silverbackwindows.com home page",,Window
Simple Glass,https://www.simpleglassdallas.com/,simpleglassdallas.com,Carrollton,TX,+1 469-256-6884,"1225 W College Ave Ste 506, Carrollton, TX 75006, United States",5.0,16,Yes,"Glass repair, replacement and installation for windows, storefronts, curtain walls and partitions; residential and commercial window repair; emergency glass replacement",Both,False,Full-service commercial and residential glass company,high,"Page titles simpleglassdallas.com/commercial/window-repair/ 'Commercial Window Repair in Dallas' and /residential-glass/ 'Dallas Residential Glass Services'; carries windows, glass doors, curtain walls",,Window
Skylight Solutions,https://www.skylightsolutions.com/,skylightsolutions.com,Dallas,TX,+1 972-263-6033,"2276 Larson Ln, Dallas, TX 75229, United States",4.9,73,Yes,"Skylight and roof-window installation, replacement and repair (VELUX), plus sun tunnels/solar tubes — roof glazing only, no vertical/wall window replacement found",Both,False,"Skylight and solar-tube installer, DFW (VELUX Signature Service Partner)",low,"skylightsolutions.com/ 'Skylight Repairs, Replacements, And Installations'; /new-installations; 'replacement of damaged skylights ... including Velux skylights and roof windows'",,Window
"Sol Solutions - Custom Windows and Doors Estimate - Dallas, TX",https://ntxsol.com/,ntxsol.com,Dallas,TX,+1 469-708-8151,"6750 Hillcrest Plaza Dr #214, Dallas, TX 75230, United States",5.0,35,,"Window installation and replacement (Low-E vinyl / Milgard), plus doors, patio doors and seamless gutters",Residential,False,"Windows, doors and gutters installation/replacement contractor",high,ntxsol.com/ page title 'Sol Solutions - Dallas Window Installation and Replacement'; /quality-windows-and-doors/; partnered with Milgard Windows and Doors,,Window
"Solid Exteriors, LLC",http://solid-exteriors.com/?utm_source=google&utm_medium=wix_google_business_profile&utm_campaign=16700656850061699214,solid-exteriors.com,,,+1 469-520-0466,,4.9,15,Yes,"Windows listed as a service alongside James Hardie siding, doors and gutters",Residential,False,"Exterior remodeling / siding contractor, DFW",high,"'Solid Exteriors specializes in Hardie Fiber Cement Siding, Windows, Doors and Gutters as well as Pergolas, Decks, Patios...' (solid-exteriors.com / Houzz profile)",,Window
"SONIQ Windows & Doors, Dallas",https://soniqwindowsanddoors.com/,soniqwindowsanddoors.com,Dallas,TX,,"5033 Willis Ave, Dallas, TX 75206, United States",5.0,5035,,Direct-to-consumer manufacturer of thermal-break aluminum windows and doors that also handles installation ('from initiation to installation and beyond'),Both,False,Aluminum window and door manufacturer/installer with a Dallas branch,medium,"soniqwindows.com/install/ 'Specs & Install'; soniqwindowsanddoors.com article 'Best windows & doors installation service in the USA'; 'work directly with customers, with no middleman ... no third-party distributors'",,Window
Southern Windows and Doors,https://slwindowsdfw.com/,slwindowsdfw.com,Richardson,TX,+1 214-499-5095,"1303 Columbia Dr Ste. 207, Richardson, TX 75081, United States",4.7,30,Yes,"Replacement window installation (vinyl, aluminum, slimline; double-hung, casement, bay), fogged window replacement, entry and patio doors",Residential,False,"Replacement window and door installer, Richardson/DFW",high,slwindowsdfw.com/ 'Southern Windows and Doors - Window Installation & Replacement'; /window-replacement/; /fogged-window-replacement-in-richardson-tx/,,Window
Southwest Door & Window,https://southwestdw.com/?utm_source=google&utm_medium=organic&utm_campaign=gbp-dallas&utm_id=local&utm_content=dallas,southwestdw.com,Dallas,TX,+1 214-341-2212,"10255 Miller Rd, Dallas, TX 75238, United States",4.2,68,Yes,"Exterior window installation and replacement (vinyl and aluminum windows) plus entry and patio doors, for builders and homeowners",Residential,False,"Window and door dealer/installer, Dallas",high,"southwestdw.com/replacement-windows-dallas-tx/ 'Replacement Windows in Dallas, TX - Window Contractor'; 'specializes in exterior window and door installation'",,Window
Statewide Energy Solutions Inc.,https://statewideenergysolutions.com/,statewideenergysolutions.com,,,+1 214-960-2798,,4.7,115,Yes,Energy-efficient replacement windows (locally manufactured) with installation; also custom doors and James Hardie siding. Note: they do not do window repair or glass-only replacement,Residential,False,"Replacement window manufacturer/installer and exterior remodeler, Dallas",high,"statewideenergysolutions.com/ 'Statewide Energy Solutions: Window Replacement in Dallas, TX'; /window-options/; 'specializes in energy-efficient replacement windows ... advanced installation techniques'",YES,Window
Sun & Sound Windows - DFW,https://sunandsoundwindows.com/,sunandsoundwindows.com,,,+1 214-771-9544,,4.6,9,Yes,"Custom-makes and installs laminated-glass soundproof window inserts (secondary glazing) into existing windows and doors — measuring, manufacturing and installation; not full window replacement",Both,False,"Soundproof window insert manufacturer/installer (Houston, Austin, DFW, Nashville)",low,"sunandsoundwindows.com/how-soundproof-windows-work/ and /window-inserts-for-drafty-windows/; 'custom make and install laminated glass soundproof inserts for windows and doors ... measuring, manufacturing, and installation'",,Window
SunSmart Windows of Dallas,http://dallas.sunsmarthome.com/,dallas.sunsmarthome.com,,,,,,,Yes,Custom energy-efficient window installation and replacement plus door installation; commercial and residential window replacement,Both,False,"Window and door sales and installation company, Fort Worth/Dallas",high,"dallas.sunsmarthome.com/ 'Premium Window Installation And Replacement Dallas, TX'; sunsmarthome.com/home 'Replacement Windows and Doors DFW, TX'; 'selling and installing custom windows and doors for homeowners and contractors'",,Window
SWP GLOBAL LLC,https://swpgloballlc.com/contact-us,swpgloballlc.com,,,+1 469-514-1415,,4.2,5,Yes,Security storefronts and curtain wall installation; commercial door and window replacement,Commercial,False,Commercial construction / storefront glazing contractor,high,"Texas business registration for SWP Global LLC - 'specializes in security storefronts, office renovations, and curtain wall installations'; swpgloballlc.com gallery; Google review: 'This company replaced all the doors and windows for my restaurant'",,Window
TBP Windows and Doors,https://www.tbpusa.com/?utm_source=GoogleBusinessProfile&utm_medium=organic,tbpusa.com,Dallas,TX,+1 214-214-3667,"10460 Shady Trail Ste 102, Dallas, TX 75220, United States",,,Yes,"Custom steel, wood-clad and aluminum windows and doors supplied with professional installation",Residential,False,Custom window and door distributor/installer,high,"tbpusa.com - 'distributor of custom steel, wood clad, and aluminum windows & doors to builders, remodelers, and homeowners'; company benefits listed include 'professional installation' and '5-year free service maintenance'; /service/aluminum and /service/custom-steel pages",,Window
Texas Window & Door,https://twdremodeling.com/,twdremodeling.com,,,+1 469-588-4890,,5.0,81,Yes,"Custom window installation and replacement (picture, awning, French, patio) plus doors",Residential,False,"Remodeler - windows, doors and shower remodels",high,twdremodeling.com/services/windows-doors/ 'Custom Windows and Doors in Texas... with expert installation and replacement services for homes in Texas',,Window
The Window Authority,https://thewindowauthority.com/,thewindowauthority.com,Fort Worth,TX,+1 817-349-3334,"3625 W Vickery Blvd, Fort Worth, TX 76107, United States",4.9,208,Yes,"Replacement window installation - vinyl, aluminum, fiberglass, wood (Pella, ProVia, Simonton, Burris, NT Window, Milgard)",Residential,False,Window and door replacement contractor,high,thewindowauthority.com/windows/window-replacement 'Window Replacement Dallas-Fort Worth TX'; 'one of the leading installers of doors and windows in Dallas-Fort Worth',,Window
The Window Connection,https://dallaswindows.com/,dallaswindows.com,,,+1 972-951-6120,,5.0,69,Yes,"Replacement window installation - vinyl, fiberglass, composite, aluminum and wood; plus sliding, French and entry doors",Residential,False,Window and door installation contractor,high,dallaswindows.com/replacement-windows.htm 'Window Connection Replacement Windows Dallas'; 'the most award winning window and door installation contractor in the Dallas Fort Worth Metroplex',,Window
The Window Experts,https://thewindowexperts.com/?utm_campaign=gmb-DFW,thewindowexperts.com,Fort Worth,TX,+1 817-286-7899,"7568 Sand St, Fort Worth, TX 76118, United States",5.0,120,Yes,"Replacement windows and doors from 12+ brands, including aluminum replacement windows",Residential,False,Window replacement company,high,thewindowexperts.com/locations/dallas-fort-worth/ 'Replacement Windows & Doors in DFW'; /product/aluminum-windows/ 'Aluminum Replacement Windows in HOU & DFW',,Window
The Window Source of DFW,https://www.windowsourcedfw.com/,windowsourcedfw.com,Carrollton,TX,+1 469-655-9148,"3216 Commander Dr Ste 101, Carrollton, TX 75006, United States",5.0,153,Yes,"Custom-fit, locally manufactured replacement windows plus exterior and sliding door replacement",Residential,False,Replacement window dealer/installer,high,"windowsourcedfw.com/service/ 'Professional Window Service in DFW'; 'specializes in custom fit, locally manufactured residential windows, exterior and sliding door replacement'",,Window
Thermal Windows,http://www.thermalwindowsdfw.com/,thermalwindowsdfw.com,Dallas,TX,+1 214-630-5885,"8808 Empress Row, Dallas, TX 75247, United States",4.6,122,Yes,"Manufactures and installs vinyl, thermally-broken aluminum and fiberglass replacement windows",Residential,False,Window manufacturer and installer (J&M Glass Co. dba Thermal Windows),high,"thermalwindowsdfw.com - 'manufacture and install double hung new & replacement windows in Dallas, Fort Worth Texas... manufacture in their Dallas factory using their own employees to install'",,Window
Transom Windows and Doors,https://transomwindowsanddoors.com/,transomwindowsanddoors.com,Dallas,TX,+1 214-205-0903,"11837 Judd Ct #112, Dallas, TX 75243, United States",5.0,3,Yes,"Window and door installation and replacement (Andersen, Pella); vinyl and composite replacement windows; also fiber cement siding",Residential,False,Window & door replacement contractor / exterior remodeler,high,"Site page titles: 'Transom Windows and Doors Installation and Replacement' (transomwindowsanddoors.com/), 'Composite Windows' (/windows/composite/), 'Vinyl Windows' (/windows/vinyl/), 'Custom Replacement Luxury Doors and Windows Dallas, Texas'",,Window
United Window Services LLC,https://unitedwindowservicesllc.net/,unitedwindowservicesllc.net,,,+1 469-509-5909,,5.0,6,Yes,"Window repair and replacement — glass and mechanism repairs, full window installation",Residential,False,Window repair / replacement service,medium,Google review text: 'Rigo from United Window Services came and fixed three windows with glass and mechanism repairs'; another: 'From the initial consultation through the final installation... the installation was clean'. No indexed company-site content surfaced in either search.,,Window
Vantage Windows LLC,https://thevantagewindows.com/,thevantagewindows.com,Farmers Branch,TX,+1 469-283-6744,"2100 Valley View Ln #301, Farmers Branch, TX 75234, United States",4.6,94,Yes,"Residential window replacement, installation and repair; custom vinyl windows; authorized Alside dealer; also doors",Residential,False,Energy-efficient replacement window company,high,Site title 'Vantage Windows — Premium Custom Window & Door Replacement' (thevantagewindows.com/); LinkedIn/BBB describe 'authorized dealer for Alside... expert window and door installation to homeowners across Texas',,Window
Window & Door Hilt LLC,https://windowanddoorhilt.com/,windowanddoorhilt.com,Rockwall,TX,+1 361-563-9230,"1213 Marilyn Jayne Ln, Rockwall, TX 75087, United States",,,Yes,Energy-efficient replacement window systems (ThermaLast) and doors for Dallas/Rockwall homes,Residential,False,Window and door contractor,high,"Site page 'ThermaLast Energy Efficient Windows' at windowanddoorhilt.com/thermalast-windows-dallas-tx — 'energy-efficient, heat-resistant window systems in Dallas, TX for less heat, fewer drafts'; address 1213 Marilyn Jayne, Rockwall TX and phone (361) 563-9230 match",,Window
Window Depot Dallas /Plano,https://windowdepotdallas.com/,windowdepotdallas.com,Plano,TX,+1 214-399-9592,"2828 W Parker Rd Ste 203B, Plano, TX 75075, United States",4.9,38,Yes,"Replacement windows (double hung, slider, casement, fixed, bay/bow, garden) with certified installers; also siding and entry/patio doors",Residential,False,Replacement window dealer/installer,high,"'Plano Office - Window Depot USA of Dallas' (windowdepotdallas.com/about-us/plano-office, 2828 W Parker Rd #203b, Plano) and /windows — 'quality, performance, and affordability for their replacement windows, siding, and entry door projects'; 'sponsor certification of installers through InstallationMasters'",YES,Window
Window Depot USA of Dallas,https://windowdepotdallas.com/,windowdepotdallas.com,Irving,TX,+1 214-399-9592,"4425 W Airport Fwy Ste 119, Irving, TX 75062, United States",4.8,205,Yes,Replacement windows with in-house certified installation; siding and entry/patio doors,Residential,False,Replacement window dealer/installer,high,"windowdepotdallas.com/windows and /blog/where-to-get-free-estimates-on-replacement-windows-in-dallas-texas; About Us: 'committed to providing homeowners in Dallas, TX... replacement windows, siding, and entry door projects'",YES,Window
Window Nation,https://www.windownation.com/locations/texas/grand-prairie?utm_code=CMP-08802-Y8W8G&utm_source=google&utm_medium=organic&utm_content=GMB_showroom,windownation.com,Grand Prairie,TX,+1 972-332-5412,"2940 N Hwy 360 Ste 300, Grand Prairie, TX 75050, United States",4.7,1057,Yes,Replacement windows and doors with professional installation; national installer with Grand Prairie showroom,Residential,False,Replacement window company,high,"'Grand Prairie, Texas Home Window Replacement Experts' — windownation.com/locations/texas/grand-prairie/; location page '2940 N Hwy 360 #300, Grand Prairie, TX 75050... (972) 332-5412', 'top-rated products, expert installation'",,Window
Window Replacement,https://dallas-windows-doors.com/contact/,dallas-windows-doors.com,Dallas,TX,+1 972-640-7918,"2021 Cockrell Ave, Dallas, TX 75215, United States",5.0,503,Yes,"Window installation and window replacement, plus door installation and replacement",Residential,False,Window and door replacement company,high,"dallas-windows-doors.com/dallas/ titled 'The Best Window Replacement and Door Installation Dallas, TX'; Yelp listing 'Dallas Windows and Doors, 2021 Cockrell Ave' matches; 'specializes in window installation, window replacement, door installation, and door replacement for residential properties across Dallas'",,Window
Window Universe Dallas Ft Worth,https://windowuniversedfw.com/,windowuniversedfw.com,Irving,TX,+1 844-983-9773,"1431 Greenway Dr Ste 80042, Irving, TX 75038, United States",4.8,48205,Yes,"Replacement and custom-made windows plus doors, sold and installed for DFW homeowners; 10 window lines from 3 US manufacturers",Residential,False,Replacement window dealer/installer,high,"Site pages '#1 NO-HASSLE Replacement Windows Dallas Ft Worth' (windowuniversedfw.com/), '/replacement-windows/', '/window-and-door-installation/custom-made-windows/', '/residential-windows/'",,Window
Window World of Dallas-Fort Worth,https://www.windowworlddfw.com/,windowworlddfw.com,Grand Prairie,TX,+1 972-623-9998,"2520 N Great SW Pkwy Suite 100, Grand Prairie, TX 75050, United States",4.7,1850,Yes,"Vinyl replacement window installation, plus doors and siding",Residential,False,Replacement window company,high,"Indexed site pages 'Window Installation in Texas' (windowworlddfw.com/windows/installation/), 'Installation' (windowworlddfw.com/installation/), 'Window Replacement Company in Texas' (windowworlddfw.com/), 'Replacement Doors in Dallas, Texas' (/doors/); described as 'leading provider of vinyl replacement windows, siding, and doors'",YES,Window
Window World of Dallas-Fort Worth,https://www.windowworlddfw.com/,windowworlddfw.com,Richardson,TX,+1 972-623-9993,"600 N Coit Rd Ste 2052, Richardson, TX 75080, United States",4.7,789,Yes,"Vinyl replacement window installation, plus doors and siding (Richardson location of the same DFW franchise)",Residential,False,Replacement window company,high,"Same domain as ID 133: 'Window Installation in Texas' windowworlddfw.com/windows/installation/ and 'Window Replacement Company in Texas'; Google review: 'through the sales process, ordering my custom windows, and the installation'",YES,Window
Window Zone,https://windowzonedfw.com/,windowzonedfw.com,Farmers Branch,TX,+1 469-557-6333,"2309 Springlake Rd #630, Farmers Branch, TX 75234, United States",4.9,40,Yes,"Custom-manufactured replacement windows (double-hung, casement etc.) installed by certified crews",Residential,False,Replacement window company,high,"windowzonedfw.com/window-replacement/ 'Window Replacement in Dallas-Fort Worth' and /window-installation/; 'every window made to order, sized precisely for your home, and installed by certified professionals'",,Window
WindowCraft Inc,https://www.windowcraft.biz/,windowcraft.biz,Dallas,TX,+1 214-358-7110,"4412 W Lovers Ln, Dallas, TX 75209, United States",4.5,10,Yes,"Custom wood, metal and vinyl windows and doors for new construction or replacement (Loewen dealer)",Residential,False,Windows and doors dealer/installer with Dallas showroom,high,"loewen.com dealer page 'WindowCraft, Inc. - Dallas Showroom, 4412 W. Lovers Lane'; BBB category 'Window Installation'; 'wide variety of windows and doors for new homes or replacements'",,Window
"WindowCraft, Inc.",https://windowcraftinc.com/,windowcraftinc.com,Gainesville,TX,+1 940-726-5008,"6441 I-35 Frontage Rd, Gainesville, TX 76240, United States",3.5,8,No,Sale and installation of windows and doors for new construction and remodeling - Gainesville showroom of the same company as ID 136,Residential,False,Windows and doors dealer/installer,high,"BBB Gainesville profile, category 'Window Installation' - 'offers the sale of windows and doors to residential builders and homeowners in both the new construction and remodeling markets'; 'two showrooms, located in Dallas and Gainesville'",,Window
Windowmere Windows and Doors,https://windormere-windows-doors.com/,windormere-windows-doors.com,Rockwall,TX,+1 214-695-1335,"202 N West St A, Rockwall, TX 75087, United States",5.0,57,Yes,New window installation and premium vinyl window replacement; exterior door installation/replacement,Residential,False,Window and door replacement company,high,"wmetx.com 'Window Replacement Rockwall TX' and /blog-1/f/window-installation-in-rockwall-tx-replacing-old-aluminum; Angi/HomeAdvisor services: '3-5 New Window Installation, 6+ Room New Window Service, Doors (Exterior) Installation and Replacement'",,Window
Windows of Texas,http://www.windowsoftexas.com/,windowsoftexas.com,,,+1 214-493-0072,,1.0,,Yes,New and replacement windows and doors for DFW homes; window installation and repair via partner suppliers/installers,Residential,False,Replacement window & door contractor,high,Site pages 'Residential Windows' (windowsoftexas.com/services/residential-windows/) and 'Window and Door Replacement FAQs'; 'offers new & replacement windows and doors for homes in the Dallas-Fort Worth area',,Window
WinPro Doors and Windows LLC,https://winprodoorsandwindows.com/?utm_source=google&utm_medium=organic&utm_campaign=gbp-profile,winprodoorsandwindows.com,,,+1 945-294-6776,,5.0,20,Yes,"Full-service window replacement and installation (Pella and other brands), plus doors",Residential,False,Window & door installation contractor,high,Page title 'Window Replacement - WinPro Doors & Windows' (winprodoorsandwindows.com/window-replacement/); 'Fort Worth's full-service window installation specialist',,Window
Woodruff Windows,https://woodruffwindows.com/location/garland-texas/,woodruffwindows.com,Dallas,TX,+1 214-390-9426,"9330 Lyndon B Johnson Fwy #900, Dallas, TX 75243, United States",5.0,4,Yes,"Custom-built replacement windows and doors, in-house install crews; Garland/DFW",Residential,False,Replacement window & door company,high,"Page title 'Window & Door Replacement McKinney TX' (woodruffwindows.com/) and 'Garland, Texas - New Woodruff Window'; 'window & door installation in Garland, TX... replaced over 10,000 windows'",,Window
"Wow Windows & Glass, LLC",http://www.wowwindowsglass.com/,wowwindowsglass.com,Carrollton,TX,+1 469-892-6662,"1201 Walnut Ave #6, Carrollton, TX 75006, United States",5.0,488,,"Vinyl replacement windows, broken/foggy glass repair, glass replacement, screens, shower enclosures",Residential,False,Window & glass company (window installation and repair),high,"Site title 'Wow Windows and Glass - Window Installation and Repair - DFW Metroplex' (wowwindowsglass.com); 'specialties include vinyl replacement windows, broken or foggy glass repair'",,Window
Wyndoorco,https://wyndoorco.com/,wyndoorco.com,Dallas,TX,+1 972-922-3578,"3626 N Hall St Ste 610, Dallas, TX 75219, United States",5.0,18,Yes,"New and retrofit window installation (remove/replace), doors, moving glass walls",Both,False,Window & door installation contractor,high,Page titles 'WYNDOORCO New and Replacement Windows and Doors' and 'WYNDOORCO New & Retrofit Windows & Doors'; 'window and door retrofit installation (remove/replace) for residential and commercial',,Window
Zelaya Windows & Glass,https://www.zelayawindows.com/?utm_source=google&utm_medium=wix_google_business_profile&utm_campaign=16006523137603938515,zelayawindows.com,Carrollton,TX,+1 469-544-1045,"1510 Randolph St Ste 203, Carrollton, TX 75006, United States",,,Yes,"Vinyl window replacement and installation, glass replacement, patio doors, storm windows; residential and business",Both,False,Window & glass replacement company,medium,"Angi listing for Zelaya Windows & Glass, Carrollton TX: 'quality Vinyl Windows, Glass, Patio Door replacements and installation... New Windows Service, Storm Windows - Install or Replace, Business Window Service'",,Window
Zen Windows Dallas,https://zenwindows.com/dallas/?utm_source=google&utm_medium=organic&utm_campaign=maps_dallas,zenwindows.com,,,+1 214-447-3199,,5.0,4,Yes,"Whole-window replacement and installation (vinyl, bay, etc.) plus doors; no repairs",Residential,False,Replacement window company (quote-online model),high,Page titles 'Dallas Window Installation' (zenwindows.com/dallas/windows/window-installation/) and 'Residential Window Replacement in Dallas',,Window
AAA Fast Glass Incorporated,http://aaafastglass.com/,aaafastglass.com,Dallas,TX,+1 972-241-0012,"2270 Manana Dr, Dallas, TX 75220, United States",3.0,2,No,"Residential window/glass replacement and commercial storefront, curtain wall and door glass replacement",Both,False,Commercial & residential glass company / glaziers,high,"Page titles 'Dallas - Fort Worth Storefront, Glass Window Replacement' (/storefront-and-curtain-wall.html) and 'Dallas - Fort Worth Residential Glass, Dallas Window Replacement' (/residential-glass.html)",,Auto-Glass-Tint-Audio
Binswanger Glass,https://www.binswangerglass.com/branch/dallas-tx-4222-harry-hines-blvd/,binswangerglass.com,Dallas,TX,+1 214-520-6583,"4222 Harry Hines Blvd, Dallas, TX 75219, United States",3.9,87,Yes,"Residential window glass repair and replacement incl. foggy insulated-glass (IG) units; commercial storefronts, curtain wall, entrance systems and glass partitions",Both,False,Full-service residential and commercial glass company,high,"binswangerglass.com/residential-glass/windows-glass-repair-replacement/ 'Window Glass Repair & Replacement'; Dallas branch page (4222 Harry Hines Blvd) - 'specialize in home glass repair, broken window repair, and commercial glass repair, including glass storefront doors'; listed as a Dallas ISD vendor for 'window glazing, repair and installation services'",,Auto-Glass-Tint-Audio
Dallas Glass and Auto,http://dallasglassandauto.com/,dallasglassandauto.com,,,+1 972-900-7194,,5.0,95,Yes,Residential glass repair and replacement - broken/cracked home windows - alongside its auto glass work,Residential,True,Auto glass / windshield replacement with a residential glass repair line,medium,"dallasglassandauto.com: 'skilled technicians providing timely, professional service for both auto and residential glass repair needs'; 'high-quality, durable glass for vehicles and homes'; 'They handle cracked windshields, broken windows, and full glass replacements.'",,Auto-Glass-Tint-Audio
DFW Glass Mart,http://dfwglassmart.com/,dfwglassmart.com,,,+1 972-900-3117,,5.0,110,Yes,Residential and commercial glass replacement (plus auto glass); dedicated residential page,Both,True,"Glass company serving auto, home and business",high,"dfwglassmart.com - 'professionally services all your auto, home and business glass needs... offers glass replacement for auto, residential, or commercial needs'; dfwglassmart.com/residential page exists",,Auto-Glass-Tint-Audio
Glass Replacement Pros,http://glassreplacementpros.com/,glassreplacementpros.com,,,+1 972-900-7559,,5.0,10,Yes,"Home window replacement and custom glass installation, alongside auto glass and windshield work",Residential,True,Auto and residential glass replacement,medium,"glassreplacementpros.com - '20 years of experience in auto glass repair, windshield replacement, and residential glass services'; 'They offer car window repair, home window replacement, and custom glass installation'. Medium confidence: the site is auto-led and the residential claim is stated in copy rather than on a dedicated service page",,Auto-Glass-Tint-Audio
Mid Cities Auto Glass,https://midcitiesautoglass.com/auto-glass-repair-service/,midcitiesautoglass.com,Dallas,TX,+1 214-810-8888,"5635 Beeman Ave, Dallas, TX 75223, United States",4.8,18,Yes,"Glass repair and replacement for residential and commercial windows and doors, from minor chips to significant cracks, alongside their auto glass work",Both,True,auto glass repair and windshield replacement (est. 2001),medium,"midcitiesautoglass.com — 'they specialize in glass repairs for residential and commercial windows and doors, handling minor chips to significant cracks', in addition to windshield/side/back window and sunroof glass replacement.",YES,Auto-Glass-Tint-Audio
Mid Cities Auto Glass,https://midcitiesautoglass.com/auto-glass/,midcitiesautoglass.com,Dallas,TX,+1 210-401-1110,"4755 Algiers St, Dallas, TX 75207, United States",4.8,5,Yes,"Glass repair and replacement for residential and commercial windows and doors, alongside their auto glass work (same company/domain as ID 188, different Dallas location)",Both,True,auto glass repair and windshield replacement (est. 2001),medium,"midcitiesautoglass.com — 'they specialize in glass repairs for residential and commercial windows and doors, handling minor chips to significant cracks'; site also lists midcitiesautoglass.com/dallas-auto-glass/ and multiple DFW locations.",YES,Auto-Glass-Tint-Audio
Mister Glass,https://www.misterglassinc.com/?utm_source=gmb&utm_medium=organic&utm_campaign=DALLAS,misterglassinc.com,Dallas,TX,+1 972-669-0951,"13342 Floyd Cir, Dallas, TX 75243, United States",4.9,3613,Yes,"Residential home window glass repair and replacement, plus commercial storefront glass, office partitions and doors; Google review describes replacing glass in two large fogged-up windows (IGU replacement)",Both,True,"full-service glass company (auto, residential and commercial) in Dallas since 1960",high,"misterglassinc.com/residential-glass/glass-repair-replacement-2/ and misterglassinc.com/commercial-glass.html — 'auto, residential & commercial glass services including windshields, shower doors, storefronts'; 'commercial glass repair and replacement for storefronts, office partitions, doors'. Google review: 'We had 2 large format windows that had fogged up & needed a glass replacement'.",,Auto-Glass-Tint-Audio
My Safe Auto Glass Repair & Replacement Dallas,http://autoglassrepairtx.com/,autoglassrepairtx.com,,,+1 972-366-5054,,4.9,250,Yes,"Commercial glass: storefront glass, doors, interior office glass, security glass and emergency board-up for DFW businesses",Commercial,True,mobile auto glass / windshield replacement and ADAS calibration in DFW,medium,"autoglassrepairtx.com — 'Commercial Glass – Storefront glass, doors, interior office glass, security glass and emergency board-up for businesses across DFW', alongside windshield replacement and chip repair. Confirmed on a second, domain-scoped search.",,Auto-Glass-Tint-Audio
Renfro Glass Inc,http://www.renfroglassinc.com/,renfroglassinc.com,Lancaster,TX,+1 972-228-1962,"1822 N Interstate 35 E Rd, Lancaster, TX 75134, United States",4.7,162,Yes,Residential glass work and commercial storefront installation / glass partitions; also solar screens,Both,True,"Full-service glass company (commercial, residential, auto and trucks)",high,"renfroglassinc.com/about - 'more than 37 years of experience serving commercial, residential, auto & trucks customers... takes care of glass needs from vehicles, residential and commercial'; commercial glass listed as 'storefront installation, glass partitions, and custom glass solutions'",,Auto-Glass-Tint-Audio
AM Roofing Company,https://amroofingcompany.com/?utm_source=Google_Maps&utm_medium=Website_Link-Click&utm_campaign=Google_Maps_Visits,amroofingcompany.com,Dallas,TX,+1 214-980-4366,"5641 SMU Boulevard #106, Dallas, TX 75206, United States",4.9,39,Yes,"Window installation offered alongside roofing, gutters, siding, soffit & fascia",Both,False,Roofing and gutter contractor (DFW),medium,"Nextdoor/business listing for AM Roofing Company Dallas: 'roof repairs, installations, inspections, and gutter cleaning and installation... siding installation and window installation'; own site amroofingcompany.com lists /services/ pages for roofing and gutters",,Roofing
"Baker Roofing & Construction, Inc",https://baker-roofing.com/,baker-roofing.com,Dallas,TX,+1 855-766-3777,"6507 Trammel Dr, Dallas, TX 75214, United States",4.9,62,,"Replacement windows, window screens, cracked/broken window glass repair; window installation as part of construction services",Both,False,Residential/commercial roofing and general construction/remodeling,high,"baker-roofing.com/construction-services/ — 'specializes in bathroom and kitchen remodeling, window installation, and door solutions'; 'offers replacement windows, window screens and can repair cracked and broken glass, with a full line of replacement window options'",,Roofing
Bert Roofing Inc.,https://bertroofing.com/?utm_campaign=gmb,bertroofing.com,Dallas,TX,+1 214-239-2699,"10021 Cayuga Dr, Dallas, TX 75228, United States",4.8,135,Yes,"Window repair and replacement, plus window screens",Residential,False,"Residential roofing contractor (Dallas, since 1988)",high,"bertroofing.com/services/ and /roofing-services-products/ — 'window repair and replacement services, along with window screens', alongside gutters, siding, roof decking, patio covers",,Roofing
Blue Hammer Roofing,https://bluehammerroofing.com/areas-served/dallas/?utm_campaign=gmb&utm_medium=organic&utm_source=google,bluehammerroofing.com,Dallas,TX,+1 469-564-8357,"8330 Lyndon B Johnson Fwy B604, Dallas, TX 75243, United States",4.9,1307,Yes,Window services listed alongside roofing/gutters; a customer review describes a side window replaced with the roof,Both,False,Residential and commercial roofing / storm damage restoration,low,"Search results list 'gutter repair and replacement services, as well as window services' for Blue Hammer, and a Yelp/Google review states the customer 'had their roof replaced along with a side window and back fence'. NOTE: some result text may come from the unrelated bluehammersolutions.com (VA) — treat as low confidence",,Roofing
Bold Roofing - DFW's Best Roofing Contractor,https://boldroofing.com/,boldroofing.com,Dallas,TX,+1 972-380-9300,"10720 Miller Rd #303, Dallas, TX 75238, United States",4.7,622,Yes,"Windows listed as a service alongside gutters, siding, fencing under general contracting / storm restoration",Residential,False,"Roofing contractor and storm-damage general contractor (Dallas, since 1979)",medium,"Company profile listings: 'offers roofing, insurance claim services, storm restoration, general contracting, gutters, fences, windows, and siding'; 'Beyond roofs, they coordinate gutters, windows, siding, fencing'",,Roofing
Brennan Enterprises,https://www.brennancorp.com/?utm_source=google&utm_medium=organic&utm_campaign=gmb&utm_term=dallas,brennancorp.com,,,+1 972-619-9281,,,,Yes,"Turnkey full window replacement, adding window openings, window-to-door conversions; also supplies windows to trade pros",Residential,False,Residential window and exterior door replacement company,high,"brennancorp.com/service-area-overview/dallas-county/dallas/ 'Window and Door Replacement - Dallas, TX'; 'a residential window and exterior door replacement company that has proudly served Texas homeowners since 1979'; carries Brennan, Andersen, NT Window and Alside windows",,Roofing
Built To Last Roofing,https://btolroofing.com/?utm_source=google&utm_medium=organic&utm_campaign=gmb-primary-link-dallas,btolroofing.com,Dallas,TX,+1 469-364-8198,"6537 Lyndon B Johnson Fwy, Dallas, TX 75240, United States",4.9,271,Yes,"Windows listed among restoration/general contracting services alongside roofing, gutters and fences",Residential,False,Roofing contractor / storm restoration general contractor,medium,"btolroofing.com/services/ - 'services include gutters, fences, windows, and gates - everything you need for full property restoration'; 'trusted local general contractor experts for a variety of repairs including roof, gutters, windows, fence'. Medium confidence: windows appear in the service list but have no dedicated page",,Roofing
DAR Roofing General Contractors,http://www.darroofinggc.com/,darroofinggc.com,Farmers Branch,TX,+1 315-836-4542,"2727 Lyndon B Johnson Fwy Ste 785, Farmers Branch, TX 75234, United States",4.9,122,Yes,Window replacement and repair offered among general contracting services,Both,False,Roofing general contractor (residential and commercial),high,"darroofinggc.com service list - 'Roof Restoration and Replacement, Gutter Installation & Repair, Fence, Siding, Garage Door Installation and Repair, HVAC, Exterior & Interior Paint, and Window Replacement and Repair'; 'serving the entire DFW area with both residential and commercial applications'",,Roofing
Home Quality Solutions Roofing,https://homequalitysolutions.com/,homequalitysolutions.com,Dallas,TX,+1 972-743-0331,"3839 McKinney Ave Ste 155-2417, Dallas, TX 75204, United States",4.8,146,Yes,Window repairs offered alongside roofing and gutter work,Both,False,"Roofing contractor (residential + commercial, insurance restoration)",medium,"Business listings for homequalitysolutions.com: ""In addition to roofing, they provide other home improvement services, including gutter installation and window repairs""; site also has /handyman-services/ page. Google review mentions roof, vents, windscreens and interior damage.",,Roofing
JUST ROOF GENERAL CONTRACTORS LLC,https://roofremodelingsolution.com/,roofremodelingsolution.com,Dallas,TX,+1 469-797-6747,"8330 Lyndon B Johnson Fwy Ste 678, Dallas, TX 75243, United States",4.8,77,Yes,Window replacement as part of exterior remodeling,Residential,False,Roofing / general contractor and remodeler,high,"roofremodelingsolution.com — ""They specialize in paint, siding installation, window replacement, and other exterior upgrades""; Google review: ""they chance my windows and gutters"".",,Roofing
Lakeside Roofing Co,https://lakesideroofco.com/,lakesideroofco.com,,,+1 972-365-1216,,5.0,31,Yes,"Window replacement listed alongside roofing, siding and gutters",Residential,False,Roofing contractor / storm restoration,medium,"lakesideroofco.com (incl. /roof-replacement services page): ""they offer services from replacing roofs to siding, gutters to windows"".",,Roofing
"Legacy Crown Exteriors, LLC",http://www.legacycrownexteriors.com/,legacycrownexteriors.com,,,+1 903-312-4574,,5.0,18,Yes,Window installation as a listed service of the general contractor,Both,False,"Exterior general contractor (roofing, gutters, remodels)",high,"BBB profile / legacycrownexteriors.com service list: ""...fencing, decking, pool enclosures, patio enclosures, siding installation and window installation"".",,Roofing
MacDonald Roofing & Remodeling,https://www.teammacdonald.com/,teammacdonald.com,Dallas,TX,+1 214-601-9304,"4245 N Central Expy Suite 490, Dallas, TX 75205, United States",5.0,66,Yes,Replaces windows and doors as part of remodeling service line,Both,False,Roofing and home remodeling contractor,high,"teammacdonald.com/remodeling — ""They update siding, replace windows and doors, build new porches, or add outdoor living spaces.""",,Roofing
New View Roofing,https://newviewroofing.com/?utm_source=google&utm_medium=organic&utm_campaign=gmb,newviewroofing.com,Dallas,TX,+1 469-966-1196,"4722 Gaston Ave, Dallas, TX 75246, United States",4.9,697,Yes,"New window installation and window replacement/repair for homes; part of their exterior renovation offering (painting, siding, windows, fencing)",Residential,False,Residential/commercial roofing and exterior remodeling,high,"Page title 'Window Installation and Repair in Dallas' at newviewroofing.com/residential/window-installation/ ; exterior renovation page lists 'exterior painting, new siding installation, new window installation and fencing'",,Roofing
Reformed Roofing & Contracting,http://www.reformed-roofing.com/,reformed-roofing.com,Dallas,TX,+1 972-946-1775,"5639 Dyer St Ste 200, Dallas, TX 75206, United States",5.0,73,Yes,Energy-efficient window and door replacement,Both,False,"Roofing, siding and window contractor / storm restoration",high,"reformed-roofing.com — ""a trusted name in residential and commercial roofing, siding, and energy-efficient window and door replacements""; described as ""Heart of Dallas roofing, siding, window experts"".",,Roofing
"Sunbelt Waterproofing & Restoration, LLC.",http://www.sunbeltllc.com/,sunbeltllc.com,Dallas,TX,+1 972-681-6222,"7318 Ferguson Rd, Dallas, TX 75228, United States",4.4,17,,Window glazing and glass replacement on commercial buildings; sealant/caulking replacement,Commercial,False,"Commercial waterproofing, facade and masonry restoration",high,"sunbeltllc.com/texas-waterproofing — service list includes ""Waterproofing and Caulking Services"" and ""Window Glazing and Glass Replacement services"" alongside masonry/facade restoration.",,Roofing
TC Roofing and Restorations,https://www.tcroofingexperts.com/,tcroofingexperts.com,,,+1 833-799-7663,,5.0,200,Yes,"Window replacement in DFW, offered as a restoration service alongside roofing",Residential,False,Roofing and storm/insurance restoration contractor,high,Indexed page 'Window Replacement in DFW' at tcroofingexperts.com/restoration-services/window-replacement/,,Roofing
Trustmark Exteriors,https://www.trustmarkexteriors.com/?utm_source=google&utm_medium=gbp,trustmarkexteriors.com,Fort Worth,TX,+1 817-859-8369,"2832 SE Loop 820, Fort Worth, TX 76140, United States",5.0,14,Yes,Window installation and window repair,Residential,False,Residential roofing / exteriors contractor,high,"trustmarkexteriors.com service list: ""window installation, metal roofing, window repair, tile roofing, roof leak repair, shingles, gutter contractors, gutter installation, roof replacement"".",,Roofing
"United Roofing Services, LLC",https://www.unitedroofservicesllc.com/,unitedroofservicesllc.com,Dallas,TX,+1 214-677-2987,"6742 La Grange Dr, Dallas, TX 75241, United States",4.8,39,,"""Window and Door Services"" listed alongside roofing, gutters and skylights",Both,False,"Roofing contractor (roof replacement, repair, gutters)",medium,"Directory entries for unitedroofservicesllc.com: ""the website menu also mentions window services along with... skylight installation, chimney services"" and ""the company lists 'Window and Door Services' among its available services"".",,Roofing
Weather The Storm Roofing,https://www.weatherthestormroofingtx.com/,weatherthestormroofingtx.com,,,+1 469-970-6626,,5.0,29,Yes,Window replacement as part of wind/hail storm restoration,Both,False,Storm restoration roofing contractor,high,"weatherthestormroofingtx.com/about — ""Their team handles roofing, gutters, fencing, windows, interior drywall repairs, and other exterior restoration services...""",,Roofing
"Zeus Exteriors, LLC",http://www.zeusexteriors.com/,zeusexteriors.com,Dallas,TX,+1 469-771-0988,"2815 Valley View Ln #210, Dallas, TX 75234, United States",5.0,181,,Window replacement,Both,False,Roofing and exterior products contractor,high,"zeusexteriors.com — ""they offer a range of services including roof repair, window replacement, and siding replacement""; products/services listed as roof inspections, replacements, repairs, gutters, windows, fencing.",,Roofing
Quality 1 Energy Systems Heating & Air Conditioning,https://www.q1es.com/,q1es.com,Dallas,TX,+1 214-856-6489,"10870 Plano Rd C, Dallas, TX 75238, United States",4.9,397,Yes,Residential window installation / replacement for energy efficiency,Both,False,HVAC contractor (residential + commercial) since 1989,high,"Dedicated page q1es.com/residential/window-installation/ titled ""Dallas Window Installation""; profile text: ""insulation and window replacement"".",,HVAC
AM Gutter Services,https://www.amgutterservices.com/,amgutterservices.com,Dallas,TX,+1 214-980-4366,"5641 SMU Boulevard #106, Dallas, TX 75206, United States",5.0,257,Yes,"Window installation offered as a specialty service alongside gutters, roofing and siding",Both,False,"Gutter installation, cleaning and repair contractor",medium,"amgutterservices.com/about-us — ""The company offers specialty services including Roof Installation, Siding Installation, Window Installation, Fence Installation, and Power Washing.""",,Gutters
AC Glass and Mirror,http://www.acglass.biz/,acglass.biz,Dallas,TX,+1 214-604-3394,"2708 Reynolds Ave, Dallas, TX 75232, United States",3.3,7,Yes,"Window glass replacement, single and double pane, same/next-day",Both,False,Glass company — shower/mirror division plus window glass division,high,"acglass.biz — ""two divisions: Shower and Mirrors and Windows and Glass Replacement""; expertise includes ""window glass replacements in 24 hours or same day"" and ""window glass replacement (double pane and single pane)"".",,Shower-Mirror-Glass
Alamo Glass & Mirror,https://www.alamoglassco.com/,alamoglassco.com,Dallas,TX,+1 214-821-2886,"10510 Olympic Dr, Dallas, TX 75220, United States",4.0,37,Yes,Window glass repair and replacement; commercial storefronts and curtainwall,Both,False,Full-service glass and mirror company (since 1943),high,"alamoglassco.com/products-services.html titled ""Residential & Commercial Glass in Dallas, TX"" — ""glass shower doors, glass table tops, decorative pattern glass, custom and decorative framed mirrors and window glass repair and replacement"", plus commercial storefronts.",,Shower-Mirror-Glass
Alpha Glass & Mirror Co,http://www.agmglass-dfw.com/,agmglass-dfw.com,Dallas,TX,+1 214-637-5500,"8901 Sovereign Row, Dallas, TX 75247, United States",3.7,9,No,"Commercial and retail glass/window replacement, wet sealing",Commercial,False,Commercial glass and glazing contractor (~40 years),high,"agmglass-dfw.com — ""specializes in the installation and maintenance of commercial glass and windows""; services: ""commercial and retail glass replacement, door repair and maintenance, mirror replacement, and window filming and wet sealing"".",,Shower-Mirror-Glass
Alvarez Glass and Mirror LLC,http://www.alvarezglass.com/,alvarezglass.com,Dallas,TX,+1 214-906-3955,"11227 Goodnight Ln #905, Dallas, TX 75229, United States",3.7,3,Yes,Complete window replacement (vinyl / thermally broken) and window glass replacement; storefront glazing,Both,False,Full-service commercial and residential glass company,high,"alvarezglass.com — ""Windows (Complete Windows with Vinyl or Thermally Broken materials, or Glass Replacement)"", plus Storefront (new construction, remodeling, repair, glass walls) and flat glass install incl. dual pane, low-e, tempered.",,Shower-Mirror-Glass
C-TEX Glass And Door LLC,http://ctexglassanddoor.com/,ctexglassanddoor.com,,,+1 832-579-7053,,,,Yes,Window glass and door glass; commercial storefront glass installation,Both,False,"Glass and door fabrication/installation (storefronts, partitions, mirrors)",medium,"ctexglassanddoor.com — sheet glass, commercial storefront doors, glass installation, glass partitions, railings, mirrors; sister site page title ""Window Glass in Balch Springs TX 75180, Door Glass in Balch Springs"".",,Shower-Mirror-Glass
Carlos Glass and Construction,http://carlosglasstx.com/,carlosglasstx.com,Dallas,TX,+1 682-288-8941,"3185 Darvany Dr, Dallas, TX 75220, United States",5.0,7,Yes,"Windows listed as a service line alongside commercial glass and glass storefronts, residential and commercial",Both,False,"Glass contractor (showers, mirrors, storefronts, windows, handrails)",high,"carlosglasstx.com/services/ - service list: 'showers, store fronts, commercial glass, handrails, mirrors, windows, and wine cellars'; also blog page carlosglasstx.com/the-impact-of-glass-storefronts-on-business-success/",,Shower-Mirror-Glass
Century Glass & Mirror Inc. of Dallas,http://www.centuryglassdallas.com/,centuryglassdallas.com,Dallas,TX,+1 214-823-7773,"1417 N Washington Ave, Dallas, TX 75204, United States",4.9,87,Yes,"Plate & window glass repair and replacement, insulated glass replacement, storefront glass; residential and commercial new installations, replacements and repairs",Both,False,Full-service glass and mirror company,high,"Listed services: 'plate & window glass repair & replacement, windows, insulated glass replacement, shower doors & enclosures, mirrors, table furniture tops, shelves, cabinet glass and storefront'; categorized as a 'Doors & Windows' business in Dallas TX",,Shower-Mirror-Glass
Crystalia Glass,https://crystaliaglass.com/,crystaliaglass.com,Farmers Branch,TX,+1 718-690-0258,"3214 Belt Line Rd Suite 458, Farmers Branch, TX 75234, United States",4.9,95,Yes,"Double glazing, glass installation, curtain walls and storefronts — designed and installed",Both,False,Architectural glazing systems designer/fabricator that also installs,high,"crystaliaglass.com/we-install/ — installs in 19 US states; service list: ""Double Glazing, Glass Block Installation, Glass Installation, Mirror Installation, Glass Partition, Sliding and Folding Glass Doors, Curtain Walls, Storefronts, Glass Balustrades and Railings.""",,Shower-Mirror-Glass
Dallas Glass and Mirror,https://www.dallasglassandmirror.net/,dallasglassandmirror.net,Dallas,TX,+1 469-737-5374,"11245 Goodnight Ln #19, Dallas, TX 75229, United States",4.9,472,Yes,"Window repair and replacement, 24-hour glass replacement, emergency board-up",Both,False,Family-owned glass and mirror company (third-generation glazier),high,"dallasglassandmirror.net/glass/ — ""Their services include window repair and replacement, glass shower enclosures, custom mirrors, glass railings, storefronts, and emergency board-up service.""",,Shower-Mirror-Glass
Daltex Glass & Aluminum Inc,https://daltexglass.com/,daltexglass.com,Farmers Branch,TX,+1 214-865-9961,"11419 Ferrell Dr #108, Farmers Branch, TX 75234, United States",4.4,49,Yes,"Supplies, fabricates and installs custom windows and storefronts",Both,False,"Glass, aluminum and window supplier/installer",high,"daltexglass.com — ""supplies, fabricates and installs custom glass, aluminum, mirrors, storefronts, shower enclosures and glazing services across Dallas-Fort Worth""; services: ""custom windows, doors, shower glass, mirrors & storefronts"".",,Shower-Mirror-Glass
Discount Glass Texas,http://discountglasstexas.com/,discountglasstexas.com,Dallas,TX,+1 972-900-8748,"11063 Dennis Rd, Dallas, TX 75229, United States",4.9,1497,Yes,"Window replacement and repair, storefront windows, commercial glass across Dallas/Carrollton",Both,False,Window replacement and repair / commercial glass contractor,high,"Indexed page titles from own site: 'Storefront Windows - Discount Glass Texas Window Replacement & Repair' (discountglasstexas.com/storefront-windows/), 'Commercial Glass Carrollton - Discount Glass Texas Window Replacement & Repair', 'Commercial Glass Dallas: Elevate Your Space Today!'",,Shower-Mirror-Glass
Eagles glass inc,http://www.eaglesglassinc.com/,eaglesglassinc.com,Dallas,TX,+1 214-447-8919,"11105 Shady Trail Ste 122, Dallas, TX 75229, United States",,,Yes,Window glass and storefront glass replacement; residential and commercial glass installation,Both,False,"Commercial glass and glazing contractor (storefront, curtain wall, partitions)",high,"eaglesglassinc.com/storefront-and-curtain-wall page; services described as ""storefront glass replacement, window glass, residential and commercial construction, mirrors installation, caulking services, and commercial glass & aluminum installations"".",,Shower-Mirror-Glass
Excelsior Glass and Mirror LLC,http://excelsiorglass.co/,excelsiorglass.co,,,+1 214-622-3021,,4.4,20,Yes,Residential window installation and window repair/replacement; commercial storefronts,Both,False,"Glass installation company (windows, showers, mirrors, storefronts)",high,"excelsiorglass.co homepage is titled ""Window Installation""; ""residential window installation and solar screens, custom glass shower enclosures, commercial storefronts""; service list includes ""window installation, glass repair, mirror repair, window repair, and replacements"".",,Shower-Mirror-Glass
Gibraltar Glass,https://gibraltarglass.com/,gibraltarglass.com,Garland,TX,+1 972-271-7333,"3933 Leon Rd #307, Garland, TX 75041, United States",4.2,5,Yes,Window replacement alongside commercial glazing work,Commercial,False,Commercial glass and glazing contractor (tenant finish-out),medium,"Listings for Gibraltar Glass Inc: ""main lines of business include Glass & Glazing Contractors"" and ""they appear to offer window replacement service in addition to their commercial glass work""; structural/non-structural glass installs, Herculite doors, conference room glazing.",,Shower-Mirror-Glass
Glasshouse,http://glasshouseproducts.com/?utm_source=google&utm_medium=Yext,glasshouseproducts.com,Dallas,TX,+1 214-761-1100,"4811 Lakawana St, Dallas, TX 75247, United States",4.3,6,Yes,Produces and installs custom windows and storefront glass,Both,False,High-end custom glass and mirror fabricator/installer,high,"glasshouseproducts.com/services/ (""Residential & Commercial Glass in Central Texas"") — ""Specializing in custom showers, railings, storefronts, doors, windows, and mirrors, Glasshouse produces and installs glass solutions""; also Storefront Glass and Architectural Glass in product list.",,Shower-Mirror-Glass
Glassworks Texas,https://glassworkstexas.com/,glassworkstexas.com,,,+1 214-281-0052,,5.0,8,Yes,Residential window replacement; commercial storefront and window systems,Both,False,Residential and commercial glass installation/replacement company,high,"glassworkstexas.com/our-services/ — residential list begins ""window replacement, patio & bi-fold doors...""; dedicated page /storefronts-window-systems/ for aluminum/steel/glass storefront and window systems.",,Shower-Mirror-Glass
iDEAL GLASS DFW,http://idealglassdfw.com/,idealglassdfw.com,,,+1 469-745-2626,,4.4,7,Yes,Insulated glass units and aluminum storefront glazing,Both,False,"Glass shop — shower enclosures, mirrors, storefronts, insulated glass",medium,"idealglassdfw.com/services/ — ""Ideal Glass DFW specializes in aluminum storefronts, mirrors, shower enclosures, glass railings and insulated glass."" Insulated glass and storefront glazing qualify; shower/mirror work is the bulk of the business.",,Shower-Mirror-Glass
Imperial Glass Texas LLC,https://www.imperialglasstx.com/,imperialglasstx.com,Dallas,TX,+1 214-613-5104,"10869 Shady Trail Ste 160, Dallas, TX 75220, United States",4.6,135,Yes,"Residential and commercial window glass replacement and whole-window replacement meeting city code; also storefront glass, shower doors, mirrors, railings",Both,False,Glass shop (shower/mirror/glass) that also does window installation and replacement,high,"Own site page title: 'Glass Window Installation & Replacement Metroplex' at imperialglasstx.com/windows/; site text: 'residential whole windows and glass replacement, and their window replacement meets city code requirements'",,Shower-Mirror-Glass
LUXOR Mirrors & Glass,https://instagram.com/luxor__glass?igshid=1p65kgn2hjaad,instagram.com,,,,"Dallas, TX 75207, United States",4.7,33,Yes,"Window installation in and around Dallas; products include low-e windows, tempered glass, aluminum window products; also shower glass and mirrors",Residential,False,Mirror and glass shop (shower glass) that also installs windows,medium,"Listing/profile text: 'LUXOR Mirrors & Glass offers shower glass installation and window installation in and around Dallas, TX' and product list including 'low-e windows' and 'aluminum window products'; categorized as a 'Doors & Windows' business (local.yahoo.com/info-209839631-luxor-mirrors-glass-dallas)",,Shower-Mirror-Glass
Montgomery Glass LLC,http://montgomeryglassllc.com/,montgomeryglassllc.com,,,+1 682-715-2323,,5.0,16,Yes,Repairs cracked and foggy window panes (IGU) alongside custom glass work,Both,False,"Custom glass installer — frameless showers, partitions, tabletops",medium,"montgomeryglassllc.com — ""custom glass installation, including frameless shower doors, glass partitions, and tabletops... They also handle repairs for cracked or foggy panes.""",,Shower-Mirror-Glass
Oak Cliff Mirror & Glass Company,http://glassnajiffy.com/,glassnajiffy.com,Dallas,TX,+1 214-747-4875,"2202 N Beckley Ave, Dallas, TX 75208, United States",3.9,91,Yes,Installs glass windowalls/curtainwalls and aluminum storefronts; cut-to-size glass,Both,False,Glass fabrication and installation company (est. 1932),high,"glassnajiffy.com/residential/ and /about-us/ — ""they cut glass to size, sell framed mirrors, install shower doors, install aluminum storefronts, and glass windowalls/curtainwalls perfect for any residential or commercial application.""",,Shower-Mirror-Glass
Omega Glass & Mirror Co,http://omegaglassdallas.com/,omegaglassdallas.com,Dallas,TX,+1 214-821-8283,"6212 Mercedes Ave, Dallas, TX 75214, United States",4.7,37,Yes,"Windows, plate glass and insulated glass supply and installation; storefronts",Both,False,Full-service residential and commercial glass company (est. 1990),high,"omegaglassdallas.com — ""full service residential and commercial glass company offering Windows & Plate Glass, Insulated Glass, Bevel & Glass Tops, Store Fronts, Mirrors, Commercial Door Repair, and Tempered Safety Glass""; Google review: ""he came on time and did the window repair fast"".",,Shower-Mirror-Glass
Ranger Glass and Mirror,http://www.rangerglassandmirror.shop/,rangerglassandmirror.shop,,,+1 903-423-0536,,4.3,6,Yes,"Window installation, window glass repair and replacement",Both,False,Full-service glass and mirror shop (est. 2000),high,"rangerglassandmirror.shop listings — ""full service glass and mirror shop offering residential and commercial services including shower doors, windows, mirrors, storefronts, cabinet glass, and table tops""; services include ""windows installation... glass and window repair services... glass and window replacement services"".",,Shower-Mirror-Glass
Super Glass Llc,http://www.superglassllc.com/,superglassllc.com,,,+1 214-624-4623,,4.0,,Yes,Window glass installation/replacement and new windows,Residential,False,"Glass installation company (Balch Springs, TX)",medium,"HomeAdvisor profile for Super Glass, LLC, 2816 Hickory Tree Road, Balch Springs TX: ""offers Window Glass Installation or Replacement Service, Mirrors Installation and Replacement, New Windows Service"". Note: distinct from the unrelated SuperGlass windshield-repair franchise.",,Shower-Mirror-Glass
Texas Pride Mirror & Glass LLC,https://texaspridemirrornglass.com/,texaspridemirrornglass.com,,,+1 214-281-6638,,5.0,11,Yes,"Window replacement, window installation and window leak repair",Both,False,"Glass, mirror and window contractor",high,"Listings for texaspridemirrornglass.com — ""offers quality window installation services in Dallas, TX""; services: ""door replacement, door repair, frameless showers, caulking repair and replacement, window replacement, window installation service, and window leak repair"". Google review mentions a dog breaking a window.",,Shower-Mirror-Glass
Acme Glass and Tinting,https://911window.com/,911window.com,,,+1 972-677-7172,,4.5,49,Yes,Replacement windows and sliding doors; fogged and broken window glass repair (5-yr seal-failure warranty),Both,False,Window replacement and glass repair company that also does building window tinting,high,"911window.com/about/ — ""provides fogged and broken glass repair as well as solar screens, window tinting, and replacement windows and sliding doors for both residential and commercial customers""; explicitly ""do not tint vehicle glass"". Google review: ""Had an issue with a double hung window and Acme came out next day"".",,Tint-Film
AmeriTint Window Specialists,https://ameritint.com/,ameritint.com,,,+1 972-243-8468,,4.8,52,Yes,"Vinyl replacement windows, retrofit windows, double-pane/foggy glass replacement",Both,False,Replacement window installer that also does window film/tinting,high,"Dedicated pages ameritint.com/vinyl-replacement-windows-coppell-highland-village-lewisville-plano-tx/, /retrofit-windows/, /energy-efficient-windows/, /double-pane-glass-foggy-glass/. Google review: ""If you are looking for great windows at a reasonable price, look no further than AmeriTint"".",,Tint-Film
Dallas Window Butler,http://dallaswindowbutler.com/,dallaswindowbutler.com,,,+1 469-640-8551,,4.8,21,Yes,"Vinyl replacement window sales & installation, glass replacement, foggy/IGU repair, weatherproofing; also doors",Residential,False,Residential window replacement and glass repair contractor,high,"dallaswindowbutler.com 'Best Window Replacement Company'; pages /windows, /doors, /services/foggy-window-repair; 'vinyl window sales & installation, glass replacement ... window weatherproofing'",,Window Cleaning
Dallas Door Designs,https://www.dallasdoorservices.com/,dallasdoorservices.com,Dallas,TX,+1 214-973-0373,"11239 Leo Ln, Dallas, TX 75229, United States",4.5,101,Yes,Sells and installs windows alongside doors (sliding glass doors & windows); door and window replacement/installation,Residential,False,Custom door sales/installation and remodeling (now trading as Your New Door),medium,dallasdoorservices.com/plano/ page titled 'Plano Doors & Windows'; services listed as 'custom doors ... sliding glass doors & windows'; search summary: 'door and window replacement and installation services in the Plano area',,Door-Only
DfwGlassPros,https://www.dfwglasspros.com/,dfwglasspros.com,Grand Prairie,TX,+1 214-524-8405,"1965 Courtside Dr, Grand Prairie, TX 75051, United States",5.0,3,Yes,"Window installation and replacement (new installs, repairs, upgrades, energy-efficient windows) plus glass work",Both,False,Residential and commercial glass/window installation,high,dfwglasspros.com/about-us — 'committed to providing the highest quality window installation services to residential and commercial clients ... from new installations to repairs and upgrades'; energy efficient windows,,Door-Only
Door & Frame Solutions LLC,https://doorframesolutions.com/,doorframesolutions.com,Dallas,TX,+1 214-628-5028,"2627 Brenner Dr, Dallas, TX 75220, United States",4.6,63,Yes,"Aluminum storefront framing, windows and glazing for new construction and remodel, installation available",Commercial,False,"Commercial door, frame, hardware and aluminum storefront supplier/installer",medium,"doorframesolutions.com/aluminum-storefront — 'aluminum doors and frames for exterior storefront and interior openings ... with glass and glazing along with installation available for both remodel and new construction'; product list includes 'aluminum interior frames, doors and windows' and 'window panes'",,Door-Only
Green Mainland,https://www.greenmainland.com/,greenmainland.com,Dallas,TX,+1 945-351-7511,"2158 W Northwest Hwy Ste 407, Dallas, TX 75220, United States",5.0,38,Yes,"Sells and installs European-style aluminum windows (casement, tilt-turn, pivot, hopper, bifold, fixed) plus full-house glazing",Residential,False,Luxury windows and doors dealer/installer,high,"greenmainland.com 'Luxury Windows & Doors Dallas Texas' and /fixed-windows page — 'high-end aluminum windows, luxury entry doors, sliding glass systems ... full-house glazing solutions'; 'Installation services are offered only for Green Mainland products'",,Door-Only
Love That Door,https://www.lovethatdoor.com/?utm_campaign=gmbdallas,lovethatdoor.com,Dallas,TX,+1 214-891-3003,"1322 Round Table Dr, Dallas, TX 75247, United States",5.0,95,Yes,"Aluminum windows (design, manufacture and installation) alongside iron/aluminum doors and curtain walls",Both,False,"Custom wrought iron and aluminum doors, gates and railings",medium,"lovethatdoor.com — 'design, manufacturing, and installation of custom wrought iron doors, gates, and railings, as well as aluminum windows and doors'; service list includes 'Aluminum Windows ... Curtain Walls'",,Door-Only
Metroplex Door Repair LLC,http://metroplexdoorrepair.llc/,metroplexdoorrepair.llc,Dallas,TX,+1 469-328-6628,"6611 Lockheed Ave, Dallas, TX 75209, United States",4.6,36,Yes,"Commercial and residential glass installation/replacement including windows, storefront glass, partitions and facades",Both,False,Commercial glass and door installation/repair,high,"metroplexdoorrepairllc.com/services/ — 'Commercial Glass Services: complete glass solutions ... including windows, doors, partitions and facades with installations and replacements'; 'Storefront Glass Installation'; 'Residential Glass Services'",,Door-Only
Panoramic Doors,https://panoramicdoors.com/,panoramicdoors.com,Fort Worth,TX,+1 817-952-3500,"15050 Frye Rd, Fort Worth, TX 76155, United States",4.5,138,Yes,"Manufactures and sells panoramic wide-panel windows and glass wall systems for homes and businesses, sold direct to end customers",Both,False,Manufacturer of slide-pivot-stack glass wall door systems (and matching windows),medium,"panoramicdoors.com/panoramic-windows/ 'Panoramic Windows for Homes & Businesses' — 'luxury wide-panel designs'; BBB/category listing includes 'replacement windows, window manufacturers'. Note: they manufacture and sell direct; installation appears to be by the customer's own installers",,Door-Only
Sliding Door Repair Dallas,https://slidingdoorsrepairdallas.com/,slidingdoorsrepairdallas.com,Dallas,TX,+1 346-353-2018,"7315 Gaston Ave, Dallas, TX 75214, United States",5.0,7,Yes,Window installation and broken-glass repair alongside sliding/patio door repair and glass door replacement,Residential,False,"Sliding door, window and glass repair/installation",medium,"slidingdoorsrepairdallas.com — 'the leading sliding door, window, and glass repair and installation company in Dallas'; services list includes 'broken glass repair services ... glass door replacement ... window installation'",,Door-Only
Star Glass Aluminum,https://starglassaluminum.com/,starglassaluminum.com,Dallas,TX,+1 972-464-6007,"11111 Ables Ln #124, Dallas, TX 75229, United States",4.9,126,Yes,"Residential and commercial window glass installation and repair, storefront glass and curtain-type systems",Both,False,"Glass and aluminum design, fabrication and installation",high,"starglassaluminum.com/residential-glass-installation-repair-dallas-tx/ — 'residential glass services for homes, remodels and repairs, from windows and mirrors to doors'; /storefront-glass-door-installation-dallas-tx/ and /commercial-glass-installation-repair-dallas-tx/",,Door-Only
"Texas Door & Trim, Inc.",http://www.tdt-inc.com/,tdt-inc.com,Dallas,TX,+1 214-342-9393,"11220 Petal St, Dallas, TX 75238, United States",2.8,24,,"Sells Andersen/Parrett/Eagle/Atrium/Velux windows with a full-time window specialist, and offers on-site window installation, staging, screen and tune services",Both,False,"Door, window and custom millwork supplier to builders, contractors and architects",medium,"tdt-inc.com/services/ — 'on-site installation support and expert tuning services. Installation services include staging services, installation training, installation, and screen and tune services for windows'; product line 'entry doors, interior doors, windows, scenic doors ... all types of windows from fibrex to ... aluminum-clad or vinyl-clad'",,Door-Only
The Glass Guy Glass Repair,https://www.theglassguytx.com/,theglassguytx.com,,,+1 682-216-5638,,5.0,179,Yes,"Window and door glass replacement, double-pane/IGU glass, emergency glass repair, solar screens",Residential,False,Residential window and glass replacement/repair,high,"theglassguytx.com/services/ 'Window & Glass Replacement Services in DFW' — 'expert window and door replacement, custom glass installations and repairs ... Double pane glass services'",YES,Door-Only
The Glass Guy Tx,https://www.theglassguytx.com/,theglassguytx.com,,,+1 682-216-5638,,,,Yes,"Window and door glass replacement, double-pane/IGU glass, emergency glass repair, solar screens (same business as ID 415)",Residential,False,Residential window and glass replacement/repair,high,"theglassguytx.com/services/ 'Window & Glass Replacement Services in DFW' — 'expert window and door replacement, custom glass installations and repairs'. Duplicate listing of ID 415 (same domain and phone)",YES,Door-Only
Universal Door Repair,https://universaldoorrepair.co/,universaldoorrepair.co,Dallas,TX,+1 214-529-3594,"4001 N Westmoreland Rd, Dallas, TX 75212, United States",5.0,,Yes,Aluminum & glass storefront repair and glass replacement on commercial buildings,Commercial,False,"Commercial door repair and installation (storefronts, automatic doors)",medium,"universaldoorrepair.co/about/ — 'specializes in repairing aluminum & glass storefronts, automatic doors, steel and wood door and door frames'; services listed include 'glass replacement'. Google review: 'Repaired a store front glass door'",,Door-Only
Vortex Doors,https://www.vortexdoors.com/,vortexdoors.com,Carrollton,TX,+1 214-420-0518,"2210 Hutton Dr #103, Carrollton, TX 75006, United States",5.0,931,Yes,Commercial glass entrance/storefront systems plus window repair and replacement and board-ups/glass replacement,Commercial,False,National commercial and industrial door repair/service company,medium,"vortexdoors.com/commercial-doors-services/entrance-swinging-doors/glass-entrance-doors — 'specialized repair, maintenance, and installation for commercial glass entrance doors and storefront systems. The team also handles window repair and replacement'; service list includes 'Board Ups and Glass Replacement'",,Door-Only
Bluesky Building Supplies LLC,https://www.blueskysupplies.net/,blueskysupplies.net,Dallas,TX,+1 469-451-9521,"11720 Chairman Dr #108, Dallas, TX 75243, United States",4.7,87,Yes,Supplies custom-size windows and doors and provides window installation service,Both,False,Windows and doors building-supply company,medium,"Business listings for Bluesky Building Supplies LLC (11720 Chairman Dr #108, contact@blueskysupplies.net): 'building supply company ... specializing in windows and doors ... custom size windows and doors ... They provide window installation service as part of their offerings'. Google review: 'We ordered 19 windows...'",,Suppliers-Manufacturers
Builders Surplus Yeehaa,https://builderssurplusyeehaa.com/locations/garland/?utm_source=GBP,builderssurplusyeehaa.com,Garland,TX,+1 972-926-0100,"2610 W Miller Rd, Garland, TX 75041, United States",4.9,3776,Yes,Retails new vinyl/stock replacement windows to homeowners and arranges installation through local partners (~$150-400 per window),Residential,False,"Discount building-materials retailer (doors, windows, cabinets, flooring)",low,"builderssurplusyeehaa.com/windows/surplus-windows/surplus-windows-dallas/ and /product-category/windows/stock/ 'Vinyl Windows - Weather Resistant'; 'Installation is available through local partners, which ranges between $150 and $400 per window'. Note: installation is subcontracted, not in-house",,Suppliers-Manufacturers
Solara Custom Living - Showroom,https://solaracustomliving.com/,solaracustomliving.com,Dallas,TX,+1 214-744-9900,"142 Howell St, Dallas, TX 75207, United States",4.7,30,Yes,"Custom steel/iron and thermally broken aluminium windows and doors, made to order and installed for end customers",Both,False,"Custom iron/steel door, window, railing and lighting manufacturer with Dallas Design District showroom",medium,"solaracustomliving.com/custom-doors - 'manufacturer of custom iron doors, windows, railings, and lighting'; services listed include Steel Windows and Iron Windows; 'best lines for European thermally broken steel and aluminum doors and windows'. Google review: 'Aluminum window and doors. Steel doors and windows... They stand behind their work and did all installation in timely manner.' Manufacturer that also installs = YES.",,Suppliers-Manufacturers
The Glass People,https://www.qualityinsulatedglass.com/,qualityinsulatedglass.com,Dallas,TX,+1 972-677-7598,"10762 N Stemmons Fwy, Dallas, TX 75220, United States",4.5,59,Yes,Insulated glass (IGU) and custom glass design and installation for homes and buildings; residential and commercial glass,Both,False,Glass company / insulated glass fabricator and installer (dba Quality Insulated Glass and Service),high,"'residential and commercial glass, insulated glass design and installation, custom glass design and installation' - qualityinsulatedglass.com/insulated-glass; chamberofcommerce.com lists The Glass People under 'window installation service'.",,Suppliers-Manufacturers
XLR8 Industries LLC,https://xlr8ind.com/,xlr8ind.com,Dallas,TX,+1 214-457-2814,"W Kiest Blvd, Dallas, TX 75236, United States",5.0,5,Yes,"Window glass replacement, broken/cracked glass panel repair, sliding glass door repair, commercial glass repair, emergency board-up",Both,False,Glass repair and replacement plus smart privacy film / frameless showers,high,"xlr8industries.com/glass-repair-dallas - 'fast, reliable glass repair and replacement for residential and commercial properties in Dallas, TX. Common services include window glass replacement, sliding glass door repair, broken or cracked glass panels, and commercial glass repair.' Contact e-mail support@xlr8ind.com and phone 214-457-2814 match the listing.",,Suppliers-Manufacturers
Ace Handyman Services Dallas,https://www.acehandymanservices.com/offices/dallas?utm_source=google&utm_medium=gbp,acehandymanservices.com,Dallas,TX,+1 214-831-2509,"8350 N Central Expy Ste 1900, Dallas, TX 75206, United States",4.9,770,Yes,Window replacements and adjustments listed under installation services,Residential,False,Handyman / home repair and installation franchise,medium,"acehandymanservices.com/services/installation - 'expert installation for doors, windows, appliances and more'; installation list includes 'window replacements and adjustments for improved comfort and energy efficiency'.",,General Contractors
Autograph Construction,https://autographconstruction.com/,autographconstruction.com,,,+1 214-210-0202,"Dallas, TX 75372, United States",4.8,145,Yes,"Window installation listed as a service alongside roofing, siding, gutters and patio covers",Both,False,"General and roofing contractor (DFW, 22 years)",high,"Service list on autographconstruction.com / HomeAdvisor profile includes 'Roof Replacement, and Window Installation'; site also offers 'Gutters, Windows, Siding, Patio Covers, and Garages'.",,General Contractors
Azul Home Remodeling,https://azulhomeremodeling.com/,azulhomeremodeling.com,Dallas,TX,+1 214-991-5600,"8117 Preston Rd, Dallas, TX 75225, United States",4.9,110,Yes,Energy-efficient window replacements as part of exterior improvements,Residential,False,"Home remodeling contractor (kitchens, baths, additions)",medium,"azulhomeremodeling.com/services - 'the team tackles exterior improvements such as new entry doors, siding refreshes, and energy-minded window replacements.'",,General Contractors
Blake Construction Blake Construction,http://www.blake-construction.com/contact-us/,blake-construction.com,Dallas,TX,+1 214-563-5035,"100 S Glasgow Dr, Dallas, TX 75214, United States",5.0,5017,Yes,Replacement windows as a listed remodeling service,Residential,False,Custom home builder / full-service remodeler,medium,"blake-construction.com/services - 'full service remodeling services including kitchens, baths, additions, replacement windows and hardie siding.'",,General Contractors
Complete Home Remodel & Renovation,https://www.completehomerr.com/,completehomerr.com,,,+1 469-476-2131,,4.9,14,Yes,"Window installation and window replacement; exterior renovations covering siding, windows and doors",Residential,False,Full-service remodeling and general contracting,high,"completehomerr.com/remodeling-services - 'their services include window installation and window replacement, along with... roofing, siding installation'; 'exterior renovations that include siding, windows, and doors'.",,General Contractors
D & K Contracting,https://dkcontracting.pro/,dkcontracting.pro,Dallas,TX,+1 469-964-3653,"10029 Cayuga Dr, Dallas, TX 75228, United States",5.0,38,Yes,Window replacement listed among services,Both,False,Residential and commercial roofing contractor,high,"dkcontracting.pro/services - services include 'gutter installation, custom metal work, kitchen & bathroom remodels, fence building, window replacement, and pergola polymer covers.'",,General Contractors
DFW Residential P Remodeling,https://dfwresidentialremodeling.com/,dfwresidentialremodeling.com,,,+1 469-359-3851,,5.0,19,Yes,Windows & Doors is a listed service category; installs replacement windows,Residential,False,Residential remodeling and construction,high,"dfwresidentialremodeling.com - 'The company offers Windows & Doors services along with... Kitchens, Bathrooms, Carpentry, House Additions'; 'DFW Residential recently installed windows in homes'. Supported by Google review: 'this pic is the biggest window. They did all the windows in my house!'",,General Contractors
EcoStar Remodeling & Construction,https://ecosremodeling.com/,ecosremodeling.com,Dallas,TX,+1 866-227-1298,"13140 Coit Rd Ste 340, Dallas, TX 75240, United States",4.6,323,Yes,Window installation; 'raise the value and comfort of your home with new windows',Residential,False,Full-service home remodeling and construction,high,"ecosremodeling.com/services - 'a full suite of services, including kitchen remodeling, bathroom remodeling, roofing, landscaping, driveways, window installation, painting and more.'",,General Contractors
Eric's Home Renovations,http://ericshomerenovation.com/,ericshomerenovation.com,,,+1 682-318-4710,,4.9,96,Yes,Door and window replacements,Both,False,Residential and commercial remodeling / general contracting,medium,ericshomerenovation.com/home-improvement-services-in-texas - 'The company offers door and window replacements along with a broader range of services.',,General Contractors
EVOLVE RESTORATION,http://www.evolveconstruction.com/,evolveconstruction.com,,,+1 469-949-4997,,5.0,5,Yes,Windows and doors is one of six remodeling categories in their retail home-improvement division,Both,False,Roofing contractor and storm/insurance restoration,medium,"einpresswire release + evolveconstruction.com - 'Evolve Retail Platform offers homeowners a complete interior and exterior remodeling service across six categories: kitchen remodels, bathroom remodels, roofing and siding, gutters, windows and doors, and pergola and outdoor living installations.'",,General Contractors
Exterior Restoration,https://www.exterior-restoration.co/,exterior-restoration.co,Farmers Branch,TX,+1 214-908-1212,"4201 Spring Valley Rd, Farmers Branch, TX 75244, United States",5.0,24,Yes,Window replacement; 'window & siding' is a headline service,Residential,False,"Exterior restoration contractor (siding, trim, soffit/fascia, painting)",high,"exterior-restoration.co - 'a Dallas exterior restoration company that offers siding, windows, exterior painting, trim, and soffit & fascia services... professional installation, repair, and restoration services for window replacement and siding installation.'",,General Contractors
Frontstar Construction LLC,https://frontstarco.com/,frontstarco.com,,,+1 469-213-6659,,5.0,67,Yes,Window replacements as part of exterior renovation,Residential,False,"Home remodeling and construction (kitchens, baths, roofing, exteriors)",high,"frontstarco.com/roofing-exterior-renovation-farmers-branch-tx - 'they handle a variety of exterior renovations, including siding installation, gutter systems, and window replacements.'",,General Contractors
Groovy House Handyman Services,http://www.groovyhouse.biz/,groovyhouse.biz,,,+1 214-733-2100,,5.0,5,Yes,"Vintage window and door repair, window repair with new trim, and window glass repair on houses (repair-focused rather than full replacement)",Residential,False,Handyman / carpentry and restoration on older homes,medium,"groovyhouse.biz/services.html - 'interior and exterior carpentry, restoration, construction, demolition, painting and repair, as well as vintage window and door repair'; listing also cites 'window repair, new trim, and glass repair without defaulting to full replacement'.",,General Contractors
H&H Remodeling,https://hh-remodeling.com/,hh-remodeling.com,,,+1 214-223-8258,,5.0,11,Yes,Window replacement (argon gas insulated windows); also installs custom solar screens,Both,False,Full-service remodeling and construction contractor,high,"hh-remodeling.com/remodeling-renovation-services-dallas - services include 'HVAC, electrical, plumbing, stucco, siding, bathrooms and kitchen remodels, brick work, drain systems, and window replacements'; separate page hh-remodeling.com/window-solar-screens-installation-dallas.",,General Contractors
Honest Abe's Construction,https://www.hacdfw.com/,hacdfw.com,Dallas,TX,+1 469-765-3311,"13727 Noel Rd #200, Dallas, TX 75240, United States",5.0,100,Yes,Window replacement in the greater Dallas area,Both,False,"Siding, fencing and roofing contractor (James Hardie installer)",high,"hacdfw.com - 'Windows: At Honest Abe's Construction, they provide expert window replacement in the greater Dallas area', alongside siding and asphalt shingle roofing.",,General Contractors
JCM Construction And Design,http://jcmconstruction.andersenwindowscertifiedcontractors.com/,jcmconstruction.andersenwindowscertifiedcontractors.com,Dallas,TX,+1 214-223-9151,"17250 Dallas Pkwy, Dallas, TX 75248, United States",5.0,507,Yes,"Window installation and replacement, plus service and repair of windows - Andersen certified contractor",Both,False,General contracting specialising in window and door installation,high,"Business listing for JCM Construction and Design, 17250 Dallas Pkwy, (214) 223-9151: 'The company specializes in General Contracting, Windows Installation, and Door Sales/Installation... they service and repair any door or window, especially Andersen windows and doors.' Site is hosted on Andersen's certified-contractor platform.",,General Contractors
Juno Construction,https://junoroof.com/,junoroof.com,,,+1 214-937-0333,,4.9,33,Yes,Window installation and window replacement,Both,False,"Commercial construction, roofing and fencing plus residential remodeling",high,"junoroof.com - 'they provide attic restoration, roof repair, roof replacement, siding installation, window installation, window replacement, and remodeling services.'",,General Contractors
MAGENTA Construction & Remodeling,https://magentabuilders.com/,magentabuilders.com,Dallas,TX,+1 469-616-1110,"3385 Townsend Dr, Dallas, TX 75229, United States",5.0,20,Yes,Window installation listed among services,Both,False,Residential and commercial general contracting and remodeling,high,"magentabuilders.com/general-contractor - services include 'full home remodeling, kitchen remodeling, bathroom remodeling, window installation, framing, interior and exterior painting... roofing, and pools.'",,General Contractors
MCO Remodeling,http://www.mcoremodeling.com/,mcoremodeling.com,Dallas,TX,,"10636 Wessex Dr, Dallas, TX 75217, United States",4.8,34,Yes,Window installation listed among services,Both,False,Design-build residential and commercial remodeling firm,medium,"Houzz profile for MCO Home Remodel (Dallas) - service list includes 'house framing, wood floor installation, window installation, shower installation, concrete construction, siding installation, exterior door installation'; mcoremodeling.com describes a full-service design and build firm.",,General Contractors
ON Group Remodeling & Construction,https://ongroupconstructions.com/,ongroupconstructions.com,Dallas,TX,+1 469-324-2888,"2727 Lyndon B Johnson Fwy #568, Dallas, TX 75234, United States",5.0,111,Yes,New window installation and window/door replacement - dedicated service page,Both,False,Remodeling and construction general contractor,high,"ongroupconstructions.com/window-installation - 'offers new windows installation services for homeowners and business, whether you're looking to replace old, outdated windows or upgrade to more energy-efficient models.'",,General Contractors
Propertifix Handyman & Renovation Services,https://propertifix.com/,propertifix.com,,,+1 214-210-1111,,4.8,206,Yes,"Door and window repairs, window restoration (arched window repair/refinishing) and window/door water-damage reconstruction; full window replacement not confirmed",Both,False,"Handyman, property maintenance and renovation contractor",low,"propertifix.com - service list includes 'door and window repairs'; showcases 'a complex window and door water damage repair project in DeSoto, TX' and 'a window restoration project involving meticulous repair and refinishing of an arched window'. Window work on buildings is confirmed; replacement/installation is not explicitly advertised, hence low confidence.",,General Contractors
RainTight General Contracting,http://www.raintight.net/,raintight.net,Dallas,TX,+1 214-693-6196,"9903 Carnegie Dr, Dallas, TX 75228, United States",4.8,20,Yes,Window installation; windows are a headline service alongside roofing and gutters,Residential,False,Storm/hail damage restoration general contractor and roofer,high,"raintight.net/our-service - 'specializes in General Contracting, Hail Damage Restoration, Roofing, Painting, Windows, and Gutters. Additional services include chimney repair, window installation, roof cleaning, patio enclosures, skylights, window screens.' Google review: 'They replaced roof, vents, gutters, windows, and fence staining.'",,General Contractors
RJW Construction,https://rjw-construction.com/,rjw-construction.com,Dallas,TX,+1 214-494-0351,"13601 Preston Rd Ste W505, Dallas, TX 75240, United States",4.8,22,Yes,"Windows listed as a service line alongside roofing, fencing and gutters",Residential,False,Roofing and remodeling contractor working insurance/storm claims,medium,"rjw-construction.com - 'Their comprehensive service portfolio includes roofing, fences, gutters, remodels, and expert assistance with insurance claims. They also offer fencing, gutters, interior, roofing, and windows services.'",,General Contractors
"Royal Renovations, Contractors",http://www.royal-renovations.com/,royal-renovations.com,Dallas,TX,+1 888-899-3368,"1111 W Mockingbird Ln Ste 1360, Dallas, TX 75247, United States",4.8,101,,"Windows listed among residential services (painting, siding, roofing, gutters, windows, additions)",Both,False,"General contracting for remodeling and storm restoration, residential and commercial",high,"royal-renovations.com - 'Their residential services include painting, siding, roofing, gutters, windows, additions, cabinetry, countertops, and more.'",,General Contractors
Scott Exteriors,https://www.scottexteriors.com/,scottexteriors.com,Dallas,TX,+1 214-503-7663,"10561 New Church Rd, Dallas, TX 75238, United States",4.4,95,Yes,Replacement windows and window installation,Both,False,"Exterior contractor - roofing, windows and siding",high,"scottexteriors.com - 'Scott Exteriors: Roofing, Siding & Windows for DFW'; 'Specializing in roofing, replacement windows, and vinyl or James Hardie siding'. Houzz lists them under 'Window Sales and Installation'.",,General Contractors
Tricityrenovation,http://tricityrenovation.com/,tricityrenovation.com,,,+1 214-244-2901,,5.0,2,Yes,Doors & windows listed as a service,Residential,False,Full-service remodeling contractor (in business since 1993),medium,"tricityrenovation.com/services.html - 'flooring installation & repair, ceramic tile, granite countertops, cabinet installation, appliance installation, room additions, swimming pool repair, plumbing & electrical, doors & windows, decks, patios, patio covers, decorative stone & brick, masonry.'",,General Contractors
TrueSafe Renovations,http://www.truesaferenovations.com/,truesaferenovations.com,Dallas,TX,+1 972-330-3906,"10925 Estate Ln Ste 214, Dallas, TX 75238, United States",5.0,53,Yes,Window replacement - installs Ply Gem windows and doors,Residential,False,Roofing contractor and exterior renovator (GAF certified),high,"truesaferenovations.com - 'TrueSafe Renovations specializes in residential roof replacements, roof repairs, siding, windows, solar solutions, and flat roofing systems'; 'TrueSafe offers superior Ply Gem windows and doors'.",,General Contractors
Unique Home Construction,http://www.uniquehomebuild.com/?utm_source=gbp,uniquehomebuild.com,,,+1 214-533-0716,,4.4,15,Yes,"Carpenters install windows, doors and trim (documented on their garage/carport addition work); windows are not a standalone advertised service",Both,False,"Full-service home construction, remodeling and restoration since 1996",low,"uniquehomebuild.com/garages-carports-additions - 'In their garage and carport construction projects, their skilled carpenters install windows, doors and trim.' CAVEAT: the BBB profile for Unique Home Construction states the company 'is no longer in business', although the website and recent Google reviews suggest it is still trading - worth confirming before contacting.",,General Contractors
Urban Pioneer Construction & Remodeling,https://urbanpioneerconstruction.org/,urbanpioneerconstruction.org,,,+1 214-682-4564,,5.0,,Yes,"Window installation, window repair and replacement; doors and windows work",Residential,False,Architectural design-led general contractor and remodeler (since 1983),medium,"urbanpioneerconstruction.org - 'Urban Pioneer Construction offers window installation services, and according to their service listings, they also provide window repair and replacement services... their expertise includes doors and windows work', alongside roofing, concrete, flooring and siding.",,General Contractors
Valencia Remodeling and Construction,http://www.valenciaremodeling.com/,valenciaremodeling.com,Dallas,TX,+1 469-656-5402,"8204 Elmbrook Dr #205, Dallas, TX 75247, United States",4.9,35,Yes,"Energy-efficient Low-E window sales and installation, plus glass replacements",Both,False,Residential and commercial remodeling and general contracting,high,"valenciaremodeling.com/services - 'Energy-efficient window sales & installation, glass replacements, patio door installation, storm door removal & installation... weather sealing & caulking'; 'energy-efficient Low-E windows and doors installation'.",,General Contractors
921 Roof,https://www.921roof.com/,921roof.com,,,+1 972-921-7663,,5.0,18,Yes,Window replacements as part of their exteriors division,Both,False,Residential and commercial roofing contractor,high,"921roof.com/exteriors - page titled 'Gutters, Siding & Windows - DFW, TX'; '921 Roof & Exteriors provides a range of exterior solutions, including window replacements, gutter installations, and siding repairs.'",,Other-Misc
Alair Homes,https://www.alairhomes.com/dfw218/,alairhomes.com,Dallas,TX,+1 214-495-7200,"25 Highland Park Village Ste 100-294, Dallas, TX 75205, United States",4.4,15,Yes,Window installation listed among their services,Residential,False,Custom home building and whole-home renovation (design-build),medium,"Alair Homes Dallas service list (Houzz profile / alairhomes.com/dfw) - 'home remodeling, bathroom remodeling, kitchen remodeling, general contracting, home additions, custom homes, new home construction, home extensions, basement remodeling, window installation, roof replacement'. Two searches; the second confirmed window installation is listed.",,Other-Misc
Ark Depot,http://www.arkdepot.com/,arkdepot.com,Dallas,TX,+1 469-372-2738,"10649 Shady Trail, Dallas, TX 75220, United States",4.9,322,Yes,"Sells and installs windows for residential and commercial customers (alongside flooring, cabinets and countertops)",Both,False,"Building materials retailer (doors, flooring, cabinets, hardware) with installation services",medium,"arkdepot.com/pages/about - 'They provide installation services for flooring, cabinets, countertops, and windows, catering to both residential and commercial clients.' Retail/direct-to-consumer dealer that also installs = YES.",,Other-Misc
Burglar Bars in Dallas,https://www.burglarbarsindallas.com/,burglarbarsindallas.com,Dallas,TX,+1 214-340-0078,"9310 Forest Ln #206, Dallas, TX 75243, United States",4.5,4,Yes,"Replacement windows (incl. vinyl replacement windows) sold and installed, alongside burglar bars and security doors",Residential,False,"Custom security doors, burglar bars and replacement windows (trading as AAA Custom Windows, since 1981)",high,"burglarbarsindallas.com / aaacustomwindows.com - 'Dallas-Fort Worth's premier custom security doors, steel storm doors, burglar bars & replacement windows provider since 1981'; customsecuritydoorsandwindows.com/windows/replacement-windows/vinyl. Holds a City of Dallas Home Repair License.",,Other-Misc
CUSTOM SECURITY DOORS / AAA CUSTOM WINDOWS,https://customsecuritydoorsandwindows.com/,customsecuritydoorsandwindows.com,Dallas,TX,+1 214-340-0078,"9310 Forest Ln #206, Dallas, TX 75243, United States",4.7,18,Yes,"Vinyl and aluminum replacement windows and storm windows, single/double hung, professional installation since 1981",Residential,False,Replacement windows and custom security doors / burglar bars,high,"customsecuritydoorsandwindows.com/windows/replacement-windows/vinyl — page title 'Replacement Windows Dallas - Vinyl, Aluminum & Storm Windows'; services list 'Security Storm Doors, Replacement Windows, Burglar Bars in Dallas'",,Other-Misc
Durasteel Tech,http://durasteeltech.com/,durasteeltech.com,Garland,TX,+1 972-737-2277,"3830 Dividend Dr, Garland, TX 75042, United States",5.0,2,No,"Custom thermally broken steel windows (and doors/facades), residential and commercial, fabricated and supplied with high-performance glass",Both,False,Custom steel window and door fabrication (Luxe Steel Windows & Doors),medium,"durasteeltech.com/our-services/windows/ — 'custom thermally broken steel doors, windows and facades'; 'offers commercial and residential services'; 'over 30 years of combined experience in window and door fabrication'",,Other-Misc
Elite Shower of Dallas,https://eliteshowersofdallastx.com/,eliteshowersofdallastx.com,,,+1 214-725-0079,,2.7,7,Yes,Glass company: alongside shower enclosures they list storefronts and windows for residential and commercial use,Both,False,Frameless shower enclosures and architectural glass,medium,"eliteshowersofdallastx.com: 'top of the line quality glass products for residential and commercial use, with services including frameless & framed shower enclosures, mirrors, storefronts, herculite doors, windows & more'",,Other-Misc
Finesstra,http://www.finesstra.com/contact-us/,finesstra.com,Dallas,TX,+1 469-744-0070,"13723 Gamma Rd, Dallas, TX 75244, United States",5.0,4426,Yes,"Custom European-style minimal-frame steel windows: bifold windows, custom windows, double glazing, window installation, window replacement, skylight installation",Both,False,Steel windows and doors manufacturer/installer,high,"Houzz profile category 'window-sales-and-installation/finesstra' lists services 'Bifold Windows, Custom Windows, Double Glazing, Skylight Installation, Window Installation, Window Replacement, Window Sales'; finesstra.com — 'minimal frame European steel windows and doors for your home'",,Other-Misc
Freedom Iron Doors,https://www.freedomirondoors.com/,freedomirondoors.com,Carrollton,TX,+1 972-445-3667,"1500 I-35E Frontage Rd Ste 110, Carrollton, TX 75006, United States",4.6,64,Yes,Steel/iron windows alongside custom iron doors; sells and installs,Residential,False,Custom wrought iron and steel doors,medium,"Houzz services list for Freedom Iron Doors includes 'Bifold Doors, Custom Exterior Doors... Sliding Door Installation, and Windows'; company description: 'hand forged wrought iron doors, access gates, and wine cellar doors to sliders and steel windows'",,Other-Misc
Fresh Start,http://www.thedamage.repair/,thedamage.repair,,,+1 214-563-5040,,4.8,20,Yes,Insurance restoration rebuild work including window replacement after fire/water/storm damage,Residential,False,Fire and water damage restoration with full rebuild/remodel,medium,"thedamage.repair (Fresh Start Restoration): 'fire and water damage restoration, construction and remodeling, roofing... The company manages cleanup and can have windows, siding, and roofs replaced'",,Other-Misc
Future Design & Build TX,https://futuredesignbuildtx.com/,futuredesignbuildtx.com,Dallas,TX,+1 469-688-5466,"12700 Hillcrest Rd, Dallas, TX 75230, United States",5.0,40,Yes,Windows & energy upgrades listed under exterior remodeling; 'windows & doors' listed among services,Residential,False,Design-build home remodeling contractor,medium,"futuredesignbuildtx.com services: 'exterior remodeling services include stucco & siding, roofing, windows & energy upgrades, decks, patios & pergolas...'; 'Additional services include windows & doors, countertops & cabinets, flooring'",,Other-Misc
Highline Building Supplies | Windows | Doors | Flooring | Roofing | Kitchen | Builders Source | Commercial Doors | Trims,https://www.highlinesupplies.com/?utm_source=google&utm_medium=gbp&utm_campaign=business_profile,highlinesupplies.com,Garland,TX,+1 214-718-0488,"4002 W Miller Rd STE# 100 & 120, Garland, TX 75041, United States",4.9,863,Yes,"Supplies and installs windows (interior/exterior commercial doors and windows) for builders, contractors and homeowners",Both,False,"Building materials dealer with installation crews (windows, doors, flooring, roofing)",high,"highlinesupplies.com: 'They specialize in roofing, windows, and flooring supply and installation'; 'supplier of interior and exterior commercial doors, windows, carpets... They support builders, contractors, and homeowners across Texas'. Google review: 'last minute NEEDED windows... Highline deliver'",,Other-Misc
Home Craftman,http://www.homecraftsman.net/,homecraftsman.net,Dallas,TX,+1 214-239-0585,"2150 French Settlement Rd, Dallas, TX 75212, United States",4.0,4510,No,Vinyl replacement windows and doors — energy-efficient replacement window products for Dallas homes,Residential,False,Replacement window and door company (manufacturer/dealer),low,"homecraftsman.net: company 'is dedicated to the home improvement business, particularly focused on replacement window and door business'; Yelp lists it as 'Home Craftsman Windows, 3706 La Reunion Pkwy' and Birdeye categorises it 'Home Craftman — Windows Installation in Dallas, TX'. CAVEAT: their own copy says products are 'marketed by the company directly to Replacement Window and Door Specialists, Remodeling Companies, Home Improvement Dealers and Custom Home Builders', which reads B2B; homeowner-facing reviews exist (Houzz thread 'Vinyl Replacement Windows - Home Craftsman Windows Dallas, TX') but I did not find explicit direct-to-consumer installation copy. Low confidence.",,Other-Misc
Innovations Touch,https://www.innovationstouch.com/,innovationstouch.com,Dallas,TX,+1 214-434-6320,"11005 Indian Trail Ste 111, Dallas, TX 75229, United States",4.8,66,Yes,"Windows listed among general contracting services alongside roofing and siding, for residential, commercial and hospitality projects",Both,False,"General contractor / remodeler (residential, commercial, hospitality)",medium,"Business categories for Innovations Touch LLC: 'bathroom remodeling, commercial remodeling, custom cabinets, kitchen remodeling, windows, roofing, general contracting, siding'; second search confirmed 'services in remodeling, roofing, general contracting, siding, bathroom remodels, windows, kitchen remodels'",,Other-Misc
Jon Wright Industries,https://www.jonwrightroofing.com/,jonwrightroofing.com,,,+1 972-251-1818,,4.7,38,Yes,Energy-efficient replacement windows; added windows to their service lines in 1995,Both,False,"Roofing, siding and window contractor",high,"'Jon Wright Industries is a roofing contractor offering roofing, window, siding, and solar panel services... a family owned roofing, siding and window contractor serving the Irving, Dallas and Ft. Worth area'; RESNET certification cited for 'energy efficient replacement windows'",,Other-Misc
Landmark Building Co.,https://www.landmarkbuildingco.com/,landmarkbuildingco.com,Dallas,TX,+1 214-727-0201,"13590 Floyd Cir Ste 110, Dallas, TX 75243, United States",5.0,23,Yes,Sells and professionally installs windows (aluminum fixed windows and others) alongside sliding/bifold/iron doors,Both,False,"Premium doors, windows and glass garage doors supplier/installer; also remodeling",medium,"landmarkbuildingco.com — homepage title 'Premium Doors & Windows Dallas'; category page landmarkbuildingco.com/categories/windows/aluminum-fixed-window; 'offers premium aluminum sliding doors, bifold doors, iron entry doors, windows & glass garage doors in Dallas-Fort Worth... They offer professional installation'",,Other-Misc
Lone Star Home Pro,https://lonestarhomepro.com/,lonestarhomepro.com,,,+1 214-417-6390,,4.8,22,Yes,Window installation and replacement services for energy efficiency and curb appeal,Residential,False,Home remodeling with window and door installation,high,"lonestarhomepro.com/services/window-installation/ — page title 'Window Installation & Replacement Services Dallas, Allen, Plano'; homepage title 'Window & Door Installation, Replacement Services Dallas, Allen...'",,Other-Misc
Lone Star Iron Doors,http://www.lonestarirondoors.com/,lonestarirondoors.com,Garland,TX,+1 214-774-4455,"3830 Dividend Dr, Garland, TX 75042, United States",5.0,12,Yes,"Manufactures and sells custom iron/steel windows (as well as doors) direct to consumers, with installation",Both,False,Custom iron and steel door and window manufacturer/retailer,medium,"lonestarirondoors.com: 'a direct manufacturer of the national standard in iron doors & windows... specializes in selling retail and wholesale iron/steel doors and windows... works with distributors, architects, designers, engineers, and consumers'; Houzz category 'door-sales-and-installation'; Google review: 'Lonestar installed a beautiful, custom iron door for us'",,Other-Misc
MBC Services LLC,https://mbcservllc.com/,mbcservllc.com,Mesquite,TX,+1 469-372-5588,"3040 E Meadows Blvd, Mesquite, TX 75150, United States",5.0,23,Yes,Window and door replacement listed in their commercial construction/remodeling scope of work,Commercial,False,"Commercial construction, remodeling and restoration contractor",medium,"mbcservllc.com/services/commercial-construction-remodeling/: 'MBC Services project manages through all phases of construction, from demolition, framing, plumbing, HVAC, electrical, concrete, painting, spray texture, window and door replacement, fencing, foundation repair, and more'",,Other-Misc
Mr Quick Fix,https://www.mrquickfix.net/,mrquickfix.net,,,+1 214-734-6293,,3.5,21,Yes,"Doors & windows service line: glass pane replacement (single and double), window sash or frame repair, full replacement of frames or glass, seal-failure/condensation fixes",Residential,False,"Handyman / home repair (carpentry, plumbing, electrical)",medium,"mrquickfix.net/services/doors-windows-services/ — 'expert repair and installation services for interior and exterior doors and windows, from fixing sticking hinges and broken locks to full replacement of frames or glass'",,Other-Misc
Oak Cliff Building Materials,https://www.facebook.com/ocbm1040,facebook.com,Dallas,TX,+1 972-413-8453,"1040 S Beckley Ave, Dallas, TX 75203, United States",4.6,268,Yes,Stocks windows and provides framing and installation services including window and door installations,Both,False,"Building materials supplier to contractors, builders and homeowners",medium,"Oak Cliff Building Materials services page: 'Their extensive inventory includes lumber, sheathing, roofing products, windows, and more. They also provide professional framing and installation services, including window and door installations'; sells 'to contractors, builders and homeowners'",YES,Other-Misc
Ramirez Iron Doors,https://ramirezironworkstx.com/?utm_campaign=gmb,ramirezironworkstx.com,Dallas,TX,+1 972-670-4558,"8160 Moberly Ln #103, Dallas, TX 75227, United States",4.6,52,Yes,Fabricates and installs custom iron windows and decorative windows alongside iron doors,Residential,False,"Custom iron doors, windows, staircases and railings",medium,"ramirezironworkstx.com/services/: 'specializes in custom iron doors, windows, staircases & railings, and can make matching garage doors and decorative windows'; Google review describes them fabricating and installing a very large sliding door",,Other-Misc
Ross Revival,https://rossrevival.com/,rossrevival.com,Dallas,TX,+1 469-212-0722,"9007 San Benito Way, Dallas, TX 75218, United States",,,Yes,"Historic wooden sash window restoration and repair: cosmetic to full sash restoration, reglazing windows, over-window flashing, custom-fabricated storm windows",Residential,False,Historic window restoration (formerly trading as Historic Window Restoration),high,"rossrevival.com — homepage title 'Historic Window Restoration Dallas'; 'specialize in the restoration and repair of pre-1940s wooden sash windows, complemented by custom-fabricated storm windows'; services include 'custom storm window fabrication, cosmetic to full sash restoration, reglazing windows'",,Other-Misc
Skylinq Home,https://www.skylinqhome.com/,skylinqhome.com,,,+1 945-352-2008,,5.0,32,Yes,"Windows listed as one of the home upgrade lines they design, permit and oversee installation for",Residential,False,"Home energy/infrastructure upgrade platform (solar, roofing, HVAC, windows)",medium,"skylinqhome.com/about-us: 'Skylinq Home offers Roofing, EV charging, HVAC, windows, security systems, water filtration, and energy-efficiency solutions'; they 'handle design, vendor selection, financing pathways, permitting, installation oversight'. Note: they vet/manage installers rather than self-perform",,Other-Misc
Statewide Energy Solutions,https://statewideenergysolutions.com/about-us/,statewideenergysolutions.com,Dallas,TX,+1 800-339-4326,"11520 N Central Expy, Dallas, TX 75243, United States",,,No,"Energy-efficient replacement windows, locally manufactured and installed; lifetime transferable warranty including glass breakage and labor",Residential,False,Replacement window manufacturer and exterior remodeler (also doors and James Hardie siding),high,"statewideenergysolutions.com — homepage title 'Statewide Energy Solutions: Window Replacement in Dallas, TX'; 'specializes in energy-efficient replacement windows... They manufacture high-quality, cost-efficient windows right here locally in Dallas, TX'. Note: they state they do not repair windows or replace glass, only full replacement",YES,Other-Misc
SunRoom Season,https://sunroomseason.com/,sunroomseason.com,Garland,TX,+1 469-497-7171,"3903 Cavalier Dr Ste B, Garland, TX 75042, United States",5.0,48,Yes,Custom energy-efficient windows and sliding doors installed as part of sunrooms and patio enclosures,Residential,False,Sunroom and patio enclosure contractor,high,"sunroomseason.com/services/: 'designs, sells, and installs custom sunrooms, patio enclosures, sliding doors, pergolas, and energy-efficient windows and doors'; services list includes 'customized sliding doors, custom windows'",,Other-Misc
"Sunshine Sunrooms, Inc.",https://sunshinesunrooms.com/?utm_source=googlebusinessprofile&utm_medium=organic&utm_campaign=Google+Business+Profile,sunshinesunrooms.com,Dallas,TX,+1 972-243-5390,"2410 Glenda Ln #4511, Dallas, TX 75229, United States",3.4,14,,"Window installation/replacement; sunrooms with multiple window options and sliding-window systems; repairs for fogged glass, glass replacement and hail-damaged windows",Residential,False,"Sunroom design and installation (since 1993, ~5,000 installations)",high,"sunshinesunrooms.com/sliding-window-sunrooms/ and /sunroom-repairs/: 'Additional services include Window Installation/Replacement, and they offer repair services for leaks, glass replacement, fogged glass, hail damage, structural damage, doors, windows'",,Other-Misc
"Surplus Building Materials (SBMTX) | Home Improvement, Doors, Kitchens, Floors, & Installation Experts in Texas",https://sbmtx.com/,sbmtx.com,Farmers Branch,TX,+1 972-241-4444,"3404 Belt Line Rd, Farmers Branch, TX 75234, United States",4.3,483,Yes,"Carries windows in a 150,000 sq ft showroom/warehouse and offers window replacement service alongside door, flooring and cabinet installation",Residential,False,Home improvement / building materials retailer with in-house installation services,medium,"sbmtx.com/pages/installation ('Expert Installation Services') and about-us: '150,000 square foot warehouse ... flooring, granite countertops, doors, windows, cabinets...'; second search returned 'The store offers window replacement service and carries and installs...'. Windows are less prominent than doors/kitchens in their marketing, hence medium confidence",,Other-Misc
Texas Quick Construction,http://www.txquickconstruction.com/,txquickconstruction.com,,,+1 469-817-9329,,4.7,19,Yes,Energy-efficient window installation — dedicated Dallas window installation service page,Residential,False,"Exterior contractor: roofing, siding, windows, fences, patio covers, painting",high,"txquickconstruction.com/dallas-window-installation/ — page title 'Energy-Efficient Window Installation Experts in Dallas, TX'; 'specializes in roofing and exterior services across North Texas, including siding, windows, fences, patio covers, and painting'",,Other-Misc
Together Design & Build,https://togetherdesignbuild.com/,togetherdesignbuild.com,Dallas,TX,+1 833-573-6353,"325 North St. Paul Street Ste 3100, Dallas, TX 75201, United States",5.0,35,Yes,Window and door replacement offered as part of their exterior remodeling services,Residential,False,Design-build general contractor / home remodeler (Dallas and Austin),medium,"togetherdesignbuild.com/remodeling/: 'Regarding windows specifically, they offer window and door replacement services as part of their exterior remodeling offerings'; also does 'commercial remodeling, home extensions, garage conversions, ADUs... exterior remodeling projects'",,Other-Misc
Vertex Roofers and General Contractors,https://vertexroofers.com/,vertexroofers.com,Dallas,TX,+1 214-206-5123,"2550 Pacific Ave Ste 844, Dallas, TX 75226, United States",4.8,77,Yes,Window replacement listed among their general contracting/storm restoration services,Both,False,Residential and commercial roofing / storm restoration general contractor,medium,"vertexroofers.com and directory listings: 'The company provides Fence Installation, Landscaping Materials, Roofing, and Window Replacement, along with other general contracting services'; 'specializing in storm restoration, roofing, and general contracting'",,Other-Misc
WOW SOLUTION 360,http://wowsolution360.com/,wowsolution360.com,Dallas,TX,+1 972-679-8245,"2745 Irving Blvd, Dallas, TX 75207, United States",5.0,2,Yes,"Installation of glass and windows for houses and businesses; window installation, glass door installation/replacement; also does auto glass",Both,True,"Glass and window installation (residential, commercial and automotive)",medium,"wowsolution360.com: 'specializes in the installation of glass and windows for houses, businesses, shower doors, among others'; 'design and installation of residential, business, auto glass and windows'; service list includes 'window installation, glass door installation, glass shower enclosure installation' alongside 'auto window repair, auto windshield replacement'",,Other-Misc
