company_name,website,domain,phone,address,person_name,role,role_tier,email,email_type,company_mailbox,source_page,context,status
1st Capital Certified Roofing,https://roofingcompanyaustin.com/,roofingcompanyaustin.com,+1 512-358-1300,,,,,ben@1stcapitalcertified.com,unattributed,ben@1stcapitalcertified.com,https://roofingcompanyaustin.com/,,found
921 Roof,https://www.921roof.com/,921roof.com,+1 972-921-7663,,,,,info@921roof.com,generic mailbox,info@921roof.com,https://www.921roof.com/,,found
A & D Window Cleaning & Window Repair,https://aanddwindows.com/,aanddwindows.com,+1 512-918-2676,"1017 Ranch Rd 620 S #210, Lakeway, TX 78734, United States",,,,cs@aanddwindows.com,unattributed,cs@aanddwindows.com,https://aanddwindows.com/,,found
A.M Windows And Doors,https://amwindowsandoors.com/,amwindowsandoors.com,+1 561-639-9752,"10749 Cleary Blvd, Plantation, FL 33324, United States",,,,sales@amwindowsandoors.com,generic mailbox,sales@amwindowsandoors.com,https://amwindowsandoors.com/,"Request a Quote Today Reach Us Location: 10749 Cleary Boulevard, Plantation Fl, 33324 Email: sales@amwindowsandoors.com Phone: +1-561-639-9752 First Name Email Name Message Send Message The form has b",found
ABA Sliding Glass Repairs,http://fortlauderdaleslidingdoors.com/,fortlauderdaleslidingdoors.com,+1 754-285-5380,"1900 E Sunrise Blvd, Fort Lauderdale, FL 33304, United States",,,,info@fortlauderdaleslidingdoors.com,generic mailbox,info@fortlauderdaleslidingdoors.com,https://www.fortlauderdaleslidingdoors.com/,Email Us Email Us,found
ACP Construction & ECO-Energy Inc.,https://acpconstructioninc.com/,acpconstructioninc.com,+1 561-232-2560,"6555 Powerline Rd #208, Fort Lauderdale, FL 33309, United States",,,,info@acpconstructioninc.com,generic mailbox,info@acpconstructioninc.com,https://acpconstructioninc.com/,"info@acpconstructioninc.com info@acpconstructioninc.com 6555 Powerline Rd #208 Fort Lauderdale, FL 33309 561.232.2560 info@acpconstructioninc.com Working Hours Visit us at our HQ for a mean cup of cof",found
AJ Window Solutions LLC,https://ajwindowsolutions.com/,ajwindowsolutions.com,+1 972-207-1560,"11419 Mathis Ave Ste 211, Farmers Branch, TX 75234, United States",,,,"11419 mathis ave suite 211 farmers branch, tx 75234",unattributed,"11419 mathis ave suite 211 farmers branch, tx 75234",https://ajwindowsolutions.com/,"11419 Mathis Ave Suite 211 Farmers Branch, TX 75234 Call Us for a Quote (972) 207-1560 | 11419 Mathis Ave Suite 211 Farmers Branch, TX 75234",found
AM Gutter Services,https://www.amgutterservices.com/,amgutterservices.com,+1 214-980-4366,"5641 SMU Boulevard #106, Dallas, TX 75206, United States",,,,info@amgutterservices.com,generic mailbox,info@amgutterservices.com,https://amgutterservices.com/,"info@amgutterservices.com Email us info@amgutterservices.com 5641 SMU Blvd #105 DALLAS, TEXAS 75206 ANY QUESTION AT (214) 980-4366 Email us info@amgutterservices.com Information Testimonials Get a Quo",found
AMC Windows & Screens,http://amcwindows.com/,amcwindows.com,+1 954-584-7171,"3608 W Broward Blvd, Fort Lauderdale, FL 33312, United States",,,,amcwindows1@gmail.com,unattributed,amcwindows1@gmail.com,https://www.amcwindows.com/,amcwindows1@gmail.com amcwindows1@gmail.com best price. PROFESSIONALLY QUALIFIED All of our contracts are licensed and Insured and have the most recent certifications. CALL US Shop Number : 954-584-71,found
APEX Building Supply | windows | Doors | Flooring | Trims,https://apex-buildingsupply.com/,apex-buildingsupply.com,+1 512-877-4591,"2310 Donley Dr Ste D, Austin, TX 78758, United States",,,,nadmin@apex-buildingsupply.com,unattributed,nadmin@apex-buildingsupply.com,https://apex-buildingsupply.com/,,found
AWE Build,https://www.mywindowexpert.com/,mywindowexpert.com,+1 512-755-5582,,,,,hello@theawebuild.com,generic mailbox,hello@theawebuild.com,https://theawebuild.com/,hello@theawebuild.com hello@theawebuild.com oms and bathrooms. Services Window Replacement Door Replacement Siding Installation Patio Covers & Sunrooms Bathroom Remodels Company Our Story Our Process ,found
AZ Valley Windows LLC,https://azvalleywindows.com/,azvalleywindows.com,+1 623-516-7800,"2501 W Behrend Dr Suite B-21, Phoenix, AZ 85027, United States",,,,azvalleywindows01@gmail.com,unattributed,azvalleywindows01@gmail.com,https://azvalleywindows.com/careers/,here or email us your resume here .,found
Accolade Windows & Doors Replacement,http://www.accoladewindows.com/,accoladewindows.com,+1 512-288-8354,"9705 Research Blvd Ste C2, Austin, TX 78759, United States",,,,sales@accoladewindows.com,generic mailbox,sales@accoladewindows.com,https://accoladewindows.com/,sales@accoladewindows.com +1 512-288-8354 sales@accoladewindows.com sales@accoladewindows.com sales@accoladewindows.com +1 512-288-8354 sales@accoladewindows.com Windows Aluminum Windows Vinyl Windows,found
Ace Discount Glass & Door,https://www.quickglassservice.com/,quickglassservice.com,+1 512-345-3105,"6308 Spicewood Springs Rd, Austin, TX 78759, United States",,,,acediscountglass@gmail.com,unattributed,acediscountglass@gmail.com,https://www.quickglassservice.com/about-us-glass-repair/,acediscountglass@gmail.com Call 512-345-3105 now for 24/7 emergency assistance or email us at acediscountglass@gmail.com for more information — Call us today for a quick quote! ctly and we handle the ,found
Advanced Glass Industries,http://advancedglassind.com/,advancedglassind.com,+1 954-588-1858,"4750 N Dixie Hwy #7, Fort Lauderdale, FL 33334, United States",,,,advancedindustries18@gmail.com,unattributed,advancedindustries18@gmail.com,https://advancedglassind.com/,"advancedindustries18@gmail.com advancedindustries18@gmail.com your vision to life. Request a consultation Call 954-530-9296 By appointment only Advanced Glass Industries Only the best, nothing less. 4",found
Advanced Windows Doors and More,https://advancedwindowsdoorsandmore.com/,advancedwindowsdoorsandmore.com,+1 469-678-0401,,,,,marny@advwnd.com,unattributed,marny@advwnd.com,https://advancedwindowsdoorsandmore.com/,marny@advwnd.com stimate Home About Gallery Reviews Services Menu Toggle Windows Doors Siding (469) 678-0401 marny@advwnd.com Quick Links Home About Us Gallery Contact Us Services Windows Doors Siding,found
Affordable Impact Windows Fort Lauderdale,https://www.affordableimpactwindowsfl.com/,affordableimpactwindowsfl.com,+1 954-564-7375,"900 NE 3rd Ave, Fort Lauderdale, FL 33304, United States",,,,info@builders-bargain.com,generic mailbox,info@builders-bargain.com,https://www.affordableimpactwindowsfl.com/,info@builders-bargain.com info@builders-bargain.com Quick Link HOME AFFORDABLE IMPACT WINDOWS Affordable Impact Doors CONTACT Contact Information Phone: 954-564-7375 Email: info@builders-bargain.com A,found
Alamo Glass,https://www.alamoaustin.com/,alamoaustin.com,+1 512-452-5731,"7123 N Lamar Blvd, Austin, TX 78752, United States",Info Alamo,,,info.alamo@yahoo.com,personal mailbox,info.alamo@yahoo.com,https://www.alamoaustin.com/,"eFront Georgetown Storefront Glass Kyle Storefront Glass Leander Storefront Glass Manor Storefront Glass Get in touch info.alamo@yahoo.com Visit Our Location Today: 7123 North Lamar Blvd, Austin, Texa",found
Alamo Glass & Mirror,https://www.alamoglassco.com/,alamoglassco.com,+1 214-821-2886,"10510 Olympic Dr, Dallas, TX 75220, United States",,,,cworsham@alamoglassco.com,unattributed,cworsham@alamoglassco.com,https://www.alamoglassco.com/,,found
All Impact Renovations Windows & Doors,https://www.allimpactrenovations.com/,allimpactrenovations.com,+1 954-655-1527,"4866 NE 12th Ave, Oakland Park, FL 33334, United States",,,,info@allimpactrenovations.com,generic mailbox,info@allimpactrenovations.com,https://www.allimpactrenovations.com/,"info@allimpactrenovations.com info@allimpactrenovations.com or sending your message. Please try again later 4866 NE 12th Ave, Oakland Park, FL 33334 (954) 655-1527 info@allimpactrenovations.com Popula",found
All Pro Windows and Doors,http://www.allprowindowsanddoors.com/,allprowindowsanddoors.com,+1 954-771-0071,"1071 NW 53rd St, Fort Lauderdale, FL 33309, United States",,,,allprowindows@aol.com,unattributed,allprowindows@aol.com,https://allprowindowsanddoors.com/,allprowindows@aol.com (954) 771-0071 allprowindows@aol.com Facebook Instagram ro Windows and Doors :: Windows and Doors - Sales and Installation (954) 771-0071 allprowindows@aol.com Facebook Instagram,found
Allco Contractor - Windows Siding & Patios,http://allcocontractor.com/,allcocontractor.com,+1 512-845-6606,,,,,allco1@yahoo.com,unattributed,allco1@yahoo.com,https://austinsbestwindowsandsiding.com/,,found
Allied Door Repair,http://www.allieddoorrepair.com/,allieddoorrepair.com,+1 954-552-2474,"1940 NW 1st Ave, Pompano Beach, FL 33060, United States",,,,allieddoorrepair@gmail.com,unattributed,allieddoorrepair@gmail.com,https://allieddoorrepair.com/,allieddoorrepair@gmail.com (954) 552-2474 allieddoorrepair@gmail.com rvice apply. CALL SERVICES 24/7! Call us anytime 24/7/365 for a free estimate! Allied Sliding Glass Door & Window Repair 1940 NW 1s,found
Allied Exteriors,https://alliedexteriors.com/,alliedexteriors.com,+1 972-888-9988,,,,,info@alliedexteriors.com,generic mailbox,info@alliedexteriors.com,https://alliedexteriors.com/contact-us/,"info@alliedexteriors.com (281) 357-8801 info@alliedexteriors.com ervice Request Allied Exteriors Headquarters 990 Village Square Dr, Ste Q Tomball, TX 77375 (281) 357-8801 info@alliedexteriors.com FAQ",found
Alpha Glass Company,http://alphaglassco.com/,alphaglassco.com,+1 512-792-9234,"5214 Burleson Rd #501, Austin, TX 78744, United States",,,,info@indiantypefoundry.com,generic mailbox,info@indiantypefoundry.com,https://alphaglassco.com/,,found
Alumiglass and Windows LLC,https://alumiglassandwindows.com/,alumiglassandwindows.com,+1 972-658-2192,"1235 Tree Top Dr, Frisco, TX 75033, United States",,,,support@alumiglassandwindows.com,generic mailbox,support@alumiglassandwindows.com,https://alumiglassandwindows.com/contact/,log Call Us Get Estimate Main Menu CALL US (972) 658-2192 Email support@alumiglassandwindows.com Business Hours Monday–Friday: 8am–7pm Saturday–Sunday: 8am–5pm Contact Us Today! A member of our team w,found
American Glass and Waterproof,https://agwatx.com/,agwatx.com,+1 512-817-7246,,,,,americanglassandwaterproof@gmail.com,unattributed,americanglassandwaterproof@gmail.com,https://agwatx.com/,,found
American Strong Windows Doors & Roofs Inc,https://americanstrong1.com/,americanstrong1.com,+1 954-245-1744,"966 NW 51st Pl, Fort Lauderdale, FL 33309, United States",,,,rick@americanstronghomes.com,unattributed,rick@americanstronghomes.com,https://americanstronghomes.com/,,found
American Window Systems (A Window Inc.),https://www.americanwindowsystems.com/,americanwindowsystems.com,+1 817-654-9050,"6201 Dowdell Rd Unit c, Fort Worth, TX 76119, United States",,,,quote@americanwindowsystems.com,generic mailbox,quote@americanwindowsystems.com,https://www.americanwindowsystems.com/,,found
Apex Windows & Glass,https://apexwindowstx.com/,apexwindowstx.com,+1 214-263-3008,"7200 W University Dr, McKinney, TX 75071, United States",,,,sales@apexwindowstx.com,generic mailbox,sales@apexwindowstx.com,https://apexwindowstx.com/,"Sales@apexwindowstx.com (214) 263-3008 Sales@apexwindowstx.com 7200 W University Dr, McKinney, TX 75071-6947 Mon-Fri: 8am - 6pm | Sat: 9am - 2pm , no-obligation estimate today. Call (214) 263-3008 Dal",found
Aquamarine Windows and Doors,https://aquamarinewindows.com/,aquamarinewindows.com,+1 469-887-0015,,,,,info@aquamarinewindows.com,generic mailbox,info@aquamarinewindows.com,https://aquamarinewindows.com/,,found
Area Construction & Renovation,http://areaconstructionrockford.com/,areaconstructionrockford.com,+1 815-980-1710,,,,,areaconstructionrockford@gmail.com,unattributed,areaconstructionrockford@gmail.com,https://www.areaconstructionrockford.com/,areaconstructionrockford@g mail.com areaconstructionrockford@g mail.com,found
Arizona Glass & Door Connection,https://www.azglassconnection.com/,azglassconnection.com,+1 602-375-2000,"9850 N 19th Dr #7, Phoenix, AZ 85021, United States",,,,info@azglassanddoor.com,generic mailbox,info@azglassanddoor.com,http://www.azglassconnection.com/contact-us/,"ure of damage or issue for a faster response! We typically reply with in 24 hours, but if you can't wait, call us at 602-375-2000 - thank you! Contact Information Arizona Glass & Door Connection Info@",found
Arrow Glass and Mirror,https://glassgang.com/,glassgang.com,+1 512-339-4888,"9201 Brown Ln Suite 280, Austin, TX 78754, United States",,,,ceosea@glassgang.com,unattributed,ceosea@glassgang.com,https://glassgang.com/pages/arrow-careers,ceosea@glassgang.com Please email your resume and salary requirements to ceosea@glassgang.com . Only qualified candidates will be contacted. ceosea@glassgang.com Please email your resume and salary re,found
Assured Contracting LLC,https://assured-contracting.com/,assured-contracting.com,+1 954-652-1098,"3553 NW 10th Ave, Oakland Park, FL 33309, United States",,,,info@assured-contracting.com,generic mailbox,info@assured-contracting.com,https://assured-contracting.com/,"info@assured-contracting.com Email: info@assured-contracting.com ogle Business Profile to explore our reviews, photos, and service updates. Address: 3553 NW 10th Ave, Oakland Park, FL 33309, United St",found
Attack-A-Crack Glass Specialist,http://attackacrackglassspecialist.com/,attackacrackglassspecialist.com,+1 512-995-2191,"3303 Peavy Dr, Austin, TX 78725, United States",,,,attackacrackglass@gmail.com,unattributed,attackacrackglass@gmail.com,https://attackacrackglassspecialist.com/,Send US an email Send US an email Get a Quote Get a Quote Get a Quote Get a Quote Get a Quote Get a Quote Get a quote Get a quote Get a quote Get a quote Get a quote Get a quote Get a quote Get a quot,found
Austin Eco Windows,https://eco-windowsaustin.com/,eco-windowsaustin.com,+1 737-355-5640,,,,,info@shikari.ai,generic mailbox,info@shikari.ai,https://eco-windowsaustin.com/,,found
Austin Glass & Doors,https://austin-glass.ueniweb.com/?utm_campaign=gmb,austin-glass.ueniweb.com,+1 512-618-1305,"6903 Granger Dr, Austin, TX 78744, United States",,,,jorgemaya230@gmail.com,unattributed,jorgemaya230@gmail.com,https://austin-glass.ueniweb.com/,,found
Austin Glass & Mirror Inc,http://www.austinglass.com/,austinglass.com,+1 512-928-9999,"6308 Decker Ln # A, Austin, TX 78724, United States",,,,estimating@austinglass.com,unattributed,estimating@austinglass.com,https://www.austinglass.com/,"estimating@austinglass.com estimating@austinglass.com ACT Inquiries For any inquiries, questions or commendations, please call: (512) 928-9999 or fill out the following form Head Office 6308 Decker La",found
Austin Glass Guys,http://austinglassguys.com/,austinglassguys.com,+1 737-260-7555,"1017 Ranch Rd 620 S #210, Lakeway, TX 78734, United States",,,,hello@austinglassguys.com,generic mailbox,hello@austinglassguys.com,https://austinglassguys.com/,hello@austinglassguys.com Free Estimates · Fully Insured Lakeway · Bee Cave · Westlake · Greater Austin 737-260-7555 hello@austinglassguys.com hello@austinglassguys.com 737-260-7555 hello@austinglassg,found
Austin Jones Company,http://austinjonescompany.com/,austinjonescompany.com,+1 512-633-2605,"13119 Green River Trail, Austin, TX 78729, United States",,,,austinjonesent@yahoo.com,unattributed,austinjonesent@yahoo.com,https://www.austinjonescompany.com/,"austinjonesent@yahoo.com (512) 633-2605 austinjonesent@yahoo.com austinjonesent@yahoo.com EMAIL austinjonesent@yahoo.com WINDOW REPLACEMENTS GALLERY REVIEWS CONTACT US Address 13119 Green River Trail,",found
Austin Pro Siding Windows & Roofing,https://www.austinprosiding.com/,austinprosiding.com,+1 512-550-0000,"7801 N Lamar Blvd Ste C70, Austin, TX 78752, United States",,,,info@austinprosiding.com,generic mailbox,info@austinprosiding.com,https://www.austinprosiding.com/,"info@austinprosiding.com Email info@austinprosiding.com info@austinprosiding.com Company Info (512) 550-0000 Mon-Fri: 8AM - 5PM info@austinprosiding.com 7801 N Lamar Blvd Suite C70, Austin, TX 78752 i",found
Austin Window and Doors,https://austinwindowanddoors.andersenwindowscertifiedcontractors.com/,austinwindowanddoors.andersenwindowscertifiedcontractors.com,+1 512-612-1829,,,,,1789123609@noemail.com,unattributed,1789123609@noemail.com,https://austinwindowanddoors.andersenwindowscertifiedcontractors.com/,,found
Austin Windowerks,http://windowerks.com/,windowerks.com,+1 512-837-7200,"2339 Kramer Ln, Austin, TX 78758, United States",,,,contact@windowerks.com,generic mailbox,contact@windowerks.com,https://www.windowerks.com/,,found
Austin’s BEST Windows and Siding Co,https://austinsbestwindowsandsiding.com/,austinsbestwindowsandsiding.com,+1 512-999-8569,,,,,allco1@yahoo.com,unattributed,allco1@yahoo.com,https://austinsbestwindowsandsiding.com/,,found
BC Roofing Siding & Windows,http://www.bcroof.com/,bcroof.com,+1 972-306-0215,"2300 Valley View Ln #107, Farmers Branch, TX 75234, United States",,,,mgrbcroof@gmail.com,unattributed,mgrbcroof@gmail.com,https://www.bcroof.com/,"mgrbcroof@gmail.com There are multiple ways you can get in touch with us. You can call us at 972-306-0215 or email us at mgrbcroof@gmail.com . Or if you prefer, you can use the contact form available ",found
BUENAVISTA WINDOWS,https://www.buenavistawindows.net/,buenavistawindows.net,+1 469-805-8098,"4215 McEwen Rd, Dallas, TX 75244, United States",,,,info@buenavistawindows.net,generic mailbox,info@buenavistawindows.net,https://www.buenavistawindows.net/contactinfo,"Info@BuenaVistaWindows.net Info@BuenaVistaWindows.net items. Contact Please contact us for additional information, establishing an account, or getting a quote. Location 4215 McEwen Rd Farmers Branch, ",found
Baker Roofing & Construction Inc,https://baker-roofing.com/,baker-roofing.com,+1 855-766-3777,"6507 Trammel Dr, Dallas, TX 75214, United States",,,,info@baker-roofing.com,generic mailbox,info@baker-roofing.com,https://baker-roofing.com/,,found
Bethany Windows,http://bethanywindowstexas.com/,bethanywindowstexas.com,+1 512-876-0590,"1775 County Rd 279 A-104, Liberty Hill, TX 78642, United States",,,,bethanywindowstexas@gmail.com,unattributed,bethanywindowstexas@gmail.com,https://bethanywindowstexas.com/,ber one priority. Contact Us Request a Price Quote Name Email* Send This site is protected by reCAPTCHA and the Google Privacy Policy and Terms of Service apply. Bethany Windows BethanyWindowsTexas@gm,found
Binswanger Glass,https://www.binswangerglass.com/branch/dallas-tx-4222-harry-hines-blvd/,binswangerglass.com,+1 214-520-6583,"4222 Harry Hines Blvd, Dallas, TX 75219, United States",,,,hr@binswangerglass.com,unattributed,hr@binswangerglass.com,https://www.binswangerglass.com/about-us/careers/,"hr@binswangerglass.com To contact our Human Resources department please click here hr@binswangerglass.com rans/Individuals with Disabilities. Click to view the EEO is The Law poster , and the Suppleme",found
Blade Glazing LLC,http://bladeglazingllc.com/,bladeglazingllc.com,+1 214-687-1216,,,,,tahana@jayesglassandmirror.com,unattributed,tahana@jayesglassandmirror.com,https://bladeglazingllc.com/,tahana@jayesglassandmirror.com Email Us tahana@jayesglassandmirror.com Request Your Free Estimate Tell us about your project and we'll get right back to you. No job is too big or too small — call now ,found
Bliss Window & Screen Inc.,https://www.blisswindow.com/?utm_source=google&utm_medium=organic&utm_campaign=gbp-fort-lauderdale&utm_id=local&utm_content=fort-fauderdale,blisswindow.com,+1 954-763-5086,"815 N Andrews Ave, Fort Lauderdale, FL 33311, United States",Veverly Streamlinedvas,,,veverly.streamlinedvas@gmail.com,personal mailbox,blisswindow@aol.com,https://www.blisswindow.com/contact-us/,,found
Broward Impact Window & Door,https://www.browardimpact.com/?utm_source=google&utm_medium=maps&utm_campaign=gmb,browardimpact.com,+1 954-922-0606,"1954 Tigertail Blvd, Dania Beach, FL 33004, United States",,,,sales@browardimpact.com,generic mailbox,sales@browardimpact.com,https://www.browardimpact.com/,"SALES@BROWARDIMPACT.COM SALES@BROWARDIMPACT.COM ry Location Visit Our Showroom Financing Company News Testimonials Privacy Policy Broward Impact Window & Door 1954 Tigertail Blvd Dania Beach, FL 33004",found
Buckley Window Corporation,https://www.buckleywindow.com/,buckleywindow.com,+1 954-396-4211,"201 NE 32nd St, Oakland Park, FL 33334, United States",,,,ryan@buckleywindow.com,unattributed,ryan@buckleywindow.com,https://buckleywindow.com/,ryan@buckleywindow.com ryan@buckleywindow.com and door specialists since 1987 Quick Links Home Services & Products Photo Gallery Wholesale / B2B About Us Contact Us Blog Contact Information 201 NE 32 ,found
Bufalo Contracting,http://www.bufalocontracting.com/,bufalocontracting.com,+1 779-368-0256,"3466 Colony Bay Dr, Rockford, IL 61109, United States",,,,sbufalo@bufalocontracting.com,unattributed,sbufalo@bufalocontracting.com,https://www.bufalocontracting.com/,,found
Build it ATX LLC,https://builditatx.com/?utm_campaign=gmb,builditatx.com,+1 737-260-5099,"2203 Palmera Cove, Austin, TX 78744, United States",,,,sales@builditatx.com,generic mailbox,sales@builditatx.com,https://builditatx.com/,sales@builditatx.com We are also equipped and insured to take on commercial projects. Email plans to sales@builditatx.com or Request a Bid Online! sales@builditatx.com sales@builditatx.com med and inv,found
Builders Bargain,http://www.builders-bargain.com/,builders-bargain.com,+1 954-522-1900,"900 NE 3rd Ave, Fort Lauderdale, FL 33304, United States",,,,info@builders-bargain.com,generic mailbox,info@builders-bargain.com,https://www.builders-bargain.com/,info@builders-bargain.com info@builders-bargain.com info@builders-bargain.com info@builders-bargain.com info@builders-bargain.com Email: info@builders-bargain.com Lauderdale FL and nearby areas - Buil,found
Burglar Bars in Dallas,https://www.burglarbarsindallas.com/,burglarbarsindallas.com,+1 214-340-0078,"9310 Forest Ln #206, Dallas, TX 75243, United States",,,,sales@aaacustomwindows.com,generic mailbox,sales@aaacustomwindows.com,https://www.customsecuritydoorsandwindows.com/,SALES@AAACUSTOMWINDOWS.COM SALES@AAACUSTOMWINDOWS.COM architect-grade doors built to defend without compromising timeless design. PRODUCTS Doors Replacement Windows Folding Gates Hand Rails Burglar Ba,found
By Loredo Construction LLC,https://www.loredoconstruction.com/,loredoconstruction.com,+1 512-923-9218,,,,,alexloredoconstruction@gmail.com,unattributed,alexloredoconstruction@gmail.com,https://loredoconstruction.com/,"LS, CEILLINGS AND ROOF STUCTURE REMOVE AND MODIFICATIONS. We are fully insured and license contractor. email me your full set of engineering structural and architect plans for a free estimate, at alex",found
C-TEX Glass And Door LLC,http://ctexglassanddoor.com/,ctexglassanddoor.com,+1 832-579-7053,,,,,contact,unattributed,contact,https://ctexglassanddoor.com/contact/,Send Email Send Email Contact Us,found
CUSTOM SECURITY DOORS / AAA CUSTOM WINDOWS,https://customsecuritydoorsandwindows.com/,customsecuritydoorsandwindows.com,+1 214-340-0078,"9310 Forest Ln #206, Dallas, TX 75243, United States",,,,sales@aaacustomwindows.com,generic mailbox,sales@aaacustomwindows.com,https://www.customsecuritydoorsandwindows.com/,SALES@AAACUSTOMWINDOWS.COM SALES@AAACUSTOMWINDOWS.COM architect-grade doors built to defend without compromising timeless design. PRODUCTS Doors Replacement Windows Folding Gates Hand Rails Burglar Ba,found
Camey Xteriors,http://www.cameyxteriors.com/,cameyxteriors.com,+1 972-900-8969,,,,,cameyxteriors@gmail.com,unattributed,cameyxteriors@gmail.com,https://cameyxteriors.com/contact-us,cameyxteriors@gmail.com (972) 900-8969 cameyxteriors@gmail.com act Us Name* Phone* Email* Address* Attach Files Attachments (0) Send This site is protected by reCAPTCHA and the Google Privacy Policy a,found
Century Glass & Mirror Inc. of Dallas,http://www.centuryglassdallas.com/,centuryglassdallas.com,+1 214-823-7773,"1417 N Washington Ave, Dallas, TX 75204, United States",,President,1,info@centuryglassdallas.com,generic mailbox,info@centuryglassdallas.com,http://centuryglassdallas.com/about-us/,"info@centuryglassdallas.com Email: info@centuryglassdallas.com erences are available upon request. President: Reena Morris Address: 1417 North Washington Ave. Dallas, TX 75204 Phone: 214-823-7773 Fax:",found
Champion Glass Inc,https://champion-glass.net/,champion-glass.net,+1 954-564-3435,"4720 NW 15th Ave #4A, Fort Lauderdale, FL 33309, United States",,,,info@champion-glass.net,generic mailbox,info@champion-glass.net,https://champion-glass.net/,info@champion-glass.net info@champion-glass.net info@champion-glass.net info@champion-glass.net Skip to content Champion Glass 954-564-3435 info@champion-glass.net Youtube Linkedin X-twitter Menu Home,found
Champion Replacement Windows of Austin,https://www.championwindow.com/Austin/?utm_source=google&utm_medium=organic&utm_campaign=gmb_austin_localpage,championwindow.com,+1 512-961-8895,"9402 Business Dr, Austin, TX 78758, United States",,,,info@getchampion.com,generic mailbox,info@getchampion.com,https://www.championwindow.com/,,found
Clear Advantage Window Service,http://clearwindowservice.net/,clearwindowservice.net,+1 469-289-7556,,,,,clearwindows@att.net,unattributed,clearwindows@att.net,https://www.clearwindowservice.net/,clearwindows@att.net clearwindows@att.net rk and direct communication go hand in hand. Learn More Hours of Operation Open for Business Mon - Fri: 8am - 8pm ​​Saturday: 8am - 8pm ​Sunday: 12pm - 6pm Co,found
Crystalia Glass,https://crystaliaglass.com/,crystaliaglass.com,+1 718-690-0258,"3214 Belt Line Rd Suite 458, Farmers Branch, TX 75234, United States",,,,bids@crystaliaglass.com,unattributed,bids@crystaliaglass.com,https://crystaliaglass.com/,bids@crystaliaglass.com We are ready to manufacture and assemble a similar system! Get a free estimate Have questions? We are ready to answer! 718 690 02 58 bids@crystaliaglass.com bids@crystaliaglass,found
Custom Glass Design LLC,http://www.mycustomglassdesign.com/,mycustomglassdesign.com,+1 512-960-5260,,,,,mycustomglassdesign@gmail.com,unattributed,mycustomglassdesign@gmail.com,https://mycustomglassdesign.com/,"How did you hear about us? Comment (required) Submit Δ Contact us Phone: 512.960.5260 Email: MyCustomGlassDesign@gmail.com Call, Text, or Email! Home About Services Gallery Contact Reviews Blog at Wor",found
DFW Glass Mart,http://dfwglassmart.com/,dfwglassmart.com,+1 972-900-3117,,,,,info@dfwglassmart.com,generic mailbox,info@dfwglassmart.com,https://dfwglassmart.com/,info@dfwglassmart.com info@dfwglassmart.com versity Park → Irving → Duncanville → DeSoto → Lancaster → Carrollton → Rowlett → Cedar Hill → Princeton Quick Links Home Auto Glass Residential Glass Tools,found
DTX Handyman Services,https://www.dtxhandymanservices.com/,dtxhandymanservices.com,+1 972-813-9474,,,,,contact@dtxhandymanservices.com,generic mailbox,contact@dtxhandymanservices.com,https://www.dtxhandymanservices.com/,contact@dtxhandymanservices.com Email: contact@dtxhandymanservices.com pride. Quick Links Home About Services Portfolio Service Areas Blog Contact Us Careers Complete Service Areas Directory Contact I,found
Dallas Door Designs,https://www.dallasdoorservices.com/,dallasdoorservices.com,+1 214-973-0373,"11239 Leo Ln, Dallas, TX 75229, United States",,,,leads@yournewdoor.com,unattributed,leads@yournewdoor.com,https://www.dallasdoorservices.com/contact/,"Email Us Phone: (214) 506-3949 Email: Email Us Office Address: 3251 Royalty Row Irving, TX 75062",found
Dallas Frameless Glass,http://www.dallasframeless.com/,dallasframeless.com,+1 469-781-7675,"12200 N Stemmons Fwy, Farmers Branch, TX 75234, United States",,,,hello@ovl.lka.mybluehost.me,generic mailbox,hello@ovl.lka.mybluehost.me,https://dallasframeless.com/,hello@dallasframeless.com hello@dallasframeless.com hello@dallasframeless.com hello@dallasframeless.com,found
Dallas Glass and Auto,http://dallasglassandauto.com/,dallasglassandauto.com,+1 972-900-7194,,,,,info@dallasglassandauto.com,generic mailbox,info@dallasglassandauto.com,https://dallasglassandauto.com/,"info@dallasglassandauto.com 972-900-7194 info@dallasglassandauto.com Dallas, Texas take pride in delivering expert auto and residential glass services across Dallas and surrounding areas. Quick Links ",found
Dallas Glass and Mirror,https://www.dallasglassandmirror.net/,dallasglassandmirror.net,+1 469-737-5374,"11245 Goodnight Ln #19, Dallas, TX 75229, United States",,,,dallasglassandmirror@gmail.com,unattributed,dallasglassandmirror@gmail.com,https://dallasglassandmirror.net/,"Send Your Mail Send Your Mail dallasglassandmirror@gmail.com dallasglassandmirror@gmail.com dallasglassandmirror@gmail.com Dallas, Tx 75229 Phone Number 469-737-5374 Send Your Mail dallasglassandmirro",found
Dallas Window Butler,http://dallaswindowbutler.com/,dallaswindowbutler.com,+1 469-640-8551,,,,,info@dallaswindowbutler.com,generic mailbox,info@dallaswindowbutler.com,https://dallaswindowbutler.com/,,found
Daltex Glass & Aluminum Inc,https://daltexglass.com/,daltexglass.com,+1 214-865-9961,"11419 Ferrell Dr #108, Farmers Branch, TX 75234, United States",,,,orders@daltexglass.com,unattributed,orders@daltexglass.com,https://daltexglass.com/,Orders@daltexglass.com +1 214-865-9961 Orders@daltexglass.com Request a Quote Email: Orders@daltexglass.com Email: Orders@daltexglass.com ollections Hinges 59 Products Clamps 72 Products Handles 30 Pr,found
Dan White's Screens & Things,https://www.danwhitesscreens.com/?utm_source=GMBlisting&utm_medium=organic,danwhitesscreens.com,+1 512-892-2150,"5210 W US Hwy 290 Service Rd, Austin, TX 78735, United States",,,,dwscreens@sbcglobal.net,unattributed,dwscreens@sbcglobal.net,https://www.danwhitesscreens.com/,dwscreens@sbcglobal.net dwscreens@sbcglobal.net t experienced screen professionals. Contact Dan White’s Screens and Things today for quality you can see and service you can count on. (512) 892-2150 dw,found
Davie Windows and Custom Doors,http://daviewindows.com/,daviewindows.com,+1 954-873-1980,,,,,joe@daviewindows,unattributed,joe@daviewindows,https://daviewindows.com/index.php/contact-us/,info@daviewindows.com info@daviewindows.com,found
Dayton Co. Roofing & Renovation,http://daytoncontractingaustin.com/?utm_source=google&utm_medium=organic&utm_campaign=google-business-profile&utm_content=website,daytoncontractingaustin.com,+1 512-316-3908,"13363 Pond Springs Rd, Austin, TX 78729, United States",,,,shane@dc-austin.com,unattributed,shane@dc-austin.com,https://daytoncontractingaustin.com/,Email Us Email Us,found
DiamondPoint Contractors,https://www.diamondpointcontractors.com/,diamondpointcontractors.com,+1 512-945-8877,,,,,info@diamondpointcontractors.com,generic mailbox,info@diamondpointcontractors.com,https://www.diamondpointcontractors.com/,"info@diamondpointcontractors.com info@diamondpointcontractors.com putting my 50"" screen TV. I will use him again and again! Navigation HOME SERVICES GALLERY CONTACT TESTIMONIALS SMS TERMS AND CONDITIO",found
Don Young Co,http://www.dycwindows.com/,dycwindows.com,+1 214-630-0934,"8181 Ambassador Row, Dallas, TX 75247, United States",,,,dycsales@dycwindows.com,unattributed,dycsales@dycwindows.com,https://www.dycwindows.com/,"dycsales@dycwindows.com dycsales@dycwindows.com dycsales@dycwindows.com Headquarters 214-630-0934 dycsales@dycwindows.com 8181 Ambassador Row Dallas, TX 75247 hors a network of branches serving Texas,",found
Dr Impact Co,https://www.drimpactco.com/,drimpactco.com,+1 954-508-2616,"4754 NE 12th Ave, Oakland Park, FL 33334, United States",,,,drimpactco@gmail.com,unattributed,drimpactco@gmail.com,https://drimpactco.com/,Sunrooms Customer Finance Contact Privacy Policy Phone number: 954-508-2616 License CC# 24-G-23154-X CC#24-AL-23153-X E-mail address: drimpactco@gmail.com 100% ALL ALUMINUM DESIGN! Only company offeri,found
Dream Builders Construction,https://www.bestglassflorida.com/?utm_source=google&utm_medium=wix_google_business_profile&utm_campaign=3795594895127369423,bestglassflorida.com,+1 754-257-0379,"6099 Stirling Rd Ste 103, Davie, FL 33314, United States",,,,info@bestglassflorida.com,generic mailbox,info@bestglassflorida.com,https://www.bestglassflorida.com/,info@bestglassflorida.com info@bestglassflorida.com comfortable home or business environment. Why Choose Us Let's Discuss Your Next Project ​ ​ Service Areas: South Florida Showroom: 4806 W Commercial,found
East Blue Windows & Doors,http://www.eastbluewindowsdoors.com/,eastbluewindowsdoors.com,+1 754-244-5037,"2548 NW 9th Ct, Fort Lauderdale, FL 33311, United States",,,,eastbluewindowsdoors@gmail.com,unattributed,eastbluewindowsdoors@gmail.com,https://www.eastbluewindowsdoors.com/,eastbluewindowsdoors@gmail.com eastbluewindowsdoors@gmail.com Impact Windows & Doors in South Florida | East Blue Windows & Doors We are open Mon-Sun from 8am to 7:30pm eastbluewindowsdoors@gmail.com ,found
East Coast Windows & Doors Inc.,https://eastcoastwindows.com/,eastcoastwindows.com,+1 954-946-3697,"1711 SW 7th Ave, Pompano Beach, FL 33060, United States",,,,info@eastcoastwindows.com,generic mailbox,info@eastcoastwindows.com,https://eastcoastwindows.com/,info@eastcoastwindows.com info@eastcoastwindows.com Hurricane Impact Windows in South Florida | Free Estimate Skip to main content East Coast Window & Doors E-mail Support info@eastcoastwindows.com Ne,found
EcoView Windows & Doors,https://www.ecoviewdfw.com/?utm_source=gbp&utm_medium=organic&utm_campaign=gbp-listing&utm_content=grand-prarie-office,ecoviewdfw.com,+1 972-247-2949,"2003 108th St #303, Grand Prairie, TX 75050, United States",,,,contactus@ecoviewdfw.com,unattributed,contactus@ecoviewdfw.com,https://www.ecoviewdfw.com/,"contactus@ecoviewdfw.com contactus@ecoviewdfw.com ie, TX 75050, United States 972-247-2949 AUSTIN 7600 Chevy Chase Drive Suite 300, Austin, TX 78752 512-547-6499 WACO/TEMPLE 7215 Bosque Blvd Suite 150",found
Econ Windows,https://econwindows.com/,econwindows.com,+1 602-786-5286,"2209 W Potter Dr, Phoenix, AZ 85027, United States",,,,info@econwindows.com,generic mailbox,info@econwindows.com,https://econwindows.com/,"Email Us Call Now Email Us info@econwindows.com Email info@econwindows.com info@econwindows.com info@econwindows.com 319 Locally owned, serving the Valley since 2019 Residential & commercial Â· free e",found
Elevate Windows,https://www.goelevatewindows.com/,goelevatewindows.com,+1 480-934-0840,"7301 N 16th St Ste 102, Phoenix, AZ 85020, United States",,,,info@goelevatewindows.com,generic mailbox,info@goelevatewindows.com,https://www.goelevatewindows.com/,"d suite 200-254, Lehi, UT 84043 Washington: 11900 N.E. 1st Street Suite 3102, Building G, Bellevue WA, 98005 Hours Monday — Friday 9am — 6pm Saturday 9am — 3pm Contact Email: info@goelevatewindows.com",found
Energy One Windows of Dallas/Ft. Worth,https://energyonewindows.com/,energyonewindows.com,+1 972-719-7801,"580 Decker Dr #125, Irving, TX 75062, United States",,,,austin@energyonewindows.com,unattributed,austin@energyonewindows.com,https://energyonewindows.com/contact/,"company via phone call, you consent to receive phone calls in relation to your initial communication. You may opt out of receiving phone calls at any time by replying STOP or by sending an email to [a",found
EuroCraft Exteriors,http://www.eurocraftexteriors.com/,eurocraftexteriors.com,+1 512-657-6900,"6410 Johanne Ct, Austin, TX 78750, United States",,,,paul@eurocraftexteriors.com,unattributed,paul@eurocraftexteriors.com,https://eurocraftexteriors.com/,,found
Eurotech Windows,http://etiwindows.com/,etiwindows.com,+1 954-630-9967,"4201 NE 12th Terrace, Oakland Park, FL 33334, United States",,,,info@etiwindows.com,generic mailbox,info@etiwindows.com,https://www.etiwindows.com/,,found
Everest Roofing,https://everestroofingil.com/,everestroofingil.com,+1 779-368-0826,"4701 Hydraulic Rd, Rockford, IL 61108, United States",,,,office@everestroofingil.com,generic mailbox,office@everestroofingil.com,https://everestroofingil.com/,office@everestroofingil.com office@everestroofingil.com office@everestroofingil.com office@everestroofingil.com re’s no better resource to call than Everest. We’re insurance experts... Learn More Join,found
Everglade Screen and Window,https://evergladescreenandwindow.com/,evergladescreenandwindow.com,+1 954-371-0498,"807 NE 4th Ave, Fort Lauderdale, FL 33304, United States",,,,ryanabranham@gmail.com,unattributed,ryanabranham@gmail.com,https://evergladescreenandwindow.com/,"Email Contact Us Everglade Screen and Windows Fort Lauderdale, FL (954) 371-0498 (305) 280-7331 Email",found
Excelsior Glass and Mirror LLC,http://excelsiorglass.co/,excelsiorglass.co,+1 214-622-3021,,,,,excelsiorglassandmirror@gmail.com,unattributed,excelsiorglassandmirror@gmail.com,https://www.excelsiorglass.co/contact-us,excelsiorglassandmirror@gmail.com excelsiorglassandmirror@gmail.com rden Trends Indoor Glass Pet Suites Glass Wine Cellar Contact Us More Use tab to navigate through the menu items. CONTACT US PHONE 2,found
Expo Home Improvement,https://www.expohomeimprovement.com/,expohomeimprovement.com,+1 972-486-9166,"13859 Diplomat Dr Ste 180, Farmers Branch, TX 75234, United States",,,,expocare@expohomeimprovement.com,unattributed,expocare@expohomeimprovement.com,https://www.expohomeimprovement.com/,,found
FOG GONE GLASS,https://foggoneglass.com/,foggoneglass.com,+1 512-653-7785,,,,,foggoneglass@yahoo.com,unattributed,foggoneglass@yahoo.com,https://foggoneglass.com/,,found
FX Remodeling & Exteriors,http://sidingcontractordallastx.com/,sidingcontractordallastx.com,+1 469-351-4775,"3000 W Commerce St, Dallas, TX 75212, United States",,,,contact@sidingcontractordallastx.com,generic mailbox,contact@sidingcontractordallastx.com,https://www.sidingcontractordallastx.com/,,found
Feldco Windows Siding Doors & Roofing of Rockford,https://www.4feldco.com/locations/rockford?utm_source=GBP&utm_medium=organic&utm_campaign=rockford,4feldco.com,+1 866-433-5326,"4322 Maray Dr, Rockford, IL 61107, United States",,,,socialmedia@4feldco.com,unattributed,socialmedia@4feldco.com,https://www.4feldco.com/contact-us,socialmedia@4feldco.com Press Center and Marketing socialmedia@4feldco.com etails Customer Service 866-433-5326 Monday-Friday: 7am - 7pm CST Saturday: 8am - 5pm CST Sunday: 9am - 3:30pm CST Customer S,found
Final Draft Construction,http://finaldc.com/,finaldc.com,+1 512-559-7777,"6905 Beauford Dr, Austin, TX 78750, United States",,,,info@finaldc.com,generic mailbox,info@finaldc.com,https://www.finaldc.com/,"Info@Finaldc.com Info@Finaldc.com E SERVICES TESTIMONIALS ABOUT US CONTACT PRIVACY POLICY More Use tab to navigate through the menu items. CALL NOW Windows & Doors Premium Solutions Contact Us Austin,",found
Florida Impact Protection,https://floridaimpactprotection.com/,floridaimpactprotection.com,+1 954-501-9441,"2435 Stirling Rd, Fort Lauderdale, FL 33312, United States",,,,info@floridaimpactprotection.com,generic mailbox,info@floridaimpactprotection.com,https://floridaimpactprotection.com/,SE HABLA ESPAÑOL 954.501.9441 CLICK HERE TO EMAIL: INFO@FLORIDAIMPACTPROTECTION.COM SE HABLA ESPAÑOL 954.501.9441 CLICK HERE TO EMAIL: INFO@FLORIDAIMPACTPROTECTION.COM contact us contact us Impact Win,found
FoGlass Window Replacement,http://www.foglasswindow.com/,foglasswindow.com,+1 469-509-9932,,,,,foglasswindow@gmail.com,unattributed,foglasswindow@gmail.com,https://www.foglasswindow.com/,,found
Focal Point Designs,https://www.hirefocalpointdesigns.com/,hirefocalpointdesigns.com,+1 512-522-1252,,,,,team@hirefocalpointdesigns.com,generic mailbox,team@hirefocalpointdesigns.com,https://hirefocalpointdesigns.com/,  team@hirefocalpointdesigns.com team@hirefocalpointdesigns.com   team@hirefocalpointdesigns.com team@hirefocalpointdesigns.com team@hirefocalpointdesigns.com (512)-522-1252 team@hirefocalpointdes,found
Foggy Window Repair,https://www.foggywindowrepair.com/,foggywindowrepair.com,+1 972-693-6449,"700 Redbird Dr, Irving, TX 75061, United States",,,,foggywindowrepairdfw@gmail.com,unattributed,foggywindowrepairdfw@gmail.com,https://foggywindowrepair.com/,,found
Fonte Windows And Doors,http://fonteimpactwindows.com/,fonteimpactwindows.com,+1 954-900-2344,"4076 NE 8th Ave, Oakland Park, FL 33334, United States",,,,info@fonteimpactwindows.com,generic mailbox,info@fonteimpactwindows.com,https://www.fonteimpactwindows.com/,Email: info@fonteimpactwindows.com Email: info@fonteimpactwindows.com info@fonteimpactwindows.com info@fonteimpactwindows.com ery Contact Us Home Impact Windows Impact Doors Blog Gallery Contact Us Ge,found
Foster Windows and Doors,https://fosterwindowsanddoors.com/,fosterwindowsanddoors.com,+1 954-566-6524,"800 NE 26th St, Wilton Manors, FL 33305, United States",,,,info@fosterwindowsanddoors.com,generic mailbox,info@fosterwindowsanddoors.com,https://fosterwindowsanddoors.com/,Info@FosterWindowsAndDoors.com Info@FosterWindowsAndDoors.com Info@FosterWindowsAndDoors.com Info@FosterWindowsAndDoors.com ect one or more repair services: Impact Glass Repairs Something else :) Comm,found
GM Door Window and Screen,https://www.gmdoorwindowandscreen.com/?utm_source=NEXT&utm_medium=Google_website,gmdoorwindowandscreen.com,+1 954-797-0797,"6761 W Sunrise Blvd Unit 7, Plantation, FL 33313, United States",,,,servicegm@gmdws.com,unattributed,servicegm@gmdws.com,https://www.gmdoorwindowandscreen.com,"servicegm@gmdws.com (954) 797-0797 servicegm@gmdws.com left unchanged. Name Email (Required) Phone Message (Required) CAPTCHA Δ Visit Our Place 6761 W. Sunrise Blvd Unit #7, Plantation, FL 33313 Phone",found
Genuine Texas Exteriors,https://genuinetexasexteriors.com/,genuinetexasexteriors.com,+1 512-745-5676,"2720 Bee Caves Rd Ste 126, Austin, TX 78746, United States",,,,contact@genuinetexasexteriors.com,generic mailbox,contact@genuinetexasexteriors.com,https://genuinetexasexteriors.com/,contact@genuinetexasexteriors.com 512-745-5676 contact@genuinetexasexteriors.com Facebook Instagram Roofing & Siding contractors in Austin | Genuine Texas Exteriors 512-745-5676 contact@genuinetexasex,found
Glass & Storefront Solutions Inc.,http://www.solutionsstorefront.com/,solutionsstorefront.com,+1 214-489-2361,"108 N Marsalis Ave Ste a, Dallas, TX 75203, United States",,,,impallari@gmail.com,unattributed,impallari@gmail.com,https://solutionsstorefront.com/,,found
Glass Doctor of Dallas Metroplex,https://glassdoctor.com/dallas?cid=LSTL_MGD000191&utm_source=gmb&utm_campaign=local&utm_medium=organic,glassdoctor.com,+1 972-437-8244,"2001 Midway Rd #121, Carrollton, TX 75006, United States",,,,johnsmith@gmail.com,unattributed,johnsmith@gmail.com,https://glassdoctor.com/,,found
Glass Replacement Pros,http://glassreplacementpros.com/,glassreplacementpros.com,+1 972-900-7559,,,,,info@glassreplacementpros.com,generic mailbox,info@glassreplacementpros.com,https://glassreplacementpros.com/,info@glassreplacementpros.com info@glassreplacementpros.com ichardson → Garland → Sachse → Wylie → Rockwall → Mesquite → Highland Park → University Park → Irving → Duncanville → DeSoto → Lancaster → C,found
Glass USA,http://www.glassusainc.com/,glassusainc.com,+1 954-561-9216,"4372 NE 11th Ave, Oakland Park, FL 33334, United States",,,,glassusa@aol.com,unattributed,glassusa@aol.com,https://www.glassusainc.com/,"glassusa@aol.com glassusa@aol.com glassusa@aol.com glassusa@aol.com Quality Glass Installation | Oakland Park, FL | Glass USA glassusa@aol.com 4372 NE 11th Ave, Oakland Park, FL 33334 Call us today! 9",found
Glass Zone,http://www.glasszone.net/,glasszone.net,+1 310-863-8846,,,,,firouz@glasszone.net,unattributed,firouz@glasszone.net,https://glasszone.net/,Book Now Book Now Book Now Book Now,found
Gold Coast Windows and Doors Inc.,http://www.goldcoastwindows.com/?utm_source=local&utm_medium=organic&utm_campaign=gmb,goldcoastwindows.com,+1 954-714-6800,"3517 NW 19th St, Lauderdale Lakes, FL 33311, United States",Sam Goldcoastwindows,,,sam.goldcoastwindows@gmail.com,personal mailbox,sam.goldcoastwindows@gmail.com,https://goldcoastwindows.com/,,found
Grand Openings Luxury Windows & Doors - Dallas,http://www.grandopenings.com/,grandopenings.com,+1 214-956-7700,"3605 Inwood Rd, Dallas, TX 75209, United States",,,,info@grandopenings.com,generic mailbox,info@grandopenings.com,https://grandopenings.com/,"INFO@GRANDOPENINGS.COM INFO@GRANDOPENINGS.COM | CONTACT Grand Openings Luxury Windows & Doors INFO@GRANDOPENINGS.COM | CONTACT WINDOWS & DOORS SERVICE SHOWROOMS CAREERS RESOURCES MENU Crafted, extraor",found
Green Contractors FL,https://www.greencontractorsfl.com/,greencontractorsfl.com,+1 786-519-0391,"4624 Hollywood Blvd #203, Hollywood, FL 33021, United States",,,,info@greencontractorsfl.com,generic mailbox,info@greencontractorsfl.com,https://greencontractorsfl.com/,"info@greencontractorsfl.com info@greencontractorsfl.com 4624 Hollywood Blvd #203 Hollywood, FL 33021 (786) 519-0391 info@greencontractorsfl.com Green Contractors FL is a family-owned and operated gene",found
Green Mainland,https://www.greenmainland.com/,greenmainland.com,+1 945-351-7511,"11610 Harry Hines Blvd #120, Dallas, TX 75229, United States",,,,0fd2930120484402ac9adfb9e05cacd5@o37417.ingest.sentry.io,unattributed,0fd2930120484402ac9adfb9e05cacd5@o37417.ingest.sentry.io,https://www.greenmainland.com/,,found
Grey & White Solutions,http://greywhitewd.com/,greywhitewd.com,+1 954-900-2071,"1848 NW 38th Ave, Lauderhill, FL 33311, United States",,,,jane@greywhite.com,unattributed,jane@greywhite.com,https://www.greywhitewd.com/find-us,,found
Guido Materials,https://www.guidomaterials.com/,guidomaterials.com,+1 737-520-3166,"12225 Bee Caves Rd Ste 200, Bee Cave, TX 78738, United States",,,,materials@guidoco.com,unattributed,materials@guidoco.com,https://www.guidomaterials.com/,"materials@guidoco.com 210.344.8321 materials@guidoco.com a quote, ask a service question and more. Available Monday through Friday from 7 am - 5 pm Central Standard Time. Leave us a Message 210.344.83",found
HRS Window Cleaning LLC,http://hrswindowcleaning.com/,hrswindowcleaning.com,+1 512-638-1467,"12307 Roxie Dr Ste 102, Austin, TX 78729, United States",,,,austin@hrswindowcleaning.com,unattributed,austin@hrswindowcleaning.com,https://www.hrswindowcleaning.com/about,"g providers in the area. From cleaning windows on homes that have the best views in the city to maintaining the windows at the iconic University of Texas at Austin, HRS Window Cleaning can do it all! ",found
Harris Home Exteriors LLC,https://harrishomeexteriors.com/,harrishomeexteriors.com,+1 512-736-4289,"15005 Gebron Dr, Austin, TX 78734, United States",,,,debbie@harrishomeexteriors.com,unattributed,debbie@harrishomeexteriors.com,https://harrishomeexteriors.com/contact-us/,debbie@harrishomeexteriors.com debbie@harrishomeexteriors.com Connect With Us Contact Info Office: (512) 736-4289 debbie@harrishomeexteriors.com Mon - Sat: 9:00 AM - 6:00 PM Sun: Closed Send Us a Mess,found
Haysco Siding & Windows,https://hayscosiding.com/,hayscosiding.com,+1 512-638-6665,,,,,jerryb@hayscosiding.com,unattributed,jerryb@hayscosiding.com,https://www.hayscosiding.com/,"or products and quality installation, you can always expect to have an amazing experience and to enjoy beautiful results when you hire our team to work on your home. Call us +1 (512) 212-6769 JerryB@h",found
Heavens Door And Window,https://heavensdoor-window.com/,heavensdoor-window.com,+1 682-503-1144,,,,,info@ndiscovered.com,generic mailbox,info@ndiscovered.com,https://heavensdoor-window.com/,,found
Home Window Guy,https://adamsexteriors.com/,adamsexteriors.com,+1 214-349-7283,"3010 Lyndon B Johnson Fwy, Dallas, TX 75234, United States",,,,info@adamsexteriors.com,generic mailbox,info@adamsexteriors.com,https://www.adamsexteriors.com/,Info@AdamsExteriors.com Info@AdamsExteriors.com Adams Exteriors – Free Estimates Call us toll free 214 349 7283 Info@AdamsExteriors.com No Appointment No Sales Pitch ♦ No access needed inside the home,found
Hourglass Solutions LLC,http://hourglassdfw.com/,hourglassdfw.com,+1 469-677-5738,"1612 Falcon Drive, Dallas, TX 75247, United States",,,,nicole@hourglassdfw.com,unattributed,nicole@hourglassdfw.com,https://www.hourglassdfw.com/,"nicole@hourglassdfw.com nicole@hourglassdfw.com eds for you to have the best possible experience. We believe in creating lasting relationships, transparency, and providing value. CONTACT US FOR A QUOT",found
I Gotta Guy 4 That,http://www.igottaguy4that.com/,igottaguy4that.com,+1 512-715-4997,,,,,customercare@igottaguy4that.com,unattributed,customercare@igottaguy4that.com,https://www.igottaguy4that.com/,Customercare@igottaguy4that.com Customercare@igottaguy4that.com CES CONTACT GET AN INSTANT ESTIMATE BOOK AN IN-PERSON ESTIMATE APPLY 2 BE A GUY WE GOT HELP 4 THAT LICENSING AGREEMENT FOLLOW US : CONTA,found
IQ Smart Handyman,https://iqsmarthandyman.com/,iqsmarthandyman.com,+1 737-704-7478,,,,,iqsmarthandyman@gmail.com,unattributed,iqsmarthandyman@gmail.com,https://iqsmarthandyman.com/,iqsmarthandyman@gmail.com + 1 (737) 704-7478 iqsmarthandyman@gmail.com iqsmarthandyman@gmail.com Phone: + 1 (737) 704-7478 Mail: iqsmarthandyman@gmail.com say hi? Drop us a line below. We’re always ha,found
Inside Out Construction And Design,http://www.iorconstruction.com/,iorconstruction.com,+1 512-842-9961,,,,,shawn@iocdesignbuild.com,unattributed,shawn@iocdesignbuild.com,https://www.iorconstruction.com/,"ood Siding Areas Austin, Barton Creek, Bee Cave, Lost Creek, Manchaca, Onion Creek, Pflugerville, Rollingwood, Shady Hollow, Sunset Valley, West Lake Hills Contact Shawn Nikah | (512) 842-9961 | shawn",found
JDM Sliding Door & Window Repair,https://slidingdoorrepairft.com/broward,slidingdoorrepairft.com,+1 954-689-2155,"721 NE 3rd Ave, Fort Lauderdale, FL 33304, United States",,,,office@slidingdoorrepairft.com,generic mailbox,office@slidingdoorrepairft.com,https://slidingdoorrepairft.com/,"Email office@slidingdoorrepairft.com Get a Free Estimate Ready to fix or upgrade your sliding doors? Contact us today for a free, no-obligation estimate. Our team is available for same-day service. Ca",found
JVR Impact Windows & Doors,https://www.jvrwindows.com/,jvrwindows.com,+1 954-902-4418,"650 NE 44th St, Oakland Park, FL 33334, United States",,,,service@jvrwindows.com,generic mailbox,service@jvrwindows.com,https://www.jvrwindows.com/,,found
Johnson Energy Solutions,http://www.impact-florida.com/,impact-florida.com,+1 954-214-1217,"4700 Powerline Rd, Oakland Park, FL 33309, United States",,,,pete@wasteoil-florida.com,unattributed,pete@wasteoil-florida.com,http://impact-florida.com/contact-us.html,,found
Jon Wright Industries,https://www.jonwrightroofing.com/,jonwrightroofing.com,+1 972-251-1818,,,,,estimates@jonwrightindustries.com,generic mailbox,estimates@jonwrightindustries.com,https://jonwrightindustries.com/,estimates@jonwrightindustries.com estimates@jonwrightindustries.com estimates@jonwrightindustries.com Jon Wright Industries call (972) 251-1818 mail estimates@jonwrightindustries.com Get Estimate Home,found
Kevin's Glass & Roofing,http://kevinsglassandroofing.com/,kevinsglassandroofing.com,+1 512-671-8740,,Kevin Reeves,,,kevin.reeves@gmail.com,personal mailbox,kevin.reeves@gmail.com,https://www.kevinsglassandroofingtx.com/,,found
Kings Sliding Door,http://arizona.kingsslidingdoorrepair.com/,arizona.kingsslidingdoorrepair.com,+1 888-664-5553,,,,,contact@kingsslidingdoorrepair.com,generic mailbox,contact@kingsslidingdoorrepair.com,https://arizona.kingsslidingdoorrepair.com/,"contact@kingsslidingdoorrepair.com contact@kingsslidingdoorrepair.com Skip to content Special Offer: ""KINGS2026"" - 20% OFF for Any Repair! Phone (480) 401-4192 Email contact@kingsslidingdoorrepair.com",found
Kirk Windows LLC,http://www.kirkwindows.com/,kirkwindows.com,+1 972-977-7292,,,,,sales@kirkwindows.com,generic mailbox,sales@kirkwindows.com,https://www.kirkwindows.com/,"sales@kirkwindows.com Dallas, TX 972-977-7292 sales@kirkwindows.com Back To Top Dallas, TX 972-977-7292 sales@kirkwindows.com",found
L.J. Neal & Sons,https://bestwindowreplacement.com/,bestwindowreplacement.com,+1 602-661-6852,,,,,eben@eyebytes.com,unattributed,eben@eyebytes.com,https://bestwindowreplacement.com/,,found
Lake Travis Roofing,https://www.laketravisroofing.com/,laketravisroofing.com,+1 512-886-5060,"2802 Flintrock Trace Suite 313, Austin, TX 78738, United States",,,,info@laketravisroofing.com,generic mailbox,info@laketravisroofing.com,https://laketravisroofing.com/,"info@laketravisroofing.com info@laketravisroofing.com info@laketravisroofing.com info@laketravisroofing.com lists are standing by to provide a thorough inspection, detailed damage documentation, and a",found
Landmark Building Co.,https://www.landmarkbuildingco.com/,landmarkbuildingco.com,+1 214-727-0201,"13590 Floyd Cir Ste 110, Dallas, TX 75243, United States",,,,sales@landmarkbuildingco.com,generic mailbox,sales@landmarkbuildingco.com,https://www.landmarkbuildingco.com/,Request Quote Request Quote,found
Legacy Windows LLC,https://thelegacywindows.com/,thelegacywindows.com,+1 480-448-2098,"3106 W Thomas Rd #1107, Phoenix, AZ 85017, United States",,,,chris@ceocontractor.com,unattributed,chris@ceocontractor.com,https://thelegacywindows.com/,,found
Lion Windows,https://lionwindows.com/,lionwindows.com,+1 512-940-6000,"108 Wild Basin Rd S Suite 250, West Lake Hills, TX 78746, United States",,,,john@lionwindows.com,unattributed,john@lionwindows.com,https://www.lionwindows.com/,info@lionwindows.com info@lionwindows.com 512-817-5988,found
Lone Star Glass and Aluminum,https://lonestarglassandaluminum.com/,lonestarglassandaluminum.com,+1 972-748-9481,"6526 Maryibel Cir, Dallas, TX 75237, United States",,,,supermglass@gmail.com,unattributed,supermglass@gmail.com,https://lonestarglassandaluminum.com/,"l Glaziers Replacement Glass Commercial Window Replacement Residential Window Replacement Gallery Contact Us Contact Us Carrollton, TX 75006 Tel:(972) 748-9481 Email:supermglass@gmail.com",found
Lone Star Home Pro,https://lonestarhomepro.com/,lonestarhomepro.com,+1 214-417-6390,,,,,[email_address],unattributed,[email_address],https://lonestarhomepro.com/,[email_address],found
Longhorn Glass,http://longhornglass.net/,longhornglass.net,+1 512-443-9000,"13216 Pond Springs Rd, Austin, TX 78729, United States",,,,contact@longhornglass.net,generic mailbox,contact@longhornglass.net,https://longhornglass.net/,,found
Luft Windows,https://www.luftwindows.com/,luftwindows.com,+1 480-508-8958,"2010 E University Dr #25, Tempe, AZ 85281, United States",,,,info@luftwindows.com,generic mailbox,info@luftwindows.com,https://www.luftwindows.com/,,found
Luna Glass and Mirror,https://lunaglassmirror.com/,lunaglassmirror.com,+1 214-284-1397,,,,,omarborrillo@gmail.com,unattributed,omarborrillo@gmail.com,https://lunaglassmirror.com/,Omarborrillo@gmail.com Luna Glass and Mirror Based in Mesquite · Serving Dallas–Fort Worth (214) 284-1397 Contact Luna Glass and Mirror Omarborrillo@gmail.com Frisco Mesquite Rockwall View All Service,found
LuxVue Pros,https://www.luxvuepros.com/,luxvuepros.com,+1 214-995-6140,,,,,roger@luxvuepros.com,unattributed,roger@luxvuepros.com,https://luxvuepros.com/,roger@luxvuepros.com • Email everything to: roger@luxvuepros.com Click Here to Email for Quote Click Here to Email for Quote Email to Book Appointment Email to Book Appointment ide Window Sizes • Meas,found
MIW Roofing,https://miwroofing.com/,miwroofing.com,+1 954-634-3838,"404 NE 38th St, Oakland Park, FL 33334, United States",,,,miwroofingllc@gmail.com,unattributed,miwroofingllc@gmail.com,https://miwroofing.com/contracting-estimates/,"ase or service. This is a standard rate subscription service available on most carriers, Msg & Data Rates May Apply. You can also request additional information by texting HELP or sending an email to ",found
MNP Window and Door,https://mnpwindowanddoor.com/,mnpwindowanddoor.com,+1 512-368-8845,,,,,mnpwindowanddoor@outlook.com,unattributed,mnpwindowanddoor@outlook.com,https://www.mnpwindowanddoor.com/,,found
MR GLAZIER - Windows Doors Shower Enclosures,https://mrglazier.com/fl-fort-lauderdale/,mrglazier.com,+1 954-504-6501,"217 S Federal Hwy, Fort Lauderdale, FL 33301, United States",,,,nj@mrglazier.com,unattributed,nj@mrglazier.com,https://mrglazier.com/,"nj@MrGlazier.com nj@MrGlazier.com New York NY 10022 888-287-0980 info@MrGlazier.com Office New jersey 28 Valley Rd, Montclair, NJ 07042 973-354-9868 nj@MrGlazier.com Office Southampton 53 Hill St, Sou",found
Marine Windows Solutions,http://marinewindowssolutions.com/,marinewindowssolutions.com,+1 754-325-1470,,,,,info@marinewindowssolutions.com,generic mailbox,info@marinewindowssolutions.com,https://marinewindowssolutions.com/,,found
Martin Exteriors Roofing & Siding,https://martinexteriors.com/,martinexteriors.com,+1 815-209-9054,"6019 Fincham Dr Ste 4, Rockford, IL 61108, United States",,,,info@martinexteriors.com,generic mailbox,info@martinexteriors.com,https://martinexteriors.com/,,found
McCoy's Building Supply,https://www.mccoys.com/stores/austin-290-west-tx,mccoys.com,+1 512-288-3313,"11811 US-290, Austin, TX 78737, United States",,,,online.services@mccoys.com,unattributed,online.services@mccoys.com,https://www.mccoys.com/,,found
Mercury Exteriors,https://mercuryexteriors.com/,mercuryexteriors.com,+1 512-729-7663,,,,,info@mercuryexteriors.com,generic mailbox,info@mercuryexteriors.com,https://mercuryexteriors.com/,info@mercuryexteriors.com info@mercuryexteriors.com Get in Touch with mercury exteriors Please contact us for a free quotation and tell us more about your project! (512)-729-ROOF(7663) info@mercuryext,found
Metro Steel Doors Austin,https://metrosteeldoors.com/,metrosteeldoors.com,+1 512-402-6881,"1501 Ranch Rd 620 N a, Lakeway, TX 78734, United States",,,,tom@metrosteeldoors.com,unattributed,tom@metrosteeldoors.com,https://www.metrosteeldoors.com/contact-us/,"tom@metrosteeldoors.com Email: tom@metrosteeldoors.com Mobile: 903-520-7725 materials and bending light. Our finely crafted products are energy efficient, too, so you never have to give up function fo",found
Metroplex Door Repair LLC,http://metroplexdoorrepair.llc/,metroplexdoorrepair.llc,+1 469-328-6628,"6611 Lockheed Ave, Dallas, TX 75209, United States",,,,metroplexdoorrepair@gmail.com,unattributed,metroplexdoorrepair@gmail.com,https://metroplexdoorrepair.llc/,Ask a Question Call Us Ask a Question Ask a Question Call (469) 328-6628 Ask a Question metroplexdoorrepair@gmail.com metroplexdoorrepair@gmail.com es Glass and Mirrors Service Metal and Aluminum Door,found
Metroplex windows & Glass,https://mydallaswindows.com/,mydallaswindows.com,+1 972-323-5200,"1425 Century Dr, Carrollton, TX 75006, United States",,,,info@metroplexwindowsglass.com,generic mailbox,info@metroplexwindowsglass.com,https://mydallaswindows.com/,,found
Michaels Windows Doors & More,http://michaelswindowsdoorsandmore.com/,michaelswindowsdoorsandmore.com,+1 815-217-8429,,,,,michaelsandmore815@gmail.com,unattributed,michaelsandmore815@gmail.com,https://www.michaelswindowsdoorsandmore.com/,"ES We Offer a Range of Services - Windows, Doors, & other handyman needs SERVICES Michaels Windows Doors & More SERVICES PROJECTS ABOUT US HEAD OFFICE 1325 15th Ave Rockford IL 61104 815-217-8429 mich",found
Midwest Wholesale Glass & Shower Doors,http://www.midwestwholesaleglass.com/,midwestwholesaleglass.com,+1 800-593-9812,,,,,info@rockfordglass.com,generic mailbox,info@rockfordglass.com,https://www.midwestwholesaleglass.com/,editor. The Yext Knowledge Tags are successfully installed and will be added to the website. Toll-free: 800-593-9812 Local: 815-226-3457 Fax Orders: 815-226-0562 ﻿ info@rockfordglass.com Hi. Do you ne,found
Mister Glass,https://www.misterglassinc.com/?utm_source=gmb&utm_medium=organic&utm_campaign=DALLAS,misterglassinc.com,+1 972-669-0951,"13342 Floyd Cir, Dallas, TX 75243, United States",,,,info@callmrglass.com,generic mailbox,info@callmrglass.com,https://misterglassinc.com/,Get a Free Quote Get a Free Quote Call (972) 669-0951,found
Model Glass & Shower Doors,https://modelglassatx.com/?utm_source=google&utm_medium=organic&utm_campaign=gbp,modelglassatx.com,+1 979-587-2334,,,,,modelglassatx@gmail.com,unattributed,modelglassatx@gmail.com,https://modelglassatx.com/about-model-glass-austin/,"ll replace the unit. This warranty doesn’t cover surface condensation, stress cracks, color variations, or damage from misuse, chemicals, weather, or structural shifts. To file a claim, email us at mo",found
NT Window Inc.,http://www.ntwindow.com/,ntwindow.com,+1 800-969-8830,"2900 W Seminary Dr, Fort Worth, TX 76133, United States",,,,careers@ntwindow.com,unattributed,careers@ntwindow.com,https://ntwindow.com/our-company/careers/,Careers@ntwindow.com All of us here at NT Window believe that it is our duty as citizens of this great country to support the growth of domestic products and their respective manufacturers. If you wou,found
NexGen Contracting,https://www.nexgencontracting.com/,nexgencontracting.com,+1 815-756-0557,"6260 E Riverside Blvd Ste 225, Loves Park, IL 61111, United States",,,,mannytriplecrown@gmail.com,unattributed,mannytriplecrown@gmail.com,https://www.nexgencontracting.com/,Roofing Siding Windows Storm Damage Contact Blog FAQ Get in touch (815) 756-0557 mannytriplecrown@gmail.com Roofing Siding Windows Storm Damage Contact Blog,found
Noble Windows and Doors,https://noblewindowsanddoors.com/window-installation-phoenix-arizona/,noblewindowsanddoors.com,+1 623-810-3460,"4001 E Broadway Rd Unit B-11, Phoenix, AZ 85040, United States",,,,mgr@noblewandd.com,unattributed,mgr@noblewandd.com,https://noblewindowsanddoors.com/,"mgr@noblewandd.com (623) 810-3460 mgr@noblewandd.com Request a free estimate ley, Mesa, Chandler and the surrounding Valley. Visit 4001 E Broadway Rd, Suite B-11 Phoenix, AZ 85040 Open Mon to Sun, 6:0",found
North Star Glass LLC,https://www.northstarglasstexas.com/,northstarglasstexas.com,+1 972-639-7196,,,,,info@ndiscovered.com,generic mailbox,info@ndiscovered.com,https://northstarglasstexas.com/,,found
Nova View Installations LLC,https://www.windowinstallationdallastx.com/,windowinstallationdallastx.com,+1 214-506-8288,,,,,windowinstallsdfw@gmail.com,unattributed,windowinstallsdfw@gmail.com,https://windowinstallationdallastx.com/,"Windowinstallsdfw@gmail.com Windowinstallsdfw@gmail.com ery / Portfolio Find 913 Rutherford Dr Mesquite, TX 75149 Contact ‪(214) 506-8288‬ Mon - Sun: 8AM - 8PM Windowinstallsdfw@gmail.com © All Copyri",found
OMEGA GARAGE DOOR INC,https://www.omegadoorsandwindows.com/,omegadoorsandwindows.com,+1 954-416-3020,"4972 SW 35th Terrace, Fort Lauderdale, FL 33312, United States",,,,info@omegadoorsandwindows.com,generic mailbox,info@omegadoorsandwindows.com,https://www.omegadoorsandwindows.com/,"info@omegadoorsandwindows.com info@omegadoorsandwindows.com info@omegadoorsandwindows.com +1- 866-777-4770 info@omegadoorsandwindows.com 4972 SW 35th Terrace , Fort Lauderdale , FL 33312 each, Boca Ra",found
Orbit Roofing,https://www.orbitroofs.com/,orbitroofs.com,+1 512-957-0155,,,,,office@orbitroofs.com,generic mailbox,office@orbitroofs.com,https://orbitroofs.com/,"ebook Instagram Linkedin X-twitter Pinterest Threads (512) 957-0155 office@orbitroofs.com PO Box 164301, Austin, TX 78716 Get a Free Consultation © 2026 Orbit Roofing All Rights Reserved. Privacy Poli",found
PORTEUSA,http://porteusa.com/,porteusa.com,+1 512-696-6212,"1300 W Anderson Ln., Austin, TX 78757, United States",,,,anapbm@gmail.com,unattributed,anapbm@gmail.com,https://porteusa.com/,,found
Performance Windows Austin,https://www.goperformancewindows.com/,goperformancewindows.com,+1 737-231-0710,"1405 Arrow Point Dr Bldg 11 Ste 1108, Cedar Park, TX 78613, United States",,,,sales@goperformancewindows.com,generic mailbox,sales@goperformancewindows.com,https://goperformancewindows.com/,sales@goperformancewindows.com sales@goperformancewindows.com reakage! Ready for a Total Window Makeover? Let’s talk through your project. We would be happy to help! sales@goperformancewindows.com (85,found
Plano Home Window Replacement,https://planohomewindowreplacement.com/,planohomewindowreplacement.com,+1 469-551-4499,,,,,info@planohomewindowreplacement.com,generic mailbox,info@planohomewindowreplacement.com,https://planohomewindowreplacement.com/,,found
Portal Pros - Austin Dog Door Installation,https://portalprosaustin.com/,portalprosaustin.com,+1 512-270-1104,,,,,austin@theportalpros.com,unattributed,austin@theportalpros.com,https://portalprosaustin.com/,,found
Portal Pros - Dallas Dog Door Installation,https://portalprosdallas.com/,portalprosdallas.com,+1 214-307-2503,,,,,dallas@theportalpros.com,unattributed,dallas@theportalpros.com,https://portalprosdallas.com/,,found
Portal Pros - Phoenix Dog Door Installation,https://portalprosphoenix.com/,portalprosphoenix.com,+1 602-345-0669,,,,,phoenix@theportalpros.com,unattributed,phoenix@theportalpros.com,https://portalprosphoenix.com/,,found
Portella Steel Doors & Windows - Austin,https://portella.com/,portella.com,+1 512-263-8851,"4111 Todd Ln Ste 1000, Austin, TX 78744, United States",,,,sales@portella.com,generic mailbox,sales@portella.com,https://portella.com/contact/,"sales@portella.com sales@portella.com ing a dealer CAPTCHA Austin Area Showroom: Headquarters  Address: 4111 Todd Lane, Suite 1000 Austin, TX 78744  Email sales@portella.com  Phone: +15122638851  ",found
Premium Siding and Painting,https://pspcompany.com/,pspcompany.com,+1 512-997-9613,"13806 Ann Pl Bldg 2, Austin, TX 78728, United States",,,,gabriel@pspcompany.com,unattributed,gabriel@pspcompany.com,https://pspcompany.com/team/gabriel/,"Gabriel Premium Siding & Painting Company - Team Member - Senior Engineer - Gabriel Gabriel Consultant gabriel@pspcompany.com (512) 997-9613 Welcome! I'm Gabriel Perez, your go-to consultant for sidin",found
Preservan Dallas,https://preservan.com/locations/dallas/?utm_source=GMBlisting&utm_medium=organic,preservan.com,+1 469-415-1631,,,,,portland@preservan.com,unattributed,portland@preservan.com,https://preservan.com/,,found
Presidio,http://presidiodoors.com/,presidiodoors.com,+1 512-524-6060,"8651 Old Bee Caves Rd, Austin, TX 78735, United States",,,,info@presidiodoors.com,generic mailbox,info@presidiodoors.com,https://presidiodoors.com/,info@PresidioDoors.com 512-524-6060 info@PresidioDoors.com Presidio Custom Steel Doors & Windows 512-524-6060 info@PresidioDoors.com Request a Quote! Home Contemporary Designs Ornate Designs Door & Wi,found
Pro Lux Construction,https://proluxcon.com/,proluxcon.com,+1 954-231-2329,"1560 Sawgrass Corporate Pkwy Ste 400, Sunrise, FL 33323, United States",,,,marketing@proluxcon.com,unattributed,marketing@proluxcon.com,https://proluxcon.com/contact-us/,marketing@proluxcon.com marketing@proluxcon.com Contact Information Get in Touch! We will get back to you as soon as possible. Email marketing@proluxcon.com Call Us +1 786-983-6223 Location 1560 Sawgr,found
Propertifix Handyman & Renovation Services,https://propertifix.com/,propertifix.com,+1 214-210-1111,,,,,service@propertifix.com,generic mailbox,service@propertifix.com,https://propertifix.com/,,found
R S Remodeling Austin,http://rsremodelingaustin.com/,rsremodelingaustin.com,+1 512-584-3274,,,,,segura1024@yahoo.com,unattributed,segura1024@yahoo.com,https://www.rsremodelingaustin.com/contact,segura1024@yahoo.com Rafael Segura E-mail: segura1024@yahoo.com Tel: 512-584-3274 re Use tab to navigate through the menu items. Like us on Facebook. Get in touch Fill out your information below to ha,found
RCE Construction & Remodeling,https://www.rceconstructionandremodeling.com/,rceconstructionandremodeling.com,+1 512-508-8476,"2823 E Martin Luther King Jr Blvd, Austin, TX 78702, United States",,,,info@rceconstructionandremodeling.com,generic mailbox,info@rceconstructionandremodeling.com,https://www.rceconstructionandremodeling.com/,"n touch today! First Name Last Name Email Phone Schedule a Free Consultation Thank you for reaching out! Contact Us Contact Address 2823 E Martin Luther King Jr Blvd, Austin, TX 78702 (512) 508-8476 i",found
RTC Restoration and Glass,https://rtcrg.com/contact-us-version-1/,rtcrg.com,+1 972-446-2211,"2711 Daisy Dr, Austin, TX 78724, United States",,,,info@rtcrg.com,generic mailbox,info@rtcrg.com,https://rtcrg.com/,info@rtcrg.com info@rtcrg.com Linkedin 40 Years of Service and Restorations 972-446-2211 info@rtcrg.com Employment Opportunities CONTACT US HOME Building Restoration & Waterproofing Glass Replacement ,found
Radiant Windows & Glass,https://www.radiantwindowsglass.com/?utm_source=gmb&utm_medium=organic&utm_campaign=Maps,radiantwindowsglass.com,+1 469-727-9745,"5730 Martel Ave #118, Dallas, TX 75206, United States",,,,jingle@status26.com,unattributed,jingle@status26.com,https://www.radiantwindowsglass.com/,,found
Radio Window Co.,https://radiowindow.com/,radiowindow.com,+1 888-265-8205,"7210 E State St Ste 102, Rockford, IL 61108, United States",,,,info@radiowindow.com,generic mailbox,info@radiowindow.com,https://radiowindow.com/,info@radiowindow.com DFW / North Texas IL / WI Stateline Springfield / MO Ozarks IN DEVELOPMENT Missouri · Kansas · Colorado (888) 265-8205 info@radiowindow.com ntification Resources FAQ Knowledge Cen,found
Randy Palmeri & Son Inc,https://www.randypalmeriandson.com/?utm_source=GMB_Listing&utm_medium=Organic&utm_campaign=Website_Button,randypalmeriandson.com,+1 833-725-6374,"1560 S Alpine Rd, Rockford, IL 61108, United States",,,,office@randypalmeriandson.com,generic mailbox,office@randypalmeriandson.com,https://www.randypalmeriandson.com/,office@randypalmeriandson.com office@randypalmeriandson.com ne right! TV Commercials Play Video Play Video Play Video Play Video Play Video Play Video Play Video Play Video Play Video Play Video Home:,found
Razor Mirror and Glass,https://www.razormirrorandglass.com/,razormirrorandglass.com,+1 469-258-0821,,,,,gmr@razormirrorandglass.com,unattributed,gmr@razormirrorandglass.com,https://www.razormirrorandglass.com/,FREE QUOTE FREE QUOTE FREE QUOTE FREE QUOTE FREE QUOTE FREE QUOTE,found
Reliable Sliding Glass Door Repair,http://www.reliabledoorrepair.com/,reliabledoorrepair.com,+1 954-401-3715,"1640 E Sunrise Blvd Unit 2304, Fort Lauderdale, FL 33304, United States",,,,reliableslidingglassdoorrepair@gmail.com,unattributed,reliableslidingglassdoorrepair@gmail.com,https://reliabledoorrepair.com/,reliableslidingglassdoorrepair@gmail.com reliableslidingglassdoorrepair@gmail.com scover the difference we can make for your sliding door needs in the Sunshine State today! Google Maps Location 1640 E,found
Reliance Window Systems,https://www.reliancewindowsystems.com/,reliancewindowsystems.com,+1 954-393-5646,,,,,info@reliancewindowsystems.com,generic mailbox,info@reliancewindowsystems.com,https://www.reliancewindowsystems.com/,,found
Remodel Experts,https://remodelexpertsaz.com/,remodelexpertsaz.com,+1 602-418-8260,,,,,info@remodelexpertsaz.com,generic mailbox,info@remodelexpertsaz.com,https://remodelexpertsaz.com/about/,"info@remodelexpertsaz.com info@remodelexpertsaz.com 5225 North 40th Street Phoenix, Arizona 85018 (602) 418-8260 (480) 254-9334 info@remodelexpertsaz.com Mon - Fri: 7:30 AM - 5:30 PM Saturday: 8:00 AM",found
Rockford Glass,https://www.rockfordglass.com/,rockfordglass.com,+1 815-426-1162,"5401 E State St, Rockford, IL 61108, United States",,,,info@rockfordglass.com,generic mailbox,info@rockfordglass.com,https://www.rockfordglass.com/,,found
Rockford Siding and Windows LLC,http://rockford-siding.com/,rockford-siding.com,+1 815-214-9390,"5441 Forest Hills Ct, Loves Park, IL 61111, United States",,,,office@rockford-siding.com,generic mailbox,office@rockford-siding.com,https://www.rockford-siding.com/,"ut only within the editor. The Yext Knowledge Tags are successfully installed and will be added to the website. Rockford Siding and Windows 5441 Forest Hills Ct. Loves Park, IL 61111 815-214-9390 offi",found
RoofPros & Windows,https://www.roofingsst.com/,roofingsst.com,+1 954-302-3753,,,,,sales@roofingsst.com,generic mailbox,sales@roofingsst.com,https://roofingsst.com/,"cial Roofing Locations Palm Beach Fort Lauderdale Broward County Contact (954) 302-3753 sales@roofingsst.com 4403 Peters Road, Plantation, FL 33317 Google Copyright © 2025 Roofpros & Windows. All righ",found
Ross Revival,https://rossrevival.com/,rossrevival.com,+1 469-212-0722,"9007 San Benito Way, Dallas, TX 75218, United States",,,,info@rossrevival.com,generic mailbox,info@rossrevival.com,https://www.rossrevival.com/,"(all 28 of them) are now in great shape. New glazing throughout and they rebuilt front door as well. Good job guys. -John & Bev. C. Junius Heights, Old East Dallas Proud Members Of: info@rossrevival.c",found
Royal Screen Solutions,https://royalscreensolutions.com/,royalscreensolutions.com,+1 954-870-0878,"2805 E Oakland Park Blvd, Fort Lauderdale, FL 33306, United States",,,,royalscreensolutions@gmail.com,unattributed,royalscreensolutions@gmail.com,https://royalscreensolutions.com/,"royalscreensolutions@gmail.com Royal Screen Solutions 2805 E Oakland Park Blvd #383 Fort Lauderdale, FL 33306 954-870-0878 royalscreensolutions@gmail.com o answer your questions, or schedule your appo",found
SMART REPLACE CORP,http://www.smartreplacecorp.com/,smartreplacecorp.com,+1 954-658-4298,"1451 W Cypress Creek Rd #300, Fort Lauderdale, FL 33309, United States",,,,info@smartreplacecorp.com,generic mailbox,info@smartreplacecorp.com,https://smartreplacecorp.com/,him shall not perish but have eternal life. JOHN 3:16 Quick Links Home About Us Services Projects Products Data Contacts Tel: 954-658-4298 Email: info@smartreplacecorp.com Address: 1451 W. Cypress Cre,found
SOFLO IMPACT WINDOWS,https://www.sofloimpactwindows.com/,sofloimpactwindows.com,+1 754-223-3700,"2895 NE 32nd St Apt 210, Fort Lauderdale, FL 33306, United States",,,,name@yoursite.com,unattributed,name@yoursite.com,https://www.sofloimpactwindows.com/about-us,,found
SWP GLOBAL LLC,https://swpgloballlc.com/contact-us,swpgloballlc.com,+1 469-514-1415,,,,,tom@swpgloballlc.com,unattributed,tom@swpgloballlc.com,https://swpgloballlc.com/,"tom@swpgloballlc.com Email: tom@swpgloballlc.com Drop us a line, and let's discuss how we can work together Email Drop a line SWP GLOBAL LLC. 2626 COLE AVENUE, DALLAS TX 75204 UNITED STATES Website: h",found
Salazar & Sons Window Co.,https://salazarandsonswindow.com/,salazarandsonswindow.com,+1 469-994-9236,,,,,salazarwindowco@gmail.com,unattributed,salazarwindowco@gmail.com,https://salazarandsonswindow.com/,"salazarwindowco@gmail.com 📍 Dallas, TX — Serving all of DFW | 📞 (469) 909-3185 | ✉️ salazarwindowco@gmail.com Fort Worth. Call (469) 909-3185 Free Estimate 📞 (469) 909-3185 See if you qualify 📍 Dallas",found
Sali's Roofing,https://salisroofing.com/?utm_source=google&utm_medium=organic&utm_campaign=gbp_listing&utm_content=salis_roofing,salisroofing.com,+1 469-677-0239,"10930 Switzer Ave #123, Dallas, TX 75238, United States",,,,office@salisroofing.com,generic mailbox,office@salisroofing.com,https://salisroofing.com/,office@salisroofing.com Dallas: (469) 677-0239 Houston: (832) 365-3376 office@salisroofing.com office@salisroofing.com Dallas: (469) 677-0239 Houston: (832) 365-3376 office@salisroofing.com imate Menu,found
Screens By Eric,https://screensbyeric.com/,screensbyeric.com,+1 512-567-3452,,,,,eric@screensbyeric.com,unattributed,eric@screensbyeric.com,https://screensbyeric.com/,eric@screensbyeric.com eric@screensbyeric.com ion affordable for you. We accept all major credit and debit cards Contact Us / Request Service Type the characters you see: Unreadable? Regenerate Submit,found
Shades Austin,https://www.shadesaustin.com/,shadesaustin.com,+1 512-991-2024,"8900 Shoal Creek Blvd Ste 111, Austin, TX 78757, United States",,,,info@indiantypefoundry.com,generic mailbox,info@indiantypefoundry.com,https://shadesaustin.com/,,found
Showroom Windows & Doors,https://www.showroomwindows.com/?utm_source=GMB&utm_medium=local,showroomwindows.com,+1 512-777-0461,"13717 Burnet Rd #350A, Austin, TX 78727, United States",,,,brandon@showroomwindows.com,unattributed,brandon@showroomwindows.com,https://www.showroomwindows.com/about/,,found
Skylinq Home,https://www.skylinqhome.com/,skylinqhome.com,+1 945-352-2008,,,,,info@skylinqhome.com,generic mailbox,info@skylinqhome.com,https://skylinqhome.com/get-in-touch,General inquiries info@skylinqhome.com We read every message and reply personally — no bots! General inquiries info@skylinqhome.com We read every message and reply personally — no bots! Phone +1 945 3,found
Sliding Doors Pro – Sliding Door & Window Repair,https://slidingdoorsrepairpro.com/,slidingdoorsrepairpro.com,+1 888-818-1628,"2490 Griffin Rd, Fort Lauderdale, FL 33312, United States",,,,slidingdoorsproservice@gmail.com,unattributed,slidingdoorsproservice@gmail.com,https://slidingdoorsrepairpro.com/,slidingdoorsproservice@gmail.com slidingdoorsproservice@gmail.com Contact Us Facebook Instagram Youtube 2490 Griffin Rd Fort Lauderdale slidingdoorsproservice@gmail.com (954) 282-1953 Sliding Door Rep,found
Smart Glass Tech,https://smglasstech.com/,smglasstech.com,+1 512-317-5858,,,,,info@smglasstech.com,generic mailbox,info@smglasstech.com,https://smglasstech.com/,"info@smglasstech.com info@smglasstech.com Skip to content SM Glass Tech Austin, Texas info@smglasstech.com Facebook Home About Us Services Gallery Get a quote Menu Home About Us Services Gal",found
Smart Home Exteriors,http://www.smarthomeexteriors.com/,smarthomeexteriors.com,+1 779-210-4096,"915 S Alpine Rd, Rockford, IL 61108, United States",,,,info@smarthomeexteriors.com,generic mailbox,info@smarthomeexteriors.com,https://smarthomeexteriors.com/home,,found
Smooth Sliders,https://smoothsliders.com/,smoothsliders.com,+1 954-818-9607,,,,,smoothsliders@gmail.com,unattributed,smoothsliders@gmail.com,https://smoothsliders.com/contact-us-sliding-door-repair/,"smoothsliders@gmail.com smoothsliders@gmail.com thly and add aesthetic value to your home again. For more information, see the U.S. Department of Energy guide to energy-efficient windows and doors con",found
Solara Custom Living - Showroom,https://solaracustomliving.com/,solaracustomliving.com,+1 214-744-9900,"142 Howell St, Dallas, TX 75207, United States",,CEO,1,kdiaz@solaracl.com,unattributed,kdiaz@solaracl.com,https://solaracustomliving.com/contact-us/,kdiaz@solaracl.com kdiaz@solaracl.com / Ext 106 a Reyna freyna@solaracl.com / Ext 126 Itzel Labastida ilabastida@solaracl.com / Ext 105 Management Team Karina Diaz – Comptroller kdiaz@solaracl.com / E,found
Solid Exteriors LLC,http://solid-exteriors.com/?utm_source=google&utm_medium=wix_google_business_profile&utm_campaign=16700656850061699214,solid-exteriors.com,+1 469-520-0466,,,,,solidexteriors@gmail.com,unattributed,solidexteriors@gmail.com,https://www.solid-exteriors.com/,"solidexteriors@gmail.com solidexteriors@gmail.com Get in touch Get in touch Siding Contractor | Solid Exteriors, LLC | Dallas, TX top of page SOLID EXTERIORS, LLC solidexteriors@gmail.com (469) 520-04",found
South Florida Windows & Doors,http://myflwindows.com/?utm_source=google&utm_medium=organic&utm_campaign=gbp_pompano_beach_fl,myflwindows.com,+1 954-957-9763,"3195 N Powerline Rd Ste 112, Pompano Beach, FL 33069, United States",,,,info@myflwindows.com,generic mailbox,info@myflwindows.com,https://myflwindows.com/,"info@myflwindows.com If you have questions about this Privacy Policy, please contact us at: South Florida Windows & Doors 3195 N Powerline Road, Pompano Beach, FL (954) 833-0092 info@myflwindows.com i",found
Stained Glass Austin,http://www.stainedglassaustin.com/,stainedglassaustin.com,+1 512-539-0432,,,,,contact@stainedglasssanantonio.com,generic mailbox,contact@stainedglasssanantonio.com,https://stainedglassaustin.com/,contact@stainedglassaustin.com contact@stainedglassaustin.com,found
Stateline Windows & Doors,https://www.statelinewd.com/,statelinewd.com,+1 779-210-3123,"1240 Shappert Dr, Machesney Park, IL 61115, United States",,,,charles.laskey12@gmail.com,unattributed,charles.laskey12@gmail.com,https://www.statelinewd.com/,,found
Storey Construction,http://storeybuilders.com/,storeybuilders.com,+1 512-850-4370,"1801 E 51st St Ste 365-413, Austin, TX 78723, United States",Jonpinhorn Typedesign,,,jonpinhorn.typedesign@gmail.com,personal mailbox,jonpinhorn.typedesign@gmail.com,https://storeybuilders.com/,,found
Stork's Home Services,https://storkheatingandair.com/?utm_source=google&utm_medium=organic&utm_campaign=gbp,storkheatingandair.com,+1 972-421-8000,"10840 Switzer Ave #101, Dallas, TX 75238, United States",,,,info@storkheatingandair.com,generic mailbox,info@storkheatingandair.com,https://storkheatingandair.com/,,found
Storm Guard Roofing of Austin,https://www.stormguardrc.com/tx/austin-southwest/?utm_campaign=gmb&utm_medium=organic&utm_source=gbp,stormguardrc.com,+1 512-882-1844,"13284 Pond Springs Rd #303, Austin, TX 78729, United States",,,,franchise@stormguardrc.com,unattributed,franchise@stormguardrc.com,https://www.stormguardrc.com/about/contact-us/,,found
Sun & Sound Windows - Austin,https://sunandsoundwindows.com/,sunandsoundwindows.com,+1 512-879-6055,,,,,forms@sunandsoundwindows.com,unattributed,forms@sunandsoundwindows.com,https://sunandsoundwindows.com/,this mailing list to contact you for the purpose stated above. Subscribed! Your information has been successfully recorded. Add forms@sunandsoundwindows.com to your Safe Senders list to make sure you ,found
Sunny State Glass,https://sunnystateglass.com/,sunnystateglass.com,+1 480-526-9044,"1734 W Williams Dr #8, Phoenix, AZ 85027, United States",,,,sunnystateglass@outlook.com,unattributed,sunnystateglass@outlook.com,https://www.sunnystateglass.com/,"Sunnystateglass@outlook.com Sunnystateglass@outlook.com et’s make your space safer, brighter, and better than ever. SUBMIT Quick Links Home About Us Services Gallery Reviews Service Areas Contact Us C",found
Sunsational Solutions,http://sunsationalsolutions.com/,sunsationalsolutions.com,+1 512-246-8468,"7801 N Lamar Blvd c63, Austin, TX 78752, United States",,,,hello@sunsationalsolutions.com,generic mailbox,hello@sunsationalsolutions.com,https://www.sunsationalsolutions.com/,hello@sunsationalsolutions.com 512-246-8468 hello@sunsationalsolutions.com hello@sunsationalsolutions.com Sunsational Solutions hello@sunsationalsolutions.com 512.246.8468 Austin 210.490.8468 San Anto,found
T Rock Roofing & Contracting,https://www.dallasroofer.com/,dallasroofer.com,+1 469-931-9867,"9330 Lyndon B Johnson Fwy #900, Dallas, TX 75243, United States",,,,info@dallasroofer.com,generic mailbox,info@dallasroofer.com,https://dallasroofer.com/,Contact Contact,found
TJ Window & Door Repair,https://tjwindowrepair.com/?utm_source=omg-gbp&utm_medium=webclick,tjwindowrepair.com,+1 954-765-6316,"784 NE 44th St, Oakland Park, FL 33334, United States",,,,info@tjwindowrepair.com,generic mailbox,info@tjwindowrepair.com,https://tjwindowrepair.com/,Email Address info@tjwindowrepair.com Email Address info@tjwindowrepair.com ews LEAVE US A REVIEW! Phone Number (954) 765-6316 Email Address info@tjwindowrepair.com Address 784 NE 44th Street Oakland ,found
Tex Land Construction LLC,https://www.texlandconstruction.com/siding/siding-replacement-austin-tx/?utm_source=google&utm_medium=organic&ut%20m_campaign=gbp,texlandconstruction.com,+1 512-910-7852,"3709 Promontory Point Dr, Austin, TX 78744, United States",,,,texlandconstruction@gmail.com,unattributed,texlandconstruction@gmail.com,https://www.texlandconstruction.com/,,found
Texan Windows,https://texanwindows.com/?utm_source=Ad+Pages&utm_id=Texan+Windows+SEO,texanwindows.com,+1 512-298-1051,"165 Tecon Cove, Buda, TX 78610, United States",,,,support@texanwindows.com,generic mailbox,support@texanwindows.com,https://texanwindows.com/en-us,Email Us Replacement Windows Installed in Austin & San Antonio No marathon in-home sales pitch. 512-298-1051 Windows In Stock Email Us Email Us About Your Projects New Construction Windows For builder,found
Texas Elite Windows,http://txelitewindows.com/,txelitewindows.com,+1 512-775-7226,,,,,chandler@txelitewindows.com,unattributed,chandler@txelitewindows.com,https://www.txelitewindows.com/,"s smooth, stress-free, and tailored to what you need. Austin, TX and Surrounding Areas 512-775-7226 chandler@txelitewindows.com",found
Texas Mirrors & Doors LLC,https://txmirrors.com/,txmirrors.com,+1 512-459-3553,"2115 Northland Dr, Austin, TX 78756, United States",,,,tmdoors@sbcglobal.net,unattributed,tmdoors@sbcglobal.net,https://txmirrors.com/,tmdoors@sbcglobal.net tmdoors@sbcglobal.net tmdoors@sbcglobal.net tmdoors@sbcglobal.net Home Skip to main content Home Projects About Testimonials Contact Home Projects About Testimonials Contact FAMI,found
Texas Quick Construction,http://www.txquickconstruction.com/,txquickconstruction.com,+1 469-817-9329,,,,,info@txquickconstruction.com,generic mailbox,info@txquickconstruction.com,https://txquickconstruction.com/,"info@txquickconstruction.com info@txquickconstruction.com s Get a Free Inspection (469) 867-7321 Talk to an expert Contact Info info@txquickconstruction.com Dallas, TX 75228 Facebook X-twitter Linkedi",found
Texas Window & Door,https://twdremodeling.com/,twdremodeling.com,+1 469-588-4890,,,,,richard@texaswindowdoors.com,unattributed,richard@texaswindowdoors.com,https://twdremodeling.com/,  richard@twdremodeling.com richard@twdremodeling.com   richard@twdremodeling.com richard@twdremodeling.com,found
Texas Windows Direct,https://texaswindowsdirect.com/,texaswindowsdirect.com,+1 512-529-8612,"1710 Atlas Rd, Cedar Park, TX 78613, United States",,,,info@texaswindowsdirect.com,generic mailbox,info@texaswindowsdirect.com,https://www.texaswindowsdirect.com/,leave a review! Leave a Review Write a Review Star Rating: Submit Review Close Reviews Close Contact Us info@texaswindowsdirect.com (512) 529-8612 View Hours Business Hours Monday 08:00 AM - 07:00 PM ,found
The Door Doctor of South Florida Inc.,https://www.thedoordoctor.net/,thedoordoctor.net,+1 954-491-0039,"1188 NE 47th St, Oakland Park, FL 33334, United States",,,,info@thedoordoctor.net,generic mailbox,info@thedoordoctor.net,https://www.thedoordoctor.net/,,found
The Glass Guy Glass Repair,https://www.theglassguytx.com/,theglassguytx.com,+1 682-216-5638,,,,,theglassguycustomerservice@hotmail.com,unattributed,theglassguycustomerservice@hotmail.com,https://www.theglassguytx.com/contact-us-2/,"theglassguycustomerservice@hotmail.com info@theglassguytx.com theglassguycustomerservice@hotmail.com tact Us CONTACT DETAILS Happy to answer all your questions Our Location: Servicing all of Dallas, T",found
The Handy Hippie,https://www.thehandyhippie.com/,thehandyhippie.com,+1 512-888-2173,,,,,info@thehandyhippie.com,generic mailbox,info@thehandyhippie.com,https://www.thehandyhippie.com/,,found
The Original Frameless Shower Doors - Fort Lauderdale,https://www.framelessshowerdoors.com/local_franchisee/ft-lauderdale/,framelessshowerdoors.com,+1 954-510-9680,,,,,contact@fsdae.com,generic mailbox,contact@fsdae.com,https://www.framelessshowerdoors.com/,,found
The Shutter Store of Florida Inc,http://shutterstoreonline.com/,shutterstoreonline.com,+1 954-932-2352,"4308 NE 5th Terrace, Oakland Park, FL 33334, United States",,,,info@shutterstoreonline.com,generic mailbox,info@shutterstoreonline.com,https://www.shutterstoreonline.com/,"Email Us Contact Us 4308 NE 5th Terrace, Oakland Parks, FL 33334, US Email Us",found
The Window Source of DFW,https://www.windowsourcedfw.com/,windowsourcedfw.com,+1 469-655-9148,"3216 Commander Dr Ste 101, Carrollton, TX 75006, United States",,,,info@windowsourcedfw.com,generic mailbox,info@windowsourcedfw.com,https://windowsourcedfw.com/,info@WindowSourceDFW.com 1-469-655-9148 info@WindowSourceDFW.com w Source reCAPTCHA demo: Simple page 1-469-655-9148 info@WindowSourceDFW.com CHECK OUT OUR SPECIAL OFFERS! FINANCING HOME FREE ESTIMATE,found
Thermal Windows,http://www.thermalwindowsdfw.com/,thermalwindowsdfw.com,+1 214-630-5885,"8808 Empress Row, Dallas, TX 75247, United States",,,,in**@***************fw.com,unattributed,in**@***************fw.com,https://www.thermalwindowsdfw.com/careers/,in ** @ *************** fw.com Send resume to in ** @ *************** fw.com,found
Three Strong Restoration,https://threestrongrestoration.com/,threestrongrestoration.com,+1 779-970-1989,,,,,thr33strong@icloud.com,unattributed,thr33strong@icloud.com,https://threestrongrestoration.com/,thr33strong@icloud.com Contact Us thr33strong@icloud.com (779) 970-1989 Contact Form Quick Links Get My Free Estimate Home About Service Areas Gallery Our Services Decks Doors Windows Roof Repair Fram,found
Titan Siding Windows & Roofing,https://titansiding.com/,titansiding.com,+1 512-944-8029,"12112 Anderson Mill Rd Bldg 11a, Austin, TX 78726, United States",Mike Connors,,,mike.connors@titansiding.com,personal mailbox,mailto:mike.connors@titansiding.com,https://titansiding.com/about-titan,,found
Together Exterior & Outdoor Remodeling,https://together-exterior.com/,together-exterior.com,+1 833-400-3760,"1000 E 50th St C, Austin, TX 78751, United States",,,,info@together-dallas.com,generic mailbox,info@together-dallas.com,https://together-exterior.com/,"info@together-dallas.com info@together-dallas.com (866) 703-3047 1000 E 50th St C, Austin, TX 78751 Working Hours: 8:30AM - 5:30PM info@together-dallas.com © 2025 Together Exterior, All Rights Reserve",found
Top Notch Roofing & Exteriors INC.,http://topnotchroofing.net/,topnotchroofing.net,+1 815-721-4666,"7703 Forest Hills Rd, Loves Park, IL 61111, United States",,,,bader@topnotchroof.net,unattributed,bader@topnotchroof.net,https://www.topnotchroofing.net/,,found
Total Glassworks,https://www.totalglassworks.net/,totalglassworks.net,+1 512-831-7065,"12010 US-290 Ste 140, Austin, TX 78737, United States",,Owner,1,info@totalglassworks.net,generic mailbox,info@totalglassworks.net,https://www.totalglassworks.net/pages/glass-installation-replacement-shop-austin-tx-contact,info@totalglassworks.net info@totalglassworks.net info@totalglassworks.net info@totalglassworks.net Contact Number ✓ Valid Message Address 12010 US-290 suite 140 Austin Texas United States 78737 Phone,found
Trendy Home Quotes,https://hometrendyquote.com/,hometrendyquote.com,+1 225-384-1090,"2525 Inwood Rd ste 133, Dallas, TX 75235, United States",,,,contact@insurancetrendyquote.com,generic mailbox,contact@insurancetrendyquote.com,https://hometrendyquote.com/,support@hometrendyquote.com Contact support@hometrendyquote.com (833) 383-0278 Quick Link About us Privacy Policy Terms and Conditions,found
Trinity Glazing Contractors,https://www.trinityglazing.com/,trinityglazing.com,+1 214-339-6444,"4520 Mint Way #1, Dallas, TX 75236, United States",,,,thorpedo1015@yahoo.com,unattributed,thorpedo1015@yahoo.com,https://trinityglazing.com/,Website designed and created by Derek Thorpe Website designed and created by Derek Thorpe,found
True View Windows & Glass,https://www.trueviewglass.com/,trueviewglass.com,+1 602-431-8783,"2222 E Jones Ave, Phoenix, AZ 85040, United States",,,,commercialestimating@trueviewglass.com,unattributed,commercialestimating@trueviewglass.com,https://www.trueviewglass.com/,"Contact the Commercial Team Everything Glass - One Call If it's Made of Glass and in or on a Building True View is Your One-Call Solution Contact the True View Team The View You Deserve Free, No-Oblig",found
U.S. Window Specialists LLC,https://uswindowspecialists.com/,uswindowspecialists.com,+1 800-223-8099,,,,,sales@titan-glazing.com,generic mailbox,sales@titan-glazing.com,https://titan-glazing.com/,"sales@titan-glazing.com sales@titan-glazing.com Pages Home Contact Us Privacy Policy Contact Info 4440 Tradition Trail, Suite 103, Plano, TX 75093 sales@titan-glazing.com 800-223-8099 © Titan Glazing ",found
USA Windows and Doors,https://www.usawindowsanddoors.com/?utm_campaign=gmb,usawindowsanddoors.com,+1 954-289-9590,"13800 NW 2nd St Unit 140, Sunrise, FL 33325, United States",,,,info@usawindowsanddoors.com,generic mailbox,info@usawindowsanddoors.com,https://www.usawindowsanddoors.com/,"info@usawindowsanddoors.com 13800 NW 2nd Street, Unit 140 Â· Sunrise, FL 33325 MonâSat Â· (954) 637-7029 Â· info@usawindowsanddoors.com info@usawindowsanddoors.com Headquarters 13800 NW 2nd Street U",found
Universal Door Repair,https://universaldoorrepair.co/,universaldoorrepair.co,+1 214-529-3594,"4001 N Westmoreland Rd, Dallas, TX 75212, United States",,,,universaldoorrepair@verizon.net,unattributed,universaldoorrepair@verizon.net,https://universaldoorrepair.co/,"– With our team by your side, you can rest assured that we will exceed all of your door repair expectations. CONTACT UNIVERSAL DOOR REPAIR REQUEST A CONSULTATION TODAY universaldoorrepair@verizon.net ",found
Urban Glaze Construction,https://urbanglazeconstruction.com/,urbanglazeconstruction.com,+1 737-333-1058,,,,,urbanglazeconstruction@gmail.com,unattributed,urbanglazeconstruction@gmail.com,https://urbanglazeconstruction.com/,Request Estimate Request Estimate urbanglazeconstruction@gmail.com Email urbanglazeconstruction@gmail.com Start a Project → Email urbanglazeconstruction@gmail.com Phone +1 (737) 333-1058 Start a Proje,found
VISION IMPACT WINDOWS & DOORS,https://www.visionimpactwindowsanddoors.com/,visionimpactwindowsanddoors.com,+1 754-290-0123,"271 SW 33rd Ct #6, Fort Lauderdale, FL 33315, United States",,,,office@visionkitchenremodeling.com,generic mailbox,office@visionkitchenremodeling.com,https://www.visionimpactwindowsanddoors.com/,,found
Valencia Remodeling and Construction,http://www.valenciaremodeling.com/,valenciaremodeling.com,+1 469-656-5402,"8204 Elmbrook Dr #205, Dallas, TX 75247, United States",,,,info@valenciaremodeling.com,generic mailbox,info@valenciaremodeling.com,https://www.valenciaremodeling.com/,,found
Vantage Windows LLC,https://thevantagewindows.com/,thevantagewindows.com,+1 469-283-6744,"2100 Valley View Ln #301, Farmers Branch, TX 75234, United States",,,,office@thevantagewindows.com,generic mailbox,office@thevantagewindows.com,https://thevantagewindows.com/,office@thevantagewindows.com office@thevantagewindows.com out Us Financing Options Contact Us Services Custom Window Replacement Sliding Glass Doors Patio Doors Energy Efficient Upgrades Contact 2100 ,found
Vico Windows Inc,http://www.vicowindows.com/,vicowindows.com,+1 954-563-5686,"4275 NE 6th Ave, Oakland Park, FL 33334, United States",,,,eben@eyebytes.com,unattributed,eben@eyebytes.com,https://vicowindows.com/,,found
Vinyl Siding Austin,https://www.sidingcontractoraustin.com/contact,sidingcontractoraustin.com,+1 512-607-7837,"8100 Cross Park Dr, Austin, TX 78754, United States",,,,contact@sidingcontractoraustin.com,generic mailbox,contact@sidingcontractoraustin.com,https://www.sidingcontractoraustin.com/,,found
Vision Windows LLC,https://www.azvisionwindow.com/,azvisionwindow.com,+1 480-217-0151,,,,,brandon@azvisionwindow.com,unattributed,brandon@azvisionwindow.com,https://www.azvisionwindow.com/,brandon@azvisionwindow.com brandon@azvisionwindow.com best serve you. Get in touch with us today to learn how Vision Windows can help you. ROC# 332700 Contact (480) 217-0151 brandon@azvisionwindow.com,found
Vista Windows & Doors,http://www.vistawd.com/,vistawd.com,+1 512-927-9011,"4715 S Lamar Blvd #101B, Sunset Valley, TX 78745, United States",,,,bids@vistawd.com,unattributed,bids@vistawd.com,https://www.vistawd.com/contact,"s or would like to get started on your custom window and door experience, please contact us via email or phone to schedule a showroom visit. We look forward to hearing from you. Email bids@vistawd.com",found
Vista Windows and Doors,https://www.vistawindowsaz.com/,vistawindowsaz.com,+1 480-744-2884,"3225 N Arizona Ave Ste C13, Chandler, AZ 85225, United States",,,,vistawindowsphoenix@gmail.com,unattributed,vistawindowsphoenix@gmail.com,https://vistawindowsaz.com/,vistawindowsphoenix@gmail.com (480) 744-2884 vistawindowsphoenix@gmail.com vistawindowsphoenix@gmail.com Please reach us at vistawindowsphoenix@gmail.com if you cannot find an answer to your question.,found
W Tint X - Car Window Tinting,https://wtintx.com/,wtintx.com,+1 512-979-0143,"11116 Middle Fiskville Rd Ste g, Austin, TX 78753, United States",,,,w.tintatx@gmail.com,unattributed,w.tintatx@gmail.com,https://wtintx.com/,"wtintx.com | (512) 979-0143 (202) 908-9827 w.tintatx@gmail.com Follow Main services Auto Glass Replacement Window Tint We don't just protect vehicles, We Take Care of Investmen ou in our workshop. We'",found
"Waseem doors Yes Tamen merdeka jalan m6, fasa 2, Jln Taman Merdeka, 75350 Melaka, Malaysia +60 11-1622 8673",http://waseemdoors.com/,waseemdoors.com,,,,,,info@waseemdoors.com,generic mailbox,info@waseemdoors.com,https://waseemdoors.com/,Contact Us Services Door Installation Window Installation Window Installation Door Installation Contact Us info@waseemdoors.com +60 11-1622 8673 +60 11-1622 8673 Facebook Youtube,found
We are Sliding Door Repair,https://slidingdoorsrepairfl.com/,slidingdoorsrepairfl.com,+1 954-412-0101,"101 NE 3rd Ave #1500, Fort Lauderdale, FL 33301, United States",,,,weare@slidingdoorsrepairfl.com,unattributed,weare@slidingdoorsrepairfl.com,https://slidingdoorsrepairfl.com/,"weare@slidingdoorsrepairfl.com weare@slidingdoorsrepairfl.com Email us at weare@slidingdoorsrepairfl.com Email us at weare@slidingdoorsrepairfl.com g door repair in Broward – Palm Beach County, FL. “W",found
Wilco Windows & Siding,https://www.wilcodesign.co/,wilcodesign.co,+1 512-316-7526,,,,,info@wilcodesign.co,generic mailbox,info@wilcodesign.co,https://www.wilcodesign.co/,,found
Window & Door Hilt LLC,https://windowanddoorhilt.com/,windowanddoorhilt.com,+1 361-563-9230,"1213 Marilyn Jayne Ln, Rockwall, TX 75087, United States",,,,wdhllctexas@gmail.com,unattributed,wdhllctexas@gmail.com,https://www.windowanddoorhilt.com/,"Built on Quality. Made to Last. Address 1213 Marilyn Jayne Drive Rockwall, TX 75087 Contact (361) 563-9230 wdhllctexas@gmail.com Info Privacy Policy Terms of Service",found
Window Rehab,https://www.windowrehab.com/,windowrehab.com,+1 602-546-3200,"3250 N Colorado St, Chandler, AZ 85225, United States",,,,careers@windowrehab.com,unattributed,careers@windowrehab.com,https://www.windowrehab.com/contact-10,"careers@windowrehab.com careers@windowrehab.com career or bringing years of experience, we're looking for people who take pride in their work, enjoy helping homeowners, and want to grow with a company",found
Window Universe Austin,https://windowuniverseaustin.com/,windowuniverseaustin.com,+1 844-983-9773,,,,,hello@windowuniverseaustin.com,generic mailbox,hello@windowuniverseaustin.com,https://windowuniverseaustin.com/,"hello@windowuniverseaustin.com Window Universe - Contact Our Austin Team Showroom Address: 8301 Springdale Rd Suite 100 Austin, TX 78724 Read this BEFORE visiting the showroom Phone: (844) 983-9773 Em",found
Window Universe Dallas Ft Worth,https://windowuniversedfw.com/,windowuniversedfw.com,+1 844-983-9773,"1431 Greenway Dr Ste 80042, Irving, TX 75038, United States",,,,sarah@windowuniversedfw.com,unattributed,sarah@windowuniversedfw.com,https://windowuniversedfw.com/,"sarah@windowuniversedfw.com Window Universe - Contact Our Dallas Ft Worth Team Showroom Address: 3450 S Watson Rd Arlington, TX 76014 Read this BEFORE visiting the showroom Phone: (844) 983-9773 Email",found
Window Zone,https://windowzonedfw.com/,windowzonedfw.com,+1 469-557-6333,"2309 Springlake Rd #630, Farmers Branch, TX 75234, United States",,,,info@windowzonedfw.com,generic mailbox,info@windowzonedfw.com,https://windowzonedfw.com/,,found
Window e-Store,https://windowestore.com/,windowestore.com,+1 855-290-6366,"1912 W Anderson Ln. Ste 208B, Austin, TX 78757, United States",,,,customerservice@windowestore.com,generic mailbox,customerservice@windowestore.com,https://windowestore.com/,,found
Windows & Doors by James,https://www.windowsanddoorsbyjames.com/,windowsanddoorsbyjames.com,+1 512-379-1652,,,Owner,1,james@windowsanddoorsbyjames.com,unattributed,james@windowsanddoorsbyjames.com,https://www.windowsanddoorsbyjames.com/contact,Contact Contact us. Owner/Operator James Severeid 512-379-1652 James@WindowsAndDoorsByJames.com Windows & Doors By James Windows | Doors,found
Windows of Fort Lauderdale,https://windowsoffortlauderdale.com/,windowsoffortlauderdale.com,+1 754-354-7816,"6330 N Andrews Ave, Fort Lauderdale, FL 33309, United States",,,,info@windowsoffortlauderdale.com,generic mailbox,info@windowsoffortlauderdale.com,https://windowsoffortlauderdale.com/contact-us/,,found
Windows of Texas Inc.,https://windowsoftexas.com/,windowsoftexas.com,+1 682-201-5645,"312 W Northwest Hwy, Grapevine, TX 76051, United States",,,,mvinez@windowsoftexas.com,unattributed,mvinez@windowsoftexas.com,https://windowsoftexas.com/,mvinez@windowsoftexas.com mvinez@windowsoftexas.com out Windows and Doors Contact Our Services Services Warranty FAQs Contractors Contact Us Serving Luxury homes in DFW Mike: +1 (682) 201-5645 mvinez@,found
Wood & Stone Homes,http://www.woodandstonehomes.com/,woodandstonehomes.com,+1 512-460-0094,,,,,ted@woodandstonehomes.com,unattributed,ted@woodandstonehomes.com,https://woodandstonehomes.com/,Request a Consultation Request a Consultation,found
Wow Windows & Glass LLC,http://www.wowwindowsglass.com/,wowwindowsglass.com,+1 469-892-6662,"1201 Walnut Ave #6, Carrollton, TX 75006, United States",,,,impallari@gmail.com,unattributed,impallari@gmail.com,https://wowwindowsglass.com/,,found
Wyndoorco,https://wyndoorco.com/,wyndoorco.com,+1 972-922-3578,"3626 N Hall St Ste 610, Dallas, TX 75219, United States",,,,wyndoorco@gmail.com,unattributed,wyndoorco@gmail.com,https://wyndoorco.com/,wyndoorco@gmail.com wyndoorco@gmail.com Home - WYNDOORCO Skip to content 972-922-3578 wyndoorco@gmail.com Instagram Facebook Home Who We Are Our Services Projects Windows Doors Gallery Contact Open mo,found
XLR8 Industries LLC,https://xlr8ind.com/,xlr8ind.com,+1 214-457-2814,"W Kiest Blvd, Dallas, TX 75236, United States",,,,support@xlr8ind.com,generic mailbox,support@xlr8ind.com,https://xlr8industries.com/contact,"uote Who We Are Contact Contact Us support@xlr8ind.com +1 (214)457-2814 Go Forward, XLR8. Follow us Explore Sig",found
Yacht Windows FL,https://yachtwindowfl.com/,yachtwindowfl.com,+1 305-497-7723,,,,,americanmarinea@gmail.com,unattributed,americanmarinea@gmail.com,https://www.yachtwindowfl.com/,Mail Mail americanmarinea@gmail.com americanmarinea@gmail.com t Description Submit Seamless Solutions for Your Yacht Window Needs Quicklinks Home Services Contact Blog Terms and Conditions Contact Inf,found
Your Window Solutions,https://yourwindowsolution.webflow.io/,yourwindowsolution.webflow.io,+1 754-715-6017,,,,,bonjour@theophilevasseur.com,unattributed,bonjour@theophilevasseur.com,https://yourwindowsolution.webflow.io/,Follow me,found
Zen Windows Austin,https://zenwindows.com/?utm_source=google&utm_medium=organic&utm_campaign=maps_austin,zenwindows.com,+1 512-647-1707,"1 Chisholm Trail Rd Ste 450, Round Rock, TX 78681, United States",,,,info@zenwindows.com,generic mailbox,info@zenwindows.com,https://zenwindows.com/,,found
Zeus Exteriors LLC,http://www.zeusexteriors.com/,zeusexteriors.com,+1 469-771-0988,"2815 Valley View Ln #210, Dallas, TX 75234, United States",,,,info@zeusexteriors.com,generic mailbox,info@zeusexteriors.com,https://zeusexteriors.com/,,found
eurostyle impact window,http://eurostyleimpactwindows.com/,eurostyleimpactwindows.com,+1 954-668-0701,"4750 N Dixie Hwy Unit 2, Oakland Park, FL 33334, United States",,,,danimpex95@yahoo.com,unattributed,danimpex95@yahoo.com,https://eurostyleimpactwindows.com/,"danimpex95@yahoo.com danimpex95@yahoo.com 1-954-668-0701 and Terms of Service apply. Better yet, see us in person! We love our customers, so feel free to visit during normal business hours. 4750 N Dix",found
iDEAL GLASS DFW,http://idealglassdfw.com/,idealglassdfw.com,+1 469-745-2626,,,,,sales@idealglassdfw.com,generic mailbox,sales@idealglassdfw.com,https://idealglassdfw.com/,sales@idealglassdfw.com sales@idealglassdfw.com sales@idealglassdfw.com sales@idealglassdfw.com Send Us a Message Get A Quote Today (469) 745-2626 sales@idealglassdfw.com Mon - Fri: 8:00 AM - 5:00 PM ,found
weinstallwindows.com,https://weinstallwindows.com/,weinstallwindows.com,+1 214-239-9108,,,,,gh@knoxdwall.com,unattributed,gh@knoxdwall.com,https://knoxdwall.com/,"Skip to content Home Services About Us Contact Get a Quote Refer a Friend and Get Up to $1,000 Facebook Instagram gh@knoxdwall.com | (214) 239 – 9108 Drywall • Windows • Doors • Interior Finish-Outs R",found
windows stock market,https://windowsstockmarket.com/,windowsstockmarket.com,+1 754-707-3281,,,,,windowsstockmarket@gmail.com,unattributed,windowsstockmarket@gmail.com,https://windowsstockmarket.com/,,found
