company_name,website,domain,phone,address,person_name,role,role_tier,email,email_type,company_mailbox,source_page,context,status
1st Capital Certified Roofing,https://roofingcompanyaustin.com/,roofingcompanyaustin.com,+1 512-358-1300,,,,,ben@1stcapitalcertified.com,unattributed,ben@1stcapitalcertified.com,https://roofingcompanyaustin.com/,,found
1st Home & Commercial Services,https://www.1sthomeandcommercialservices.com/,1sthomeandcommercialservices.com,+1 512-282-7787,"630 Ralph Ablanedo Dr Bldg 1, Austin, TX 78748, United States",,,,,,,,,no email published
828 Windows & Doors,http://828windowsanddoors.com/,828windowsanddoors.com,+1 214-389-2828,,,,,,,,,,no email published
8WS Construction,https://commercialconstructionaustin.com/,commercialconstructionaustin.com,+1 936-298-4902,,,,,,,,,,no email published
921 Roof,https://www.921roof.com/,921roof.com,+1 972-921-7663,,,,,info@921roof.com,generic mailbox,info@921roof.com,https://www.921roof.com/,,found
A & D Window Cleaning & Window Repair,https://aanddwindows.com/,aanddwindows.com,+1 512-918-2676,"1017 Ranch Rd 620 S #210, Lakeway, TX 78734, United States",,,,cs@aanddwindows.com,unattributed,cs@aanddwindows.com,https://aanddwindows.com/,,found
A & D Window Cleaning & Window Repair,https://aanddwindows.com/,aanddwindows.com,+1 512-918-2676,"1017 Ranch Rd 620 S #210, Lakeway, TX 78734, United States",,,,hello@austinglassguys.com,generic mailbox,cs@aanddwindows.com,https://aanddwindows.com/,,found
A to Z GC - Home Remodeling,https://atoz-gc.com/,atoz-gc.com,+1 954-280-2848,"BB3, 5933 Ravenswood Rd BB3, Fort Lauderdale, FL 33312, United States",,,,,,,,,no email published
A.M Windows And Doors,https://amwindowsandoors.com/,amwindowsandoors.com,+1 561-639-9752,"10749 Cleary Blvd, Plantation, FL 33324, United States",,,,sales@amwindowsandoors.com,generic mailbox,sales@amwindowsandoors.com,https://amwindowsandoors.com/,"Request a Quote Today Reach Us Location: 10749 Cleary Boulevard, Plantation Fl, 33324 Email: sales@amwindowsandoors.com Phone: +1-561-639-9752 First Name Email Name Message Send Message The form has b",found
ABA Sliding Glass Repairs,http://fortlauderdaleslidingdoors.com/,fortlauderdaleslidingdoors.com,+1 754-285-5380,"1900 E Sunrise Blvd, Fort Lauderdale, FL 33304, United States",,,,info@fortlauderdaleslidingdoors.com,generic mailbox,info@fortlauderdaleslidingdoors.com,https://www.fortlauderdaleslidingdoors.com/,Email Us Email Us,found
ABC Supply Co. Inc.,https://www.abcsupply.com/locations/location?BranchNumber=041,abcsupply.com,+1 214-630-3940,"4833 Singleton Blvd, Dallas, TX 75212, United States",Diane M. Hendricks,Founder,1,,,,https://www.abcsupply.com/about-us/leadership/,"named on site as ""Founder Diane M""",found
ABC Supply Co. Inc.,https://www.abcsupply.com/locations/location?BranchNumber=041,abcsupply.com,+1 214-630-3940,"4833 Singleton Blvd, Dallas, TX 75212, United States",Keith Rozolis,CEO,1,,,,https://www.abcsupply.com/about-us/leadership/,"named on site as ""Chief Executive Officer Keith Rozolis l""",found
ABC Supply Co. Inc.,https://www.abcsupply.com/locations/location?BranchNumber=041,abcsupply.com,+1 214-630-3940,"4833 Singleton Blvd, Dallas, TX 75212, United States",Mike Jost,President,1,,,,https://www.abcsupply.com/about-us/leadership/,"named on site as ""President and Chief Operating Off""",found
ABC Supply Co. Inc.,https://www.abcsupply.com/locations/location?BranchNumber=041,abcsupply.com,+1 214-630-3940,"4833 Singleton Blvd, Dallas, TX 75212, United States",Jonathan Shepard,President,1,,,,https://www.abcsupply.com/about-us/leadership/,"named on site as ""President of ABC Supply""",found
ABC Supply Co. Inc.,https://www.abcsupply.com/locations/location?BranchNumber=041,abcsupply.com,+1 214-630-3940,"4833 Singleton Blvd, Dallas, TX 75212, United States",Southwest Region,President,1,,,,https://www.abcsupply.com/about-us/leadership/,"named on site as ""Vice President As vice president of AB""",found
ABC Supply Co. Inc.,https://www.abcsupply.com/locations/location?BranchNumber=041,abcsupply.com,+1 214-630-3940,"4833 Singleton Blvd, Dallas, TX 75212, United States",West Region,President,1,,,,https://www.abcsupply.com/about-us/leadership/,"named on site as ""Vice President As West Region Vice Pre""",found
ABC Supply Co. Inc.,https://www.abcsupply.com/locations/location?BranchNumber=041,abcsupply.com,+1 214-630-3940,"4833 Singleton Blvd, Dallas, TX 75212, United States",Northeast Region,President,1,,,,https://www.abcsupply.com/about-us/leadership/,"named on site as ""Vice President As Northeast Region vic""",found
ABC Supply Co. Inc.,https://www.abcsupply.com/locations/location?BranchNumber=041,abcsupply.com,+1 214-630-3940,"4833 Singleton Blvd, Dallas, TX 75212, United States",Midwest Region,President,1,,,,https://www.abcsupply.com/about-us/leadership/,"named on site as ""Vice President As Vice President of AB""",found
ABC Supply Co. Inc.,https://www.abcsupply.com/locations/location?BranchNumber=041,abcsupply.com,+1 214-630-3940,"4833 Singleton Blvd, Dallas, TX 75212, United States",South Region,President,1,,,,https://www.abcsupply.com/about-us/leadership/,"named on site as ""Vice President""",found
ABC Supply Co. Inc.,https://www.abcsupply.com/locations/location?BranchNumber=041,abcsupply.com,+1 214-630-3940,"4833 Singleton Blvd, Dallas, TX 75212, United States",Southeast Region,President,1,,,,https://www.abcsupply.com/about-us/leadership/,"named on site as ""Vice President As the Southeast Region""",found
ABC Supply Co. Inc.,https://www.abcsupply.com/locations/location?BranchNumber=041,abcsupply.com,+1 214-630-3940,"4833 Singleton Blvd, Dallas, TX 75212, United States",Frank Marcoccio,President,1,,,,https://www.abcsupply.com/about-us/leadership/,"named on site as ""President of ABC Supply Interiors""",found
ABC Supply Co. Inc.,https://www.abcsupply.com/locations/location?BranchNumber=041,abcsupply.com,+1 214-630-3940,"4833 Singleton Blvd, Dallas, TX 75212, United States",Matt Cooper,President,1,,,,https://www.abcsupply.com/about-us/leadership/,"named on site as ""Vice President""",found
ABC Supply Co. Inc.,https://www.abcsupply.com/locations/location?BranchNumber=041,abcsupply.com,+1 214-630-3940,"4833 Singleton Blvd, Dallas, TX 75212, United States",Tom Kuchan,President,1,,,,https://www.abcsupply.com/about-us/leadership/,"named on site as ""vice president""",found
ABC Supply Co. Inc.,https://www.abcsupply.com/locations/location?BranchNumber=041,abcsupply.com,+1 214-630-3940,"4833 Singleton Blvd, Dallas, TX 75212, United States",Scott Toumbleston,President,1,,,,https://www.abcsupply.com/about-us/leadership/,"named on site as ""Vice President""",found
ABC Supply Co. Inc.,https://www.abcsupply.com/locations/location?BranchNumber=041,abcsupply.com,+1 214-630-3940,"4833 Singleton Blvd, Dallas, TX 75212, United States",Lloyd Hamilton,President,1,,,,https://www.abcsupply.com/about-us/leadership/,"named on site as ""Vice President""",found
ABC Supply Co. Inc.,https://www.abcsupply.com/locations/location?BranchNumber=041,abcsupply.com,+1 214-630-3940,"4833 Singleton Blvd, Dallas, TX 75212, United States",Search Search,Partner,3,,,,https://www.abcsupply.com/about-us/acquisitions/,"named on site as ""Partner with us""",found
AC Glass and Mirror,http://www.acglass.biz/,acglass.biz,+1 214-604-3394,"2708 Reynolds Ave, Dallas, TX 75232, United States",,,,,,,,,no email published
Accolade Windows & Doors Replacement,http://www.accoladewindows.com/,accoladewindows.com,+1 512-288-8354,"9705 Research Blvd Ste C2, Austin, TX 78759, United States",,,,sales@accoladewindows.com,generic mailbox,sales@accoladewindows.com,https://accoladewindows.com/,sales@accoladewindows.com +1 512-288-8354 sales@accoladewindows.com sales@accoladewindows.com sales@accoladewindows.com +1 512-288-8354 sales@accoladewindows.com Windows Aluminum Windows Vinyl Windows,found
Accolade Windows & Doors Replacement,http://www.accoladewindows.com/,accoladewindows.com,+1 512-288-8354,"9705 Research Blvd Ste C2, Austin, TX 78759, United States",,,,info@accoladewindows.com,generic mailbox,sales@accoladewindows.com,https://accoladewindows.com/,,found
Ace Discount Glass & Door,https://www.quickglassservice.com/,quickglassservice.com,+1 512-345-3105,"6308 Spicewood Springs Rd, Austin, TX 78759, United States",,,,acediscountglass@gmail.com,unattributed,acediscountglass@gmail.com,https://www.quickglassservice.com/about-us-glass-repair/,acediscountglass@gmail.com Call 512-345-3105 now for 24/7 emergency assistance or email us at acediscountglass@gmail.com for more information — Call us today for a quick quote! ctly and we handle the ,found
Ace Handyman Services West Austin,https://www.acehandymanservices.com/offices/west-austin?utm_source=google&utm_medium=gbp,acehandymanservices.com,+1 512-366-3142,"201 Ranch Rd 620 S A, Lakeway, TX 78734, United States",,,,,,,,,no email published
Acme Glass and Tinting,https://911window.com/,911window.com,+1 972-677-7172,,,,,,,,,,no email published
ACP Construction & ECO-Energy Inc.,https://acpconstructioninc.com/,acpconstructioninc.com,+1 561-232-2560,"6555 Powerline Rd #208, Fort Lauderdale, FL 33309, United States",,,,info@acpconstructioninc.com,generic mailbox,info@acpconstructioninc.com,https://acpconstructioninc.com/,"info@acpconstructioninc.com info@acpconstructioninc.com 6555 Powerline Rd #208 Fort Lauderdale, FL 33309 561.232.2560 info@acpconstructioninc.com Working Hours Visit us at our HQ for a mean cup of cof",found
Action Window & Glass Inc.,http://actionwindowfl.com/,actionwindowfl.com,+1 754-293-7026,,Specialists Deal,Owner,1,,,,https://www.actionwindowfl.com/,"named on site as ""Owner""",found
Advanced Glass Industries,http://advancedglassind.com/,advancedglassind.com,+1 954-588-1858,"4750 N Dixie Hwy #7, Fort Lauderdale, FL 33334, United States",,,,advancedindustries18@gmail.com,unattributed,advancedindustries18@gmail.com,https://advancedglassind.com/,"advancedindustries18@gmail.com advancedindustries18@gmail.com your vision to life. Request a consultation Call 954-530-9296 By appointment only Advanced Glass Industries Only the best, nothing less. 4",found
Advanced Windows Doors and More,https://advancedwindowsdoorsandmore.com/,advancedwindowsdoorsandmore.com,+1 469-678-0401,,,,,marny@advwnd.com,unattributed,marny@advwnd.com,https://advancedwindowsdoorsandmore.com/,marny@advwnd.com stimate Home About Gallery Reviews Services Menu Toggle Windows Doors Siding (469) 678-0401 marny@advwnd.com Quick Links Home About Us Gallery Contact Us Services Windows Doors Siding,found
Advantage Glaziers Supply LLC,https://advantageglazierssupply.com/,advantageglazierssupply.com,+1 512-443-5678,"4211 Todd Ln Bldg 1, Austin, TX 78744, United States",,,,,,,,,no email published
Aeromass Glass,https://www.aeromassglass.com/,aeromassglass.com,+1 512-968-4047,,,,,,,,,,no email published
Affluent Contractors,http://www.affluentcontractors.com/,affluentcontractors.com,+1 512-299-0102,"7600 Chevy Chase Dr Bldg 2 suite 300, Austin, TX 78752, United States",Brian Krpec,President,1,,,austin@affluentcontractors.com,https://affluentcontractors.com/about-us/,"named on site as ""President""",found
Affluent Contractors,http://www.affluentcontractors.com/,affluentcontractors.com,+1 512-299-0102,"7600 Chevy Chase Dr Bldg 2 suite 300, Austin, TX 78752, United States",,,,austin@affluentcontractors.com,unattributed,austin@affluentcontractors.com,https://affluentcontractors.com/contact-us-austin/,,found
Affluent Contractors,http://www.affluentcontractors.com/,affluentcontractors.com,+1 512-299-0102,"7600 Chevy Chase Dr Bldg 2 suite 300, Austin, TX 78752, United States",,,,dfw@affluentcontractors.com,unattributed,austin@affluentcontractors.com,https://affluentcontractors.com/contact-us-dallas-ftworth/,,found
Affluent Contractors,http://www.affluentcontractors.com/,affluentcontractors.com,+1 512-299-0102,"7600 Chevy Chase Dr Bldg 2 suite 300, Austin, TX 78752, United States",,,,houston@affluentcontractors.com,unattributed,austin@affluentcontractors.com,https://affluentcontractors.com/contact-us-houston/,,found
Affordable Impact Windows Fort Lauderdale,https://www.affordableimpactwindowsfl.com/,affordableimpactwindowsfl.com,+1 954-564-7375,"900 NE 3rd Ave, Fort Lauderdale, FL 33304, United States",,,,info@builders-bargain.com,generic mailbox,info@builders-bargain.com,https://www.affordableimpactwindowsfl.com/,info@builders-bargain.com info@builders-bargain.com Quick Link HOME AFFORDABLE IMPACT WINDOWS Affordable Impact Doors CONTACT Contact Information Phone: 954-564-7375 Email: info@builders-bargain.com A,found
Affordable Windows Plus Exteriors,https://www.affordablewindowsofaz.com/locations/gilbert-az,affordablewindowsofaz.com,+1 480-736-2822,"1730 W Sunrise Blvd #101-B, Gilbert, AZ 85233, United States",,,,,,,,,no email published
AG Window Services,http://www.agwindowservice.com/,agwindowservice.com,+1 214-856-2935,"1426 Cedar Crest Dr, Garland, TX 75042, United States",,,,,,,,,no email published
AJ Window Solutions LLC,https://ajwindowsolutions.com/,ajwindowsolutions.com,+1 972-207-1560,"11419 Mathis Ave Ste 211, Farmers Branch, TX 75234, United States",,,,"11419 mathis ave suite 211 farmers branch, tx 75234",unattributed,"11419 mathis ave suite 211 farmers branch, tx 75234",https://ajwindowsolutions.com/,"11419 Mathis Ave Suite 211 Farmers Branch, TX 75234 Call Us for a Quote (972) 207-1560 | 11419 Mathis Ave Suite 211 Farmers Branch, TX 75234",found
AJ Window Solutions LLC,https://ajwindowsolutions.com/,ajwindowsolutions.com,+1 972-207-1560,"11419 Mathis Ave Ste 211, Farmers Branch, TX 75234, United States",,,,nickelseo15@gmail.com,unattributed,"11419 mathis ave suite 211 farmers branch, tx 75234",https://ajwindowsolutions.com/,"g... AJ Window Solutions The #1 Trusted Window Installation & Repair Service in Dallas Fort Worth, Texas. Get Your Custom Quote >> Home nickelseo15@gmail.com 2024-07-24T21:36:12+00:00 Celebrating 30 Y",found
AJ Window Solutions LLC,https://ajwindowsolutions.com/,ajwindowsolutions.com,+1 972-207-1560,"11419 Mathis Ave Ste 211, Farmers Branch, TX 75234, United States",,,,ajwindowsolutionsllc@gmail.com,unattributed,"11419 mathis ave suite 211 farmers branch, tx 75234",https://ajwindowsolutions.com/,"ent, or give you an estimate on a specific service over the phone. Contact Us Address: 11419 Mathis Ave Suite 211 Farmers Branch, TX 75234 Phone: (972) 207-1560 Email: AJWindowSolutionsLLC@gmail.com W",found
Alamo Glass,https://www.alamoaustin.com/,alamoaustin.com,+1 512-452-5731,"7123 N Lamar Blvd, Austin, TX 78752, United States",,,,info@alamoaustin.com,generic mailbox,info.alamo@yahoo.com,https://www.alamoaustin.com/,"info@alamoaustin.com info@alamoaustin.com (512) 452-5731 Call Today for All Your Glass Needs! (512) 452-5731 Contact Us 7123 N Lamar Blvd Austin, Texas 78752 (512) 452-5731 info@alamoaustin.com Our Ho",found
Alamo Glass,https://www.alamoaustin.com/,alamoaustin.com,+1 512-452-5731,"7123 N Lamar Blvd, Austin, TX 78752, United States",Info Alamo,,,info.alamo@yahoo.com,personal mailbox,info.alamo@yahoo.com,https://www.alamoaustin.com/,"eFront Georgetown Storefront Glass Kyle Storefront Glass Leander Storefront Glass Manor Storefront Glass Get in touch info.alamo@yahoo.com Visit Our Location Today: 7123 North Lamar Blvd, Austin, Texa",found
Alamo Glass & Mirror,https://www.alamoglassco.com/,alamoglassco.com,+1 214-821-2886,"10510 Olympic Dr, Dallas, TX 75220, United States",,,,cworsham@alamoglassco.com,unattributed,cworsham@alamoglassco.com,https://www.alamoglassco.com/,,found
All American Windows and Doors Inc.,http://www.aawimpact.com/,aawimpact.com,+1 954-786-8525,"6001 Powerline Rd Ste B, Fort Lauderdale, FL 33309, United States",Josh Pressley,President,1,,,careers@aawimpact.com,https://www.aawimpact.com/about,"named on site as ""President Marylin DeLaHoz Chief O""",found
All American Windows and Doors Inc.,http://www.aawimpact.com/,aawimpact.com,+1 954-786-8525,"6001 Powerline Rd Ste B, Fort Lauderdale, FL 33309, United States",Niamh Zocco,VP Sales,2,,,careers@aawimpact.com,https://www.aawimpact.com/about,"named on site as ""VP of Business Development""",found
All American Windows and Doors Inc.,http://www.aawimpact.com/,aawimpact.com,+1 954-786-8525,"6001 Powerline Rd Ste B, Fort Lauderdale, FL 33309, United States",Jim Hurst,VP,3,,,careers@aawimpact.com,https://www.aawimpact.com/about,"named on site as ""VP of Operations""",found
All American Windows and Doors Inc.,http://www.aawimpact.com/,aawimpact.com,+1 954-786-8525,"6001 Powerline Rd Ste B, Fort Lauderdale, FL 33309, United States",John Isabel,VP,3,,,careers@aawimpact.com,https://www.aawimpact.com/about,"named on site as ""VP of Operations""",found
All American Windows and Doors Inc.,http://www.aawimpact.com/,aawimpact.com,+1 954-786-8525,"6001 Powerline Rd Ste B, Fort Lauderdale, FL 33309, United States",Tomas Mascunana,VP,3,,,careers@aawimpact.com,https://www.aawimpact.com/about,"named on site as ""VP of Operations""",found
All American Windows and Doors Inc.,http://www.aawimpact.com/,aawimpact.com,+1 954-786-8525,"6001 Powerline Rd Ste B, Fort Lauderdale, FL 33309, United States",,,,info@aawimpact.com,generic mailbox,careers@aawimpact.com,https://www.aawimpact.com/,"Sign Up Thank you! License Info - State: SCC131151806 • Broward: SCC131151806 • Palm Beach: SCC131151806 Phone: 954.786.8525 Info@aawimpact.com Main Office : 6001 N Powerline Road, Suite B, Fort Laude",found
All American Windows and Doors Inc.,http://www.aawimpact.com/,aawimpact.com,+1 954-786-8525,"6001 Powerline Rd Ste B, Fort Lauderdale, FL 33309, United States",,,,careers@aawimpact.com,unattributed,careers@aawimpact.com,https://www.aawimpact.com/careers,"pany that values dedication, teamwork, and growth. Apply Here Address: 6001 N Powerline Road, Suite B, Fort Lauderdale, FL 33309 Phone: 954.786.8525 Email: careers@aawimpact.com License Info - State: ",found
All Florida Screens & Shutters,http://www.webuildscreens.com/,webuildscreens.com,+1 954-254-6089,"2764 N Dixie Hwy, Wilton Manors, FL 33334, United States",Guillermo Cepeda,President,1,,,allflscreen@outlook.com,https://webuildscreens.com/,"named on site as ""President""",found
All Florida Screens & Shutters,http://www.webuildscreens.com/,webuildscreens.com,+1 954-254-6089,"2764 N Dixie Hwy, Wilton Manors, FL 33334, United States",Alvaro Cepeda,General Manager,3,,,allflscreen@outlook.com,https://webuildscreens.com/,"named on site as ""General Manager Business Hours Monday""",found
All Florida Screens & Shutters,http://www.webuildscreens.com/,webuildscreens.com,+1 954-254-6089,"2764 N Dixie Hwy, Wilton Manors, FL 33334, United States",,,,allflscreen@outlook.com,unattributed,allflscreen@outlook.com,https://webuildscreens.com/,,found
All Impact Renovations Windows & Doors,https://www.allimpactrenovations.com/,allimpactrenovations.com,+1 954-655-1527,"4866 NE 12th Ave, Oakland Park, FL 33334, United States",,,,info@allimpactrenovations.com,generic mailbox,info@allimpactrenovations.com,https://www.allimpactrenovations.com/,"info@allimpactrenovations.com info@allimpactrenovations.com or sending your message. Please try again later 4866 NE 12th Ave, Oakland Park, FL 33334 (954) 655-1527 info@allimpactrenovations.com Popula",found
All Pro Windows and Doors,http://www.allprowindowsanddoors.com/,allprowindowsanddoors.com,+1 954-771-0071,"1071 NW 53rd St, Fort Lauderdale, FL 33309, United States",,,,allprowindows@aol.com,unattributed,allprowindows@aol.com,https://allprowindowsanddoors.com/,allprowindows@aol.com (954) 771-0071 allprowindows@aol.com Facebook Instagram ro Windows and Doors :: Windows and Doors - Sales and Installation (954) 771-0071 allprowindows@aol.com Facebook Instagram,found
All Window & Door Repairs Inc,https://impactshieldwindows.com/?utm_source=omg-gbp&utm_medium=webclick,impactshieldwindows.com,+1 954-400-1736,"4768 NE 12th Ave, Oakland Park, FL 33334, United States",,,,,,,,,no email published
Allco Contractor - Windows Siding & Patios,http://allcocontractor.com/,allcocontractor.com,+1 512-845-6606,,,,,info@austinsbestwindowsandsiding.com,generic mailbox,allco1@yahoo.com,https://austinsbestwindowsandsiding.com/,,found
Allco Contractor - Windows Siding & Patios,http://allcocontractor.com/,allcocontractor.com,+1 512-845-6606,,,,,allco1@yahoo.com,unattributed,allco1@yahoo.com,https://austinsbestwindowsandsiding.com/,,found
Allied Door Repair,http://www.allieddoorrepair.com/,allieddoorrepair.com,+1 954-552-2474,"1940 NW 1st Ave, Pompano Beach, FL 33060, United States",,,,allieddoorrepair@gmail.com,unattributed,allieddoorrepair@gmail.com,https://allieddoorrepair.com/,allieddoorrepair@gmail.com (954) 552-2474 allieddoorrepair@gmail.com rvice apply. CALL SERVICES 24/7! Call us anytime 24/7/365 for a free estimate! Allied Sliding Glass Door & Window Repair 1940 NW 1s,found
Allied Door Repair,http://www.allieddoorrepair.com/,allieddoorrepair.com,+1 954-552-2474,"1940 NW 1st Ave, Pompano Beach, FL 33060, United States",,,,eben@eyebytes.com,unattributed,allieddoorrepair@gmail.com,https://allieddoorrepair.com/,,found
Allied Exteriors,https://alliedexteriors.com/,alliedexteriors.com,+1 972-888-9988,,,,,info@alliedexteriors.com,generic mailbox,info@alliedexteriors.com,https://alliedexteriors.com/contact-us/,"info@alliedexteriors.com (281) 357-8801 info@alliedexteriors.com ervice Request Allied Exteriors Headquarters 990 Village Square Dr, Ste Q Tomball, TX 77375 (281) 357-8801 info@alliedexteriors.com FAQ",found
Alpha Glass & Mirror,http://www.alphaautoglass.com/,alphaautoglass.com,+1 954-564-6610,"3201 NE 2nd Ave, Fort Lauderdale, FL 33334, United States",Marcos Darosa,President,1,,,service@alphaautoglass.com,https://www.alphaautoglass.com/contact-us/,"named on site as ""President""",found
Alpha Glass & Mirror,http://www.alphaautoglass.com/,alphaautoglass.com,+1 954-564-6610,"3201 NE 2nd Ave, Fort Lauderdale, FL 33334, United States",,,,service@alphaautoglass.com,generic mailbox,service@alphaautoglass.com,https://www.alphaautoglass.com/,"service@alphaautoglass.com 3201 NE 2 Ave. Fort Lauderdale, FL 33334 service@alphaautoglass.com service@alphaautoglass.com 3201 NE 2 Ave. Fort Lauderdale, FL 33334 Phone : (954)564-6610 Hours : Mon. - ",found
Alpha Glass & Mirror,http://www.alphaautoglass.com/,alphaautoglass.com,+1 954-564-6610,"3201 NE 2nd Ave, Fort Lauderdale, FL 33334, United States",,,,info@74.220.20.2,generic mailbox,service@alphaautoglass.com,https://www.alphaautoglass.com/,Mail Find us on: Facebook Pinterest Instagram Mail Yelp,found
Alpha Glass Company,http://alphaglassco.com/,alphaglassco.com,+1 512-792-9234,"5214 Burleson Rd #501, Austin, TX 78744, United States",,,,info@indiantypefoundry.com,generic mailbox,info@indiantypefoundry.com,https://alphaglassco.com/,,found
Alpine Exteriors Siding Roofing & Windows,https://alpineexteriorstx.com/,alpineexteriorstx.com,+1 214-537-9454,"5960 Berkshire Ln Ste 100, Dallas, TX 75225, United States",,,,,,,,,no email published
Alside,https://www.alside.com/,alside.com,+1 512-926-6249,"8301 Springdale Rd Ste 100, Austin, TX 78724, United States",Jerome Kaufman,Owner,1,,,warrantyservices@associatedmaterials.com,https://www.alside.com/about/history/,"named on site as ""owner of one of the largest r""",found
Alside,https://www.alside.com/,alside.com,+1 512-926-6249,"8301 Springdale Rd Ste 100, Austin, TX 78724, United States",Opportunities Industry,Partner,3,,,warrantyservices@associatedmaterials.com,https://www.alside.com/,"named on site as ""Partner History News Support Co""",found
Alside,https://www.alside.com/,alside.com,+1 512-926-6249,"8301 Springdale Rd Ste 100, Austin, TX 78724, United States",Collection Industry,Partner,3,,,warrantyservices@associatedmaterials.com,https://www.alside.com/,"named on site as ""Partner Metals Soffit Trim Coil""",found
Alside,https://www.alside.com/,alside.com,+1 512-926-6249,"8301 Springdale Rd Ste 100, Austin, TX 78724, United States",,,,warrantyservices@associatedmaterials.com,unattributed,warrantyservices@associatedmaterials.com,https://go.alside.com/Contact-Us,"WarrantyServices@associatedmaterials.com For warranty claims and questions, call 1-800-489-1144 or email WarrantyServices@associatedmaterials.com rtified Installer from the Polymeric Exterior Products",found
Alumiglass and Windows LLC,https://alumiglassandwindows.com/,alumiglassandwindows.com,+1 972-658-2192,"1235 Tree Top Dr, Frisco, TX 75033, United States",,,,support@alumiglassandwindows.com,generic mailbox,support@alumiglassandwindows.com,https://alumiglassandwindows.com/contact/,log Call Us Get Estimate Main Menu CALL US (972) 658-2192 Email support@alumiglassandwindows.com Business Hours Monday–Friday: 8am–7pm Saturday–Sunday: 8am–5pm Contact Us Today! A member of our team w,found
Alvarez Glass and Mirror LLC,http://www.alvarezglass.com/,alvarezglass.com,+1 214-906-3955,"11227 Goodnight Ln #905, Dallas, TX 75229, United States",,,,,,,,,no email published
AM Gutter Services,https://www.amgutterservices.com/,amgutterservices.com,+1 214-980-4366,"5641 SMU Boulevard #106, Dallas, TX 75206, United States",,,,info@amgutterservices.com,generic mailbox,info@amgutterservices.com,https://amgutterservices.com/,"info@amgutterservices.com Email us info@amgutterservices.com 5641 SMU Blvd #105 DALLAS, TEXAS 75206 ANY QUESTION AT (214) 980-4366 Email us info@amgutterservices.com Information Testimonials Get a Quo",found
AM Roofing Company,https://amroofingcompany.com/?utm_source=Google_Maps&utm_medium=Website_Link-Click&utm_campaign=Google_Maps_Visits,amroofingcompany.com,+1 214-980-4366,"5641 SMU Boulevard #106, Dallas, TX 75206, United States",,,,,,,,,no email published
Amazing Exteriors,http://amazingexteriors.com/locations/dallas/,amazingexteriors.com,+1 817-761-4113,"4343 Sigma Rd Suite 100, Farmers Branch, TX 75244, United States",,,,,,,,,no email published
AMC Windows & Screens,http://amcwindows.com/,amcwindows.com,+1 954-584-7171,"3608 W Broward Blvd, Fort Lauderdale, FL 33312, United States",,,,amcwindows1@gmail.com,unattributed,amcwindows1@gmail.com,https://www.amcwindows.com/,amcwindows1@gmail.com amcwindows1@gmail.com best price. PROFESSIONALLY QUALIFIED All of our contracts are licensed and Insured and have the most recent certifications. CALL US Shop Number : 954-584-71,found
American Door Company,https://www.americandoor.biz/,americandoor.biz,+1 754-345-8246,"595 Prospect Rd, Oakland Park, FL 33309, United States",,,,,,,,,no email published
American Glass and Waterproof,https://agwatx.com/,agwatx.com,+1 512-817-7246,,,,,americanglassandwaterproof@gmail.com,unattributed,americanglassandwaterproof@gmail.com,https://agwatx.com/,,found
American Strong Windows Doors & Roofs Inc,https://americanstrong1.com/,americanstrong1.com,+1 954-245-1744,"966 NW 51st Pl, Fort Lauderdale, FL 33309, United States",,,,info@americanstronghomes.com,generic mailbox,rick@americanstronghomes.com,https://americanstronghomes.com/,info@americanstronghomes.com info@americanstronghomes.com da Hotline: 561-954-7300 Email: info@americanstronghomes.com Get A Quote Home Our Building Solutions Steel Frame Homes Hurricane-Resistant Bui,found
American Strong Windows Doors & Roofs Inc,https://americanstrong1.com/,americanstrong1.com,+1 954-245-1744,"966 NW 51st Pl, Fort Lauderdale, FL 33309, United States",,,,rick@americanstronghomes.com,unattributed,rick@americanstronghomes.com,https://americanstronghomes.com/,,found
American Window Systems (A Window Inc.),https://www.americanwindowsystems.com/,americanwindowsystems.com,+1 817-654-9050,"6201 Dowdell Rd Unit c, Fort Worth, TX 76119, United States",,,,quote@americanwindowsystems.com,generic mailbox,quote@americanwindowsystems.com,https://www.americanwindowsystems.com/,,found
Andersen Windows,https://www.andersenwindows.com/,andersenwindows.com,+1 214-221-9500,"3801 Regency Crest Dr, Garland, TX 75041, United States",Eliza Chlebeck,VP,3,eliza.chlebeck@andersencorp.com,personal mailbox,eliza.chlebeck@andersencorp.com,https://www.andersenwindows.com/about/frame-maker,Eliza.Chlebeck@andersencorp.com Eliza Chlebeck VP Communications & Community 651-264-5978 Eliza.Chlebeck@andersencorp.com Maker as a way to keep all employees connected to our mission and celebrate gr,found
Andersen Windows,https://www.andersenwindows.com/,andersenwindows.com,+1 214-221-9500,"3801 Regency Crest Dr, Garland, TX 75041, United States",,,,acf@andersencorp.com,unattributed,eliza.chlebeck@andersencorp.com,https://www.andersenwindows.com/about/community,,found
Andersen Windows,https://www.andersenwindows.com/,andersenwindows.com,+1 214-221-9500,"3801 Regency Crest Dr, Garland, TX 75041, United States",,,,u003eacf@andersencorp.com,unattributed,eliza.chlebeck@andersencorp.com,https://www.andersenwindows.com/about/community,,found
Andersen Windows,https://www.andersenwindows.com/,andersenwindows.com,+1 214-221-9500,"3801 Regency Crest Dr, Garland, TX 75041, United States",,,,u003eeliza.chlebeck@andersencorp.com,unattributed,eliza.chlebeck@andersencorp.com,https://www.andersenwindows.com/about/frame-maker,,found
Andy's Sprinkler Drainage & Lighting,https://sprinklerdrainage.com/location/austin/?utm_source=gbp&utm_medium=organic&utm_campaign=gbp-listing&utm_content=austin-branch,sprinklerdrainage.com,+1 866-717-0318,"9729 N Interstate Hwy 35, Austin, TX 78753, United States",,,,,,,,,no email published
APEX Building Supply | windows | Doors | Flooring | Trims,https://apex-buildingsupply.com/,apex-buildingsupply.com,+1 512-877-4591,"2310 Donley Dr Ste D, Austin, TX 78758, United States",,,,sales@apex-buildingsupply.com,generic mailbox,nadmin@apex-buildingsupply.com,https://apex-buildingsupply.com/,,found
APEX Building Supply | windows | Doors | Flooring | Trims,https://apex-buildingsupply.com/,apex-buildingsupply.com,+1 512-877-4591,"2310 Donley Dr Ste D, Austin, TX 78758, United States",,,,admin@apex-buildingsupply.com,generic mailbox,nadmin@apex-buildingsupply.com,https://apex-buildingsupply.com/,,found
APEX Building Supply | windows | Doors | Flooring | Trims,https://apex-buildingsupply.com/,apex-buildingsupply.com,+1 512-877-4591,"2310 Donley Dr Ste D, Austin, TX 78758, United States",,,,nadmin@apex-buildingsupply.com,unattributed,nadmin@apex-buildingsupply.com,https://apex-buildingsupply.com/,,found
Apex Windows & Glass,https://apexwindowstx.com/,apexwindowstx.com,+1 214-263-3008,"7200 W University Dr, McKinney, TX 75071, United States",,,,sales@apexwindowstx.com,generic mailbox,sales@apexwindowstx.com,https://apexwindowstx.com/,"Sales@apexwindowstx.com (214) 263-3008 Sales@apexwindowstx.com 7200 W University Dr, McKinney, TX 75071-6947 Mon-Fri: 8am - 6pm | Sat: 9am - 2pm , no-obligation estimate today. Call (214) 263-3008 Dal",found
Aquamarine Windows and Doors,https://aquamarinewindows.com/,aquamarinewindows.com,+1 469-887-0015,,,,,info@aquamarinewindows.com,generic mailbox,info@aquamarinewindows.com,https://aquamarinewindows.com/,,found
Aquamarine Windows and Doors,https://aquamarinewindows.com/,aquamarinewindows.com,+1 469-887-0015,,,,,service@aquamarinewindows.com,generic mailbox,info@aquamarinewindows.com,https://aquamarinewindows.com/contact/,"Hours Mon–Fri — 8:00 AM – 7:00 PM Sat — 9:00 AM – 3:00 PM Sun — By Appointment Only Existing Customer Service service@aquamarinewindows.com For service, warranty, and post-installation support. Servic",found
Arcadia Texas Inc.,http://arcadiainc.com/,arcadiainc.com,+1 469-210-8245,"7601 Ambassador Row #102, Dallas, TX 75247, United States",,Partner,3,info@arcadiainc.com,generic mailbox,jchen@wilsonpart.com,https://arcadiainc.com/contact-us/,"info@arcadiainc.com info@arcadiainc.com info@arcadiainc.com info@arcadiainc.com ite Wilson Partitions Visit Partner Site Contact us Corporate Office Arcadia Inc 2301 East Vernon Ave. Vernon, CA 90058 ",found
Arcadia Texas Inc.,http://arcadiainc.com/,arcadiainc.com,+1 469-210-8245,"7601 Ambassador Row #102, Dallas, TX 75247, United States",,Sales Manager,3,jchen@wilsonpart.com,unattributed,jchen@wilsonpart.com,https://arcadiainc.com/contact-us/,"jchen@wilsonpart.com jchen@wilsonpart.com . Vernon, CA 90058 Ph: (323) 908-5472 malonso@arcadiainc.com Wilson Partitions Los Angeles Joy Chen 2301 East Vernon Vernon, CA 90058 Ph: (323) 908-5434 Fx: (",found
Arcadia Texas Inc.,http://arcadiainc.com/,arcadiainc.com,+1 469-210-8245,"7601 Ambassador Row #102, Dallas, TX 75247, United States",,Sales Manager,3,kyarnall@arcadiainc.com,unattributed,jchen@wilsonpart.com,https://arcadiainc.com/contact-us/,"kyarnall@arcadiainc.com kyarnall@arcadiainc.com jchen@wilsonpart.com AR Architectural Representative Sales Manager, Southern California Ken Yarnall 2301 East Vernon Vernon, CA 90058 Ph: (951) 385-6675",found
Arcadia Texas Inc.,http://arcadiainc.com/,arcadiainc.com,+1 469-210-8245,"7601 Ambassador Row #102, Dallas, TX 75247, United States",,General Manager,3,cmclaughlin@arcadiainc.com,unattributed,jchen@wilsonpart.com,https://arcadiainc.com/contact-us/,cmclaughlin@arcadiainc.com cmclaughlin@arcadiainc.com elock Ph: (702) 420-4689 rgoudelock@arcadiainc.com Northern California Director of Architecture Chris McLaughlin 2324 Del Monte St. West Sacrament,found
Arcadia Texas Inc.,http://arcadiainc.com/,arcadiainc.com,+1 469-210-8245,"7601 Ambassador Row #102, Dallas, TX 75247, United States",Eddie Sala,General Manager,3,esala@arcadiainc.com,personal mailbox,jchen@wilsonpart.com,https://arcadiainc.com/contact-us/,"esala@arcadiainc.com esala@arcadiainc.com ctor of Architecture Chris McLaughlin 2324 Del Monte St. West Sacramento, CA 95691 Ph: (530) 510-2650 cmclaughlin@arcadiainc.com General Manager Eddie Sala Ph",found
Arcadia Texas Inc.,http://arcadiainc.com/,arcadiainc.com,+1 469-210-8245,"7601 Ambassador Row #102, Dallas, TX 75247, United States",Partitions Visit,Partner,3,,,jchen@wilsonpart.com,https://arcadiainc.com/,"named on site as ""Partner Site ARCADIA LAS VEGAS""",found
Arcadia Texas Inc.,http://arcadiainc.com/,arcadiainc.com,+1 469-210-8245,"7601 Ambassador Row #102, Dallas, TX 75247, United States",,,,cbauza@arcadiainc.com,unattributed,jchen@wilsonpart.com,https://arcadiainc.com/contact-us/,"cbauza@arcadiainc.com cbauza@arcadiainc.com ve. Vernon, CA 90058 Ph: (323) 771-9819 Fx: (323) 908-5451 info@arcadiainc.com Sliding Door Division Carlos Bauza 2301 East Vernon Ave. Vernon, CA 90058 Ph:",found
Arcadia Texas Inc.,http://arcadiainc.com/,arcadiainc.com,+1 469-210-8245,"7601 Ambassador Row #102, Dallas, TX 75247, United States",,,,malonso@arcadiainc.com,unattributed,jchen@wilsonpart.com,https://arcadiainc.com/contact-us/,"malonso@arcadiainc.com malonso@arcadiainc.com East Vernon Ave. Vernon, CA 90058 Ph: (323) 908-5439 cbauza@arcadiainc.com Operable Window Division Margie Alonso 2301 East Vernon Ave. Vernon, CA 90058 P",found
Arcadia Texas Inc.,http://arcadiainc.com/,arcadiainc.com,+1 469-210-8245,"7601 Ambassador Row #102, Dallas, TX 75247, United States",,,,efuentes@arcadiainc.com,unattributed,jchen@wilsonpart.com,https://arcadiainc.com/contact-us/,"efuentes@arcadiainc.com efuentes@arcadiainc.com East Vernon Vernon, CA 90058 Ph: (951) 385-6675 Fx: (323) 908-5451 kyarnall@arcadiainc.com Branch Manager Erica Fuentes 2665 Leonis Blvd Vernon, CA 9005",found
Arcadia Texas Inc.,http://arcadiainc.com/,arcadiainc.com,+1 469-210-8245,"7601 Ambassador Row #102, Dallas, TX 75247, United States",,,,htorres@arcadiainc.com,unattributed,jchen@wilsonpart.com,https://arcadiainc.com/contact-us/,"htorres@arcadiainc.com htorres@arcadiainc.com 65 Leonis Blvd Vernon, CA 90058 Ph: (323) 204-9484 efuentes@arcadiainc.com Outside Sales Hilda Torres 2665 Leonis Blvd Vernon, CA 90058 Ph: (323) 908-5459",found
Arcadia Texas Inc.,http://arcadiainc.com/,arcadiainc.com,+1 469-210-8245,"7601 Ambassador Row #102, Dallas, TX 75247, United States",,,,rgoudelock@arcadiainc.com,unattributed,jchen@wilsonpart.com,https://arcadiainc.com/contact-us/,rgoudelock@arcadiainc.com rgoudelock@arcadiainc.com rgoudelock@arcadiainc.com rgoudelock@arcadiainc.com rgoudelock@arcadiainc.com rgoudelock@arcadiainc.com rgoudelock@arcadiainc.com rgoudelock@arcadia,found
Arcadia Texas Inc.,http://arcadiainc.com/,arcadiainc.com,+1 469-210-8245,"7601 Ambassador Row #102, Dallas, TX 75247, United States",,,,jfitzsimmons@arcadiainc.com,unattributed,jchen@wilsonpart.com,https://arcadiainc.com/contact-us/,jfitzsimmons@arcadiainc.com jfitzsimmons@arcadiainc.com jfitzsimmons@arcadiainc.com jfitzsimmons@arcadiainc.com s@arcadiainc.com Custom Home Inquiries Robert Goudelock Ph: (702) 420-4689 rgoudelock@ar,found
Arcadia Texas Inc.,http://arcadiainc.com/,arcadiainc.com,+1 469-210-8245,"7601 Ambassador Row #102, Dallas, TX 75247, United States",,,,ggarcia@arcadiainc.com,unattributed,jchen@wilsonpart.com,https://arcadiainc.com/contact-us/,ggarcia@arcadiainc.com ggarcia@arcadiainc.com delock@arcadiainc.com Architectural/ DSA/ HCAI- California James Fitzsimmons Ph: (714)244-9024 jfitzsimmons@arcadiainc.com Architectural Rep Gloria Garcia,found
Arcadia Texas Inc.,http://arcadiainc.com/,arcadiainc.com,+1 469-210-8245,"7601 Ambassador Row #102, Dallas, TX 75247, United States",,,,jhernandez@arcadiainc.com,unattributed,jchen@wilsonpart.com,https://arcadiainc.com/contact-us/,"jhernandez@arcadiainc.com jhernandez@arcadiainc.com ifornia Arcadia Hayward 2187 Alpine Way Hayward, CA 94545 Ph: (510) 783-4990 Branch Manager - Hayward Juan Hernandez 2187 Alpine Way Hayward, CA 945",found
Arcadia Texas Inc.,http://arcadiainc.com/,arcadiainc.com,+1 469-210-8245,"7601 Ambassador Row #102, Dallas, TX 75247, United States",,,,fdehorta@arcadiainc.com,unattributed,jchen@wilsonpart.com,https://arcadiainc.com/contact-us/,"fdehorta@arcadiainc.com fdehorta@arcadiainc.com 2324 Del Monte St. West Sacramento, CA 95691 Ph: (916) 375-1478 Branch Manager - West Sacramento Fernando Dehorta 2324 Del Monte St. West Sacramento, CA",found
Arcadia Texas Inc.,http://arcadiainc.com/,arcadiainc.com,+1 469-210-8245,"7601 Ambassador Row #102, Dallas, TX 75247, United States",,,,lginsberg@arcadiainc.com,unattributed,jchen@wilsonpart.com,https://arcadiainc.com/contact-us/,lginsberg@arcadiainc.com lginsberg@arcadiainc.com lginsberg@arcadiainc.com lginsberg@arcadiainc.com lginsberg@arcadiainc.com lginsberg@arcadiainc.com HCAI- California James Fitzsimmons Ph: (714)244-90,found
Arcadia Texas Inc.,http://arcadiainc.com/,arcadiainc.com,+1 469-210-8245,"7601 Ambassador Row #102, Dallas, TX 75247, United States",,,,arakus@arcadiainc.com,unattributed,jchen@wilsonpart.com,https://arcadiainc.com/contact-us/,"arakus@arcadiainc.com arakus@arcadiainc.com nsberg@arcadiainc.com Custom Home Inquiries Robert Goudelock Ph: (702) 420-4689 rgoudelock@arcadiainc.com Adam Rakus 7830 S. 196th Street Kent, WA 98032 Ph:",found
Arcadia Texas Inc.,http://arcadiainc.com/,arcadiainc.com,+1 469-210-8245,"7601 Ambassador Row #102, Dallas, TX 75247, United States",,,,hduvernay@arcadiainc.com,unattributed,jchen@wilsonpart.com,https://arcadiainc.com/contact-us/,"hduvernay@arcadiainc.com hduvernay@arcadiainc.com m Adam Rakus 7830 S. 196th Street Kent, WA 98032 Ph: (425) 284-8207 arakus@arcadiainc.com Sales Hunter DuVernay 7830 S. 196th Street Kent, WA 98032 Ph",found
Arcadia Texas Inc.,http://arcadiainc.com/,arcadiainc.com,+1 469-210-8245,"7601 Ambassador Row #102, Dallas, TX 75247, United States",,,,jgustafson@arcadiainc.com,unattributed,jchen@wilsonpart.com,https://arcadiainc.com/contact-us/,jgustafson@arcadiainc.com jgustafson@arcadiainc.com jgustafson@arcadiainc.com jgustafson@arcadiainc.com jgustafson@arcadiainc.com jgustafson@arcadiainc.com jgustafson@arcadiainc.com jgustafson@arcadia,found
Arcadia Texas Inc.,http://arcadiainc.com/,arcadiainc.com,+1 469-210-8245,"7601 Ambassador Row #102, Dallas, TX 75247, United States",,,,bmanriquez@arcadiainc.com,unattributed,jchen@wilsonpart.com,https://arcadiainc.com/contact-us/,bmanriquez@arcadiainc.com bmanriquez@arcadiainc.com bmanriquez@arcadiainc.com bmanriquez@arcadiainc.com bmanriquez@arcadiainc.com bmanriquez@arcadiainc.com bmanriquez@arcadiainc.com bmanriquez@arcadia,found
Arcadia Texas Inc.,http://arcadiainc.com/,arcadiainc.com,+1 469-210-8245,"7601 Ambassador Row #102, Dallas, TX 75247, United States",,,,jjohnson@arcadiainc.com,unattributed,jchen@wilsonpart.com,https://arcadiainc.com/contact-us/,jjohnson@arcadiainc.com jjohnson@arcadiainc.com jjohnson@arcadiainc.com jjohnson@arcadiainc.com jjohnson@arcadiainc.com jjohnson@arcadiainc.com jjohnson@arcadiainc.com jjohnson@arcadiainc.com jjohnson,found
Arcadia Texas Inc.,http://arcadiainc.com/,arcadiainc.com,+1 469-210-8245,"7601 Ambassador Row #102, Dallas, TX 75247, United States",,,,jmorales@arcadiainc.com,unattributed,jchen@wilsonpart.com,https://arcadiainc.com/contact-us/,"jmorales@arcadiainc.com jmorales@arcadiainc.com Ph: (702) 300-3064 Fx (702) 951-2525 jjohnson@arcadiainc.com Branch Manager Jamie Morales 3955 E. Craig Road North Las Vegas, NV 89030 Ph: (702) 944-469",found
Arcadia Texas Inc.,http://arcadiainc.com/,arcadiainc.com,+1 469-210-8245,"7601 Ambassador Row #102, Dallas, TX 75247, United States",,,,dfeola@arcadiainc.com,unattributed,jchen@wilsonpart.com,https://arcadiainc.com/contact-us/,"dfeola@arcadiainc.com dfeola@arcadiainc.com dfeola@arcadiainc.com dfeola@arcadiainc.com orth Las Vegas, NV 89030 Ph: (702) 944-4695 Fx: (702) 946-5435 jmorales@arcadiainc.com Branch Manager Dan Feola ",found
Arcadia Texas Inc.,http://arcadiainc.com/,arcadiainc.com,+1 469-210-8245,"7601 Ambassador Row #102, Dallas, TX 75247, United States",,,,nbezerra@arcadiainc.com,unattributed,jchen@wilsonpart.com,https://arcadiainc.com/contact-us/,"nbezerra@arcadiainc.com nbezerra@arcadiainc.com tional Organization of Minority Architects Region 6 - Arizona Branch Manager Nelson Bezerra 2920 E Chambers Street Phoenix, AZ 85040 Ph: (602) 437-2514 ",found
Arcadia Texas Inc.,http://arcadiainc.com/,arcadiainc.com,+1 469-210-8245,"7601 Ambassador Row #102, Dallas, TX 75247, United States",,,,fx (602) 734-5320,unattributed,jchen@wilsonpart.com,https://arcadiainc.com/contact-us/,Fx (602) 734-5320 Fx (602) 734-5320,found
Arcadia Texas Inc.,http://arcadiainc.com/,arcadiainc.com,+1 469-210-8245,"7601 Ambassador Row #102, Dallas, TX 75247, United States",,,,sboylan@arcadiainc.com,unattributed,jchen@wilsonpart.com,https://arcadiainc.com/contact-us/,"sboylan@arcadiainc.com sboylan@arcadiainc.com aware - Maryland - Virginia - North Carolina - South Carolina Georgia - Florida Sean Boylan 110 Viaduct Rd Stamford, CT 06907 Ph: (203) 316-8000 Fax: (203",found
Arcadia Texas Inc.,http://arcadiainc.com/,arcadiainc.com,+1 469-210-8245,"7601 Ambassador Row #102, Dallas, TX 75247, United States",,,,svalentin@arcadiainc.com,unattributed,jchen@wilsonpart.com,https://arcadiainc.com/contact-us/,"svalentin@arcadiainc.com svalentin@arcadiainc.com onstruction Specifications Institute Region 10 - Hawaii Branch Manager Stephen Valentin 94-410 Uke'e Street, Bldg #A Waipahu, HI 96797 Ph: (808)376-10",found
Arcadia Texas Inc.,http://arcadiainc.com/,arcadiainc.com,+1 469-210-8245,"7601 Ambassador Row #102, Dallas, TX 75247, United States",,,,tnorton@arcadiainc.com,unattributed,jchen@wilsonpart.com,https://arcadiainc.com/contact-us/,"tnorton@arcadiainc.com tnorton@arcadiainc.com (480) 403-1903 Fx (602) 734-5320 jgustafson@arcadiainc.com Region 13 - Texas Branch Manager Tom Norton 7601 Ambassador Row Suite #102 Dallas, TX 75247 Ph ",found
Arcadia Texas Inc.,http://arcadiainc.com/,arcadiainc.com,+1 469-210-8245,"7601 Ambassador Row #102, Dallas, TX 75247, United States",,,,wsmith@arcadiainc.com,unattributed,jchen@wilsonpart.com,https://arcadiainc.com/contact-us/,"wsmith@arcadiainc.com wsmith@arcadiainc.com Las Vegas, NV 89030 Ph: (702) 420-4689 rgoudelock@arcadiainc.com Outside Sales Representative William Smith 7601 Ambassador Row Suite #102 Dallas, TX 75247 ",found
Area Construction & Renovation,http://areaconstructionrockford.com/,areaconstructionrockford.com,+1 815-980-1710,,,,,areaconstructionrockford@gmail.com,unattributed,areaconstructionrockford@gmail.com,https://www.areaconstructionrockford.com/,areaconstructionrockford@g mail.com areaconstructionrockford@g mail.com,found
Arizona Glass & Door Connection,https://www.azglassconnection.com/,azglassconnection.com,+1 602-375-2000,"9850 N 19th Dr #7, Phoenix, AZ 85021, United States",,,,info@azglassanddoor.com,generic mailbox,info@azglassanddoor.com,http://www.azglassconnection.com/contact-us/,"ure of damage or issue for a faster response! We typically reply with in 24 hours, but if you can't wait, call us at 602-375-2000 - thank you! Contact Information Arizona Glass & Door Connection Info@",found
Arizona Window & Door Store,https://azwds.com/?utm_source=google&utm_medium=organic&utm_campaign=gbp,azwds.com,+1 480-450-1953,"7625 E Redfield Rd #400, Scottsdale, AZ 85260, United States",,,,,,,,,no email published
Arrow Glass and Mirror,https://glassgang.com/,glassgang.com,+1 512-339-4888,"9201 Brown Ln Suite 280, Austin, TX 78754, United States",,,,ceosea@glassgang.com,unattributed,ceosea@glassgang.com,https://glassgang.com/pages/arrow-careers,ceosea@glassgang.com Please email your resume and salary requirements to ceosea@glassgang.com . Only qualified candidates will be contacted. ceosea@glassgang.com Please email your resume and salary re,found
Arrow Glass and Mirror,https://glassgang.com/,glassgang.com,+1 512-339-4888,"9201 Brown Ln Suite 280, Austin, TX 78754, United States",,,,service@glassgang.com,generic mailbox,ceosea@glassgang.com,https://glassgang.com/pages/contact-service,"uest If your business requires glass maintenance and repair services, Arrow Glass and Mirror is here for you. You can submit a quote request below, call us at 512-400-0780 or email service@glassgang.c",found
Art's Door & Window Replacement,https://artswindowreplacement.com/,artswindowreplacement.com,+1 779-363-0284,"130 S State St #410, Belvidere, IL 61008, United States",,,,,,,,,no email published
ASP Windows and Doors,https://www.aspwindows.com/contact/doral-florida?utm_campaign=gmb,aspwindows.com,+1 786-751-5389,"3400 NW 114th Ave, Doral, FL 33178, United States",Jonathan Rodriguez,Founder,1,,,salesoffice@aspwindows.com,https://www.aspwindows.com/author,"named on site as ""Founder of ASP Windows""",found
ASP Windows and Doors,https://www.aspwindows.com/contact/doral-florida?utm_campaign=gmb,aspwindows.com,+1 786-751-5389,"3400 NW 114th Ave, Doral, FL 33178, United States",Yesenia Rodriguez,Founder,1,,,salesoffice@aspwindows.com,https://www.aspwindows.com/author,"named on site as ""Founder""",found
ASP Windows and Doors,https://www.aspwindows.com/contact/doral-florida?utm_campaign=gmb,aspwindows.com,+1 786-751-5389,"3400 NW 114th Ave, Doral, FL 33178, United States",,,,salesoffice@aspwindows.com,unattributed,salesoffice@aspwindows.com,https://www.aspwindows.com/,Email at salesoffice@aspwindows.com Call us Today (888) 782-8342 Email at salesoffice@aspwindows.com Working Hours Mon - Sat: 9 AM - 6 PM salesoffice@aspwindows.com (888) 782-8342 salesoffice@aspwindo,found
Assured Contracting LLC,https://assured-contracting.com/,assured-contracting.com,+1 954-652-1098,"3553 NW 10th Ave, Oakland Park, FL 33309, United States",,,,info@assured-contracting.com,generic mailbox,info@assured-contracting.com,https://assured-contracting.com/,"info@assured-contracting.com Email: info@assured-contracting.com ogle Business Profile to explore our reviews, photos, and service updates. Address: 3553 NW 10th Ave, Oakland Park, FL 33309, United St",found
Atrium Aluminum Products,http://www.atrium.com/,atrium.com,+1 214-331-3870,"9001 Ambassador Row, Dallas, TX 75247, United States",,,,,,,,,no email published
Attack-A-Crack Glass Specialist,http://attackacrackglassspecialist.com/,attackacrackglassspecialist.com,+1 512-995-2191,"3303 Peavy Dr, Austin, TX 78725, United States",,,,attackacrackglass@gmail.com,unattributed,attackacrackglass@gmail.com,https://attackacrackglassspecialist.com/,Send US an email Send US an email Get a Quote Get a Quote Get a Quote Get a Quote Get a Quote Get a Quote Get a quote Get a quote Get a quote Get a quote Get a quote Get a quote Get a quote Get a quot,found
Attack-A-Crack Glass Specialist,http://attackacrackglassspecialist.com/,attackacrackglassspecialist.com,+1 512-995-2191,"3303 Peavy Dr, Austin, TX 78725, United States",,,,micah@micahrich.com,unattributed,attackacrackglass@gmail.com,https://attackacrackglassspecialist.com/,,found
Austin Dream Remodeling Bathroom & Kitchen,https://austindreamremodeling.com/?utm_source=google&utm_medium=GBP&utm_campaign=seo,austindreamremodeling.com,+1 512-778-0791,"2713 Bristol Dr #2, Austin, TX 78723, United States",,,,,,,,,no email published
Austin Eco Windows,https://eco-windowsaustin.com/,eco-windowsaustin.com,+1 737-355-5640,,,,,info@shikari.ai,generic mailbox,info@shikari.ai,https://eco-windowsaustin.com/,,found
Austin Glass & Doors,https://austin-glass.ueniweb.com/?utm_campaign=gmb,austin-glass.ueniweb.com,+1 512-618-1305,"6903 Granger Dr, Austin, TX 78744, United States",,,,jorgemaya230@gmail.com,unattributed,jorgemaya230@gmail.com,https://austin-glass.ueniweb.com/,,found
Austin Glass & Mirror Inc,http://www.austinglass.com/,austinglass.com,+1 512-928-9999,"6308 Decker Ln # A, Austin, TX 78724, United States",,,,info@austinglass.com,generic mailbox,estimating@austinglass.com,https://www.austinglass.com/,"info@austinglass.com info@austinglass.com info@austinglass.com To apply for a job with Austin Glass & Mirror, Inc. please send a cover letter together with your C.V. to: info@austinglass.com TS INCLUD",found
Austin Glass & Mirror Inc,http://www.austinglass.com/,austinglass.com,+1 512-928-9999,"6308 Decker Ln # A, Austin, TX 78724, United States",,,,estimating@austinglass.com,unattributed,estimating@austinglass.com,https://www.austinglass.com/,"estimating@austinglass.com estimating@austinglass.com ACT Inquiries For any inquiries, questions or commendations, please call: (512) 928-9999 or fill out the following form Head Office 6308 Decker La",found
Austin Glass Guys,http://austinglassguys.com/,austinglassguys.com,+1 737-260-7555,"1017 Ranch Rd 620 S #210, Lakeway, TX 78734, United States",,,,hello@austinglassguys.com,generic mailbox,hello@austinglassguys.com,https://austinglassguys.com/,hello@austinglassguys.com Free Estimates · Fully Insured Lakeway · Bee Cave · Westlake · Greater Austin 737-260-7555 hello@austinglassguys.com hello@austinglassguys.com 737-260-7555 hello@austinglassg,found
Austin Jones Company,http://austinjonescompany.com/,austinjonescompany.com,+1 512-633-2605,"13119 Green River Trail, Austin, TX 78729, United States",,,,austinjonesent@yahoo.com,unattributed,austinjonesent@yahoo.com,https://www.austinjonescompany.com/,"austinjonesent@yahoo.com (512) 633-2605 austinjonesent@yahoo.com austinjonesent@yahoo.com EMAIL austinjonesent@yahoo.com WINDOW REPLACEMENTS GALLERY REVIEWS CONTACT US Address 13119 Green River Trail,",found
Austin Painting & Drywall LLC,https://www.atxgc.com/?utm_campaign=gmb,atxgc.com,+1 512-881-7203,,Travis Hawk,Owner,1,,,john@doe.com,https://atxgc.com/,"named on site as ""owner of Austin Painting""",found
Austin Painting & Drywall LLC,https://www.atxgc.com/?utm_campaign=gmb,atxgc.com,+1 512-881-7203,,,,,john@doe.com,unattributed,john@doe.com,https://atxgc.com/contact-us/,,found
Austin Pro Siding Windows & Roofing,https://www.austinprosiding.com/,austinprosiding.com,+1 512-550-0000,"7801 N Lamar Blvd Ste C70, Austin, TX 78752, United States",,,,info@austinprosiding.com,generic mailbox,info@austinprosiding.com,https://www.austinprosiding.com/,"info@austinprosiding.com Email info@austinprosiding.com info@austinprosiding.com Company Info (512) 550-0000 Mon-Fri: 8AM - 5PM info@austinprosiding.com 7801 N Lamar Blvd Suite C70, Austin, TX 78752 i",found
Austin Residential Window Replacement,https://austinresidentialwindowreplacement.com/,austinresidentialwindowreplacement.com,+1 512-379-6857,"6500 River Pl Blvd Building 7C, Austin, TX 78730, United States",,,,,,,,,no email published
Austin Retrofit Inc.,http://www.austinretrofit.com/,austinretrofit.com,+1 512-926-6665,"1834 Ferguson Ln Bldg 1300, Austin, TX 78754, United States",Dan Barrett,Sales Director,2,,,info@austinretrofit.com,https://www.austinretrofit.com/about,"named on site as ""Director of Sales""",found
Austin Retrofit Inc.,http://www.austinretrofit.com/,austinretrofit.com,+1 512-926-6665,"1834 Ferguson Ln Bldg 1300, Austin, TX 78754, United States",Cody Marwitz,General Manager,3,,,info@austinretrofit.com,https://www.austinretrofit.com/about,"named on site as ""General Manager""",found
Austin Retrofit Inc.,http://www.austinretrofit.com/,austinretrofit.com,+1 512-926-6665,"1834 Ferguson Ln Bldg 1300, Austin, TX 78754, United States",,,,info@austinretrofit.com,generic mailbox,info@austinretrofit.com,https://www.austinretrofit.com/,"info@austinretrofit.com Email: info@austinretrofit.com ation Portfolio Contact Showroom (By Appointment Only): 1834 Ferguson Lane Suite 1300 Austin, TX 78754 Billing Office: 3620 Quiette Drive Austin,",found
Austin Sliding Door and Window Repair,https://austinslidingdoorrepair.com/,austinslidingdoorrepair.com,+1 512-621-5542,"6705 US-290 #502-278, Austin, TX 78735, United States",Jeff Hanson,Owner,1,,,,https://austinslidingdoorrepair.com/about-austin-sliding-door-and-window-repair/,"named on site as ""owner""",found
Austin Window and Door,https://austinwindowanddoor.com/,austinwindowanddoor.com,+1 844-578-3096,"701 Tillery St, Austin, TX 78702, United States",,,,,,,,,no email published
Austin Window and Doors,https://austinwindowanddoors.andersenwindowscertifiedcontractors.com/,austinwindowanddoors.andersenwindowscertifiedcontractors.com,+1 512-612-1829,,,,,1789123609@noemail.com,unattributed,1789123609@noemail.com,https://austinwindowanddoors.andersenwindowscertifiedcontractors.com/,,found
Austin Window Siding and Roofing,https://austinwindowssidingroofing.com/,austinwindowssidingroofing.com,+1 512-645-1088,"901 S MoPac Expy, Austin, TX 78746, United States",,,,,,,,,no email published
Austin Windowerks,http://windowerks.com/,windowerks.com,+1 512-837-7200,"2339 Kramer Ln, Austin, TX 78758, United States",,,,contact@windowerks.com,generic mailbox,contact@windowerks.com,https://www.windowerks.com/,,found
Austin’s Best Window Installer’s,http://austinbestcontract.wix.com/windows,austinbestcontract.wix.com,+1 512-934-3979,,,,,,,,,,no email published
Austin’s BEST Windows and Siding Co,https://austinsbestwindowsandsiding.com/,austinsbestwindowsandsiding.com,+1 512-999-8569,,,,,info@austinsbestwindowsandsiding.com,generic mailbox,allco1@yahoo.com,https://austinsbestwindowsandsiding.com/,,found
Austin’s BEST Windows and Siding Co,https://austinsbestwindowsandsiding.com/,austinsbestwindowsandsiding.com,+1 512-999-8569,,,,,allco1@yahoo.com,unattributed,allco1@yahoo.com,https://austinsbestwindowsandsiding.com/,,found
Avana Windows & Doors,https://www.avanawindows.com/,avanawindows.com,+1 954-902-7815,"515 E Las Olas Blvd Suite 120, Fort Lauderdale, FL 33301, United States",,,,,,,,,no email published
AWE Build,https://www.mywindowexpert.com/,mywindowexpert.com,+1 512-755-5582,,,,,hello@theawebuild.com,generic mailbox,hello@theawebuild.com,https://theawebuild.com/,hello@theawebuild.com hello@theawebuild.com oms and bathrooms. Services Window Replacement Door Replacement Siding Installation Patio Covers & Sunrooms Bathroom Remodels Company Our Story Our Process ,found
AZ Valley Windows LLC,https://azvalleywindows.com/,azvalleywindows.com,+1 623-516-7800,"2501 W Behrend Dr Suite B-21, Phoenix, AZ 85027, United States",,,,info@azvalleywindows.com,generic mailbox,azvalleywindows01@gmail.com,https://azvalleywindows.com/,"info@azvalleywindows.com info@azvalleywindows.com Careers Service Areas Privacy Policy Calendly Contact US (623) 516-7800 info@azvalleywindows.com 2501 W. Behrend Drive Suite B-21 Phoenix, AZ 85027 Mo",found
AZ Valley Windows LLC,https://azvalleywindows.com/,azvalleywindows.com,+1 623-516-7800,"2501 W Behrend Dr Suite B-21, Phoenix, AZ 85027, United States",,,,azvalleywindows01@gmail.com,unattributed,azvalleywindows01@gmail.com,https://azvalleywindows.com/careers/,here or email us your resume here .,found
B&B Plate Glass,https://www.austintxglass.net/,austintxglass.net,+1 512-825-3738,"11707 N Lamar Blvd, Austin, TX 78753, United States",,,,,,,,,no email published
Baker Roofing & Construction Inc,https://baker-roofing.com/,baker-roofing.com,+1 855-766-3777,"6507 Trammel Dr, Dallas, TX 75214, United States",,,,info@baker-roofing.com,generic mailbox,info@baker-roofing.com,https://baker-roofing.com/,,found
BC Roofing Siding & Windows,http://www.bcroof.com/,bcroof.com,+1 972-306-0215,"2300 Valley View Ln #107, Farmers Branch, TX 75234, United States",,,,mgrbcroof@gmail.com,unattributed,mgrbcroof@gmail.com,https://www.bcroof.com/,"mgrbcroof@gmail.com There are multiple ways you can get in touch with us. You can call us at 972-306-0215 or email us at mgrbcroof@gmail.com . Or if you prefer, you can use the contact form available ",found
Bello Remodeling,https://bello-remodeling.com/,bello-remodeling.com,+1 512-663-8573,"2517 Berkeley Ave, Austin, TX 78745, United States",,,,,,,,,no email published
Best Buy Windows and Siding,https://www.bestbuywindowsandsiding.com/,bestbuywindowsandsiding.com,+1 469-946-3697,"1800 N Glenville Dr #102, Richardson, TX 75081, United States",,,,,,,,,no email published
Bethany Windows,http://bethanywindowstexas.com/,bethanywindowstexas.com,+1 512-876-0590,"1775 County Rd 279 A-104, Liberty Hill, TX 78642, United States",,,,bethanywindowstexas@gmail.com,unattributed,bethanywindowstexas@gmail.com,https://bethanywindowstexas.com/,ber one priority. Contact Us Request a Price Quote Name Email* Send This site is protected by reCAPTCHA and the Google Privacy Policy and Terms of Service apply. Bethany Windows BethanyWindowsTexas@gm,found
Bethany Windows,http://bethanywindowstexas.com/,bethanywindowstexas.com,+1 512-876-0590,"1775 County Rd 279 A-104, Liberty Hill, TX 78642, United States",,,,impallari@gmail.com,unattributed,bethanywindowstexas@gmail.com,https://bethanywindowstexas.com/,,found
Bethany Windows,http://bethanywindowstexas.com/,bethanywindowstexas.com,+1 512-876-0590,"1775 County Rd 279 A-104, Liberty Hill, TX 78642, United States",,,,team@latofonts.com,generic mailbox,bethanywindowstexas@gmail.com,https://bethanywindowstexas.com/,,found
Binswanger Glass,https://www.binswangerglass.com/branch/dallas-tx-4222-harry-hines-blvd/,binswangerglass.com,+1 214-520-6583,"4222 Harry Hines Blvd, Dallas, TX 75219, United States",,,,hr@binswangerglass.com,unattributed,hr@binswangerglass.com,https://www.binswangerglass.com/about-us/careers/,"hr@binswangerglass.com To contact our Human Resources department please click here hr@binswangerglass.com rans/Individuals with Disabilities. Click to view the EEO is The Law poster , and the Suppleme",found
Binswanger Glass,https://www.binswangerglass.com/branch/dallas-tx-4222-harry-hines-blvd/,binswangerglass.com,+1 214-520-6583,"4222 Harry Hines Blvd, Dallas, TX 75219, United States",,,,info@binswangerglass.com,generic mailbox,hr@binswangerglass.com,https://www.binswangerglass.com/contact-us/,r Glass. Message and data rates may apply. Carriers are not liable for delayed or undelivered messages. Message frequency varies per user. Text HELP for help or call us at 800-337-9244 or email us at ,found
Blade Glazing LLC,http://bladeglazingllc.com/,bladeglazingllc.com,+1 214-687-1216,,,,,tahana@jayesglassandmirror.com,unattributed,tahana@jayesglassandmirror.com,https://bladeglazingllc.com/,tahana@jayesglassandmirror.com Email Us tahana@jayesglassandmirror.com Request Your Free Estimate Tell us about your project and we'll get right back to you. No job is too big or too small — call now ,found
Blake Construction Blake Construction,http://www.blake-construction.com/contact-us/,blake-construction.com,+1 214-563-5035,"100 S Glasgow Dr, Dallas, TX 75214, United States",Brandon Blake,Owner,1,brandon@blake-construction.com,personal mailbox,brandon@blake-construction.com,https://blake-construction.com/about-us/,"named on site as ""Owner of Blake Construction S""",found
Blake Construction Blake Construction,http://www.blake-construction.com/contact-us/,blake-construction.com,+1 214-563-5035,"100 S Glasgow Dr, Dallas, TX 75214, United States",,,,brandon@blake-construction.com,unattributed,brandon@blake-construction.com,https://blake-construction.com/,brandon@blake-construction.com brandon@blake-construction.com ur dedication to providing the best possible customer service while delivering outstanding quality and design. CONTACT US 721 Lipscomb Ave,found
Bliss Window & Screen Inc.,https://www.blisswindow.com/?utm_source=google&utm_medium=organic&utm_campaign=gbp-fort-lauderdale&utm_id=local&utm_content=fort-fauderdale,blisswindow.com,+1 954-763-5086,"815 N Andrews Ave, Fort Lauderdale, FL 33311, United States",,,,blisswindow@aol.com,unattributed,blisswindow@aol.com,https://www.blisswindow.com/,"blisswindow@aol.com blisswindow@aol.com and the surrounding areas. General Contractor License # CGC1540532 Bliss Window & Screen, Inc. 815 N Andrews Ave, Fort Lauderdale, FL 33311 (954) 763-5086 (954)",found
Bliss Window & Screen Inc.,https://www.blisswindow.com/?utm_source=google&utm_medium=organic&utm_campaign=gbp-fort-lauderdale&utm_id=local&utm_content=fort-fauderdale,blisswindow.com,+1 954-763-5086,"815 N Andrews Ave, Fort Lauderdale, FL 33311, United States",,,,lussi121@outlook.com,unattributed,blisswindow@aol.com,https://www.blisswindow.com/,,found
Bliss Window & Screen Inc.,https://www.blisswindow.com/?utm_source=google&utm_medium=organic&utm_campaign=gbp-fort-lauderdale&utm_id=local&utm_content=fort-fauderdale,blisswindow.com,+1 954-763-5086,"815 N Andrews Ave, Fort Lauderdale, FL 33311, United States",,,,rgrabtsmnpt@doctor-stiralok.ru,unattributed,blisswindow@aol.com,https://www.blisswindow.com/,,found
Bliss Window & Screen Inc.,https://www.blisswindow.com/?utm_source=google&utm_medium=organic&utm_campaign=gbp-fort-lauderdale&utm_id=local&utm_content=fort-fauderdale,blisswindow.com,+1 954-763-5086,"815 N Andrews Ave, Fort Lauderdale, FL 33311, United States",,,,alyson@agencyvas.com,unattributed,blisswindow@aol.com,https://www.blisswindow.com/,,found
Bliss Window & Screen Inc.,https://www.blisswindow.com/?utm_source=google&utm_medium=organic&utm_campaign=gbp-fort-lauderdale&utm_id=local&utm_content=fort-fauderdale,blisswindow.com,+1 954-763-5086,"815 N Andrews Ave, Fort Lauderdale, FL 33311, United States",,,,terry@commercialcleanrsfl.com,unattributed,blisswindow@aol.com,https://www.blisswindow.com/,,found
Bliss Window & Screen Inc.,https://www.blisswindow.com/?utm_source=google&utm_medium=organic&utm_campaign=gbp-fort-lauderdale&utm_id=local&utm_content=fort-fauderdale,blisswindow.com,+1 954-763-5086,"815 N Andrews Ave, Fort Lauderdale, FL 33311, United States",,,,todd@cayugacorporation.net,unattributed,blisswindow@aol.com,https://www.blisswindow.com/,,found
Bliss Window & Screen Inc.,https://www.blisswindow.com/?utm_source=google&utm_medium=organic&utm_campaign=gbp-fort-lauderdale&utm_id=local&utm_content=fort-fauderdale,blisswindow.com,+1 954-763-5086,"815 N Andrews Ave, Fort Lauderdale, FL 33311, United States",,,,ricky@commercialcleanrsfl.com,unattributed,blisswindow@aol.com,https://www.blisswindow.com/,,found
Bliss Window & Screen Inc.,https://www.blisswindow.com/?utm_source=google&utm_medium=organic&utm_campaign=gbp-fort-lauderdale&utm_id=local&utm_content=fort-fauderdale,blisswindow.com,+1 954-763-5086,"815 N Andrews Ave, Fort Lauderdale, FL 33311, United States",,,,eric.jones.z.mail@gmail.com,unattributed,blisswindow@aol.com,https://www.blisswindow.com/contact-us/,,found
Bliss Window & Screen Inc.,https://www.blisswindow.com/?utm_source=google&utm_medium=organic&utm_campaign=gbp-fort-lauderdale&utm_id=local&utm_content=fort-fauderdale,blisswindow.com,+1 954-763-5086,"815 N Andrews Ave, Fort Lauderdale, FL 33311, United States",,,,ericjonesmyemail@gmail.com,unattributed,blisswindow@aol.com,https://www.blisswindow.com/contact-us/,,found
Bliss Window & Screen Inc.,https://www.blisswindow.com/?utm_source=google&utm_medium=organic&utm_campaign=gbp-fort-lauderdale&utm_id=local&utm_content=fort-fauderdale,blisswindow.com,+1 954-763-5086,"815 N Andrews Ave, Fort Lauderdale, FL 33311, United States",,,,justinwilson@wiki-moderator.com,unattributed,blisswindow@aol.com,https://www.blisswindow.com/contact-us/,,found
Bliss Window & Screen Inc.,https://www.blisswindow.com/?utm_source=google&utm_medium=organic&utm_campaign=gbp-fort-lauderdale&utm_id=local&utm_content=fort-fauderdale,blisswindow.com,+1 954-763-5086,"815 N Andrews Ave, Fort Lauderdale, FL 33311, United States",Veverly Streamlinedvas,,,veverly.streamlinedvas@gmail.com,personal mailbox,blisswindow@aol.com,https://www.blisswindow.com/contact-us/,,found
Bliss Window & Screen Inc.,https://www.blisswindow.com/?utm_source=google&utm_medium=organic&utm_campaign=gbp-fort-lauderdale&utm_id=local&utm_content=fort-fauderdale,blisswindow.com,+1 954-763-5086,"815 N Andrews Ave, Fort Lauderdale, FL 33311, United States",,,,c.main@sawtrax.com,unattributed,blisswindow@aol.com,https://www.blisswindow.com/contact-us/,,found
Bliss Window & Screen Inc.,https://www.blisswindow.com/?utm_source=google&utm_medium=organic&utm_campaign=gbp-fort-lauderdale&utm_id=local&utm_content=fort-fauderdale,blisswindow.com,+1 954-763-5086,"815 N Andrews Ave, Fort Lauderdale, FL 33311, United States",Jessica Snyder,,,jessica.snyder@helloratespros.com,personal mailbox,blisswindow@aol.com,https://www.blisswindow.com/contact-us/,,found
Bliss Window & Screen Inc.,https://www.blisswindow.com/?utm_source=google&utm_medium=organic&utm_campaign=gbp-fort-lauderdale&utm_id=local&utm_content=fort-fauderdale,blisswindow.com,+1 954-763-5086,"815 N Andrews Ave, Fort Lauderdale, FL 33311, United States",,,,jenn@dandyaisoftware.com,unattributed,blisswindow@aol.com,https://www.blisswindow.com/contact-us/,,found
Bliss Window & Screen Inc.,https://www.blisswindow.com/?utm_source=google&utm_medium=organic&utm_campaign=gbp-fort-lauderdale&utm_id=local&utm_content=fort-fauderdale,blisswindow.com,+1 954-763-5086,"815 N Andrews Ave, Fort Lauderdale, FL 33311, United States",,,,beatrizbustos@zoe.zephyo.com,unattributed,blisswindow@aol.com,https://www.blisswindow.com/contact-us/,,found
Bliss Window & Screen Inc.,https://www.blisswindow.com/?utm_source=google&utm_medium=organic&utm_campaign=gbp-fort-lauderdale&utm_id=local&utm_content=fort-fauderdale,blisswindow.com,+1 954-763-5086,"815 N Andrews Ave, Fort Lauderdale, FL 33311, United States",,,,jessica@businesscoachvas.com,unattributed,blisswindow@aol.com,https://www.blisswindow.com/contact-us/,,found
Bluebonnet Windows and Installation,http://bluebonnetwindows.com/,bluebonnetwindows.com,+1 512-757-9733,,,,,,,,,,no email published
Boca Impact Window and Door,https://www.bocaimpactwd.com/?utm_source=google&utm_medium=organic&utm_campaign=GBPListing-Boca-Raton-FL,bocaimpactwd.com,+1 561-556-4539,"Bay 17, 3601 N Dixie Hwy, Boca Raton, FL 33431, United States",,,,,,,,,no email published
Bold Roofing - DFW's Best Roofing Contractor,https://boldroofing.com/,boldroofing.com,+1 972-380-9300,"10720 Miller Rd #303, Dallas, TX 75238, United States",,,,,,,,,no email published
Brennan Enterprises,https://www.brennancorp.com/?utm_source=google&utm_medium=organic&utm_campaign=gmb&utm_term=dallas,brennancorp.com,+1 972-619-9281,,Dale Lakey,General Manager,3,,,hello@brennancorp.com,https://brennancorp.com/about-brennan-enterprises/team/,"named on site as ""General Manager Gabriela Alejos""",found
Brennan Enterprises,https://www.brennancorp.com/?utm_source=google&utm_medium=organic&utm_campaign=gmb&utm_term=dallas,brennancorp.com,+1 972-619-9281,,,,,hello@brennancorp.com,generic mailbox,hello@brennancorp.com,https://brennancorp.com/,"hello@brennancorp.com hello@brennancorp.com rises Headquarters & Showroom (Open to Public) 2100 E Randol Mill Road, Arlington, Texas 76011 Office Hours Monday-Friday, 8AM-5PM 855-819-9259 hello@brenna",found
BrightWing Custom Exteriors,http://www.brightwingcustom.com/,brightwingcustom.com,+1 512-323-0124,"9086 Jollyville Rd, Austin, TX 78759, United States",,,,,,,,,no email published
Brothers Custom Glass and Mirrors LLC.,https://brotherscustomglas.wixsite.com/website,brotherscustomglas.wixsite.com,+1 512-593-3865,,,,,,,,,,no email published
Broward Impact Window & Door,https://www.browardimpact.com/?utm_source=google&utm_medium=maps&utm_campaign=gmb,browardimpact.com,+1 954-922-0606,"1954 Tigertail Blvd, Dania Beach, FL 33004, United States",,,,sales@browardimpact.com,generic mailbox,sales@browardimpact.com,https://www.browardimpact.com/,"SALES@BROWARDIMPACT.COM SALES@BROWARDIMPACT.COM ry Location Visit Our Showroom Financing Company News Testimonials Privacy Policy Broward Impact Window & Door 1954 Tigertail Blvd Dania Beach, FL 33004",found
Brunos Mirrors & Glass Inc,https://www.brunosglass.com/,brunosglass.com,+1 954-224-4254,"4638 NW 8th Terrace, Fort Lauderdale, FL 33309, United States",,,,,,,,,no email published
Buckley Window Corporation,https://www.buckleywindow.com/,buckleywindow.com,+1 954-396-4211,"201 NE 32nd St, Oakland Park, FL 33334, United States",,,,ryan@buckleywindow.com,unattributed,ryan@buckleywindow.com,https://buckleywindow.com/,ryan@buckleywindow.com ryan@buckleywindow.com and door specialists since 1987 Quick Links Home Services & Products Photo Gallery Wholesale / B2B About Us Contact Us Blog Contact Information 201 NE 32 ,found
BUENAVISTA WINDOWS,https://www.buenavistawindows.net/,buenavistawindows.net,+1 469-805-8098,"4215 McEwen Rd, Dallas, TX 75244, United States",,,,info@buenavistawindows.net,generic mailbox,info@buenavistawindows.net,https://www.buenavistawindows.net/contactinfo,"Info@BuenaVistaWindows.net Info@BuenaVistaWindows.net items. Contact Please contact us for additional information, establishing an account, or getting a quote. Location 4215 McEwen Rd Farmers Branch, ",found
Bufalo Contracting,http://www.bufalocontracting.com/,bufalocontracting.com,+1 779-368-0256,"3466 Colony Bay Dr, Rockford, IL 61109, United States",,,,sbufalo@bufalocontracting.com,unattributed,sbufalo@bufalocontracting.com,https://www.bufalocontracting.com/,,found
Build it ATX LLC,https://builditatx.com/?utm_campaign=gmb,builditatx.com,+1 737-260-5099,"2203 Palmera Cove, Austin, TX 78744, United States",,,,sales@builditatx.com,generic mailbox,sales@builditatx.com,https://builditatx.com/,sales@builditatx.com We are also equipped and insured to take on commercial projects. Email plans to sales@builditatx.com or Request a Bid Online! sales@builditatx.com sales@builditatx.com med and inv,found
Builders Bargain,http://www.builders-bargain.com/,builders-bargain.com,+1 954-522-1900,"900 NE 3rd Ave, Fort Lauderdale, FL 33304, United States",,,,info@builders-bargain.com,generic mailbox,info@builders-bargain.com,https://www.builders-bargain.com/,info@builders-bargain.com info@builders-bargain.com info@builders-bargain.com info@builders-bargain.com info@builders-bargain.com Email: info@builders-bargain.com Lauderdale FL and nearby areas - Buil,found
Builders FirstSource,https://www.bldr.com/contact/request-quote?utm_source=yext&utm_medium=listing&utm_campaign=requestquote&utm_content=AUSTTXYD,bldr.com,+1 512-444-3172,"4501 Burleson Rd, Austin, TX 78744, United States",Comparably Best,CEO,1,,,chris.ludwig@bldr.com,https://careers.bldr.com/,"named on site as ""CEO Comparably Best Company""",found
Builders FirstSource,https://www.bldr.com/contact/request-quote?utm_source=yext&utm_medium=listing&utm_campaign=requestquote&utm_content=AUSTTXYD,bldr.com,+1 512-444-3172,"4501 Burleson Rd, Austin, TX 78744, United States",Peter Jackson,President,1,,,chris.ludwig@bldr.com,https://careers.bldr.com/military-and-veterans,"named on site as ""President""",found
Builders FirstSource,https://www.bldr.com/contact/request-quote?utm_source=yext&utm_medium=listing&utm_campaign=requestquote&utm_content=AUSTTXYD,bldr.com,+1 512-444-3172,"4501 Burleson Rd, Austin, TX 78744, United States",West Division,President,1,,,chris.ludwig@bldr.com,https://www.bldr.com/who-we-are/leadership,"named on site as ""President""",found
Builders FirstSource,https://www.bldr.com/contact/request-quote?utm_source=yext&utm_medium=listing&utm_campaign=requestquote&utm_content=AUSTTXYD,bldr.com,+1 512-444-3172,"4501 Burleson Rd, Austin, TX 78744, United States",East Division,President,1,,,chris.ludwig@bldr.com,https://www.bldr.com/who-we-are/leadership,"named on site as ""President""",found
Builders FirstSource,https://www.bldr.com/contact/request-quote?utm_source=yext&utm_medium=listing&utm_campaign=requestquote&utm_content=AUSTTXYD,bldr.com,+1 512-444-3172,"4501 Burleson Rd, Austin, TX 78744, United States",Chris Ludwig,Partner,3,chris.ludwig@bldr.com,personal mailbox,chris.ludwig@bldr.com,https://www.bldr.com/resources/design-ultra-team,next level. Watch the Tour REQUEST A PROJECT CONSULTATION Schedule an appointment today by contacting Chris Ludwig: 214.926.0593 chris.ludwig@bldr.com ELITE BRAND PARTNERS To help our clients achieve ,found
Builders FirstSource,https://www.bldr.com/contact/request-quote?utm_source=yext&utm_medium=listing&utm_campaign=requestquote&utm_content=AUSTTXYD,bldr.com,+1 512-444-3172,"4501 Burleson Rd, Austin, TX 78744, United States",,,,privacy@icims.com,unattributed,chris.ludwig@bldr.com,https://careers.bldr.com/,,found
Builders FirstSource,https://www.bldr.com/contact/request-quote?utm_source=yext&utm_medium=listing&utm_campaign=requestquote&utm_content=AUSTTXYD,bldr.com,+1 512-444-3172,"4501 Burleson Rd, Austin, TX 78744, United States",,,,proudtoserve@bldr.com,unattributed,chris.ludwig@bldr.com,https://careers.bldr.com/military-and-veterans,"Contact Now HAVE QUESTIONS? For more information, contact our Military Recruiting Specialist. Contact Now",found
Burglar Bars in Dallas,https://www.burglarbarsindallas.com/,burglarbarsindallas.com,+1 214-340-0078,"9310 Forest Ln #206, Dallas, TX 75243, United States",,,,sales@aaacustomwindows.com,generic mailbox,sales@aaacustomwindows.com,https://www.customsecuritydoorsandwindows.com/,SALES@AAACUSTOMWINDOWS.COM SALES@AAACUSTOMWINDOWS.COM architect-grade doors built to defend without compromising timeless design. PRODUCTS Doors Replacement Windows Folding Gates Hand Rails Burglar Ba,found
By Loredo Construction LLC,https://www.loredoconstruction.com/,loredoconstruction.com,+1 512-923-9218,,,,,alexloredoconstruction@gmail.com,unattributed,alexloredoconstruction@gmail.com,https://loredoconstruction.com/,"LS, CEILLINGS AND ROOF STUCTURE REMOVE AND MODIFICATIONS. We are fully insured and license contractor. email me your full set of engineering structural and architect plans for a free estimate, at alex",found
By Loredo Construction LLC,https://www.loredoconstruction.com/,loredoconstruction.com,+1 512-923-9218,,,,,info@mydomain.com,generic mailbox,alexloredoconstruction@gmail.com,https://LOREDOCONSTRUCTION.COM/contact/,"info@mydomain.com info@mydomain.com your contact. Please fill out the form first to help us answer your question the most efficiently. Hop by whenever 1234 Street, New York, NY 10002 Give us a call an",found
C&C Exteriors,http://www.exteriorscc.net/,exteriorscc.net,+1 469-291-7039,"10420 Plano Rd #112, Dallas, TX 75238, United States",Joe Clifford,Owner,1,,,,https://www.exteriorscc.net/about/,"named on site as ""OWNER Joe has worked in const""",found
C-TEX Glass And Door LLC,http://ctexglassanddoor.com/,ctexglassanddoor.com,+1 832-579-7053,,,,,contact@ctexglassanddoor.com,generic mailbox,contact,https://ctexglassanddoor.com/,Skip to content Dallas-Fort Worth (832) 579-7053 contact@ctexglassanddoor.com Facebook Whatsapp Home About Us Our Services Gallery Contact Us Home Ab nt Methods Cash Checks Zelle Contact (832) 579-705,found
C-TEX Glass And Door LLC,http://ctexglassanddoor.com/,ctexglassanddoor.com,+1 832-579-7053,,,,,contact,unattributed,contact,https://ctexglassanddoor.com/contact/,Send Email Send Email Contact Us,found
C-TEX Glass And Door LLC,http://ctexglassanddoor.com/,ctexglassanddoor.com,+1 832-579-7053,,,,,contact@ctexglassanddoor.com/,generic mailbox,contact,https://ctexglassanddoor.com/contact/,Send Email Send Email Contact Us,found
Camey Xteriors,http://www.cameyxteriors.com/,cameyxteriors.com,+1 972-900-8969,,,,,info@ndiscovered.com,generic mailbox,cameyxteriors@gmail.com,https://cameyxteriors.com/,,found
Camey Xteriors,http://www.cameyxteriors.com/,cameyxteriors.com,+1 972-900-8969,,,,,cameyxteriors@gmail.com,unattributed,cameyxteriors@gmail.com,https://cameyxteriors.com/contact-us,cameyxteriors@gmail.com (972) 900-8969 cameyxteriors@gmail.com act Us Name* Phone* Email* Address* Attach Files Attachments (0) Send This site is protected by reCAPTCHA and the Google Privacy Policy a,found
Cantera Doors,https://www.canteradoors.com/,canteradoors.com,+1 512-263-8881,,,,,,,,,,no email published
Capital State Remodel,https://www.capitalstate.net/,capitalstate.net,+1 512-584-6649,"3006 Crosscreek Dr, Austin, TX 78757, United States",Ariel Preminger,Founder,1,ariel@capitalstate.net,personal mailbox,ariel@capitalstate.net,https://capitalstate.net/about/,"named on site as ""Founder""",found
Capital State Remodel,https://www.capitalstate.net/,capitalstate.net,+1 512-584-6649,"3006 Crosscreek Dr, Austin, TX 78757, United States",,,,ariel@capitalstate.net,unattributed,ariel@capitalstate.net,https://capitalstate.net/,"ariel@capitalstate.net Contact 512-584-6649 ariel@capitalstate.net Austin, TX 78757 Free Estimate → modeling Home Additions Garage Conversions Interior Renovation Siding & Roofing Service Areas Austin",found
Capstone Window Replacement & Doors,https://www.capstonephoenix.com/,capstonephoenix.com,+1 480-800-8444,"14301 N 87th St Ste 205 Ste 205, Scottsdale, AZ 85260, United States",Trusted Craftsmanship,Owner,1,,,help@capstonephoenix.com,https://capstonephoenix.com/,"named on site as ""Owner led""",found
Capstone Window Replacement & Doors,https://www.capstonephoenix.com/,capstonephoenix.com,+1 480-800-8444,"14301 N 87th St Ste 205 Ste 205, Scottsdale, AZ 85260, United States",,,,help@capstonephoenix.com,generic mailbox,help@capstonephoenix.com,https://capstonephoenix.com/,"help@capstonephoenix.com help@capstonephoenix.com Contact Us Our Services Window Replacement Door Replacement Contact Us (480) 800-8444 help@capstonephoenix.com 14301 N 87th St, Ste 205, Scottsdale, A",found
Cardinal Glass,https://www.cardinalcorp.com/,cardinalcorp.com,+1 815-394-1400,"1087 Research Pkwy, Rockford, IL 61109, United States",,,,,,,,,no email published
Castle Contracting,http://www.castleexteriors.net/?utm_source=Google&utm_medium=Organic&utm_campaign=GBP,castleexteriors.net,+1 877-512-4207,"10565 Product Dr Ste A1, Machesney Park, IL 61115, United States",Brad Steele,Owner,1,,,castleexteriors@castleexteriors.net,https://castleexteriors.net/,"named on site as ""Owner Sarah Lucansky Office M""",found
Castle Contracting,http://www.castleexteriors.net/?utm_source=Google&utm_medium=Organic&utm_campaign=GBP,castleexteriors.net,+1 877-512-4207,"10565 Product Dr Ste A1, Machesney Park, IL 61115, United States",,,,info@castleexteriors.net,generic mailbox,castleexteriors@castleexteriors.net,https://castleexteriors.net/,,found
Castle Contracting,http://www.castleexteriors.net/?utm_source=Google&utm_medium=Organic&utm_campaign=GBP,castleexteriors.net,+1 877-512-4207,"10565 Product Dr Ste A1, Machesney Park, IL 61115, United States",,,,castleexteriors@castleexteriors.net,unattributed,castleexteriors@castleexteriors.net,https://castleexteriors.net/,,found
CAT Exteriors Dallas,https://www.catexteriors.pro/,catexteriors.pro,+1 833-444-4228,"9865 Chartwell Dr, Dallas, TX 75243, United States",Request Support,Partner,3,,,,https://www.catexteriors.pro/,"named on site as ""Partner With Us Meet Our Partne""",found
Century Glass & Mirror Inc. of Dallas,http://www.centuryglassdallas.com/,centuryglassdallas.com,+1 214-823-7773,"1417 N Washington Ave, Dallas, TX 75204, United States",,President,1,info@centuryglassdallas.com,generic mailbox,info@centuryglassdallas.com,http://centuryglassdallas.com/about-us/,"info@centuryglassdallas.com Email: info@centuryglassdallas.com erences are available upon request. President: Reena Morris Address: 1417 North Washington Ave. Dallas, TX 75204 Phone: 214-823-7773 Fax:",found
Certified Window & Door,http://www.remodelcwd.com/,remodelcwd.com,+1 214-736-3935,,Award Winning,Partner,3,,,"""info@certifiedcontractorgroup.com""",https://remodelcwd.com/,"named on site as ""Partner Window Types Vinyl Repl""",found
Certified Window & Door,http://www.remodelcwd.com/,remodelcwd.com,+1 214-736-3935,,,,,"""info@certifiedcontractorgroup.com""",unattributed,"""info@certifiedcontractorgroup.com""",https://remodelcwd.com/,Contact Us (1) 214-736-3935 / Contact Us - WE ARE TAKING EVERY PRECAUTION FOR COVID-19.,found
Certified Window & Door,http://www.remodelcwd.com/,remodelcwd.com,+1 214-736-3935,,,,,info@certifiedcontractorgroup.com,generic mailbox,"""info@certifiedcontractorgroup.com""",https://remodelcwd.com/,,found
Cerv Property Solutions Austin,https://www.cervpropertysolutions.com/?utm_source=google&utm_medium=organic&utm_campaign=gbp-austin,cervpropertysolutions.com,+1 737-286-9704,"4930 S Congress Ave #303C, Austin, TX 78745, United States",Kade Thomas,CEO,1,,,,https://www.cervpropertysolutions.com/about,"named on site as ""Chief Executive Officer""",found
Champion Glass Inc,https://champion-glass.net/,champion-glass.net,+1 954-564-3435,"4720 NW 15th Ave #4A, Fort Lauderdale, FL 33309, United States",,,,info@champion-glass.net,generic mailbox,info@champion-glass.net,https://champion-glass.net/,info@champion-glass.net info@champion-glass.net info@champion-glass.net info@champion-glass.net Skip to content Champion Glass 954-564-3435 info@champion-glass.net Youtube Linkedin X-twitter Menu Home,found
Champion Replacement Windows of Austin,https://www.championwindow.com/Austin/?utm_source=google&utm_medium=organic&utm_campaign=gmb_austin_localpage,championwindow.com,+1 512-961-8895,"9402 Business Dr, Austin, TX 78758, United States",,,,info@getchampion.com,generic mailbox,info@getchampion.com,https://www.championwindow.com/,,found
Chenault window services,https://chenaultswindowservices.net/,chenaultswindowservices.net,+1 972-783-9572,"10605 Boomer Cir #107, Dallas, TX 75238, United States",,,,,,,,,no email published
City Auto Glass,https://www.cityautoglassrkfd.com/,cityautoglassrkfd.com,+1 815-242-1140,"2520 Broadway, Rockford, IL 61108, United States",,,,,,,,,no email published
Clarity Windows and Doors,http://www.claritywindows.com/,claritywindows.com,+1 972-393-3991,"800 Freeport Pkwy #150, Coppell, TX 75019, United States",Justin Allen,General Manager,3,,,info@claritydfw.com,https://claritywindows.com/about-us,"named on site as ""General Manager Bill Merlyn Sales Manag""",found
Clarity Windows and Doors,http://www.claritywindows.com/,claritywindows.com,+1 972-393-3991,"800 Freeport Pkwy #150, Coppell, TX 75019, United States",,,,info@claritydfw.com,generic mailbox,info@claritydfw.com,https://claritywindows.com/,,found
Clear Advantage Window Service,http://clearwindowservice.net/,clearwindowservice.net,+1 469-289-7556,,,,,clearwindows@att.net,unattributed,clearwindows@att.net,https://www.clearwindowservice.net/,clearwindows@att.net clearwindows@att.net rk and direct communication go hand in hand. Learn More Hours of Operation Open for Business Mon - Fri: 8am - 8pm ​​Saturday: 8am - 8pm ​Sunday: 12pm - 6pm Co,found
Clear Choice Exteriors,https://replacement-windows-desmoines.com/?utm_source=localiq&utm_medium=listings,replacement-windows-desmoines.com,+1 515-277-6256,,Rob Nevitt,Owner,1,,,clearchoicedesmoinesia@gmail.com,https://clearchoicedsm.com/about-us/,"named on site as ""owner""",found
Clear Choice Exteriors,https://replacement-windows-desmoines.com/?utm_source=localiq&utm_medium=listings,replacement-windows-desmoines.com,+1 515-277-6256,,,,,clearchoicedesmoinesia@gmail.com,unattributed,clearchoicedesmoinesia@gmail.com,https://clearchoicedsm.com/,"clearchoicedesmoinesia@gmail.com clearchoicedesmoinesia@gmail.com indows Doors Home Exterior Services Roofing Services Storm Damage Restoration Bath Makeover Reach Us 75 NE Venture Dr Waukee, IA 50263",found
Clear Innovations,https://clear-innovate.com/,clear-innovate.com,+1 512-337-7272,"304 Hazelwood St #1, Leander, TX 78641, United States",,,,,,,,,no email published
Clearview Custom Windows,http://www.clearviewcw.com/,clearviewcw.com,+1 469-268-1330,,,,,,,,,,no email published
Conservation Construction of Dallas,https://conservationconstructionofdallas.com/,conservationconstructionofdallas.com,+1 817-416-8005,"1201 E Avenue J, Grand Prairie, TX 75050, United States",,,,,,,,,no email published
Cooper Constructs,https://www.cooperconstructs.com/,cooperconstructs.com,+1 512-965-0960,,,,,,,,,,no email published
Cothron's Safe & Lock,https://www.cothrons.com/,cothrons.com,+1 512-447-1883,"1315 W Ben White Blvd, Austin, TX 78704, United States",,,,,,,,,no email published
CountyLine Glass,http://www.countylineglass.com/,countylineglass.com,+1 972-438-5719,"1819 Peters Rd #3, Irving, TX 75061, United States",,,,,,,,,no email published
Crystalia Glass,https://crystaliaglass.com/,crystaliaglass.com,+1 718-690-0258,"3214 Belt Line Rd Suite 458, Farmers Branch, TX 75234, United States",,,,sales@crystaliaglass.com,generic mailbox,bids@crystaliaglass.com,https://crystaliaglass.com/,sales@crystaliaglass.com sales@crystaliaglass.com sales@crystaliaglass.com General Questions sales@crystaliaglass.com sales@crystaliaglass.com General Questions sales@crystaliaglass.com s. We guarante,found
Crystalia Glass,https://crystaliaglass.com/,crystaliaglass.com,+1 718-690-0258,"3214 Belt Line Rd Suite 458, Farmers Branch, TX 75234, United States",,,,bids@crystaliaglass.com,unattributed,bids@crystaliaglass.com,https://crystaliaglass.com/,bids@crystaliaglass.com We are ready to manufacture and assemble a similar system! Get a free estimate Have questions? We are ready to answer! 718 690 02 58 bids@crystaliaglass.com bids@crystaliaglass,found
Crystalia Glass,https://crystaliaglass.com/,crystaliaglass.com,+1 718-690-0258,"3214 Belt Line Rd Suite 458, Farmers Branch, TX 75234, United States",,,,accounting@crystaliaglass.com,unattributed,bids@crystaliaglass.com,https://crystaliaglass.com/,accounting@crystaliaglass.com Accounts Payable/Receivable accounting@crystaliaglass.com accounting@crystaliaglass.com Accounts Payable/Receivable accounting@crystaliaglass.com oma Oregon Pennsylvania ,found
Crystalia Glass,https://crystaliaglass.com/,crystaliaglass.com,+1 718-690-0258,"3214 Belt Line Rd Suite 458, Farmers Branch, TX 75234, United States",,,,recruiting@crystaliaglass.com,unattributed,bids@crystaliaglass.com,https://crystaliaglass.com/,recruiting@crystaliaglass.com HR Department recruiting@crystaliaglass.com recruiting@crystaliaglass.com HR Department recruiting@crystaliaglass.com ginia Washington Washington DC Wisconsin General Que,found
Crystalia Glass,https://crystaliaglass.com/,crystaliaglass.com,+1 718-690-0258,"3214 Belt Line Rd Suite 458, Farmers Branch, TX 75234, United States",,,,admin@admin.com,generic mailbox,bids@crystaliaglass.com,https://crystaliaglass.com/,,found
Cupcake Home Improvements,https://www.callcupcake.com/?utm_source=google&utm_medium=organic&utm_campaign=gbp,callcupcake.com,+1 888-671-2686,"2601 Mc Hale Ct #145, Austin, TX 78758, United States",,,,,,,,,no email published
Custom Glass Design LLC,http://www.mycustomglassdesign.com/,mycustomglassdesign.com,+1 512-960-5260,,,,,mycustomglassdesign@gmail.com,unattributed,mycustomglassdesign@gmail.com,https://mycustomglassdesign.com/,"How did you hear about us? Comment (required) Submit Δ Contact us Phone: 512.960.5260 Email: MyCustomGlassDesign@gmail.com Call, Text, or Email! Home About Services Gallery Contact Reviews Blog at Wor",found
CUSTOM SECURITY DOORS / AAA CUSTOM WINDOWS,https://customsecuritydoorsandwindows.com/,customsecuritydoorsandwindows.com,+1 214-340-0078,"9310 Forest Ln #206, Dallas, TX 75243, United States",,,,sales@aaacustomwindows.com,generic mailbox,sales@aaacustomwindows.com,https://www.customsecuritydoorsandwindows.com/,SALES@AAACUSTOMWINDOWS.COM SALES@AAACUSTOMWINDOWS.COM architect-grade doors built to defend without compromising timeless design. PRODUCTS Doors Replacement Windows Folding Gates Hand Rails Burglar Ba,found
DaBella,https://dabella.us/location/austin/?utm_source=GBP&utm_medium=link&utm_campaign=austinGBP&utm_id=Google+Business+Profile+Clicks,dabella.us,+1 512-402-3655,"400 E Anderson Ln, Austin, TX 78752, United States",,,,,,,,,no email published
Dallas Door Designs,https://www.dallasdoorservices.com/,dallasdoorservices.com,+1 214-973-0373,"11239 Leo Ln, Dallas, TX 75229, United States",,,,leads@yournewdoor.com,unattributed,leads@yournewdoor.com,https://www.dallasdoorservices.com/contact/,"Email Us Phone: (214) 506-3949 Email: Email Us Office Address: 3251 Royalty Row Irving, TX 75062",found
Dallas Frameless Glass,http://www.dallasframeless.com/,dallasframeless.com,+1 469-781-7675,"12200 N Stemmons Fwy, Farmers Branch, TX 75234, United States",,,,hello@ovl.lka.mybluehost.me,generic mailbox,hello@ovl.lka.mybluehost.me,https://dallasframeless.com/,hello@dallasframeless.com hello@dallasframeless.com hello@dallasframeless.com hello@dallasframeless.com,found
Dallas Frameless Glass,http://www.dallasframeless.com/,dallasframeless.com,+1 469-781-7675,"12200 N Stemmons Fwy, Farmers Branch, TX 75234, United States",,,,hello@dallasframeless.com,generic mailbox,hello@ovl.lka.mybluehost.me,https://dallasframeless.com/,"CALL US NOW hello@dallasframeless.com Facebook Instagram Map-marked-alt (469) 781-7675 Contact Us Head Office 12200 N Stemmons Fwy, Suite #307 Dallas Tx 75234 Telephone +1 (469) 781-7675 E-mail hello@",found
Dallas Glass and Auto,http://dallasglassandauto.com/,dallasglassandauto.com,+1 972-900-7194,,,,,info@dallasglassandauto.com,generic mailbox,info@dallasglassandauto.com,https://dallasglassandauto.com/,"info@dallasglassandauto.com 972-900-7194 info@dallasglassandauto.com Dallas, Texas take pride in delivering expert auto and residential glass services across Dallas and surrounding areas. Quick Links ",found
Dallas Glass and Mirror,https://www.dallasglassandmirror.net/,dallasglassandmirror.net,+1 469-737-5374,"11245 Goodnight Ln #19, Dallas, TX 75229, United States",,,,dallasglassandmirror@gmail.com,unattributed,dallasglassandmirror@gmail.com,https://dallasglassandmirror.net/,"Send Your Mail Send Your Mail dallasglassandmirror@gmail.com dallasglassandmirror@gmail.com dallasglassandmirror@gmail.com Dallas, Tx 75229 Phone Number 469-737-5374 Send Your Mail dallasglassandmirro",found
Dallas Glass and Mirror,https://www.dallasglassandmirror.net/,dallasglassandmirror.net,+1 469-737-5374,"11245 Goodnight Ln #19, Dallas, TX 75229, United States",,,,dallasglassandmirror@yahoo.com,unattributed,dallasglassandmirror@gmail.com,https://dallasglassandmirror.net/,"dallasglassandmirror@yahoo.com dallasglassandmirror@yahoo.com Contact Info 11245 Goodnight Ln, Ste 19, Dallas, Tx 75229 469-737-5374 469-871-6919 dallasglassandmirror@gmail.com dallasglassandmirror@ya",found
Dallas Window Butler,http://dallaswindowbutler.com/,dallaswindowbutler.com,+1 469-640-8551,,,,,info@dallaswindowbutler.com,generic mailbox,info@dallaswindowbutler.com,https://dallaswindowbutler.com/,,found
Daltex Glass & Aluminum Inc,https://daltexglass.com/,daltexglass.com,+1 214-865-9961,"11419 Ferrell Dr #108, Farmers Branch, TX 75234, United States",,,,orders@daltexglass.com,unattributed,orders@daltexglass.com,https://daltexglass.com/,Orders@daltexglass.com +1 214-865-9961 Orders@daltexglass.com Request a Quote Email: Orders@daltexglass.com Email: Orders@daltexglass.com ollections Hinges 59 Products Clamps 72 Products Handles 30 Pr,found
Dan White's Screens & Things,https://www.danwhitesscreens.com/?utm_source=GMBlisting&utm_medium=organic,danwhitesscreens.com,+1 512-892-2150,"5210 W US Hwy 290 Service Rd, Austin, TX 78735, United States",,,,dwscreens@sbcglobal.net,unattributed,dwscreens@sbcglobal.net,https://www.danwhitesscreens.com/,dwscreens@sbcglobal.net dwscreens@sbcglobal.net t experienced screen professionals. Contact Dan White’s Screens and Things today for quality you can see and service you can count on. (512) 892-2150 dw,found
DAR Roofing General Contractors,http://www.darroofinggc.com/,darroofinggc.com,+1 315-836-4542,"2727 Lyndon B Johnson Fwy Ste 785, Farmers Branch, TX 75234, United States",Sanad Alfar,CEO,1,,,claims@darroofinggc.com,https://darroofinggc.com/about-us/,"named on site as ""CEO""",found
DAR Roofing General Contractors,http://www.darroofinggc.com/,darroofinggc.com,+1 315-836-4542,"2727 Lyndon B Johnson Fwy Ste 785, Farmers Branch, TX 75234, United States",Oscar Blanquin,COO,2,,,claims@darroofinggc.com,https://darroofinggc.com/about-us/,"named on site as ""COO""",found
DAR Roofing General Contractors,http://www.darroofinggc.com/,darroofinggc.com,+1 315-836-4542,"2727 Lyndon B Johnson Fwy Ste 785, Farmers Branch, TX 75234, United States",,,,admin@darroofinggc.com,generic mailbox,claims@darroofinggc.com,https://darroofinggc.com/,claims@darroofinggc.com claims@darroofinggc.com,found
DAR Roofing General Contractors,http://www.darroofinggc.com/,darroofinggc.com,+1 315-836-4542,"2727 Lyndon B Johnson Fwy Ste 785, Farmers Branch, TX 75234, United States",,,,claims@darroofinggc.com,unattributed,claims@darroofinggc.com,https://darroofinggc.com/,"vacy Policy Terms and Conditions FAQ's Portal Contact us 2727 Lyndon B Johnson Fwy, Suite 785, Farmers Branch, TX 75234 claims@darroofinggc.com (315) 836-4542 Facebook-f Instagram Linkedin-in © 2025 D",found
David Smith Glass,https://www.davidsmithglass.com/,davidsmithglass.com,+1 972-289-4999,,,,,,,,,,no email published
Davie Windows and Custom Doors,http://daviewindows.com/,daviewindows.com,+1 954-873-1980,,,,,info@daviewindows.com,generic mailbox,joe@daviewindows,https://daviewindows.com/,"info@daviewindows.com 954-873-1980 info@daviewindows.com Davie Windows and Custom Doors | Impact Windows, Impact Doors, and Custom Door Designs in Davie Florida 954-873-1980 info@daviewindows.com Abou",found
Davie Windows and Custom Doors,http://daviewindows.com/,daviewindows.com,+1 954-873-1980,,,,,joe@daviewindows,unattributed,joe@daviewindows,https://daviewindows.com/index.php/contact-us/,info@daviewindows.com info@daviewindows.com,found
Dayton Co. Roofing & Renovation,http://daytoncontractingaustin.com/?utm_source=google&utm_medium=organic&utm_campaign=google-business-profile&utm_content=website,daytoncontractingaustin.com,+1 512-316-3908,"13363 Pond Springs Rd, Austin, TX 78729, United States",,,,shane@dc-austin.com,unattributed,shane@dc-austin.com,https://daytoncontractingaustin.com/,Email Us Email Us,found
Desert King Windows,http://www.desertkingwindows.com/?utm_campaign=gmb,desertkingwindows.com,+1 480-613-9943,"2615 S 21st St, Phoenix, AZ 85034, United States",Jayson Shortt,Owner,1,,,,https://desertkingwindows.com/,"named on site as ""Owner""",found
Desert King Windows,http://www.desertkingwindows.com/?utm_campaign=gmb,desertkingwindows.com,+1 480-613-9943,"2615 S 21st St, Phoenix, AZ 85034, United States",Ron Shortt,Owner,1,,,,https://desertkingwindows.com/about-us/,"named on site as ""Owner Ron Shortt played a key""",found
Desert King Windows,http://www.desertkingwindows.com/?utm_campaign=gmb,desertkingwindows.com,+1 480-613-9943,"2615 S 21st St, Phoenix, AZ 85034, United States",James Cataldo,COO,2,,,,https://desertkingwindows.com/,"named on site as ""COO James Cataldo""",found
Designer Door and Window,http://www.designerdw.com/,designerdw.com,+1 972-424-0031,"2707 Realty Rd #310, Carrollton, TX 75006, United States",,,,,,,,,no email published
DFW Glass Mart,http://dfwglassmart.com/,dfwglassmart.com,+1 972-900-3117,,,,,info@dfwglassmart.com,generic mailbox,info@dfwglassmart.com,https://dfwglassmart.com/,info@dfwglassmart.com info@dfwglassmart.com versity Park → Irving → Duncanville → DeSoto → Lancaster → Carrollton → Rowlett → Cedar Hill → Princeton Quick Links Home Auto Glass Residential Glass Tools,found
DFW Residential P Remodeling,https://dfwresidentialremodeling.com/,dfwresidentialremodeling.com,+1 469-359-3851,,,,,,,,,,no email published
DFW window specialist,http://dfwwindowspecialist.com/,dfwwindowspecialist.com,+1 469-478-9395,,,,,,,,,,no email published
Dh&McBella Glass and Mirrors,http://dhmcbellaglassandmirrors.com/,dhmcbellaglassandmirrors.com,+1 682-323-5309,"3146 Springfield Ave, Lancaster, TX 75134, United States",,,,,,,,,no email published
DiamondPoint Contractors,https://www.diamondpointcontractors.com/,diamondpointcontractors.com,+1 512-945-8877,,,,,info@diamondpointcontractors.com,generic mailbox,info@diamondpointcontractors.com,https://www.diamondpointcontractors.com/,"info@diamondpointcontractors.com info@diamondpointcontractors.com putting my 50"" screen TV. I will use him again and again! Navigation HOME SERVICES GALLERY CONTACT TESTIMONIALS SMS TERMS AND CONDITIO",found
Discount Glass Texas,http://discountglasstexas.com/,discountglasstexas.com,+1 972-900-8748,"11063 Dennis Rd, Dallas, TX 75229, United States",,,,,,,,,no email published
Don Young Co,http://www.dycwindows.com/,dycwindows.com,+1 214-630-0934,"8181 Ambassador Row, Dallas, TX 75247, United States",,,,dycsales@dycwindows.com,unattributed,dycsales@dycwindows.com,https://www.dycwindows.com/,"dycsales@dycwindows.com dycsales@dycwindows.com dycsales@dycwindows.com Headquarters 214-630-0934 dycsales@dycwindows.com 8181 Ambassador Row Dallas, TX 75247 hors a network of branches serving Texas,",found
Don Young Co,http://www.dycwindows.com/,dycwindows.com,+1 214-630-0934,"8181 Ambassador Row, Dallas, TX 75247, United States",,,,cvanwunnik@dycwindows.com,unattributed,dycsales@dycwindows.com,https://www.dycwindows.com/,"cvanwunnik@dycwindows.com cvanwunnik@dycwindows.com Headquarters & Manufacturing 8181 Ambassador Row Dallas, TX 75247 214-630-0934 dycsales@dycwindows.com Houston, Texas Branch 307 Garden Oaks Blvd. H",found
Don Young Co,http://www.dycwindows.com/,dycwindows.com,+1 214-630-0934,"8181 Ambassador Row, Dallas, TX 75247, United States",,,,chorton@dycwindows.com,unattributed,dycsales@dycwindows.com,https://www.dycwindows.com/,"chorton@dycwindows.com chorton@dycwindows.com Branch 307 Garden Oaks Blvd. Houston, TX 77018 713-868-1398 cvanwunnik@dycwindows.com San Antonio, Texas Branch 6900 Alamo Downs Pkwy, Suite 128 San Anton",found
Don Young Co,http://www.dycwindows.com/,dycwindows.com,+1 214-630-0934,"8181 Ambassador Row, Dallas, TX 75247, United States",,,,mgarcia@dycwindows.com,unattributed,dycsales@dycwindows.com,https://www.dycwindows.com/,"mgarcia@dycwindows.com mgarcia@dycwindows.com tonio, Texas Branch 6900 Alamo Downs Pkwy, Suite 128 San Antonio, TX 78238 210-225-0352 chorton@dycwindows.com Lubbock, Texas Branch 3827 Avenue A Lubbock",found
Don Young Co,http://www.dycwindows.com/,dycwindows.com,+1 214-630-0934,"8181 Ambassador Row, Dallas, TX 75247, United States",,,,jgreenwood@dycwindows.com,unattributed,dycsales@dycwindows.com,https://www.dycwindows.com/,"jgreenwood@dycwindows.com jgreenwood@dycwindows.com bock, Texas Branch 3827 Avenue A Lubbock, TX 79404 806-747-2181 mgarcia@dycwindows.com Oklahoma City, Oklahoma Branch 901 Enterprise Bay 1-3 Oklahom",found
Dooreum,https://dooreum.com/,dooreum.com,+1 737-363-6226,,,,,,,,,,no email published
Dr Impact Co,https://www.drimpactco.com/,drimpactco.com,+1 954-508-2616,"4754 NE 12th Ave, Oakland Park, FL 33334, United States",,,,drimpactco@gmail.com,unattributed,drimpactco@gmail.com,https://drimpactco.com/,Sunrooms Customer Finance Contact Privacy Policy Phone number: 954-508-2616 License CC# 24-G-23154-X CC#24-AL-23153-X E-mail address: drimpactco@gmail.com 100% ALL ALUMINUM DESIGN! Only company offeri,found
Dr Impact Co,https://www.drimpactco.com/,drimpactco.com,+1 954-508-2616,"4754 NE 12th Ave, Oakland Park, FL 33334, United States",,,,drimpactco1@gmail.com,unattributed,drimpactco@gmail.com,https://drimpactco.com/,Job Application OUR SERVICES Impact Windows & Doors Impact Patio Enclosures Insulated Patio Roofs Acrylic Sunrooms Motorized Screens CONTACT US 7540 W McNab Road E19 954-508-2616 drimpactco1@gmail.com,found
Dream Builders Construction,https://www.bestglassflorida.com/?utm_source=google&utm_medium=wix_google_business_profile&utm_campaign=3795594895127369423,bestglassflorida.com,+1 754-257-0379,"6099 Stirling Rd Ste 103, Davie, FL 33314, United States",,,,info@bestglassflorida.com,generic mailbox,info@bestglassflorida.com,https://www.bestglassflorida.com/,info@bestglassflorida.com info@bestglassflorida.com comfortable home or business environment. Why Choose Us Let's Discuss Your Next Project ​ ​ Service Areas: South Florida Showroom: 4806 W Commercial,found
Driftwood Builders Roofing,https://driftwoodbuildersroofing.com/?utm_campaign=gmb,driftwoodbuildersroofing.com,+1 512-894-0129,"12308 Twin Creek Rd Ste 101A, Manchaca, TX 78652, United States",Nathan Thomas,Owner,1,,,driftwoodbuilders@driftwoodbuilders.net,https://driftwoodbuildersroofing.com/,"named on site as ""Owner""",found
Driftwood Builders Roofing,https://driftwoodbuildersroofing.com/?utm_campaign=gmb,driftwoodbuildersroofing.com,+1 512-894-0129,"12308 Twin Creek Rd Ste 101A, Manchaca, TX 78652, United States",Instagram X-twitter,President,1,,,driftwoodbuilders@driftwoodbuilders.net,https://driftwoodbuildersroofing.com/our-team/,"named on site as ""President Todd Munsinger Todd has""",found
Driftwood Builders Roofing,https://driftwoodbuildersroofing.com/?utm_campaign=gmb,driftwoodbuildersroofing.com,+1 512-894-0129,"12308 Twin Creek Rd Ste 101A, Manchaca, TX 78652, United States",,,,driftwoodbuilders@driftwoodbuilders.net,unattributed,driftwoodbuilders@driftwoodbuilders.net,https://driftwoodbuildersroofing.com/,,found
Driftwood Steel Co,https://driftwoodsteelco.com/,driftwoodsteelco.com,+1 512-270-1199,"US-290, Austin, TX 78737, United States",,,,,,,,,no email published
DTX Handyman Services,https://www.dtxhandymanservices.com/,dtxhandymanservices.com,+1 972-813-9474,,,,,contact@dtxhandymanservices.com,generic mailbox,contact@dtxhandymanservices.com,https://www.dtxhandymanservices.com/,contact@dtxhandymanservices.com Email: contact@dtxhandymanservices.com pride. Quick Links Home About Services Portfolio Service Areas Blog Contact Us Careers Complete Service Areas Directory Contact I,found
DTX Handyman Services,https://www.dtxhandymanservices.com/,dtxhandymanservices.com,+1 972-813-9474,,,,,info@dtxhandymanservices.com,generic mailbox,contact@dtxhandymanservices.com,https://www.dtxhandymanservices.com/power-washing.html,info@dtxhandymanservices.com Email: info@dtxhandymanservices.com pride. Quick Links Home About Services Portfolio Service Areas Blog Contact Us Careers Complete Service Areas Directory Contact Info Ph,found
Duarte Glass LLC.,https://sitios.endigital.com/duarte-glass-llc/window-installation-contractors/phoenix/,sitios.endigital.com,+1 480-504-8071,,,,,,,,,,no email published
East Blue Windows & Doors,http://www.eastbluewindowsdoors.com/,eastbluewindowsdoors.com,+1 754-244-5037,"2548 NW 9th Ct, Fort Lauderdale, FL 33311, United States",,,,eastbluewindowsdoors@gmail.com,unattributed,eastbluewindowsdoors@gmail.com,https://www.eastbluewindowsdoors.com/,eastbluewindowsdoors@gmail.com eastbluewindowsdoors@gmail.com Impact Windows & Doors in South Florida | East Blue Windows & Doors We are open Mon-Sun from 8am to 7:30pm eastbluewindowsdoors@gmail.com ,found
East Blue Windows & Doors,http://www.eastbluewindowsdoors.com/,eastbluewindowsdoors.com,+1 754-244-5037,"2548 NW 9th Ct, Fort Lauderdale, FL 33311, United States",,,,u0022eastbluewindowsdoors@gmail.com,unattributed,eastbluewindowsdoors@gmail.com,https://www.eastbluewindowsdoors.com/,,found
East Coast Windows & Doors Inc.,https://eastcoastwindows.com/,eastcoastwindows.com,+1 954-946-3697,"1711 SW 7th Ave, Pompano Beach, FL 33060, United States",,,,info@eastcoastwindows.com,generic mailbox,info@eastcoastwindows.com,https://eastcoastwindows.com/,info@eastcoastwindows.com info@eastcoastwindows.com Hurricane Impact Windows in South Florida | Free Estimate Skip to main content East Coast Window & Doors E-mail Support info@eastcoastwindows.com Ne,found
Eastside Siding Pros,https://eastsidesidingpros.com/,eastsidesidingpros.com,+1 512-271-4385,,,,,,,,,,no email published
Econ Windows,https://econwindows.com/,econwindows.com,+1 602-786-5286,"2209 W Potter Dr, Phoenix, AZ 85027, United States",,,,info@econwindows.com,generic mailbox,info@econwindows.com,https://econwindows.com/,"Email Us Call Now Email Us info@econwindows.com Email info@econwindows.com info@econwindows.com info@econwindows.com 319 Locally owned, serving the Valley since 2019 Residential & commercial Â· free e",found
EcoStar Remodeling & Construction,https://ecosremodeling.com/,ecosremodeling.com,+1 866-227-1298,"13140 Coit Rd Ste 340, Dallas, TX 75240, United States",,,,,,,,,no email published
EcoView Windows & Doors,https://www.ecoviewdfw.com/?utm_source=gbp&utm_medium=organic&utm_campaign=gbp-listing&utm_content=grand-prarie-office,ecoviewdfw.com,+1 972-247-2949,"2003 108th St #303, Grand Prairie, TX 75050, United States",,,,contactus@ecoviewdfw.com,unattributed,contactus@ecoviewdfw.com,https://www.ecoviewdfw.com/,"contactus@ecoviewdfw.com contactus@ecoviewdfw.com ie, TX 75050, United States 972-247-2949 AUSTIN 7600 Chevy Chase Drive Suite 300, Austin, TX 78752 512-547-6499 WACO/TEMPLE 7215 Bosque Blvd Suite 150",found
EcoView Windows & Doors,https://www.ecoviewdfw.com/?utm_source=gbp&utm_medium=organic&utm_campaign=gbp-listing&utm_content=grand-prarie-office,ecoviewdfw.com,+1 972-247-2949,"2003 108th St #303, Grand Prairie, TX 75050, United States",,,,myemail@mailservice.com,unattributed,contactus@ecoviewdfw.com,https://www.ecoviewdfw.com/,"Fort Worth Temple Waco Contact Follow Us 10 Street Name, City Name Country, Zip Code 555-555-5555 myemail@mailservice.com Book an Audit ENJOY OUR LIMITED TIME OFFER – 0% INTEREST FOR 21 MONTHS!",found
EcoView Windows & Doors of Austin Texas,http://www.ecoviewwindows.com/austin-texas/,ecoviewwindows.com,+1 512-505-8839,,,,,,,,,,no email published
Elevate Windows,https://www.goelevatewindows.com/,goelevatewindows.com,+1 480-934-0840,"7301 N 16th St Ste 102, Phoenix, AZ 85020, United States",,,,info@goelevatewindows.com,generic mailbox,info@goelevatewindows.com,https://www.goelevatewindows.com/,"d suite 200-254, Lehi, UT 84043 Washington: 11900 N.E. 1st Street Suite 3102, Building G, Bellevue WA, 98005 Hours Monday — Friday 9am — 6pm Saturday 9am — 3pm Contact Email: info@goelevatewindows.com",found
Elite Remodeling Group Inc.,https://www.eliteremodelinggroup.com/,eliteremodelinggroup.com,+1 815-977-9685,"5411 E State St, Rockford, IL 61108, United States",,,,,,,,,no email published
Empire Home Pros,https://empirehomepros.com/?utm_source=omg-gbp&utm_medium=webclick,empirehomepros.com,+1 954-368-1415,"221 NE 44th St, Oakland Park, FL 33334, United States",Shane Ackerman,Founder,1,,,careers@empirehomepros.com,https://www.empirehomepros.com/about,"named on site as ""FOUNDER""",found
Empire Home Pros,https://empirehomepros.com/?utm_source=omg-gbp&utm_medium=webclick,empirehomepros.com,+1 954-368-1415,"221 NE 44th St, Oakland Park, FL 33334, United States",,,,info@empirehomepros.com,generic mailbox,careers@empirehomepros.com,https://www.empirehomepros.com/,"info@empirehomepros.com (954) 676-4515 221 NE 44th St, Oakland Park, FL 33334 info@empirehomepros.com https://empirehomepros.com/ info@empirehomepros.com Email info@empirehomepros.com Most installatio",found
Empire Home Pros,https://empirehomepros.com/?utm_source=omg-gbp&utm_medium=webclick,empirehomepros.com,+1 954-368-1415,"221 NE 44th St, Oakland Park, FL 33334, United States",,,,careers@empirehomepros.com,unattributed,careers@empirehomepros.com,https://www.empirehomepros.com/careers/project-management,Email Application Apply Now Interested in this position? Send us your resume and we'll be in touch. Email Application Call (954) 676-4515 Apply for This Position Ready to Join the Team? Take the next ,found
Energy One Windows of Dallas/Ft. Worth,https://energyonewindows.com/,energyonewindows.com,+1 972-719-7801,"580 Decker Dr #125, Irving, TX 75062, United States",,,,austin@energyonewindows.com,unattributed,austin@energyonewindows.com,https://energyonewindows.com/contact/,"company via phone call, you consent to receive phone calls in relation to your initial communication. You may opt out of receiving phone calls at any time by replying STOP or by sending an email to [a",found
Energy One Windows of Dallas/Ft. Worth,https://energyonewindows.com/,energyonewindows.com,+1 972-719-7801,"580 Decker Dr #125, Irving, TX 75062, United States",,,,raleigh@energyonewindows.com,unattributed,austin@energyonewindows.com,https://energyonewindows.com/contact/,"r company via phone call, you consent to receive phone calls in relation to your initial communication. You may opt out of receiving phone calls at any time by replying STOP or by sending an email to ",found
Energy One Windows of Dallas/Ft. Worth,https://energyonewindows.com/,energyonewindows.com,+1 972-719-7801,"580 Decker Dr #125, Irving, TX 75062, United States",,,,dallas@energyonewindows.com,unattributed,austin@energyonewindows.com,https://energyonewindows.com/contact/,"r company via phone call, you consent to receive phone calls in relation to your initial communication. You may opt out of receiving phone calls at any time by replying STOP or by sending an email to ",found
Energy One Windows of Dallas/Ft. Worth,https://energyonewindows.com/,energyonewindows.com,+1 972-719-7801,"580 Decker Dr #125, Irving, TX 75062, United States",,,,houston@energyonewindows.com,unattributed,austin@energyonewindows.com,https://energyonewindows.com/contact/,"r company via phone call, you consent to receive phone calls in relation to your initial communication. You may opt out of receiving phone calls at any time by replying STOP or by sending an email to ",found
Energy One Windows of Dallas/Ft. Worth,https://energyonewindows.com/,energyonewindows.com,+1 972-719-7801,"580 Decker Dr #125, Irving, TX 75062, United States",,,,lasvegas@energyonewindows.com,unattributed,austin@energyonewindows.com,https://energyonewindows.com/contact/,"r company via phone call, you consent to receive phone calls in relation to your initial communication. You may opt out of receiving phone calls at any time by replying STOP or by sending an email to ",found
Energy One Windows of Dallas/Ft. Worth,https://energyonewindows.com/,energyonewindows.com,+1 972-719-7801,"580 Decker Dr #125, Irving, TX 75062, United States",,,,mstine@energyonewindows.com,unattributed,austin@energyonewindows.com,https://energyonewindows.com/contact/,in relation to your initial communication. Message frequency varies. Message and data rates may apply. You may opt out of receiving text SMS at any time by replying STOP or by sending an email to msti,found
Energy Shield Window & Door Company,https://energyshieldwindowsanddoors.com/,energyshieldwindowsanddoors.com,+1 623-231-2451,"1205 N Eliseo Felix Jr Way B103, Avondale, AZ 85323, United States",,,,,,,,,no email published
Energy Window Solutions,https://energywindowsolutions.com/,energywindowsolutions.com,+1 972-746-8195,"5000 Esquire Estates Rd, Mabank, TX 75156, United States",,,,,,,,,no email published
Energywise windows,http://energywisewindows.com/,energywisewindows.com,+1 737-333-9082,,,,,,,,,,no email published
Enso Homes,https://ensohomes.com/,ensohomes.com,+1 512-888-7000,"9010 Circle Dr, Austin, TX 78736, United States",Josh Reed,Founder,1,,,hello@ensohomes.com,https://ensohomes.com/about/,"named on site as ""Co-Founder""",found
Enso Homes,https://ensohomes.com/,ensohomes.com,+1 512-888-7000,"9010 Circle Dr, Austin, TX 78736, United States",Alix Spruce,Founder,1,,,hello@ensohomes.com,https://ensohomes.com/about/,"named on site as ""Co-Founder""",found
Enso Homes,https://ensohomes.com/,ensohomes.com,+1 512-888-7000,"9010 Circle Dr, Austin, TX 78736, United States",Victor Garate,Partner,3,,,hello@ensohomes.com,https://ensohomes.com/about/,"named on site as ""Partner""",found
Enso Homes,https://ensohomes.com/,ensohomes.com,+1 512-888-7000,"9010 Circle Dr, Austin, TX 78736, United States",,,,hello@ensohomes.com,generic mailbox,hello@ensohomes.com,https://ensohomes.com/,,found
Eric's Home Renovations,http://ericshomerenovation.com/,ericshomerenovation.com,+1 682-318-4710,,,,,,,,,,no email published
Eridion Glass LLC,http://eridionglass.com/,eridionglass.com,+1 844-374-3466,,Dion Harrison,Founder,1,,,info@eridionglass.com,https://www.eridionglass.com/about,"named on site as ""Co-Founder""",found
Eridion Glass LLC,http://eridionglass.com/,eridionglass.com,+1 844-374-3466,,Gonzalez Harrison,Founder,1,,,info@eridionglass.com,https://www.eridionglass.com/about,"named on site as ""Co-Founder""",found
Eridion Glass LLC,http://eridionglass.com/,eridionglass.com,+1 844-374-3466,,,,,info@eridionglass.com,generic mailbox,info@eridionglass.com,https://www.eridionglass.com/,,found
Euro Wholesale Windows,https://europawindows.com/,europawindows.com,+1 512-938-8588,"10923 Sierra Oaks, Austin, TX 78759, United States",,,,,,,,,no email published
EuroCraft Exteriors,http://www.eurocraftexteriors.com/,eurocraftexteriors.com,+1 512-657-6900,"6410 Johanne Ct, Austin, TX 78750, United States",,,,paul@eurocraftexteriors.com,unattributed,paul@eurocraftexteriors.com,https://eurocraftexteriors.com/,,found
eurostyle impact window,http://eurostyleimpactwindows.com/,eurostyleimpactwindows.com,+1 954-668-0701,"4750 N Dixie Hwy Unit 2, Oakland Park, FL 33334, United States",,,,danimpex95@yahoo.com,unattributed,danimpex95@yahoo.com,https://eurostyleimpactwindows.com/,"danimpex95@yahoo.com danimpex95@yahoo.com 1-954-668-0701 and Terms of Service apply. Better yet, see us in person! We love our customers, so feel free to visit during normal business hours. 4750 N Dix",found
eurostyle impact window,http://eurostyleimpactwindows.com/,eurostyleimpactwindows.com,+1 954-668-0701,"4750 N Dixie Hwy Unit 2, Oakland Park, FL 33334, United States",,,,impallari@gmail.com,unattributed,danimpex95@yahoo.com,https://eurostyleimpactwindows.com/,,found
Eurotech Windows,http://etiwindows.com/,etiwindows.com,+1 954-630-9967,"4201 NE 12th Terrace, Oakland Park, FL 33334, United States",,,,info@etiwindows.com,generic mailbox,info@etiwindows.com,https://www.etiwindows.com/,,found
Everest Roofing,https://everestroofingil.com/,everestroofingil.com,+1 779-368-0826,"4701 Hydraulic Rd, Rockford, IL 61108, United States",,,,office@everestroofingil.com,generic mailbox,office@everestroofingil.com,https://everestroofingil.com/,office@everestroofingil.com office@everestroofingil.com office@everestroofingil.com office@everestroofingil.com re’s no better resource to call than Everest. We’re insurance experts... Learn More Join,found
Everest Roofing,https://everestroofingil.com/,everestroofingil.com,+1 779-368-0826,"4701 Hydraulic Rd, Rockford, IL 61108, United States",,,,info@everlastconstruction.com,generic mailbox,office@everestroofingil.com,https://everestroofingil.com/,,found
Everglade Screen and Window,https://evergladescreenandwindow.com/,evergladescreenandwindow.com,+1 954-371-0498,"807 NE 4th Ave, Fort Lauderdale, FL 33304, United States",,,,ryanabranham@gmail.com,unattributed,ryanabranham@gmail.com,https://evergladescreenandwindow.com/,"Email Contact Us Everglade Screen and Windows Fort Lauderdale, FL (954) 371-0498 (305) 280-7331 Email",found
Everlasting Window & Door,https://everlastingwindow.com/,everlastingwindow.com,+1 623-544-7128,"21602 N 3rd Ave, Phoenix, AZ 85027, United States",,,,,,,,,no email published
Evolution Doors,https://evolution-doors.com/,evolution-doors.com,+1 786-374-3444,,,,,,,,,,no email published
Excelsior Glass and Mirror LLC,http://excelsiorglass.co/,excelsiorglass.co,+1 214-622-3021,,,,,excelsiorglassandmirror@gmail.com,unattributed,excelsiorglassandmirror@gmail.com,https://www.excelsiorglass.co/contact-us,excelsiorglassandmirror@gmail.com excelsiorglassandmirror@gmail.com rden Trends Indoor Glass Pet Suites Glass Wine Cellar Contact Us More Use tab to navigate through the menu items. CONTACT US PHONE 2,found
Exclusive Windows & Doors,http://www.exclusivewindowsanddoors.com/,exclusivewindowsanddoors.com,+1 512-341-9282,"9324 Neils Thompson Dr, Austin, TX 78758, United States",Chris Brown,Founder,1,,,info@ewda.com,https://www.exclusivewindowsanddoors.com/our-team/,"named on site as ""Founder FGIA Installation Maste""",found
Exclusive Windows & Doors,http://www.exclusivewindowsanddoors.com/,exclusivewindowsanddoors.com,+1 512-341-9282,"9324 Neils Thompson Dr, Austin, TX 78758, United States",Brian S. Long,President,1,,,info@ewda.com,https://www.exclusivewindowsanddoors.com/our-team/testimonials/,"named on site as ""President""",found
Exclusive Windows & Doors,http://www.exclusivewindowsanddoors.com/,exclusivewindowsanddoors.com,+1 512-341-9282,"9324 Neils Thompson Dr, Austin, TX 78758, United States",Brian Long,CEO,1,,,info@ewda.com,https://www.exclusivewindowsanddoors.com/our-team/testimonials/,"named on site as ""CEO""",found
Exclusive Windows & Doors,http://www.exclusivewindowsanddoors.com/,exclusivewindowsanddoors.com,+1 512-341-9282,"9324 Neils Thompson Dr, Austin, TX 78758, United States",Jody Brown,General Manager,3,,,info@ewda.com,https://www.exclusivewindowsanddoors.com/our-team/,"named on site as ""General Manager""",found
Exclusive Windows & Doors,http://www.exclusivewindowsanddoors.com/,exclusivewindowsanddoors.com,+1 512-341-9282,"9324 Neils Thompson Dr, Austin, TX 78758, United States",,,,info@ewda.com,generic mailbox,info@ewda.com,https://www.exclusivewindowsanddoors.com/,info@ewda.com E: info@ewda.com P: 512-341-9282 info@ewda.com E: info@ewda.com P: 512-341-9282 r Team Our Services Our Products Our Portfolio Testimonials Contact MORE FROM EWDA Careers Affiliations Pu,found
Expo Home Improvement,https://www.expohomeimprovement.com/,expohomeimprovement.com,+1 972-486-9166,"13859 Diplomat Dr Ste 180, Farmers Branch, TX 75234, United States",,,,expocare@expohomeimprovement.com,unattributed,expocare@expohomeimprovement.com,https://www.expohomeimprovement.com/,,found
Express Glass & Board Up Sliding Glass Door & Window Repair,https://expressglassfl.com/,expressglassfl.com,+1 954-707-6443,"2701 W Oakland Park Blvd Ste 225C, Fort Lauderdale, FL 33311, United States",Lauderdale Business,Owner,1,,,contact@expressglassfl.com,https://www.expressglassflorida.com/,"named on site as ""Owner""",found
Express Glass & Board Up Sliding Glass Door & Window Repair,https://expressglassfl.com/,expressglassfl.com,+1 954-707-6443,"2701 W Oakland Park Blvd Ste 225C, Fort Lauderdale, FL 33311, United States",,,,contact@expressglassfl.com,generic mailbox,contact@expressglassfl.com,https://www.expressglassflorida.com/,t Expert glass repair and emergency services across South Florida. © 2026 Express Glass Florida. Website Created & Managed by Husky Online Marketing Connect 24/7 Emergency Service Facebook Instagram c,found
Express Impact Glass Manufacturing Fort Lauderdale,https://expressimpactglass.com/locations/fort-lauderdale/?utm_campaign=GBPwebsite&utm_medium=organic&utm_source=google,expressimpactglass.com,+1 954-507-2222,"2003 W Cypress Creek Rd Ste 109, Fort Lauderdale, FL 33309, United States",Yaniet Moreno,Founder,1,,,sales@expressimpactglass.com,https://expressimpactglass.com/about-us/,"named on site as ""Co-Founder history As a Cuban Amer""",found
Express Impact Glass Manufacturing Fort Lauderdale,https://expressimpactglass.com/locations/fort-lauderdale/?utm_campaign=GBPwebsite&utm_medium=organic&utm_source=google,expressimpactglass.com,+1 954-507-2222,"2003 W Cypress Creek Rd Ste 109, Fort Lauderdale, FL 33309, United States",,,,sales@expressimpactglass.com,generic mailbox,sales@expressimpactglass.com,https://expressimpactglass.com/contact/,sales@expressimpactglass.com sales@expressimpactglass.com Δ CALL US: Miami - 305-529-3795 Fort Lauderdale - 954-507-2222 West Palm Beach - 561-570-2222 Fort Myers - 239-268-8800 Naples - 239-208-0888 ,found
EZ Slide Austin,https://sliderrepairaustin.com/,sliderrepairaustin.com,+1 512-721-8274,,Sergio Cavazos,Owner,1,,,info@sliderrepairaustin.com,https://sliderrepairaustin.com/about/,"named on site as ""Co-Owner Operations""",found
EZ Slide Austin,https://sliderrepairaustin.com/,sliderrepairaustin.com,+1 512-721-8274,,Tim Fasarakis,Owner,1,,,info@sliderrepairaustin.com,https://sliderrepairaustin.com/about/,"named on site as ""Co-Owner FAQs Clear answers abou""",found
EZ Slide Austin,https://sliderrepairaustin.com/,sliderrepairaustin.com,+1 512-721-8274,,,,,info@sliderrepairaustin.com,generic mailbox,info@sliderrepairaustin.com,https://sliderrepairaustin.com/contact/,info@SliderRepairAustin.com info@SliderRepairAustin.com Hours Monday – Friday: 8:00 AM – 6:00 PM Saturday: 9:00 AM – 2:00 PM Sunday: Closed Contact (512) 721-8274 info@SliderRepairAustin.com EZ Slide ,found
Factory Direct Windows,https://www.factorydirectwindows.com/,factorydirectwindows.com,+1 602-703-0131,"331 E Chilton Dr, Chandler, AZ 85225, United States",Travis Hyre,Owner,1,,,ginnie@dgrcommunications.com,https://factorydirectwindows.com/about-us/,"named on site as ""Owner""",found
Factory Direct Windows,https://www.factorydirectwindows.com/,factorydirectwindows.com,+1 602-703-0131,"331 E Chilton Dr, Chandler, AZ 85225, United States",,,,ginnie@dgrcommunications.com,unattributed,ginnie@dgrcommunications.com,https://factorydirectwindows.com/,,found
Fast Glass Guys,http://fastglassguys.com/,fastglassguys.com,+1 954-969-9888,"6874 NW 20th Ave, Fort Lauderdale, FL 33309, United States",,,,,,,,,no email published
Feldco Windows Siding Doors & Roofing of Rockford,https://www.4feldco.com/locations/rockford?utm_source=GBP&utm_medium=organic&utm_campaign=rockford,4feldco.com,+1 866-433-5326,"4322 Maray Dr, Rockford, IL 61107, United States",,,,info@4feldco.com,generic mailbox,socialmedia@4feldco.com,https://www.4feldco.com/,,found
Feldco Windows Siding Doors & Roofing of Rockford,https://www.4feldco.com/locations/rockford?utm_source=GBP&utm_medium=organic&utm_campaign=rockford,4feldco.com,+1 866-433-5326,"4322 Maray Dr, Rockford, IL 61107, United States",,,,socialmedia@4feldco.com,unattributed,socialmedia@4feldco.com,https://www.4feldco.com/contact-us,socialmedia@4feldco.com Press Center and Marketing socialmedia@4feldco.com etails Customer Service 866-433-5326 Monday-Friday: 7am - 7pm CST Saturday: 8am - 5pm CST Sunday: 9am - 3:30pm CST Customer S,found
Final Draft Construction,http://finaldc.com/,finaldc.com,+1 512-559-7777,"6905 Beauford Dr, Austin, TX 78750, United States",,,,info@finaldc.com,generic mailbox,info@finaldc.com,https://www.finaldc.com/,"Info@Finaldc.com Info@Finaldc.com E SERVICES TESTIMONIALS ABOUT US CONTACT PRIVACY POLICY More Use tab to navigate through the menu items. CALL NOW Windows & Doors Premium Solutions Contact Us Austin,",found
Fix & Build LLC,https://www.fixandbuildllc.com/,fixandbuildllc.com,+1 469-443-2786,,,,,,,,,,no email published
Flagstone Roofing & Exteriors,https://flagstoneroofing.com/,flagstoneroofing.com,+1 512-225-0123,"2312 Western Trails Blvd Ste B201, Austin, TX 78745, United States",Justin Ledford,Founder,1,,,hello@flagstoneroofing.com,https://flagstoneroofing.com/our-team/,"named on site as ""Founder""",found
Flagstone Roofing & Exteriors,https://flagstoneroofing.com/,flagstoneroofing.com,+1 512-225-0123,"2312 Western Trails Blvd Ste B201, Austin, TX 78745, United States",,,,hello@flagstoneroofing.com,generic mailbox,hello@flagstoneroofing.com,https://flagstoneroofing.com/,,found
Florida Aluminum Products,https://fapaluminum.com/,fapaluminum.com,+1 954-773-2898,"6001 Powerline Rd, Fort Lauderdale, FL 33309, United States",Josh Pressley,President,1,,,,https://www.fapaluminum.com/about-us,"named on site as ""President Read Bio Brent Boydston""",found
Florida Impact Protection,https://floridaimpactprotection.com/,floridaimpactprotection.com,+1 954-501-9441,"2435 Stirling Rd, Fort Lauderdale, FL 33312, United States",,,,info@floridaimpactprotection.com,generic mailbox,info@floridaimpactprotection.com,https://floridaimpactprotection.com/,SE HABLA ESPAÑOL 954.501.9441 CLICK HERE TO EMAIL: INFO@FLORIDAIMPACTPROTECTION.COM SE HABLA ESPAÑOL 954.501.9441 CLICK HERE TO EMAIL: INFO@FLORIDAIMPACTPROTECTION.COM contact us contact us Impact Win,found
Florida Impact Protection,https://floridaimpactprotection.com/,floridaimpactprotection.com,+1 954-501-9441,"2435 Stirling Rd, Fort Lauderdale, FL 33312, United States",,,,team@latofonts.com,generic mailbox,info@floridaimpactprotection.com,https://floridaimpactprotection.com/,,found
Florida Impact Windows & Doors,https://floridaimpact.com/,floridaimpact.com,+1 954-822-0867,"1126 S Powerline Rd, Deerfield Beach, FL 33442, United States",,,,,,,,,no email published
Florida Impactpro Windows and Doors LLC,https://floridaimpactpro.com/,floridaimpactpro.com,+1 954-758-9465,"2974 Griffin Rd Ste 5, Fort Lauderdale, FL 33312, United States",,,,,,,,,no email published
Flying Eagles- Home Remodeling Austin Texas,http://flyingeaglesremodeling.com/,flyingeaglesremodeling.com,+1 512-210-5738,"14900 Avery Ranch Blvd, Austin, TX 78717, United States",Success Yuval,Founder,1,,,flyingeaglesremodeling@gmail.com,https://flyingeaglesremodeling.com/about-us,"named on site as ""Co-Founder""",found
Flying Eagles- Home Remodeling Austin Texas,http://flyingeaglesremodeling.com/,flyingeaglesremodeling.com,+1 512-210-5738,"14900 Avery Ranch Blvd, Austin, TX 78717, United States",,,,flyingeaglesremodeling@gmail.com,unattributed,flyingeaglesremodeling@gmail.com,https://flyingeaglesremodeling.com/,,found
Flying Eagles- Home Remodeling Austin Texas,http://flyingeaglesremodeling.com/,flyingeaglesremodeling.com,+1 512-210-5738,"14900 Avery Ranch Blvd, Austin, TX 78717, United States",,,,seospecialist@agencyinfluenz.com,unattributed,flyingeaglesremodeling@gmail.com,https://flyingeaglesremodeling.com/,,found
Flying Eagles- Home Remodeling Austin Texas,http://flyingeaglesremodeling.com/,flyingeaglesremodeling.com,+1 512-210-5738,"14900 Avery Ranch Blvd, Austin, TX 78717, United States",,,,office@flyingeaglesremodeling.com,generic mailbox,flyingeaglesremodeling@gmail.com,https://flyingeaglesremodeling.com/,,found
Focal Point Designs,https://www.hirefocalpointdesigns.com/,hirefocalpointdesigns.com,+1 512-522-1252,,,,,team@hirefocalpointdesigns.com,generic mailbox,team@hirefocalpointdesigns.com,https://hirefocalpointdesigns.com/,  team@hirefocalpointdesigns.com team@hirefocalpointdesigns.com   team@hirefocalpointdesigns.com team@hirefocalpointdesigns.com team@hirefocalpointdesigns.com (512)-522-1252 team@hirefocalpointdes,found
FOG GONE GLASS,https://foggoneglass.com/,foggoneglass.com,+1 512-653-7785,,,,,foggoneglass@yahoo.com,unattributed,foggoneglass@yahoo.com,https://foggoneglass.com/,,found
Foggy Window Repair,https://www.foggywindowrepair.com/,foggywindowrepair.com,+1 972-693-6449,"700 Redbird Dr, Irving, TX 75061, United States",,,,foggywindowrepairdfw@gmail.com,unattributed,foggywindowrepairdfw@gmail.com,https://foggywindowrepair.com/,,found
FoGlass Window Replacement,http://www.foglasswindow.com/,foglasswindow.com,+1 469-509-9932,,,,,info@foglasswindow.com,generic mailbox,foglasswindow@gmail.com,https://www.foglasswindow.com/,"info@foglasswindow.com (469) 509-9932 Mon – Fri, 9am – 5pm info@foglasswindow.com info@foglasswindow.com info@foglasswindow.com (469) 509-9932 Dallas–Fort Worth, TX h. Foggy windows, frameless showers",found
FoGlass Window Replacement,http://www.foglasswindow.com/,foglasswindow.com,+1 469-509-9932,,,,,foglasswindow@gmail.com,unattributed,foglasswindow@gmail.com,https://www.foglasswindow.com/,,found
Fonte Windows And Doors,http://fonteimpactwindows.com/,fonteimpactwindows.com,+1 954-900-2344,"4076 NE 8th Ave, Oakland Park, FL 33334, United States",,,,info@fonteimpactwindows.com,generic mailbox,info@fonteimpactwindows.com,https://www.fonteimpactwindows.com/,Email: info@fonteimpactwindows.com Email: info@fonteimpactwindows.com info@fonteimpactwindows.com info@fonteimpactwindows.com ery Contact Us Home Impact Windows Impact Doors Blog Gallery Contact Us Ge,found
Fort Lauderdale Impact,https://fortlauderdaleimpact.com/,fortlauderdaleimpact.com,+1 888-417-8676,"5272 NW 36th Way, Fort Lauderdale, FL 33309, United States",,,,,,,,,no email published
Foster Exteriors Window Company,https://www.fosterexteriors.com/?utm_source=google&utm_medium=organic&utm_campaign=gbp-dallas&utm_id=local&utm_content=dallas,fosterexteriors.com,+1 214-319-8400,"1350 N Buckner Blvd #216, Dallas, TX 75218, United States",Logan Foster,Owner,1,,,ericjonesmyemail@gmail.com,https://www.fosterexteriors.com/,"named on site as ""Owner of Foster Exteriors Win""",found
Foster Exteriors Window Company,https://www.fosterexteriors.com/?utm_source=google&utm_medium=organic&utm_campaign=gbp-dallas&utm_id=local&utm_content=dallas,fosterexteriors.com,+1 214-319-8400,"1350 N Buckner Blvd #216, Dallas, TX 75218, United States",,,,info@fosterexteriors.com,generic mailbox,ericjonesmyemail@gmail.com,https://www.fosterexteriors.com/,info@fosterexteriors.com (214) 319-8400 info@fosterexteriors.com info@fosterexteriors.com info@fosterexteriors.com info@fosterexteriors.com info@fosterexteriors.com Skip to content Get A Quote (214) 3,found
Foster Exteriors Window Company,https://www.fosterexteriors.com/?utm_source=google&utm_medium=organic&utm_campaign=gbp-dallas&utm_id=local&utm_content=dallas,fosterexteriors.com,+1 214-319-8400,"1350 N Buckner Blvd #216, Dallas, TX 75218, United States",,,,ericjonesmyemail@gmail.com,unattributed,ericjonesmyemail@gmail.com,https://www.fosterexteriors.com/contact-us/,,found
Foster Exteriors Window Company,https://www.fosterexteriors.com/?utm_source=google&utm_medium=organic&utm_campaign=gbp-dallas&utm_id=local&utm_content=dallas,fosterexteriors.com,+1 214-319-8400,"1350 N Buckner Blvd #216, Dallas, TX 75218, United States",,,,mariadiab@qlsucks.com,unattributed,ericjonesmyemail@gmail.com,https://www.fosterexteriors.com/contact-us/,,found
Foster Exteriors Window Company,https://www.fosterexteriors.com/?utm_source=google&utm_medium=organic&utm_campaign=gbp-dallas&utm_id=local&utm_content=dallas,fosterexteriors.com,+1 214-319-8400,"1350 N Buckner Blvd #216, Dallas, TX 75218, United States",,,,joe@seo-indepth.com,unattributed,ericjonesmyemail@gmail.com,https://www.fosterexteriors.com/contact-us/,,found
Foster Exteriors Window Company,https://www.fosterexteriors.com/?utm_source=google&utm_medium=organic&utm_campaign=gbp-dallas&utm_id=local&utm_content=dallas,fosterexteriors.com,+1 214-319-8400,"1350 N Buckner Blvd #216, Dallas, TX 75218, United States",,,,iunskiygipertonik@gmail.com,unattributed,ericjonesmyemail@gmail.com,https://www.fosterexteriors.com/contact-us/,,found
Foster Windows and Doors,https://fosterwindowsanddoors.com/,fosterwindowsanddoors.com,+1 954-566-6524,"800 NE 26th St, Wilton Manors, FL 33305, United States",,,,info@fosterwindowsanddoors.com,generic mailbox,info@fosterwindowsanddoors.com,https://fosterwindowsanddoors.com/,Info@FosterWindowsAndDoors.com Info@FosterWindowsAndDoors.com Info@FosterWindowsAndDoors.com Info@FosterWindowsAndDoors.com ect one or more repair services: Impact Glass Repairs Something else :) Comm,found
Frameless Glass Company,https://framelessglasstx.com/?utm_source=gmb&utm_medium=referral,framelessglasstx.com,+1 512-400-2949,"10509 Circle Dr, Austin, TX 78736, United States",,,,,,,,,no email published
Fresher Screens,https://fresherscreens.com/,fresherscreens.com,+1 512-910-4374,,,,,,,,,,no email published
Frontstar Construction LLC,https://frontstarco.com/,frontstarco.com,+1 469-213-6659,,,,,,,,,,no email published
Furst Home Repair,https://fursthomerepair.com/,fursthomerepair.com,+1 847-789-7733,,,,,,,,,,no email published
FX Remodeling & Exteriors,http://sidingcontractordallastx.com/,sidingcontractordallastx.com,+1 469-351-4775,"3000 W Commerce St, Dallas, TX 75212, United States",,,,contact@sidingcontractordallastx.com,generic mailbox,contact@sidingcontractordallastx.com,https://www.sidingcontractordallastx.com/,,found
Garland Home Window Replacement,https://garlandhomewindowreplacement.com/,garlandhomewindowreplacement.com,+1 469-599-4956,,,,,,,,,,no email published
Gatsby Glass,https://www.gatsbyglass.com/south-austin-tx/,gatsbyglass.com,+1 737-302-5023,"15210 Fitzhugh Rd Ste 902, Austin, TX 78736, United States",,,,,,,,,no email published
Genuine Texas Exteriors,https://genuinetexasexteriors.com/,genuinetexasexteriors.com,+1 512-745-5676,"2720 Bee Caves Rd Ste 126, Austin, TX 78746, United States",,,,contact@genuinetexasexteriors.com,generic mailbox,contact@genuinetexasexteriors.com,https://genuinetexasexteriors.com/,contact@genuinetexasexteriors.com 512-745-5676 contact@genuinetexasexteriors.com Facebook Instagram Roofing & Siding contractors in Austin | Genuine Texas Exteriors 512-745-5676 contact@genuinetexasex,found
Georgetown Window Replacement Company,https://georgetownwindowreplacementcompany.com/,georgetownwindowreplacementcompany.com,+1 512-271-5046,,,,,,,,,,no email published
Glacier glass and mirror,http://glacierglassandmirror.com/,glacierglassandmirror.com,+1 945-268-0721,"Dallas, TX 75243, United States",,,,,,,,,no email published
Glass & Storefront Solutions Inc.,http://www.solutionsstorefront.com/,solutionsstorefront.com,+1 214-489-2361,"108 N Marsalis Ave Ste a, Dallas, TX 75203, United States",,,,impallari@gmail.com,unattributed,impallari@gmail.com,https://solutionsstorefront.com/,,found
Glass & Storefront Solutions Inc.,http://www.solutionsstorefront.com/,solutionsstorefront.com,+1 214-489-2361,"108 N Marsalis Ave Ste a, Dallas, TX 75203, United States",,,,team@latofonts.com,generic mailbox,impallari@gmail.com,https://solutionsstorefront.com/,,found
Glass Doctor of Dallas Metroplex,https://glassdoctor.com/dallas?cid=LSTL_MGD000191&utm_source=gmb&utm_campaign=local&utm_medium=organic,glassdoctor.com,+1 972-437-8244,"2001 Midway Rd #121, Carrollton, TX 75006, United States",,,,johnsmith@gmail.com,unattributed,johnsmith@gmail.com,https://glassdoctor.com/,,found
Glass Installation,http://psfipro.com/contact/,psfipro.com,+1 844-773-4776,"6800 West Gate Blvd, Austin, TX 78745, United States",,,,,,,,,no email published
Glass Rehab,https://www.glassrehab.com/,glassrehab.com,+1 737-409-2508,"1506 S Congress Ave, Austin, TX 78704, United States",,,,,,,,,no email published
Glass Replacement Pros,http://glassreplacementpros.com/,glassreplacementpros.com,+1 972-900-7559,,,,,info@glassreplacementpros.com,generic mailbox,info@glassreplacementpros.com,https://glassreplacementpros.com/,info@glassreplacementpros.com info@glassreplacementpros.com ichardson → Garland → Sachse → Wylie → Rockwall → Mesquite → Highland Park → University Park → Irving → Duncanville → DeSoto → Lancaster → C,found
Glass Savers (Glass Resurfacing),https://sdglassrestoration.com/austin-texas/,sdglassrestoration.com,+1 512-626-1270,,Colin Itzko,President,1,,,doug@sdglassrestoration.com,https://sdglassrestoration.com/,"named on site as ""President""",found
Glass Savers (Glass Resurfacing),https://sdglassrestoration.com/austin-texas/,sdglassrestoration.com,+1 512-626-1270,,,,,doug@sdglassrestoration.com,unattributed,doug@sdglassrestoration.com,https://sdglassrestoration.com/,,found
Glass USA,http://www.glassusainc.com/,glassusainc.com,+1 954-561-9216,"4372 NE 11th Ave, Oakland Park, FL 33334, United States",,,,glassusa@aol.com,unattributed,glassusa@aol.com,https://www.glassusainc.com/,"glassusa@aol.com glassusa@aol.com glassusa@aol.com glassusa@aol.com Quality Glass Installation | Oakland Park, FL | Glass USA glassusa@aol.com 4372 NE 11th Ave, Oakland Park, FL 33334 Call us today! 9",found
Glass Zone,http://www.glasszone.net/,glasszone.net,+1 310-863-8846,,,,,firouz@glasszone.net,unattributed,firouz@glasszone.net,https://glasszone.net/,Book Now Book Now Book Now Book Now,found
Glass Zone,http://www.glasszone.net/,glasszone.net,+1 310-863-8846,,,,,team@latofonts.com,generic mailbox,firouz@glasszone.net,https://glasszone.net/,,found
Glasshouse,http://glasshouseproducts.com/?utm_source=google&utm_medium=Yext,glasshouseproducts.com,+1 214-761-1100,"4811 Lakawana St, Dallas, TX 75247, United States",Eddie Maestri,Founder,1,,,,https://glasshouseproducts.com/,"named on site as ""Founder""",found
Glasshouse,http://glasshouseproducts.com/?utm_source=google&utm_medium=Yext,glasshouseproducts.com,+1 214-761-1100,"4811 Lakawana St, Dallas, TX 75247, United States",Billy Rousseau,Founder,1,,,,https://glasshouseproducts.com/,"named on site as ""Founder""",found
Glasshouse,http://glasshouseproducts.com/?utm_source=google&utm_medium=Yext,glasshouseproducts.com,+1 214-761-1100,"4811 Lakawana St, Dallas, TX 75247, United States",An Innovative,Partner,3,,,,https://glasshouseproducts.com/,"named on site as ""Partner for Your Custom Designs""",found
Glasshouse,http://glasshouseproducts.com/?utm_source=google&utm_medium=Yext,glasshouseproducts.com,+1 214-761-1100,"4811 Lakawana St, Dallas, TX 75247, United States",Alana Villanueva,Partner,3,,,,https://glasshouseproducts.com/,"named on site as ""Principal""",found
Glaziers Consulting LLC,https://www.glaziersconsulting.com/?utm_source=google&utm_medium=organic&utm_campaign=gbp,glaziersconsulting.com,+1 609-992-4102,"2630 W Broward Blvd, Fort Lauderdale, FL 33312, United States",,,,,,,,,no email published
GM Door Window and Screen,https://www.gmdoorwindowandscreen.com/?utm_source=NEXT&utm_medium=Google_website,gmdoorwindowandscreen.com,+1 954-797-0797,"6761 W Sunrise Blvd Unit 7, Plantation, FL 33313, United States",,,,servicegm@gmdws.com,unattributed,servicegm@gmdws.com,https://www.gmdoorwindowandscreen.com,"servicegm@gmdws.com (954) 797-0797 servicegm@gmdws.com left unchanged. Name Email (Required) Phone Message (Required) CAPTCHA Δ Visit Our Place 6761 W. Sunrise Blvd Unit #7, Plantation, FL 33313 Phone",found
Gold Coast Windows and Doors Inc.,http://www.goldcoastwindows.com/?utm_source=local&utm_medium=organic&utm_campaign=gmb,goldcoastwindows.com,+1 954-714-6800,"3517 NW 19th St, Lauderdale Lakes, FL 33311, United States",Sam Goldcoastwindows,,,sam.goldcoastwindows@gmail.com,personal mailbox,sam.goldcoastwindows@gmail.com,https://goldcoastwindows.com/,,found
Grand Openings Luxury Windows & Doors - Dallas,http://www.grandopenings.com/,grandopenings.com,+1 214-956-7700,"3605 Inwood Rd, Dallas, TX 75209, United States",,,,info@grandopenings.com,generic mailbox,info@grandopenings.com,https://grandopenings.com/,"INFO@GRANDOPENINGS.COM INFO@GRANDOPENINGS.COM | CONTACT Grand Openings Luxury Windows & Doors INFO@GRANDOPENINGS.COM | CONTACT WINDOWS & DOORS SERVICE SHOWROOMS CAREERS RESOURCES MENU Crafted, extraor",found
Green Contractors FL,https://www.greencontractorsfl.com/,greencontractorsfl.com,+1 786-519-0391,"4624 Hollywood Blvd #203, Hollywood, FL 33021, United States",,,,info@greencontractorsfl.com,generic mailbox,info@greencontractorsfl.com,https://greencontractorsfl.com/,"info@greencontractorsfl.com info@greencontractorsfl.com 4624 Hollywood Blvd #203 Hollywood, FL 33021 (786) 519-0391 info@greencontractorsfl.com Green Contractors FL is a family-owned and operated gene",found
Green Mainland,https://www.greenmainland.com/,greenmainland.com,+1 945-351-7511,"11610 Harry Hines Blvd #120, Dallas, TX 75229, United States",,,,contact@greenmainland.com,generic mailbox,0fd2930120484402ac9adfb9e05cacd5@o37417.ingest.sentry.io,https://www.greenmainland.com/,contact@greenmainland.com contact@greenmainland.com sing of personal data in accordance with the Privacy Policy and Terms and Conditions Stay Connected Get great offers and inspiration Email * Submit ,found
Green Mainland,https://www.greenmainland.com/,greenmainland.com,+1 945-351-7511,"11610 Harry Hines Blvd #120, Dallas, TX 75229, United States",,,,0fd2930120484402ac9adfb9e05cacd5@o37417.ingest.sentry.io,unattributed,0fd2930120484402ac9adfb9e05cacd5@o37417.ingest.sentry.io,https://www.greenmainland.com/,,found
Greenline Remodeling,https://greenlineremodeling.com/,greenlineremodeling.com,+1 954-840-8844,"760 NW 7th Terrace, Fort Lauderdale, FL 33311, United States",,,,,,,,,no email published
GreenTex Home Improvement,https://greentexwindows.com/,greentexwindows.com,+1 512-900-5946,"751 Silver Creek Dr, Leander, TX 78641, United States",,,,,,,,,no email published
Grey & White Solutions,http://greywhitewd.com/,greywhitewd.com,+1 954-900-2071,"1848 NW 38th Ave, Lauderhill, FL 33311, United States",,,,info@greywhitewd.com,generic mailbox,jane@greywhite.com,https://www.greywhitewd.com/,"info@greywhitewd.com Office: (954)900-2071 Whatsapp: (754)265-1374 info@greywhitewd.com 1848 NW 38th Ave Lauderhill. Fl, 33311 LINKS Home Windows Doors Get a quote Contact us RESOURCES Why us Financin",found
Grey & White Solutions,http://greywhitewd.com/,greywhitewd.com,+1 954-900-2071,"1848 NW 38th Ave, Lauderhill, FL 33311, United States",,,,jane@greywhite.com,unattributed,jane@greywhite.com,https://www.greywhitewd.com/find-us,,found
Guido Materials,https://www.guidomaterials.com/,guidomaterials.com,+1 737-520-3166,"12225 Bee Caves Rd Ste 200, Bee Cave, TX 78738, United States",,,,materials@guidoco.com,unattributed,materials@guidoco.com,https://www.guidomaterials.com/,"materials@guidoco.com 210.344.8321 materials@guidoco.com a quote, ask a service question and more. Available Monday through Friday from 7 am - 5 pm Central Standard Time. Leave us a Message 210.344.83",found
Handyman Connection of Austin-Westlake,https://handymanconnection.com/austin-westlake/?utm_source=gbp&utm_medium=organic&utm_campaign=GBP-Website-Link,handymanconnection.com,+1 512-418-0800,"5450 Bee Caves Rd Ste 5c, Austin, TX 78746, United States",,,,,,,,,no email published
Hardy Windows of Texas,https://hardytexas.com/?utm_source=google&utm_medium=organic&utm_campaign=gbp-austin&utm_id=local&utm_content=austin,hardytexas.com,+1 833-427-3989,"13240 Pond Springs Rd, Austin, TX 78729, United States",,President,1,dale@hardywindows.com,unattributed,dale@hardywindows.com,https://hardytexas.com/contact-us/,"Dale@hardywindows.com Dale Swanson Dale@hardywindows.com -TX (833-427-3989) California 1639 E Miraloma Ave Placentia, CA 92870 714-996-1807 hardywindows.com Commercial Sales New Construction Bill Ruck",found
Hardy Windows of Texas,https://hardytexas.com/?utm_source=google&utm_medium=organic&utm_campaign=gbp-austin&utm_id=local&utm_content=austin,hardytexas.com,+1 833-427-3989,"13240 Pond Springs Rd, Austin, TX 78729, United States",,President,1,darin@hardywindows.com,unattributed,dale@hardywindows.com,https://hardytexas.com/contact-us/,"Darin@hardywindows.com Darin Edmonds 714-853-5390 Darin@hardywindows.com centia, CA 92870 714-996-1807 hardywindows.com Commercial Sales New Construction Bill Rucker 714-580-1943 Bill@hardywindows.com",found
Hardy Windows of Texas,https://hardytexas.com/?utm_source=google&utm_medium=organic&utm_campaign=gbp-austin&utm_id=local&utm_content=austin,hardytexas.com,+1 833-427-3989,"13240 Pond Springs Rd, Austin, TX 78729, United States",,President,1,ken@hardywindows.com,unattributed,dale@hardywindows.com,https://hardytexas.com/contact-us/,Ken@hardywindows.com Ken Butterfield 714-720-8990 Ken@hardywindows.com l Sales New Construction Bill Rucker 714-580-1943 Bill@hardywindows.com Dale Swanson Dale@hardywindows.com Darin Edmonds 714-853-,found
Hardy Windows of Texas,https://hardytexas.com/?utm_source=google&utm_medium=organic&utm_campaign=gbp-austin&utm_id=local&utm_content=austin,hardytexas.com,+1 833-427-3989,"13240 Pond Springs Rd, Austin, TX 78729, United States",,President,1,grant@hardywindows.com,unattributed,dale@hardywindows.com,https://hardytexas.com/contact-us/,Grant@hardywindows.com Grant Murphy 714-294-4491 Grant@hardywindows.com Bill@hardywindows.com Dale Swanson Dale@hardywindows.com Darin Edmonds 714-853-5390 Darin@hardywindows.com Ken Butterfield 714-7,found
Hardy Windows of Texas,https://hardytexas.com/?utm_source=google&utm_medium=organic&utm_campaign=gbp-austin&utm_id=local&utm_content=austin,hardytexas.com,+1 833-427-3989,"13240 Pond Springs Rd, Austin, TX 78729, United States",Gary Prahl,President,1,gary@hardywindows.com,personal mailbox,dale@hardywindows.com,https://hardytexas.com/contact-us/,Gary@hardywindows.com Gary Prahl Vice President Gary@hardywindows.com arin Edmonds 714-853-5390 Darin@hardywindows.com Ken Butterfield 714-720-8990 Ken@hardywindows.com Grant Murphy 714-294-4491 Grant,found
Hardy Windows of Texas,https://hardytexas.com/?utm_source=google&utm_medium=organic&utm_campaign=gbp-austin&utm_id=local&utm_content=austin,hardytexas.com,+1 833-427-3989,"13240 Pond Springs Rd, Austin, TX 78729, United States",,President,1,jessica@hardywindows.com,unattributed,dale@hardywindows.com,https://hardytexas.com/contact-us/,Jessica@hardywindows.com Jessica Filicko Jessica@hardywindows.com ywindows.com Ken Butterfield 714-720-8990 Ken@hardywindows.com Grant Murphy 714-294-4491 Grant@hardywindows.com Renovation Gary Prahl ,found
Hardy Windows of Texas,https://hardytexas.com/?utm_source=google&utm_medium=organic&utm_campaign=gbp-austin&utm_id=local&utm_content=austin,hardytexas.com,+1 833-427-3989,"13240 Pond Springs Rd, Austin, TX 78729, United States",,President,1,ferd@hardywindows.com,unattributed,dale@hardywindows.com,https://hardytexas.com/contact-us/,Ferd@hardywindows.com Ferd Nicholas Ferd@hardywindows.com 294-4491 Grant@hardywindows.com Renovation Gary Prahl Vice President Gary@hardywindows.com Jessica Filicko Jessica@hardywindows.com Guillermo ,found
Hardy Windows of Texas,https://hardytexas.com/?utm_source=google&utm_medium=organic&utm_campaign=gbp-austin&utm_id=local&utm_content=austin,hardytexas.com,+1 833-427-3989,"13240 Pond Springs Rd, Austin, TX 78729, United States",,President,1,brad@hardywindows.com,unattributed,dale@hardywindows.com,https://hardytexas.com/contact-us/,Brad@hardywindows.com Brad@hardywindows.com Gary Prahl Vice President Gary@hardywindows.com Jessica Filicko Jessica@hardywindows.com Guillermo Cruz Guillermo @hardywindows.com Ferd Nicholas Ferd@hardy,found
Hardy Windows of Texas,https://hardytexas.com/?utm_source=google&utm_medium=organic&utm_campaign=gbp-austin&utm_id=local&utm_content=austin,hardytexas.com,+1 833-427-3989,"13240 Pond Springs Rd, Austin, TX 78729, United States",Chance Hardy,Owner,1,,,dale@hardywindows.com,https://hardytexas.com/about-us-old/team/,"named on site as ""Owner I was born in to the wi""",found
Hardy Windows of Texas,https://hardytexas.com/?utm_source=google&utm_medium=organic&utm_campaign=gbp-austin&utm_id=local&utm_content=austin,hardytexas.com,+1 833-427-3989,"13240 Pond Springs Rd, Austin, TX 78729, United States",,,,ben@hardywindows.com,unattributed,dale@hardywindows.com,https://hardytexas.com/about-us-old/team/,mailto:Ben@hardywindows.com I worked for Giroux Glass in Los Angeles for 9 years. I hope you enjoy the professionalism and eagerness of my staff to help you through your residential or commercial proj,found
Hardy Windows of Texas,https://hardytexas.com/?utm_source=google&utm_medium=organic&utm_campaign=gbp-austin&utm_id=local&utm_content=austin,hardytexas.com,+1 833-427-3989,"13240 Pond Springs Rd, Austin, TX 78729, United States",,,,txoffice@hardywindows.com,unattributed,dale@hardywindows.com,https://hardytexas.com/about-us-old/team/,"mailto:txoffice@hardywindows.com solutions ensures each client finds the perfect fit for their home. Whether it’s a simple replacement or a full-home upgrade, Ben delivers results with professionalism",found
Hardy Windows of Texas,https://hardytexas.com/?utm_source=google&utm_medium=organic&utm_campaign=gbp-austin&utm_id=local&utm_content=austin,hardytexas.com,+1 833-427-3989,"13240 Pond Springs Rd, Austin, TX 78729, United States",,,,jim@hardywindows.com,unattributed,dale@hardywindows.com,https://hardytexas.com/about-us-old/team/,mailto:jim@hardywindows.com n is always ready to help both customers and team members with whatever they need. Her organization skills and positive energy make her a vital part of our day-to-day opera,found
Hardy Windows of Texas,https://hardytexas.com/?utm_source=google&utm_medium=organic&utm_campaign=gbp-austin&utm_id=local&utm_content=austin,hardytexas.com,+1 833-427-3989,"13240 Pond Springs Rd, Austin, TX 78729, United States",,,,diana@hardywindows.com,unattributed,dale@hardywindows.com,https://hardytexas.com/about-us-old/team/,"mailto:Diana@hardywindows.com ons. Known for his problem-solving skills and commitment to excellence, Jim continues to grow the division as a trusted resource for high-end millwork and architectural f",found
Hardy Windows of Texas,https://hardytexas.com/?utm_source=google&utm_medium=organic&utm_campaign=gbp-austin&utm_id=local&utm_content=austin,hardytexas.com,+1 833-427-3989,"13240 Pond Springs Rd, Austin, TX 78729, United States",,,,mary@hardywindows.com,unattributed,dale@hardywindows.com,https://hardytexas.com/about-us-old/team/,"mailto:mary@hardywindows.com paid on time. With a strong background in human resources and payroll administration, she handles everything from employee onboarding and benefits to compliance and compen",found
Hardy Windows of Texas,https://hardytexas.com/?utm_source=google&utm_medium=organic&utm_campaign=gbp-austin&utm_id=local&utm_content=austin,hardytexas.com,+1 833-427-3989,"13240 Pond Springs Rd, Austin, TX 78729, United States",,,,zoe@hardywindows.com,unattributed,dale@hardywindows.com,https://hardytexas.com/about-us-old/team/,"mailto:zoe@hardywindows.com ormed decision-making. Known for her attention to detail, integrity, and commitment to excellence, Mary plays a key role in keeping our financial foundation strong and reli",found
Hardy Windows of Texas,https://hardytexas.com/?utm_source=google&utm_medium=organic&utm_campaign=gbp-austin&utm_id=local&utm_content=austin,hardytexas.com,+1 833-427-3989,"13240 Pond Springs Rd, Austin, TX 78729, United States",,,,bill@hardywindows.com,unattributed,dale@hardywindows.com,https://hardytexas.com/contact-us/,"Bill@hardywindows.com Bill Rucker 714-580-1943 Bill@hardywindows.com prings Rd, Austin, TX 78729 833-HARDY-TX (833-427-3989) California 1639 E Miraloma Ave Placentia, CA 92870 714-996-1807 hardywindow",found
Hardy Windows of Texas,https://hardytexas.com/?utm_source=google&utm_medium=organic&utm_campaign=gbp-austin&utm_id=local&utm_content=austin,hardytexas.com,+1 833-427-3989,"13240 Pond Springs Rd, Austin, TX 78729, United States",,,,sierra@hardywindows.com,unattributed,dale@hardywindows.com,https://hardytexas.com/contact-us/,Guillermo Guillermo Cruz Guillermo @hardywindows.com,found
Hardy Windows of Texas,https://hardytexas.com/?utm_source=google&utm_medium=organic&utm_campaign=gbp-austin&utm_id=local&utm_content=austin,hardytexas.com,+1 833-427-3989,"13240 Pond Springs Rd, Austin, TX 78729, United States",,,,guillermo@hardywindows.com,unattributed,dale@hardywindows.com,https://hardytexas.com/contact-us/,@hardywindows.com Guillermo Cruz Guillermo @hardywindows.com,found
Hardy Windows of Texas,https://hardytexas.com/?utm_source=google&utm_medium=organic&utm_campaign=gbp-austin&utm_id=local&utm_content=austin,hardytexas.com,+1 833-427-3989,"13240 Pond Springs Rd, Austin, TX 78729, United States",,,,ronald@hardywindows.com,unattributed,dale@hardywindows.com,https://hardytexas.com/contact-us/,Ronald@hardywindows.com Ronald@hardywindows.com ardywindows.com Jessica Filicko Jessica@hardywindows.com Guillermo Cruz Guillermo @hardywindows.com Ferd Nicholas Ferd@hardywindows.com Storefront Brad ,found
Hardy Windows of Texas,https://hardytexas.com/?utm_source=google&utm_medium=organic&utm_campaign=gbp-austin&utm_id=local&utm_content=austin,hardytexas.com,+1 833-427-3989,"13240 Pond Springs Rd, Austin, TX 78729, United States",,,,chad@hardywindows.com,unattributed,dale@hardywindows.com,https://hardytexas.com/contact-us/,Chad@hardywindows.com Chad@hardywindows.com ssica@hardywindows.com Guillermo Cruz Guillermo @hardywindows.com Ferd Nicholas Ferd@hardywindows.com Storefront Brad Leslie Brad@hardywindows.com Ronald Lo,found
Hardy Windows of Texas,https://hardytexas.com/?utm_source=google&utm_medium=organic&utm_campaign=gbp-austin&utm_id=local&utm_content=austin,hardytexas.com,+1 833-427-3989,"13240 Pond Springs Rd, Austin, TX 78729, United States",,,,casey@hardywindows.com,unattributed,dale@hardywindows.com,https://hardytexas.com/contact-us/,Casey@hardywindows.com 714-931-9284 Casey@hardywindows.com om Storefront Brad Leslie Brad@hardywindows.com Ronald Lopez Ronald@hardywindows.com Chad Leslie Chad@hardywindows.com Residential and Multif,found
Harris Home Exteriors LLC,https://harrishomeexteriors.com/,harrishomeexteriors.com,+1 512-736-4289,"15005 Gebron Dr, Austin, TX 78734, United States",,,,debbie@harrishomeexteriors.com,unattributed,debbie@harrishomeexteriors.com,https://harrishomeexteriors.com/contact-us/,debbie@harrishomeexteriors.com debbie@harrishomeexteriors.com Connect With Us Contact Info Office: (512) 736-4289 debbie@harrishomeexteriors.com Mon - Sat: 9:00 AM - 6:00 PM Sun: Closed Send Us a Mess,found
Haysco Siding & Windows,https://hayscosiding.com/,hayscosiding.com,+1 512-638-6665,,,,,jerryb@hayscosiding.com,unattributed,jerryb@hayscosiding.com,https://www.hayscosiding.com/,"or products and quality installation, you can always expect to have an amazing experience and to enjoy beautiful results when you hire our team to work on your home. Call us +1 (512) 212-6769 JerryB@h",found
Haysco Siding & Windows,https://hayscosiding.com/,hayscosiding.com,+1 512-638-6665,,,,,jerryb@haysco.com,unattributed,jerryb@hayscosiding.com,https://www.hayscosiding.com/contact/,"et you know! Contact Us Today Learn why Haysco is the top choice for beautiful, quality products, friendly and helpful service, and competitive pricing. Call us at +1 (512) 212-6769 Mail: JerryB@haysc",found
Heavens Door And Window,https://heavensdoor-window.com/,heavensdoor-window.com,+1 682-503-1144,,,,,info@ndiscovered.com,generic mailbox,info@ndiscovered.com,https://heavensdoor-window.com/,,found
Heavens Door And Window,https://heavensdoor-window.com/,heavensdoor-window.com,+1 682-503-1144,,,,,sales@heavensdoor-window.com,generic mailbox,info@ndiscovered.com,https://heavensdoor-window.com/contact-us,,found
Heritage Handyman LLC,http://www.heritagehandyman.co/,heritagehandyman.co,+1 512-373-8686,"401 Woodward St, Austin, TX 78704, United States",,,,,,,,,no email published
High End Impact Windows & Doors,https://www.impactwindowsndoors.com/?utm_source=google&utm_medium=organic&utm_campaign=gbp-pompano-beach&utm_id=local&utm_content=pompano-beach,impactwindowsndoors.com,+1 954-782-7100,"1472 S Dixie Hwy E, Pompano Beach, FL 33060, United States",,,,,,,,,no email published
Highline Building Supplies | Windows | Doors | Flooring | Roofing | Kitchen | Builders Source | Commercial Doors | Trims,https://www.highlinesupplies.com/?utm_source=google&utm_medium=gbp&utm_campaign=business_profile,highlinesupplies.com,+1 214-718-0488,"4002 W Miller Rd STE# 100 & 120, Garland, TX 75041, United States",Texas Material,Partner,3,,,info@highlinesupplies.com,https://www.highlinesupplies.com/about-us,"named on site as ""Partner Skip to Content SHOP PR""",found
Highline Building Supplies | Windows | Doors | Flooring | Roofing | Kitchen | Builders Source | Commercial Doors | Trims,https://www.highlinesupplies.com/?utm_source=google&utm_medium=gbp&utm_campaign=business_profile,highlinesupplies.com,+1 214-718-0488,"4002 W Miller Rd STE# 100 & 120, Garland, TX 75041, United States",,,,info@highlinesupplies.com,generic mailbox,info@highlinesupplies.com,https://www.highlinesupplies.com,"info@highlinesupplies.com info@highlinesupplies.com ou at every stage, whether you’re transforming your living space or constructing a new vision from the ground up. Connect with us 4002 W Miller Rd, ",found
Highline Building Supplies | Windows | Doors | Flooring | Roofing | Kitchen | Builders Source | Commercial Doors | Trims,https://www.highlinesupplies.com/?utm_source=google&utm_medium=gbp&utm_campaign=business_profile,highlinesupplies.com,+1 214-718-0488,"4002 W Miller Rd STE# 100 & 120, Garland, TX 75041, United States",,,,info@yourcompany.example.com,generic mailbox,info@highlinesupplies.com,https://www.highlinesupplies.com/contactus,,found
Himes Remodeling and Renovation,http://www.mrhaustin.com/,mrhaustin.com,+1 330-749-5662,,,,,,,,,,no email published
Home Craftman,http://www.homecraftsman.net/,homecraftsman.net,+1 214-239-0585,"2150 French Settlement Rd, Dallas, TX 75212, United States",,,,,,,,,no email published
Home Shield Shutter Group INC,https://homeshieldshutter.com/,homeshieldshutter.com,+1 954-380-2398,"501 SW 21st Terrace, Fort Lauderdale, FL 33312, United States",One Trusted,Partner,3,,,,https://www.homeshieldshuttergroup.com/about-1,"named on site as ""Partner By offering hurricane p""",found
Home Window Guy,https://adamsexteriors.com/,adamsexteriors.com,+1 214-349-7283,"3010 Lyndon B Johnson Fwy, Dallas, TX 75234, United States",,,,info@adamsexteriors.com,generic mailbox,info@adamsexteriors.com,https://www.adamsexteriors.com/,Info@AdamsExteriors.com Info@AdamsExteriors.com Adams Exteriors – Free Estimates Call us toll free 214 349 7283 Info@AdamsExteriors.com No Appointment No Sales Pitch ♦ No access needed inside the home,found
Home Window Replacement Dallas,https://homewindowsdallas.com/,homewindowsdallas.com,+1 469-908-3363,,,,,,,,,,no email published
Homeland Exteriors,http://homelandexteriors.com/,homelandexteriors.com,+1 815-601-5522,,,,,,,,,,no email published
Honest View Windows,https://honestviewwindows.com/,honestviewwindows.com,+1 480-550-1195,"4539 N 22nd St #4554, Phoenix, AZ 85016, United States",,,,,,,,,no email published
Hourglass Solutions LLC,http://hourglassdfw.com/,hourglassdfw.com,+1 469-677-5738,"1612 Falcon Drive, Dallas, TX 75247, United States",,,,nicole@hourglassdfw.com,unattributed,nicole@hourglassdfw.com,https://www.hourglassdfw.com/,"nicole@hourglassdfw.com nicole@hourglassdfw.com eds for you to have the best possible experience. We believe in creating lasting relationships, transparency, and providing value. CONTACT US FOR A QUOT",found
House Doctors of Austin,https://housedoctors.com/austin/,housedoctors.com,+1 737-371-8827,,,,,,,,,,no email published
HRS Window Cleaning LLC,http://hrswindowcleaning.com/,hrswindowcleaning.com,+1 512-638-1467,"12307 Roxie Dr Ste 102, Austin, TX 78729, United States",,,,austin@hrswindowcleaning.com,unattributed,austin@hrswindowcleaning.com,https://www.hrswindowcleaning.com/about,"g providers in the area. From cleaning windows on homes that have the best views in the city to maintaining the windows at the iconic University of Texas at Austin, HRS Window Cleaning can do it all! ",found
Huskie Exteriors Inc,https://huskieexteriors.com/,huskieexteriors.com,+1 815-519-3237,"4901 W State St, Rockford, IL 61102, United States",,,,,,,,,no email published
I Gotta Guy 4 That,http://www.igottaguy4that.com/,igottaguy4that.com,+1 512-715-4997,,,,,customercare@igottaguy4that.com,unattributed,customercare@igottaguy4that.com,https://www.igottaguy4that.com/,Customercare@igottaguy4that.com Customercare@igottaguy4that.com CES CONTACT GET AN INSTANT ESTIMATE BOOK AN IN-PERSON ESTIMATE APPLY 2 BE A GUY WE GOT HELP 4 THAT LICENSING AGREEMENT FOLLOW US : CONTA,found
iDEAL GLASS DFW,http://idealglassdfw.com/,idealglassdfw.com,+1 469-745-2626,,,,,sales@idealglassdfw.com,generic mailbox,sales@idealglassdfw.com,https://idealglassdfw.com/,sales@idealglassdfw.com sales@idealglassdfw.com sales@idealglassdfw.com sales@idealglassdfw.com Send Us a Message Get A Quote Today (469) 745-2626 sales@idealglassdfw.com Mon - Fri: 8:00 AM - 5:00 PM ,found
Ideal Property Solutions,https://www.ipsroofs.com/,ipsroofs.com,+1 815-597-0707,"929 S Alpine Rd #201, Rockford, IL 61108, United States",,,,,,,,,no email published
Infinity Replacement by Marvin,https://install.infinitywindows.com/locations/texas/dallas/?utm_source=gmb&utm_medium=organic&utm_campaign=dfw,install.infinitywindows.com,+1 866-922-2119,"1205 E Avenue J, Grand Prairie, TX 75050, United States",Dan Marvin,President,1,,,info@infinityreplacement.com,https://install.infinitywindows.com/about-us,"named on site as ""President""",found
Infinity Replacement by Marvin,https://install.infinitywindows.com/locations/texas/dallas/?utm_source=gmb&utm_medium=organic&utm_campaign=dfw,install.infinitywindows.com,+1 866-922-2119,"1205 E Avenue J, Grand Prairie, TX 75050, United States",,,,info@infinityreplacement.com,generic mailbox,info@infinityreplacement.com,https://install.infinitywindows.com/,Email Us 866.922.2119 Email Us Book Appointment,found
Inside Out Construction And Design,http://www.iorconstruction.com/,iorconstruction.com,+1 512-842-9961,,,,,shawn@iocdesignbuild.com,unattributed,shawn@iocdesignbuild.com,https://www.iorconstruction.com/,"ood Siding Areas Austin, Barton Creek, Bee Cave, Lost Creek, Manchaca, Onion Creek, Pflugerville, Rollingwood, Shady Hollow, Sunset Valley, West Lake Hills Contact Shawn Nikah | (512) 842-9961 | shawn",found
Installation World,https://installation-rockford.com/,installation-rockford.com,+1 815-904-9249,"2606 Broadway Ste 2 C, Rockford, IL 61108, United States",Laura Rojas,CEO,1,,,,https://installation-rockford.com/,"named on site as ""CEO of Installation World A""",found
IQ Smart Handyman,https://iqsmarthandyman.com/,iqsmarthandyman.com,+1 737-704-7478,,,,,iqsmarthandyman@gmail.com,unattributed,iqsmarthandyman@gmail.com,https://iqsmarthandyman.com/,iqsmarthandyman@gmail.com + 1 (737) 704-7478 iqsmarthandyman@gmail.com iqsmarthandyman@gmail.com Phone: + 1 (737) 704-7478 Mail: iqsmarthandyman@gmail.com say hi? Drop us a line below. We’re always ha,found
J&J Home Maintenance LLC,https://jjhomesmaintenance.com/,jjhomesmaintenance.com,+1 779-335-4133,"6914 Forest Hills Rd A, Loves Park, IL 61111, United States",,,,,,,,,no email published
Ja-Mar Roofing & Sheet Metal - Austin,https://jamarroofing.com/?utm_source=google&utm_medium=gbp&utm_campaign=Austin,jamarroofing.com,+1 512-441-8437,"4101 Parkstone Heights Dr Ste 250, Austin, TX 78746, United States",,,,,,,,,no email published
JASB Roofing & Exterior Remodeling,https://www.jasbsolutions.com/?utm_source=omg-gbp&utm_medium=webclick,jasbsolutions.com,+1 512-961-1421,"12325 Hymeadow Dr Ste 1-103, Austin, TX 78750, United States",,,,,,,,,no email published
JC GLASS & WINDOWS,https://jcglass-windows.carrd.co/,jcglass-windows.carrd.co,+1 214-531-5904,"5738 Preston View Blvd, Dallas, TX 75240, United States",,,,,,,,,no email published
JCAB Enterprises - Impact Windows & Doors,https://jcabinc.com/,jcabinc.com,+1 954-288-4798,"700 NE 40th Ct, Oakland Park, FL 33334, United States",,,,,,,,,no email published
JCM Construction And Design,http://jcmconstruction.andersenwindowscertifiedcontractors.com/,jcmconstruction.andersenwindowscertifiedcontractors.com,+1 214-223-9151,"17250 Dallas Pkwy, Dallas, TX 75248, United States",,,,,,,,,no email published
JDM Sliding Door & Window Repair,https://slidingdoorrepairft.com/broward,slidingdoorrepairft.com,+1 954-689-2155,"721 NE 3rd Ave, Fort Lauderdale, FL 33304, United States",,,,office@slidingdoorrepairft.com,generic mailbox,office@slidingdoorrepairft.com,https://slidingdoorrepairft.com/,"Email office@slidingdoorrepairft.com Get a Free Estimate Ready to fix or upgrade your sliding doors? Contact us today for a free, no-obligation estimate. Our team is available for same-day service. Ca",found
JJ's Window Service,http://www.jjswindowservice.com/,jjswindowservice.com,+1 972-479-1302,"3235 Skylane Dr Apt 115, Carrollton, TX 75006, United States",,,,,,,,,no email published
JM Construction Group LLC,https://www.jmconstructiongroupllc.com/,jmconstructiongroupllc.com,+1 815-315-4388,"4915 Auburn St, Rockford, IL 61101, United States",Justin Swanson,Founder,1,,,,https://www.jmconstructiongroupllc.com/about,"named on site as ""Founder and President formed JM""",found
Johnson Energy Solutions,http://www.impact-florida.com/,impact-florida.com,+1 954-214-1217,"4700 Powerline Rd, Oakland Park, FL 33309, United States",,,,info@impact-florida.com,generic mailbox,pete@wasteoil-florida.com,http://impact-florida.com/,"install hurricane impact windows and doors in Broward, Palm Beach and Miami-Dade County. To schedule a free estimate, or for more information, please call me directly at 954-214-1217 or email me at in",found
Johnson Energy Solutions,http://www.impact-florida.com/,impact-florida.com,+1 954-214-1217,"4700 Powerline Rd, Oakland Park, FL 33309, United States",,,,pete@wasteoil-florida.com,unattributed,pete@wasteoil-florida.com,http://impact-florida.com/contact-us.html,,found
Jon Wright Industries,https://www.jonwrightroofing.com/,jonwrightroofing.com,+1 972-251-1818,,,,,estimates@jonwrightindustries.com,generic mailbox,estimates@jonwrightindustries.com,https://jonwrightindustries.com/,estimates@jonwrightindustries.com estimates@jonwrightindustries.com estimates@jonwrightindustries.com Jon Wright Industries call (972) 251-1818 mail estimates@jonwrightindustries.com Get Estimate Home,found
JP Exteriors,https://jpexteriorstx.com/?utm_source=googlebusinessprofile&utm_medium=organic&promo=gbp,jpexteriorstx.com,+1 512-960-3191,"8906 Wall St #201, Austin, TX 78754, United States",,,,,,,,,no email published
JVR Impact Windows & Doors,https://www.jvrwindows.com/,jvrwindows.com,+1 954-902-4418,"650 NE 44th St, Oakland Park, FL 33334, United States",,,,service@jvrwindows.com,generic mailbox,service@jvrwindows.com,https://www.jvrwindows.com/,,found
K&J Windows,https://kjwindows.com/,kjwindows.com,+1 602-942-0954,"2331 W Royal Palm Rd Ste L, Phoenix, AZ 85021, United States",,,,,,,,,no email published
Keenan Window & Door,https://www.keenanwindow.com/,keenanwindow.com,+1 954-563-4900,"4050 NE 5th Terrace, Oakland Park, FL 33334, United States",,,,,,,,,no email published
Kevin's Glass & Roofing,http://kevinsglassandroofing.com/,kevinsglassandroofing.com,+1 512-671-8740,,Kevin Reeves,,,kevin.reeves@gmail.com,personal mailbox,kevin.reeves@gmail.com,https://www.kevinsglassandroofingtx.com/,,found
King's Window Services LLC,https://www.kingswindowservices.com/?utm_medium=organic&utm_source=google&utm_campaign=gbp,kingswindowservices.com,+1 817-512-5714,"6515 Smithfield Rd c, North Richland Hills, TX 76182, United States",Richland Hills,Owner,1,,,info@kingswindowservices.com,https://www.kingswindowservices.com/,"named on site as ""Owner Lee King""",found
King's Window Services LLC,https://www.kingswindowservices.com/?utm_medium=organic&utm_source=google&utm_campaign=gbp,kingswindowservices.com,+1 817-512-5714,"6515 Smithfield Rd c, North Richland Hills, TX 76182, United States",Lee King,Founder,1,,,info@kingswindowservices.com,https://www.kingswindowservices.com/about/,"named on site as ""Founder""",found
King's Window Services LLC,https://www.kingswindowservices.com/?utm_medium=organic&utm_source=google&utm_campaign=gbp,kingswindowservices.com,+1 817-512-5714,"6515 Smithfield Rd c, North Richland Hills, TX 76182, United States",,,,info@kingswindowservices.com,generic mailbox,info@kingswindowservices.com,https://www.kingswindowservices.com/,info@kingswindowservices.com Email info@kingswindowservices.com info@kingswindowservices.com info@kingswindowservices.com -1060 Get In Touch Request Your Free Estimate Tell us about your project and w,found
Kings Sliding Door,http://arizona.kingsslidingdoorrepair.com/,arizona.kingsslidingdoorrepair.com,+1 888-664-5553,,,,,contact@kingsslidingdoorrepair.com,generic mailbox,contact@kingsslidingdoorrepair.com,https://arizona.kingsslidingdoorrepair.com/,"contact@kingsslidingdoorrepair.com contact@kingsslidingdoorrepair.com Skip to content Special Offer: ""KINGS2026"" - 20% OFF for Any Repair! Phone (480) 401-4192 Email contact@kingsslidingdoorrepair.com",found
Kirk Windows LLC,http://www.kirkwindows.com/,kirkwindows.com,+1 972-977-7292,,,,,sales@kirkwindows.com,generic mailbox,sales@kirkwindows.com,https://www.kirkwindows.com/,"sales@kirkwindows.com Dallas, TX 972-977-7292 sales@kirkwindows.com Back To Top Dallas, TX 972-977-7292 sales@kirkwindows.com",found
KobyCo Door & Window,https://www.kobycowindow.com/?utm_campaign=gmb,kobycowindow.com,+1 815-270-5484,"4131 N Perryville Rd, Loves Park, IL 61111, United States",,,,,,,,,no email published
Krasiva Windows and Doors,https://krasivawindows.com/,krasivawindows.com,+1 602-678-3737,"2432 W Peoria Ave #1186, Phoenix, AZ 85029, United States",Greg Strickland,Owner,1,,,admin@krasivawindows.com,https://krasivawindows.com/,"named on site as ""Owner Custom Replacement Wind""",found
Krasiva Windows and Doors,https://krasivawindows.com/,krasivawindows.com,+1 602-678-3737,"2432 W Peoria Ave #1186, Phoenix, AZ 85029, United States",Derrick Smith,General Manager,3,,,admin@krasivawindows.com,https://krasivawindows.com/our-work/meet-the-team/,"named on site as ""General Manager I joined the Krasiva Wi""",found
Krasiva Windows and Doors,https://krasivawindows.com/,krasivawindows.com,+1 602-678-3737,"2432 W Peoria Ave #1186, Phoenix, AZ 85029, United States",,,,admin@krasivawindows.com,generic mailbox,admin@krasivawindows.com,https://krasivawindows.com/,Email Us Careers Email Us Call Us: 602-678-3737 Email Us Careers Email Us Call Us: 602-678-3737,found
L.J. Neal & Sons,https://bestwindowreplacement.com/,bestwindowreplacement.com,+1 602-661-6852,,,,,eben@eyebytes.com,unattributed,eben@eyebytes.com,https://bestwindowreplacement.com/,,found
Lake Travis Roofing,https://www.laketravisroofing.com/,laketravisroofing.com,+1 512-886-5060,"2802 Flintrock Trace Suite 313, Austin, TX 78738, United States",,,,info@laketravisroofing.com,generic mailbox,info@laketravisroofing.com,https://laketravisroofing.com/,"info@laketravisroofing.com info@laketravisroofing.com info@laketravisroofing.com info@laketravisroofing.com lists are standing by to provide a thorough inspection, detailed damage documentation, and a",found
Lakeway Windows and Doors,https://www.lakewaywindowsanddoors.com/,lakewaywindowsanddoors.com,+1 512-456-3539,,,,,,,,,,no email published
Landmark Building Co.,https://www.landmarkbuildingco.com/,landmarkbuildingco.com,+1 214-727-0201,"13590 Floyd Cir Ste 110, Dallas, TX 75243, United States",,,,sales@landmarkbuildingco.com,generic mailbox,sales@landmarkbuildingco.com,https://www.landmarkbuildingco.com/,Request Quote Request Quote,found
Landmark Building Co.,https://www.landmarkbuildingco.com/,landmarkbuildingco.com,+1 214-727-0201,"13590 Floyd Cir Ste 110, Dallas, TX 75243, United States",,,,info@landmarkbuildingco.com,generic mailbox,sales@landmarkbuildingco.com,https://www.landmarkbuildingco.com/,info@landmarkbuildingco.com info@landmarkbuildingco.com le Iron Door The Lexington Double Door Aluminum Bifold Patio Door Aluminum Sliding Patio Door Windows Sliding Window Aluminum Fixed Window Slim ,found
Latitude Windows,http://www.latitudewindows.com/,latitudewindows.com,+1 954-451-5601,"4816 NE 10th Ave, Oakland Park, FL 33334, United States",,,,,,,,,no email published
Lazarus Remodel,https://lazarusremodel.com/,lazarusremodel.com,+1 512-550-5518,"3800 Bliss Spillar Rd, Manchaca, TX 78652, United States",,,,,,,,,no email published
Legacy Crown Exteriors LLC,http://www.legacycrownexteriors.com/,legacycrownexteriors.com,+1 903-312-4574,,,,,,,,,,no email published
Legacy Exteriors,https://www.legacyexteriors.com/,legacyexteriors.com,+1 817-751-4460,"8801 Davis Blvd Ste 2E, Keller, TX 76248, United States",,,,,,,,,no email published
Legacy Windows LLC,https://thelegacywindows.com/,thelegacywindows.com,+1 480-448-2098,"3106 W Thomas Rd #1107, Phoenix, AZ 85017, United States",,,,chris@ceocontractor.com,unattributed,chris@ceocontractor.com,https://thelegacywindows.com/,,found
Legacy Windows LLC,https://thelegacywindows.com/,thelegacywindows.com,+1 480-448-2098,"3106 W Thomas Rd #1107, Phoenix, AZ 85017, United States",,,,contact@thelegacywindows.com,generic mailbox,chris@ceocontractor.com,https://thelegacywindows.com/,,found
Legacy Windows LLC,https://thelegacywindows.com/,thelegacywindows.com,+1 480-448-2098,"3106 W Thomas Rd #1107, Phoenix, AZ 85017, United States",,,,johndoe@gmail.com,unattributed,chris@ceocontractor.com,https://thelegacywindows.com/,,found
Legacy Windows LLC,https://thelegacywindows.com/,thelegacywindows.com,+1 480-448-2098,"3106 W Thomas Rd #1107, Phoenix, AZ 85017, United States",,,,rob@thelegacywindows.com,unattributed,chris@ceocontractor.com,https://thelegacywindows.com/contact-us,,found
Lifetime Home Remodeling,http://www.lifetimewindows.com/,lifetimewindows.com,+1 480-550-9993,"4141 S 36th St, Phoenix, AZ 85040, United States",,,,,,,,,no email published
Lion Windows,https://lionwindows.com/,lionwindows.com,+1 512-940-6000,"108 Wild Basin Rd S Suite 250, West Lake Hills, TX 78746, United States",,,,john@lionwindows.com,unattributed,john@lionwindows.com,https://www.lionwindows.com/,info@lionwindows.com info@lionwindows.com 512-817-5988,found
Lion Windows,https://lionwindows.com/,lionwindows.com,+1 512-940-6000,"108 Wild Basin Rd S Suite 250, West Lake Hills, TX 78746, United States",,,,info@lionwindows.com,generic mailbox,john@lionwindows.com,https://www.lionwindows.com/,"onsultation Lion Windows West Lake Hills, TX 108 Wild Basin Rd. South Ste. 250 Austin, TX 78746 Hours Connect info@lionwindows.com 512-817-5988 Mon-Fri: 09:00 am – 05:00 pm Sat-Sun: Closed",found
LOA Construction and Austin Roofing,https://www.loaconstruction.com/austin/?utm_campaign=gmb&utm_medium=organic&utm_source=gmblisting,loaconstruction.com,+1 512-375-3654,"706 W Ben White Blvd Ste 200B, Austin, TX 78704, United States",Steve Whitston,CEO,1,,,brittney@loaconstruction.com,https://www.loaconstruction.com/about/meet-the-team/,"named on site as ""President and CEO Brittney Stephe""",found
LOA Construction and Austin Roofing,https://www.loaconstruction.com/austin/?utm_campaign=gmb&utm_medium=organic&utm_source=gmblisting,loaconstruction.com,+1 512-375-3654,"706 W Ben White Blvd Ste 200B, Austin, TX 78704, United States",Ryan Derbes,President,1,,,brittney@loaconstruction.com,https://www.loaconstruction.com/about/meet-the-team/,"named on site as ""Vice President""",found
LOA Construction and Austin Roofing,https://www.loaconstruction.com/austin/?utm_campaign=gmb&utm_medium=organic&utm_source=gmblisting,loaconstruction.com,+1 512-375-3654,"706 W Ben White Blvd Ste 200B, Austin, TX 78704, United States",Steven Sartory,President,1,,,brittney@loaconstruction.com,https://www.loaconstruction.com/about/meet-the-team/,"named on site as ""Vice President""",found
LOA Construction and Austin Roofing,https://www.loaconstruction.com/austin/?utm_campaign=gmb&utm_medium=organic&utm_source=gmblisting,loaconstruction.com,+1 512-375-3654,"706 W Ben White Blvd Ste 200B, Austin, TX 78704, United States",Residential Commercial,President,1,,,brittney@loaconstruction.com,https://www.loaconstruction.com/about/meet-the-team/,"named on site as ""Vice President""",found
LOA Construction and Austin Roofing,https://www.loaconstruction.com/austin/?utm_campaign=gmb&utm_medium=organic&utm_source=gmblisting,loaconstruction.com,+1 512-375-3654,"706 W Ben White Blvd Ste 200B, Austin, TX 78704, United States",Commercial Brent,President,1,,,brittney@loaconstruction.com,https://www.loaconstruction.com/about/meet-the-team/,"named on site as ""Vice President""",found
LOA Construction and Austin Roofing,https://www.loaconstruction.com/austin/?utm_campaign=gmb&utm_medium=organic&utm_source=gmblisting,loaconstruction.com,+1 512-375-3654,"706 W Ben White Blvd Ste 200B, Austin, TX 78704, United States",,,,brittney@loaconstruction.com,unattributed,brittney@loaconstruction.com,https://www.loaconstruction.com/,,found
Load Bearing Wall Pros - Austin,https://www.loadbearingwall.com/,loadbearingwall.com,+1 737-252-8170,"2802 Flintrock Trace #201, Lakeway, TX 78738, United States",Jason Hulcy,Founder,1,,,info@loadbearingwall.com,https://www.loadbearingwall.com/our-team/,"named on site as ""Founder""",found
Load Bearing Wall Pros - Austin,https://www.loadbearingwall.com/,loadbearingwall.com,+1 737-252-8170,"2802 Flintrock Trace #201, Lakeway, TX 78738, United States",Jared Hulcy,Owner,1,,,info@loadbearingwall.com,https://www.loadbearingwall.com/our-team/,"named on site as ""Owner""",found
Load Bearing Wall Pros - Austin,https://www.loadbearingwall.com/,loadbearingwall.com,+1 737-252-8170,"2802 Flintrock Trace #201, Lakeway, TX 78738, United States",Mario Hernandez,Owner,1,,,info@loadbearingwall.com,https://www.loadbearingwall.com/our-team/,"named on site as ""Owner""",found
Load Bearing Wall Pros - Austin,https://www.loadbearingwall.com/,loadbearingwall.com,+1 737-252-8170,"2802 Flintrock Trace #201, Lakeway, TX 78738, United States",Rhett Hulcy,Marketing Director,2,,,info@loadbearingwall.com,https://www.loadbearingwall.com/our-team/,"named on site as ""Director of Marketing Jacky Bacarreza Directo""",found
Load Bearing Wall Pros - Austin,https://www.loadbearingwall.com/,loadbearingwall.com,+1 737-252-8170,"2802 Flintrock Trace #201, Lakeway, TX 78738, United States",,,,info@loadbearingwall.com,generic mailbox,info@loadbearingwall.com,https://www.loadbearingwall.com/contact-us/,,found
Local Contracting LLC,https://texaslocalcontracting.com/,texaslocalcontracting.com,+1 512-924-7179,,,,,,,,,,no email published
Local Door & Glass LLC,http://localdoorglass.com/,localdoorglass.com,+1 480-709-6772,"4012 E Broadway Rd #309, Phoenix, AZ 85040, United States",,,,,,,,,no email published
LockTight Impact Windows Doors & Roofing,https://locktightimpact.com/?utm_source=omg-gbp&utm_medium=webclick,locktightimpact.com,+1 954-500-5625,"2200 SW 45th St #101, Fort Lauderdale, FL 33312, United States",,,,,,,,,no email published
Lone Star Glass and Aluminum,https://lonestarglassandaluminum.com/,lonestarglassandaluminum.com,+1 972-748-9481,"6526 Maryibel Cir, Dallas, TX 75237, United States",,,,supermglass@gmail.com,unattributed,supermglass@gmail.com,https://lonestarglassandaluminum.com/,"l Glaziers Replacement Glass Commercial Window Replacement Residential Window Replacement Gallery Contact Us Contact Us Carrollton, TX 75006 Tel:(972) 748-9481 Email:supermglass@gmail.com",found
Lone Star Home Pro,https://lonestarhomepro.com/,lonestarhomepro.com,+1 214-417-6390,,,,,[email_address],unattributed,[email_address],https://lonestarhomepro.com/,[email_address],found
LoneStar Glass Replacement,https://glassreplacementaustin.com/,glassreplacementaustin.com,+1 512-431-7056,,,,,,,,,,no email published
Longhorn Glass,http://longhornglass.net/,longhornglass.net,+1 512-443-9000,"13216 Pond Springs Rd, Austin, TX 78729, United States",,,,contact@longhornglass.net,generic mailbox,contact@longhornglass.net,https://longhornglass.net/,,found
Love That Door,https://www.lovethatdoor.com/?utm_campaign=gmbdallas,lovethatdoor.com,+1 214-891-3003,"1322 Round Table Dr, Dallas, TX 75247, United States",Chad Crenshaw,Founder,1,,,support@lovethatdoor.com,https://www.lovethatdoor.com/about-chad-crenshaw/,"named on site as ""Founder""",found
Love That Door,https://www.lovethatdoor.com/?utm_campaign=gmbdallas,lovethatdoor.com,+1 214-891-3003,"1322 Round Table Dr, Dallas, TX 75247, United States",,,,support@lovethatdoor.com,generic mailbox,support@lovethatdoor.com,https://www.lovethatdoor.com/,support@lovethatdoor.com support@lovethatdoor.com support@lovethatdoor.com support@lovethatdoor.com ch Iron Product is Crafted with 10 gauge Cold Rolled Steel Love That Door® Thermally Broken Doors Th,found
Loyal Home Concierge,https://www.loyalhomeconcierge.com/,loyalhomeconcierge.com,+1 512-994-0072,,Austin Clemens,Founder,1,,,hello@loyalhomeconcierge.com,https://loyalhomeconcierge.com/,"named on site as ""founder of Loyal Home Concierge""",found
Loyal Home Concierge,https://www.loyalhomeconcierge.com/,loyalhomeconcierge.com,+1 512-994-0072,,,,,hello@loyalhomeconcierge.com,generic mailbox,hello@loyalhomeconcierge.com,https://loyalhomeconcierge.com/,hello@loyalhomeconcierge.com hello@loyalhomeconcierge.com hello@loyalhomeconcierge.com hello@loyalhomeconcierge.com hello@loyalhomeconcierge.com hello@loyalhomeconcierge.com Loyal - Home Concierge Ski,found
Luft Windows,https://www.luftwindows.com/,luftwindows.com,+1 480-508-8958,"2010 E University Dr #25, Tempe, AZ 85281, United States",,,,info@luftwindows.com,generic mailbox,info@luftwindows.com,https://www.luftwindows.com/,,found
Luma Exteriors,https://lumaexteriors.com/,lumaexteriors.com,+1 512-201-1818,"9600 Escarpment Blvd Ste 745-27, Austin, TX 78749, United States",,,,,,,,,no email published
Luna Glass and Mirror,https://lunaglassmirror.com/,lunaglassmirror.com,+1 214-284-1397,,,,,omarborrillo@gmail.com,unattributed,omarborrillo@gmail.com,https://lunaglassmirror.com/,Omarborrillo@gmail.com Luna Glass and Mirror Based in Mesquite · Serving Dallas–Fort Worth (214) 284-1397 Contact Luna Glass and Mirror Omarborrillo@gmail.com Frisco Mesquite Rockwall View All Service,found
Luna Glass and Mirror,https://lunaglassmirror.com/,lunaglassmirror.com,+1 214-284-1397,,,,,tucorreo@ejemplo.com,unattributed,omarborrillo@gmail.com,https://lunaglassmirror.com/,,found
LuxVue Pros,https://www.luxvuepros.com/,luxvuepros.com,+1 214-995-6140,,,,,roger@luxvuepros.com,unattributed,roger@luxvuepros.com,https://luxvuepros.com/,roger@luxvuepros.com • Email everything to: roger@luxvuepros.com Click Here to Email for Quote Click Here to Email for Quote Email to Book Appointment Email to Book Appointment ide Window Sizes • Meas,found
Lynn Floyd Architectural Millwork,https://lynnfloyd.com/,lynnfloyd.com,+1 972-335-1199,"6025 Owens St, Dallas, TX 75235, United States",,President,1,info@lynnfloyd.com,generic mailbox,info@lynnfloyd.com,https://lynnfloyd.com/craftsmen/,"info@lynnfloyd.com info@lynnfloyd.com Dave Reichert President © Copyright 2026, Lynn Floyd Architectural Millwork. All Rights Reserved. 6025 Owens St., Dallas, TX 75235 info@lynnfloyd.com 972-335-1199",found
Lynn Floyd Architectural Millwork,https://lynnfloyd.com/,lynnfloyd.com,+1 972-335-1199,"6025 Owens St, Dallas, TX 75235, United States",Jackie Floyd,Founder,1,,,info@lynnfloyd.com,https://lynnfloyd.com/craftsmen/,"named on site as ""Founder""",found
Lynn Floyd Architectural Millwork,https://lynnfloyd.com/,lynnfloyd.com,+1 972-335-1199,"6025 Owens St, Dallas, TX 75235, United States",Lynn Floyd,Founder,1,,,info@lynnfloyd.com,https://lynnfloyd.com/craftsmen/,"named on site as ""Founder Atanacio Gamez Craftsma""",found
M&M Roofing Siding & Windows,https://www.mmroofsiding.com/,mmroofsiding.com,+1 214-381-0600,,Total Satisfaction,Owner,1,,,info@mmroofsiding.com,https://mmroofsiding.com/,"named on site as ""Owner Doug Moncure Calls Each""",found
M&M Roofing Siding & Windows,https://www.mmroofsiding.com/,mmroofsiding.com,+1 214-381-0600,,Submit Doug,CEO,1,,,info@mmroofsiding.com,https://mmroofsiding.com/contact-us/,"named on site as ""CEO When I started M""",found
M&M Roofing Siding & Windows,https://www.mmroofsiding.com/,mmroofsiding.com,+1 214-381-0600,,,,,info@mmroofsiding.com,generic mailbox,info@mmroofsiding.com,https://mmroofsiding.com/,,found
Maison Janneau,https://www.maison-janneau.com/,maison-janneau.com,+1 512-356-9276,"5555 N Lamar Blvd Suite L-125, Austin, TX 78751, United States",Henri Janneau,Founder,1,,,contact@alexneveu.fr,https://www.maison-janneau.com/about-us/,"named on site as ""Founder and President Years exp""",found
Maison Janneau,https://www.maison-janneau.com/,maison-janneau.com,+1 512-356-9276,"5555 N Lamar Blvd Suite L-125, Austin, TX 78751, United States",,,,contact@alexneveu.fr,generic mailbox,contact@alexneveu.fr,https://www.maison-janneau.com/,,found
Maison Janneau,https://www.maison-janneau.com/,maison-janneau.com,+1 512-356-9276,"5555 N Lamar Blvd Suite L-125, Austin, TX 78751, United States",,,,contact@maison-janneau.com,generic mailbox,contact@alexneveu.fr,https://www.maison-janneau.com/contact/,"contact@maison-janneau.com contact@maison-janneau.com Send your request Maison Janneau LLC 5555 N Lamar Blvd – Suite L125 Austin, TX, 78751 512 356 9276 contact@maison-janneau.com Search Location Dist",found
Marine Windows Solutions,http://marinewindowssolutions.com/,marinewindowssolutions.com,+1 754-325-1470,,,,,info@marinewindowssolutions.com,generic mailbox,info@marinewindowssolutions.com,https://marinewindowssolutions.com/,,found
Martin Exteriors Roofing & Siding,https://martinexteriors.com/,martinexteriors.com,+1 815-209-9054,"6019 Fincham Dr Ste 4, Rockford, IL 61108, United States",,,,info@martinexteriors.com,generic mailbox,info@martinexteriors.com,https://martinexteriors.com/,,found
Marvin Design Gallery by Mountain West Windows and Doors,https://mwwd.com/locations/az/scottsdale/?utm_source=google&utm_medium=organic&utm_campaign=gbp-profile,mwwd.com,+1 480-355-3260,"15507 N Scottsdale Rd, Scottsdale, AZ 85254, United States",Sammy Song,Owner,1,,,,https://mwwd.com/about/team/,"named on site as ""Owner""",found
Maverick Windows,http://www.maverickwindows.com/,maverickwindows.com,+1 214-302-8541,"4552 Beltway Dr, Addison, TX 75001, United States",Chad Connoy,Owner,1,,,info@maverickwindows.com,https://maverickwindows.com/about-us/,"named on site as ""Owner""",found
Maverick Windows,http://www.maverickwindows.com/,maverickwindows.com,+1 214-302-8541,"4552 Beltway Dr, Addison, TX 75001, United States",,,,info@maverickwindows.com,generic mailbox,info@maverickwindows.com,https://maverickwindows.com/,info@maverickwindows.com 800-972-3631 info@maverickwindows.com info@maverickwindows.com info@maverickwindows.com e - Maverick Windows 800-972-3631 info@maverickwindows.com Free Estimate → About Us New,found
McBain's Windows and Doors LLC,https://mcbainswindowsanddoors.com/,mcbainswindowsanddoors.com,+1 214-702-3818,,,,,,,,,,no email published
McCoy's Building Supply,https://www.mccoys.com/stores/austin-290-west-tx,mccoys.com,+1 512-288-3313,"11811 US-290, Austin, TX 78737, United States",,,,online.services@mccoys.com,unattributed,online.services@mccoys.com,https://www.mccoys.com/,,found
Mediterranean Impact Windows,http://www.medimpactwindow.com/,medimpactwindow.com,+1 954-990-8363,"601 SW 8th St, Pompano Beach, FL 33060, United States",,,,,,,,,no email published
Mercury Exteriors,https://mercuryexteriors.com/,mercuryexteriors.com,+1 512-729-7663,,,,,info@mercuryexteriors.com,generic mailbox,info@mercuryexteriors.com,https://mercuryexteriors.com/,info@mercuryexteriors.com info@mercuryexteriors.com Get in Touch with mercury exteriors Please contact us for a free quotation and tell us more about your project! (512)-729-ROOF(7663) info@mercuryext,found
Metro Steel Doors Austin,https://metrosteeldoors.com/,metrosteeldoors.com,+1 512-402-6881,"1501 Ranch Rd 620 N a, Lakeway, TX 78734, United States",,,,tom@metrosteeldoors.com,unattributed,tom@metrosteeldoors.com,https://www.metrosteeldoors.com/contact-us/,"tom@metrosteeldoors.com Email: tom@metrosteeldoors.com Mobile: 903-520-7725 materials and bending light. Our finely crafted products are energy efficient, too, so you never have to give up function fo",found
Metroplex Door Repair LLC,http://metroplexdoorrepair.llc/,metroplexdoorrepair.llc,+1 469-328-6628,"6611 Lockheed Ave, Dallas, TX 75209, United States",,,,metroplexdoorrepair@gmail.com,unattributed,metroplexdoorrepair@gmail.com,https://metroplexdoorrepair.llc/,Ask a Question Call Us Ask a Question Ask a Question Call (469) 328-6628 Ask a Question metroplexdoorrepair@gmail.com metroplexdoorrepair@gmail.com es Glass and Mirrors Service Metal and Aluminum Door,found
Metroplex Gutter and Windows,https://metroplexgutters.com/,metroplexgutters.com,+1 214-306-4665,"1315 S Akard St, Dallas, TX 75215, United States",,,,,,,,,no email published
Metroplex windows & Glass,https://mydallaswindows.com/,mydallaswindows.com,+1 972-323-5200,"1425 Century Dr, Carrollton, TX 75006, United States",,,,info@metroplexwindowsglass.com,generic mailbox,info@metroplexwindowsglass.com,https://mydallaswindows.com/,,found
Michaels Windows Doors & More,http://michaelswindowsdoorsandmore.com/,michaelswindowsdoorsandmore.com,+1 815-217-8429,,,,,michaelsandmore815@gmail.com,unattributed,michaelsandmore815@gmail.com,https://www.michaelswindowsdoorsandmore.com/,"ES We Offer a Range of Services - Windows, Doors, & other handyman needs SERVICES Michaels Windows Doors & More SERVICES PROJECTS ABOUT US HEAD OFFICE 1325 15th Ave Rockford IL 61104 815-217-8429 mich",found
Midwest Seamless Gutters and Siding,https://www.midwestseamlessguttersandsiding.com/,midwestseamlessguttersandsiding.com,+1 815-708-8113,"7194 Vandiver Rd, Rockford, IL 61112, United States",Greg Green,Owner,1,,,midwestsgsw@gmail.com,https://www.midwestseamlessguttersandsiding.com/about,"named on site as ""Owner Todd Green Vice Preside""",found
Midwest Seamless Gutters and Siding,https://www.midwestseamlessguttersandsiding.com/,midwestseamlessguttersandsiding.com,+1 815-708-8113,"7194 Vandiver Rd, Rockford, IL 61112, United States",,,,midwestsgsw@gmail.com,unattributed,midwestsgsw@gmail.com,https://www.midwestseamlessguttersandsiding.com/,Email Us Contact Us Main Phone: (815) 708-8113 Mobile Phone: (815) 708-8113 Alternate Phone: (815) 708-8113 Email Us,found
Midwest Wholesale Glass & Shower Doors,http://www.midwestwholesaleglass.com/,midwestwholesaleglass.com,+1 800-593-9812,,,,,info@rockfordglass.com,generic mailbox,info@rockfordglass.com,https://www.midwestwholesaleglass.com/,editor. The Yext Knowledge Tags are successfully installed and will be added to the website. Toll-free: 800-593-9812 Local: 815-226-3457 Fax Orders: 815-226-0562 ﻿ info@rockfordglass.com Hi. Do you ne,found
Midwest Wholesale Glass & Shower Doors,http://www.midwestwholesaleglass.com/,midwestwholesaleglass.com,+1 800-593-9812,,,,,sales@midwestwholesaleglass.com,generic mailbox,info@rockfordglass.com,https://www.midwestwholesaleglass.com/contact,"sales@midwestwholesaleglass.com sales@midwestwholesaleglass.com lder for the Yext Knolwedge Tags. This message will not appear on the live site, but only within the editor. The Yext Knowledge Tags are",found
Mirror Gallery Inc,http://www.mirrorgallery.com/,mirrorgallery.com,+1 512-660-5105,"8313 State Hwy 71, Austin, TX 78735, United States",,,,,,,,,no email published
Mister Glass,https://www.misterglassinc.com/?utm_source=gmb&utm_medium=organic&utm_campaign=DALLAS,misterglassinc.com,+1 972-669-0951,"13342 Floyd Cir, Dallas, TX 75243, United States",,,,info@callmrglass.com,generic mailbox,info@callmrglass.com,https://misterglassinc.com/,Get a Free Quote Get a Free Quote Call (972) 669-0951,found
Mister Glass,https://www.misterglassinc.com/?utm_source=gmb&utm_medium=organic&utm_campaign=DALLAS,misterglassinc.com,+1 972-669-0951,"13342 Floyd Cir, Dallas, TX 75243, United States",,,,quotes@misterglassinc.com,generic mailbox,info@callmrglass.com,https://misterglassinc.com/quote.html,,found
MIW Roofing,https://miwroofing.com/,miwroofing.com,+1 954-634-3838,"404 NE 38th St, Oakland Park, FL 33334, United States",,,,info@miwroofing.com,generic mailbox,miwroofingllc@gmail.com,https://miwroofing.com/,"info@miwroofing.com info@miwroofing.com Sanibel & Captiva EAST COAST OFFICE 404 NE 38th Street Oakland Park, FL 33334 (954) 634-3838 info@miwroofing.com WEST COAST OFFICE 12535 New Brittany Blvd. #281",found
MIW Roofing,https://miwroofing.com/,miwroofing.com,+1 954-634-3838,"404 NE 38th St, Oakland Park, FL 33334, United States",,,,miwroofingllc@gmail.com,unattributed,miwroofingllc@gmail.com,https://miwroofing.com/contracting-estimates/,"ase or service. This is a standard rate subscription service available on most carriers, Msg & Data Rates May Apply. You can also request additional information by texting HELP or sending an email to ",found
MNP Window and Door,https://mnpwindowanddoor.com/,mnpwindowanddoor.com,+1 512-368-8845,,,,,mnpwindowanddoor@outlook.com,unattributed,mnpwindowanddoor@outlook.com,https://www.mnpwindowanddoor.com/,,found
Model Glass & Shower Doors,https://modelglassatx.com/?utm_source=google&utm_medium=organic&utm_campaign=gbp,modelglassatx.com,+1 979-587-2334,,,,,modelglassatx@gmail.com,unattributed,modelglassatx@gmail.com,https://modelglassatx.com/about-model-glass-austin/,"ll replace the unit. This warranty doesn’t cover surface condensation, stress cracks, color variations, or damage from misuse, chemicals, weather, or structural shifts. To file a claim, email us at mo",found
Model Glass & Shower Doors,https://modelglassatx.com/?utm_source=google&utm_medium=organic&utm_campaign=gbp,modelglassatx.com,+1 979-587-2334,,,,,modelglassatx@gmail.com​,unattributed,modelglassatx@gmail.com,https://modelglassatx.com/custom-glass-austin-contact/,Email Austin Glass Experts Email Austin Glass Experts modelglassatx@gmail.com​,found
Modern Resolution Windows & Doors,https://www.modernresolution.com/,modernresolution.com,+1 480-665-5732,"2105 S Hardy Dr #9, Tempe, AZ 85282, United States",,,,,,,,,no email published
Montgomery Glass LLC,http://montgomeryglassllc.com/,montgomeryglassllc.com,+1 682-715-2323,,,,,,,,,,no email published
Moore Construction Co.,https://mooreconstructionco.com/,mooreconstructionco.com,+1 972-820-5950,"2340 E Trinity Mls Rd Ste 300, Carrollton, TX 75006, United States",,,,,,,,,no email published
MR GLAZIER - Windows Doors Shower Enclosures,https://mrglazier.com/fl-fort-lauderdale/,mrglazier.com,+1 954-504-6501,"217 S Federal Hwy, Fort Lauderdale, FL 33301, United States",,,,info@mrglazier.com,generic mailbox,nj@mrglazier.com,https://mrglazier.com/,"info@mrglazier.com info@mrglazier.com info@MrGlazier.com info@MrGlazier.com ntial & Commercial Glass, Windows & Doors Services 888-287-0980 info@mrglazier.com Residential Windows Window Insulation and",found
MR GLAZIER - Windows Doors Shower Enclosures,https://mrglazier.com/fl-fort-lauderdale/,mrglazier.com,+1 954-504-6501,"217 S Federal Hwy, Fort Lauderdale, FL 33301, United States",,,,nj@mrglazier.com,unattributed,nj@mrglazier.com,https://mrglazier.com/,"nj@MrGlazier.com nj@MrGlazier.com New York NY 10022 888-287-0980 info@MrGlazier.com Office New jersey 28 Valley Rd, Montclair, NJ 07042 973-354-9868 nj@MrGlazier.com Office Southampton 53 Hill St, Sou",found
MR GLAZIER - Windows Doors Shower Enclosures,https://mrglazier.com/fl-fort-lauderdale/,mrglazier.com,+1 954-504-6501,"217 S Federal Hwy, Fort Lauderdale, FL 33301, United States",,,,hamptons@mrglazier.com,unattributed,nj@mrglazier.com,https://mrglazier.com/,"hamptons@MrGlazier.com hamptons@MrGlazier.com ontclair, NJ 07042 973-354-9868 nj@MrGlazier.com Office Southampton 53 Hill St, Southampton, NY 11968 631-658-4955 hamptons@MrGlazier.com Office Miami 888",found
MR GLAZIER - Windows Doors Shower Enclosures,https://mrglazier.com/fl-fort-lauderdale/,mrglazier.com,+1 954-504-6501,"217 S Federal Hwy, Fort Lauderdale, FL 33301, United States",,,,miami@mrglazier.com,unattributed,nj@mrglazier.com,https://mrglazier.com/,"Miami@MrGlazier.com Miami@MrGlazier.com on, NY 11968 631-658-4955 hamptons@MrGlazier.com Office Miami 888 Biscayne Avenue 203, Miami FL 33132 954-932-8230 Miami@MrGlazier.com Mr. Glazier provides glaz",found
Mr. Handyman of South Austin/Lakeway,https://www.mrhandyman.com/south-austin-lakeway/?cid=LSTL_MHM000197&utm_source=gmb&utm_campaign=local&utm_medium=organic,mrhandyman.com,+1 512-456-3443,"7509 Menchaca Rd Unit 104, Austin, TX 78745, United States",,,,,,,,,no email published
New View Roofing,https://newviewroofing.com/?utm_source=google&utm_medium=organic&utm_campaign=gmb,newviewroofing.com,+1 469-966-1196,"4722 Gaston Ave, Dallas, TX 75246, United States",,President,1,nick@newviewroofing.com,unattributed,nick@newviewroofing.com,https://newviewroofing.com/about-us/meet-our-team/,ait Until Damage Gets Worse. Request A Free Roof Inspection Meet The New View Roofing Team Nick Royer Vice President Nick@NewViewRoofing.com (469) 444-1072 Patrick Gibson Director of Operations Patric,found
New View Roofing,https://newviewroofing.com/?utm_source=google&utm_medium=organic&utm_campaign=gmb,newviewroofing.com,+1 469-966-1196,"4722 Gaston Ave, Dallas, TX 75246, United States",,President,1,patrick@newviewroofing.com,unattributed,nick@newviewroofing.com,https://newviewroofing.com/about-us/meet-our-team/,Meet The New View Roofing Team Nick Royer Vice President Nick@NewViewRoofing.com (469) 444-1072 Patrick Gibson Director of Operations Patrick@NewViewRoofing.com (469) 444-1072 Scott Berlin Senior Proj,found
New View Roofing,https://newviewroofing.com/?utm_source=google&utm_medium=organic&utm_campaign=gmb,newviewroofing.com,+1 469-966-1196,"4722 Gaston Ave, Dallas, TX 75246, United States",Hi Henry,Owner,1,,,nick@newviewroofing.com,https://newviewroofing.com/about-us/testimonials/,"named on site as ""owner""",found
New View Roofing,https://newviewroofing.com/?utm_source=google&utm_medium=organic&utm_campaign=gmb,newviewroofing.com,+1 469-966-1196,"4722 Gaston Ave, Dallas, TX 75246, United States",Hi Jennife,Owner,1,,,nick@newviewroofing.com,https://newviewroofing.com/about-us/testimonials/,"named on site as ""owner""",found
New View Roofing,https://newviewroofing.com/?utm_source=google&utm_medium=organic&utm_campaign=gmb,newviewroofing.com,+1 469-966-1196,"4722 Gaston Ave, Dallas, TX 75246, United States",Hi Mere,Owner,1,,,nick@newviewroofing.com,https://newviewroofing.com/about-us/testimonials/,"named on site as ""owner""",found
New View Roofing,https://newviewroofing.com/?utm_source=google&utm_medium=organic&utm_campaign=gmb,newviewroofing.com,+1 469-966-1196,"4722 Gaston Ave, Dallas, TX 75246, United States",Hi Shawn,Owner,1,,,nick@newviewroofing.com,https://newviewroofing.com/about-us/testimonials/,"named on site as ""owner""",found
New View Roofing,https://newviewroofing.com/?utm_source=google&utm_medium=organic&utm_campaign=gmb,newviewroofing.com,+1 469-966-1196,"4722 Gaston Ave, Dallas, TX 75246, United States",Hi Carlo,Owner,1,,,nick@newviewroofing.com,https://newviewroofing.com/about-us/testimonials/,"named on site as ""owner""",found
New View Roofing,https://newviewroofing.com/?utm_source=google&utm_medium=organic&utm_campaign=gmb,newviewroofing.com,+1 469-966-1196,"4722 Gaston Ave, Dallas, TX 75246, United States",Hi Bob,Owner,1,,,nick@newviewroofing.com,https://newviewroofing.com/about-us/testimonials/,"named on site as ""owner""",found
New View Roofing,https://newviewroofing.com/?utm_source=google&utm_medium=organic&utm_campaign=gmb,newviewroofing.com,+1 469-966-1196,"4722 Gaston Ave, Dallas, TX 75246, United States",Hi Patty,Owner,1,,,nick@newviewroofing.com,https://newviewroofing.com/about-us/testimonials/,"named on site as ""owner""",found
New View Roofing,https://newviewroofing.com/?utm_source=google&utm_medium=organic&utm_campaign=gmb,newviewroofing.com,+1 469-966-1196,"4722 Gaston Ave, Dallas, TX 75246, United States",Hi Jason,Owner,1,,,nick@newviewroofing.com,https://newviewroofing.com/about-us/testimonials/,"named on site as ""owner""",found
New View Roofing,https://newviewroofing.com/?utm_source=google&utm_medium=organic&utm_campaign=gmb,newviewroofing.com,+1 469-966-1196,"4722 Gaston Ave, Dallas, TX 75246, United States",Hi Allen,Owner,1,,,nick@newviewroofing.com,https://newviewroofing.com/about-us/testimonials/,"named on site as ""owner""",found
New View Roofing,https://newviewroofing.com/?utm_source=google&utm_medium=organic&utm_campaign=gmb,newviewroofing.com,+1 469-966-1196,"4722 Gaston Ave, Dallas, TX 75246, United States",Hi Will,Owner,1,,,nick@newviewroofing.com,https://newviewroofing.com/about-us/testimonials/,"named on site as ""owner""",found
New View Roofing,https://newviewroofing.com/?utm_source=google&utm_medium=organic&utm_campaign=gmb,newviewroofing.com,+1 469-966-1196,"4722 Gaston Ave, Dallas, TX 75246, United States",Hi Nicole,Owner,1,,,nick@newviewroofing.com,https://newviewroofing.com/about-us/testimonials/,"named on site as ""owner""",found
New View Roofing,https://newviewroofing.com/?utm_source=google&utm_medium=organic&utm_campaign=gmb,newviewroofing.com,+1 469-966-1196,"4722 Gaston Ave, Dallas, TX 75246, United States",Hi Caroline,Owner,1,,,nick@newviewroofing.com,https://newviewroofing.com/about-us/testimonials/,"named on site as ""owner""",found
New View Roofing,https://newviewroofing.com/?utm_source=google&utm_medium=organic&utm_campaign=gmb,newviewroofing.com,+1 469-966-1196,"4722 Gaston Ave, Dallas, TX 75246, United States",Hi Lee,Owner,1,,,nick@newviewroofing.com,https://newviewroofing.com/about-us/testimonials/,"named on site as ""owner""",found
New View Roofing,https://newviewroofing.com/?utm_source=google&utm_medium=organic&utm_campaign=gmb,newviewroofing.com,+1 469-966-1196,"4722 Gaston Ave, Dallas, TX 75246, United States",Hi Nathan,Owner,1,,,nick@newviewroofing.com,https://newviewroofing.com/about-us/testimonials/,"named on site as ""owner""",found
New View Roofing,https://newviewroofing.com/?utm_source=google&utm_medium=organic&utm_campaign=gmb,newviewroofing.com,+1 469-966-1196,"4722 Gaston Ave, Dallas, TX 75246, United States",Hi Eric,Owner,1,,,nick@newviewroofing.com,https://newviewroofing.com/about-us/testimonials/,"named on site as ""owner""",found
New View Roofing,https://newviewroofing.com/?utm_source=google&utm_medium=organic&utm_campaign=gmb,newviewroofing.com,+1 469-966-1196,"4722 Gaston Ave, Dallas, TX 75246, United States",Hi Laurie,Owner,1,,,nick@newviewroofing.com,https://newviewroofing.com/about-us/testimonials/,"named on site as ""owner""",found
New View Roofing,https://newviewroofing.com/?utm_source=google&utm_medium=organic&utm_campaign=gmb,newviewroofing.com,+1 469-966-1196,"4722 Gaston Ave, Dallas, TX 75246, United States",Hi Asem,Owner,1,,,nick@newviewroofing.com,https://newviewroofing.com/about-us/testimonials/,"named on site as ""owner""",found
New View Roofing,https://newviewroofing.com/?utm_source=google&utm_medium=organic&utm_campaign=gmb,newviewroofing.com,+1 469-966-1196,"4722 Gaston Ave, Dallas, TX 75246, United States",Hi Charles,Owner,1,,,nick@newviewroofing.com,https://newviewroofing.com/about-us/testimonials/,"named on site as ""owner""",found
New View Roofing,https://newviewroofing.com/?utm_source=google&utm_medium=organic&utm_campaign=gmb,newviewroofing.com,+1 469-966-1196,"4722 Gaston Ave, Dallas, TX 75246, United States",Hi Geoffrey,Owner,1,,,nick@newviewroofing.com,https://newviewroofing.com/about-us/testimonials/,"named on site as ""owner""",found
New View Roofing,https://newviewroofing.com/?utm_source=google&utm_medium=organic&utm_campaign=gmb,newviewroofing.com,+1 469-966-1196,"4722 Gaston Ave, Dallas, TX 75246, United States",,,,info@newviewroofing.com,generic mailbox,nick@newviewroofing.com,https://newviewroofing.com/,"info@newviewroofing.com info@newviewroofing.com Roofing for more and exciting offers. newview icon (469) 232-7220 Corporate Office 4722 Gaston Ave, Dallas, TX 75246 info@newviewroofing.com Get Directi",found
New View Roofing,https://newviewroofing.com/?utm_source=google&utm_medium=organic&utm_campaign=gmb,newviewroofing.com,+1 469-966-1196,"4722 Gaston Ave, Dallas, TX 75246, United States",,,,scott@newviewroofing.com,unattributed,nick@newviewroofing.com,https://newviewroofing.com/about-us/meet-our-team/,9) 444-1072 Patrick Gibson Director of Operations Patrick@NewViewRoofing.com (469) 444-1072 Scott Berlin Senior Project Manager Scott@NewViewRoofing.com (972) 591-1580 Nick Catanese Senior Project Man,found
New View Roofing,https://newviewroofing.com/?utm_source=google&utm_medium=organic&utm_campaign=gmb,newviewroofing.com,+1 469-966-1196,"4722 Gaston Ave, Dallas, TX 75246, United States",,,,james@newviewroofing.com,unattributed,nick@newviewroofing.com,https://newviewroofing.com/about-us/meet-our-team/,80 Nick Catanese Senior Project Manager Nicholas @NewViewRoofing.com (469) 912-5756 James Cornhoff Senior Project Manager James@NewViewRoofing.com (469) 213-0249 Andy Hradisky Senior Project Manager A,found
New View Roofing,https://newviewroofing.com/?utm_source=google&utm_medium=organic&utm_campaign=gmb,newviewroofing.com,+1 469-966-1196,"4722 Gaston Ave, Dallas, TX 75246, United States",,,,andy@newviewroofing.com,unattributed,nick@newviewroofing.com,https://newviewroofing.com/about-us/meet-our-team/,469) 912-5756 James Cornhoff Senior Project Manager James@NewViewRoofing.com (469) 213-0249 Andy Hradisky Senior Project Manager Andy@NewViewRoofing.com (214) 304-9899 Joey Hong Senior Project Manager,found
New View Roofing,https://newviewroofing.com/?utm_source=google&utm_medium=organic&utm_campaign=gmb,newviewroofing.com,+1 469-966-1196,"4722 Gaston Ave, Dallas, TX 75246, United States",,,,joey@newviewroofing.com,unattributed,nick@newviewroofing.com,https://newviewroofing.com/about-us/meet-our-team/,9) 213-0249 Andy Hradisky Senior Project Manager Andy@NewViewRoofing.com (214) 304-9899 Joey Hong Senior Project Manager Joey@NewViewRoofing.com (469) 767-0133 Stan May Senior Project Manager Stan@New,found
New View Roofing,https://newviewroofing.com/?utm_source=google&utm_medium=organic&utm_campaign=gmb,newviewroofing.com,+1 469-966-1196,"4722 Gaston Ave, Dallas, TX 75246, United States",,,,stan@newviewroofing.com,unattributed,nick@newviewroofing.com,https://newviewroofing.com/about-us/meet-our-team/,om (214) 304-9899 Joey Hong Senior Project Manager Joey@NewViewRoofing.com (469) 767-0133 Stan May Senior Project Manager Stan@NewViewRoofing.com (214) 307-5870 Patrick Kenny Senior Project Manager pa,found
New View Roofing,https://newviewroofing.com/?utm_source=google&utm_medium=organic&utm_campaign=gmb,newviewroofing.com,+1 469-966-1196,"4722 Gaston Ave, Dallas, TX 75246, United States",,,,patkenny@newviewroofing.com,unattributed,nick@newviewroofing.com,https://newviewroofing.com/about-us/meet-our-team/,ng.com (469) 767-0133 Stan May Senior Project Manager Stan@NewViewRoofing.com (214) 307-5870 Patrick Kenny Senior Project Manager patkenny@newviewroofing.com (469) 799-8576 Scott Beres Project Manager,found
New View Roofing,https://newviewroofing.com/?utm_source=google&utm_medium=organic&utm_campaign=gmb,newviewroofing.com,+1 469-966-1196,"4722 Gaston Ave, Dallas, TX 75246, United States",,,,chris@newviewroofing.com,unattributed,nick@newviewroofing.com,https://newviewroofing.com/about-us/meet-our-team/,.com (972) 821-8539 Michael Hradisky Project Manager Michael @NewViewRoofing.com (469) 207-5331 Chris Bahmiller Project Manager Chris@NewViewRoofing.com (214) 310-8482 Tom Longville Project Manager To,found
New View Roofing,https://newviewroofing.com/?utm_source=google&utm_medium=organic&utm_campaign=gmb,newviewroofing.com,+1 469-966-1196,"4722 Gaston Ave, Dallas, TX 75246, United States",,,,tom@newviewroofing.com,unattributed,nick@newviewroofing.com,https://newviewroofing.com/about-us/meet-our-team/,m (469) 207-5331 Chris Bahmiller Project Manager Chris@NewViewRoofing.com (214) 310-8482 Tom Longville Project Manager Tom@NewViewRoofing.com (469) 777-8628 David Mendez Project Manager David@NewViewR,found
New View Roofing,https://newviewroofing.com/?utm_source=google&utm_medium=organic&utm_campaign=gmb,newviewroofing.com,+1 469-966-1196,"4722 Gaston Ave, Dallas, TX 75246, United States",,,,david@newviewroofing.com,unattributed,nick@newviewroofing.com,https://newviewroofing.com/about-us/meet-our-team/,ing.com (214) 310-8482 Tom Longville Project Manager Tom@NewViewRoofing.com (469) 777-8628 David Mendez Project Manager David@NewViewRoofing.com (469) 332-4509 Sam Nayyer Project Manager Sam@NewViewRo,found
New View Roofing,https://newviewroofing.com/?utm_source=google&utm_medium=organic&utm_campaign=gmb,newviewroofing.com,+1 469-966-1196,"4722 Gaston Ave, Dallas, TX 75246, United States",,,,sam@newviewroofing.com,unattributed,nick@newviewroofing.com,https://newviewroofing.com/about-us/meet-our-team/,NewViewRoofing.com (469) 777-8628 David Mendez Project Manager David@NewViewRoofing.com (469) 332-4509 Sam Nayyer Project Manager Sam@NewViewRoofing.com (224) 475-9352 Burton Hughes Project Manager Bu,found
New View Roofing,https://newviewroofing.com/?utm_source=google&utm_medium=organic&utm_campaign=gmb,newviewroofing.com,+1 469-966-1196,"4722 Gaston Ave, Dallas, TX 75246, United States",,,,burton@newviewroofing.com,unattributed,nick@newviewroofing.com,https://newviewroofing.com/about-us/meet-our-team/,wRoofing.com (469) 332-4509 Sam Nayyer Project Manager Sam@NewViewRoofing.com (224) 475-9352 Burton Hughes Project Manager Burton@NewViewRoofing.com (469) 222-4506 Gavin Whitely Project Manager Gavin@,found
New View Roofing,https://newviewroofing.com/?utm_source=google&utm_medium=organic&utm_campaign=gmb,newviewroofing.com,+1 469-966-1196,"4722 Gaston Ave, Dallas, TX 75246, United States",,,,gavin@newviewroofing.com,unattributed,nick@newviewroofing.com,https://newviewroofing.com/about-us/meet-our-team/,ng.com (224) 475-9352 Burton Hughes Project Manager Burton@NewViewRoofing.com (469) 222-4506 Gavin Whitely Project Manager Gavin@NewViewRoofing.com (469) 427-9934 David Kim Project Manager david.kim@N,found
New View Roofing,https://newviewroofing.com/?utm_source=google&utm_medium=organic&utm_campaign=gmb,newviewroofing.com,+1 469-966-1196,"4722 Gaston Ave, Dallas, TX 75246, United States",David Kim,,,david.kim@newviewroofing.com,personal mailbox,nick@newviewroofing.com,https://newviewroofing.com/about-us/meet-our-team/,NewViewRoofing.com (469) 222-4506 Gavin Whitely Project Manager Gavin@NewViewRoofing.com (469) 427-9934 David Kim Project Manager david.kim@NewViewRoofing.com (214) 436-3782 Philip Antinone Project Ma,found
New View Roofing,https://newviewroofing.com/?utm_source=google&utm_medium=organic&utm_campaign=gmb,newviewroofing.com,+1 469-966-1196,"4722 Gaston Ave, Dallas, TX 75246, United States",,,,phil@newviewroofing.com,unattributed,nick@newviewroofing.com,https://newviewroofing.com/about-us/meet-our-team/,com (469) 427-9934 David Kim Project Manager david.kim@NewViewRoofing.com (214) 436-3782 Philip Antinone Project Manager phil@NewViewRoofing.com (312) 617-2795 Vic Voinovich Project Manager Vic@NewVie,found
New View Roofing,https://newviewroofing.com/?utm_source=google&utm_medium=organic&utm_campaign=gmb,newviewroofing.com,+1 469-966-1196,"4722 Gaston Ave, Dallas, TX 75246, United States",,,,vic@newviewroofing.com,unattributed,nick@newviewroofing.com,https://newviewroofing.com/about-us/meet-our-team/,m (214) 436-3782 Philip Antinone Project Manager phil@NewViewRoofing.com (312) 617-2795 Vic Voinovich Project Manager Vic@NewViewRoofing.com Learn more about our team by contacting us to schedule a fr,found
NewSouth Window Solutions,https://newsouthwindow.com/location-austin-tx/,newsouthwindow.com,+1 737-334-2023,"12901 I-35 Bldg 6, Unit 600, Austin, TX 78753, United States",Strictly Necessary,COO,2,,,info@newsouthwindow.com,https://newsouthwindow.com/,"named on site as ""Cookies Powered by GDPR Coo""",found
NewSouth Window Solutions,https://newsouthwindow.com/location-austin-tx/,newsouthwindow.com,+1 737-334-2023,"12901 I-35 Bldg 6, Unit 600, Austin, TX 78753, United States",,,,info@newsouthwindow.com,generic mailbox,info@newsouthwindow.com,https://newsouthwindow.com/,,found
NexGen Contracting,https://www.nexgencontracting.com/,nexgencontracting.com,+1 815-756-0557,"6260 E Riverside Blvd Ste 225, Loves Park, IL 61111, United States",,,,mannytriplecrown@gmail.com,unattributed,mannytriplecrown@gmail.com,https://www.nexgencontracting.com/,Roofing Siding Windows Storm Damage Contact Blog FAQ Get in touch (815) 756-0557 mannytriplecrown@gmail.com Roofing Siding Windows Storm Damage Contact Blog,found
Next Level Services,https://www.nextlevelservicesatx.com/,nextlevelservicesatx.com,+1 512-975-1616,,,,,,,,,,no email published
No Salesperson Remodeling,https://www.nosalespersonremodeling.com/,nosalespersonremodeling.com,+1 512-844-5858,"9711 Gray Blvd, Austin, TX 78758, United States",,,,,,,,,no email published
Noble Windows and Doors,https://noblewindowsanddoors.com/window-installation-phoenix-arizona/,noblewindowsanddoors.com,+1 623-810-3460,"4001 E Broadway Rd Unit B-11, Phoenix, AZ 85040, United States",,,,mgr@noblewandd.com,unattributed,mgr@noblewandd.com,https://noblewindowsanddoors.com/,"mgr@noblewandd.com (623) 810-3460 mgr@noblewandd.com Request a free estimate ley, Mesa, Chandler and the surrounding Valley. Visit 4001 E Broadway Rd, Suite B-11 Phoenix, AZ 85040 Open Mon to Sun, 6:0",found
Noble Windows and Doors,https://noblewindowsanddoors.com/window-installation-phoenix-arizona/,noblewindowsanddoors.com,+1 623-810-3460,"4001 E Broadway Rd Unit B-11, Phoenix, AZ 85040, United States",,,,info@noblewandd.com,generic mailbox,mgr@noblewandd.com,https://noblewindowsanddoors.com/,info@noblewandd.com E: info@noblewandd.com 1 (CR-11 Electrical). Contact FAQs Industry News Page load link Home Doors Windows Modifications Custom Design Moulding Hardware Contact Us P : (623) 810-346,found
Noble Windows and Doors,https://noblewindowsanddoors.com/window-installation-phoenix-arizona/,noblewindowsanddoors.com,+1 623-810-3460,"4001 E Broadway Rd Unit B-11, Phoenix, AZ 85040, United States",,,,#,unattributed,mgr@noblewandd.com,https://noblewindowsanddoors.com/contact-us/,,found
North Star Glass LLC,https://www.northstarglasstexas.com/,northstarglasstexas.com,+1 972-639-7196,,,,,info@ndiscovered.com,generic mailbox,info@ndiscovered.com,https://northstarglasstexas.com/,,found
Nova View Installations LLC,https://www.windowinstallationdallastx.com/,windowinstallationdallastx.com,+1 214-506-8288,,,,,windowinstallsdfw@gmail.com,unattributed,windowinstallsdfw@gmail.com,https://windowinstallationdallastx.com/,"Windowinstallsdfw@gmail.com Windowinstallsdfw@gmail.com ery / Portfolio Find 913 Rutherford Dr Mesquite, TX 75149 Contact ‪(214) 506-8288‬ Mon - Sun: 8AM - 8PM Windowinstallsdfw@gmail.com © All Copyri",found
Nova Window Replacement,http://replacementwindowsalgonquin.com/,replacementwindowsalgonquin.com,+1 224-689-8046,"1435 Geringer Rd, Algonquin, IL 60102, United States",,,,,,,,,no email published
NT Window Inc.,http://www.ntwindow.com/,ntwindow.com,+1 800-969-8830,"2900 W Seminary Dr, Fort Worth, TX 76133, United States",,,,careers@ntwindow.com,unattributed,careers@ntwindow.com,https://ntwindow.com/our-company/careers/,Careers@ntwindow.com All of us here at NT Window believe that it is our duty as citizens of this great country to support the growth of domestic products and their respective manufacturers. If you wou,found
Oak Cliff Mirror & Glass Company,http://glassnajiffy.com/,glassnajiffy.com,+1 214-747-4875,"2202 N Beckley Ave, Dallas, TX 75208, United States",,,,,,,,,no email published
Ocean Glass DFW,https://www.oceanglassdfw.com/,oceanglassdfw.com,+1 972-854-3425,,,,,,,,,,no email published
Old Soul Windows & Doors,https://oldsoultx.com/,oldsoultx.com,+1 512-788-5093,"2303 Ranch Rd 620 S, Lakeway, TX 78734, United States",,,,,,,,,no email published
OMEGA GARAGE DOOR INC,https://www.omegadoorsandwindows.com/,omegadoorsandwindows.com,+1 954-416-3020,"4972 SW 35th Terrace, Fort Lauderdale, FL 33312, United States",,,,info@omegadoorsandwindows.com,generic mailbox,info@omegadoorsandwindows.com,https://www.omegadoorsandwindows.com/,"info@omegadoorsandwindows.com info@omegadoorsandwindows.com info@omegadoorsandwindows.com +1- 866-777-4770 info@omegadoorsandwindows.com 4972 SW 35th Terrace , Fort Lauderdale , FL 33312 each, Boca Ra",found
Omega Glass & Mirror Co,http://omegaglassdallas.com/,omegaglassdallas.com,+1 214-821-8283,"6212 Mercedes Ave, Dallas, TX 75214, United States",,,,,,,,,no email published
Omniview Window and Door Dallas,http://omniview.us/,omniview.us,+1 972-701-0844,"13615 Inwood Rd #120, Farmers Branch, TX 75244, United States",,,,,,,,,no email published
Optimal Windows,https://www.optimalwindows.com/?utm_source=google_business_profile&utm_medium=organic,optimalwindows.com,+1 972-768-1999,"5760 Legacy Dr b3366, Plano, TX 75024, United States",Matt Boud,Owner,1,,,info@optimalwindows.com,https://www.optimalwindows.com/about-us/,"named on site as ""Owner What Optimal Windows St""",found
Optimal Windows,https://www.optimalwindows.com/?utm_source=google_business_profile&utm_medium=organic,optimalwindows.com,+1 972-768-1999,"5760 Legacy Dr b3366, Plano, TX 75024, United States",,,,info@optimalwindows.com,generic mailbox,info@optimalwindows.com,https://www.optimalwindows.com/,"info@optimalwindows.com info@optimalwindows.com Plano Frisco McKinney Allen Carrollton Richardson North Dallas (972) 768-1999 info@optimalwindows.com 5760 Legacy Dr b3366, Plano TX 75024 Facebook Twit",found
Orbit Roofing,https://www.orbitroofs.com/,orbitroofs.com,+1 512-957-0155,,,,,office@orbitroofs.com,generic mailbox,office@orbitroofs.com,https://orbitroofs.com/,"ebook Instagram Linkedin X-twitter Pinterest Threads (512) 957-0155 office@orbitroofs.com PO Box 164301, Austin, TX 78716 Get a Free Consultation © 2026 Orbit Roofing All Rights Reserved. Privacy Poli",found
Panoramic Doors - Austin,https://panoramicdoors.com/showrooms/austin-tx/,panoramicdoors.com,+1 210-239-7576,"3913 Todd Ln Ste 303, Austin, TX 78744, United States",,,,,,,,,no email published
Paradigm Glass,http://paradigmglass.com/,paradigmglass.com,+1 512-743-0207,"9603 Saunders Ln b2, Austin, TX 78758, United States",Kory Harris,Owner,1,,,,https://paradigmglass.com/about-us/,"named on site as ""owner of Paradigm Glass""",found
Pasadena Building Solutions LLC,https://www.pasabuilds.com/,pasabuilds.com,+1 469-620-0921,,,,,,,,,,no email published
Pasadena Views Co.,https://www.pasadenaviews.co/,pasadenaviews.co,+1 469-630-2049,,,,,,,,,,no email published
Peak Roofing and Construction,https://www.peakroofingconstruction.com/,peakroofingconstruction.com,+1 512-415-6888,"14205 N Mopac Expy 5th Floor, Austin, TX 78728, United States",Jeff Riss,President,1,jeff@peakroofingsystems.com,personal mailbox,jeff@peakroofingsystems.com,https://www.peakroofingconstruction.com/about-us/peak-roofing-leadership-team/,"named on site as ""President With""",found
Peak Roofing and Construction,https://www.peakroofingconstruction.com/,peakroofingconstruction.com,+1 512-415-6888,"14205 N Mopac Expy 5th Floor, Austin, TX 78728, United States",Joey Riss,President,1,,,jeff@peakroofingsystems.com,https://www.peakroofingconstruction.com/about-us/peak-roofing-leadership-team/,"named on site as ""Vice President When Jeff and Joey met""",found
Peak Roofing and Construction,https://www.peakroofingconstruction.com/,peakroofingconstruction.com,+1 512-415-6888,"14205 N Mopac Expy 5th Floor, Austin, TX 78728, United States",Jimmy Smith,Sales Director,2,,,jeff@peakroofingsystems.com,https://www.peakroofingconstruction.com/about-us/peak-roofing-leadership-team/,"named on site as ""Director of Sales With""",found
Peak Roofing and Construction,https://www.peakroofingconstruction.com/,peakroofingconstruction.com,+1 512-415-6888,"14205 N Mopac Expy 5th Floor, Austin, TX 78728, United States",Jared Bernstein,Sales Director,2,,,jeff@peakroofingsystems.com,https://www.peakroofingconstruction.com/about-us/peak-roofing-leadership-team/,"named on site as ""Director of Sales As a former business ow""",found
Peak Roofing and Construction,https://www.peakroofingconstruction.com/,peakroofingconstruction.com,+1 512-415-6888,"14205 N Mopac Expy 5th Floor, Austin, TX 78728, United States",,,,jeff@peakroofingsystems.com,unattributed,jeff@peakroofingsystems.com,https://www.peakroofingconstruction.com/,,found
Pella Window and Door Office/Warehouse of Rockford,https://www.pella.com/locations/chicago/?utm_source=organic&utm_medium=web&utm_campaign=gbp,pella.com,,"4301 11th St, Rockford, IL 61109, United States",Commercial Building,Owner,1,,,,https://www.pella.com/,"named on site as ""Owner Submit Pella Windows Pa""",found
Pella Window and Door Office/Warehouse of Rockford,https://www.pella.com/locations/chicago/?utm_source=organic&utm_medium=web&utm_campaign=gbp,pella.com,,"4301 11th St, Rockford, IL 61109, United States",Online Order,Owner,1,,,,https://www.pella.com/,"named on site as ""Owner""",found
Pella Window and Door Office/Warehouse of Rockford,https://www.pella.com/locations/chicago/?utm_source=organic&utm_medium=web&utm_campaign=gbp,pella.com,,"4301 11th St, Rockford, IL 61109, United States",Owner's Manuals,Owner,1,,,,https://www.pella.com/support/owners-manuals/,"named on site as ""Owner""",found
Pella Windows and Doors of Dallas,https://pellaofnorthtexas.com/Dallas,pellaofnorthtexas.com,+1 214-295-7989,"135 Payne St, Dallas, TX 75207, United States",Jamie Ogle,CEO,1,,,,https://www.pellaofdfw.com/pella-difference/,"named on site as ""Principal and CEO Trey Raney Pres""",found
Pella Windows and Doors of Dallas,https://pellaofnorthtexas.com/Dallas,pellaofnorthtexas.com,+1 214-295-7989,"135 Payne St, Dallas, TX 75207, United States",Jared Canter,President,1,,,,https://www.pellaofdfw.com/pella-difference/,"named on site as ""Vice President of Sales Tim Gilchrist""",found
Performance Windows Austin,https://www.goperformancewindows.com/,goperformancewindows.com,+1 737-231-0710,"1405 Arrow Point Dr Bldg 11 Ste 1108, Cedar Park, TX 78613, United States",,,,sales@goperformancewindows.com,generic mailbox,sales@goperformancewindows.com,https://goperformancewindows.com/,sales@goperformancewindows.com sales@goperformancewindows.com reakage! Ready for a Total Window Makeover? Let’s talk through your project. We would be happy to help! sales@goperformancewindows.com (85,found
Performance Windows Austin,https://www.goperformancewindows.com/,goperformancewindows.com,+1 737-231-0710,"1405 Arrow Point Dr Bldg 11 Ste 1108, Cedar Park, TX 78613, United States",,,,support@penandmug.com,generic mailbox,sales@goperformancewindows.com,https://goperformancewindows.com/,,found
PERTEX Roofing & Construction,https://pertexroofing.com/?utm_source=omg-gbp&utm_medium=webclick,pertexroofing.com,+1 214-734-6270,"12225 Greenville Ave Ste 732, Dallas, TX 75243, United States",,,,,,,,,no email published
Phoenix Window & Door Llc,http://www.phoenixwindowdoor.com/,phoenixwindowdoor.com,+1 602-633-1279,"4022 S 20th St, Phoenix, AZ 85040, United States",Brianna Pone,President,1,brianna@phoenixwindowdoor.com,personal mailbox,brianna@phoenixwindowdoor.com,https://www.phoenixwindowdoor.com/about-us,"named on site as ""Vice President""",found
Phoenix Window & Door Llc,http://www.phoenixwindowdoor.com/,phoenixwindowdoor.com,+1 602-633-1279,"4022 S 20th St, Phoenix, AZ 85040, United States",Stacey King,President,1,,,brianna@phoenixwindowdoor.com,https://www.phoenixwindowdoor.com/about-us,"named on site as ""Vice President of Operations""",found
Phoenix Window & Door Llc,http://www.phoenixwindowdoor.com/,phoenixwindowdoor.com,+1 602-633-1279,"4022 S 20th St, Phoenix, AZ 85040, United States",Shawna Berhow,President,1,,,brianna@phoenixwindowdoor.com,https://www.phoenixwindowdoor.com/about-us,"named on site as ""Vice President of Sales CONTACT US Con""",found
Phoenix Window & Door Llc,http://www.phoenixwindowdoor.com/,phoenixwindowdoor.com,+1 602-633-1279,"4022 S 20th St, Phoenix, AZ 85040, United States",,,,brianna@phoenixwindowdoor.com,unattributed,brianna@phoenixwindowdoor.com,https://www.phoenixwindowdoor.com/,,found
Picasso Design and Remodeling,https://picassodesignremodel.com/,picassodesignremodel.com,+1 737-256-8038,,Leo Matteo,Founder,1,,,picasso.designremodel@gmail.com,https://picassodesignremodel.com/our-story/,"named on site as ""founder""",found
Picasso Design and Remodeling,https://picassodesignremodel.com/,picassodesignremodel.com,+1 737-256-8038,,Picasso Designremodel,,,picasso.designremodel@gmail.com,personal mailbox,picasso.designremodel@gmail.com,https://picassodesignremodel.com/,"picasso.designremodel@gmail.com Email: picasso.designremodel@gmail.com od, TX We will make your vision a reality with the help of our design team to create and present a project involving you every st",found
Planet Glass & Mirror LLC,https://planetglasstx.com/,planetglasstx.com,+1 972-415-1222,,Hugo Gallery,CEO,1,,,,https://planetglasstx.com/,"named on site as ""CEO""",found
Plano Home Window Replacement,https://planohomewindowreplacement.com/,planohomewindowreplacement.com,+1 469-551-4499,,,,,info@planohomewindowreplacement.com,generic mailbox,info@planohomewindowreplacement.com,https://planohomewindowreplacement.com/,,found
Ply Gem - Cornerstone Building Brands,http://www.plygem.com/,plygem.com,+1 888-975-9436,"9001 Ambassador Row, Dallas, TX 75247, United States",Deb Lechner,President,1,,,support@plygeminfo.com,https://www.plygem.com/siding/,"named on site as ""vice president of marketing for Ply Ge""",found
Ply Gem - Cornerstone Building Brands,http://www.plygem.com/,plygem.com,+1 888-975-9436,"9001 Ambassador Row, Dallas, TX 75247, United States",Training Videos,Partner,3,,,support@plygeminfo.com,https://www.plygem.com/,"named on site as ""Partner Resources Windows""",found
Ply Gem - Cornerstone Building Brands,http://www.plygem.com/,plygem.com,+1 888-975-9436,"9001 Ambassador Row, Dallas, TX 75247, United States",Maintanence Warranty,Partner,3,,,support@plygeminfo.com,https://www.plygem.com/,"named on site as ""Partner Resources Related Produ""",found
Ply Gem - Cornerstone Building Brands,http://www.plygem.com/,plygem.com,+1 888-975-9436,"9001 Ambassador Row, Dallas, TX 75247, United States",,,,support@plygeminfo.com,generic mailbox,support@plygeminfo.com,https://www.plygem.com/,,found
POLAR CLEAR GLASS REPAIR,http://polarclearwindows.com/,polarclearwindows.com,+1 972-765-5762,,,CEO,1,edgar@norma.io,unattributed,edgar@norma.io,https://www.polarclearwindows.com/,plained patiently the how’s and why’s of what he was doing . I will call them back for other projects in a heartbeat. lucius florez Sep 27 2020 03. Team Edgar Jhoe ceo of norma p: +1 111 000 111 e: ed,found
POLAR CLEAR GLASS REPAIR,http://polarclearwindows.com/,polarclearwindows.com,+1 972-765-5762,,,CEO,1,shalvia@norma.io,unattributed,edgar@norma.io,https://www.polarclearwindows.com/,them back for other projects in a heartbeat. lucius florez Sep 27 2020 03. Team Edgar Jhoe ceo of norma p: +1 111 000 111 e: edgar@norma.io Shalva Doe Chief Financial Officer p: +1 111 000 111 e: shal,found
POLAR CLEAR GLASS REPAIR,http://polarclearwindows.com/,polarclearwindows.com,+1 972-765-5762,,,CEO,1,tina@norma.io,unattributed,edgar@norma.io,https://www.polarclearwindows.com/,2020 03. Team Edgar Jhoe ceo of norma p: +1 111 000 111 e: edgar@norma.io Shalva Doe Chief Financial Officer p: +1 111 000 111 e: shalvia@norma.io Tina Bek Senior Engineer p: +1 111 000 111 e: tina@no,found
POLAR CLEAR GLASS REPAIR,http://polarclearwindows.com/,polarclearwindows.com,+1 972-765-5762,,Edgar Jhoe,CEO,1,edgar@norma.io,personal mailbox,edgar@norma.io,https://www.polarclearwindows.com/,"named on site as ""ceo of norma p""",found
POLAR CLEAR GLASS REPAIR,http://polarclearwindows.com/,polarclearwindows.com,+1 972-765-5762,,,CFO,2,shaw@norma.io,unattributed,edgar@norma.io,https://www.polarclearwindows.com/,e: edgar@norma.io Shalva Doe Chief Financial Officer p: +1 111 000 111 e: shalvia@norma.io Tina Bek Senior Engineer p: +1 111 000 111 e: tina@norma.io Shaw lat HR Manager p: +1 111 000 111 e: shaw@nor,found
POLAR CLEAR GLASS REPAIR,http://polarclearwindows.com/,polarclearwindows.com,+1 972-765-5762,,,,,moisespolarclear@gmail.com,unattributed,edgar@norma.io,https://www.polarclearwindows.com/,ital lending this year 10 Jul 2019 Seven weeks working ‘pro bono’ with a charity 18 Jul 2019 Strategic and commercial approach with issues Office In Dallas-Forth Worth phone number 972.765.5762 Email ,found
POLAR CLEAR GLASS REPAIR,http://polarclearwindows.com/,polarclearwindows.com,+1 972-765-5762,,,,,polarclearhouston@gmail.com,unattributed,edgar@norma.io,https://www.polarclearwindows.com/,019 Strategic and commercial approach with issues Office In Dallas-Forth Worth phone number 972.765.5762 Email moisespolarclear@gmail.com view on map Office In Houston phone number 832.517.6359 Email ,found
POLAR CLEAR GLASS REPAIR,http://polarclearwindows.com/,polarclearwindows.com,+1 972-765-5762,,,,,polarcleardenver@gmail.com,unattributed,edgar@norma.io,https://www.polarclearwindows.com/,972.765.5762 Email moisespolarclear@gmail.com view on map Office In Houston phone number 832.517.6359 Email polarclearhouston@gmail.com view on map Office In Colorado phone number 972.765.5762 Email p,found
Portal Pros - Austin Dog Door Installation,https://portalprosaustin.com/,portalprosaustin.com,+1 512-270-1104,,,,,austin@theportalpros.com,unattributed,austin@theportalpros.com,https://portalprosaustin.com/,,found
Portal Pros - Dallas Dog Door Installation,https://portalprosdallas.com/,portalprosdallas.com,+1 214-307-2503,,,,,dallas@theportalpros.com,unattributed,dallas@theportalpros.com,https://portalprosdallas.com/,,found
Portal Pros - Phoenix Dog Door Installation,https://portalprosphoenix.com/,portalprosphoenix.com,+1 602-345-0669,,,,,phoenix@theportalpros.com,unattributed,phoenix@theportalpros.com,https://portalprosphoenix.com/,,found
Portal Pros - Phoenix Dog Door Installation,https://portalprosphoenix.com/,portalprosphoenix.com,+1 602-345-0669,,,,,info@portalprosphoenix.com,generic mailbox,phoenix@theportalpros.com,https://portalprosphoenix.com/,,found
Portella Steel Doors & Windows - Austin,https://portella.com/,portella.com,+1 512-263-8851,"4111 Todd Ln Ste 1000, Austin, TX 78744, United States",,,,sales@portella.com,generic mailbox,sales@portella.com,https://portella.com/contact/,"sales@portella.com sales@portella.com ing a dealer CAPTCHA Austin Area Showroom: Headquarters  Address: 4111 Todd Lane, Suite 1000 Austin, TX 78744  Email sales@portella.com  Phone: +15122638851  ",found
PORTEUSA,http://porteusa.com/,porteusa.com,+1 512-696-6212,"1300 W Anderson Ln., Austin, TX 78757, United States",,,,info@porteusa.com,generic mailbox,anapbm@gmail.com,https://porteusa.com/,"info@porteusa.com info@porteusa.com info@porteusa.com info@porteusa.com lus, you can keep up-to-date with all of our new products and services. Join us today! Email Sign up Contact us HEADQUARTERS HEA",found
PORTEUSA,http://porteusa.com/,porteusa.com,+1 512-696-6212,"1300 W Anderson Ln., Austin, TX 78757, United States",,,,team@latofonts.com,generic mailbox,anapbm@gmail.com,https://porteusa.com/,,found
PORTEUSA,http://porteusa.com/,porteusa.com,+1 512-696-6212,"1300 W Anderson Ln., Austin, TX 78757, United States",,,,anapbm@gmail.com,unattributed,anapbm@gmail.com,https://porteusa.com/,,found
PORTEUSA,http://porteusa.com/,porteusa.com,+1 512-696-6212,"1300 W Anderson Ln., Austin, TX 78757, United States",,,,info@premierwindowsatx.com,generic mailbox,anapbm@gmail.com,https://porteusa.com/contact,"info@PremierWindowsATX.com info@PremierWindowsATX.com ERS HEADQUARTERS 152 Nsolms Rd New Braunfels, TX 78132. info@porteusa.com (512) 696-6212 AUSTIN, TX HEADQUARTERS HEADQUARTERS Premier Windows & Do",found
PORTEUSA,http://porteusa.com/,porteusa.com,+1 512-696-6212,"1300 W Anderson Ln., Austin, TX 78757, United States",,,,sales@porteusa.com,generic mailbox,anapbm@gmail.com,https://porteusa.com/contact,"sales@porteusa.com sales@porteusa.com sales@porteusa.com sales@porteusa.com sales@porteusa.com sales@porteusa.com 696-6212 AUSTIN, TX HEADQUARTERS HEADQUARTERS Premier Windows & Doors 5200 Electric Av",found
PORTEUSA,http://porteusa.com/,porteusa.com,+1 512-696-6212,"1300 W Anderson Ln., Austin, TX 78757, United States",,,,accounting@porteusa.com,unattributed,anapbm@gmail.com,https://porteusa.com/contact,"accounting@porteusa.com accounting@porteusa.com 3-4102 HOUSTON, TX HEADQUARTERS HOUSTON, TX sales@porteusa.com DALLAS , TX DALLAS , TX HOUSTON, TX sales@porteusa.com SALES DALLAS , TX ACCOUNTING sales",found
Power Home Remodeling,https://powerhrg.com/,powerhrg.com,+1 512-961-4491,"7701 Metropolis Dr Bldg 12 suite 300, Austin, TX 78744, United States",,,,,,,,,no email published
Precise Acquisition,https://www.preciseremodelingatx.com/,preciseremodelingatx.com,+1 512-788-7693,,,,,,,,,,no email published
Premium Siding and Painting,https://pspcompany.com/,pspcompany.com,+1 512-997-9613,"13806 Ann Pl Bldg 2, Austin, TX 78728, United States",,,,info@pspcompany.com,generic mailbox,gabriel@pspcompany.com,https://pspcompany.com/,"info@pspcompany.com info@pspcompany.com Welcome to Premium Siding & Painting Co. , a proud family-owned business nestled in the heart of Austin Texas. Where to Find Us 13806 Ann Pl Bldg 2, Austin, TX ",found
Premium Siding and Painting,https://pspcompany.com/,pspcompany.com,+1 512-997-9613,"13806 Ann Pl Bldg 2, Austin, TX 78728, United States",,,,gabriel@pspcompany.com,unattributed,gabriel@pspcompany.com,https://pspcompany.com/team/gabriel/,"Gabriel Premium Siding & Painting Company - Team Member - Senior Engineer - Gabriel Gabriel Consultant gabriel@pspcompany.com (512) 997-9613 Welcome! I'm Gabriel Perez, your go-to consultant for sidin",found
Preservan Dallas,https://preservan.com/locations/dallas/?utm_source=GMBlisting&utm_medium=organic,preservan.com,+1 469-415-1631,,,,,portland@preservan.com,unattributed,portland@preservan.com,https://preservan.com/,,found
Preservan Dallas,https://preservan.com/locations/dallas/?utm_source=GMBlisting&utm_medium=organic,preservan.com,+1 469-415-1631,,,,,info@preservan.com,generic mailbox,portland@preservan.com,https://preservan.com/,,found
Preservan Dallas,https://preservan.com/locations/dallas/?utm_source=GMBlisting&utm_medium=organic,preservan.com,+1 469-415-1631,,,,,info@preservan.com.com,generic mailbox,portland@preservan.com,https://preservan.com/contact/,Contact Us Contact Us,found
Presidio,http://presidiodoors.com/,presidiodoors.com,+1 512-524-6060,"8651 Old Bee Caves Rd, Austin, TX 78735, United States",,,,info@presidiodoors.com,generic mailbox,info@presidiodoors.com,https://presidiodoors.com/,info@PresidioDoors.com 512-524-6060 info@PresidioDoors.com Presidio Custom Steel Doors & Windows 512-524-6060 info@PresidioDoors.com Request a Quote! Home Contemporary Designs Ornate Designs Door & Wi,found
Prestige Steel Doors and Windows,http://www.prestigedoorsandwindows.com/,prestigedoorsandwindows.com,+1 512-666-9676,"4125 Todd Ln A, Austin, TX 78744, United States",,,,,,,,,no email published
Prime Window Solutions,https://primeshuttersllc.com/,primeshuttersllc.com,+1 469-457-4049,"3400 Silverstone Dr Ste 174, Plano, TX 75023, United States",,,,,,,,,no email published
Pro Lux Construction,https://proluxcon.com/,proluxcon.com,+1 954-231-2329,"1560 Sawgrass Corporate Pkwy Ste 400, Sunrise, FL 33323, United States",,,,marketing@proluxcon.com,unattributed,marketing@proluxcon.com,https://proluxcon.com/contact-us/,marketing@proluxcon.com marketing@proluxcon.com Contact Information Get in Touch! We will get back to you as soon as possible. Email marketing@proluxcon.com Call Us +1 786-983-6223 Location 1560 Sawgr,found
Pro Window Replacement,https://statewidewindowhomeimprovco.com/,statewidewindowhomeimprovco.com,+1 754-342-7631,,,,,,,,,,no email published
Pro-Install,https://www.proinstall.pro/,proinstall.pro,+1 754-207-4133,"1150 NW 54th St, Fort Lauderdale, FL 33309, United States",,,,,,,,,no email published
Propertifix Handyman & Renovation Services,https://propertifix.com/,propertifix.com,+1 214-210-1111,,,,,service@propertifix.com,generic mailbox,service@propertifix.com,https://propertifix.com/,,found
Protech Sliding Door Repair,https://www.protechslidingdoors.com/?utm_campaign=gmb,protechslidingdoors.com,+1 954-595-4460,"5369 SW 32nd Ave, Fort Lauderdale, FL 33312, United States",,,,,,,,,no email published
ProTex Remodeling Windows - Doors - Siding,https://www.protexremodeling.com/,protexremodeling.com,+1 817-422-0552,"5001 FM1187 Ste 150, Burleson, TX 76028, United States",Hi Laura,Owner,1,,,,https://protexremodeling.com/,"named on site as ""owner""",found
Quality 1 Energy Systems Heating & Air Conditioning,https://www.q1es.com/,q1es.com,+1 214-856-6489,"10870 Plano Rd C, Dallas, TX 75238, United States",,,,,,,,,no email published
Quality Exteriors,https://www.qualityexteriorsatx.com/,qualityexteriorsatx.com,+1 737-308-2035,"2021 Guadalupe St Ste 260, Austin, TX 78705, United States",Josh Black,Owner,1,,,contact@qualityexteriorsatx.com,https://www.qualityexteriorsatx.com/team,"named on site as ""Owner Peter Reed Jago Project""",found
Quality Exteriors,https://www.qualityexteriorsatx.com/,qualityexteriorsatx.com,+1 737-308-2035,"2021 Guadalupe St Ste 260, Austin, TX 78705, United States",,Partner,3,contact@qualityexteriorsatx.com,generic mailbox,contact@qualityexteriorsatx.com,https://www.qualityexteriorsatx.com/contact,contact@qualityexteriorsatx.com contact@qualityexteriorsatx.com contact@qualityexteriorsatx.com contact@qualityexteriorsatx.com contact@qualityexteriorsatx.com contact@qualityexteriorsatx.com Portland,found
Quality Exteriors,https://www.qualityexteriorsatx.com/,qualityexteriorsatx.com,+1 737-308-2035,"2021 Guadalupe St Ste 260, Austin, TX 78705, United States",,,,support@helio.com,generic mailbox,contact@qualityexteriorsatx.com,https://www.qualityexteriorsatx.com/,,found
Quality Screen Co.,https://www.qualitywindowscreen.com/,qualitywindowscreen.com,+1 469-342-1365,"9259 King Arthur Dr, Dallas, TX 75247, United States",,,,,,,,,no email published
R S Remodeling Austin,http://rsremodelingaustin.com/,rsremodelingaustin.com,+1 512-584-3274,,,,,segura1024@yahoo.com,unattributed,segura1024@yahoo.com,https://www.rsremodelingaustin.com/contact,segura1024@yahoo.com Rafael Segura E-mail: segura1024@yahoo.com Tel: 512-584-3274 re Use tab to navigate through the menu items. Like us on Facebook. Get in touch Fill out your information below to ha,found
Radiant Windows & Glass,https://www.radiantwindowsglass.com/?utm_source=gmb&utm_medium=organic&utm_campaign=Maps,radiantwindowsglass.com,+1 469-727-9745,"5730 Martel Ave #118, Dallas, TX 75206, United States",,,,sales@radiantwindowsglass.com,generic mailbox,jingle@status26.com,https://www.radiantwindowsglass.com/,"sales@radiantwindowsglass.com sales@radiantwindowsglass.com tact Us Or Give Us a Call At (817) 565-3652 Physical Address 500 N Kimball Ave # 106, Southlake, TX 76092 (817) 565-3652 5730 Martel Ave #11",found
Radiant Windows & Glass,https://www.radiantwindowsglass.com/?utm_source=gmb&utm_medium=organic&utm_campaign=Maps,radiantwindowsglass.com,+1 469-727-9745,"5730 Martel Ave #118, Dallas, TX 75206, United States",,,,jingle@status26.com,unattributed,jingle@status26.com,https://www.radiantwindowsglass.com/,,found
Radio Window Co.,https://radiowindow.com/,radiowindow.com,+1 888-265-8205,"7210 E State St Ste 102, Rockford, IL 61108, United States",,,,info@radiowindow.com,generic mailbox,info@radiowindow.com,https://radiowindow.com/,info@radiowindow.com DFW / North Texas IL / WI Stateline Springfield / MO Ozarks IN DEVELOPMENT Missouri · Kansas · Colorado (888) 265-8205 info@radiowindow.com ntification Resources FAQ Knowledge Cen,found
RAM Windows & Doors,https://ramwindows.com/,ramwindows.com,+1 469-520-7866,"134 Oak Lawn Ave, Dallas, TX 75207, United States",,,,,,,,,no email published
Ramos Windows,http://ramoswindows.com/,ramoswindows.com,+1 469-235-4392,"1807 Joan Dr, Dallas, TX 75217, United States",,,,,,,,,no email published
Randy Palmeri & Son Inc,https://www.randypalmeriandson.com/?utm_source=GMB_Listing&utm_medium=Organic&utm_campaign=Website_Button,randypalmeriandson.com,+1 833-725-6374,"1560 S Alpine Rd, Rockford, IL 61108, United States",,,,office@randypalmeriandson.com,generic mailbox,office@randypalmeriandson.com,https://www.randypalmeriandson.com/,office@randypalmeriandson.com office@randypalmeriandson.com ne right! TV Commercials Play Video Play Video Play Video Play Video Play Video Play Video Play Video Play Video Play Video Play Video Home:,found
Ranger Glass and Mirror,http://www.rangerglassandmirror.shop/,rangerglassandmirror.shop,+1 903-423-0536,,,,,,,,,,no email published
Ranger Window and Door Co.,https://www.rangerwd.com/,rangerwd.com,+1 512-574-0014,"14155 W U.S. 290 Ste 340, Austin, TX 78737, United States",Briana Anderson,CEO,1,,,info@rangerwd.com,https://www.rangerwd.com/about,"named on site as ""Chief Executive Officer Eddie de la Tej""",found
Ranger Window and Door Co.,https://www.rangerwd.com/,rangerwd.com,+1 512-574-0014,"14155 W U.S. 290 Ste 340, Austin, TX 78737, United States",,,,info@rangerwd.com,generic mailbox,info@rangerwd.com,https://www.rangerwd.com/,Book Your Expert Consultation Get personalized advice from our team. Book Expert Consultation Ranger Window & Door Co. info@rangerwd.com (512) 574-0014,found
Razor Mirror and Glass,https://www.razormirrorandglass.com/,razormirrorandglass.com,+1 469-258-0821,,,,,gmr@razormirrorandglass.com,unattributed,gmr@razormirrorandglass.com,https://www.razormirrorandglass.com/,FREE QUOTE FREE QUOTE FREE QUOTE FREE QUOTE FREE QUOTE FREE QUOTE,found
Razor Mirror and Glass,https://www.razormirrorandglass.com/,razormirrorandglass.com,+1 469-258-0821,,,,,erick@razormirrorandglass.com,unattributed,gmr@razormirrorandglass.com,https://www.razormirrorandglass.com/,OR EMAIL OUR TEAM OR EMAIL OUR TEAM,found
RCE Construction & Remodeling,https://www.rceconstructionandremodeling.com/,rceconstructionandremodeling.com,+1 512-508-8476,"2823 E Martin Luther King Jr Blvd, Austin, TX 78702, United States",,,,info@rceconstructionandremodeling.com,generic mailbox,info@rceconstructionandremodeling.com,https://www.rceconstructionandremodeling.com/,"n touch today! First Name Last Name Email Phone Schedule a Free Consultation Thank you for reaching out! Contact Us Contact Address 2823 E Martin Luther King Jr Blvd, Austin, TX 78702 (512) 508-8476 i",found
Reece Windows & Doors,https://reecewindows.com/fort-lauderdale/,reecewindows.com,+1 866-717-8582,"3590 NW 54th St, Fort Lauderdale, FL 33309, United States",,,,,,,,,no email published
Reformed Roofing & Contracting,http://www.reformed-roofing.com/,reformed-roofing.com,+1 972-946-1775,"5639 Dyer St Ste 200, Dallas, TX 75206, United States",,,,,,,,,no email published
Regency Steel Doors and Windows,https://doorsbyregency.com/,doorsbyregency.com,+1 512-964-6879,"6405 Aden Ln, Austin, TX 78739, United States",Long Quintero,Owner,1,,,sales@doorsbyregency.com,https://doorsbyregency.com/our-story,"named on site as ""Owner With over""",found
Regency Steel Doors and Windows,https://doorsbyregency.com/,doorsbyregency.com,+1 512-964-6879,"6405 Aden Ln, Austin, TX 78739, United States",Long Quintero-,President,1,,,sales@doorsbyregency.com,https://doorsbyregency.com/our-story,"named on site as ""President David grew up in the cu""",found
Regency Steel Doors and Windows,https://doorsbyregency.com/,doorsbyregency.com,+1 512-964-6879,"6405 Aden Ln, Austin, TX 78739, United States",,,,sales@doorsbyregency.com,generic mailbox,sales@doorsbyregency.com,https://doorsbyregency.com/,"sales@doorsbyregency.com Regency Steel Doors and Windows, 6405 Aden Lane, Austin, TX, 78739, United States (512) 964-6879 sales@doorsbyregency.com Talk with our team today Request A Quote → Back to To",found
Reliable Sliding Glass Door Repair,http://www.reliabledoorrepair.com/,reliabledoorrepair.com,+1 954-401-3715,"1640 E Sunrise Blvd Unit 2304, Fort Lauderdale, FL 33304, United States",,,,reliableslidingglassdoorrepair@gmail.com,unattributed,reliableslidingglassdoorrepair@gmail.com,https://reliabledoorrepair.com/,reliableslidingglassdoorrepair@gmail.com reliableslidingglassdoorrepair@gmail.com scover the difference we can make for your sliding door needs in the Sunshine State today! Google Maps Location 1640 E,found
Reliance Window Systems,https://www.reliancewindowsystems.com/,reliancewindowsystems.com,+1 954-393-5646,,,,,info@reliancewindowsystems.com,generic mailbox,info@reliancewindowsystems.com,https://www.reliancewindowsystems.com/,,found
Remodel Experts,https://remodelexpertsaz.com/,remodelexpertsaz.com,+1 602-418-8260,,,,,info@remodelexpertsaz.com,generic mailbox,info@remodelexpertsaz.com,https://remodelexpertsaz.com/about/,"info@remodelexpertsaz.com info@remodelexpertsaz.com 5225 North 40th Street Phoenix, Arizona 85018 (602) 418-8260 (480) 254-9334 info@remodelexpertsaz.com Mon - Fri: 7:30 AM - 5:30 PM Saturday: 8:00 AM",found
Renewal by Andersen Window Replacement,https://renewalbyandersenreplacement.com/locations/tx/dallas/?utm_source=googlebusinessprofile&utm_medium=organic,renewalbyandersenreplacement.com,+1 469-699-8381,"1215 W Crosby Rd #180, Carrollton, TX 75006, United States",,,,,,,,,no email published
Renuity Home Improvement of South Florida,https://renuityhome.com/florida/fort-lauderdale-fl/?utm_source=gmb&utm_medium=Yext&y_source=1_NjY1MDE4ODgtNzE1LWxvY2F0aW9uLndlYnNpdGU%3D,renuityhome.com,+1 954-932-4667,"3801 SW 30th Ave, Fort Lauderdale, FL 33312, United States",Daniel Gluck,Founder,1,,,,https://renuityhome.com/leadership/,"named on site as ""Founder""",found
Renuity Home Improvement of South Florida,https://renuityhome.com/florida/fort-lauderdale-fl/?utm_source=gmb&utm_medium=Yext&y_source=1_NjY1MDE4ODgtNzE1LWxvY2F0aW9uLndlYnNpdGU%3D,renuityhome.com,+1 954-932-4667,"3801 SW 30th Ave, Fort Lauderdale, FL 33312, United States",Officer Daniel,Founder,1,,,,https://renuityhome.com/leadership/,"named on site as ""Founder and Chief Executive Off""",found
Replace RV Windows,https://www.replacervwindows.com/,replacervwindows.com,+1 737-379-1460,,,,,,,,,,no email published
Republic Windows Doors & Roofing,https://www.republicwindow.com/,republicwindow.com,+1 754-800-4115,"1541 E Commercial Blvd, Fort Lauderdale, FL 33334, United States",,,,,,,,,no email published
Rhino General Contracting LLC,http://rhinoroofingtx.com/,rhinoroofingtx.com,+1 512-766-5489,"7703 N Lamar Blvd Ste 110, Austin, TX 78752, United States",Steven Bowles,Founder,1,,,admin@rhinoroofingtx.com,https://rhinoroofingtx.com/about-us/,"named on site as ""Founder""",found
Rhino General Contracting LLC,http://rhinoroofingtx.com/,rhinoroofingtx.com,+1 512-766-5489,"7703 N Lamar Blvd Ste 110, Austin, TX 78752, United States",James Radnedge,Sales Director,2,,,admin@rhinoroofingtx.com,https://rhinoroofingtx.com/about-us/,"named on site as ""Director of Sales James brings years of c""",found
Rhino General Contracting LLC,http://rhinoroofingtx.com/,rhinoroofingtx.com,+1 512-766-5489,"7703 N Lamar Blvd Ste 110, Austin, TX 78752, United States",,,,admin@rhinoroofingtx.com,generic mailbox,admin@rhinoroofingtx.com,https://rhinoroofingtx.com/contact-us/,"Email us Email us admin@rhinoroofingtx.com following methods: Visit us 1850 North Greenville Ave #130 Richardson, TX 75081 Email us admin@rhinoroofingtx.com Call us 1-84-GET-RHINO Follow us on social ",found
Ringer Windows,http://ringerwindows.com/?utm_source=GMB&utm_medium=Organic&utm_campaign=Austin,ringerwindows.com,+1 512-309-4624,"Sales Office Only by appointment only, 7901 Cameron Rd Bldg 1 Ste 112, Austin, TX 78754, United States",Greg Ringer,Owner,1,greg@ringerwindows.com,personal mailbox,greg@ringerwindows.com,https://ringerwindows.com/,"named on site as ""Owner""",found
Ringer Windows,http://ringerwindows.com/?utm_source=GMB&utm_medium=Organic&utm_campaign=Austin,ringerwindows.com,+1 512-309-4624,"Sales Office Only by appointment only, 7901 Cameron Rd Bldg 1 Ste 112, Austin, TX 78754, United States",,,,greg@ringerwindows.com,unattributed,greg@ringerwindows.com,https://ringerwindows.com/,"ing Options Our Blog Search for: HEADQUARTERS Ringer Windows, Inc. 205 Mustang Cove Taylor, TX 76574 Phone: (512) 989-7000 Email: greg@ringerwindows.com Showroom Hours: Monday-Friday 8am-5pm Windows m",found
Rise Renovation - Austin,https://riserenovation.com/,riserenovation.com,+1 737-205-6724,"3300 N Interstate Hwy 35 #700, Austin, TX 78705, United States",,,,,,,,,no email published
Rock Valley Glass,https://rockvalleyglass.com/,rockvalleyglass.com,+1 815-332-1868,"1398 Huntwood Dr, Cherry Valley, IL 61016, United States",,President,1,info@rockvalleyglass.com,generic mailbox,dkennedy@rockvalleyglass.com,https://rockvalleyglass.com/contact.html,"info@rockvalleyglass.com Rock Valley Glass 1398 Huntwood Drive Cherry Valley, Illinois 61016 (815) 332-1868 Fax: (815) 332-1849 info@rockvalleyglass.com Pricing Professionalism Rock Valley Glass....Se",found
Rock Valley Glass,https://rockvalleyglass.com/,rockvalleyglass.com,+1 815-332-1868,"1398 Huntwood Dr, Cherry Valley, IL 61016, United States",Dan Kennedy,President,1,dkennedy@rockvalleyglass.com,personal mailbox,dkennedy@rockvalleyglass.com,https://rockvalleyglass.com/contact.html,Dan Kennedy Dan Kennedy President of Rock Valley Glass Over 40 years of experience in all facets of the glass industry. E-mail: dkennedy@rockvalleyglass.com dkennedy@rockvalleyglass.com President of R,found
Rock Valley Glass,https://rockvalleyglass.com/,rockvalleyglass.com,+1 815-332-1868,"1398 Huntwood Dr, Cherry Valley, IL 61016, United States",,President,1,jp@rockvalleyglass.com,unattributed,dkennedy@rockvalleyglass.com,https://rockvalleyglass.com/contact.html,"James Poluyanskis James Poluyanskis Vice President of Rock Valley Glass Over 34 years of experience in project management, glazing, aluminum window, and curtain wall installation. E-mail: jp@rockvalle",found
Rock Valley Glass,https://rockvalleyglass.com/,rockvalleyglass.com,+1 815-332-1868,"1398 Huntwood Dr, Cherry Valley, IL 61016, United States",Rockford Metropolitan,Owner,1,,,dkennedy@rockvalleyglass.com,https://rockvalleyglass.com/about.html,"named on site as ""Owner""",found
Rock Valley Glass,https://rockvalleyglass.com/,rockvalleyglass.com,+1 815-332-1868,"1398 Huntwood Dr, Cherry Valley, IL 61016, United States",,,,vbrown@hallaboutus.com,unattributed,dkennedy@rockvalleyglass.com,https://rockvalleyglass.com/,VBrown ©2014 Rock Valley Glass All Rights Reserved. Website by VBrown Modification of original design by Free CSS Templates .,found
Rock Valley Glass,https://rockvalleyglass.com/,rockvalleyglass.com,+1 815-332-1868,"1398 Huntwood Dr, Cherry Valley, IL 61016, United States",,,,dk@rockvalleyglass.com,unattributed,dkennedy@rockvalleyglass.com,https://rockvalleyglass.com/contact.html,"Dave Kennedy Dave Kennedy Secretary/Treasurer of Rock Valley Glass Over 29 years experience in glazing, project management, and estimating. E-mail: dk@rockvalleyglass.com dk@rockvalleyglass.com Secret",found
Rocket Contracting LLC,http://www.rocketcontracting.com/,rocketcontracting.com,+1 888-514-3222,,,,,,,,,,no email published
Rockford Glass,https://www.rockfordglass.com/,rockfordglass.com,+1 815-426-1162,"5401 E State St, Rockford, IL 61108, United States",,,,info@rockfordglass.com,generic mailbox,info@rockfordglass.com,https://www.rockfordglass.com/,,found
Rockford Siding and Windows LLC,http://rockford-siding.com/,rockford-siding.com,+1 815-214-9390,"5441 Forest Hills Ct, Loves Park, IL 61111, United States",,,,office@rockford-siding.com,generic mailbox,office@rockford-siding.com,https://www.rockford-siding.com/,"ut only within the editor. The Yext Knowledge Tags are successfully installed and will be added to the website. Rockford Siding and Windows 5441 Forest Hills Ct. Loves Park, IL 61111 815-214-9390 offi",found
Rockford Windows & Doors,https://rockfordwindowsanddoors.com/,rockfordwindowsanddoors.com,+1 779-249-7282,,,,,,,,,,no email published
RoofPros & Windows,https://www.roofingsst.com/,roofingsst.com,+1 954-302-3753,,,,,sales@roofingsst.com,generic mailbox,sales@roofingsst.com,https://roofingsst.com/,"cial Roofing Locations Palm Beach Fort Lauderdale Broward County Contact (954) 302-3753 sales@roofingsst.com 4403 Peters Road, Plantation, FL 33317 Google Copyright © 2025 Roofpros & Windows. All righ",found
Ross Revival,https://rossrevival.com/,rossrevival.com,+1 469-212-0722,"9007 San Benito Way, Dallas, TX 75218, United States",,,,info@rossrevival.com,generic mailbox,info@rossrevival.com,https://www.rossrevival.com/,"(all 28 of them) are now in great shape. New glazing throughout and they rebuilt front door as well. Good job guys. -John & Bev. C. Junius Heights, Old East Dallas Proud Members Of: info@rossrevival.c",found
Round Rock Window Replacement Company,https://www.roundrockwindowreplacementcompany.com/,roundrockwindowreplacementcompany.com,+1 512-643-5836,,,,,,,,,,no email published
Royal Screen Solutions,https://royalscreensolutions.com/,royalscreensolutions.com,+1 954-870-0878,"2805 E Oakland Park Blvd, Fort Lauderdale, FL 33306, United States",,,,royalscreensolutions@gmail.com,unattributed,royalscreensolutions@gmail.com,https://royalscreensolutions.com/,"royalscreensolutions@gmail.com Royal Screen Solutions 2805 E Oakland Park Blvd #383 Fort Lauderdale, FL 33306 954-870-0878 royalscreensolutions@gmail.com o answer your questions, or schedule your appo",found
RTC Restoration and Glass,https://rtcrg.com/contact-us-version-1/,rtcrg.com,+1 972-446-2211,"2711 Daisy Dr, Austin, TX 78724, United States",,,,info@rtcrg.com,generic mailbox,info@rtcrg.com,https://rtcrg.com/,info@rtcrg.com info@rtcrg.com Linkedin 40 Years of Service and Restorations 972-446-2211 info@rtcrg.com Employment Opportunities CONTACT US HOME Building Restoration & Waterproofing Glass Replacement ,found
S&R Impact Windows and Doors,http://srimpactwindowsanddoors.com/,srimpactwindowsanddoors.com,+1 954-616-7121,"1120 NW 55th St, Fort Lauderdale, FL 33309, United States",,,,,,,,,no email published
Salazar & Sons Window Co.,https://salazarandsonswindow.com/,salazarandsonswindow.com,+1 469-994-9236,,,,,salazarwindowco@gmail.com,unattributed,salazarwindowco@gmail.com,https://salazarandsonswindow.com/,"salazarwindowco@gmail.com 📍 Dallas, TX — Serving all of DFW | 📞 (469) 909-3185 | ✉️ salazarwindowco@gmail.com Fort Worth. Call (469) 909-3185 Free Estimate 📞 (469) 909-3185 See if you qualify 📍 Dallas",found
Salazar & Sons Window Co.,https://salazarandsonswindow.com/,salazarandsonswindow.com,+1 469-994-9236,,,,,info@salazarandsonswindow.com,generic mailbox,salazarwindowco@gmail.com,https://salazarandsonswindow.com/,,found
Sali's Roofing,https://salisroofing.com/?utm_source=google&utm_medium=organic&utm_campaign=gbp_listing&utm_content=salis_roofing,salisroofing.com,+1 469-677-0239,"10930 Switzer Ave #123, Dallas, TX 75238, United States",,,,office@salisroofing.com,generic mailbox,office@salisroofing.com,https://salisroofing.com/,office@salisroofing.com Dallas: (469) 677-0239 Houston: (832) 365-3376 office@salisroofing.com office@salisroofing.com Dallas: (469) 677-0239 Houston: (832) 365-3376 office@salisroofing.com imate Menu,found
Sanders Roofing & Exteriors LLC,https://www.sandersroofs.com/,sandersroofs.com,+1 512-590-0748,"7801 N Lamar Blvd Ste F8-S, Austin, TX 78752, United States",,,,,,,,,no email published
Sawgrass Windows and Doors,http://sawgrasswindows.net/,sawgrasswindows.net,+1 954-742-7455,"3430 NW 16th St Bay 12, Lauderhill, FL 33311, United States",,,,,,,,,no email published
Scott Roofing & Exteriors,https://www.scottexteriors.com/,scottexteriors.com,+1 214-503-7663,"10561 New Church Rd, Dallas, TX 75238, United States",Kirk Scott,Owner,1,,,in**@************rs.com,https://scottexteriors.com/our-team/,"named on site as ""Owner""",found
Scott Roofing & Exteriors,https://www.scottexteriors.com/,scottexteriors.com,+1 214-503-7663,"10561 New Church Rd, Dallas, TX 75238, United States",Christine Scott,Owner,1,,,in**@************rs.com,https://scottexteriors.com/our-team/,"named on site as ""Owner""",found
Scott Roofing & Exteriors,https://www.scottexteriors.com/,scottexteriors.com,+1 214-503-7663,"10561 New Church Rd, Dallas, TX 75238, United States",,,,in**@************rs.com,unattributed,in**@************rs.com,https://scottexteriors.com/about/,in ** @ ************ rs.com in ** @ ************ rs.com,found
Scott Roofing & Exteriors,https://www.scottexteriors.com/,scottexteriors.com,+1 214-503-7663,"10561 New Church Rd, Dallas, TX 75238, United States",,,,info@scottexteriors.com,generic mailbox,in**@************rs.com,https://scottexteriors.com/contact-scott-roofing/,,found
Scratch Removal Specialists Inc.,http://www.srsscratch.com/,srsscratch.com,+1 800-806-8807,"1140 NE 7th Ave Unit 5, Fort Lauderdale, FL 33304, United States",Matt Hatcher,Founder,1,,,office@srsscratch.com,https://srsscratch.com/company-history/,"named on site as ""Founder""",found
Scratch Removal Specialists Inc.,http://www.srsscratch.com/,srsscratch.com,+1 800-806-8807,"1140 NE 7th Ave Unit 5, Fort Lauderdale, FL 33304, United States",Lori Hatcher,President,1,,,office@srsscratch.com,https://srsscratch.com/company-history/,"named on site as ""Vice President""",found
Scratch Removal Specialists Inc.,http://www.srsscratch.com/,srsscratch.com,+1 800-806-8807,"1140 NE 7th Ave Unit 5, Fort Lauderdale, FL 33304, United States",,,,office@srsscratch.com,generic mailbox,office@srsscratch.com,https://srsscratch.com/,Send Email Send Email,found
Scratch Removal Specialists Inc.,http://www.srsscratch.com/,srsscratch.com,+1 800-806-8807,"1140 NE 7th Ave Unit 5, Fort Lauderdale, FL 33304, United States",,,,info@srsscratch.com,generic mailbox,office@srsscratch.com,https://srsscratch.com/contact/,,found
Screens By Eric,https://screensbyeric.com/,screensbyeric.com,+1 512-567-3452,,,,,eric@screensbyeric.com,unattributed,eric@screensbyeric.com,https://screensbyeric.com/,eric@screensbyeric.com eric@screensbyeric.com ion affordable for you. We accept all major credit and debit cards Contact Us / Request Service Type the characters you see: Unreadable? Regenerate Submit,found
Secure Window Solutions,http://www.securewindowsolutions.com/,securewindowsolutions.com,+1 954-586-4217,"6500 NW 12th Ave #118, Fort Lauderdale, FL 33309, United States",,,,,,,,,no email published
SFL Impact & Windows,https://sflimpact.com/about-us/,sflimpact.com,+1 954-603-2475,"1710 NE 8th St, Fort Lauderdale, FL 33304, United States",,,,,,,,,no email published
Shades Austin,https://www.shadesaustin.com/,shadesaustin.com,+1 512-991-2024,"8900 Shoal Creek Blvd Ste 111, Austin, TX 78757, United States",,,,info@indiantypefoundry.com,generic mailbox,info@indiantypefoundry.com,https://shadesaustin.com/,,found
Shading Texas,https://www.shadingtexas.com/?utm_source=localfx&utm_medium=organic&utm_campaign=gbp,shadingtexas.com,+1 512-264-1500,"3913 Todd Ln Suite 312, Austin, TX 78744, United States",,,,,,,,,no email published
Shower Doors of Austin,https://www.goframelessaustin.com/,goframelessaustin.com,+1 512-831-3651,"12707 Nutty Brown Rd Bldg D, Austin, TX 78737, United States",,,,,,,,,no email published
Showroom Windows & Doors,https://www.showroomwindows.com/?utm_source=GMB&utm_medium=local,showroomwindows.com,+1 512-777-0461,"13717 Burnet Rd #350A, Austin, TX 78727, United States",,,,brandon@showroomwindows.com,unattributed,brandon@showroomwindows.com,https://www.showroomwindows.com/about/,,found
Silverback Windows,https://www.silverbackwindows.com/,silverbackwindows.com,+1 469-388-5175,"4329 McKinney Ave #19, Dallas, TX 75205, United States",,Owner,1,silverbackwindows@gmail.com,unattributed,silverbackwindows@gmail.com,https://www.silverbackwindows.com/,"Silverbackwindows@gmail.com Email: Silverbackwindows@gmail.com t Project Fill out the form, or call us to set up a free in-home consultation. ​ Service Areas: Dallas Fort Worth metro area and up to 3 ",found
Silverback Windows,https://www.silverbackwindows.com/,silverbackwindows.com,+1 469-388-5175,"4329 McKinney Ave #19, Dallas, TX 75205, United States",Harold Tavarez,Owner,1,,,silverbackwindows@gmail.com,https://www.silverbackwindows.com/,"named on site as ""Owner""",found
Skylinq Home,https://www.skylinqhome.com/,skylinqhome.com,+1 945-352-2008,,,,,info@skylinqhome.com,generic mailbox,info@skylinqhome.com,https://skylinqhome.com/get-in-touch,General inquiries info@skylinqhome.com We read every message and reply personally — no bots! General inquiries info@skylinqhome.com We read every message and reply personally — no bots! Phone +1 945 3,found
Sliding Door Repair Dallas,https://slidingdoorsrepairdallas.com/,slidingdoorsrepairdallas.com,+1 346-353-2018,"7315 Gaston Ave, Dallas, TX 75214, United States",,,,,,,,,no email published
Sliding Doors Pro – Sliding Door & Window Repair,https://slidingdoorsrepairpro.com/,slidingdoorsrepairpro.com,+1 888-818-1628,"2490 Griffin Rd, Fort Lauderdale, FL 33312, United States",,,,slidingdoorsproservice@gmail.com,unattributed,slidingdoorsproservice@gmail.com,https://slidingdoorsrepairpro.com/,slidingdoorsproservice@gmail.com slidingdoorsproservice@gmail.com Contact Us Facebook Instagram Youtube 2490 Griffin Rd Fort Lauderdale slidingdoorsproservice@gmail.com (954) 282-1953 Sliding Door Rep,found
Smart Glass Tech,https://smglasstech.com/,smglasstech.com,+1 512-317-5858,,,,,info@smglasstech.com,generic mailbox,info@smglasstech.com,https://smglasstech.com/,"info@smglasstech.com info@smglasstech.com Skip to content SM Glass Tech Austin, Texas info@smglasstech.com Facebook Home About Us Services Gallery Get a quote Menu Home About Us Services Gal",found
Smart Glass Technologies - Austin,https://www.smartglasstech.us/city/austin-smart-glass-landing/,smartglasstech.us,+1 786-460-6762,,,,,,,,,,no email published
Smart Home Exteriors,http://www.smarthomeexteriors.com/,smarthomeexteriors.com,+1 779-210-4096,"915 S Alpine Rd, Rockford, IL 61108, United States",,,,info@smarthomeexteriors.com,generic mailbox,info@smarthomeexteriors.com,https://smarthomeexteriors.com/home,,found
SMART REPLACE CORP,http://www.smartreplacecorp.com/,smartreplacecorp.com,+1 954-658-4298,"1451 W Cypress Creek Rd #300, Fort Lauderdale, FL 33309, United States",,,,info@smartreplacecorp.com,generic mailbox,info@smartreplacecorp.com,https://smartreplacecorp.com/,him shall not perish but have eternal life. JOHN 3:16 Quick Links Home About Us Services Projects Products Data Contacts Tel: 954-658-4298 Email: info@smartreplacecorp.com Address: 1451 W. Cypress Cre,found
Smooth Sliders,https://smoothsliders.com/,smoothsliders.com,+1 954-818-9607,,,,,smoothsliders@gmail.com,unattributed,smoothsliders@gmail.com,https://smoothsliders.com/contact-us-sliding-door-repair/,"smoothsliders@gmail.com smoothsliders@gmail.com thly and add aesthetic value to your home again. For more information, see the U.S. Department of Energy guide to energy-efficient windows and doors con",found
Soflo Hurricane Windows and Doors,http://soflohurricane.com/,soflohurricane.com,+1 954-900-9693,,Honest Pricing,Owner,1,,,impact@soflohurricane.com,https://soflohurricane.com/,"named on site as ""Owner""",found
Soflo Hurricane Windows and Doors,http://soflohurricane.com/,soflohurricane.com,+1 954-900-9693,,,,,impact@soflohurricane.com,unattributed,impact@soflohurricane.com,https://soflohurricane.com/,counties. Ready for a No-Pressure Quote? Tell us about your home and we'll get back to you with straightforward pricing — no games. Get My Free Quote (954) 900-9693 · impact@soflohurricane.com Serving,found
SOFLO IMPACT WINDOWS,https://www.sofloimpactwindows.com/,sofloimpactwindows.com,+1 754-223-3700,"2895 NE 32nd St Apt 210, Fort Lauderdale, FL 33306, United States",,,,info@sofloimpactwindows.com,generic mailbox,name@yoursite.com,https://www.sofloimpactwindows.com/,,found
SOFLO IMPACT WINDOWS,https://www.sofloimpactwindows.com/,sofloimpactwindows.com,+1 754-223-3700,"2895 NE 32nd St Apt 210, Fort Lauderdale, FL 33306, United States",,,,name@yoursite.com,unattributed,name@yoursite.com,https://www.sofloimpactwindows.com/about-us,,found
Sol Solutions - Custom Windows and Doors Estimate - Dallas TX,https://ntxsol.com/,ntxsol.com,+1 469-708-8151,"6750 Hillcrest Plaza Dr #214, Dallas, TX 75230, United States",,,,,,,,,no email published
Solara Custom Living - Showroom,https://solaracustomliving.com/,solaracustomliving.com,+1 214-744-9900,"142 Howell St, Dallas, TX 75207, United States",,CEO,1,kdiaz@solaracl.com,unattributed,kdiaz@solaracl.com,https://solaracustomliving.com/contact-us/,kdiaz@solaracl.com kdiaz@solaracl.com / Ext 106 a Reyna freyna@solaracl.com / Ext 126 Itzel Labastida ilabastida@solaracl.com / Ext 105 Management Team Karina Diaz – Comptroller kdiaz@solaracl.com / E,found
Solara Custom Living - Showroom,https://solaracustomliving.com/,solaracustomliving.com,+1 214-744-9900,"142 Howell St, Dallas, TX 75207, United States",,CEO,1,mtgutierrez@solaracl.com,unattributed,kdiaz@solaracl.com,https://solaracustomliving.com/contact-us/,mtgutierrez@solaracl.com mtgutierrez@solaracl.com / Ext 112 labastida@solaracl.com / Ext 105 Management Team Karina Diaz – Comptroller kdiaz@solaracl.com / Ext 106 Malena Gutierrez – VP Sales mtgutier,found
Solara Custom Living - Showroom,https://solaracustomliving.com/,solaracustomliving.com,+1 214-744-9900,"142 Howell St, Dallas, TX 75207, United States",,CEO,1,aperez@solaracl.com,unattributed,kdiaz@solaracl.com,https://solaracustomliving.com/contact-us/,aperez@solaracl.com aperez@solaracl.com / Ext 111 Karina Diaz – Comptroller kdiaz@solaracl.com / Ext 106 Malena Gutierrez – VP Sales mtgutierrez@solaracl.com / Ext 112 Alberto D Perez – CEO aperez@sol,found
Solara Custom Living - Showroom,https://solaracustomliving.com/,solaracustomliving.com,+1 214-744-9900,"142 Howell St, Dallas, TX 75207, United States",,VP Sales,2,ilabastida@solaracl.com,unattributed,kdiaz@solaracl.com,https://solaracustomliving.com/contact-us/,ilabastida@solaracl.com ilabastida@solaracl.com / Ext 105 Solara Team Dany Laugesen – Sales Rep dlaugesen@solaracl.com / Ext 110 Fernanda Reyna freyna@solaracl.com / Ext 126 Itzel Labastida ilabastida,found
Solara Custom Living - Showroom,https://solaracustomliving.com/,solaracustomliving.com,+1 214-744-9900,"142 Howell St, Dallas, TX 75207, United States",,,,sales@solara.tv,generic mailbox,kdiaz@solaracl.com,https://solaracustomliving.com/contact-us/,"sales@solara.tv sales@solara.tv rn about your project, and see you through to a beautiful result. Call us: 1-888-8SOLARA or (214) 744-9900 9:00am – 5:00pm M-F Fax: (214) 744-9910 Email us: sales@solar",found
Solara Custom Living - Showroom,https://solaracustomliving.com/,solaracustomliving.com,+1 214-744-9900,"142 Howell St, Dallas, TX 75207, United States",,,,fislas@solaracl.com,unattributed,kdiaz@solaracl.com,https://solaracustomliving.com/contact-us/,fislas@solaracl.com fislas@solaracl.com / Ext 124 Full name Email Phone Message Main phone: (214) 744-9900 Doors Customer Service Purchasing Felipe Islas – Doors fislas@solaracl.com / Ext 124 Lighting,found
Solara Custom Living - Showroom,https://solaracustomliving.com/,solaracustomliving.com,+1 214-744-9900,"142 Howell St, Dallas, TX 75207, United States",,,,dlaugesen@solaracl.com,unattributed,kdiaz@solaracl.com,https://solaracustomliving.com/contact-us/,dlaugesen@solaracl.com dlaugesen@solaracl.com / Ext 110 Lighting Technical Support & Shipping Ruth Garcia – Lighting rgarcia@solaracl.com / Ext 109 Solara Team Dany Laugesen – Sales Rep dlaugesen@sola,found
Solara Custom Living - Showroom,https://solaracustomliving.com/,solaracustomliving.com,+1 214-744-9900,"142 Howell St, Dallas, TX 75207, United States",,,,freyna@solaracl.com,unattributed,kdiaz@solaracl.com,https://solaracustomliving.com/contact-us/,freyna@solaracl.com freyna@solaracl.com / Ext 126 a – Lighting rgarcia@solaracl.com / Ext 109 Solara Team Dany Laugesen – Sales Rep dlaugesen@solaracl.com / Ext 110 Fernanda Reyna freyna@solaracl.com ,found
Solara Custom Living - Showroom,https://solaracustomliving.com/,solaracustomliving.com,+1 214-744-9900,"142 Howell St, Dallas, TX 75207, United States",,,,rgarcia@solaracl.com,unattributed,kdiaz@solaracl.com,https://solaracustomliving.com/contact-us/,ice Purchasing Felipe Islas – Doors fislas@solaracl.com / Ext 124 Lighting Technical Support & Shipping Ruth Garcia – Lighting rgarcia@solaracl.com / Ext 109 Solara Team Dany Laugesen – Sales Rep dlau,found
Solid Exteriors LLC,http://solid-exteriors.com/?utm_source=google&utm_medium=wix_google_business_profile&utm_campaign=16700656850061699214,solid-exteriors.com,+1 469-520-0466,,,,,solidexteriors@gmail.com,unattributed,solidexteriors@gmail.com,https://www.solid-exteriors.com/,"solidexteriors@gmail.com solidexteriors@gmail.com Get in touch Get in touch Siding Contractor | Solid Exteriors, LLC | Dallas, TX top of page SOLID EXTERIORS, LLC solidexteriors@gmail.com (469) 520-04",found
SONIQ Windows and Doors Austin,https://soniqwindows.com/,soniqwindows.com,+1 512-256-1734,,,,,,,,,,no email published
South Florida Windows & Doors,http://myflwindows.com/?utm_source=google&utm_medium=organic&utm_campaign=gbp_pompano_beach_fl,myflwindows.com,+1 954-957-9763,"3195 N Powerline Rd Ste 112, Pompano Beach, FL 33069, United States",,,,info@myflwindows.com,generic mailbox,info@myflwindows.com,https://myflwindows.com/,"info@myflwindows.com If you have questions about this Privacy Policy, please contact us at: South Florida Windows & Doors 3195 N Powerline Road, Pompano Beach, FL (954) 833-0092 info@myflwindows.com i",found
Southern Living Windows,http://slivingwindows.com/,slivingwindows.com,+1 214-833-8286,,,,,,,,,,no email published
Southern Windows and Doors,https://slwindowsdfw.com/,slwindowsdfw.com,+1 214-499-5095,"1303 Columbia Dr Ste. 207, Richardson, TX 75081, United States",,,,,,,,,no email published
Southwest Door & Window,https://southwestdw.com/?utm_source=google&utm_medium=organic&utm_campaign=gbp-dallas&utm_id=local&utm_content=dallas,southwestdw.com,+1 214-341-2212,"10255 Miller Rd, Dallas, TX 75238, United States",,,,,,,,,no email published
Southwest Exteriors Inc,http://www.sweaustin.com/,sweaustin.com,+1 512-844-1882,"8210 Bent Tree Rd #220, Austin, TX 78759, United States",Pat Ekstrum,Owner,1,,,anapbm@gmail.com,https://sweaustin.com/about,"named on site as ""owner of Southwest Exteriors""",found
Southwest Exteriors Inc,http://www.sweaustin.com/,sweaustin.com,+1 512-844-1882,"8210 Bent Tree Rd #220, Austin, TX 78759, United States",,,,team@latofonts.com,generic mailbox,anapbm@gmail.com,https://sweaustin.com/,,found
Southwest Exteriors Inc,http://www.sweaustin.com/,sweaustin.com,+1 512-844-1882,"8210 Bent Tree Rd #220, Austin, TX 78759, United States",,,,anapbm@gmail.com,unattributed,anapbm@gmail.com,https://sweaustin.com/,,found
Stained Glass Austin,http://www.stainedglassaustin.com/,stainedglassaustin.com,+1 512-539-0432,,,,,contact@stainedglasssanantonio.com,generic mailbox,contact@stainedglasssanantonio.com,https://stainedglassaustin.com/,contact@stainedglassaustin.com contact@stainedglassaustin.com,found
Stained Glass Austin,http://www.stainedglassaustin.com/,stainedglassaustin.com,+1 512-539-0432,,,,,contact@stainedglassdenver.com,generic mailbox,contact@stainedglasssanantonio.com,https://stainedglassaustin.com/,contact@stainedglassdenver.com contact@stainedglassdenver.com contact@stainedglassdenver.com contact@stainedglassdenver.com stained glass journey. Custom Design Quality Craftsmanship Expert Installati,found
Stained Glass Austin,http://www.stainedglassaustin.com/,stainedglassaustin.com,+1 512-539-0432,,,,,contact@stainedglassaustin.com,generic mailbox,contact@stainedglasssanantonio.com,https://stainedglassaustin.com/,ed Glass Austin contact@stainedglassaustin.com (512) 539-0432 Home Stained Glass Windows Entryway Sidelite Hallway Bathroom Commercial Transom Kitchen Antique FLW Painted Glass Gallery Process Cities ,found
Star Glass Aluminum,https://starglassaluminum.com/,starglassaluminum.com,+1 972-464-6007,"11111 Ables Ln #124, Dallas, TX 75229, United States",,,,,,,,,no email published
Stateline Windows & Doors,https://www.statelinewd.com/,statelinewd.com,+1 779-210-3123,"1240 Shappert Dr, Machesney Park, IL 61115, United States",,,,charles.laskey12@gmail.com,unattributed,charles.laskey12@gmail.com,https://www.statelinewd.com/,,found
Statewide Energy Solutions,https://statewideenergysolutions.com/about-us/,statewideenergysolutions.com,+1 800-339-4326,"11520 N Central Expy, Dallas, TX 75243, United States",,,,,,,,,no email published
Statewide Remodeling - Austin,https://www.statewideremodeling.com/texas/austin/?utm_source=GMB&utm_campaign=Austin&utm_medium=Organic%3Futm_source%3Dgmb&utm_medium=Yext&y_source=1_NjY1MDE5MjctNzE1LWxvY2F0aW9uLndlYnNpdGU%3D,statewideremodeling.com,+1 512-937-1529,"2209-A Rutland Dr #100, Austin, TX 78758, United States",,,,,,,,,no email published
Steiner Ranch Siding Experts,https://steinerranchsidingexperts.com/,steinerranchsidingexperts.com,+1 512-580-8084,"4300 N Quinlan Park Rd #105, Austin, TX 78732, United States",,,,,,,,,no email published
Sterling Construction,https://sterlingconstruction.com/,sterlingconstruction.com,+1 954-668-0245,"951 NW 35th Ct, Oakland Park, FL 33309, United States",,,,,,,,,no email published
Storey Construction,http://storeybuilders.com/,storeybuilders.com,+1 512-850-4370,"1801 E 51st St Ste 365-413, Austin, TX 78723, United States",,CEO,1,info@storeybuilders.com,generic mailbox,jonpinhorn.typedesign@gmail.com,https://storeybuilders.com/contact-us,"info@storeybuilders.com 512.850.4370 text or call info@storeybuilders.com Us We work by appointment to better serve you. Founder & CEO • Ty Storey Storey Construction, LLC 1801 E. 51st St, Bldg C, STE",found
Storey Construction,http://storeybuilders.com/,storeybuilders.com,+1 512-850-4370,"1801 E 51st St Ste 365-413, Austin, TX 78723, United States",Jonpinhorn Typedesign,,,jonpinhorn.typedesign@gmail.com,personal mailbox,jonpinhorn.typedesign@gmail.com,https://storeybuilders.com/,,found
Storey Construction,http://storeybuilders.com/,storeybuilders.com,+1 512-850-4370,"1801 E 51st St Ste 365-413, Austin, TX 78723, United States",,,,amkryukov@gmail.com,unattributed,jonpinhorn.typedesign@gmail.com,https://storeybuilders.com/,,found
Stork's Home Services,https://storkheatingandair.com/?utm_source=google&utm_medium=organic&utm_campaign=gbp,storkheatingandair.com,+1 972-421-8000,"10840 Switzer Ave #101, Dallas, TX 75238, United States",,,,info@storkheatingandair.com,generic mailbox,info@storkheatingandair.com,https://storkheatingandair.com/,,found
Storm Guard Roofing of Austin,https://www.stormguardrc.com/tx/austin-southwest/?utm_campaign=gmb&utm_medium=organic&utm_source=gbp,stormguardrc.com,+1 512-882-1844,"13284 Pond Springs Rd #303, Austin, TX 78729, United States",,,,franchise@stormguardrc.com,unattributed,franchise@stormguardrc.com,https://www.stormguardrc.com/about/contact-us/,,found
Sun & Sound Windows - Austin,https://sunandsoundwindows.com/,sunandsoundwindows.com,+1 512-879-6055,,,,,forms@sunandsoundwindows.com,unattributed,forms@sunandsoundwindows.com,https://sunandsoundwindows.com/,this mailing list to contact you for the purpose stated above. Subscribed! Your information has been successfully recorded. Add forms@sunandsoundwindows.com to your Safe Senders list to make sure you ,found
Sun & Sound Windows - Austin,https://sunandsoundwindows.com/,sunandsoundwindows.com,+1 512-879-6055,,,,,service@sunandsoundwindows.com,generic mailbox,forms@sunandsoundwindows.com,https://sunandsoundwindows.com/,,found
Sunbelt Waterproofing & Restoration LLC.,http://www.sunbeltllc.com/,sunbeltllc.com,+1 972-681-6222,"7318 Ferguson Rd, Dallas, TX 75228, United States",Calvin Carter,CEO,1,,,sbinfo@sunbeltllc.com,https://sunbeltllc.com/texas-office-staff,"named on site as ""CHIEF EXECUTIVE OFFICER Ben Grandbois V""",found
Sunbelt Waterproofing & Restoration LLC.,http://www.sunbeltllc.com/,sunbeltllc.com,+1 972-681-6222,"7318 Ferguson Rd, Dallas, TX 75228, United States",,,,sbinfo@sunbeltllc.com,unattributed,sbinfo@sunbeltllc.com,https://sunbeltllc.com/,sbinfo@sunbeltllc.com sbinfo@sunbeltllc.com (972) 681-6222 sbinfo@sunbeltllc.com sbinfo@sunbeltllc.com (972) 681-6222 sbinfo@sunbeltllc.com sbinfo@sunbeltllc.com (972) 681-6222 sbinfo@sunbeltllc.com s,found
Sunny State Glass,https://sunnystateglass.com/,sunnystateglass.com,+1 480-526-9044,"1734 W Williams Dr #8, Phoenix, AZ 85027, United States",,,,sunnystateglass@outlook.com,unattributed,sunnystateglass@outlook.com,https://www.sunnystateglass.com/,"Sunnystateglass@outlook.com Sunnystateglass@outlook.com et’s make your space safer, brighter, and better than ever. SUBMIT Quick Links Home About Us Services Gallery Reviews Service Areas Contact Us C",found
Sunsational Solutions,http://sunsationalsolutions.com/,sunsationalsolutions.com,+1 512-246-8468,"7801 N Lamar Blvd c63, Austin, TX 78752, United States",,,,hello@sunsationalsolutions.com,generic mailbox,hello@sunsationalsolutions.com,https://www.sunsationalsolutions.com/,hello@sunsationalsolutions.com 512-246-8468 hello@sunsationalsolutions.com hello@sunsationalsolutions.com Sunsational Solutions hello@sunsationalsolutions.com 512.246.8468 Austin 210.490.8468 San Anto,found
SunSmart Windows of Dallas,http://dallas.sunsmarthome.com/,dallas.sunsmarthome.com,,,,,,,,,,,no email published
SunStorm Construction Inc.,https://www.sunstormconstruction.com/,sunstormconstruction.com,+1 954-398-5060,"501 E Las Olas Blvd Ste 200 & 300, Fort Lauderdale, FL 33301, United States",,,,,,,,,no email published
Superior Replacement Windows,https://replacementwindowstempe.net/,replacementwindowstempe.net,+1 480-339-0985,,,,,,,,,,no email published
Superior Roof Repair of Rockford,https://www.superiorroofingil.com/,superiorroofingil.com,+1 815-313-4220,,,,,,,,,,no email published
Surface Specialists of Austin,http://www.surfacespecialistsaustin.com/,surfacespecialistsaustin.com,+1 512-865-9516,"6808 Branrust Dr, Austin, TX 78744, United States",,,,,,,,,no email published
Surplus Building Materials (SBMTX) | Home Improvement Doors Kitchens Floors & Installation Experts in Texas,https://sbmtx.com/,sbmtx.com,+1 972-241-4444,"3404 Belt Line Rd, Farmers Branch, TX 75234, United States",Michael Neal,CEO,1,,,info.tx@aaadistributor.com,https://sbmtx.com/pages/meet-the-team,"named on site as ""CEO""",found
Surplus Building Materials (SBMTX) | Home Improvement Doors Kitchens Floors & Installation Experts in Texas,https://sbmtx.com/,sbmtx.com,+1 972-241-4444,"3404 Belt Line Rd, Farmers Branch, TX 75234, United States",Patrick Keenen,CFO,2,,,info.tx@aaadistributor.com,https://sbmtx.com/pages/meet-the-team,"named on site as ""CFO Christina Curas VP Sale""",found
Surplus Building Materials (SBMTX) | Home Improvement Doors Kitchens Floors & Installation Experts in Texas,https://sbmtx.com/,sbmtx.com,+1 972-241-4444,"3404 Belt Line Rd, Farmers Branch, TX 75234, United States",Info Tx,,,info.tx@aaadistributor.com,personal mailbox,info.tx@aaadistributor.com,https://sbmtx.com/,info.tx@aaadistributor.com info.tx@aaadistributor.com info.tx@aaadistributor.com info.tx@aaadistributor.com info.tx@aaadistributor.com info.tx@aaadistributor.com Surplus Building Materials Address 340,found
Surplus Building Materials (SBMTX) | Home Improvement Doors Kitchens Floors & Installation Experts in Texas,https://sbmtx.com/,sbmtx.com,+1 972-241-4444,"3404 Belt Line Rd, Farmers Branch, TX 75234, United States",Info Wa,,,info.wa@aaadistributor.com,personal mailbox,info.tx@aaadistributor.com,https://sbmtx.com/,"info.wa@aaadistributor.com info.wa@aaadistributor.com View Direction The Ugly Duck Address 1727 W. Sinto Ave, Spokane, WA, United States, Washington-99202 2556 mi Contact Us info.wa@aaadistributor.com",found
Surplus Building Materials (SBMTX) | Home Improvement Doors Kitchens Floors & Installation Experts in Texas,https://sbmtx.com/,sbmtx.com,+1 972-241-4444,"3404 Belt Line Rd, Farmers Branch, TX 75234, United States",,,,info@sbmtx.com,generic mailbox,info.tx@aaadistributor.com,https://sbmtx.com/,"to comply with the law. How to Address Concerns and Make Changes: Should a question or concern ever arise as to misuse of information or you may wish to correct your information, please contact us at ",found
SWP GLOBAL LLC,https://swpgloballlc.com/contact-us,swpgloballlc.com,+1 469-514-1415,,,,,tom@swpgloballlc.com,unattributed,tom@swpgloballlc.com,https://swpgloballlc.com/,"tom@swpgloballlc.com Email: tom@swpgloballlc.com Drop us a line, and let's discuss how we can work together Email Drop a line SWP GLOBAL LLC. 2626 COLE AVENUE, DALLAS TX 75204 UNITED STATES Website: h",found
SWP GLOBAL LLC,https://swpgloballlc.com/contact-us,swpgloballlc.com,+1 469-514-1415,,,,,matt@pixelspread.com,unattributed,tom@swpgloballlc.com,https://swpgloballlc.com/,,found
SWP GLOBAL LLC,https://swpgloballlc.com/contact-us,swpgloballlc.com,+1 469-514-1415,,,,,impallari@gmail.com,unattributed,tom@swpgloballlc.com,https://swpgloballlc.com/,,found
SWP GLOBAL LLC,https://swpgloballlc.com/contact-us,swpgloballlc.com,+1 469-514-1415,,,,,hello@rfuenzalida.com,generic mailbox,tom@swpgloballlc.com,https://swpgloballlc.com/,,found
T Rock Roofing & Contracting,https://www.dallasroofer.com/,dallasroofer.com,+1 469-931-9867,"9330 Lyndon B Johnson Fwy #900, Dallas, TX 75243, United States",,,,info@dallasroofer.com,generic mailbox,info@dallasroofer.com,https://dallasroofer.com/,Contact Contact,found
Tee Time Exteriors,https://teetimeexteriors.com/,teetimeexteriors.com,+1 737-367-7321,,,,,,,,,,no email published
Tex Land Construction LLC,https://www.texlandconstruction.com/siding/siding-replacement-austin-tx/?utm_source=google&utm_medium=organic&ut%20m_campaign=gbp,texlandconstruction.com,+1 512-910-7852,"3709 Promontory Point Dr, Austin, TX 78744, United States",,,,texlandconstruction@gmail.com,unattributed,texlandconstruction@gmail.com,https://www.texlandconstruction.com/,,found
Texan Windows,https://texanwindows.com/?utm_source=Ad+Pages&utm_id=Texan+Windows+SEO,texanwindows.com,+1 512-298-1051,"165 Tecon Cove, Buda, TX 78610, United States",,,,support@texanwindows.com,generic mailbox,support@texanwindows.com,https://texanwindows.com/en-us,Email Us Replacement Windows Installed in Austin & San Antonio No marathon in-home sales pitch. 512-298-1051 Windows In Stock Email Us Email Us About Your Projects New Construction Windows For builder,found
Texas Door & Trim Inc.,http://www.tdt-inc.com/,tdt-inc.com,+1 214-342-9393,"11220 Petal St, Dallas, TX 75238, United States",Project Resources,Partner,3,,,,https://www.tdt-inc.com/,"named on site as ""Partner Locator for Homeowners""",found
Texas Door & Trim Inc.,http://www.tdt-inc.com/,tdt-inc.com,+1 214-342-9393,"11220 Petal St, Dallas, TX 75238, United States",Event Charity,Partner,3,,,,https://www.tdt-inc.com/,"named on site as ""Partner Contact Us Custom Home""",found
Texas Door & Trim Inc.,http://www.tdt-inc.com/,tdt-inc.com,+1 214-342-9393,"11220 Petal St, Dallas, TX 75238, United States",Todd Stivers,General Manager,3,,,,https://www.tdt-inc.com/aboutus/,"named on site as ""General Manager Larry Rodriquez Operati""",found
Texas Doors and Windows,http://www.txdoorsandwindows.com/,txdoorsandwindows.com,+1 512-912-6898,"812 Tradesmens Park Loop, Hutto, TX 78634, United States",,,,,,,,,no email published
Texas Elite Windows,http://txelitewindows.com/,txelitewindows.com,+1 512-775-7226,,,,,chandler@txelitewindows.com,unattributed,chandler@txelitewindows.com,https://www.txelitewindows.com/,"s smooth, stress-free, and tailored to what you need. Austin, TX and Surrounding Areas 512-775-7226 chandler@txelitewindows.com",found
Texas Home Improvement,https://texashomeimprovement.com/,texashomeimprovement.com,+1 737-361-1532,"6320 E Stassney Ln Suite 100, Austin, TX 78744, United States",,,,,,,,,no email published
Texas Mirrors & Doors LLC,https://txmirrors.com/,txmirrors.com,+1 512-459-3553,"2115 Northland Dr, Austin, TX 78756, United States",,,,tmdoors@sbcglobal.net,unattributed,tmdoors@sbcglobal.net,https://txmirrors.com/,tmdoors@sbcglobal.net tmdoors@sbcglobal.net tmdoors@sbcglobal.net tmdoors@sbcglobal.net Home Skip to main content Home Projects About Testimonials Contact Home Projects About Testimonials Contact FAMI,found
Texas Pride Mirror & Glass LLC,https://texaspridemirrornglass.com/,texaspridemirrornglass.com,+1 214-281-6638,,,,,,,,,,no email published
Texas Quick Construction,http://www.txquickconstruction.com/,txquickconstruction.com,+1 469-817-9329,,,,,info@txquickconstruction.com,generic mailbox,info@txquickconstruction.com,https://txquickconstruction.com/,"info@txquickconstruction.com info@txquickconstruction.com s Get a Free Inspection (469) 867-7321 Talk to an expert Contact Info info@txquickconstruction.com Dallas, TX 75228 Facebook X-twitter Linkedi",found
Texas Window & Door,https://twdremodeling.com/,twdremodeling.com,+1 469-588-4890,,,,,richard@texaswindowdoors.com,unattributed,richard@texaswindowdoors.com,https://twdremodeling.com/,  richard@twdremodeling.com richard@twdremodeling.com   richard@twdremodeling.com richard@twdremodeling.com,found
Texas Window & Door,https://twdremodeling.com/,twdremodeling.com,+1 469-588-4890,,,,,richard@twdremodeling.com,unattributed,richard@texaswindowdoors.com,https://twdremodeling.com/,  richard@twdremodeling.com richard@twdremodeling.com  (469)-588-4890  richard@twdremodeling.com HOME ABOUT US SERVICES Windows & Doors Pergola & Patio Cover Installation Shower Remodeling BLOG GA,found
Texas Window Store of Austin,https://www.texaswindowstore.com/austin/,texaswindowstore.com,+1 512-360-0612,"720 S Bell Blvd Bldg 7D, Cedar Park, TX 78613, United States",Jesse Westphal,Owner,1,,,contact@texaswindowstore.com,https://www.texaswindowstore.com/about-us/,"named on site as ""Owner Texas Window Store deli""",found
Texas Window Store of Austin,https://www.texaswindowstore.com/austin/,texaswindowstore.com,+1 512-360-0612,"720 S Bell Blvd Bldg 7D, Cedar Park, TX 78613, United States",,,,contact@texaswindowstore.com,generic mailbox,contact@texaswindowstore.com,https://www.texaswindowstore.com/about-us/,contact@texaswindowstore.com contact@texaswindowstore.com contact@texaswindowstore.com oor Installation Contact Contact Us Free Consultation & Estimate 512-522-1981 contact@texaswindowstore.com 720 S ,found
Texas Windows Direct,https://texaswindowsdirect.com/,texaswindowsdirect.com,+1 512-529-8612,"1710 Atlas Rd, Cedar Park, TX 78613, United States",,,,info@texaswindowsdirect.com,generic mailbox,info@texaswindowsdirect.com,https://www.texaswindowsdirect.com/,leave a review! Leave a Review Write a Review Star Rating: Submit Review Close Reviews Close Contact Us info@texaswindowsdirect.com (512) 529-8612 View Hours Business Hours Monday 08:00 AM - 07:00 PM ,found
The Door Doctor of South Florida Inc.,https://www.thedoordoctor.net/,thedoordoctor.net,+1 954-491-0039,"1188 NE 47th St, Oakland Park, FL 33334, United States",,,,info@thedoordoctor.net,generic mailbox,info@thedoordoctor.net,https://www.thedoordoctor.net/,,found
The Glass Guru,https://www.theglassguru.com/locations/austin-south-tx/?utm_source=GMB&utm_medium=profile_website_link,theglassguru.com,+1 512-862-9406,"11190 Circle Dr #490, Austin, TX 78736, United States",,,,,,,,,no email published
The Glass Guy Glass Repair,https://www.theglassguytx.com/,theglassguytx.com,+1 682-216-5638,,,,,info@theglassguytx.com,generic mailbox,theglassguycustomerservice@hotmail.com,https://www.theglassguytx.com/,info@theglassguytx.com info@theglassguytx.com Quick Links Home Page About Our Company Blog Projects Page Contact Us info@theglassguytx.com +1 (682)-216-5638 Servicing all of Dallas/ Fort-Worth. We're ,found
The Glass Guy Glass Repair,https://www.theglassguytx.com/,theglassguytx.com,+1 682-216-5638,,,,,theglassguycustomerservice@hotmail.com,unattributed,theglassguycustomerservice@hotmail.com,https://www.theglassguytx.com/contact-us-2/,"theglassguycustomerservice@hotmail.com info@theglassguytx.com theglassguycustomerservice@hotmail.com tact Us CONTACT DETAILS Happy to answer all your questions Our Location: Servicing all of Dallas, T",found
The Handy Hippie,https://www.thehandyhippie.com/,thehandyhippie.com,+1 512-888-2173,,,,,info@thehandyhippie.com,generic mailbox,info@thehandyhippie.com,https://www.thehandyhippie.com/,,found
The Original Frameless Shower Doors - Fort Lauderdale,https://www.framelessshowerdoors.com/local_franchisee/ft-lauderdale/,framelessshowerdoors.com,+1 954-510-9680,,,,,contact@fsdae.com,generic mailbox,contact@fsdae.com,https://www.framelessshowerdoors.com/,,found
The Shutter Store of Florida Inc,http://shutterstoreonline.com/,shutterstoreonline.com,+1 954-932-2352,"4308 NE 5th Terrace, Oakland Park, FL 33334, United States",,,,info@shutterstoreonline.com,generic mailbox,info@shutterstoreonline.com,https://www.shutterstoreonline.com/,"Email Us Contact Us 4308 NE 5th Terrace, Oakland Parks, FL 33334, US Email Us",found
The Window Connection,https://dallaswindows.com/,dallaswindows.com,+1 972-951-6120,,Dave Traynor,Founder,1,,,sales@dallaswindows.com,https://dallaswindows.com/personal-resume-dave-traynor.html,"named on site as ""Founder and General Manager The""",found
The Window Connection,https://dallaswindows.com/,dallaswindows.com,+1 972-951-6120,,,,,sales@dallaswindows.com,generic mailbox,sales@dallaswindows.com,https://dallaswindows.com/,on Blog has insight on Soundproofing windows and other specialty topics Reach out today! (972) 951-6120 Email us today about your project and we'll get right back to you!! sales@dallaswindows.com Copy,found
the window experts,http://www.thewindowexperts.com/about-us/,thewindowexperts.com,+1 214-865-6565,"25 Highland Park Village, Dallas, TX 75205, United States",Jeff Ludy,Founder,1,,,,https://thewindowexperts.com/,"named on site as ""Founder Get a free quote Get a""",found
The Window Guys of Texas,https://windowguystx.com/,windowguystx.com,+1 682-842-8489,,,,,,,,,,no email published
The Window Source of Austin,https://www.windowsourceaustin.com/,windowsourceaustin.com,+1 512-524-9455,"9415 Burnet Rd Ste 309A, Austin, TX 78758, United States",Moses Torres,Owner,1,,,belinda.gutierrez2015@gmail.com,https://windowsourceaustin.com/about-us/team/,"named on site as ""Owner""",found
The Window Source of Austin,https://www.windowsourceaustin.com/,windowsourceaustin.com,+1 512-524-9455,"9415 Burnet Rd Ste 309A, Austin, TX 78758, United States",Erica Torres,President,1,,,belinda.gutierrez2015@gmail.com,https://windowsourceaustin.com/about-us/team/,"named on site as ""Vice President Joseph Teniente Directo""",found
The Window Source of Austin,https://www.windowsourceaustin.com/,windowsourceaustin.com,+1 512-524-9455,"9415 Burnet Rd Ste 309A, Austin, TX 78758, United States",Michael Garvin,Sales Director,2,,,belinda.gutierrez2015@gmail.com,https://windowsourceaustin.com/about-us/team/,"named on site as ""Sales Director At The Window Source of""",found
The Window Source of Austin,https://www.windowsourceaustin.com/,windowsourceaustin.com,+1 512-524-9455,"9415 Burnet Rd Ste 309A, Austin, TX 78758, United States",,,,info@windowsourceofsa.com,generic mailbox,belinda.gutierrez2015@gmail.com,https://windowsourceaustin.com/,,found
The Window Source of Austin,https://www.windowsourceaustin.com/,windowsourceaustin.com,+1 512-524-9455,"9415 Burnet Rd Ste 309A, Austin, TX 78758, United States",,,,belinda.gutierrez2015@gmail.com,unattributed,belinda.gutierrez2015@gmail.com,https://windowsourceaustin.com/,,found
The Window Source of DFW,https://www.windowsourcedfw.com/,windowsourcedfw.com,+1 469-655-9148,"3216 Commander Dr Ste 101, Carrollton, TX 75006, United States",,,,info@windowsourcedfw.com,generic mailbox,info@windowsourcedfw.com,https://windowsourcedfw.com/,info@WindowSourceDFW.com 1-469-655-9148 info@WindowSourceDFW.com w Source reCAPTCHA demo: Simple page 1-469-655-9148 info@WindowSourceDFW.com CHECK OUT OUR SPECIAL OFFERS! FINANCING HOME FREE ESTIMATE,found
The Window Source of Miami,https://windowsourcemiami.com/?utm_campaign=gmb,windowsourcemiami.com,+1 754-254-0150,"3708 NW 16th St, Lauderhill, FL 33311, United States",Marat Sarafov,Owner,1,,,,https://www.windowsourcemiami.com/about-us,"named on site as ""Owner Limited Lifetime Warran""",found
Thermal Windows,http://www.thermalwindowsdfw.com/,thermalwindowsdfw.com,+1 214-630-5885,"8808 Empress Row, Dallas, TX 75247, United States",,,,in**@***************fw.com,unattributed,in**@***************fw.com,https://www.thermalwindowsdfw.com/careers/,in ** @ *************** fw.com Send resume to in ** @ *************** fw.com,found
Three Strong Restoration,https://threestrongrestoration.com/,threestrongrestoration.com,+1 779-970-1989,,,,,thr33strong@icloud.com,unattributed,thr33strong@icloud.com,https://threestrongrestoration.com/,thr33strong@icloud.com Contact Us thr33strong@icloud.com (779) 970-1989 Contact Form Quick Links Get My Free Estimate Home About Service Areas Gallery Our Services Decks Doors Windows Roof Repair Fram,found
Titan Builders Impact Windows Doors and Roofing,https://www.titanbuilders.us/,titanbuilders.us,+1 561-768-4826,"718 NW 8th Ave, Fort Lauderdale, FL 33311, United States",Shane Shackelford,President,1,,,info@titanbuilders.us,https://titanbuilders.us/,"named on site as ""President Hover for bio S Shane S""",found
Titan Builders Impact Windows Doors and Roofing,https://www.titanbuilders.us/,titanbuilders.us,+1 561-768-4826,"718 NW 8th Ave, Fort Lauderdale, FL 33311, United States",Fred Roger,Owner,1,,,info@titanbuilders.us,https://titanbuilders.us/,"named on site as ""owner""",found
Titan Builders Impact Windows Doors and Roofing,https://www.titanbuilders.us/,titanbuilders.us,+1 561-768-4826,"718 NW 8th Ave, Fort Lauderdale, FL 33311, United States",,,,info@titanbuilders.us,generic mailbox,info@titanbuilders.us,https://titanbuilders.us/,"info@titanbuilders.us Email info@titanbuilders.us info@titanbuilders.us Contact page 561-76-TITAN 954-860-8660 786-796-8565 info@titanbuilders.us also agree to receive marketing messages, including sp",found
Titan Siding Windows & Roofing,https://titansiding.com/,titansiding.com,+1 512-944-8029,"12112 Anderson Mill Rd Bldg 11a, Austin, TX 78726, United States",,,,mailto:mike.connors@titansiding.com,unattributed,mailto:mike.connors@titansiding.com,https://titansiding.com/about-titan,Request a Donation Request a Donation,found
Titan Siding Windows & Roofing,https://titansiding.com/,titansiding.com,+1 512-944-8029,"12112 Anderson Mill Rd Bldg 11a, Austin, TX 78726, United States",Mike Connors,,,mike.connors@titansiding.com,personal mailbox,mailto:mike.connors@titansiding.com,https://titansiding.com/about-titan,,found
Titan Siding Windows & Roofing,https://titansiding.com/,titansiding.com,+1 512-944-8029,"12112 Anderson Mill Rd Bldg 11a, Austin, TX 78726, United States",,,,youremail@yourbusiness.com,unattributed,mailto:mike.connors@titansiding.com,https://titansiding.com/contact-us,,found
TJ Window & Door Repair,https://tjwindowrepair.com/?utm_source=omg-gbp&utm_medium=webclick,tjwindowrepair.com,+1 954-765-6316,"784 NE 44th St, Oakland Park, FL 33334, United States",,,,info@tjwindowrepair.com,generic mailbox,info@tjwindowrepair.com,https://tjwindowrepair.com/,Email Address info@tjwindowrepair.com Email Address info@tjwindowrepair.com ews LEAVE US A REVIEW! Phone Number (954) 765-6316 Email Address info@tjwindowrepair.com Address 784 NE 44th Street Oakland ,found
Together Exterior & Outdoor Remodeling,https://together-exterior.com/,together-exterior.com,+1 833-400-3760,"1000 E 50th St C, Austin, TX 78751, United States",,,,info@together-dallas.com,generic mailbox,info@together-dallas.com,https://together-exterior.com/,"info@together-dallas.com info@together-dallas.com (866) 703-3047 1000 E 50th St C, Austin, TX 78751 Working Hours: 8:30AM - 5:30PM info@together-dallas.com © 2025 Together Exterior, All Rights Reserve",found
Together Exterior & Outdoor Remodeling,https://together-exterior.com/,together-exterior.com,+1 833-400-3760,"1000 E 50th St C, Austin, TX 78751, United States",,,,info@together-exterior.com,generic mailbox,info@together-dallas.com,https://together-exterior.com/contact/,"Email Email info@together-exterior.com info@together-exterior.com info@together-exterior.com Address 1000 E 50th St C, Austin, TX 78751 Let’s talk (866) 703-3047 Email info@together-exterior.com Conta",found
Top Notch Roofing & Exteriors INC.,http://topnotchroofing.net/,topnotchroofing.net,+1 815-721-4666,"7703 Forest Hills Rd, Loves Park, IL 61111, United States",,,,bader@topnotchroof.net,unattributed,bader@topnotchroof.net,https://www.topnotchroofing.net/,,found
Total Glassworks,https://www.totalglassworks.net/,totalglassworks.net,+1 512-831-7065,"12010 US-290 Ste 140, Austin, TX 78737, United States",,Owner,1,info@totalglassworks.net,generic mailbox,info@totalglassworks.net,https://www.totalglassworks.net/pages/glass-installation-replacement-shop-austin-tx-contact,info@totalglassworks.net info@totalglassworks.net info@totalglassworks.net info@totalglassworks.net Contact Number ✓ Valid Message Address 12010 US-290 suite 140 Austin Texas United States 78737 Phone,found
Town & Country Industries,https://www.tc-alum.com/location/fort-lauderdale-FL-33309-2144/,tc-alum.com,+1 954-970-9999,"400 W McNab Rd, Fort Lauderdale, FL 33309, United States",,,,,,,,,no email published
Transom Remodeling,https://transomremodeling.com/,transomremodeling.com,+1 469-818-0134,"11837 Judd Ct #112, Dallas, TX 75243, United States",,,,,,,,,no email published
Transom Windows and Doors,https://transomwindowsanddoors.com/,transomwindowsanddoors.com,+1 214-205-0903,"11837 Judd Ct #112, Dallas, TX 75243, United States",,,,,,,,,no email published
Trendy Home Quotes,https://hometrendyquote.com/,hometrendyquote.com,+1 225-384-1090,"2525 Inwood Rd ste 133, Dallas, TX 75235, United States",,,,contact@insurancetrendyquote.com,generic mailbox,contact@insurancetrendyquote.com,https://hometrendyquote.com/,support@hometrendyquote.com Contact support@hometrendyquote.com (833) 383-0278 Quick Link About us Privacy Policy Terms and Conditions,found
Trendy Home Quotes,https://hometrendyquote.com/,hometrendyquote.com,+1 225-384-1090,"2525 Inwood Rd ste 133, Dallas, TX 75235, United States",,,,support@hometrendyquote.com,generic mailbox,contact@insurancetrendyquote.com,https://hometrendyquote.com/,Long Distance Moving Gutter Solutions Siding Services Solar Services Dentist Services Contact support@hometrendyquote.com (833) 383-0278 Quick Link About us Privacy Policy Terms and Conditions By util,found
Tri-Supply - Austin,https://trisupplyhome.com/,trisupplyhome.com,+1 512-916-9354,"5811 Trade Center Dr Building 7, Suite 100, Austin, TX 78744, United States",Sharad Mudhol,Owner,1,,,,https://www.tri-supply.com/,"named on site as ""Owner""",found
Tri-Supply - Austin,https://trisupplyhome.com/,trisupplyhome.com,+1 512-916-9354,"5811 Trade Center Dr Building 7, Suite 100, Austin, TX 78744, United States",Jobsite Measuring,Partner,3,,,,https://www.tri-supply.com/,"named on site as ""Partner Portal Pro Benefits Exc""",found
Tri-Supply - Austin,https://trisupplyhome.com/,trisupplyhome.com,+1 512-916-9354,"5811 Trade Center Dr Building 7, Suite 100, Austin, TX 78744, United States",Continuing Education,Partner,3,,,,https://www.tri-supply.com/,"named on site as ""Partner Portal Tips""",found
Trinity Glazing Contractors,https://www.trinityglazing.com/,trinityglazing.com,+1 214-339-6444,"4520 Mint Way #1, Dallas, TX 75236, United States",,,,thorpedo1015@yahoo.com,unattributed,thorpedo1015@yahoo.com,https://trinityglazing.com/,Website designed and created by Derek Thorpe Website designed and created by Derek Thorpe,found
True View Windows & Glass,https://www.trueviewglass.com/,trueviewglass.com,+1 602-431-8783,"2222 E Jones Ave, Phoenix, AZ 85040, United States",,,,commercialestimating@trueviewglass.com,unattributed,commercialestimating@trueviewglass.com,https://www.trueviewglass.com/,"Contact the Commercial Team Everything Glass - One Call If it's Made of Glass and in or on a Building True View is Your One-Call Solution Contact the True View Team The View You Deserve Free, No-Oblig",found
True View Windows & Glass,https://www.trueviewglass.com/,trueviewglass.com,+1 602-431-8783,"2222 E Jones Ave, Phoenix, AZ 85040, United States",,,,phoenixsales@trueviewglass.com,unattributed,commercialestimating@trueviewglass.com,https://www.trueviewglass.com/true-view-glass-locations/,phoenixsales@trueviewglass.com phoenixsales@trueviewglass.com 602-560-7028 520-987-8506 720-575-8333 reers Review Us FAQs Blog Special Offers & Discounts Financing Product Warranties Before & After Es,found
True View Windows & Glass,https://www.trueviewglass.com/,trueviewglass.com,+1 602-431-8783,"2222 E Jones Ave, Phoenix, AZ 85040, United States",,,,denversales@trueviewglass.com,unattributed,commercialestimating@trueviewglass.com,https://www.trueviewglass.com/true-view-glass-locations/,"tucsonsales@trueviewglass.com denversales@trueviewglass.com denversales@trueviewglass.com ion / Showroom Hours Mon – Fri: 7:30am – 4:00pm Sat & Sun: CLOSED 24-Hour Emergency Services Available Denver,",found
True View Windows & Glass,https://www.trueviewglass.com/,trueviewglass.com,+1 602-431-8783,"2222 E Jones Ave, Phoenix, AZ 85040, United States",,,,tucsonsales@trueviewglass.com,unattributed,commercialestimating@trueviewglass.com,https://www.trueviewglass.com/true-view-glass-locations/,"tucsonsales@trueviewglass.com tucsonsales@trueviewglass.com – Fri: 7:30am – 4:30pm (Will Call Closes at 4:30pm) Sat & Sun: CLOSED 24-Hour Emergency Services Available Tucson, AZ Metro Area Window & Gl",found
TrueSafe Renovations,http://www.truesaferenovations.com/,truesaferenovations.com,+1 972-330-3906,"10925 Estate Ln Ste 214, Dallas, TX 75238, United States",,,,,,,,,no email published
Trustmark Exteriors,https://www.trustmarkexteriors.com/?utm_source=google&utm_medium=gbp,trustmarkexteriors.com,+1 817-859-8369,"2832 SE Loop 820, Fort Worth, TX 76140, United States",,,,,,,,,no email published
TWT Exteriors & Roofing,https://twtexteriors.com/,twtexteriors.com,+1 512-878-3892,"12600 Hill Country Blvd Ste R-275 #191, Bee Cave, TX 78738, United States",Keith Wright,President,1,,,,https://twtexteriors.com/about/,"named on site as ""President""",found
TWT Exteriors & Roofing,https://twtexteriors.com/,twtexteriors.com,+1 512-878-3892,"12600 Hill Country Blvd Ste R-275 #191, Bee Cave, TX 78738, United States",Candice Wright,Owner,1,,,,https://twtexteriors.com/about/,"named on site as ""Co-Owner""",found
TWT Exteriors & Roofing,https://twtexteriors.com/,twtexteriors.com,+1 512-878-3892,"12600 Hill Country Blvd Ste R-275 #191, Bee Cave, TX 78738, United States",Greg Stone,President,1,,,,https://twtexteriors.com/about/,"named on site as ""Vice President of Construction""",found
TWT Exteriors & Roofing,https://twtexteriors.com/,twtexteriors.com,+1 512-878-3892,"12600 Hill Country Blvd Ste R-275 #191, Bee Cave, TX 78738, United States",David Hinson,President,1,,,,https://twtexteriors.com/about/,"named on site as ""Vice President of Production""",found
TWT Exteriors & Roofing,https://twtexteriors.com/,twtexteriors.com,+1 512-878-3892,"12600 Hill Country Blvd Ste R-275 #191, Bee Cave, TX 78738, United States",San Antonio,President,1,,,,https://twtexteriors.com/about/,"named on site as ""Vice President of Construction""",found
TXFirstRemodel,https://txfirstremodel.com/,txfirstremodel.com,+1 888-469-0049,"3423 N Winnetka Ave, Dallas, TX 75212, United States",,,,,,,,,no email published
U.S. Window Specialists LLC,https://uswindowspecialists.com/,uswindowspecialists.com,+1 800-223-8099,,,,,sales@titan-glazing.com,generic mailbox,sales@titan-glazing.com,https://titan-glazing.com/,"sales@titan-glazing.com sales@titan-glazing.com Pages Home Contact Us Privacy Policy Contact Info 4440 Tradition Trail, Suite 103, Plano, TX 75093 sales@titan-glazing.com 800-223-8099 © Titan Glazing ",found
U.S. Window Specialists LLC,https://uswindowspecialists.com/,uswindowspecialists.com,+1 800-223-8099,,,,,admin@titan-glazing.com,generic mailbox,sales@titan-glazing.com,https://titan-glazing.com/contact/,"admin@titan-glazing.com admin@titan-glazing.com Office 4440 Tradition Trail, Suite 103, Plano, TX 75093 800-223-8099 Contact Info Prequalification Questions: admin@titan-glazing.com Estimates & Opport",found
Universal Door Repair,https://universaldoorrepair.co/,universaldoorrepair.co,+1 214-529-3594,"4001 N Westmoreland Rd, Dallas, TX 75212, United States",,,,universaldoorrepair@verizon.net,unattributed,universaldoorrepair@verizon.net,https://universaldoorrepair.co/,"– With our team by your side, you can rest assured that we will exceed all of your door repair expectations. CONTACT UNIVERSAL DOOR REPAIR REQUEST A CONSULTATION TODAY universaldoorrepair@verizon.net ",found
Urban Glaze Construction,https://urbanglazeconstruction.com/,urbanglazeconstruction.com,+1 737-333-1058,,,,,urbanglazeconstruction@gmail.com,unattributed,urbanglazeconstruction@gmail.com,https://urbanglazeconstruction.com/,Request Estimate Request Estimate urbanglazeconstruction@gmail.com Email urbanglazeconstruction@gmail.com Start a Project → Email urbanglazeconstruction@gmail.com Phone +1 (737) 333-1058 Start a Proje,found
USA Windows and Doors,https://www.usawindowsanddoors.com/?utm_campaign=gmb,usawindowsanddoors.com,+1 954-289-9590,"13800 NW 2nd St Unit 140, Sunrise, FL 33325, United States",,,,info@usawindowsanddoors.com,generic mailbox,info@usawindowsanddoors.com,https://www.usawindowsanddoors.com/,"info@usawindowsanddoors.com 13800 NW 2nd Street, Unit 140 Â· Sunrise, FL 33325 MonâSat Â· (954) 637-7029 Â· info@usawindowsanddoors.com info@usawindowsanddoors.com Headquarters 13800 NW 2nd Street U",found
Valencia Remodeling and Construction,http://www.valenciaremodeling.com/,valenciaremodeling.com,+1 469-656-5402,"8204 Elmbrook Dr #205, Dallas, TX 75247, United States",,,,info@valenciaremodeling.com,generic mailbox,info@valenciaremodeling.com,https://www.valenciaremodeling.com/,,found
Vantage Windows LLC,https://thevantagewindows.com/,thevantagewindows.com,+1 469-283-6744,"2100 Valley View Ln #301, Farmers Branch, TX 75234, United States",,,,office@thevantagewindows.com,generic mailbox,office@thevantagewindows.com,https://thevantagewindows.com/,office@thevantagewindows.com office@thevantagewindows.com out Us Financing Options Contact Us Services Custom Window Replacement Sliding Glass Doors Patio Doors Energy Efficient Upgrades Contact 2100 ,found
Vico Windows Inc,http://www.vicowindows.com/,vicowindows.com,+1 954-563-5686,"4275 NE 6th Ave, Oakland Park, FL 33334, United States",,,,info@indiantypefoundry.com,generic mailbox,eben@eyebytes.com,https://vicowindows.com/,,found
Vico Windows Inc,http://www.vicowindows.com/,vicowindows.com,+1 954-563-5686,"4275 NE 6th Ave, Oakland Park, FL 33334, United States",,,,eben@eyebytes.com,unattributed,eben@eyebytes.com,https://vicowindows.com/,,found
Vinyl Siding Austin,https://www.sidingcontractoraustin.com/contact,sidingcontractoraustin.com,+1 512-607-7837,"8100 Cross Park Dr, Austin, TX 78754, United States",,,,contact@sidingcontractoraustin.com,generic mailbox,contact@sidingcontractoraustin.com,https://www.sidingcontractoraustin.com/,,found
VISION IMPACT WINDOWS & DOORS,https://www.visionimpactwindowsanddoors.com/,visionimpactwindowsanddoors.com,+1 754-290-0123,"271 SW 33rd Ct #6, Fort Lauderdale, FL 33315, United States",,,,office@visionkitchenremodeling.com,generic mailbox,office@visionkitchenremodeling.com,https://www.visionimpactwindowsanddoors.com/,,found
Vision Windows & Doors,http://windowanddoorco.com/,windowanddoorco.com,+1 602-430-7614,,,,,,,,,,no email published
Vision Windows LLC,https://www.azvisionwindow.com/,azvisionwindow.com,+1 480-217-0151,,,,,brandon@azvisionwindow.com,unattributed,brandon@azvisionwindow.com,https://www.azvisionwindow.com/,brandon@azvisionwindow.com brandon@azvisionwindow.com best serve you. Get in touch with us today to learn how Vision Windows can help you. ROC# 332700 Contact (480) 217-0151 brandon@azvisionwindow.com,found
Vision Windows LLC,https://www.azvisionwindow.com/,azvisionwindow.com,+1 480-217-0151,,,,,matt@azvisionwindow.com,unattributed,brandon@azvisionwindow.com,https://www.azvisionwindow.com/contact-us/,matt@azvisionwindow.com matt@azvisionwindow.com Replacements (480) 217-0151 brandon@azvisionwindow.com New Builds (480) 527-4793 matt@azvisionwindow.com Facebook-f Instagram Google Receive a FREE Esti,found
Vista Windows & Doors,http://www.vistawd.com/,vistawd.com,+1 512-927-9011,"4715 S Lamar Blvd #101B, Sunset Valley, TX 78745, United States",,,,info@vistawd.com,generic mailbox,bids@vistawd.com,https://www.vistawd.com/contact,bids@vistawd.com Email bids@vistawd.com Office Phone (512) 927-9011,found
Vista Windows & Doors,http://www.vistawd.com/,vistawd.com,+1 512-927-9011,"4715 S Lamar Blvd #101B, Sunset Valley, TX 78745, United States",,,,bids@vistawd.com,unattributed,bids@vistawd.com,https://www.vistawd.com/contact,"s or would like to get started on your custom window and door experience, please contact us via email or phone to schedule a showroom visit. We look forward to hearing from you. Email bids@vistawd.com",found
Vista Windows and Doors,https://www.vistawindowsaz.com/,vistawindowsaz.com,+1 480-744-2884,"3225 N Arizona Ave Ste C13, Chandler, AZ 85225, United States",,,,vistawindowsphoenix@gmail.com,unattributed,vistawindowsphoenix@gmail.com,https://vistawindowsaz.com/,vistawindowsphoenix@gmail.com (480) 744-2884 vistawindowsphoenix@gmail.com vistawindowsphoenix@gmail.com Please reach us at vistawindowsphoenix@gmail.com if you cannot find an answer to your question.,found
Vista Windows and Doors,https://www.vistawindowsaz.com/,vistawindowsaz.com,+1 480-744-2884,"3225 N Arizona Ave Ste C13, Chandler, AZ 85225, United States",,,,impallari@gmail.com,unattributed,vistawindowsphoenix@gmail.com,https://vistawindowsaz.com/,,found
Vista Windows and Doors,https://www.vistawindowsaz.com/,vistawindowsaz.com,+1 480-744-2884,"3225 N Arizona Ave Ste C13, Chandler, AZ 85225, United States",,,,team@latofonts.com,generic mailbox,vistawindowsphoenix@gmail.com,https://vistawindowsaz.com/,,found
W Tint X - Car Window Tinting,https://wtintx.com/,wtintx.com,+1 512-979-0143,"11116 Middle Fiskville Rd Ste g, Austin, TX 78753, United States",,,,w.tintatx@gmail.com,unattributed,w.tintatx@gmail.com,https://wtintx.com/,"wtintx.com | (512) 979-0143 (202) 908-9827 w.tintatx@gmail.com Follow Main services Auto Glass Replacement Window Tint We don't just protect vehicles, We Take Care of Investmen ou in our workshop. We'",found
Warner Roofing & Restoration,https://www.warnerroofdog.com/,warnerroofdog.com,+1 815-877-7663,"417 S Winnebago St, Rockford, IL 61102, United States",Scott Warner,President,1,,,warner.roof@gmail.com,https://www.warnerroofdog.com/about-us,"named on site as ""President Button Adam Hayes Vice""",found
Warner Roofing & Restoration,https://www.warnerroofdog.com/,warnerroofdog.com,+1 815-877-7663,"417 S Winnebago St, Rockford, IL 61102, United States",Tyler Svartoien,Sales Director,2,,,warner.roof@gmail.com,https://www.warnerroofdog.com/about-us,"named on site as ""Director of Sales Operations Learn More K""",found
Warner Roofing & Restoration,https://www.warnerroofdog.com/,warnerroofdog.com,+1 815-877-7663,"417 S Winnebago St, Rockford, IL 61102, United States",Warner Roof,,,warner.roof@gmail.com,personal mailbox,warner.roof@gmail.com,https://www.warnerroofdog.com/,,found
"Waseem doors Yes Tamen merdeka jalan m6, fasa 2, Jln Taman Merdeka, 75350 Melaka, Malaysia +60 11-1622 8673",http://waseemdoors.com/,waseemdoors.com,,,,,,info@waseemdoors.com,generic mailbox,info@waseemdoors.com,https://waseemdoors.com/,Contact Us Services Door Installation Window Installation Window Installation Door Installation Contact Us info@waseemdoors.com +60 11-1622 8673 +60 11-1622 8673 Facebook Youtube,found
WCV Windows,https://www.westcoastvinyl.com/about-us,westcoastvinyl.com,,"327 E Wildwood Dr, Phoenix, AZ 85048, United States",,,,,,,,,no email published
We are Sliding Door Repair,https://slidingdoorsrepairfl.com/,slidingdoorsrepairfl.com,+1 954-412-0101,"101 NE 3rd Ave #1500, Fort Lauderdale, FL 33301, United States",,,,weare@slidingdoorsrepairfl.com,unattributed,weare@slidingdoorsrepairfl.com,https://slidingdoorsrepairfl.com/,"weare@slidingdoorsrepairfl.com weare@slidingdoorsrepairfl.com Email us at weare@slidingdoorsrepairfl.com Email us at weare@slidingdoorsrepairfl.com g door repair in Broward – Palm Beach County, FL. “W",found
weinstallwindows.com,https://weinstallwindows.com/,weinstallwindows.com,+1 214-239-9108,,,,,gh@knoxdwall.com,unattributed,gh@knoxdwall.com,https://knoxdwall.com/,"Skip to content Home Services About Us Contact Get a Quote Refer a Friend and Get Up to $1,000 Facebook Instagram gh@knoxdwall.com | (214) 239 – 9108 Drywall • Windows • Doors • Interior Finish-Outs R",found
Well Done Screen Repair,http://welldonescreenrepair.com/,welldonescreenrepair.com,+1 512-771-9910,"13102 Lubbock Ln, Austin, TX 78729, United States",,,,,,,,,no email published
West Austin Siding Solutions,https://westaustinsidingsolutions.com/,westaustinsidingsolutions.com,+1 512-960-3710,"1700 Ranch Rd 620 S, Lakeway, TX 78734, United States",,,,,,,,,no email published
Western Pacific Building Materials - Austin,https://www.gowestpac.com/,gowestpac.com,+1 512-989-1445,"15855 Long Vista Dr #103, Austin, TX 78728, United States",Jeff Johnson,President,1,,,,https://gowestpac.com/,"named on site as ""President""",found
Wilco Windows & Siding,https://www.wilcodesign.co/,wilcodesign.co,+1 512-316-7526,,,,,info@wilcodesign.co,generic mailbox,info@wilcodesign.co,https://www.wilcodesign.co/,,found
WINDO – European Aluminum Windows & Doors by Reynaers Schueco Aluprof Alumil & Cortizo,https://windo.io/,windo.io,+1 512-738-0330,"7801 N Lamar Blvd B 156, Austin, TX 78752, United States",,,,,,,,,no email published
Window & Door Hilt LLC,https://windowanddoorhilt.com/,windowanddoorhilt.com,+1 361-563-9230,"1213 Marilyn Jayne Ln, Rockwall, TX 75087, United States",,,,wdhllctexas@gmail.com,unattributed,wdhllctexas@gmail.com,https://www.windowanddoorhilt.com/,"Built on Quality. Made to Last. Address 1213 Marilyn Jayne Drive Rockwall, TX 75087 Contact (361) 563-9230 wdhllctexas@gmail.com Info Privacy Policy Terms of Service",found
Window Depot USA of Austin TX,https://windowdepotaustin.com/,windowdepotaustin.com,+1 512-201-6447,"6514 McNeil Dr Ste 1-100, Austin, TX 78729, United States",,,,,,,,,no email published
Window Depot USA of Dallas,https://windowdepotdallas.com/,windowdepotdallas.com,+1 214-399-9592,"4425 W Airport Fwy Ste 119, Irving, TX 75062, United States",Chris Perry,Owner,1,,,,https://windowdepotdallas.com/,"named on site as ""owner""",found
Window e-Store,https://windowestore.com/,windowestore.com,+1 855-290-6366,"1912 W Anderson Ln. Ste 208B, Austin, TX 78757, United States",,,,customerservice@windowestore.com,generic mailbox,customerservice@windowestore.com,https://windowestore.com/,,found
Window Installation Fort Lauderdale,https://smart-impact-window-installation.com/,smart-impact-window-installation.com,+1 754-551-5551,,,,,,,,,,no email published
Window Nation Dallas,https://www.windownation.com/locations/texas/grand-prairie?utm_code=CMP-08802-Y8W8G&utm_source=google&utm_medium=organic&utm_content=GMB_showroom,windownation.com,+1 972-332-5412,"2940 N Hwy 360 #300, Grand Prairie, TX 75050, United States",,,,,,,,,no email published
Window Rehab,https://www.windowrehab.com/,windowrehab.com,+1 602-546-3200,"3250 N Colorado St, Chandler, AZ 85225, United States",,Owner,1,info@windowrehab.com,generic mailbox,careers@windowrehab.com,https://www.windowrehab.com/,Info@WindowRehab.com​ ​ Info@WindowRehab.com​ tall GET YOUR FREE ESTIMATE Renovate the Past. Define The Future. Arizona's top ProVia specialist. Owner / Founded by a Arizona Local Window Installer. Co,found
Window Rehab,https://www.windowrehab.com/,windowrehab.com,+1 602-546-3200,"3250 N Colorado St, Chandler, AZ 85225, United States",,,,careers@windowrehab.com,unattributed,careers@windowrehab.com,https://www.windowrehab.com/contact-10,"careers@windowrehab.com careers@windowrehab.com career or bringing years of experience, we're looking for people who take pride in their work, enjoy helping homeowners, and want to grow with a company",found
Window Universe Austin,https://windowuniverseaustin.com/,windowuniverseaustin.com,+1 844-983-9773,,,,,hello@windowuniverseaustin.com,generic mailbox,hello@windowuniverseaustin.com,https://windowuniverseaustin.com/,"hello@windowuniverseaustin.com Window Universe - Contact Our Austin Team Showroom Address: 8301 Springdale Rd Suite 100 Austin, TX 78724 Read this BEFORE visiting the showroom Phone: (844) 983-9773 Em",found
Window Universe Dallas Ft Worth,https://windowuniversedfw.com/,windowuniversedfw.com,+1 844-983-9773,"1431 Greenway Dr Ste 80042, Irving, TX 75038, United States",,,,sarah@windowuniversedfw.com,unattributed,sarah@windowuniversedfw.com,https://windowuniversedfw.com/,"sarah@windowuniversedfw.com Window Universe - Contact Our Dallas Ft Worth Team Showroom Address: 3450 S Watson Rd Arlington, TX 76014 Read this BEFORE visiting the showroom Phone: (844) 983-9773 Email",found
Window World of Austin,https://www.windowworldaustin.com/,windowworldaustin.com,+1 512-383-1222,"5812 Trade Center Dr #300, Austin, TX 78744, United States",,,,,,,,,no email published
Window World of Dallas-Fort Worth,https://www.windowworlddfw.com/,windowworlddfw.com,+1 972-623-9993,"600 N Coit Rd Ste 2052, Richardson, TX 75080, United States",,,,,,,,,no email published
Window World of Phoenix,http://www.windowworldphoenix.com/,windowworldphoenix.com,+1 602-962-5164,"2530 W Holly St, Phoenix, AZ 85009, United States",,,,,,,,,no email published
Window World of Rockford,https://www.windowworldrockford.com/,windowworldrockford.com,+1 815-395-1333,"6010 Forest Hills Rd, Loves Park, IL 61111, United States",,,,,,,,,no email published
Window Zone,https://windowzonedfw.com/,windowzonedfw.com,+1 469-557-6333,"2309 Springlake Rd #630, Farmers Branch, TX 75234, United States",,,,info@windowzonedfw.com,generic mailbox,info@windowzonedfw.com,https://windowzonedfw.com/,,found
WindowCraft Inc,https://www.windowcraft.biz/,windowcraft.biz,+1 214-358-7110,"4412 W Lovers Ln, Dallas, TX 75209, United States",,,,,,,,,no email published
WindowCraft Inc.,https://windowcraftinc.com/,windowcraftinc.com,+1 940-726-5008,"6441 I-35 Frontage Rd, Gainesville, TX 76240, United States",,,,,,,,,no email published
Windowman of South Florida,http://windowmanflorida.com/,windowmanflorida.com,+1 954-946-1553,"6001 Powerline Rd Ste A, Fort Lauderdale, FL 33309, United States",,,,,,,,,no email published
Windowmere Windows and Doors,https://windormere-windows-doors.com/,windormere-windows-doors.com,+1 214-695-1335,"202 N West St A, Rockwall, TX 75087, United States",,,,,,,,,no email published
Windowpros Window Replacement,http://austinwindowpros.com/,austinwindowpros.com,+1 512-422-1907,"13359 N N Hwy 183 Suite 406-520, Austin, TX 78750, United States",Industry Experience,Owner,1,,,windowprosllc@gmail.com,https://www.austinwindowpros.com/,"named on site as ""Owner""",found
Windowpros Window Replacement,http://austinwindowpros.com/,austinwindowpros.com,+1 512-422-1907,"13359 N N Hwy 183 Suite 406-520, Austin, TX 78750, United States",,,,windowprosllc@gmail.com,unattributed,windowprosllc@gmail.com,https://www.austinwindowpros.com/,"windowprosllc@gmail.com windowprosllc@gmail.com & Outdoor Structures Service Areas Austin, TX Round Rock, TX Pflugerville, TX Killeen, TX Georgetown, TX Contact (512) 422-1907 windowprosllc@gmail.com ",found
Windows & Doors by James,https://www.windowsanddoorsbyjames.com/,windowsanddoorsbyjames.com,+1 512-379-1652,,,Owner,1,james@windowsanddoorsbyjames.com,unattributed,james@windowsanddoorsbyjames.com,https://www.windowsanddoorsbyjames.com/contact,Contact Contact us. Owner/Operator James Severeid 512-379-1652 James@WindowsAndDoorsByJames.com Windows & Doors By James Windows | Doors,found
Windows & Doors by James,https://www.windowsanddoorsbyjames.com/,windowsanddoorsbyjames.com,+1 512-379-1652,,,,,james@severeidindustries.com,unattributed,james@windowsanddoorsbyjames.com,https://www.windowsanddoorsbyjames.com/,,found
Windows & Doors by James,https://www.windowsanddoorsbyjames.com/,windowsanddoorsbyjames.com,+1 512-379-1652,,,,,jandjindustriesatx@gmail.com,unattributed,james@windowsanddoorsbyjames.com,https://www.windowsanddoorsbyjames.com/,,found
Windows & More Solutions Inc,http://www.windowsmoresolutions.com/,windowsmoresolutions.com,+1 954-534-1960,"4875 Volunteer Rd, Fort Lauderdale, FL 33330, United States",,,,,,,,,no email published
Windows Direct,http://www.windowsdirectarizona.com/,windowsdirectarizona.com,+1 602-698-5580,,,,,,,,,,no email published
Windows of Austin,https://windowsofaustin.com/,windowsofaustin.com,+1 512-954-2100,"5524 Bee Caves Rd Ste B-3, Austin, TX 78746, United States",,,,,,,,,no email published
Windows of Fort Lauderdale,https://windowsoffortlauderdale.com/,windowsoffortlauderdale.com,+1 754-354-7816,"6330 N Andrews Ave, Fort Lauderdale, FL 33309, United States",,,,info@windowsoffortlauderdale.com,generic mailbox,info@windowsoffortlauderdale.com,https://windowsoffortlauderdale.com/contact-us/,,found
Windows of Texas Inc.,https://windowsoftexas.com/,windowsoftexas.com,+1 682-201-5645,"312 W Northwest Hwy, Grapevine, TX 76051, United States",,,,mvinez@windowsoftexas.com,unattributed,mvinez@windowsoftexas.com,https://windowsoftexas.com/,mvinez@windowsoftexas.com mvinez@windowsoftexas.com out Windows and Doors Contact Our Services Services Warranty FAQs Contractors Contact Us Serving Luxury homes in DFW Mike: +1 (682) 201-5645 mvinez@,found
Windows of Texas Inc.,https://windowsoftexas.com/,windowsoftexas.com,+1 682-201-5645,"312 W Northwest Hwy, Grapevine, TX 76051, United States",,,,kburnett@windowsoftexas.com,unattributed,mvinez@windowsoftexas.com,https://windowsoftexas.com/,kburnett@windowsoftexas.com kburnett@windowsoftexas.com es Services Warranty FAQs Contractors Contact Us Serving Luxury homes in DFW Mike: +1 (682) 201-5645 mvinez@windowsoftexas.com Kim: +1 (940) 279,found
windows stock market,https://windowsstockmarket.com/,windowsstockmarket.com,+1 754-707-3281,,,,,windowsstockmarket@gmail.com,unattributed,windowsstockmarket@gmail.com,https://windowsstockmarket.com/,,found
WindowWall of Ft. Lauderdale,https://windowwallfl.com/,windowwallfl.com,+1 954-945-8212,"3150 Prospect Rd Ste 350, Fort Lauderdale, FL 33309, United States",,,,,,,,,no email published
Wolfpack Roofing & Exteriors,https://wolfpackrfg.com/?utm_source=google&utm_medium=organic&utm_campaign=gmb,wolfpackrfg.com,+1 512-790-7663,"12201 Alcanza Dr, Austin, TX 78739, United States",Michael Boy,Owner,1,,,,https://wolfpackrfg.com/,"named on site as ""Owner You""",found
Wood & Stone Homes,http://www.woodandstonehomes.com/,woodandstonehomes.com,+1 512-460-0094,,,,,ted@woodandstonehomes.com,unattributed,ted@woodandstonehomes.com,https://woodandstonehomes.com/,Request a Consultation Request a Consultation,found
Wood & Stone Homes,http://www.woodandstonehomes.com/,woodandstonehomes.com,+1 512-460-0094,,,,,contact@sansoxygen.com,generic mailbox,ted@woodandstonehomes.com,https://woodandstonehomes.com/,,found
Woodbridge Home Solutions,https://www.woodbridgehomesolutions.com/service-area/dallas-tx/?utm_source=google&utm_medium=organic&utm_campaign=GMBListing-Dallas-TX,woodbridgehomesolutions.com,+1 855-907-4299,"4519 Sigma Rd, Dallas, TX 75244, United States",,,,,,,,,no email published
Woodruff Windows,https://woodruffwindows.com/location/garland-texas/,woodruffwindows.com,+1 214-390-9426,"9330 Lyndon B Johnson Fwy #900, Dallas, TX 75243, United States",Years Exp,Founder,1,,,info@woodruffwindows.com,https://woodruffwindows.com/our-story/,"named on site as ""Founder""",found
Woodruff Windows,https://woodruffwindows.com/location/garland-texas/,woodruffwindows.com,+1 214-390-9426,"9330 Lyndon B Johnson Fwy #900, Dallas, TX 75243, United States",,,,info@woodruffwindows.com,generic mailbox,info@woodruffwindows.com,https://woodruffwindows.com/,"Info@woodruffwindows.com Info@woodruffwindows.com Contact Us Windows & Doors Services Brands We Install Window Types Door Types Financing & Discounts Warranty Contact 6180 CR 123 McKinney, TX 75071 (2",found
Wow Windows & Glass LLC,http://www.wowwindowsglass.com/,wowwindowsglass.com,+1 469-892-6662,"1201 Walnut Ave #6, Carrollton, TX 75006, United States",,,,office@wowwindowsglass.com,generic mailbox,impallari@gmail.com,https://wowwindowsglass.com/,"office@wowwindowsglass.com (469) 892-6662 office@wowwindowsglass.com nd click the button below to fill out our form. We'll get back to you as soon as we can! Wow Windows and Glass, LLC 1201 Walnut Str",found
Wow Windows & Glass LLC,http://www.wowwindowsglass.com/,wowwindowsglass.com,+1 469-892-6662,"1201 Walnut Ave #6, Carrollton, TX 75006, United States",,,,impallari@gmail.com,unattributed,impallari@gmail.com,https://wowwindowsglass.com/,,found
Wow Windows & Glass LLC,http://www.wowwindowsglass.com/,wowwindowsglass.com,+1 469-892-6662,"1201 Walnut Ave #6, Carrollton, TX 75006, United States",,,,team@latofonts.com,generic mailbox,impallari@gmail.com,https://wowwindowsglass.com/,,found
Wyndoorco,https://wyndoorco.com/,wyndoorco.com,+1 972-922-3578,"3626 N Hall St Ste 610, Dallas, TX 75219, United States",,,,wyndoorco@gmail.com,unattributed,wyndoorco@gmail.com,https://wyndoorco.com/,wyndoorco@gmail.com wyndoorco@gmail.com Home - WYNDOORCO Skip to content 972-922-3578 wyndoorco@gmail.com Instagram Facebook Home Who We Are Our Services Projects Windows Doors Gallery Contact Open mo,found
XLR8 Industries LLC,https://xlr8ind.com/,xlr8ind.com,+1 214-457-2814,"W Kiest Blvd, Dallas, TX 75236, United States",,,,support@xlr8ind.com,generic mailbox,support@xlr8ind.com,https://xlr8industries.com/contact,"uote Who We Are Contact Contact Us support@xlr8ind.com +1 (214)457-2814 Go Forward, XLR8. Follow us Explore Sig",found
Y21 GLASS,http://y21glass.com/?utm_source=gmb&utm_medium=referral,y21glass.com,+1 512-227-1975,,,,,,,,,,no email published
Yacht Windows FL,https://yachtwindowfl.com/,yachtwindowfl.com,+1 305-497-7723,,,,,americanmarinea@gmail.com,unattributed,americanmarinea@gmail.com,https://www.yachtwindowfl.com/,Mail Mail americanmarinea@gmail.com americanmarinea@gmail.com t Description Submit Seamless Solutions for Your Yacht Window Needs Quicklinks Home Services Contact Blog Terms and Conditions Contact Inf,found
Your Window Solutions,https://yourwindowsolution.webflow.io/,yourwindowsolution.webflow.io,+1 754-715-6017,,,,,info@prestigewindoor.com,generic mailbox,bonjour@theophilevasseur.com,https://yourwindowsolution.webflow.io/,YOURWINDOWSOLUTIONFL@GMAIL.COM YOURWINDOWSOLUTIONFL@GMAIL.COM AP PORTAL EMAIL US EMAIL US CALL US,found
Your Window Solutions,https://yourwindowsolution.webflow.io/,yourwindowsolution.webflow.io,+1 754-715-6017,,,,,bonjour@theophilevasseur.com,unattributed,bonjour@theophilevasseur.com,https://yourwindowsolution.webflow.io/,Follow me,found
Your Window Solutions,https://yourwindowsolution.webflow.io/,yourwindowsolution.webflow.io,+1 754-715-6017,,,,,yourwindowsolutionfl@gmail.com,unattributed,bonjour@theophilevasseur.com,https://yourwindowsolution.webflow.io/,Home | Your Window Solution FL Loading Menu +1 (754) 271-9137 IMPACT CATALOG WARRANTY prestige YOURWINDOWSOLUTIONFL@GMAIL.COM AP PORTAL finance Contact APPOINTMENT BOOK A FREE CONSULTATION RECEIVE A F,found
Zelaya Windows & Glass,https://www.zelayawindows.com/?utm_source=google&utm_medium=wix_google_business_profile&utm_campaign=16006523137603938515,zelayawindows.com,+1 469-544-1045,"1510 Randolph St Ste 203, Carrollton, TX 75006, United States",,,,,,,,,no email published
Zen Windows Austin,https://zenwindows.com/?utm_source=google&utm_medium=organic&utm_campaign=maps_austin,zenwindows.com,+1 512-647-1707,"1 Chisholm Trail Rd Ste 450, Round Rock, TX 78681, United States",,,,info@zenwindows.com,generic mailbox,info@zenwindows.com,https://zenwindows.com/,,found
Zeus Exteriors LLC,http://www.zeusexteriors.com/,zeusexteriors.com,+1 469-771-0988,"2815 Valley View Ln #210, Dallas, TX 75234, United States",,,,info@zeusexteriors.com,generic mailbox,info@zeusexteriors.com,https://zeusexteriors.com/,,found
Zeus Exteriors LLC,http://www.zeusexteriors.com/,zeusexteriors.com,+1 469-771-0988,"2815 Valley View Ln #210, Dallas, TX 75234, United States",,,,info@zuesexteriors.com,generic mailbox,info@zeusexteriors.com,https://zeusexteriors.com/,,found
