company_name,website,domain,phone,address,rating,review_count,qualified,window_services,also_vehicle_glass,evidence,source,site_status,conflicts_with_earlier_research,pages_checked
Radiant Plumbing Air Conditioning & Electrical Yes,https://radiantplumbing.com/austin/?utm_source=google&utm_medium=businesslisting&utm_campaign=atx-brand_gmb_1023&utm_content=atx-brand,radiantplumbing.com,+1 512-690-4935,"901 Reinli St, Austin, TX 78751, United States",4.8,17779,NO,no window installation or repair signal on site,False,,site scrape,NO,,https://radiantplumbing.com/ | https://radiantplumbing.com/heating-air/air-conditioner/installation/ | https://radiantplumbing.com/heating-air/furnaces/replacement/ | https://radiantplumbing.com/plumbing/water-heaters/installation/
SONIQ Windows and Doors Austin,https://soniqwindows.com/,soniqwindows.com,+1 512-256-1734,,5,2,YES,name states window installation/replacement/doors,False,,name/review keywords,UNKNOWN,,https://soniqwindows.com/
Jacquelyn Bilek Design Build Austin,http://www.jbilek.com/,jbilek.com,+1 512-915-4416,"8000 US-290, Austin, TX 78736, United States",5,15,NO,no window installation or repair signal on site,False,,site scrape,NO,,https://www.jbilek.com/ | https://www.jbilek.com/services | https://www.jbilek.com/commercial | https://www.jbilek.com/residential
Shine of Greater Ft Lauderdale Boca Raton & Delray,https://www.shine-windowcleaning.com/fort-lauderdale/?utm_source=GMB&utm_medium=organic&utm_campaign=FortLauderdale,shine-windowcleaning.com,+1 954-881-0031,,5,154,NO,window cleaning,False,"Shine Window Cleaning and Exteriors: Same Curb, More Appeal Skip to content Franchising Careers Franchising",site scrape,NO,,https://shine-windowcleaning.com/ | https://shine-windowcleaning.com/commercial-services/commercial-window-cleaning/ | https://shine-windowcleaning.com/residential-services/professional-window-cleaning/ | https://shine-windowcleaning.com/residential-services/interior-window-glass-cleaning/
Royal Renovations Contractors,http://www.royal-renovations.com/,royal-renovations.com,"1111 W Mockingbird Ln Ste 1360, Dallas, TX 75247, United States","1111 W Mockingbird Ln Ste 1360, Dallas, TX 75247, United States",4.8,101,NO,no window installation or repair signal on site,False,,site scrape,NO,YES,https://royal-renovations.com/
CAT Exteriors Dallas,https://www.catexteriors.pro/,catexteriors.pro,+1 833-444-4228,"9865 Chartwell Dr, Dallas, TX 75243, United States",4.4,47,YES,installs/replaces windows; insulated glass unit work; named window styles; pane glazing work; replacement windows; window product line; window replacement/installation,False,ouble Lifetime Warranty We Help Homeowners Our Services Affordable Home Exterior Services Window Replacement Exterior Coatings Siding Installation Roof Installation HVAC Systems Patio Covers Single–,site scrape,YES,,https://www.catexteriors.pro/ | https://www.catexteriors.pro/window-services/ | https://www.catexteriors.pro/window-replacement-cost-in-california/ | https://www.catexteriors.pro/single-hung/
LockTight Impact Windows Doors & Roofing Yes,https://locktightimpact.com/?utm_source=omg-gbp&utm_medium=webclick,locktightimpact.com,+1 954-500-5625,"2200 SW 45th St #101, Fort Lauderdale, FL 33312, United States",4.8,2215,YES,installs/replaces windows; named window styles; replacement windows; window product line; window replacement/installation; windows & doors,False,allery Impact Windows ES Windows CWS Windows CGI Windows PGT Windows ECO Windows Mr-Glass Windows Replacement Windows Energy Efficient Windows Window Types Picture Windows Single Hung Window Horizont,site scrape,YES,,https://locktightimpact.com/ | https://locktightimpact.com/windows/mr-glass-impact-windows-doors-florida/ | https://locktightimpact.com/windows/replacement-windows/ | https://locktightimpact.com/windows/impact-windows/
American Strong Windows Doors & Roofs Inc Yes,https://americanstrong1.com/,americanstrong1.com,+1 954-245-1744,"966 NW 51st Pl, Fort Lauderdale, FL 33309, United States",5,10,YES,window product line; windows & doors,False,"y Rock Technology’s FAQ Contact home improvement Services You Can Rely On Specializing in impact windows, doors, and roofing solutions, we provide homeowners with top-tier, durable, and reliable",site scrape,YES,,https://americanstronghomes.com/ | https://americanstronghomes.com/category-5-impact-windows-doors/ | https://americanstronghomes.com/service/product-information/ | https://americanstronghomes.com/services/
Surplus Building Materials (SBMTX) | Home Improvement Doors Kitchens Floors & Installation Experts in Texas Yes,https://sbmtx.com/,sbmtx.com,+1 972-241-4444,"3404 Belt Line Rd, Farmers Branch, TX 75234, United States",4.3,483,YES,insulated glass unit work; pane glazing work,False,"Door Prehung Primed In-swing Height: 80"" Available in left and right hand Ready to paint Double pane glass $625.",site scrape,YES,,https://sbmtx.com/ | https://sbmtx.com/collections/fiberglass | https://sbmtx.com/pages/installation | https://sbmtx.com/products/3-0x8-0-exterior-mahogany-door-arched-6-lite
MR GLAZIER - Windows Doors Shower Enclosures No,https://mrglazier.com/fl-fort-lauderdale/,mrglazier.com,+1 954-504-6501,"217 S Federal Hwy, Fort Lauderdale, FL 33301, United States",0,0,YES,commercial storefront glazing; installs/replaces windows; named window styles; window product line; window replacement/installation; windows & doors,False,Explore our convenient showroom locations for all your window repair needs.,site scrape,YES,,https://mrglazier.com/ | https://mrglazier.com/residential/windows/window-insulation-sealing/ | https://mrglazier.com/windows-replacement/
Michaels Windows Doors & More,http://michaelswindowsdoorsandmore.com/,michaelswindowsdoorsandmore.com,+1 815-217-8429,,5,22,YES,reglazing; window replacement/installation,False,Michaels windows doors and more | window restoration and installation top of page SERVICES PROJECTS ABOUT US Menu Close www.,site scrape,YES,,https://www.michaelswindowsdoorsandmore.com/ | https://www.michaelswindowsdoorsandmore.com/services
Republic Windows Doors & Roofing,https://www.republicwindow.com/,republicwindow.com,"1541 E Commercial Blvd, Fort Lauderdale, FL 33334, United States","1541 E Commercial Blvd, Fort Lauderdale, FL 33334, United States",4.8,228,YES,commercial storefront glazing; installs/replaces windows; insulated glass unit work; named window styles; window product line; window replacement/installation; windows & doors,False,"ing Experts Republic Windows, Doors & Roofing provides professional impact window installation, hurricane-resistant doors, and residential roofing services throughout South Florida.",site scrape,YES,,https://republicwindow.com/ | https://republicwindow.com/impact-windows/commercial-impact-windows/ | https://republicwindow.com/impact-windows/casement-impact-windows/ | https://republicwindow.com/impact-windows/single-hung-impact-windows/
Advanced Windows Doors and More,https://advancedwindowsdoorsandmore.com/,advancedwindowsdoorsandmore.com,+1 469-678-0401,,5,30,YES,installs/replaces windows; named window styles; pane glazing work; replacement windows; window product line; window replacement/installation; windows & doors,False,all Text Email × Contact Us Fill out the form below: × Text Us Fill out the form below: Window Replacement & Installation in Van Alstyne Skip to content Google Reviews ★ ★ ★ ★ ★ Follow Us Mon–Fri,site scrape,YES,,https://advancedwindowsdoorsandmore.com/ | https://advancedwindowsdoorsandmore.com/services/windows/ | https://advancedwindowsdoorsandmore.com/services/
Titan Builders Impact Windows Doors and Roofing,https://www.titanbuilders.us/,titanbuilders.us,+1 561-768-4826,"718 NW 8th Ave, Fort Lauderdale, FL 33311, United States",5,50,YES,named window styles; window product line; window replacement/installation; windows & doors,False,I recommend them for all your window replacements from our own personal experience.,site scrape,YES,,https://titanbuilders.us/ | https://titanbuilders.us/windows | https://titanbuilders.us/impact-windows | https://titanbuilders.us/single-hung-windows
Andy's Sprinkler Drainage & Lighting,https://sprinklerdrainage.com/location/austin/?utm_source=gbp&utm_medium=organic&utm_campaign=gbp-listing&utm_content=austin-branch,sprinklerdrainage.com,+1 866-717-0318,"9729 N Interstate Hwy 35, Austin, TX 78753, United States",4.8,883,YES,windows & doors,False,"Window and Door Framing Make the entrance to your home stand out with a warm, welcoming touch.",site scrape,YES,,https://sprinklerdrainage.com/ | https://sprinklerdrainage.com/services/sprinkler-products/ | https://sprinklerdrainage.com/services/christmas-lighting-design-installation/ | https://sprinklerdrainage.com/services/landscape-lighting-products/
HomePro Contracting Handyman Dallas Licensed General Contractors in Dallas. Yes,http://homeproservicesdfw.com/,homeproservicesdfw.com,+1 214-886-3326,"3100 Commerce St Ste 101, Dallas, TX 75226, United States",4.2,57,NO,Handyman services and licensed general contracting (same website/company as ID 463),False,"Same domain and site as ID 463 (homeproservicesdfw.com). Service list on the site covers handyman work, water damage repair, bath/kitchen remodeling, siding repairs, drywall, tile, plumbing, carpentry, painting, roof repairs and electrical - no window installation or replacement.",web research (site unreachable),UNREACHABLE,,
Southwest Exteriors Inc,http://www.sweaustin.com/,sweaustin.com,+1 512-844-1882,,0,0,NEEDS_REVIEW,insufficient signal,False,,"no site, no research",UNREACHABLE,,
Modern Aluminum Products Inc,https://www.modernaluminumproducts.com/,modernaluminumproducts.com,+1 954-522-3825,"2020 W McNab Rd bay F-13, Fort Lauderdale, FL 33309, United States",4.4,7,NO,window treatments,False,"da know for quality home additions such as screen enclosures , aluminum fence , accordion shutters , carports and driveways , the company to rely on is Modern Aluminum, Inc, a family owned",site scrape,NO,,https://www.modernaluminumproducts.com/
Windows & More Solutions Inc,http://www.windowsmoresolutions.com/,windowsmoresolutions.com,+1 954-534-1960,"4875 Volunteer Rd, Fort Lauderdale, FL 33330, United States",5,7,YES,installs/replaces windows; replacement windows; window product line; window replacement/installation; windows & doors,False,and adapt to new styles and trends. FREE ESTIMATE UV Protector & Light Enhancement Miami Windows and Door Installation Projects OFFICES BEDROOMS DINING ROOM LIVING ROOM LET'S TALK Miami Windows And Door Servi,site scrape,YES,,https://windowsmoresolutions.com/ | https://windowsmoresolutions.com/portfolio | https://windowsmoresolutions.com/about
Baker Roofing & Construction Inc,https://baker-roofing.com/,baker-roofing.com,+1 855-766-3777,"6507 Trammel Dr, Dallas, TX 75214, United States",4.9,62,YES,installs/replaces windows; named window styles; pane glazing work; replacement windows; window product line; window replacement/installation; windows & doors,False,rchitectural style and your personal preferences when making this decision. Understanding Window Installation Process The installation process for replacement windows is a critical factor in ensuring,site scrape,YES,,https://baker-roofing.com/ | https://baker-roofing.com/construction/replacement-windows/ | https://baker-roofing.com/faqs/are-replacement-windows-really-worth-the-cost/ | https://baker-roofing.com/commercial-roofing-services/commercial-roof-replacement/
Elite Remodeling Group Inc. No,https://www.eliteremodelinggroup.com/,eliteremodelinggroup.com,+1 815-977-9685,"5411 E State St, Rockford, IL 61108, United States",5,4353,YES,installs/replaces windows; named window styles; replacement windows; window product line; window replacement/installation; windows & doors,False,"ree Consultation Windows Roofing Siding Other Services Exterior Home Remodeling & Chicago Window Replacement Expert Window and Roof Replacement Services We install energy efficient windows, durable",site scrape,YES,,https://www.eliteremodelinggroup.com/ | https://www.eliteremodelinggroup.com/exterior-remodeling-services/window-replacement | https://www.eliteremodelinggroup.com/exterior-remodeling-services/window-replacement/bay-windows | https://www.eliteremodelinggroup.com/exterior-remodeling-services/window-replacement/bow-windows
WindowCraft Inc. No,https://windowcraftinc.com/,windowcraftinc.com,+1 940-726-5008,"6441 I-35 Frontage Rd, Gainesville, TX 76240, United States",3.5,8,YES,commercial storefront glazing; installs/replaces windows; insulated glass unit work; named window styles; window product line; window replacement/installation; windows & doors,False,"ovider of custom windows and doors in Dallas, offering high-quality window and door installations for custom builders, architects, designers, remodeling contractors, and homeowners.",site scrape,YES,,https://windowcraftinc.com/ | https://windowcraftinc.com/windows/ | https://windowcraftinc.com/window-material/ | https://windowcraftinc.com/custom-windows-doors-in-westlake-tx/
Action Window & Glass Inc.,http://actionwindowfl.com/,actionwindowfl.com,+1 754-293-7026,,4.8,59,YES,commercial storefront glazing; installs/replaces windows; insulated glass unit work; named window styles; pane glazing work; window product line; window replacement/installation; windows & doors,False,dos Commercial About Gallery Reviews Blog Contact Request a Free Estimate Reliable Impact Window and Door Installation in Broward and Palm Beach Counties No Subcontractors | High-Rise Specialists | Deal Owner,site scrape,YES,,https://www.actionwindowfl.com/ | https://www.actionwindowfl.com/windows-and-doors | https://www.actionwindowfl.com/impact-windows | https://www.actionwindowfl.com/services
All Season Remodeling Inc.,http://www.allseasonremodelinginc.com/,allseasonremodelinginc.com,+1 815-988-1375,,0,0,NEEDS_REVIEW,insufficient signal,False,,"no site, no research",UNREACHABLE,,
SG Installations AZ Inc.,https://www.tvmountingaz.com/,tvmountingaz.com,+1 480-686-1896,,4.9,1155,NO,no window installation or repair signal on site,False,,site scrape,NO,,https://www.tvmountingaz.com/ | https://www.tvmountingaz.com/our-services | https://www.tvmountingaz.com/home-theater-installation | https://www.tvmountingaz.com/security-camera-installation
Texas Door & Trim Inc.,http://www.tdt-inc.com/,tdt-inc.com,"11220 Petal St, Dallas, TX 75238, United States","11220 Petal St, Dallas, TX 75238, United States",2.8,24,YES,named window styles; window product line; window replacement/installation; windows & doors,False,Our factory trained professional provide on-site window and door installation support and expert tuning services.,site scrape,YES,,https://www.tdt-inc.com/ | https://www.tdt-inc.com/windows/ | https://www.tdt-inc.com/windowsresources/ | https://www.tdt-inc.com/euroline/
Scratch Removal Specialists Inc.,http://www.srsscratch.com/,srsscratch.com,"1140 NE 7th Ave Unit 5, Fort Lauderdale, FL 33304, United States","1140 NE 7th Ave Unit 5, Fort Lauderdale, FL 33304, United States",5,65,YES,building glass replacement; window replacement/installation,True,"rease d value and beauty of your property . No project too big or too small From a single window repair to an entire building restoration, we have the experience and staffing to take on your pr",site scrape,YES,,https://srsscratch.com/ | https://srsscratch.com/services/glass-restoration/ | https://srsscratch.com/services/glass-sealant/ | https://srsscratch.com/who-we-serve/residential/
The Door Doctor of South Florida Inc.,https://www.thedoordoctor.net/,thedoordoctor.net,"1188 NE 47th St, Oakland Park, FL 33334, United States","1188 NE 47th St, Oakland Park, FL 33334, United States",4.9,331,YES,installs/replaces windows; named window styles; pane glazing work; window product line; window replacement/installation; windows & doors,False,"The Door Doctor of South FL| Garage Doors, Openers, Entry Doors & Windows Repair Garage Door Repair Broken Springs Garage Door Opener Repair Maintenance & Tune-Ups Servic",site scrape,YES,,https://www.thedoordoctor.net/ | https://www.thedoordoctor.net/products/windows/ | https://www.thedoordoctor.net/services/windows/ | https://www.thedoordoctor.net/services/pricing/
East Coast Windows & Doors Inc.,https://eastcoastwindows.com/,eastcoastwindows.com,"1711 SW 7th Ave, Pompano Beach, FL 33060, United States","1711 SW 7th Ave, Pompano Beach, FL 33060, United States",4.5,110,YES,installs/replaces windows; insulated glass unit work; named window styles; window product line; window replacement/installation; windows & doors,False,"Wellington, FL West Palm Beach, FL Facebook-f Twitter Instagram Youtube Hurricane Impact Windows and Door Replacement in South Florida.",site scrape,YES,,https://eastcoastwindows.com/ | https://eastcoastwindows.com/impact-window-installation-south-florida/ | https://eastcoastwindows.com/custom-impact-windows/ | https://eastcoastwindows.com/casement-windows/
Austin Retrofit Inc.,http://www.austinretrofit.com/,austinretrofit.com,"1834 Ferguson Ln Bldg 1300, Austin, TX 78754, United States","1834 Ferguson Ln Bldg 1300, Austin, TX 78754, United States",4.5,30,YES,installs/replaces windows; insulated glass unit work; named window styles; window product line; window replacement/installation; windows & doors,False,"Angie's List Review First of all, I had them do full house window replacements about 4 years ago and was very happy with that.",site scrape,YES,,https://www.austinretrofit.com/ | https://www.austinretrofit.com/retrofit-/-replacement | https://www.austinretrofit.com/installation-/-waterproofing | https://www.austinretrofit.com/service
Windows of Texas Inc.,https://windowsoftexas.com/,windowsoftexas.com,+1 682-201-5645,"312 W Northwest Hwy, Grapevine, TX 76051, United States",4.8,21,YES,installs/replaces windows; pane glazing work; replacement windows; window product line; window replacement/installation; windows & doors,False,"We’ve Been Featured On BizTV Texas Windows of Texas Team Value Approach Before and after windows install in Flower Mound, Texas Window Replacement at multifaceted windows and door project in Sou",site scrape,YES,,https://windowsoftexas.com/ | https://windowsoftexas.com/services/residential-windows/ | https://windowsoftexas.com/services/residential-exterior-doors/ | https://windowsoftexas.com/services/
Xtreme Auto Detail Inc.,https://xadetail.com/,xadetail.com,,"4509 Hudson Bend Rd #200, Austin, TX 78734, United States",4.8,232,NO,vehicle glass only,True,Google Home Services Window Tinting Auto Detailing Ceramic Coatings Paint Protection Film Windshield Protection Film Residential Tinting Other Services Photo Gallery Blog Contact Us Call Us,site scrape,NO,,https://xadetail.com/ | https://xadetail.com/services/window-tinting/ | https://xadetail.com/window-tinting/
SunStorm Construction Inc.,https://www.sunstormconstruction.com/,sunstormconstruction.com,+1 954-398-5060,"501 E Las Olas Blvd Ste 200 & 300, Fort Lauderdale, FL 33301, United States",5,7,YES,commercial storefront glazing; insulated glass unit work; named window styles; window product line; window replacement/installation; windows & doors,False,Impact window installation requires a building permit in all South Florida jurisdictions.,site scrape,YES,,https://www.sunstormconstruction.com/ | https://www.sunstormconstruction.com/impact-windows | https://www.sunstormconstruction.com/new-construction-impact-windows/ | https://www.sunstormconstruction.com/product-catalog
All American Windows and Doors Inc.,http://www.aawimpact.com/,aawimpact.com,+1 954-786-8525,"6001 Powerline Rd Ste B, Fort Lauderdale, FL 33309, United States",3.6,77,YES,commercial storefront glazing; installs/replaces windows; replacement windows; window product line; window replacement/installation; windows & doors,False,Full window replacements.,site scrape,YES,,https://www.aawimpact.com/ | https://www.aawimpact.com/service
Top Notch Roofing & Exteriors INC.,http://topnotchroofing.net/,topnotchroofing.net,+1 815-721-4666,"7703 Forest Hills Rd, Loves Park, IL 61111, United States",4.9,115,YES,installs/replaces windows; insulated glass unit work; named window styles; pane glazing work; window product line; window replacement/installation; windows & doors,False,ing Emergency Roofing Repair Roof Viewer Siding Emergency Siding Repair Siding Visualizer Windows Emergency Window Repair Gutters and Downspouts Emergency Gutter Repair Emergency Downspout Repair Gallery Blog Re,site scrape,YES,,https://www.topnotchroofing.net/ | https://www.topnotchroofing.net/windows | https://www.topnotchroofing.net/emergency-window-repair
Jim Connelly Masonry Inc.,https://www.jcmiaustin.com/,jcmiaustin.com,+1 512-288-2368,"7804 Thomas Springs Rd B, Austin, TX 78736, United States",5,10,NO,no window installation or repair signal on site,False,,site scrape,NO,,https://www.jcmiaustin.com/ | https://www.jcmiaustin.com/services.htm
Bliss Window & Screen Inc.,https://www.blisswindow.com/?utm_source=google&utm_medium=organic&utm_campaign=gbp-fort-lauderdale&utm_id=local&utm_content=fort-fauderdale,blisswindow.com,+1 954-763-5086,"815 N Andrews Ave, Fort Lauderdale, FL 33311, United States",4.4,77,YES,installs/replaces windows; insulated glass unit work; named window styles; pane glazing work; replacement windows; window product line; window replacement/installation; windows & doors,False,"Whether you need hurricane impact-rated windows or standard replacement windows, we have the perfect solution for your home.",site scrape,YES,,https://www.blisswindow.com/ | https://www.blisswindow.com/services/replacement-windows-installation-fort-lauderdale/ | https://www.blisswindow.com/services/ | https://www.blisswindow.com/services/replacement-doors-fort-lauderdale/
Ripley's Blind & Drapery L.L.C.,https://ripleysblinds.com/,ripleysblinds.com,"12400 State Hwy 71 #240, Austin, TX 78738, United States","12400 State Hwy 71 #240, Austin, TX 78738, United States",4,14,NO,blinds/shades/shutters/drapery (window treatments),False,,name/review keywords,UNREACHABLE,,
SERVPRO of North Dallas Lake Highlands,https://www.servpro.com/locations/tx/servpro-of-north-dallas-lake-highlands?utm_medium=organic&utm_source=gbp,servpro.com,"10280 Miller Rd, Dallas, TX 75238, United States","10280 Miller Rd, Dallas, TX 75238, United States",5,39,NO,window treatments,False,"General Cleaning Heavy duty cleaning services for carpets, drapery, upholstery, and hardwood floors.",site scrape,NO,,https://www.servpro.com/ | https://www.servpro.com/services/commercial-services/services | https://www.servpro.com/services/commercial-services/services/water-damage | https://www.servpro.com/services/commercial-services/services/fire-damage
Kb Contractors TX LLC No,http://www.kbcontractorstx.com/,kbcontractorstx.com,+1 512-294-2027,"2500 S Hwy 183 Unit 130, Austin, TX 78744, United States",4.8,18,NO,no window installation or repair signal on site,False,,site scrape,NO,,https://www.kbcontractorstx.com/ | https://www.kbcontractorstx.com/services
ATX Imperial Auto Glass LLC No,http://atximperialautoglass.com/,atximperialautoglass.com,+1 512-579-1998,"505 W Slaughter Ln, Austin, TX 78747, United States",1.4,9,NO,vehicle glass only,True,com Premium domain · For sale Atx Imperial Auto Glass .,site scrape,NO,,https://expireddomains.com/domain/atximperialautoglass.com?utm_source=redi
Solid Exteriors LLC,http://solid-exteriors.com/?utm_source=google&utm_medium=wix_google_business_profile&utm_campaign=16700656850061699214,solid-exteriors.com,+1 469-520-0466,,4.7,16,YES,installs/replaces windows; window product line; window replacement/installation; windows & doors,False,"Not all windows require replacement, and there are ways to increase the efficiency of your windows without replacement.",site scrape,YES,,https://www.solid-exteriors.com/ | https://www.solid-exteriors.com/jeld-wen-windows-doors | https://www.solid-exteriors.com/copy-of-seamless-gutters | https://www.solid-exteriors.com/products
Trusted Window and Gutter Cleaning LLC,http://www.trustedwgc.com/,trustedwgc.com,+1 336-337-7175,,5,34,NO,"Window and gutter cleaning, pressure washing",False,"trustedwgc.com — 'started by providing window and gutter cleaning but has now grown into pressure washing, gutter guard installation, and other handyman projects'",web research (site unreachable),UNREACHABLE,,
Eridion Glass LLC,http://eridionglass.com/,eridionglass.com,+1 844-374-3466,,5,17,YES,building glass replacement; commercial storefront glazing,False,ts reserved. 844.ERIDION (844.374.3466) Terms of Service bottom of page Eridion Glass | Residential Glass Services top of page The Reveal Residential Kitchen Bathroom Mirrors Pool Fences Home Builders Ab,site scrape,YES,YES,https://www.eridionglass.com/ | https://www.eridionglass.com/residential | https://www.eridionglass.com/commercial | https://www.eridionglass.com/post/why-glass-over-other-materials-for-your-home-remodel
MVS Plus Remodeling LLC,https://mvsplusremodelingllc.com/,mvsplusremodelingllc.com,+1 469-934-3821,,5,2,NO,Interior/exterior painting and drywall with light remodeling,False,"mvsplusremodelingllc.com/painting - 'interior and exterior painting, bathroom remodeling, drywall repair and patching, installation of fixtures... texture, popcorn removal, cabinet refinishing, fence stain, pressure washing, tile, backsplash.' No windows.",web research (site unreachable),UNREACHABLE,,
Legacy Crown Exteriors LLC,http://www.legacycrownexteriors.com/,legacycrownexteriors.com,+1 903-312-4574,,5,18,YES,Window installation as a listed service of the general contractor,False,"BBB profile / legacycrownexteriors.com service list: ""...fencing, decking, pool enclosures, patio enclosures, siding installation and window installation"".",web research (site unreachable),UNREACHABLE,,
Kirk Windows LLC,http://www.kirkwindows.com/,kirkwindows.com,+1 972-977-7292,,4.8,47,YES,installs/replaces windows; insulated glass unit work; replacement windows; window replacement/installation; windows & doors,False,"ing well, he decided to narrow the focus of his business to providing the highest quality window replacement service.",site scrape,YES,,https://www.kirkwindows.com/
Pasadena Building Solutions LLC,https://www.pasabuilds.com/,pasabuilds.com,+1 469-620-0921,,5,5,YES,Complete window replacement on homes; also HVAC and other building repairs,False,"Google review: ""They did three houses of complete window replacement they are awesome very professional"" (site itself not indexed in search results; verdict rests on review text)",web research (site unreachable),UNREACHABLE,,
Moran General Contractor LLC,http://www.morangeneralcontractor.com/,morangeneralcontractor.com,+1 512-227-3940,,5,4,NO,no window installation or repair signal on site,False,,site scrape,NO,,https://morangeneralcontractor.com/ | https://morangeneralcontractor.com/floor-installation/ | https://morangeneralcontractor.com/fence-installation-and-repair/ | https://morangeneralcontractor.com/service-area/
WIL AND FAYE INTERIORS LLC,https://www.wilandfaye.com/,wilandfaye.com,+1 325-450-9781,,5,40,YES,insulated glass unit work,False,"ou’ve got multiple Pinterest boards staring back at you, HGTV on, and endless decision fatigue.",site scrape,YES,,https://www.wilandfaye.com/ | https://www.wilandfaye.com/services
Rocket Contracting LLC,http://www.rocketcontracting.com/,rocketcontracting.com,+1 888-514-3222,,5,5,YES,window replacement/installation,False,Click to See Services Exterior Painting Interior Painting Cabinet Painting & Refinishing Window Replacement Siding Replacement Fencing How can we help?,site scrape,YES,,https://rocketcontracting.com/
Invesgrow LLC,https://www.invesgrowllc.com/,invesgrowllc.com,+1 512-537-2267,,5,7,NO,no window installation or repair signal on site,False,,site scrape,NO,,https://www.invesgrowllc.com/ | https://www.invesgrowllc.com/post/top-rated-custom-remodeling-services-in-austin
Envision Staging & Design LLC,https://www.envisionstagingdesign.com/,envisionstagingdesign.com,+1 512-923-9111,,5,14,NO,no window installation or repair signal on site,False,,site scrape,NO,,https://www.envisionstagingdesign.com/ | https://www.envisionstagingdesign.com/services | https://www.envisionstagingdesign.com/projects/folio-apartments | https://www.envisionstagingdesign.com/projects/skymor-clubhouse
GRC Residential Construction LLC,https://grc-constructionllc.net/?utm_source=google&utm_medium=business_profile&utm_campaign=website,grc-constructionllc.net,+1 737-382-5662,,5,16,NO,no window installation or repair signal on site,False,,site scrape,NO,,https://grc-constructionllc.net/
Diamond Home Designs LLC,https://www.diamondatx.com/,diamondatx.com,+1 512-586-6088,,5,31,NO,no window installation or repair signal on site,False,,site scrape,NO,,https://www.diamondatx.com/
Over and Above Contracting LLC,https://overandabovecontracting.com/,overandabovecontracting.com,+1 737-230-7099,,4.9,96,NO,no window installation or repair signal on site,False,,site scrape,NO,,https://overandabovecontracting.com/ | https://overandabovecontracting.com/residential-roofing-installation/ | https://overandabovecontracting.com/residential-roofing-services-protecting-your-home-with-expert-care/ | https://overandabovecontracting.com/services/
Sullivan Home Improvement Solutions LLC,http://www.sullivanhomeimprovementsolutions.com/,sullivanhomeimprovementsolutions.com,+1 815-234-0688,,5,50,NO,no window installation or repair signal on site,False,,site scrape,NO,,https://www.sullivanhomeimprovementsolutions.com/ | https://www.sullivanhomeimprovementsolutions.com/services
PCC Roofing & Construction LLC,https://www.pccroofs.com/,pccroofs.com,+1 602-529-3332,,5,60,NO,no window installation or repair signal on site,False,,site scrape,NO,,https://www.pccroofs.com/ | https://www.pccroofs.com/services/insurance-roof-replacement/ | https://www.pccroofs.com/services/shingle-roof-replacement/ | https://www.pccroofs.com/services/concrete-tile-roof-replacement/
Wow Windows & Glass LLC,http://www.wowwindowsglass.com/,wowwindowsglass.com,"1201 Walnut Ave #6, Carrollton, TX 75006, United States","1201 Walnut Ave #6, Carrollton, TX 75006, United States",5,488,YES,installs/replaces windows; insulated glass unit work; replacement windows; window product line; window replacement/installation,False,Wow Windows and Glass - Window Installation and Repair - DFW Metroplex Get a Free Quote Now!,site scrape,YES,,https://wowwindowsglass.com/ | https://wowwindowsglass.com/replacement-windows | https://wowwindowsglass.com/window-%26-glass-repair | https://wowwindowsglass.com/services-1
Dent Touch LLC,http://www.denttouch.com/,denttouch.com,"13502 Floyd Cir Ste 103, Dallas, TX 75243, United States","13502 Floyd Cir Ste 103, Dallas, TX 75243, United States",4.9,57,NO,no window installation or repair signal on site,False,,site scrape,NO,,https://www.denttouch.com/
Harris Home Exteriors LLC,https://harrishomeexteriors.com/,harrishomeexteriors.com,"15005 Gebron Dr, Austin, TX 78734, United States","15005 Gebron Dr, Austin, TX 78734, United States",4.9,110,YES,installs/replaces windows; named window styles; replacement windows; window product line; window replacement/installation; windows & doors,False,"Plank Siding Installation Vinyl Siding Installation Roofing Replacement Energy Efficient Window Replacement Decks, Patios, and Patio Covers Gallery Contact Us (512) 736-4289 × Home About Us Service",site scrape,YES,,https://harrishomeexteriors.com/ | https://harrishomeexteriors.com/energy-efficient-window-replacement/ | https://harrishomeexteriors.com/services/ | https://harrishomeexteriors.com/hardieplank-siding-installation/
Tovar Auto Glass LLC,https://www.tovarautoglass.com/,tovarautoglass.com,"1503 Three Points Rd, Pflugerville, TX 78660, United States","1503 Three Points Rd, Pflugerville, TX 78660, United States",4.9,492,NO,vehicle glass only,True,Windshield Replacement | Tovar Auto Glass | United States top of page Tovar Auto Glass (512) 775-457,site scrape,NO,,https://www.tovarautoglass.com/
Trusted Heating and Cooling LLC,https://trustedacaustin.com/?utm_source=gmb&utm_medium=organic&utm_campaign=gmb,trustedacaustin.com,"16238 Ranch to Market Rd 620 f396, Austin, TX 78717, United States","16238 Ranch to Market Rd 620 f396, Austin, TX 78717, United States",4.9,702,NO,no window installation or repair signal on site,False,,site scrape,NO,,https://trustedacaustin.com/ | https://trustedacaustin.com/ac-installation-austin-tx/ | https://trustedacaustin.com/furnace-installation-austin-tx/ | https://trustedacaustin.com/service/
Build it ATX LLC,https://builditatx.com/?utm_campaign=gmb,builditatx.com,+1 737-260-5099,"2203 Palmera Cove, Austin, TX 78744, United States",5,104,YES,installs/replaces windows; named window styles; pane glazing work; window product line; window replacement/installation,False,"t and enjoying your backyard year-round. Windows and Siding Upgrade your home with expert window and siding installations that boost curb appeal, lower energy bills, and keep you comfortable through every Texas",site scrape,YES,,https://builditatx.com/ | https://builditatx.com/windows-and-siding/ | https://builditatx.com/windows-and-siding-gallery/
AZ Valley Windows LLC,https://azvalleywindows.com/,azvalleywindows.com,+1 623-516-7800,"2501 W Behrend Dr Suite B-21, Phoenix, AZ 85027, United States",4.4,101,YES,installs/replaces windows; named window styles; replacement windows; window product line; window replacement/installation; windows & doors,False,Doors Multi-Slide Doors Gallery Before and After Photos Financing Discounts & Promotions Window Replacement Financing About Us Our Blog Reviews Service Areas Careers Why AZ Valley Windows Resources,site scrape,YES,,https://azvalleywindows.com/ | https://azvalleywindows.com/windows/fiberglass-windows/ | https://azvalleywindows.com/windows/aluminum-window-replacement/ | https://azvalleywindows.com/windows/window-styles/slider-window/
Xtreme Autoglass Pros LLC,https://www.xtremeautoglasspros.com/,xtremeautoglasspros.com,+1 817-932-0303,"2650 Lombardy Ln Ste g, Dallas, TX 75220, United States",4.8,316,NO,vehicle glass,True,"Windshield Replacement, Auto Glass Repair, and Window Tint in Dallas TX Skip to content Call Us Toda",site scrape,NO,,https://www.xtremeautoglasspros.com/ | https://www.xtremeautoglasspros.com/services/door-glass-car-window-repair-and-replacement/ | https://www.xtremeautoglasspros.com/services/automotive-window-tinting/ | https://www.xtremeautoglasspros.com/services/regulator-repair-and-replacement/
Zeus Exteriors LLC,http://www.zeusexteriors.com/,zeusexteriors.com,+1 469-771-0988,"2815 Valley View Ln #210, Dallas, TX 75234, United States",5,181,YES,pane glazing work; window replacement/installation,False,r RECENT PROJECTS HOME SERVICES Free Inspection OUR VALUES ABOUT ROOFING Projects REVIEWS Window Replacement Built for Texas Heat Add Subtext text.,site scrape,YES,,https://zeusexteriors.com/ | https://zeusexteriors.com/windows | https://zeusexteriors.com/home
Assured Contracting LLC,https://assured-contracting.com/,assured-contracting.com,+1 954-652-1098,"3553 NW 10th Ave, Oakland Park, FL 33309, United States",4.1,56,YES,commercial storefront glazing; installs/replaces windows; named window styles; pane glazing work; window product line; window replacement/installation,False,Hurricane Impact Window Services We Offer in Oakland Park Full Home Hurricane Window Installation We replace every window in your home with strong hurricane impact windows.,site scrape,YES,,https://assured-contracting.com/ | https://assured-contracting.com/hurricane-impact-windows-oakland-park-fl | https://assured-contracting.com/roof-replacement-oakland-park-fl | https://assured-contracting.com/new-roof-installation-oakland-park-fl
Phoenix Window & Door Llc,http://www.phoenixwindowdoor.com/,phoenixwindowdoor.com,+1 602-633-1279,"4022 S 20th St, Phoenix, AZ 85040, United States",0,0,YES,installs/replaces windows; insulated glass unit work; named window styles; window product line; window replacement/installation; windows & doors,False,Projects High-Rise Development Projects Government & Institutional Projects Shade Screens Window Replacement Portfolio Build To Rent Multifamily Single Family Custom Home In Stock Doors & Windows Co,site scrape,YES,,https://www.phoenixwindowdoor.com/ | https://www.phoenixwindowdoor.com/window-replacement | https://www.phoenixwindowdoor.com/commercial-projects | https://www.phoenixwindowdoor.com/home-remodeling-services
Advantage Glaziers Supply LLC,https://advantageglazierssupply.com/,advantageglazierssupply.com,+1 512-443-5678,"4211 Todd Ln Bldg 1, Austin, TX 78744, United States",4.7,44,YES,commercial storefront glazing; named window styles; window replacement/installation; windows & doors,False,rts needs Shop Window Spiral Balances SHOP NOW Shop Window Channel Balances SHOP NOW Shop Window Replacement Hardware SHOP NOW Shop Patio Door Hardware SHOP NOW Shop Swing Door Hardware SHOP NOW Sho,site scrape,YES,,https://advantageglazierssupply.com/
Auto Film Pros LLC,https://www.autofilmprosllc.com/,autofilmprosllc.com,+1 779-770-2222,"4788 Colt Rd, Rockford, IL 61109, United States",5,169,NO,window tint/film,False,"Phone: 779-770-2222 WINDOW TINT, PPF, VINYL WRAP & TAILIGHT WRAP SERVICES THAT YOU CAN TRUST!",site scrape,NO,,https://www.autofilmprosllc.com/
JM Construction Group LLC,https://www.jmconstructiongroupllc.com/,jmconstructiongroupllc.com,+1 815-315-4388,"4915 Auburn St, Rockford, IL 61101, United States",4.6,75,YES,window product line; window replacement/installation; windows & doors,False,"Please try again later Your First Choice for Windows and Doors Installation Comfort, energy efficiency, and ease of ownership are built into every Polaris product.",site scrape,YES,,https://www.jmconstructiongroupllc.com/ | https://www.jmconstructiongroupllc.com/windows-doors | https://www.jmconstructiongroupllc.com/residential-roofing
Lask Exterior Solutions LLC,https://www.laskexteriorsolutions.com/,laskexteriorsolutions.com,+1 815-964-2220,"530 Windsor Rd, Loves Park, IL 61111, United States",3.6,42,NO,no window installation or repair signal on site,False,,site scrape,NO,,https://www.laskexteriorsolutions.com/ | https://www.laskexteriorsolutions.com/summer-roof-replacement-what-to-expect | https://www.laskexteriorsolutions.com/why-prompt-roofing-services-are-important
United Roofing Services LLC,https://www.unitedroofservicesllc.com/,unitedroofservicesllc.com,+1 214-677-2987,"6742 La Grange Dr, Dallas, TX 75241, United States",4.8,39,NO,no window installation or repair signal on site,False,,site scrape,NO,YES,https://www.unitedroofservicesllc.com/ | https://www.unitedroofservicesllc.com/services/ | https://www.unitedroofservicesllc.com/projects/
Kelley Barnett Interior Design LLC,https://www.kelleybarnett.com/,kelleybarnett.com,+1 210-408-1300,"6804 Covered Bridge Dr, Austin, TX 78736, United States",5,21,NO,window treatments,False,"ics, Lighting, Window coverings Commercial Design Custom Closets, Design and Installation Drapery, Bed coverings, Furnishings, Accessory Placement, Rugs, and much more New Construction Pr",site scrape,NO,,https://www.kelleybarnett.com/ | https://www.kelleybarnett.com/commercial-designs
Smarty Impact LLC,https://smartyclosets.com/,smartyclosets.com,+1 954-837-8007,"700 NW 57th Pl #8, Fort Lauderdale, FL 33309, United States",5,501,NO,no window installation or repair signal on site,False,,site scrape,NO,,https://smartyclosets.com/ | https://smartyclosets.com/wp-content/uploads/2021/08/interior-of-modern-design-living-room-3d-rendering.jpg | https://smartyclosets.com/wp-content/uploads/2021/08/black-wooden-furniture-and-an-industrial-lamp-above-a-coffee-mac.jpg | https://smartyclosets.com/wp-content/uploads/2021/08/modern-style-interior-design-3d-rendering-2.jpg
Rhino General Contracting LLC,http://rhinoroofingtx.com/,rhinoroofingtx.com,+1 512-766-5489,"7703 N Lamar Blvd Ste 110, Austin, TX 78752, United States",4.9,72,YES,window product line; window replacement/installation; windows & doors,False,"your home’s insulation and curb appeal, with various materials and styles to choose from Window and Door Replacement Energy-efficient window and door installations that improve aesthetics and energy conserv",site scrape,YES,,https://rhinoroofingtx.com/ | https://rhinoroofingtx.com/exteriors/ | https://rhinoroofingtx.com/services/ | https://rhinoroofingtx.com/commercial-roofing/
Sanders Roofing & Exteriors LLC,https://www.sandersroofs.com/,sandersroofs.com,+1 512-590-0748,"7801 N Lamar Blvd Ste F8-S, Austin, TX 78752, United States",5,2,NEEDS_REVIEW,"glass shop or building contractor, window scope unknown",False,,"no site, no research",UNREACHABLE,,
Resilience Heating and Cooling LLC,http://www.resiliencehvac.com/,resiliencehvac.com,+1 512-994-9692,"9301 Old Bee Caves Rd, Austin, TX 78735, United States",5,163,NO,no window installation or repair signal on site,False,,site scrape,NO,,https://resiliencehvac.com/ | https://resiliencehvac.com/contact
290 Graphics Texas LLC,https://290graphicsjesustint.com/,290graphicsjesustint.com,+1 512-271-4531,"9530 US-290, Austin, TX 78724, United States",4.4,98,NEEDS_REVIEW,insufficient signal,False,,"no site, no research",UNREACHABLE,,
PGW Auto Glass LLC - DALLAS -,http://www.pgwautoglass.com/,pgwautoglass.com,+1 214-744-1495,"9009 Directors Row, Dallas, TX 75247, United States",4.3,34,NO,vehicle glass only,True,estions? Go to the Help Section or reach out to your local rep or call 800-436-0591 . PGW Auto Glass is committed to establishing and maintaining our position as a preferred partner to auto,site scrape,NO,,https://buypgwautoglass.com/
In Charge Electrical Services LLC (Texas Electrician Services),https://inchargeelectricalservices.com/,inchargeelectricalservices.com,"12357 Riata Trace Pkwy Bldg 7 Suite 150, Austin, TX 78727, United States","12357 Riata Trace Pkwy Bldg 7 Suite 150, Austin, TX 78727, United States",4.6,542,YES,insulated glass unit work,False,lectrical installations and innovative solutions. Our Partners What People Say About Us “Miguel and James did an excellent job installing and explaining (respectively) the brilliant s,site scrape,YES,,https://inchargeelectricalservices.com/ | https://inchargeelectricalservices.com/services/electrical-services/ | https://inchargeelectricalservices.com/services/home-back-up-generator-service/ | https://inchargeelectricalservices.com/services/
Jesus Window Tint LLC. No,https://jesuswindowtint.com/about-us/,jesuswindowtint.com,+1 512-675-2272,"9530 US-290, Austin, TX 78724, United States",5,6,NO,window tint/film only,False,,name/review keywords,UNREACHABLE,,
Shipley Electric LLC.,http://www.shipleyelectric.services/,shipleyelectric.services,+1 512-652-5733,,5,167,NO,no window installation or repair signal on site,False,,site scrape,NO,,https://shipleyelectric.services/ | https://shipleyelectric.services/services-draft/ | https://shipleyelectric.services/austin-electrical-installation/ | https://shipleyelectric.services/austin-lighting-installations/
Brothers Custom Glass and Mirrors LLC.,https://brotherscustomglas.wixsite.com/website,brotherscustomglas.wixsite.com,+1 512-593-3865,,3.8,13,NEEDS_REVIEW,"glass shop or building contractor, window scope unknown",False,,"no site, no research",UNREACHABLE,,
RC Construction - Texas LLC.,https://rcconstructionco.com/,rcconstructionco.com,+1 512-638-2237,,4.3,6,NO,no window installation or repair signal on site,False,,site scrape,NO,,https://rcconstructionco.com/
Sunbelt Waterproofing & Restoration LLC.,http://www.sunbeltllc.com/,sunbeltllc.com,+1 972-681-6222,"7318 Ferguson Rd, Dallas, TX 75228, United States",4.4,17,YES,commercial storefront glazing; insulated glass unit work,False,Let us review your building sealants before failed sealants cause costly repairs later.,site scrape,YES,,https://sunbeltllc.com/ | https://sunbeltllc.com/services/window-glazing | https://sunbeltllc.com/portfolio/gulf-shores-exterior-residential | https://sunbeltllc.com/services
Austin Nails It LLC. MA HIC# 216498,https://www.austinnailsit.com/,austinnailsit.com,+1 512-470-5017,,5,23,NO,no window installation or repair signal on site,False,,site scrape,NO,,https://austinnailsit.com/ | https://austinnailsit.com/services/
Centex Sash and Door LP,http://centexsashanddoor.com/,centexsashanddoor.com,+1 512-251-9290,"2000 Windy Terrace #14B, Cedar Park, TX 78613, United States",5,3,NO,no window installation or repair signal on site,False,,site scrape,NO,,https://centexsashanddoor.com/
C&C Exteriors No,http://www.exteriorscc.net/,exteriorscc.net,"10420 Plano Rd #112, Dallas, TX 75238, United States","10420 Plano Rd #112, Dallas, TX 75238, United States",5,28,YES,installs/replaces windows; named window styles; replacement windows; window product line,False,"Comments * Reduce Energy Costs and Improve Indoor Air Quality with Beautiful, Affordable Replacement Windows from C&C Exteriors The other guys just want to sell you a window.",site scrape,YES,,https://www.exteriorscc.net/ | https://www.exteriorscc.net/services/windows/ | https://www.exteriorscc.net/services/ | https://www.exteriorscc.net/services/roofing/
Cardinal Glass No,https://www.cardinalcorp.com/,cardinalcorp.com,"1087 Research Pkwy, Rockford, IL 61109, United States","1087 Research Pkwy, Rockford, IL 61109, United States",4.3,41,YES,commercial storefront glazing; insulated glass unit work; pane glazing work; windows & doors,False,selected LoĒ configuration. Built for the projects you’re already specifying. Residential Windows and Doors Divert brings bird-friendly design into Cardinal’s residential glass strength: clear view,site scrape,YES,,https://www.cardinalcorp.com/ | https://www.cardinalcorp.com/products/insulating-glass/preserve/ | https://www.cardinalcorp.com/products/coated-glass/divert-glass | https://www.cardinalcorp.com/products/coated-glass/loe-180-glass/
Statewide Energy Solutions No,https://statewideenergysolutions.com/about-us/,statewideenergysolutions.com,"11520 N Central Expy, Dallas, TX 75243, United States","11520 N Central Expy, Dallas, TX 75243, United States",5,5021,YES,named window styles; window product line; window replacement/installation; windows & doors,False,"Window Replacement in Dallas, TX | Statewide Energy Solutions Home About Blog Windows Single-Hung Windows Do",site scrape,YES,,https://statewideenergysolutions.com/ | https://statewideenergysolutions.com/window-options/single-hung-windows/ | https://statewideenergysolutions.com/window-options/double-hung-windows/ | https://statewideenergysolutions.com/window-options/sliding-windows/
Commercial No,https://martinroofing.us/,martinroofing.us,"1341 W Mockingbird Ln Suit 600W, Dallas, TX 75247, United States","1341 W Mockingbird Ln Suit 600W, Dallas, TX 75247, United States",5,14,NO,no window installation or repair signal on site,False,,site scrape,NO,,https://martinroofing.us/ | https://martinroofing.us/commercial-roofing/ | https://martinroofing.us/allen-commercial-roofing/ | https://martinroofing.us/arlington-commercial-roofing/
Omniview Window and Door Dallas No,http://omniview.us/,omniview.us,"13615 Inwood Rd #120, Farmers Branch, TX 75244, United States","13615 Inwood Rd #120, Farmers Branch, TX 75244, United States",4.8,6,YES,named window styles; windows & doors,False,OmniView Window and Door - Dallas Fort Worth Hit enter to search or ESC to close Home Windows Doors Marvin Windsor,site scrape,YES,,https://omniview.us/ | https://omniview.us/windows/
McCoy Customs No,http://mccoycustoms.com/,mccoycustoms.com,"13713 Maye Pl, Austin, TX 78728, United States","13713 Maye Pl, Austin, TX 78728, United States",4.4,47,NO,window tint/film,False,"ailing Auto Upholstery Boat Detailing Boat Stereo Boat Tinting Boat Upholstery Car Stereo Window Tinting Call Us custom work for all your marine and car needs car stereoS, car and boat DEtail",site scrape,NO,,https://www.mccoycustoms.com/ | https://www.mccoycustoms.com/car-stereo/austin-tx | https://www.mccoycustoms.com/austin-tx/window-tinting
Rock Valley Glass No,https://rockvalleyglass.com/,rockvalleyglass.com,"1398 Huntwood Dr, Cherry Valley, IL 61016, United States","1398 Huntwood Dr, Cherry Valley, IL 61016, United States",4.5,8,YES,commercial storefront glazing,False,"is new contruction or remodeling, Rock Valley Glass is your specialist in glass, aluminum storefront, windows and curtain walls.",site scrape,YES,,https://rockvalleyglass.com/ | https://rockvalleyglass.com/index.html | https://rockvalleyglass.com/portfolio.html
van Enter Studio No,https://www.vanenterstudio.com/contact-us,vanenterstudio.com,"1415 Fairview Ave, Dallas, TX 75223, United States","1415 Fairview Ave, Dallas, TX 75223, United States",5,2,NEEDS_REVIEW,insufficient signal,False,,"no site, no research",UNREACHABLE,,
StrongFrame Siding No,https://strongframesiding.repair/,strongframesiding.repair,"1555 Bastrop Hwy, Austin, TX 78742, United States","1555 Bastrop Hwy, Austin, TX 78742, United States",0,0,NO,no window installation or repair signal on site,False,,site scrape,NO,,https://strongframesiding.repair/
SFL Impact & Windows No,https://sflimpact.com/about-us/,sflimpact.com,"1710 NE 8th St, Fort Lauderdale, FL 33304, United States","1710 NE 8th St, Fort Lauderdale, FL 33304, United States",5,501,YES,installs/replaces windows; insulated glass unit work; named window styles; replacement windows; window product line; window replacement/installation,False,"marketing purposes. View our privacy policy get started today Start planning your Impact Window replacement Project today with a NO COST, NO OBLIGATION Quote from the Pros at SFL Impact & Windows A",site scrape,YES,,https://sflimpact.com/ | https://sflimpact.com/replacement-windows/awning-windows/ | https://sflimpact.com/replacement-windows/casement-windows/ | https://sflimpact.com/replacement-windows/double-hung-windows/
The Gutters Wizards | Dallas No,https://gutterswizard.com/,gutterswizard.com,"1720 Regal Row suite 322, Dallas, TX 75235, United States","1720 Regal Row suite 322, Dallas, TX 75235, United States",5,6,YES,insulated glass unit work,False,""" C Chris Rodriguez 6 months ago "" Fixed a persistent leak that two other companies couldn't find.",site scrape,YES,YES,https://gutterswizard.com/
Preferred Glass DFW No,https://www.preferredglassdfw.com/contact-us,preferredglassdfw.com,"1750 Empire Central Dr, Dallas, TX 75235, United States","1750 Empire Central Dr, Dallas, TX 75235, United States",4.6,8,NO,no window installation or repair signal on site,False,,site scrape,NO,,https://preferredglassdfw.com/ | https://preferredglassdfw.com/gallery
Window Cleaners of Austin No,http://www.windowcleanersaustin.com/,windowcleanersaustin.com,"1779 Wells Branch Pkwy Ste 110 b 204, Austin, TX 78728, United States","1779 Wells Branch Pkwy Ste 110 b 204, Austin, TX 78728, United States",5,6,NO,window cleaning,False,Window Cleaners Austin Erase and re-emerge Toggle Navigation Services Legal Business News Marketing Er,site scrape,NO,,https://www.windowcleanersaustin.com/ | https://www.windowcleanersaustin.com/services/ | https://www.windowcleanersaustin.com/author/windowcleanersaustin/
Precision Mobile Tint No,http://precisionmobiletint.com/,precisionmobiletint.com,"1942 Picadilly Dr, Round Rock, TX 78664, United States","1942 Picadilly Dr, Round Rock, TX 78664, United States",4.3,28,NEEDS_REVIEW,insufficient signal,False,,"no site, no research",UNREACHABLE,,
Home Craftman No,http://www.homecraftsman.net/,homecraftsman.net,+1 214-239-0585,"2150 French Settlement Rd, Dallas, TX 75212, United States",4,4510,YES,Vinyl replacement windows and doors — energy-efficient replacement window products for Dallas homes,False,"homecraftsman.net: company 'is dedicated to the home improvement business, particularly focused on replacement window and door business'; Yelp lists it as 'Home Craftsman Windows, 3706 La Reunion Pkwy' and Birdeye categorises it 'Home Craftman — Windows Installation in Dallas, TX'. CAVEAT: their own",web research (site unreachable),UNREACHABLE,,
Mygrant Glass Co No,https://www.mygrantglassonline.com/,mygrantglassonline.com,+1 512-527-3848,"2311 Ambition Wy #100, Austin, TX 78754, United States",4.4,9,NO,vehicle glass only,True,og www.mygrantglass.com Mygrant Glass Who Are We? Mygrant Glass Company is a family-owned auto glass wholesaler focused on providing superior service and the most extensive inventory to our,site scrape,NO,,https://www.mygrantglass.com/ | https://www.mygrantglass.com/pages/info.aspx?p=Locations | https://www.mygrantglass.com/pages/info.aspx?p=Returns
Solar Style Home and Commercial Tinting No,https://www.austinhomewindowtinting.com/,austinhomewindowtinting.com,+1 512-991-3506,"2438 W Anderson Ln. #64, Austin, TX 78757, United States",5,3,NO,window tint/film only,False,,name/review keywords,UNREACHABLE,,
the window experts No,http://www.thewindowexperts.com/about-us/,thewindowexperts.com,+1 214-865-6565,"25 Highland Park Village, Dallas, TX 75205, United States",0,0,YES,installs/replaces windows; named window styles; pane glazing work; replacement windows; window product line; window replacement/installation; windows & doors,False,ol (817) 865-1164 English Español Window Brands Products Windows Fiberglass Windows Vinyl Windows Aluminum Replacement Windows Wood Windows Composite Windows Doors Patio Doors French Patio & Entry Doors Front,site scrape,YES,,https://thewindowexperts.com/ | https://thewindowexperts.com/product/fiberglass-windows/ | https://thewindowexperts.com/product/aluminum-windows/ | https://thewindowexperts.com/product/vinyl-windows/
Trendy Home Quotes No,https://hometrendyquote.com/,hometrendyquote.com,+1 225-384-1090,"2525 Inwood Rd ste 133, Dallas, TX 75235, United States",0,0,YES,installs/replaces windows; named window styles; replacement windows; window product line; window replacement/installation; windows & doors,False,â Home Trendy Quote gave me a fair estimate and delivered top-quality window replacements.,site scrape,YES,YES,https://hometrendyquote.com/ | https://hometrendyquote.com/window.html | https://hometrendyquote.com/electrical.html
Aguila Tint & Tire No,http://aguila-tint-tire.poi.place/,aguila-tint-tire.poi.place,+1 512-966-2131,"2605 S I-35 Frontage Rd, Austin, TX 78741, United States",3.1,249,NO,"vehicle/automotive business, no glass or window signal",False,,name/review keywords,UNREACHABLE,,
RTC Restoration and Glass No,https://rtcrg.com/contact-us-version-1/,rtcrg.com,+1 972-446-2211,"2711 Daisy Dr, Austin, TX 78724, United States",4.4,4428,YES,commercial storefront glazing; window replacement/installation,False,"| Austin Nation Chapter Dallas | Houston | Austin Expert Commercial Glass, Door & Window Replacement Company Linkedin 40 Years of Service and Restorations 972-446-2211 info@rtcrg.",site scrape,YES,,https://rtcrg.com/ | https://rtcrg.com/glass-replacement/ | https://rtcrg.com/wp-content/uploads/2025/08/GlassReplacements-2.jpg | https://rtcrg.com/wp-content/uploads/2021/06/Katy_install_tieback.jpg
Guardian Roofing No,http://guardianroofing.org/contact-us/,guardianroofing.org,+1 833-763-7663,"2900 N Quinlan Park Rd, Austin, TX 78732, United States",3,2,NEEDS_REVIEW,"glass shop or building contractor, window scope unknown",False,,"no site, no research",UNREACHABLE,,
Dh&McBella Glass and Mirrors No,http://dhmcbellaglassandmirrors.com/,dhmcbellaglassandmirrors.com,+1 682-323-5309,"3146 Springfield Ave, Lancaster, TX 75134, United States",4.8,21,YES,window replacement/installation,False,Custom Manufacturing Glass Repair for Stairs Design of Wine Cellars and Offices in Glass Window Glass Installation Installation and manufacturing of glass doors and partitions for bathrooms ​ MORE INFORMATION Experien,site scrape,YES,YES,https://www.dhmcbellaglassandmirrors.com/ | https://www.dhmcbellaglassandmirrors.com/products-1
Andersen Windows No,https://www.andersenwindows.com/,andersenwindows.com,+1 214-221-9500,"3801 Regency Crest Dr, Garland, TX 75041, United States",4.1,59,YES,installs/replaces windows; insulated glass unit work; named window styles; replacement windows; window product line; window replacement/installation; windows & doors,False,e to Andersen™ Plan your project Compare Windows Compare Doors Compare Series Design your Window or Door Replacement Windows Replacement Doors Storm & Screen Doors Windows by Room Homeowner Blog Photo Galle,site scrape,YES,,https://www.andersenwindows.com/ | https://www.andersenwindows.com/windows-and-doors/windows/replacement-windows | https://www.andersenwindows.com/support/andersen-service | https://www.andersenwindows.com/windows-and-doors/windows/bay-windows-bow-windows
Krestmark Industries LP No,https://rymap.org/business/krestmark-industries-lp-pnjjdt,rymap.org,+1 214-237-5055,"3950 Bastille Rd #100, Dallas, TX 75212, United States",2.2,70,NO,Vinyl/aluminium window manufacturer (now part of Westlake Royal Windows Solutions),False,"'Krestmark Industries is a quality vinyl window manufacturer based in Dallas, Texas. In addition to replacement and new construction vinyl windows, Krestmark also manufactures aluminum windows and patio doors' - 300,000 sf Dallas plant, sold through retailers (Google review references buying them at",web research (site unreachable),UNKNOWN,,https://rymaps.com/
Coleman Windshield No,http://colemanwindshield.com/,colemanwindshield.com,+1 972-646-6412,"4428 Main St, Dallas, TX 75226, United States",4.8,4818,NO,vehicle glass,True,COLEMAN WINDSHIELD - Coleman Windshield - Auto Glass Shop COLEMAN WINDSHIELD FREE WINDSHIELD QUOTES Click He,site scrape,NO,,https://colemanwindshield.com/
My Auto Glass Shop No,http://myautoglassshop.com/,myautoglassshop.com,+1 214-390-4263,"4445 Rock Quarry Rd #400 #400, Dallas, TX 75211, United States",5,501,NO,mobile auto glass / windshield replacement,False,"myautoglassshop.com ('My Auto Glass Shop - Free Mobile Service') — services listed are windshield replacement, car door glass replacement, back glass replacement and side window repair. No residential or commercial building glass appeared in results.",web research (site unreachable),UNREACHABLE,,
Trinity Glazing Contractors No,https://www.trinityglazing.com/,trinityglazing.com,+1 214-339-6444,"4520 Mint Way #1, Dallas, TX 75236, United States",4.9,10,YES,commercial storefront glazing,False,"We work on most any commercial glazing applications, new constructions, existing building, and service work.",site scrape,YES,,https://trinityglazing.com/
Windows Server No,https://www.mightydfw.com/Contact,mightydfw.com,+1 800-545-4412,"4911 E 7th St, Austin, TX 78702, United States",4.1,4132,NEEDS_REVIEW,window in name but service type unconfirmed,False,,"no site, no research",UNREACHABLE,,
The Glass House Inc No,http://www.glasshousetexas.com/,glasshousetexas.com,+1 512-632-4656,"501 W Powell Ln #211, Austin, TX 78753, United States",2.5,2,NO,no window installation or repair signal on site,False,,site scrape,NO,,https://www.glasshousetexas.com/ | https://www.glasshousetexas.com/corporate-commercial | https://www.glasshousetexas.com/healthcare
Fort Lauderdale Impact No,https://fortlauderdaleimpact.com/,fortlauderdaleimpact.com,+1 888-417-8676,"5272 NW 36th Way, Fort Lauderdale, FL 33309, United States",5,4941,NEEDS_REVIEW,insufficient signal,False,,"no site, no research",UNREACHABLE,,
Mediterranean Impact Windows No,http://www.medimpactwindow.com/,medimpactwindow.com,+1 954-990-8363,"601 SW 8th St, Pompano Beach, FL 33060, United States",3.8,33,NEEDS_REVIEW,window in name but service type unconfirmed,False,,"no site, no research",UNREACHABLE,,
América Window Tint No,https://www.facebook.com/Am%C3%A9rica-window-Tint-328436710858099/?hc_ref=ARTjVdKHK5N2_sv64OVf44MLky-4iIxSKM1rf2Poc74ddu2G0q1XtRAPENE0qKlibK8,facebook.com,+1 512-317-1811,"6215 Daniel Alexander Wy, Austin, TX 78744, United States",4.8,17,YES,Stocks windows and provides framing and installation services including window and door installations,False,"Oak Cliff Building Materials services page: 'Their extensive inventory includes lumber, sheathing, roofing products, windows, and more. They also provide professional framing and installation services, including window and door installations'; sells 'to contractors, builders and homeowners'",web research (site unreachable),UNREACHABLE,,
Windows of Fort Lauderdale No,https://windowsoffortlauderdale.com/,windowsoffortlauderdale.com,+1 754-354-7816,"6330 N Andrews Ave, Fort Lauderdale, FL 33309, United States",4.4,12,YES,commercial storefront glazing; installs/replaces windows; named window styles; pane glazing work; replacement windows; window product line; window replacement/installation; windows & doors,False,Window Replacement Fort Lauderdale Fl | Window installation Fort Lauderdale Fl | Windows of Fort Lauderdale,site scrape,YES,,https://windowsoffortlauderdale.com/ | https://windowsoffortlauderdale.com/window-installation/ | https://windowsoffortlauderdale.com/window-replacement/ | https://windowsoffortlauderdale.com/replacement-windows/
Glass Installation No,http://psfipro.com/contact/,psfipro.com,+1 844-773-4776,"6800 West Gate Blvd, Austin, TX 78745, United States",2.5,252,NEEDS_REVIEW,"glass shop or building contractor, window scope unknown",False,,"no site, no research",UNREACHABLE,,
The Burke Company No,http://theburkecompany.com/,theburkecompany.com,+1 214-887-0005,"722 Paulus Ave, Dallas, TX 75214, United States",4.7,6,NO,no window installation or repair signal on site,False,,site scrape,NO,,https://www.theburkecompany.com/
Budget Auto Glass No,https://windshielddfw.com/,windshielddfw.com,+1 972-994-9657,"809 S Sherman St, Richardson, TX 75081, United States",4.5,55,NO,vehicle glass,True,windshielddfw.,site scrape,NO,,https://windshielddfw.com/
Vinyl Siding Austin No,https://www.sidingcontractoraustin.com/contact,sidingcontractoraustin.com,+1 512-607-7837,"8100 Cross Park Dr, Austin, TX 78754, United States",4.9,49179,YES,installs/replaces windows; pane glazing work; reglazing; window product line; window replacement/installation,False,tters Skylight Installation Skylight Repair Vinyl Siding Installation Vinyl Siding Repair Window Cleaning Window Installation Window Repair Window Replacement View All Services Call Now (512) 607-7837 Tap to call no,site scrape,YES,,https://www.sidingcontractoraustin.com/ | https://www.sidingcontractoraustin.com/window-installation | https://www.sidingcontractoraustin.com/window-replacement | https://www.sidingcontractoraustin.com/window-cleaning
Southwest Exteriors Inc No,http://www.sweaustin.com/,sweaustin.com,+1 512-844-1882,"8210 Bent Tree Rd #220, Austin, TX 78759, United States",5,502,NEEDS_REVIEW,insufficient signal,False,,"no site, no research",UNREACHABLE,,
Mirror Gallery Inc No,http://www.mirrorgallery.com/,mirrorgallery.com,+1 512-660-5105,"8313 State Hwy 71, Austin, TX 78735, United States",4.1,13,YES,insulated glass unit work; named window styles; windows & doors,False,"Mirror Gallery Windows and Doors | Houston & Austin TX | Custom Windows, Doors, Shower Doors, Mirrors and Glass Menu HOME",site scrape,YES,,https://www.mirrorgallery.com/ | https://www.mirrorgallery.com/custom-windows/ | https://www.mirrorgallery.com/marvin-windows-doors/ | https://www.mirrorgallery.com/weather-shield-windows-doors/
Fast Glass Service No,http://www.fastglassservice.com/,fastglassservice.com,+1 512-836-4947,"837 Sagebrush Dr, Austin, TX 78758, United States",4.3,6,NEEDS_REVIEW,"glass shop or building contractor, window scope unknown",False,,"no site, no research",UNKNOWN,,https://fastglassservice.com/
Presidio No,http://presidiodoors.com/,presidiodoors.com,+1 512-524-6060,"8651 Old Bee Caves Rd, Austin, TX 78735, United States",5,4,YES,window product line; windows & doors,False,"es and multiple units to create large expanses of glass. Includes a full selection of all-aluminum windows and doors that are thermally broken for enhanced energy performance, and extruded aluminu",site scrape,YES,,https://presidiodoors.com/ | https://presidiodoors.com/windows/ | https://presidiodoors.com/kolbe-windows-and-doors/
Alpha Glass & Mirror Co No,http://www.agmglass-dfw.com/,agmglass-dfw.com,+1 214-637-5500,"8901 Sovereign Row, Dallas, TX 75247, United States",3.7,9,YES,"Commercial and retail glass/window replacement, wet sealing",False,"agmglass-dfw.com — ""specializes in the installation and maintenance of commercial glass and windows""; services: ""commercial and retail glass replacement, door repair and maintenance, mirror replacement, and window filming and wet sealing"".",web research (site unreachable),UNREACHABLE,,
Atrium Aluminum Products No,http://www.atrium.com/,atrium.com,+1 214-331-3870,"9001 Ambassador Row, Dallas, TX 75247, United States",4.3,91,YES,installs/replaces windows; named window styles; replacement windows; window product line; windows & doors,False,"and door lineup through a curated collection of product videos. From new construction and replacement windows to sliding patio doors, each video highlights the thoughtful design, dependable performan",site scrape,YES,,https://www.atrium.com/ | https://www.atrium.com/windows/ | https://www.atrium.com/window-basics/windows-buyers-guide/ | https://www.atrium.com/our-story-atrium-windows-doors/
21st Century Painting Roofing & Siding of Austin Yes,https://www.21stcenturytexas.com/,21stcenturytexas.com,+1 512-219-0342,"9811-A, Beck Cir, Austin, TX 78758, United States",5,518,NEEDS_REVIEW,"glass shop or building contractor, window scope unknown",False,,"no site, no research",UNKNOWN,,https://21stcenturytexas.com/
Alpine Exteriors Siding Roofing & Windows,https://alpineexteriorstx.com/,alpineexteriorstx.com,+1 214-537-9454,"5960 Berkshire Ln Ste 100, Dallas, TX 75225, United States",5,13,YES,installs/replaces windows; replacement windows; window product line; window replacement/installation; windows & doors,False,"actor specializing in fiber cement siding installation, complete exterior remodeling, and window replacement throughout Dallas, Tarrant, Collin and Denton Counties.",site scrape,YES,,https://alpineexteriorstx.com/ | https://alpineexteriorstx.com/window-replacement | https://alpineexteriorstx.com/service-areas | https://alpineexteriorstx.com/tx/dallas/siding-contractor
Louver Shop Shutters of Austin Round Rock & Georgetown,https://www.louvershop.com/locations/louver-shop-of-austin/?utm_source=1751&utm_medium=internet&utm_campaign=gmb-licensee&ls=582,louvershop.com,+1 512-746-7165,,5,7,NO,window treatments,False,"Louver Shop | Shutters, Blinds, Shades & More Summer Savings | 20% Off Window Treatments | Free Design Consultat",site scrape,NO,,https://www.louvershop.com/ | https://www.louvershop.com/4-best-window-treatments-for-casement-windows/ | https://www.louvershop.com/room-darkening-window-treatments/ | https://www.louvershop.com/child-safe-window-treatments/
WINDO – European Aluminum Windows & Doors by Reynaers Schueco Aluprof Alumil & Cortizo Yes,https://windo.io/,windo.io,+1 512-738-0330,"7801 N Lamar Blvd B 156, Austin, TX 78752, United States",5,9,YES,commercial storefront glazing; named window styles; window product line; windows & doors,False,WE PROVIDE EUROPEAN ALUMINUM WINDOWS AND DOORS | WINDO Website logo Our Products +1-512-738-0330 [email protected] WINDO WINDO,site scrape,YES,,https://windo.io/ | https://windo.io/product-category/european-aluminum-windows/ | https://windo.io/projects/google-headquarters/ | https://windo.io/products/
Love is Blinds-Custom Blinds Shades Shutters Yes,https://www.loveisblindstx.com/window-treatments/austin-tx,loveisblindstx.com,"13785 Research Blvd Ste 125, #317, Austin, TX 78750, United States","13785 Research Blvd Ste 125, #317, Austin, TX 78750, United States",5,4,NO,window treatments,False,"Custom Window Treatments in Texas | Blinds, Shades, Shutters & Plantation Shutters "" "" "" "" Home Products Blinds Faux Wood Blinds Rea",site scrape,NO,,https://www.loveisblindstx.com/ | https://www.loveisblindstx.com/services/window-treatment-installation | https://www.loveisblindstx.com/products/energy-efficient-custom-window-shades | https://www.loveisblindstx.com/products/window-treatment-automations
Sunburst Shutters Shades & Blinds Dallas,https://www.sunburstshuttersdallas.com/?utm_source=google&utm_medium=organic&utm_campaign=gmb&utm_term=website,sunburstshuttersdallas.com,"10990 Petal St Ste 100, Dallas, TX 75238, United States","10990 Petal St Ste 100, Dallas, TX 75238, United States",5,127,NO,window treatments,False,"Shutters, Blinds, & Shades in Dallas, TX | Sunburst Shutters Dallas Dallas The Best Custom Shutter",site scrape,NO,,https://www.sunburstshuttersdallas.com/ | https://www.sunburstshuttersdallas.com/commercial-window-treatments | https://www.sunburstshuttersdallas.com/products/cover-your-big-beautiful-bay-windows-with-bay-window-shutters-in-dallas | https://www.sunburstshuttersdallas.com/products/shutters-for-specialty-window-types-in-dallas
Blind Outfitters: Blinds Austin Shutters Shades Yes,http://www.blindoutfitters.com/,blindoutfitters.com,"10503 Yucca Dr, Austin, TX 78759, United States","10503 Yucca Dr, Austin, TX 78759, United States",4.9,116,NO,window tint/film; window treatments,False,tions Blind and Shade Automation Blind and Shade Automation Free Estimates Free Estimates Window Tinting and Film Window Tinting and Film Consumer Financing by Wells Fargo Consumer Financing,site scrape,NO,,https://www.blindoutfitters.com/
Feldco Windows Siding Doors & Roofing of Rockford Yes,https://www.4feldco.com/locations/rockford?utm_source=GBP&utm_medium=organic&utm_campaign=rockford,4feldco.com,+1 866-433-5326,"4322 Maray Dr, Rockford, IL 61107, United States",4.7,443,YES,installs/replaces windows; named window styles; pane glazing work; replacement windows; window product line; window replacement/installation,False,"Home Exterior Company Since 1976 The Midwest's #1 home exterior company since 1976. From window replacement to siding, doors, and roofing, we help homeowners across Illinois, Wisconsin, Indiana, Io",site scrape,YES,,https://www.4feldco.com/ | https://www.4feldco.com/siding/window-shutters | https://www.4feldco.com/windows | https://www.4feldco.com/windows/double-hung
Allco Contractor - Windows Siding & Patios,http://allcocontractor.com/,allcocontractor.com,+1 512-845-6606,,0,0,YES,installs/replaces windows; replacement windows; window product line; window replacement/installation,False,Learn more Windows Investing in replacement windows can drastically improve the appearance and efficiency of your home.,site scrape,YES,,https://austinsbestwindowsandsiding.com/ | https://austinsbestwindowsandsiding.com/windows | https://austinsbestwindowsandsiding.com/siding
M&M Roofing Siding & Windows,https://www.mmroofsiding.com/,mmroofsiding.com,+1 214-381-0600,,4.4,7,YES,installs/replaces windows; named window styles; window product line; window replacement/installation,False,cent Work Trusted Services Referral Program Trusted Services Window Contractor in Houston Window Replacement & Installation Contractor Get a Free Inspection Call: 800-352-3933 Window contractor serv,site scrape,YES,,https://mmroofsiding.com/ | https://mmroofsiding.com/services/window-replacement/ | https://mmroofsiding.com/siding/
Austin Window Siding and Roofing,https://austinwindowssidingroofing.com/,austinwindowssidingroofing.com,+1 512-645-1088,"901 S MoPac Expy, Austin, TX 78746, United States",4.8,267,NEEDS_REVIEW,window in name but service type unconfirmed,False,,"no site, no research",UNKNOWN,,https://austinwindowssidingroofing.com/
Shades of Texas - Windows Tint & Shades - Austin,https://shadesoftx.com/austin?utm_source=gmb&utm_medium=local&utm_campaign=austin,shadesoftx.com,"1612 Shenandoah Dr, Cedar Park, TX 78613, United States","1612 Shenandoah Dr, Cedar Park, TX 78613, United States",4.8,466,NO,blinds/shades/shutters/drapery (window treatments),False,,name/review keywords,UNREACHABLE,,
Cover Glass USA - Lakeway TX,https://coverglassusa.com/texas/,coverglassusa.com,+1 888-457-3667,,0,0,YES,insulated glass unit work,False,ach Orange County Dana Point Corona del Mar San Clemente Newport Beach Costa Mesa Laguna Niguel Laguna Beach Huntington Beach Yorba Linda Los Angeles Anaheim Long Beach Rancho Palos V,site scrape,YES,,https://coverglassusa.com/ | https://coverglassusa.com/product-guide/ | https://coverglassusa.com/gallery/residential/ | https://coverglassusa.com/gallery/commercial/
Window Gang - Austin TX,https://www.windowgang.com/pages/austin-tx,windowgang.com,"1320 Arrow Point Dr Ste 501 #TW140, Cedar Park, TX 78613, United States","1320 Arrow Point Dr Ste 501 #TW140, Cedar Park, TX 78613, United States",4.9,441,NO,window cleaning/washing,False,,name/review keywords,UNREACHABLE,,
Empire Today - Austin TX,https://www.empiretoday.com/locations/san-antonio?CID=gbp,empiretoday.com,+1 726-222-0009,"2301 E St Elmo Rd Suite: 106, Austin, TX 78744, United States",4.6,923,YES,insulated glass unit work; window product line,False,AY FOR HOME Reviews HOW EMPIRE WORKS Financing Floor Designer Help My Account (Opens in a new window) Favorites ( 0 ) Call Now Toggle Search Search SCHEDULE IN-HOME APPOINTMENT or speak to a,site scrape,YES,,https://www.empiretoday.com/ | https://www.empiretoday.com/customer-service/product-care | https://www.empiretoday.com/commercial-flooring/installation-readiness | https://www.empiretoday.com/tv-commercials
Sol Solutions - Custom Windows and Doors Estimate - Dallas TX,https://ntxsol.com/,ntxsol.com,+1 469-708-8151,"6750 Hillcrest Plaza Dr #214, Dallas, TX 75230, United States",5,35,YES,named window styles; window product line; window replacement/installation; windows & doors,False,Sol Solutions - Dallas Window Installation and Replacement Skip to content Home About Patio Doors Big Doors Windows Reviews Articles MADD Contact Re,site scrape,YES,,https://ntxsol.com/ | https://ntxsol.com/windows/
Pella Windows and Doors Showroom of Austin TX,https://www.pella.com/locations/tx/austin/?utm_source=google&utm_medium=organic&utm_campaign=gbp,pella.com,+1 512-339-6601,"9222 Burnet Rd #105, Austin, TX 78758, United States",4.5,587,YES,installs/replaces windows; insulated glass unit work; named window styles; pane glazing work; replacement windows; window product line; window replacement/installation; windows & doors,False,ow Inspiration By Color By Style By Room By Shape All Window Inspiration Window Resources Window Education Window Replacement Before & After Projects Ratings & Reviews Features & Options Window DIY Doors keyboard_ar,site scrape,YES,,https://www.pella.com/ | https://www.pella.com/ideas/windows/replacement/window-installation-what-to-expect/ | https://www.pella.com/ideas/windows/replacement/shopping-for-replacement-windows/ | https://www.pella.com/ideas/windows/replacement/
FASTSIGNS of Dallas TX - Love Field,https://www.fastsigns.com/west-dallas-tx/,fastsigns.com,"1555 Prudential Dr, Dallas, TX 75235, United States","1555 Prudential Dr, Dallas, TX 75235, United States",4.9,83,NEEDS_REVIEW,insufficient signal,False,,"no site, no research",UNREACHABLE,,
Dynamic PPF & Tint - PPF Window Tint Ceramic Coatings Yes,https://dynamicppfandtint.com/,dynamicppfandtint.com,+1 512-609-9586,"6814 Boggy Creek Dr, Austin, TX 78744, United States",5,39,NO,window tint/film; window treatments,True,int Skip to content Instagram Facebook-f SCHEDULE ONLINE Home Paint Protection Film (PPF) Window Tinting Ceramic Coatings Vinyl Wraps Windshield Protection Film Contact Us Home Paint Protecti,site scrape,NO,,https://dynamicppfandtint.com/ | https://dynamicppfandtint.com/window-tinting/
Pro Step LLC | European Custom Cabinetry Windows Doors Yes,https://prostepstudio.com/,prostepstudio.com,+1 512-766-9573,,5,7,NO,no window installation or repair signal on site,False,,site scrape,NO,,https://prostepstudio.com/ | https://prostepstudio.com/products/windows | https://prostepstudio.com/products | https://prostepstudio.com/products/cabinetry
Titan Siding Windows & Roofing,https://titansiding.com/,titansiding.com,"12112 Anderson Mill Rd Bldg 11a, Austin, TX 78726, United States","12112 Anderson Mill Rd Bldg 11a, Austin, TX 78726, United States",4.9,456,YES,installs/replaces windows; named window styles; replacement windows; window product line; window replacement/installation; windows & doors,False,"Austin Siding & Window Installation | Titan Siding, Windows & Roofing Austin's Trusted Pros for Siding, Windows & Roofing I a",site scrape,YES,,https://titansiding.com/ | https://titansiding.com/windows | https://titansiding.com/service-area
Austin Pro Siding Windows & Roofing,https://www.austinprosiding.com/,austinprosiding.com,+1 512-550-0000,"7801 N Lamar Blvd Ste C70, Austin, TX 78752, United States",4.9,467,YES,installs/replaces windows; insulated glass unit work; named window styles; pane glazing work; replacement windows; window product line; window replacement/installation; windows & doors,False,"· Since 2009 Central Texas Homes Deserve Better Than Average Austin Pro provides siding, window replacement, roof replacement, gutters, doors, and more for homeowners across Austin and Central Texa",site scrape,YES,,https://www.austinprosiding.com/ | https://www.austinprosiding.com/services/windows | https://www.austinprosiding.com/vendors/nt-windows-pg
SunSmart Windows of Dallas Yes,http://dallas.sunsmarthome.com/,dallas.sunsmarthome.com,,,0,0,YES,Custom energy-efficient window installation and replacement plus door installation; commercial and residential window replacement,False,"dallas.sunsmarthome.com/ 'Premium Window Installation And Replacement Dallas, TX'; sunsmarthome.com/home 'Replacement Windows and Doors DFW, TX'; 'selling and installing custom windows and doors for homeowners and contractors'",web research (site unreachable),UNREACHABLE,,
Restore Your Door Dallas Yes,https://dallasdoorrefinishing.com/,dallasdoorrefinishing.com,,,3.3,3,NO,window treatments,False,READ MORE HERE Shutter Refinishing Shutters are more than just window coverings.,site scrape,NO,,https://www.nationaldoorrefinishing.com/locations/dallas-tx/ | https://www.nationaldoorrefinishing.com/services/ | https://www.nationaldoorrefinishing.com/services/door-refinishing-and-restoration/ | https://www.nationaldoorrefinishing.com/services/follow-up-protective-clear-coat/
Vista Home Solutions Yes,https://vistahomesolutions.org/,vistahomesolutions.org,,,5,9,NO,window cleaning,False,"VistaHomeSolutions – Professional Window Cleaning in Dallas, TX Home Window Washing Gutter Cleaning PowerWashing Areas Served Portfolio",site scrape,NO,,https://vistahomesolutions.org/home | https://vistahomesolutions.org/window-washing
Pane Clinic Window Cleaning Yes,https://paneclinicwindowcleaning.com/,paneclinicwindowcleaning.com,,,5,4,NO,Window cleaning,False,No pages from paneclinicwindowcleaning.com indexed; Google review: 'Got windows cleaned. Looking through clean windows again' / 'I have the cleanest windows that I have ever seen',web research (site unreachable),UNREACHABLE,,
BrightPath Windows Yes,https://brightpathwindows.com/,brightpathwindows.com,,,0,0,NO,window cleaning,False,"Window Cleaning in DFW | Little Elm, Frisco, Prosper & More | BrightPath Windows BrightPath Windows Ho",site scrape,NO,,https://brightpathwindows.com/ | https://brightpathwindows.com/about | https://brightpathwindows.com/why-us
Screw It All Assembly Yes,http://screwitallassembly.com/,screwitallassembly.com,,,5,49,NEEDS_REVIEW,insufficient signal,False,,"no site, no research",UNREACHABLE,,
MIKA Studio Yes,https://www.mikastudio.online/,mikastudio.online,,,5,7,NO,no window installation or repair signal on site,False,,site scrape,NO,,https://www.mikastudio.online/
Atex Window Services Yes,https://atexwindowservices.com/,atexwindowservices.com,,,5,42,NO,window cleaning,False,owner operated company with 15 years of experience in high-end residential and commercial window cleaning.,site scrape,NO,,https://atexwindowservices.com/ | https://atexwindowservices.com/faq
CTRL Auto Tint Yes,https://www.instagram.com/ctrl_auto_tinting/,instagram.com,,,5,3,YES,"Window installation in and around Dallas; products include low-e windows, tempered glass, aluminum window products; also shower glass and mirrors",False,"Listing/profile text: 'LUXOR Mirrors & Glass offers shower glass installation and window installation in and around Dallas, TX' and product list including 'low-e windows' and 'aluminum window products'; categorized as a 'Doors & Windows' business (local.yahoo.com/info-209839631-luxor-mirrors-glass-d",web research (site unreachable),UNKNOWN,,https://www.instagram.com/
South Austin Handyman Yes,http://www.southaustinhm.com/,southaustinhm.com,,,5,123,NEEDS_REVIEW,"glass shop or building contractor, window scope unknown",False,,"no site, no research",UNREACHABLE,,
All Shades of Texas Yes,https://www.allshadesoftx.net/,allshadesoftx.net,+1 210-440-0007,,5,74,NO,window tint/film; window treatments,False,"ractor | San Antonio, Texas | All Shades of Texas Home Services Screen Rooms Patio Covers Solar Screens Roller Shades Sun Rooms Reviews Gallery Areas We Serve Contact Us Home Services Screen R",site scrape,NO,,https://www.allshadesoftx.net/
Robles Remodeling Austin Yes,https://roblesremodelingaustintx.com/,roblesremodelingaustintx.com,+1 210-761-7526,,4.9,124,NO,no window installation or repair signal on site,False,,site scrape,NO,,https://roblesremodelingaustintx.com/ | https://roblesremodelingaustintx.com/services | https://roblesremodelingaustintx.com/interiors
Propertifix Handyman & Renovation Services Yes,https://propertifix.com/,propertifix.com,+1 214-210-1111,,4.8,207,YES,window product line; window replacement/installation; windows & doors,False,g Fixture Repairs & *Replacements *Electrical Fixture Installation & *Replacement *Door & Window Repairs *Fence & Gate Repairs *Interior & Exterior Painting *Flooring Installation & Repairs *Ki,site scrape,YES,,https://propertifix.com/ | https://propertifix.com/services/doors-and-window-services/ | https://propertifix.com/services/flooring-installation-services/ | https://propertifix.com/services/property-make-ready-services/
Dallas Door Installation and Repair Service Yes,https://dallasdoorinstallationandrepairservice.com/,dallasdoorinstallationandrepairservice.com,+1 214-223-1966,,5,46,NEEDS_REVIEW,insufficient signal,False,,"no site, no research",UNKNOWN,,https://dallasdoorinstallationandrepairservice.com/
H&H Remodeling Yes,https://hh-remodeling.com/,hh-remodeling.com,+1 214-223-8258,,5,11,NO,window tint/film; window treatments,False,ed team has you covered. star Explore our Services OUR REMODELING & REPAIR SERVICES build Solar screens: Save money on your energy bills & daytime privacy Kitchen Remodels – Upgrade your space,site scrape,NO,YES,https://hh-remodeling.com/ | https://hh-remodeling.com/window-solar-screens-installation-dallas | https://hh-remodeling.com/remodeling-renovation-services-dallas/
Delightful Designs Yes,http://www.delightfuldesigns.net/,delightfuldesigns.net,+1 214-226-7840,,5,38,NO,"Custom window treatments (shades, shutters, patio screens)",False,"delightfuldesigns.net/services: 'window treatments, motorized shades, motorized patio screens, plantation shutters, and roller shades' — window coverings, excluded by criteria",web research (site unreachable),UNREACHABLE,,
weinstallwindows.com Yes,https://weinstallwindows.com/,weinstallwindows.com,+1 214-239-9108,,0,0,YES,installs/replaces windows; window replacement/installation; windows & doors,False,"rkmanship, durable results, and reliable service you can count on. From drywall finishes, window and door installations to expert services, we help businesses and homeowners upgrade their spaces with lasting",site scrape,YES,,https://knoxdwall.com/ | https://knoxdwall.com/services/
Tricityrenovation Yes,http://tricityrenovation.com/,tricityrenovation.com,+1 214-244-2901,,5,2,NO,no window installation or repair signal on site,False,,site scrape,NO,YES,https://www.tricityrenovation.com/ | https://www.tricityrenovation.com/services.html
Texas Pride Mirror & Glass LLC Yes,https://texaspridemirrornglass.com/,texaspridemirrornglass.com,+1 214-281-6638,,5,11,YES,"Window replacement, window installation and window leak repair",False,"Listings for texaspridemirrornglass.com — ""offers quality window installation services in Dallas, TX""; services: ""door replacement, door repair, frameless showers, caulking repair and replacement, window replacement, window installation service, and window leak repair"". Google review mentions a dog ",web research (site unreachable),UNREACHABLE,,
Luna Glass and Mirror Yes,https://lunaglassmirror.com/,lunaglassmirror.com,+1 214-284-1397,,5,4,YES,commercial storefront glazing; installs/replaces windows; pane glazing work; replacement windows; window product line; window replacement/installation,False,r Mirrors Custom Mirror Installation Bathroom Vanity Mirrors Frameless Decorative Mirrors Windows Window Repair & Replacement Window Glass Repair Double-Pane Window Replacement Full Window Replacement,site scrape,YES,,https://lunaglassmirror.com/ | https://lunaglassmirror.com/window-repair-replacement | https://lunaglassmirror.com/window-glass-repair | https://lunaglassmirror.com/double-pane-window-replacement
Portal Pros - Dallas Dog Door Installation Yes,https://portalprosdallas.com/,portalprosdallas.com,+1 214-307-2503,,5,3,YES,commercial storefront glazing; installs/replaces windows; insulated glass unit work; named window styles; pane glazing work; window replacement/installation,False,nstall Patio Install Screen Install Kennel Install French Door Install Storm Door Install Window Install Custom Installs Guarantee Shop For Glass For Doors For Walls For Patios For Kennels For S,site scrape,YES,YES,https://portalprosdallas.com/ | https://portalprosdallas.com/dog-door-installation-in-windows/ | https://portalprosdallas.com/pet-door-for-window/ | https://portalprosdallas.com/dog-door-in-glass-installation/
Dallas Window Film Yes,https://denverwindowfilm.com/,denverwindowfilm.com,+1 214-329-9603,,4.5,2,NO,window cleaning; window tint/film; window treatments,False,"m matched to the building’s exposure. Proper surface preparation, precise patterning, and squeegee technique matter most on a clear, dry Colorado day, which is why our window film installa",site scrape,NO,,https://denverwindowfilm.com/ | https://denverwindowfilm.com/window-film-and-tint/window-film-denver-property-owners/ | https://denverwindowfilm.com/window-tinting/residential-window-tinting-denver/ | https://denverwindowfilm.com/commercial-window-tinting/commercial-window-tinting-denver-3/
Professional Window Tint of Dallas Yes,https://www.glasstinting.com/,glasstinting.com,+1 214-348-1234,,4.9,238,NO,window tint/film,False,"com - Dallas Window Tinting and Glass Frosting - Professional Window Tint of Dallas | ""glasstinting.",site scrape,NO,,https://www.glasstinting.com/ | https://www.glasstinting.com/services/dallas-tx-residential-window-tinting/ | https://www.glasstinting.com/services/dallas-tx-commercial-window-tintin/ | https://www.glasstinting.com/service-areas/plano-tx-residential-window-tinting/
828 Windows & Doors Yes,http://828windowsanddoors.com/,828windowsanddoors.com,+1 214-389-2828,,3.3,333,YES,Window and door replacement,False,"Yelp listing title '828 WINDOWS & DOORS - Dallas, Texas - Windows Installation'; Crunchbase profile for 828 Windows & Doors, Dallas TX window/door replacement",web research (site unreachable),UNKNOWN,,https://828windowsanddoors.com/
Contact Window Cleaning Yes,https://contactwindowcleaning.com/,contactwindowcleaning.com,+1 214-390-5774,,5,203,NO,window cleaning,False,"Home - Contact Window Cleaning (214) 390-5774 Skip to content (214) 390-5774 Full-Service Window Cleaning In Dallas,",site scrape,NO,,https://contactwindowcleaning.com/
Lone Star Home Pro Yes,https://lonestarhomepro.com/,lonestarhomepro.com,+1 214-417-6390,,4.8,22,YES,installs/replaces windows; named window styles; window replacement/installation; windows & doors,False,ustomer Reviews ★ ★ ★ ★ ★ Follow Us [phone_number] Home Services Custom Door Installation Window Installation Residential Remodeling Kitchen Remodeling Bathroom Remodeling Door & Window Restoration A,site scrape,YES,,https://lonestarhomepro.com/
Trejos Texas Tint Yes,http://trejostexastint.com/,trejostexastint.com,+1 214-431-8715,,5,5,NEEDS_REVIEW,insufficient signal,False,,"no site, no research",UNREACHABLE,,
Lava Auto Glass Yes,https://www.lavaautoglass.com/?utm_source=google&utm_medium=wix_google_business_profile&utm_campaign=16940981642018246518,lavaautoglass.com,+1 214-436-1325,,4.9,120,NO,vehicle glass,True,Home | Lava Auto Glass | Dallas top of page Lava Auto Glass 214-436-1325 469-452-9825 Home Photo Gallery Service,site scrape,NO,,https://www.lavaautoglass.com/ | https://www.lavaautoglass.com/services | https://www.lavaautoglass.com/home | https://www.lavaautoglass.com/photo-gallery
Zen Windows Dallas Yes,https://zenwindows.com/dallas/?utm_source=google&utm_medium=organic&utm_campaign=maps_dallas,zenwindows.com,+1 214-447-3199,,5,4,YES,installs/replaces windows; insulated glass unit work; named window styles; pane glazing work; replacement windows; window product line; window replacement/installation; windows & doors,False,Window Replacement Services Nationwide | Zen Windows Skip to content Contact us at: (877) 583-0423 ✕ Windows,site scrape,YES,,https://zenwindows.com/ | https://zenwindows.com/windows/window-installation/ | https://zenwindows.com/windows/window-replacement/ | https://zenwindows.com/windows/window-replacement/vinyl/
Budget Blinds Yes,http://budgetblinds.com/parkcities,budgetblinds.com,+1 214-503-0151,,5,48,NO,window treatments,False,"Blinds - Custom Blinds, Window Coverings - Budget Blinds Skip to Content Franchise Opportunities",site scrape,NO,,https://www.budgetblinds.com/ | https://www.budgetblinds.com/child-safety/ | https://www.budgetblinds.com/our-products/blinds/ | https://www.budgetblinds.com/our-products/blinds/wood-blinds/
Nova View Installations LLC Yes,https://www.windowinstallationdallastx.com/,windowinstallationdallastx.com,+1 214-506-8288,,0,0,YES,installs/replaces windows; insulated glass unit work; named window styles; window product line; window replacement/installation; windows & doors,False,content Skip to main content windowinstallationdallastx.com Services Door’s Installation Windows Installation Service Areas Balch Springs Window & Door Installation | Energy-Efficient Upgrades Highla,site scrape,YES,,https://windowinstallationdallastx.com/ | https://windowinstallationdallastx.com/mesquite-window-door-installation-services-professional-installers/ | https://windowinstallationdallastx.com/sunnyvale-window-door-installation-services-expert-local-installers/ | https://windowinstallationdallastx.com/highland-park-tx-window-door-installation-premium-local-services/
Fresh Start Yes,http://www.thedamage.repair/,thedamage.repair,+1 214-563-5040,,4.8,20,NO,no window installation or repair signal on site,False,,site scrape,NO,YES,https://www.thedamage.repair/
Dallas Windows and Gutter Cleaning Yes,https://bestwindowcleanerdallas.com/,bestwindowcleanerdallas.com,+1 214-597-3248,,4.9,189,NO,Window and gutter cleaning,False,"bestwindowcleanerdallas.com/services/window-cleaning — 'Window Cleaning, Gutter Cleaning, Gutter Guard Installation, Gutter Repair, Screen Repair, Pressure Washing'",web research (site unreachable),UNKNOWN,,https://bestwindowcleanerdallas.com/
Excelsior Glass and Mirror LLC Yes,http://excelsiorglass.co/,excelsiorglass.co,+1 214-622-3021,,4.4,20,YES,building glass replacement; commercial storefront glazing; insulated glass unit work; named window styles; window replacement/installation,False,Window Installation – Glass and Mirror | Excelsior Glass and Mirror top of page Call Us At : 214-622-3021 and,site scrape,YES,,https://www.excelsiorglass.co/ | https://www.excelsiorglass.co/glasspanes | https://www.excelsiorglass.co/residential | https://www.excelsiorglass.co/commercial
Urban Pioneer Construction & Remodeling Yes,https://urbanpioneerconstruction.org/,urbanpioneerconstruction.org,+1 214-682-4564,,5,0,NO,no window installation or repair signal on site,False,,site scrape,NO,YES,https://urbanpioneerconstruction.org/ | https://urbanpioneerconstruction.org/windows-doors/
Blade Glazing LLC Yes,http://bladeglazingllc.com/,bladeglazingllc.com,+1 214-687-1216,,5,9,YES,"Broken window glass repair/replacement, storefront glass installation, floor-to-ceiling glass walls",False,bladeglazingllc.com/glass-replacement/ titled 'Glass Replacement - Residential/Commercial Glass Installation' and /dallas-storefront-glass-installations/; 'repairs to broken window glass',web research (site unreachable),UNREACHABLE,,
McBain's Windows and Doors LLC Yes,https://mcbainswindowsanddoors.com/,mcbainswindowsanddoors.com,+1 214-702-3818,,5,28,YES,windows & doors,False,McBain's Windows & Doors | Precision Window & Door Installation in Dallas–Fort Worth,site scrape,YES,,https://mcbainswindowsanddoors.com/
Poiema Construction Yes,http://www.poiemaconstruction.com/,poiemaconstruction.com,+1 214-702-6789,,4.7,18,NO,no window installation or repair signal on site,False,,site scrape,NO,,https://poiemaconstruction.com/
ClearVue Solutions Yes,https://clearvue.solutions/,clearvue.solutions,+1 214-704-2531,,5,49,NO,window cleaning,False,"Streak-free windows, solar panels, and power washing from a Frisco-based crew that treats your home like our own.",site scrape,NO,,https://clearvue.solutions/
DFW Doors LLC. Yes,http://dfwdoorinstallations.com/,dfwdoorinstallations.com,+1 214-725-1557,,4.9,70,NO,no window installation or repair signal on site,False,,site scrape,NO,,https://dfwdoorinstallations.com/ | https://dfwdoorinstallations.com/contact-us | https://dfwdoorinstallations.com/from-wall-to-wow
Mr Quick Fix Yes,https://www.mrquickfix.net/,mrquickfix.net,+1 214-734-6293,,3.5,21,NO,window cleaning,False,Painting Doors & Windows Services Gutter Services Fences & Decks Welding & Metal Repairs Power Washing & Exterior Cleaning Outdoor Enhancements Gallery Contact Ανακαλύψτε την ποικιλία των π,site scrape,NO,YES,https://mrquickfix.net/ | https://mrquickfix.net/services/doors-windows-services/ | https://mrquickfix.net/services/general-handyman-services/ | https://mrquickfix.net/services/carpentry-services/
Certified Window & Door Yes,http://www.remodelcwd.com/,remodelcwd.com,+1 214-736-3935,,4,2,YES,window replacement/installation; windows & doors,False,Certified Window and Door – Page CloudFW – Residential Door | Window installation and sales.,site scrape,YES,,https://remodelcwd.com/
Dynasty Windshield Repair Yes,http://dynastywindshield.com/,dynastywindshield.com,+1 214-753-9892,,0,0,NO,vehicle glass only,True,WindShield Repair Avoid bigger problems down the road.,site scrape,NO,,https://dynastywindshield.com/ | https://dynastywindshield.com/services/
DFW Mobile Window Tint Yes,http://www.dfwmobilewindowtint.com/,dfwmobilewindowtint.com,+1 214-757-6411,,4.8,252,NO,vehicle glass only,True,"care about you You can buy cheap sun shades, but that only protects your vehicle from the windshield, leaving the rest of the car exposed.",site scrape,NO,,https://dfwmobilewindowtint.com/ | https://dfwmobilewindowtint.com/autowindowtint-2-2/ | https://dfwmobilewindowtint.com/autowindowtint-2-2-2/ | https://dfwmobilewindowtint.com/autowindowtint-2/
Sun & Sound Windows - DFW Yes,https://sunandsoundwindows.com/,sunandsoundwindows.com,+1 214-771-9544,,4.2,10,YES,installs/replaces windows; pane glazing work; replacement windows,False,"Most importantly, they are not replacement windows.",site scrape,YES,,https://sunandsoundwindows.com/ | https://sunandsoundwindows.com/solutions/soundproof-glass-doors/ | https://sunandsoundwindows.com/solutions/hotel-and-office-soundproofing/
Southern Living Windows Yes,http://slivingwindows.com/,slivingwindows.com,+1 214-833-8286,,5,67,YES,installs/replaces windows; insulated glass unit work; named window styles; pane glazing work; replacement windows; window product line; window replacement/installation; windows & doors,False,"Mon–Fri, 9am–3pm Sat Home Services Sliding Glass Door Installation Patio Door Replacement Window Installations Window Replacement Sliding Glass Door Replacement Energy Efficient Upgrades About Gallery FAQ Contact Schedu",site scrape,YES,,https://slivingwindows.com/ | https://slivingwindows.com/services/sliding-glass-door-installation/ | https://slivingwindows.com/services/window-installations/ | https://slivingwindows.com/services/window-replacement/
Custom Drapery Dallas Yes,http://www.draperydallas.net/,draperydallas.net,+1 214-838-5102,,5,0,NO,Custom drapery / window treatments,False,No pages from draperydallas.net indexed in either search; only other Dallas drapery firms returned. Classified from the trade name and the drapery/window-covering category — no direct site evidence found,web research (site unreachable),UNREACHABLE,,
Blessed by the Best Yes,http://blessedbythebest214.com/,blessedbythebest214.com,+1 214-863-8266,,5,10,NO,window cleaning,False,"Blessed By The Best Blessed By The Best Professional residential and commercial pressure washing and exterior cleaning services in the Dallas-Fort Worth area, dedicated to restoring c",site scrape,NO,,https://blessedbythebest214.com/ | https://blessedbythebest214.com/services/residential-and-commercial-window-washing | https://blessedbythebest214.com/commercial/window-washing | https://blessedbythebest214.com/dallas-county/residential-and-commercial-window-washing
LOOK Cleaning Services Yes,http://www.lookwindowservice.com/,lookwindowservice.com,+1 214-864-0812,,5,67,NO,window cleaning; window tint/film,False,r a range of services that will leave your place sparkling and inviting. LIST OF SERVICES Window cleaning Professional Window Care power washing Professional Surface Cleaning gutter cleaning P,site scrape,NO,,https://www.lookwindowservice.com/ | https://www.lookwindowservice.com/services | https://www.lookwindowservice.com/home | https://www.lookwindowservice.com/offers
Speed Auto Glass Yes,http://speedautoglass.online/,speedautoglass.online,+1 214-876-2838,,5,10,NO,vehicle glass,True,Auto Glass Repair in Dallas | Windshield Replacement Auto Glass Repair & Windshield Replacement Home,site scrape,NO,,https://speedautoglass.online/
Quality Window Tint | Same Day Home Service Yes,https://qualitywindowstint.com/,qualitywindowstint.com,+1 214-882-7145,,4.1,73,NO,window tint/film,False,"Window Tinting Service In Dallas,TX | Free Quote Skip to content Home About Services Galleria Reserva",site scrape,NO,,https://qualitywindowstint.com/ | https://qualitywindowstint.com/services/ | https://qualitywindowstint.com/about/
Windows by Will Yes,https://www.windowsbywill.com/,windowsbywill.com,+1 214-926-7474,,5,0,NO,Residential window cleaning,False,"Yelp category 'Window Washing' for windowsbywill.com - 'a residential window cleaning company established in 2013... they hand wash every window, dry and buff them clean'; Google review describes a window cleaning service",web research (site unreachable),UNREACHABLE,,
ELEVATED WINDOWS COVERINGS Yes,http://elevatedwindowsdfw.com/,elevatedwindowsdfw.com,+1 214-940-0279,,5,11,NO,window treatments,False,"intelligent design into every living space. From the clean minimalism of Roller and Zebra Shades to the soft sophistication of Roman, Cellular, Sheer, and Faux Wood blinds, each style is",site scrape,NO,,https://elevatedwindowsdfw.com/ | https://elevatedwindowsdfw.com/why-faux-wood-blinds-are-the-best-value-window-blinds-for-home.html | https://elevatedwindowsdfw.com/product | https://elevatedwindowsdfw.com/transform-your-space-with-elevatedwindows-roller-shades.html
Statewide Energy Solutions Inc. Yes,https://statewideenergysolutions.com/,statewideenergysolutions.com,+1 214-960-2798,,4.7,115,YES,named window styles; window product line; window replacement/installation; windows & doors,False,"Window Replacement in Dallas, TX | Statewide Energy Solutions Home About Blog Windows Single-Hung Windows Do",site scrape,YES,,https://statewideenergysolutions.com/ | https://statewideenergysolutions.com/window-options/single-hung-windows/ | https://statewideenergysolutions.com/window-options/double-hung-windows/ | https://statewideenergysolutions.com/window-options/sliding-windows/
DF Windows Cleaning Yes,https://windowcleaningsvcdallas.com/,windowcleaningsvcdallas.com,+1 214-962-7954,,4,4,NEEDS_REVIEW,window in name but service type unconfirmed,False,,"no site, no research",UNREACHABLE,,
Pink's Windows Dallas Yes,https://pinkswindows.com/dallas,pinkswindows.com,+1 214-974-5643,,5,342,NO,window cleaning,False,"y. We take pride in our work, no matter the project. Whether we’re cleaning your windows, power washing your walkways, or giving your home a chemical free soft wash, we always make a point o",site scrape,NO,,https://pinkswindows.com/ | https://pinkswindows.com/services/ | https://pinkswindows.com/residential/
Fiesta Autoglass Yes,http://fiestaautoglassdfw.com/,fiestaautoglassdfw.com,+1 214-986-1374,,5,133,NO,Auto glass / windshield installation and repair,False,"Yelp listing for Fiesta Autoglass, Dallas (214-986-1374) - 'auto glass services, windshield installation & repair'; Google review describes a truck window break-in repair. Own domain content was not indexed in search results",web research (site unreachable),UNREACHABLE,,
GM PRO AUTOGLASS Yes,https://www.instagram.com/gmaut_oglass?igsh=MW92d2VkbzZtd2FwZQ==,instagram.com,+1 214-989-5806,,5,2,YES,"Window installation in and around Dallas; products include low-e windows, tempered glass, aluminum window products; also shower glass and mirrors",False,"Listing/profile text: 'LUXOR Mirrors & Glass offers shower glass installation and window installation in and around Dallas, TX' and product list including 'low-e windows' and 'aluminum window products'; categorized as a 'Doors & Windows' business (local.yahoo.com/info-209839631-luxor-mirrors-glass-d",web research (site unreachable),UNKNOWN,,https://www.instagram.com/
Shine Window cleaning of Dallas Highland Park Yes,https://shine-windowcleaning.com/location/highland-park/,shine-windowcleaning.com,+1 214-991-0183,,5,221,NO,window cleaning,False,"Shine Window Cleaning and Exteriors: Same Curb, More Appeal Skip to content Franchising Careers Franchising",site scrape,NO,,https://shine-windowcleaning.com/ | https://shine-windowcleaning.com/commercial-services/commercial-window-cleaning/ | https://shine-windowcleaning.com/residential-services/professional-window-cleaning/ | https://shine-windowcleaning.com/residential-services/interior-window-glass-cleaning/
LuxVue Pros Yes,https://www.luxvuepros.com/,luxvuepros.com,+1 214-995-6140,,5,6,YES,"Replacement window installation (plus entry, interior, French and sliding patio doors, siding, trim, remodeling)",False,"luxvuepros.com homepage 'LuxVue: Premium Windows & Doors for Your Home' — 'premium windows, doors, and interior upgrades installed with precision', 'over 30 years of experience in the window installation industry'; Google review: 'had LuxVue Pros replace several windows and exterior doors in my home",web research (site unreachable),UNREACHABLE,,
Lakeway Blinds and Shutters Yes,https://lakewayblinds.com/?utm_source=google&utm_medium=organic&utm_campaign=gbp,lakewayblinds.com,+1 254-527-5225,,5,8,NO,blinds/shades/shutters/drapery (window treatments),False,,name/review keywords,UNKNOWN,,https://lakewayblinds.com/
Yacht Windows FL Yes,https://yachtwindowfl.com/,yachtwindowfl.com,+1 305-497-7723,,5,0,YES,installs/replaces windows; replacement windows; window product line; window replacement/installation,True,Yacht Windows FL: Window Repair & Replacement Services top of page HOME ABOUT SERVICES Fabrications Marine Yatch Windows,site scrape,YES,,https://www.yachtwindowfl.com/ | https://www.yachtwindowfl.com/yatch-window-replacement | https://www.yachtwindowfl.com/marine-yatch-window | https://www.yachtwindowfl.com/yatch-window-repair
Fenstermann LLC Yes,https://fenstermann.com/,fenstermann.com,+1 305-746-0603,,0,0,NEEDS_REVIEW,insufficient signal,False,,"no site, no research",UNKNOWN,,https://fenstermann.com/
Platinum Shine Window Cleaning Yes,https://www.platinumshinewc.com/,platinumshinewc.com,+1 308-660-6473,,5,0,NO,window cleaning,False,Platinum Shine Window Cleaning | Get a Quote Today 0 Skip to Content Home Contact Us Get Your Free Quote Open Menu Cl,site scrape,NO,,https://www.platinumshinewc.com/
Glass Zone Yes,http://www.glasszone.net/,glasszone.net,+1 310-863-8846,,5,9,YES,"Residential windows, skylights, patio glass, foggy glass repair; commercial storefronts, window installation and repair, glass replacement",False,"glasszone.net — 'residential options like shower doors, skylights, windows, mirrors, patio glass, and foggy glass repair, as well as commercial services such as sliding glass doors, storefronts, window installation and repair, glass replacement'",web research (site unreachable),UNREACHABLE,,
Chicago Mobile Glass Repair Yes,https://www.windshieldreplacementchicago.net/,windshieldreplacementchicago.net,+1 312-854-7037,,5,9,NO,vehicle glass,True,Chicago Auto Glass & Windshield Replacement Specialist Skip to content Home Services Windshield Replacement,site scrape,NO,,https://windshieldreplacementchicago.net/ | https://windshieldreplacementchicago.net/car-window-replacement/ | https://windshieldreplacementchicago.net/back-window-replacement/ | https://windshieldreplacementchicago.net/windshield-replacement/
Paugh Handyman Service Dallas Yes,https://handymanservicedallastx.com/,handymanservicedallastx.com,+1 316-371-7048,,5,20,NO,no window installation or repair signal on site,False,,site scrape,NO,,https://www.handymanservicedallastx.com/ | https://www.handymanservicedallastx.com/services.html | https://www.handymanservicedallastx.com/about-us.html
All-Star Window Cleaning Yes,https://www.allstarwindowcleaning.net/,allstarwindowcleaning.net,+1 325-320-3065,,5,13,NO,window cleaning/washing,False,,name/review keywords,UNKNOWN,,https://allstarwindowcleaning.net/cgi-sys/suspendedpage.cgi
Himes Remodeling and Renovation Yes,http://www.mrhaustin.com/,mrhaustin.com,+1 330-749-5662,,5,12,NEEDS_REVIEW,insufficient signal,False,,"no site, no research",UNREACHABLE,,
River City Blinds Yes,https://www.rivercityblindsaustin.com/,rivercityblindsaustin.com,+1 346-338-9262,,5,43,NO,blinds/shades/shutters/drapery (window treatments),False,,name/review keywords,UNREACHABLE,,
Pine Window Cleaning Yes,https://www.pineatx.com/,pineatx.com,+1 346-697-3867,,5,7,NO,window cleaning,False,Pine Window Cleaning | Professional Exterior Cleaning,site scrape,NO,,https://pineatx.com/
LaRK Design House Yes,https://larkdesignhouse.com/,larkdesignhouse.com,+1 405-640-7855,,5,15,NO,no window installation or repair signal on site,False,,site scrape,NO,,https://larkdesignhouse.com/
Alltex Roofing Systems Yes,https://www.alltexroofingsystems.com/,alltexroofingsystems.com,+1 409-281-5868,,4.9,31,NO,no window installation or repair signal on site,False,,site scrape,NO,,https://www.alltexroofingsystems.com/ | https://www.alltexroofingsystems.com/roof-installation-repair-replacement-services-galveston-tx | https://www.alltexroofingsystems.com/roof-installation-repair-replacement-services-galveston-county-tx | https://www.alltexroofingsystems.com/roof-installation-repair-replacement-services-league-city-tx
Skye Glass Yes,https://www.facebook.com/share/1AtPaKYrkH/?mibextid=wwXIfr,facebook.com,+1 430-346-5920,,5,34,YES,Stocks windows and provides framing and installation services including window and door installations,False,"Oak Cliff Building Materials services page: 'Their extensive inventory includes lumber, sheathing, roofing products, windows, and more. They also provide professional framing and installation services, including window and door installations'; sells 'to contractors, builders and homeowners'",web research (site unreachable),UNREACHABLE,,
Frontstar Construction LLC Yes,https://frontstarco.com/,frontstarco.com,+1 469-213-6659,,5,68,YES,Window replacements as part of exterior renovation,False,"frontstarco.com/roofing-exterior-renovation-farmers-branch-tx - 'they handle a variety of exterior renovations, including siding installation, gutter systems, and window replacements.'",web research (site unreachable),UNKNOWN,,https://frontstarco.com/
Razor Mirror and Glass Yes,https://www.razormirrorandglass.com/,razormirrorandglass.com,+1 469-258-0821,,0,0,YES,commercial storefront glazing; window replacement/installation,False,"eeds of your local business — combining safety, precision, and a clean, professional look WINDOW INSTALLATIONS We offer full window installations, glass replacements, and a variety of glass options —",site scrape,YES,,https://www.razormirrorandglass.com/
Clearview Custom Windows Yes,http://www.clearviewcw.com/,clearviewcw.com,+1 469-268-1330,,5,4,YES,window in name + review describes window work,False,,name/review keywords,UNKNOWN,,https://clearviewcw.com/
Clear Advantage Window Service Yes,http://clearwindowservice.net/,clearwindowservice.net,+1 469-289-7556,,3.6,18,YES,installs/replaces windows; insulated glass unit work; pane glazing work; window product line; window replacement/installation,False,"Fast, Expert Window Repair in Dallas | Clear Advantage top of page Clear Advantage Window Service 469-289-7556 Home",site scrape,YES,,https://www.clearwindowservice.net/
Royal Blue Exterior Services Yes,http://www.royalblueexteriors.com/,royalblueexteriors.com,+1 469-324-9762,,5,38,NO,window cleaning,False,Window Cleaning & Pressure Washing in Dallas-Fort Worth | Royal Blue Home Services Residential Window,site scrape,NO,,https://royalblueexteriors.com/ | https://royalblueexteriors.com/Residential-Window-Cleaning | https://royalblueexteriors.com/Commercial-Window-Cleaning | https://royalblueexteriors.com/Residential-Pressure-Washing
DFW Residential P Remodeling Yes,https://dfwresidentialremodeling.com/,dfwresidentialremodeling.com,+1 469-359-3851,,5,19,YES,Windows & Doors is a listed service category; installs replacement windows,False,"dfwresidentialremodeling.com - 'The company offers Windows & Doors services along with... Kitchens, Bathrooms, Carpentry, House Additions'; 'DFW Residential recently installed windows in homes'. Supported by Google review: 'this pic is the biggest window. They did all the windows in my house!'",web research (site unreachable),UNREACHABLE,,
Stone Built Construction & Development Yes,http://stonebuiltcd.com/,stonebuiltcd.com,+1 469-404-4714,,5,22,NO,"Custom builds and remodeling, hardscape/landscape, plus residential window cleaning",False,"Two searches. stonebuiltcd.com service list: 'Deck & Patio Remodel, Kitchen Remodeling, Bathroom Remodeling, New Construction, Home Remodeling, Exterior Renovation, Hardscape Installation, Landscape Design & Installs, and Professional Residential Window Cleaning.' The only window item is window CLEA",web research (site unreachable),UNREACHABLE,,
Preservan Dallas Yes,https://preservan.com/locations/dallas/?utm_source=GMBlisting&utm_medium=organic,preservan.com,+1 469-415-1631,,4.9,43,YES,installs/replaces windows; replacement windows; window product line; window replacement/installation; windows & doors,False,Window Wood Rot Repair I had a fantastic experience with Preservan.,site scrape,YES,YES,https://preservan.com/ | https://preservan.com/wood-rot-repair-services/repair-wooden-windows/ | https://preservan.com/wood-rot-repair-services/ | https://preservan.com/wood-rot-repair-services/wood-rot-repair/
Nat's Luxury Services Yes,https://www.facebook.com/servicesbyNat/,facebook.com,+1 469-431-1968,,5,3,YES,Stocks windows and provides framing and installation services including window and door installations,False,"Oak Cliff Building Materials services page: 'Their extensive inventory includes lumber, sheathing, roofing products, windows, and more. They also provide professional framing and installation services, including window and door installations'; sells 'to contractors, builders and homeowners'",web research (site unreachable),UNREACHABLE,,
Pegasus Window Washing Yes,http://pegasuswindowwashing.com/,pegasuswindowwashing.com,+1 469-439-1749,,5,60,NO,window cleaning,False,ices Contact Blog Proudly Servicing Dallas & DFW Call or Text 469-439-1749 A Professional Window Washing company that goes above and beyond.,site scrape,NO,,https://www.pegasuswindowwashing.com/ | https://www.pegasuswindowwashing.com/services | https://www.pegasuswindowwashing.com/about
Fix & Build LLC Yes,https://www.fixandbuildllc.com/,fixandbuildllc.com,+1 469-443-2786,,5,12,YES,"Window and door replacement, custom window installation",False,fixandbuildllc.com - 'expert window and door replacement services'; founder expertise includes 'custom window and door installations'; /before-and-after/ shows window projects,web research (site unreachable),UNREACHABLE,,
DFW window specialist Yes,http://dfwwindowspecialist.com/,dfwwindowspecialist.com,+1 469-478-9395,,4.8,37,YES,"Window repair and replacement, glass repair, solar screens, plus shower enclosures",False,"dfwwindowspecialist.com — 'professional window repair and replacement, as well as glass shower installation ... 14 years of experience repairing windows, replacing glass'",web research (site unreachable),UNKNOWN,,https://go.yourhelper.org/gXPTMbwD?utm_source=dfwwindowspecialist.com
Super Star Auto Glass Yes,https://superstarautoglassus.com/contact/,superstarautoglassus.com,+1 469-505-3604,,5,0,NO,Mobile auto glass repair and replacement,False,"superstarautoglassus.com/services/ 'Auto Glass Repair & Replacement Services'; contact form asks for vehicle details and damaged glass type (front windshield, door panels, quarter glass, vent glass, rear glass). No residential/commercial glass offering found.",web research (site unreachable),UNREACHABLE,,
United Window Services LLC Yes,https://unitedwindowservicesllc.net/,unitedwindowservicesllc.net,+1 469-509-5909,,5,6,NO,no window installation or repair signal on site,False,,site scrape,NO,YES,https://unitedwindowservicesllc.net/ | https://unitedwindowservicesllc.net/home
FoGlass Window Replacement Yes,http://www.foglasswindow.com/,foglasswindow.com,+1 469-509-9932,,4.9,69,YES,broken window glass; building glass replacement; commercial storefront glazing; insulated glass unit work; pane glazing work; window product line; window replacement/installation,False,"eviews FAQS Book an Estimate #1 Family Owned Glass Company in Dallas & Fort Worth Glass & Window Repair Serving Dallas & Fort Worth Glass & window repair, done right.",site scrape,YES,,https://www.foglasswindow.com/ | https://www.foglasswindow.com/residentialwindowservice | https://www.foglasswindow.com/storefront-window-service | https://www.foglasswindow.com/foggywindowreplacement
SWP GLOBAL LLC Yes,https://swpgloballlc.com/contact-us,swpgloballlc.com,+1 469-514-1415,,4.2,5,YES,commercial storefront glazing; insulated glass unit work; window replacement/installation,False,Affordable GLASS SOLUTIONS Window Glass Sliding Patio Glass Door Sliding Patio Glass Door Window glass installation and repair is a specialized service that focuses on replacing the glass itself while leav,site scrape,YES,,https://swpgloballlc.com/ | https://swpgloballlc.com/services | https://swpgloballlc.com/residential | https://swpgloballlc.com/commercial
Plano Home Window Replacement Yes,https://planohomewindowreplacement.com/,planohomewindowreplacement.com,+1 469-551-4499,,0,0,YES,"Home window replacement and new window installation, plus sliding glass doors",False,"planohomewindowreplacement.com/windows/home-window-replacement-plano/ and /windows/our-process-for-new-window-installation-plano/; ""full-service door & window replacement and installation company""",web research (site unreachable),UNKNOWN,,https://planohomewindowreplacement.com/
Prestige Painting And Drywall Yes,https://prestigepaintingdrywall.com/,prestigepaintingdrywall.com,+1 469-551-4609,,5,17,NO,no window installation or repair signal on site,False,,site scrape,NO,,https://prestigepaintingdrywall.com/ | https://prestigepaintingdrywall.com/service/ | https://prestigepaintingdrywall.com/drywall-installation/
Pristine Exterior Services Yes,http://pristinedfw.com/,pristinedfw.com,+1 469-586-9371,,5,21,NO,window cleaning,False,Pressure Washing Dallas-Fort Worth | Pristine DFW Skip to content Pristine DFW Services Featured Power,site scrape,NO,,https://pristinedfw.com/ | https://pristinedfw.com/window-cleaning | https://pristinedfw.com/services | https://pristinedfw.com/gutter-cleaning
Texas Window & Door Yes,https://twdremodeling.com/,twdremodeling.com,+1 469-588-4890,,5,82,YES,named window styles; pane glazing work; window product line; window replacement/installation; windows & doors,False,"Texas Window & Door offers 12+ years of trusted, transparent window and door installations.",site scrape,YES,,https://twdremodeling.com/ | https://twdremodeling.com/services/windows-doors | https://twdremodeling.com/services/pergola-patio-cover-installation
Garland Home Window Replacement Yes,https://garlandhomewindowreplacement.com/,garlandhomewindowreplacement.com,+1 469-599-4956,,5,8,YES,"Window installation, repair and replacement (vinyl, casement, custom), plus door installation; also offers screens/film",False,"garlandhomewindowreplacement.com/windows/window-installation-service-garland-tx/ 'Affordable Window Installation Garland, TX'; /windows/ 'Garland Window Replacement & Installation'",web research (site unreachable),UNKNOWN,,https://garlandhomewindowreplacement.com/
Pasadena Views Co. Yes,https://www.pasadenaviews.co/,pasadenaviews.co,+1 469-630-2049,,5,4,YES,Window installation in homes,False,"Google review: ""kept everything clean throughout the entire window installation process. They arrived on time, worked efficiently"" (domain not indexed in search results; verdict rests on review text)",web research (site unreachable),UNREACHABLE,,
Dallas Window Butler Yes,http://dallaswindowbutler.com/,dallaswindowbutler.com,+1 469-640-8551,,4.8,21,YES,building glass replacement; installs/replaces windows; insulated glass unit work; named window styles; pane glazing work; replacement windows; window product line; window replacement/installation; windows & doors,False,Whole-House Window Glass Replacement DFW | Dallas Window Butler Skip to main content Senior & Military Discounts Virtual Quote,site scrape,YES,,https://dallaswindowbutler.com/ | https://dallaswindowbutler.com/services/window-replacement | https://dallaswindowbutler.com/glass-vs-window-replacement | https://dallaswindowbutler.com/services/glass-repair
Miller Windows Yes,https://www.facebook.com/Miller-Windows-107200627981549/,facebook.com,+1 469-709-0668,,0,0,YES,Stocks windows and provides framing and installation services including window and door installations,False,"Oak Cliff Building Materials services page: 'Their extensive inventory includes lumber, sheathing, roofing products, windows, and more. They also provide professional framing and installation services, including window and door installations'; sells 'to contractors, builders and homeowners'",web research (site unreachable),UNREACHABLE,,
Love is Blinds-Highland Park Yes,https://www.loveisblindstx.com/window-treatments/highland-park-tx,loveisblindstx.com,+1 469-715-3316,,5,4,NO,window treatments,False,"Custom Window Treatments in Texas | Blinds, Shades, Shutters & Plantation Shutters "" "" "" "" Home Products Blinds Faux Wood Blinds Rea",site scrape,NO,,https://www.loveisblindstx.com/ | https://www.loveisblindstx.com/services/window-treatment-installation | https://www.loveisblindstx.com/products/energy-efficient-custom-window-shades | https://www.loveisblindstx.com/products/window-treatment-automations
iDEAL GLASS DFW Yes,http://idealglassdfw.com/,idealglassdfw.com,+1 469-745-2626,,4.4,7,YES,commercial storefront glazing; insulated glass unit work; pane glazing work,False,"We can also install single-pane glass, a more economical solution.",site scrape,YES,,https://idealglassdfw.com/ | https://idealglassdfw.com/services/
Five star renovations & remodeling llc Yes,http://five-star-renovations-remodeling-llc.com/,five-star-renovations-remodeling-llc.com,+1 469-797-6485,,5,8,NO,no window installation or repair signal on site,False,,site scrape,NO,,https://www.five-star-renovations-remodeling-llc.com/ | https://www.five-star-renovations-remodeling-llc.com/our-services
Minerva Site Services LLC Yes,http://booking.minervasvc.com/,booking.minervasvc.com,+1 469-799-9752,,5,2,NO,"Property make-ready services: junk removal, painting, power washing, cleaning",False,"minervasvc.com: 'painting, power washing, junk removal, window & gutter cleaning, small demolitions, and full make-ready services'. Window cleaning only",web research (site unreachable),UNKNOWN,,https://booking.minervasvc.com/quote?service=junk-removal
Shaheen Auto Glass Mobile Serivce Yes,http://www.shaheenautoglass.com/,shaheenautoglass.com,+1 469-805-1339,,5,114,NEEDS_REVIEW,"auto-glass name, but may also do building glass — must verify",False,,"no site, no research",UNREACHABLE,,
Texas Quick Construction Yes,http://www.txquickconstruction.com/,txquickconstruction.com,+1 469-817-9329,,4.7,19,YES,installs/replaces windows; named window styles; window product line; window replacement/installation,False,"ome About Us Reviews Gallery Services Fence Installation Fence Repair Patio Covers Siding Window Installation Pergola Gutters Installation Painting Services Areas We Service Burleson, Tx Cleburne, Tx",site scrape,YES,,https://txquickconstruction.com/ | https://txquickconstruction.com/dallas-window-installation/ | https://txquickconstruction.com/services/ | https://txquickconstruction.com/dallas-fence-installation/
Dallas Shutters Yes,http://dallasshutters.info/,dallasshutters.info,+1 469-855-8086,,0,0,NO,Plantation shutters / window coverings dealer (A Blind Decision),False,"dallasshutters.info (Greg Hogan, 469-855-8086): 'Eclipse Shutters that offer control of light, temperature, noise and privacy ... free in-home estimates ... looking for window coverings'",web research (site unreachable),UNREACHABLE,,
Aquamarine Windows and Doors Yes,https://aquamarinewindows.com/,aquamarinewindows.com,+1 469-887-0015,,5,9,YES,installs/replaces windows; insulated glass unit work; named window styles; pane glazing work; replacement windows; window replacement/installation; windows & doors,False,Design-Led Window Replacement in DFW | Aquamarine Skip to content Home About Who We Are Design Meets Performance What t,site scrape,YES,,https://aquamarinewindows.com/ | https://aquamarinewindows.com/services/
Home Window Replacement Dallas Yes,https://homewindowsdallas.com/,homewindowsdallas.com,+1 469-908-3363,,5,4,YES,"Home window replacement and installation (double-hung, slider, awning, bow/bay, vinyl, custom); also doors and siding",False,"homewindowsdallas.com/windows/home-window-replacement-dallas/ and /windows/window-installation-service-dallas/ 'Window Installation Service Dallas'; 'leading home window replacement and door installation company in Dallas, Texas'",web research (site unreachable),UNKNOWN,,https://homewindowsdallas.com/
Ortega Glass & Welding Yes,https://ortegabry12.wixsite.com/ortegaglassandwelder,ortegabry12.wixsite.com,+1 469-939-2674,,5,2,NEEDS_REVIEW,"glass shop or building contractor, window scope unknown",False,,"no site, no research",UNREACHABLE,,
Spotlite Outdoor Services Yes,https://www.spotliteservices.com/,spotliteservices.com,+1 469-966-8777,,5,4,NO,window cleaning,False,"Spotlite Outdoor Services | Power Washing, Fence Restoration & Turf | North Dallas 0 Skip to Content Power Washing Fence Cleanin",site scrape,NO,,https://www.spotliteservices.com/ | https://www.spotliteservices.com/commercial-services | https://www.spotliteservices.com/artificial-turf-installation
Salazar & Sons Window Co. Yes,https://salazarandsonswindow.com/,salazarandsonswindow.com,+1 469-994-9236,,5,7,YES,installs/replaces windows; replacement windows; window product line; window replacement/installation,False,ort Worth Services Why Us Process Portfolio About Us Reviews (469) 909-3185 Free Estimate Window Installation Done Right.,site scrape,YES,,https://salazarandsonswindow.com/ | https://salazarandsonswindow.com/index.html | https://salazarandsonswindow.com/portfolio.html
Vision Windows LLC Yes,https://www.azvisionwindow.com/,azvisionwindow.com,+1 480-217-0151,,5,149,YES,installs/replaces windows; named window styles; replacement windows; window product line; window replacement/installation; windows & doors,False,ement Windows Sliding Windows Single Hung Windows Casement Windows Picture Windows Awning Windows Specialty Windows Replacement Doors Entry Doors Hinged Doors French Doors Sliding French Doors Bi-Fold Doors Pocket Doo,site scrape,YES,,https://www.azvisionwindow.com/ | https://www.azvisionwindow.com/replacement-windows/ | https://www.azvisionwindow.com/sliding-windows/ | https://www.azvisionwindow.com/single-hung-windows/
Smart Plus Auto Glass LLC Yes,https://smartplusautoglass.com/,smartplusautoglass.com,+1 480-243-4348,,5,4,NEEDS_REVIEW,"auto-glass name, but may also do building glass — must verify",False,,"no site, no research",UNREACHABLE,,
Affordable Blinds and Shutters Yes,https://affordableblindandshutter.com/,affordableblindandshutter.com,+1 480-286-1866,,4.7,12,NO,blinds/shades/shutters/drapery (window treatments),False,,name/review keywords,UNREACHABLE,,
Superior Replacement Windows Yes,https://replacementwindowstempe.net/,replacementwindowstempe.net,+1 480-339-0985,,3.7,3,NEEDS_REVIEW,window in name but service type unconfirmed,False,,"no site, no research",UNREACHABLE,,
Duarte Glass LLC. Yes,https://sitios.endigital.com/duarte-glass-llc/window-installation-contractors/phoenix/,sitios.endigital.com,+1 480-504-8071,,5,103,NEEDS_REVIEW,"glass shop or building contractor, window scope unknown",False,,"no site, no research",UNREACHABLE,,
Commercial Panes Yes,https://www.mycommercialpanes.com/,mycommercialpanes.com,+1 480-540-8166,,5,0,NO,window cleaning,False,ervice Team 480-540-8166 Services Exterior Cleaning Services Commercial Cleaning Services Window Cleaning Pressure Washing Ground & Lot Care Facade Cleaning & Surface Care Exterior Building Se,site scrape,NO,,https://www.mycommercialpanes.com/ | https://www.mycommercialpanes.com/trusted-commercial-window-cleaning-façade-repair-commercial-panes-arizona | https://www.mycommercialpanes.com/services | https://www.mycommercialpanes.com/phoenix-pane-less-property-care/fall-compliance-checklist-for-commercial-window-cleaning-crews
Tempe Windshield Replacement Yes,https://www.tempewindshields.com/,tempewindshields.com,+1 480-605-0839,,5,29,NO,vehicle glass,True,"Tempe Windshield Replacement: Auto Glass Repair in Tempe, AZ.",site scrape,NO,,https://www.tempewindshields.com/
Squeaky Clean Window Washing Yes,https://www.squeakycleantexas.com/,squeakycleantexas.com,+1 512-200-2160,,5,6,NO,window cleaning,False,Window Cleaning Services in Austin | Squeaky Clean Texas Skip to content Home About us Services Locati,site scrape,NO,,https://www.squeakycleantexas.com/ | https://www.squeakycleantexas.com/interior-window-cleaning-services-spicewood/ | https://www.squeakycleantexas.com/window-cleaning-services-hill-country/ | https://www.squeakycleantexas.com/window-cleaning-services-lake-travis-area/
Budget Blinds of Austin South Yes,https://budgetblinds.com/austinsouth/,budgetblinds.com,+1 512-201-4124,,4.8,16,NO,window treatments,False,"Blinds - Custom Blinds, Window Coverings - Budget Blinds Skip to Content Franchise Opportunities",site scrape,NO,,https://www.budgetblinds.com/ | https://www.budgetblinds.com/child-safety/ | https://www.budgetblinds.com/our-products/blinds/ | https://www.budgetblinds.com/our-products/blinds/wood-blinds/
CM Remodeling & Construction LLC Yes,https://cmremodelingco.com/,cmremodelingco.com,+1 512-202-0030,,4.8,25,NO,no window installation or repair signal on site,False,,site scrape,NO,,https://cmremodelingco.com/
Fix Masters LLC Yes,https://www.fixmasterstx.com/,fixmasterstx.com,+1 512-202-8461,,5,24,NO,no window installation or repair signal on site,False,,site scrape,NO,,https://www.fixmasterstx.com/ | https://www.fixmasterstx.com/services-7
Gutter Tex Yes,https://guttertex.com/?utm_source=google&utm_medium=organic&utm_campaign=gmb-listing-cedar-park,guttertex.com,+1 512-213-1677,,5,53,NO,window cleaning,False,placement Gutter Downspouts Gutter Repair Gutter Cleaning Gutter Guards Exterior Cleaning Window Cleaning Underground Drains Turf Cleaning Pressure & Soft Washing Pressure Washing Gallery Spec,site scrape,NO,,https://guttertex.com/ | https://guttertex.com/texas-window-cleaning/ | https://guttertex.com/texas-gutter-installation/ | https://guttertex.com/texas-gutter-replacement/
Colt’s Window Services Yes,https://www.coltswindows.com/,coltswindows.com,+1 512-222-7705,,5,6,NO,window cleaning,False,I didn't realize how badly I needed window cleaning and power washing until I saw the before and after.,site scrape,NO,,https://www.coltswindows.com/ | https://www.coltswindows.com/services | https://www.coltswindows.com/about
Y21 GLASS Yes,http://y21glass.com/?utm_source=gmb&utm_medium=referral,y21glass.com,+1 512-227-1975,,5,22,NEEDS_REVIEW,"glass shop or building contractor, window scope unknown",False,,"no site, no research",UNREACHABLE,,
Peace Love & Windows Yes,https://peacelovewindows.com/,peacelovewindows.com,+1 512-233-8489,,5,2,NO,window cleaning,False,elect Page Groovy Views Await You Transform Your Windows Today Experience the ultimate in window cleaning with Peace Love and Windows.,site scrape,NO,,https://peacelovewindows.com/ | https://peacelovewindows.com/our-work/ | https://peacelovewindows.com/contact-us/
TRC Window Cleaning Yes,http://www.trcwindowcleaning.com/,trcwindowcleaning.com,+1 512-240-2564,,5,14,NO,window cleaning,False,Window Cleaning in Austin Made Simple.,site scrape,NO,,https://www.trcwindowcleaning.com/ | https://www.trcwindowcleaning.com/services/residential-window-cleaning/ | https://www.trcwindowcleaning.com/services/commercial-window-cleaning/ | https://www.trcwindowcleaning.com/services/storefront-window-cleaning/
Technik Enterprises LLC Yes,http://www.technikent.com/,technikent.com,+1 512-243-8007,,5,21,NEEDS_REVIEW,insufficient signal,False,,"no site, no research",UNREACHABLE,,
Action Auto Glass Yes,http://actionautomobileglass.com/?utm_source=gmb&utm_medium=referral,actionautomobileglass.com,+1 512-247-8230,,0,0,NEEDS_REVIEW,"auto-glass name, but may also do building glass — must verify",False,,"no site, no research",UNREACHABLE,,
Premier Stone Installations Yes,https://www.premierstoneinstallations.com/,premierstoneinstallations.com,+1 512-247-8872,,5,28,NO,no window installation or repair signal on site,False,,site scrape,NO,,https://www.premierstoneinstallations.com/ | https://www.premierstoneinstallations.com/countertop-installations/ | https://www.premierstoneinstallations.com/tile-installation/ | https://www.premierstoneinstallations.com/areas-we-serve/
Stellar Window Films Yes,https://austinstellar.com/,austinstellar.com,+1 512-261-4046,,5,22,NO,window tint/film; window treatments,False,Stellar Window Films | Stellar Energy | Austin Stellar Window Films Skip to content Commercial & Residential,site scrape,NO,,https://austinstellar.com/ | https://austinstellar.com/window-film | https://austinstellar.com/security-window-film | https://austinstellar.com/commercial
A & A Specialty Window Cleaning Yes,http://www.specialtywindowcleaning.com/,specialtywindowcleaning.com,+1 512-263-1886,,5,21,NO,window cleaning,False,Residential Window Cleaning in Austin | A&A Specialty Window Cleaning Open main menu Our Cleaning Services Reviews,site scrape,NO,,https://www.specialtywindowcleaning.com/ | https://www.specialtywindowcleaning.com/work | https://www.specialtywindowcleaning.com/about-us
Cantera Doors Yes,https://www.canteradoors.com/,canteradoors.com,+1 512-263-8881,,4.7,30,YES,"Custom steel, iron and Reynaers aluminium windows - fabricated and installed",False,"canteradoors.com/reynaers-aluminium-windows/ and /steel-doors-and-windows-dallas/ - 'official fabricator of Reynaers, Jansen, and Forster, offering windows, doors, and facades in aluminum, steel, and iron, engineered and installed under one roof'",web research (site unreachable),UNREACHABLE,,
Hill Country Blinds Yes,https://www.hillcountryblinds.com/?utm_source=gmb&utm_medium=organic&utm_campaign=Listing,hillcountryblinds.com,+1 512-264-8844,,5,51,NO,window treatments,False,Home | Hill Country Blinds | Custom Window Treatments & Shutters Home About Window Treatments Blinds Faux Wood Blind,site scrape,NO,,https://www.hillcountryblinds.com/ | https://www.hillcountryblinds.com/window-treatments/blinds/sliding-window-panels | https://www.hillcountryblinds.com/window-treatments | https://www.hillcountryblinds.com/window-treatments/blinds
Sloan Hollace Hill Country Interiors Yes,https://sloanhollace.com/,sloanhollace.com,+1 512-265-1381,,5,16,NO,window treatments,False,"dow Treatments: Our team will help you choose the perfect window treatments, from elegant drapery to classic shades.",site scrape,NO,,https://sloanhollace.com/ | https://sloanhollace.com/services/
Portal Pros - Austin Dog Door Installation Yes,https://portalprosaustin.com/,portalprosaustin.com,+1 512-270-1104,,5,12,YES,commercial storefront glazing; installs/replaces windows; insulated glass unit work; named window styles; pane glazing work; window replacement/installation,False,nstall Patio Install Screen Install Kennel Install French Door Install Storm Door Install Window Install Custom Installs Guarantee Shop For Glass For Doors For Walls For Patios For Kennels For S,site scrape,YES,,https://portalprosaustin.com/ | https://portalprosaustin.com/dog-door-installation-in-windows-austin/ | https://portalprosaustin.com/pet-door-for-window-austin/ | https://portalprosaustin.com/dog-door-in-glass-installation-austin/
Eastside Siding Pros Yes,https://eastsidesidingpros.com/,eastsidesidingpros.com,+1 512-271-4385,,0,0,NEEDS_REVIEW,"glass shop or building contractor, window scope unknown",False,,"no site, no research",UNKNOWN,,https://eastsidesidingpros.com/
Georgetown Window Replacement Company Yes,https://georgetownwindowreplacementcompany.com/,georgetownwindowreplacementcompany.com,+1 512-271-5046,,5,3,YES,installs/replaces windows; insulated glass unit work; named window styles; window product line; window replacement/installation,False,Home - Georgetown Window Replacement Company Skip to content Home Services Residential Window Replacement New construction Win,site scrape,YES,,https://georgetownwindowreplacementcompany.com/ | https://georgetownwindowreplacementcompany.com/residential-window-replacement/ | https://georgetownwindowreplacementcompany.com/new-construction-windows-installation/ | https://georgetownwindowreplacementcompany.com/apartment-window-replacement/
Pink's Windows South Austin Yes,https://www.pinkswindows.com/south-austin,pinkswindows.com,+1 512-273-7353,,5,160,NO,window cleaning,False,"y. We take pride in our work, no matter the project. Whether we’re cleaning your windows, power washing your walkways, or giving your home a chemical free soft wash, we always make a point o",site scrape,NO,,https://pinkswindows.com/ | https://pinkswindows.com/services/ | https://pinkswindows.com/residential/
Lakeway Blinds & Shutters Yes,http://lakewayblinds.com/,lakewayblinds.com,+1 512-284-8496,,5,25,NO,blinds/shades/shutters/drapery (window treatments),False,,name/review keywords,UNKNOWN,,https://lakewayblinds.com/
FHY Construction Yes,http://www.fhyconstruction.com/,fhyconstruction.com,+1 512-296-9908,,5,13,NO,no window installation or repair signal on site,False,,site scrape,NO,,https://www.fhyconstruction.com/ | https://www.fhyconstruction.com/services
Wilco Windows & Siding Yes,https://www.wilcodesign.co/,wilcodesign.co,+1 512-316-7526,,5,100,YES,installs/replaces windows; insulated glass unit work; named window styles; pane glazing work; replacement windows; window product line; window replacement/installation; windows & doors,False,Us Huge Service Area Across Central Texas Request Quote Call or Text (512) 316-7526 Home Window Installation Aluminum Windows Fiberglass Composite Windows Replacement Windows Vinyl Windows Wood Fram,site scrape,YES,,https://www.wilcodesign.co/ | https://www.wilcodesign.co/window-installation | https://www.wilcodesign.co/fiberglass-composite-windows | https://www.wilcodesign.co/replacement-windows
Smart Glass Tech Yes,https://smglasstech.com/,smglasstech.com,+1 512-317-5858,,5,3,YES,commercial storefront glazing; windows & doors,True,Tech will restore and repair your glass including damages on any of the following: Glass Windows & Doors Glass Table Tops glass wall Mirrors Automotive Glass Scratch GLASS FACADE Graffiti stains,site scrape,YES,,https://smglasstech.com/ | https://smglasstech.com/services
Rae's Custom Home Services Yes,https://raescustomhomeservices.com/,raescustomhomeservices.com,+1 512-336-9305,,5,3,NO,no window installation or repair signal on site,False,,site scrape,NO,,https://www.raescustomhomeservices.com/ | https://www.raescustomhomeservices.com/residential-projects | https://www.raescustomhomeservices.com/services-1
Key Lime Construction Yes,https://keylimeaustin.com/?utm_source=gbp&utm_medium=website-button,keylimeaustin.com,+1 512-337-3738,,5,33,NO,no window installation or repair signal on site,False,,site scrape,NO,,https://keylimeaustin.com/ | https://keylimeaustin.com/services/
Lone Star Balcony Service Yes,https://www.lonestarbalcony.com/,lonestarbalcony.com,+1 512-350-6964,,5,29,NO,window cleaning,False,LUXURY CONDOMINIUM COMMUNITIES SERVING AUSTIN’S PREMIER HIGH-RISES Professional Balcony & Window Cleaning for Austin's Luxury Condominium Communities.,site scrape,NO,,https://www.lonestarbalcony.com/
Nightfall Reimagined Yes,https://www.nightfallreimagined.com/,nightfallreimagined.com,+1 512-351-5788,,0,0,NO,window treatments,False,Austin Luxury Lighting Company | Custom Shades & Installation | Nightfall Reimagined top of page NIGHTFALL REIMAGINED Home Our Solutions,site scrape,NO,,https://www.nightfallreimagined.com/ | https://www.nightfallreimagined.com/our-solutions
1st Capital Certified Roofing Yes,https://roofingcompanyaustin.com/,roofingcompanyaustin.com,+1 512-358-1300,,4.9,87,YES,installs/replaces windows; pane glazing work; replacement windows; window product line; window replacement/installation,False,Inspections Roof Maintenance Storm & Hail Damage Insurance Restoration Siding Replacement Window Replacement All services → Company About Us Gallery Testimonials Blog Financing In the Community Loca,site scrape,YES,,https://roofingcompanyaustin.com/ | https://roofingcompanyaustin.com/services/window-replacement/ | https://roofingcompanyaustin.com/services/ | https://roofingcompanyaustin.com/services/metal-roofing/
Shining Image of Texas Yes,https://shiningimage.com/,shiningimage.com,+1 512-358-4784,,4.7,141,YES,commercial storefront glazing; named window styles; pane glazing work,False,"− + Picture (Fixed) Single pane, doesn’t open.",site scrape,YES,,https://shiningimage.com/ | https://shiningimage.com/window-cleaning/ | https://shiningimage.com/window-cleaning-pricing/ | https://shiningimage.com/window-count/
Robin Bond Interiors Yes,https://www.robinbondinteriors.com/,robinbondinteriors.com,+1 512-358-7200,,0,0,NO,no window installation or repair signal on site,False,,site scrape,NO,,https://robinbondinteriors.com/
MNP Window and Door Yes,https://mnpwindowanddoor.com/,mnpwindowanddoor.com,+1 512-368-8845,,5,26,YES,installs/replaces windows; insulated glass unit work; named window styles; replacement windows; window product line; window replacement/installation; windows & doors,False,"Window Installation Service | Buda, Texas 512-368-8845 Buda, Texas Home Services New Construction Windows Win",site scrape,YES,,https://www.mnpwindowanddoor.com/ | https://www.mnpwindowanddoor.com/window-replacement | https://www.mnpwindowanddoor.com/service-area/window-installation-service-austin-tx | https://www.mnpwindowanddoor.com/service-area/window-installation-service-kyle-tx
Windows & Doors by James Yes,https://www.windowsanddoorsbyjames.com/,windowsanddoorsbyjames.com,+1 512-379-1652,,4.4,7,YES,installs/replaces windows; insulated glass unit work; named window styles; replacement windows; window product line; window replacement/installation; windows & doors,False,"hoto Gallery Renovations Gallery Contact Besides the quality of the window itself, proper window installation is essential for full energy efficiency and accurate performance for the life of the prod",site scrape,YES,,https://www.windowsanddoorsbyjames.com/ | https://www.windowsanddoorsbyjames.com/replacement-windows-doors | https://www.windowsanddoorsbyjames.com/major-renovations-projects
O DOUBLE G OUTDOORS Yes,http://odoublegoutdoors.com/,odoublegoutdoors.com,+1 512-387-2068,,4.9,30,NO,no window installation or repair signal on site,False,,site scrape,NO,,https://odoublegoutdoors.com/
Austin Handyman 512 Yes,http://ahm512.com/,ahm512.com,+1 512-412-5719,,4.8,204,NO,no window installation or repair signal on site,False,,site scrape,NO,,https://ahm512.com/
Davidson Window Cleaning Yes,https://davidsonwindowcleaningllc.com/,davidsonwindowcleaningllc.com,+1 512-413-7227,,5,11,NO,window cleaning,False,"Davidson Window Cleaning | Exterior Cleaning in Horseshoe Bay, Cedar Park, Leander And Surrounding Areas Home S",site scrape,NO,,https://davidsonwindowcleaningllc.com/ | https://davidsonwindowcleaningllc.com/service-1-9494 | https://davidsonwindowcleaningllc.com/service-2-3495 | https://davidsonwindowcleaningllc.com/service-3-9860
Windowpros LLC Yes,https://austinwindowpros.com/,austinwindowpros.com,+1 512-422-1907,,5,12,YES,broken window glass; installs/replaces windows; insulated glass unit work; pane glazing work; replacement windows; window product line; window replacement/installation,False,Windowpros LLC | Replacement Windows in Austin Services Window Installation & Repair Window Replacement Glass Replacement Window Repair Residential Window Installati,site scrape,YES,,https://www.austinwindowpros.com/ | https://www.austinwindowpros.com/services/window-installation-repair/residential-window-installation | https://www.austinwindowpros.com/services/window-installation-repair/window-replacement | https://www.austinwindowpros.com/services/window-installation-repair/glass-replacement
LoneStar Glass Replacement Yes,https://glassreplacementaustin.com/,glassreplacementaustin.com,+1 512-431-7056,,4.1,14,YES,building glass replacement; window replacement/installation; windows & doors,False,Call us today and get started on your window repair or replacement!,site scrape,YES,,https://glassreplacementaustin.com/ | https://glassreplacementaustin.com/glass-repair-replacement-services-in-austin | https://glassreplacementaustin.com/experience-the-frameless-difference
Reyna Foundation Repair Yes,https://www.reynafoundationrepair.com/,reynafoundationrepair.com,+1 512-450-2533,,4.9,27,NO,no window installation or repair signal on site,False,,site scrape,NO,,https://www.reynarenovations.com/ | https://www.reynarenovations.com/services
Lakeway Windows and Doors Yes,https://www.lakewaywindowsanddoors.com/,lakewaywindowsanddoors.com,+1 512-456-3539,,5,0,YES,name states window installation/replacement/doors,False,,name/review keywords,UNKNOWN,,https://lakewaywindowsanddoors.com/
Wood & Stone Homes Yes,http://www.woodandstonehomes.com/,woodandstonehomes.com,+1 512-460-0094,,4.5,23,YES,window replacement/installation,False,"spects of home improvement and remodeling, including bathrooms, kitchens, room additions, window and siding replacement, patio updates, and eco-friendly enhancements.",site scrape,YES,,https://woodandstonehomes.com/
Christen Ales Interiors Yes,https://www.christenalesinteriors.com/,christenalesinteriors.com,+1 512-468-3585,,5,13,NO,no window installation or repair signal on site,False,,site scrape,NO,,https://www.christenalesinteriors.com/ | https://www.christenalesinteriors.com/services | https://www.christenalesinteriors.com/residential-work/riverplace-casita-and-guest-house
Home Improvement and Repair Yes,http://www.homeimprovementsandrepair.com/,homeimprovementsandrepair.com,+1 512-483-1115,,5,6,NO,no window installation or repair signal on site,False,,site scrape,NO,,https://www.homeimprovementsandrepair.com/
Streamline Construction & Austin Roofing Yes,https://streamlineroofingtexas.com/?utm_source=google&utm_medium=organic&utm_campaign=google_business_profile,streamlineroofingtexas.com,+1 512-489-7663,,5,34,NEEDS_REVIEW,"glass shop or building contractor, window scope unknown",False,,"no site, no research",UNKNOWN,,https://streamlineroofingtexas.com/
Austin Tiny Homes Yes,https://www.myatxtinyhouse.com/,myatxtinyhouse.com,+1 512-497-5988,,4.9,22,NO,no window installation or repair signal on site,False,,site scrape,NO,,https://myatxtinyhouse.com/
Sparkle Squad of South Austin-Kyle-New Braunfels Yes,https://sparklesquad.com/south-austin-tx/?utm_source=googlebusinessprofile&utm_medium=organic&utm_campaign=Qiigo,sparklesquad.com,+1 512-503-8402,,5,75,NO,window cleaning,False,Window Cleaning & Pressure Washing | Sparkle Squad Skip to content Franchise Careers Find a Location R,site scrape,NO,,https://sparklesquad.com/ | https://sparklesquad.com/window-cleaning/ | https://sparklesquad.com/commercial-services/ | https://sparklesquad.com/commercial-lighting-service/
EcoView Windows & Doors of Austin Texas Yes,http://www.ecoviewwindows.com/austin-texas/,ecoviewwindows.com,+1 512-505-8839,,5,0,YES,installs/replaces windows; named window styles; pane glazing work; replacement windows; window product line; window replacement/installation; windows & doors,False,ing Windows Bay Windows Bow Windows Casement Windows Double Hung Windows Energy Efficient Windows Picture Windows Replacement Windows Slider Windows Vinyl Windows Impact Windows Hurricane Protection Window Contracto,site scrape,YES,,https://www.ecoview.com/ | https://www.ecoview.com/windows/replacement/ | https://www.ecoview.com/windows/best-window-contractors/ | https://www.ecoview.com/windows/
Technology Guru Yes,http://mytechguru.biz/,mytechguru.biz,+1 512-516-2096,,5,20,NEEDS_REVIEW,insufficient signal,False,,"no site, no research",UNKNOWN,,https://mytechguru.biz/
Regal Home Service Yes,https://myrhrepairs.com/,myrhrepairs.com,+1 512-517-1037,,5,2,NEEDS_REVIEW,insufficient signal,False,,"no site, no research",UNREACHABLE,,
Focal Point Designs Yes,https://www.hirefocalpointdesigns.com/,hirefocalpointdesigns.com,+1 512-522-1252,,4.9,34,YES,installs/replaces windows; window product line; window replacement/installation,False,r Remodeling Book a Consultation  team@hirefocalpointdesigns.com  (512)-522-1252 Expert Window Replacement & Installation in Austin Upgrade your home’s energy efficiency and style with premium And,site scrape,YES,,https://hirefocalpointdesigns.com/ | https://hirefocalpointdesigns.com/windows/ | https://hirefocalpointdesigns.com/services/
Clean Solutions Yes,https://www.cleansolutionsusa.com/?utm_source=google&utm_medium=business_profile&utm_campaign=website,cleansolutionsusa.com,+1 512-522-4134,,5,132,NO,window cleaning,False,"e. Secure Your Savings Same Day Estimates Available! (512) 522-4134 Austin, TX Home About Window Cleaning Exterior Window Cleaning Interior Window Cleaning Other Services Pressure Washing Serv",site scrape,NO,,https://cleansolutionsusa.com/ | https://cleansolutionsusa.com/services/exterior-window-cleaning/ | https://cleansolutionsusa.com/services/interior-window-cleaning/
Pioneer Window Cleaning LLC Yes,http://cleanwindowsaustin.com/,cleanwindowsaustin.com,+1 512-522-8286,,5,23,NO,window cleaning; window tint/film,False,"Window Cleaning in Dripping Springs, TX | Pioneer Window Cleaning Pioneer Window Cleaning Home Service",site scrape,NO,,https://cleanwindowsaustin.com/ | https://cleanwindowsaustin.com/commercial-window-cleaning | https://cleanwindowsaustin.com/residential-window-cleaning | https://cleanwindowsaustin.com/services
ReaI Window SoIutions Yes,https://realwindowsolutions.com/,realwindowsolutions.com,+1 512-535-5160,,5,8,NEEDS_REVIEW,window in name but service type unconfirmed,False,,"no site, no research",UNREACHABLE,,
LIME Shine Yes,http://limeshinewc.com/,limeshinewc.com,+1 512-537-7024,,5,0,NEEDS_REVIEW,insufficient signal,False,,"no site, no research",UNREACHABLE,,
Stained Glass Austin Yes,http://www.stainedglassaustin.com/,stainedglassaustin.com,+1 512-539-0432,,0,0,YES,insulated glass unit work; pane glazing work; window product line; windows & doors,False,"5 Install We carefully and precisely install stained glass, guaranteeing that your new window will be lovely and useful for many years to come.",site scrape,YES,,https://stainedglassaustin.com/ | https://stainedglassaustin.com/stained-glass-windows/ | https://stainedglassaustin.com/painted-stained-glass/painted-glass-windows-austin-3/ | https://stainedglassaustin.com/stained-glass-austin-window-gallery/
Up and Down Blind Yes,http://www.upanddownblind.com/,upanddownblind.com,+1 512-550-8910,,5,6,NO,window treatments,False,UP AND DOWN BLIND 0 Skip to Content Home About Us Outdoor Screens Outdoor Screens FAQ Shades/Blinds Zebra Blinds Roller Shades Honeycomb Shades Portfolio Portfolio Contact Open Menu,site scrape,NO,,https://upanddownblind.com/ | https://upanddownblind.com/products-1
Waterloo Windows Yes,https://waterloowindows.myshopify.com/,waterloowindows.myshopify.com,+1 512-554-6054,,4.8,57,NO,window treatments,False,WaterlooWindowsATX Drapery and Shades Skip to content Shop our latest arrivals!,site scrape,NO,,https://waterloowindowsatx.com/ | https://waterloowindowsatx.com/pages/about-us | https://waterloowindowsatx.com/products/fabric-sample-kit-for-drapery-and-shades | https://waterloowindowsatx.com/products/copy-of-roman-shades-light-filtering-36x78
Seven Auto Glass Yes,http://www.sevenautoglass.com/,sevenautoglass.com,+1 512-565-8292,,5,188,NO,vehicle glass,True,Windshield Replacement in Austin TX | Seven Auto Glass contact@sevenautoglass.,site scrape,NO,,https://sevenautoglass.com/ | https://sevenautoglass.com/service/car-window-replacement-austin/ | https://sevenautoglass.com/service/power-window-regulator-repair-austin/ | https://sevenautoglass.com/service/back-glass-replacement-austin/
Lakeway Roofing & Water Damage | WDR Yes,https://lakewayroofingandwaterdamage.com/,lakewayroofingandwaterdamage.com,+1 512-566-5512,,5,227,NO,no window installation or repair signal on site,False,,site scrape,NO,,https://lakewayroofingandwaterdamage.com/ | https://lakewayroofingandwaterdamage.com/roof-installation/ | https://lakewayroofingandwaterdamage.com/roof-replacement/
Screens By Eric Yes,https://screensbyeric.com/,screensbyeric.com,+1 512-567-3452,,0,0,YES,window product line; windows & doors,False,"ame $50 If your screen frames are bent, broken, or missing, Screens by Eric can fabricate new window screen frames quickly and professionally.",site scrape,YES,,https://screensbyeric.com/
ClearCrew Yes,https://clearcrew.us/,clearcrew.us,+1 512-567-3798,,5,10,NO,window cleaning,False,ClearCrew — Window Cleaning · Central Texas Home About Services Contact Get a quote Home About Services Contact Ge,site scrape,NO,,https://clearcrew.us/
Austin Clear Exterior Cleaning Yes,http://atxclear.com/,atxclear.com,+1 512-571-3477,,5,3,YES,commercial storefront glazing,False,"From hill-country estates to downtown storefronts, the owner handles every pane by hand, inside, outside, and in between.",site scrape,YES,,https://atxclear.com/ | https://atxclear.com/services | https://atxclear.com/service-areas
Window Hero Austin Yes,https://windowhero.com/locations/austin/,windowhero.com,+1 512-572-5583,,5,11,NO,window cleaning; window tint/film,False,Window Cleaning and Pressure Washing Services | Window Hero Discover how often your home needs exterio,site scrape,NO,,https://windowhero.com/ | https://windowhero.com/commercial/commercial-window-cleaning/ | https://windowhero.com/services/window-cleaning/ | https://windowhero.com/services/window-film/
Shine On Window Cleaning Yes,http://www.facbook.com/ShineonwindowcleaningTX,facbook.com,+1 512-574-2869,,5,5,NO,window cleaning/washing,False,,name/review keywords,UNREACHABLE,,
AAA Window Washing Yes,https://www.aaawindowwashing.com/,aaawindowwashing.com,+1 512-577-3053,,0,0,NO,window cleaning/washing,False,,name/review keywords,UNREACHABLE,,
R S Remodeling Austin Yes,http://rsremodelingaustin.com/,rsremodelingaustin.com,+1 512-584-3274,,5,19,YES,window replacement/installation,False,in area. ​ Call us for a free estimate. RS Contractor Services. 512-584-3274 Services ​ - Window installation - Masonry ​ - Door Repair/Installations - Framing -Trim - Painting/Drywall ​ -Base Boards,site scrape,YES,,https://www.rsremodelingaustin.com/ | https://www.rsremodelingaustin.com/commercial | https://www.rsremodelingaustin.com/residential
Cooper Doors Yes,http://www.cooperdoorstx.com/,cooperdoorstx.com,+1 512-588-0622,,5,13,NO,no window installation or repair signal on site,False,,site scrape,NO,,https://www.cooperdoorstx.com/ | https://www.cooperdoorstx.com/services | https://www.cooperdoorstx.com/post/5-signs-it-s-time-to-replace-your-front-door
Garage Doors Heavy Duty LLC Yes,https://garagedoorsheavydutyllc.com/,garagedoorsheavydutyllc.com,+1 512-596-9592,,5,39,NEEDS_REVIEW,insufficient signal,False,,"no site, no research",UNREACHABLE,,
GNZ BUILDERS LLC Yes,http://gnzbuilders.com/,gnzbuilders.com,+1 512-608-0523,,5,15,NEEDS_REVIEW,insufficient signal,False,,"no site, no research",UNKNOWN,,https://gnzbuilders.com/
Austin Window and Doors Yes,https://austinwindowanddoors.andersenwindowscertifiedcontractors.com/,austinwindowanddoors.andersenwindowscertifiedcontractors.com,+1 512-612-1829,,0,0,YES,named window styles; window replacement/installation; windows & doors,False,"Windows Replacement in Austin | Austin Window and Doors Austin Window and Doors Austin, TX (512)612-1829 Abou",site scrape,YES,,https://austinwindowanddoors.andersenwindowscertifiedcontractors.com/
Rosy Service Cleaning LLC Yes,https://www.rosyservicecleaning.com/,rosyservicecleaning.com,+1 512-621-1306,,5,0,NO,window cleaning,False,Results Get Started More than just cleaning and remodeling Services Construction Cleaning Pressure Wash Light Remodeling Window Building Cleaning Painting Move in- Move Out Cleaning Overview Wh,site scrape,NO,,https://www.rosyservicecleaning.com/ | https://www.rosyservicecleaning.com/services-9 | https://www.rosyservicecleaning.com/contact-5
Glass Savers (Glass Resurfacing) Yes,https://sdglassrestoration.com/austin-texas/,sdglassrestoration.com,+1 512-626-1270,,5,6,YES,commercial storefront glazing; window product line,True,It looks like a new window!,site scrape,YES,,https://sdglassrestoration.com/ | https://sdglassrestoration.com/services/large-scale-glass-resurfacing/ | https://sdglassrestoration.com/services/ | https://sdglassrestoration.com/services/hard-water-spot-removal/
TG Carpentry Austin TX Yes,http://tgcarpentryaustintx.com/,tgcarpentryaustintx.com,+1 512-626-7321,,5,15,NO,no window installation or repair signal on site,False,,site scrape,NO,,https://tgcarpentryaustintx.com/
Sparkle Squad of Austin–Dripping Springs-Spicewood Yes,https://sparklesquad.com/austin-tx/?utm_source=googlebusinessprofile&utm_medium=organic&utm_campaign=Qiigo,sparklesquad.com,+1 512-631-2334,,5,180,NO,window cleaning,False,Window Cleaning & Pressure Washing | Sparkle Squad Skip to content Franchise Careers Find a Location R,site scrape,NO,,https://sparklesquad.com/ | https://sparklesquad.com/window-cleaning/ | https://sparklesquad.com/commercial-services/ | https://sparklesquad.com/commercial-lighting-service/
Haysco Siding & Windows Yes,https://hayscosiding.com/,hayscosiding.com,+1 512-638-6665,,5,8,YES,pane glazing work; window product line; window replacement/installation,False,"best materials on the market - no plywood, no off-brands. Meet Your Preferred Siding And Window Replacement Company In The Austin Area Jerry Brannon - Business Owner 32 Years of Construction Experi",site scrape,YES,,https://www.hayscosiding.com/ | https://www.hayscosiding.com/realizations/ | https://www.hayscosiding.com/premier-siding-installation-central-texas
Gloria Bonita Welding & Fabrication Yes,https://sites.google.com/view/gloriabonitawelding/work,sites.google.com,+1 512-638-6818,,5,6,NO,no window installation or repair signal on site,False,,site scrape,NO,,https://accounts.google.com/v3/signin/identifier?continue=https://sites.google.com/&followup=https://sites.google.com/&osid=1&passive=1209600&service=wise&flowName=GlifWebSignIn&flowEntry=ServiceLogin&dsh=S-1190781935:1789032101923960
Window Film Austin Yes,http://www.windowfilmaustin.net/,windowfilmaustin.net,+1 512-643-0038,,0,0,NO,window tint/film,False,Window Film Austin | Premier Window Film Contractor Home Commerical Benefits Energy Saving & Climate,site scrape,NO,,https://www.windowfilmaustin.net/ | https://www.windowfilmaustin.net/residential/ | https://www.windowfilmaustin.net/residential/rf-emr-blocking-window-film/ | https://www.windowfilmaustin.net/products/
Round Rock Window Replacement Company Yes,https://www.roundrockwindowreplacementcompany.com/,roundrockwindowreplacementcompany.com,+1 512-643-5836,,4.2,5,YES,installs/replaces windows; insulated glass unit work; named window styles; window replacement/installation,False,Home - Round Rock Window Replacement Company Skip to content Home Services Residential Window Replacement New Construction Win,site scrape,YES,,https://roundrockwindowreplacementcompany.com/ | https://roundrockwindowreplacementcompany.com/residential-window-replacement/ | https://roundrockwindowreplacementcompany.com/new-construction-windows-installation/ | https://roundrockwindowreplacementcompany.com/apartment-window-replacement/
FOG GONE GLASS Yes,https://foggoneglass.com/,foggoneglass.com,+1 512-653-7785,,5,0,YES,pane glazing work,False,FOG GONE GLASS - Austin's #1 Double Pane Glass Replacement | 20+ Years Experience Edit with,site scrape,LIKELY,,https://foggoneglass.com/
Summit Surface Solutions Yes,https://summitsurfacesolution.com/,summitsurfacesolution.com,+1 512-659-7674,,5,8,YES,commercial storefront glazing; named window styles; window product line,False,"Newer developments kick up a fine, gritty film that dulls even brand-new windows.",site scrape,YES,,https://summitsurfacesolution.com/ | https://summitsurfacesolution.com/window-cleaning | https://summitsurfacesolution.com/commercial-pressure-washing
Rosso Custom Window Coverings & Installations Yes,http://www.rossoinstallations.com/,rossoinstallations.com,+1 512-659-9402,,0,0,NEEDS_REVIEW,window in name but service type unconfirmed,False,,"no site, no research",UNREACHABLE,,
Windows N More Yes,http://www.windowsnmore.biz/,windowsnmore.biz,+1 512-663-4717,,5,4,NO,window cleaning,False,"we believe great service starts with treating every customer like family. From sparkling window cleaning to professional pressure washing, gutter cleaning, and reliable chimney sweeps, our te",site scrape,NO,,https://www.windowsnmoreatx.com/ | https://www.windowsnmoreatx.com/about | https://www.windowsnmoreatx.com/contact-us
Kevin's Glass & Roofing Yes,http://kevinsglassandroofing.com/,kevinsglassandroofing.com,+1 512-671-8740,,4.9,85,YES,building glass replacement; window product line; window replacement/installation,False,"Whether you need a roof replacement, residential glass , new siding or window replacement, we’re ready and able to serve you.",site scrape,YES,,https://www.kevinsglassandroofingtx.com/ | https://www.kevinsglassandroofingtx.com/windows | https://www.kevinsglassandroofingtx.com/glass
American Security Screens Austin Yes,https://www.securityscreensaustin.com/,securityscreensaustin.com,+1 512-676-5819,,5,18,NO,no window installation or repair signal on site,False,,site scrape,NO,,https://securityscreensaustin.com/
Wash and Glow Yes,https://washandglowcleaning.com/,washandglowcleaning.com,+1 512-688-7956,,5,80,NO,window cleaning,False,"me About Services Our Work Get a Quote Professional Care. Beautiful Results. High-quality window cleaning, pressure washing, and holiday lighting for the Greater Austin area—delivered with the",site scrape,NO,,https://www.washandglowcleaning.com/ | https://www.washandglowcleaning.com/services
Select Lawnscapes LLC Yes,https://selectlawnscapes.com/,selectlawnscapes.com,+1 512-689-0170,,5,33,NEEDS_REVIEW,insufficient signal,False,,"no site, no research",UNREACHABLE,,
CR Window Coverings Yes,https://crwindowcoverings.com/,crwindowcoverings.com,+1 512-698-8216,,5,9,NO,window treatments,False,Austin’s Trusted Window Covering Experts | C-R Window Coverings Skip to content SCHEDULE A FREE CONSULTATION Call 512-698-,site scrape,NO,,https://crwindowcoverings.com/ | https://crwindowcoverings.com/window-shades/pirouette-window-shadings/ | https://crwindowcoverings.com/window-shades/silhouette-window-shadings/ | https://crwindowcoverings.com/window-shutters/
Goliath Auto Glass Yes,https://www.goliathautoglass.com/,goliathautoglass.com,+1 512-710-8746,,4.9,141,NO,vehicle glass,True,"Windshield Replacement & Repair in Austin, TX | Goliath Auto Glass top of page Phone Chat Mail CALL",site scrape,NO,,https://www.goliathautoglass.com/ | https://www.goliathautoglass.com/car-window-replacement-austin-tx | https://www.goliathautoglass.com/mobile-auto-glass-service-austin | https://www.goliathautoglass.com/auto-glass-schedule
I Gotta Guy 4 That Yes,http://www.igottaguy4that.com/,igottaguy4that.com,+1 512-715-4997,,5,18,YES,installs/replaces windows; insulated glass unit work; window replacement/installation,False,s the beauty and functionality of your outdoor spaces. EXPLORE MORE Other Services 3 to 5 Windows Installation 6+ Windows Installation Adding an Addition to your Home Alarm System Installation Applian,site scrape,YES,,https://www.igottaguy4that.com/ | https://www.igottaguy4that.com/services
EZ Slide Austin Yes,https://sliderrepairaustin.com/,sliderrepairaustin.com,+1 512-721-8274,,4.8,11,YES,installs/replaces windows; insulated glass unit work; named window styles; replacement windows; window product line; window replacement/installation; windows & doors,False,ice Phone Your Zip * Service * Service Complete Renovation Energy Efficient Upgrades Full Window Replacement Non-Grid Window Upgrade Single Window Replacement Sliding Door Replacement Window * Windo,site scrape,YES,,https://sliderrepairaustin.com/ | https://sliderrepairaustin.com/service-areas/austin/
Legacy DCS Yes,http://www.legacydcs.com/,legacydcs.com,+1 512-726-0500,,4,21,NEEDS_REVIEW,insufficient signal,False,,"no site, no research",UNREACHABLE,,
Mercury Exteriors Yes,https://mercuryexteriors.com/,mercuryexteriors.com,+1 512-729-7663,,5,79,YES,window product line,False,Windows Upgrade to energy-efficient windows that not only beautify your home but also contribute to significant energy savings.,site scrape,LIKELY,,https://mercuryexteriors.com/
AWE Build Yes,https://www.mywindowexpert.com/,mywindowexpert.com,+1 512-755-5582,,5,10,YES,installs/replaces windows; named window styles; replacement windows; window product line; window replacement/installation; windows & doors,False,"AWE Build | Austin TX Home Services AWE BUILD Austin, Texas (512) 755-5582 Home Services Window Replacement Door Replacement Siding Installation Patio Covers & Sunrooms Bathroom Remodels About Us Our Story Our Proc",site scrape,YES,,https://theawebuild.com/ | https://theawebuild.com/services/windows | https://theawebuild.com/about/our-story | https://theawebuild.com/projects
Austin Window Screens Yes,http://www.austinwindowscreens.com/,austinwindowscreens.com,+1 512-757-9267,,5,129,NO,window cleaning; window tint/film; window treatments,False,OME / Residential Solar Screens Insect Screens Window Tint Window Blinds Attic Insulation Window Cleaning SOLAR SCREENS Install Solar Screens on Your Home to… Save up to 20-30% on your monthly,site scrape,NO,,https://austinwindowscreens.com/ | https://austinwindowscreens.com/services/residential/ | https://austinwindowscreens.com/services/commercial/ | https://austinwindowscreens.com/services/multi-family/
Bluebonnet Windows and Installation Yes,http://bluebonnetwindows.com/,bluebonnetwindows.com,+1 512-757-9733,,5,5,YES,window in name + review describes window work,False,,name/review keywords,UNREACHABLE,,
Austin Remarkable Shine Yes,https://www.austinremarkableshinetx.com/,austinremarkableshinetx.com,+1 512-762-7392,,5,60,NO,window cleaning,False,"ervice Areas Contact Us 512-762-7392 Contact Us Now Transform Your Home with Professional Pressure Washing in Austin At Austin Remarkable Shine, we specialize in rejuvenating your home’s exteri",site scrape,NO,,https://www.austinremarkableshinetx.com/ | https://www.austinremarkableshinetx.com/services/commercial-services | https://www.austinremarkableshinetx.com/services/window-cleaning | https://www.austinremarkableshinetx.com/services/gutters
Crystal Clear Window Washing Yes,http://mycrystalclearwindow.com/,mycrystalclearwindow.com,+1 512-769-5938,,5,61,NO,window cleaning,False,"Window Cleaning Company | Austin, TX - Crystal Clear Window Washing Skip to main content Skip to foote",site scrape,NO,,https://mycrystalclearwindow.com/ | https://mycrystalclearwindow.com/services/ | https://mycrystalclearwindow.com/storefront-window-cleaning/ | https://mycrystalclearwindow.com/pressure-washing/
Austin Pronto Auto Glass Yes,https://windshieldreplacementsalado.com/,windshieldreplacementsalado.com,+1 512-774-0072,,4.9,27,NO,vehicle glass,True,"Rite a way Auto Glass Offers Auto Glass Repairs in Salado, TX 76571 Serving Salado, TX and the Surrounding Area",site scrape,NO,,https://windshieldreplacementsalado.com/ | https://windshieldreplacementsalado.com/images/1504502/0_0.png | https://windshieldreplacementsalado.com/images/1504503/0_0.png
EnLight.Energy Yes,http://www.enlight.energy/,enlight.energy,+1 512-774-4633,,5,2,YES,insulated glass unit work,False,"."" with ""With a free savings assessment, one of our experts can help you and your family figure out if solar is a good fit for your home Book Your Estimate We do more than just solar",site scrape,YES,,https://www.enlight.energy/
Layne Home Improvement Specialists LLC Yes,https://www.laynepropertysolutions.com/,laynepropertysolutions.com,+1 512-775-1090,,0,0,NEEDS_REVIEW,"glass shop or building contractor, window scope unknown",False,,"no site, no research",UNREACHABLE,,
Texas Elite Windows Yes,http://txelitewindows.com/,txelitewindows.com,+1 512-775-7226,,5,3,YES,named window styles; window product line; window replacement/installation,False,Services Gallery Contact Open Menu Close Menu About Services Gallery Contact Residential Window Replacement Our friendly experts will take a look at your current windows and help you find the perfe,site scrape,YES,,https://www.txelitewindows.com/ | https://www.txelitewindows.com/about | https://www.txelitewindows.com/gallery
BlindsOnTime Yes,https://www.blindsontime.com/About-us/,blindsontime.com,+1 512-777-1767,,0,0,NEEDS_REVIEW,insufficient signal,False,,"no site, no research",UNREACHABLE,,
Shine of Lakeway Yes,https://shine-windowcleaning.com/location/lakeway/?utm_source=GMB&utm_medium=organic&utm_campaign=Lakeway,shine-windowcleaning.com,+1 512-784-9680,,4.9,424,NO,window cleaning,False,"Shine Window Cleaning and Exteriors: Same Curb, More Appeal Skip to content Franchising Careers Franchising",site scrape,NO,,https://shine-windowcleaning.com/ | https://shine-windowcleaning.com/commercial-services/commercial-window-cleaning/ | https://shine-windowcleaning.com/residential-services/professional-window-cleaning/ | https://shine-windowcleaning.com/residential-services/interior-window-glass-cleaning/
K&L Services Group - Austin Cleaning Services Yes,http://klservicegroup.com/,klservicegroup.com,+1 512-786-2296,,5,9,NO,window cleaning,False,"Learn more Painting & Trades Painting, pressure washing, and our vetted network of trade partners — one accountable point of contact.",site scrape,NO,,https://klservicegroup.com/ | https://klservicegroup.com/services.html | https://klservicegroup.com/residential.html | https://klservicegroup.com/index.html
Precise Acquisition Yes,https://www.preciseremodelingatx.com/,preciseremodelingatx.com,+1 512-788-7693,,5,11,NEEDS_REVIEW,insufficient signal,False,,"no site, no research",UNREACHABLE,,
IN STYLE PAINTING SOLUTIONS Yes,http://www.instylepaintingaustin.com/,instylepaintingaustin.com,+1 512-800-4011,,5,23,NEEDS_REVIEW,insufficient signal,False,,"no site, no research",UNREACHABLE,,
Rainwater Restoration & Waterproofing Yes,https://waterproofingaustin.com/,waterproofingaustin.com,+1 512-801-7276,,4.7,26,NO,window cleaning,False,Windblown Shingle Replacement Roof Inspection & Repair Chimney Repair Flashing Repair Power Washing Water Repellents Gutter Cleaning Contact Menu Home About What is Waterproofing ?,site scrape,NO,,https://waterproofingaustin.com/ | https://waterproofingaustin.com/services/ | https://waterproofingaustin.com/residential-leak/ | https://waterproofingaustin.com/commercial/
DC window tint Yes,http://jim.com/a/dcwindowtint.com,jim.com,+1 512-801-9662,,5,2,NO,no window installation or repair signal on site,False,,site scrape,NO,,https://www.jim.com/
Rigdon Inc Yes,https://www.rigdoninc.com/,rigdoninc.com,+1 512-806-7100,,4.9,273,NO,window cleaning,False,"Window Cleaning, Gutter Cleaning Holiday and Christmas Light Installation and more | Rigdon Inc Home S",site scrape,NO,,https://www.rigdoninc.com/ | https://www.rigdoninc.com/window-cleaning | https://www.rigdoninc.com/schedule-service | https://www.rigdoninc.com/save-on-services
West Austin Window Cleaning Yes,https://westaustinwindowcleaning.com/,westaustinwindowcleaning.com,+1 512-808-0860,,5,106,NO,window cleaning/washing,False,,name/review keywords,UNKNOWN,,https://westaustinwindowcleaning.com/
Capital Siding and Roofing Contractors Yes,https://capitalsidingroofing.com/,capitalsidingroofing.com,+1 512-810-0937,,4.8,32,NO,no window installation or repair signal on site,False,,site scrape,NO,,https://www.capitalsidingroofing.com/ | https://www.capitalsidingroofing.com/siding-repair-replacement/
Unison Way Yes,https://unisonway.com/,unisonway.com,+1 512-810-6256,,5,5,YES,insulated glass unit work,False,Aenean commodo ligula eget dolor.,site scrape,YES,,https://unisonway.com/
Will's Remodeling Service Yes,https://willsremodelingservices.com/wp/,willsremodelingservices.com,+1 512-810-6474,,5,79,NEEDS_REVIEW,insufficient signal,False,,"no site, no research",UNKNOWN,,https://willsremodelingservices.com/
Monarch Cleaning Solutions Yes,http://www.monarchsolutionstx.com/,monarchsolutionstx.com,+1 512-810-9840,,4.9,83,NO,window cleaning; window tint/film,False,"Monarch Cleaning Solutions | Window Cleaning & Exterior Cleaning in Austin, TX Services About Reviews Service Area Blog Contact (51",site scrape,NO,,https://monarchsolutionstx.com/ | https://monarchsolutionstx.com/window-cleaning-austin-tx | https://monarchsolutionstx.com/service-area | https://monarchsolutionstx.com/gutter-guards-austin-tx
EZ Pro Services Yes,https://eztakesitdown.com/,eztakesitdown.com,+1 512-815-6950,,5,13,NO,no window installation or repair signal on site,False,,site scrape,NO,,https://eztakesitdown.com/
The Lock Lab USA Yes,http://thelocklabusa.com/,thelocklabusa.com,+1 512-817-1106,,5,169,YES,commercial storefront glazing,False,are. We’ll let you know if mobile service is available at your location. Homes Apartments Storefronts Offices Warehouses Fleet Vehicles Schools Churches Facilities Property Managers Drivers,site scrape,YES,,https://thelocklabusa.com/
American Glass and Waterproof Yes,https://agwatx.com/,agwatx.com,+1 512-817-7246,,5,2,NEEDS_REVIEW,"glass shop or building contractor, window scope unknown",False,,"no site, no research",UNKNOWN,,https://agwatx.com/
Accurate Roofing Austin Yes,http://www.accurateroofingaustin.com/,accurateroofingaustin.com,+1 512-821-1910,,0,0,NO,no window installation or repair signal on site,False,,site scrape,NO,,https://accurateroofingaustin.com/ | https://accurateroofingaustin.com/roof-replacement-austin-tx/ | https://accurateroofingaustin.com/roof-replacement/
Independent Auto Glass Yes,https://independentautoglass.co/,independentautoglass.co,+1 512-839-7715,,4.8,261,NO,vehicle glass only,True,Independent Auto Glass | Get Your Glass Repaired Now 0 Skip to Content Home Services FAQ Gallery About Contact E,site scrape,NO,,https://independentautoglass.co/ | https://independentautoglass.co/services-store-h8tF5
Inside Out Construction And Design Yes,http://www.iorconstruction.com/,iorconstruction.com,+1 512-842-9961,,4.7,18,YES,window replacement/installation,False,"ouse Construction - Trim Work - Vinyl Flooring Installation - Water Heater Installation - Window Installation - Window Replacement - Wood Floor Installation - Wood Siding Areas Austin, Barton Creek,",site scrape,YES,,https://www.iorconstruction.com/
Clean’Em Windows Yes,https://cleanemwindows.com/,cleanemwindows.com,+1 512-848-3681,,5,10,NO,window cleaning,False,peting in the Window.Cleaning Division Clean’Em Windows Get A Quote Our Services Interior Window Cleaning Gutter Cleaning Exterior Window Cleaning Screen Cleaning Pressure Washing discover our,site scrape,NO,,https://cleanemwindows.com/ | https://cleanemwindows.com/services/
Roosa Fence & Deck Yes,https://roosafenceanddeck.com/,roosafenceanddeck.com,+1 512-866-0752,,4.9,84,NO,"unrelated trade, no window signal",False,,name/review keywords,UNREACHABLE,,
Fresh Coat Painters of Southwest Austin Yes,https://freshcoatpainters.com/locations/sw-austin/?utm_campaign=gmb/,freshcoatpainters.com,+1 512-866-8361,,5,140,NO,window cleaning,False,"vices Residential Epoxy Concrete Floor Wallpaper Removal Services Garage Painting Service Power Washing Services Vinyl, Wood, and Aluminum Siding Painting Faux Painting Wood Paneling Popcorn",site scrape,NO,,https://freshcoatpainters.com/ | https://freshcoatpainters.com/residential-painters/other-services/ | https://freshcoatpainters.com/commercial-painters/services/ | https://freshcoatpainters.com/residential-painters/
Spindler Construction Yes,http://www.spindler-construction.com/,spindler-construction.com,+1 512-872-6869,,4.8,19,NO,no window installation or repair signal on site,False,,site scrape,NO,,https://www.spindler-construction.com/ | https://www.spindler-construction.com/services/remodeling/
Sun & Sound Windows - Austin Yes,https://sunandsoundwindows.com/,sunandsoundwindows.com,+1 512-879-6055,,3.4,13,YES,installs/replaces windows; pane glazing work; replacement windows,False,"Most importantly, they are not replacement windows.",site scrape,YES,,https://sunandsoundwindows.com/ | https://sunandsoundwindows.com/solutions/soundproof-glass-doors/ | https://sunandsoundwindows.com/solutions/hotel-and-office-soundproofing/
Giant Window Cleaning Yes,https://giantwindowcleaning.com/,giantwindowcleaning.com,+1 512-880-1838,,4.9,47,NO,window cleaning,False,Local Austin Window Cleaning | Giant Window Cleaning Skip to main content Services All services ↗ 01 Window Cleanin,site scrape,NO,,https://giantwindowcleaning.com/ | https://giantwindowcleaning.com/services/window-cleaning/ | https://giantwindowcleaning.com/services/ | https://giantwindowcleaning.com/commercial-estates/
Youngs HVAC Pros Yes,http://www.keepatxcool.com/,keepatxcool.com,+1 512-881-2527,,4.9,361,NO,no window installation or repair signal on site,False,,site scrape,NO,,https://www.keepatxcool.com/
Austin Painting & Drywall LLC Yes,https://www.atxgc.com/?utm_campaign=gmb,atxgc.com,+1 512-881-7203,,5,63,YES,commercial storefront glazing; installs/replaces windows; named window styles; pane glazing work; replacement windows; window product line; window replacement/installation; windows & doors,False,Painting Exterior Painting Drywall Installation Wallpaper Removal Insurance Home Repairs Window Installation Bathroom Remodeling Tile Installation Kitchen Remodeling Water Mitigation Services Commer,site scrape,YES,,https://atxgc.com/ | https://atxgc.com/services/window-installation/ | https://atxgc.com/services/residential-painting/ | https://atxgc.com/services/drywall-installation/
JC Painting & Drywall Specialists Yes,https://jcpaintingusa.com/,jcpaintingusa.com,+1 512-883-2999,,5,126,NO,no window installation or repair signal on site,False,,site scrape,NO,,https://jcpaintingusa.com/ | https://jcpaintingusa.com/wp-content/uploads/2026/06/residential-interior-painting-01-scaled.jpeg | https://jcpaintingusa.com/wp-content/uploads/2026/06/residential-interior-painting.png
Nine Construction Remodeling Yes,http://nineconstructionaustin.com/,nineconstructionaustin.com,+1 512-884-1881,,5,16,NO,no window installation or repair signal on site,False,,site scrape,NO,,https://nineconstructionaustin.com/
The Handy Hippie Yes,https://www.thehandyhippie.com/,thehandyhippie.com,+1 512-888-2173,,4.9,52,YES,window replacement/installation,False,"Explore pressure washing → Doors & Windows Door and window repairs, replacement, trim, hardware, and weatherproofing.",site scrape,YES,,https://www.thehandyhippie.com/ | https://www.thehandyhippie.com/doors-windows/ | https://www.thehandyhippie.com/services/ | https://www.thehandyhippie.com/service-areas/
Dripping Springs Blinds and Drapery Yes,http://dsblindsanddrapery.com/,dsblindsanddrapery.com,+1 512-894-2181,,5,3,NO,no window installation or repair signal on site,False,,site scrape,NO,,https://dsblindsanddrapery.com/
Draped Yes,http://www.drapedaustin.com/,drapedaustin.com,+1 512-900-2588,,5,4943,NO,window treatments,False,Draped About Services Drapery Shades & Blinds Shutters Bedding & Pillows Re-Upholstery Process Portfolio Blog Testimoni,site scrape,NO,,https://www.drapedaustin.com/
Texas Direct Shutters Yes,http://www.txdirectshutters.com/,txdirectshutters.com,+1 512-900-7620,,5,2,NO,window treatments,False,"Texas Direct Shutters - Austin's Premier Window Fashions - Shutters, Shades and Blinds - 512-900-7620 Texas Dir",site scrape,NO,,https://www.txdirectshutters.com/
Hill Country Handyman Yes,https://hillcountryhandyman.com/,hillcountryhandyman.com,+1 512-909-1096,,5,11,NO,window cleaning; window treatments,False,"g fixtures, and bring in licensed, vetted subcontractors for larger projects when needed. Pressure Washing Hill Country Handyman specializes in house washing to keep the exterior of your home c",site scrape,NO,,https://hillcountryhandyman.com/ | https://hillcountryhandyman.com/handyman-services/ | https://hillcountryhandyman.com/handyman-near-me/ | https://hillcountryhandyman.com/door-restoration-service-in-lakeway/
Lake Travis Overhead Doors Yes,https://laketravisgaragedoors.com/,laketravisgaragedoors.com,+1 512-910-3667,,5,336,NO,no window installation or repair signal on site,False,,site scrape,NO,,https://laketravisgaragedoors.com/ | https://laketravisgaragedoors.com/lake-travis-garage-door-service/
Fresher Screens Yes,https://fresherscreens.com/,fresherscreens.com,+1 512-910-4374,,5,4,YES,installs/replaces windows; window replacement/installation,False,Window Screen Repair & Window Cleaning | Austin TX | Fresher Screens Skip to content Service Request Contact B,site scrape,YES,,https://fresherscreens.com/ | https://fresherscreens.com/service/
Kstylez Roofing & Construction Yes,https://kstylezrc.com/,kstylezrc.com,+1 512-910-8009,,4.8,85,NO,no window installation or repair signal on site,False,,site scrape,NO,,https://kstylezrc.com/ | https://kstylezrc.com/services/roof-replacement/ | https://kstylezrc.com/services/residential-roofing/ | https://kstylezrc.com/services
TX Handyman Here Yes,https://txhandymanhere.com/,txhandymanhere.com,+1 512-920-0487,,5,28,NO,no window installation or repair signal on site,False,,site scrape,NO,,https://txhandymanhere.com/ | https://txhandymanhere.com/work/restored-mahogany-grand-entrance-with-leaded-glass | https://txhandymanhere.com/work/avant-garde-lighting-and-modern-kitchen-design-in-austin
By Loredo Construction LLC Yes,https://www.loredoconstruction.com/,loredoconstruction.com,+1 512-923-9218,,0,0,YES,window replacement/installation,False,"estimates at 512 923-9218 512 799-3717 We are specializing In Framing, Siding, Doors and Windows installation New Pier and beam and Concrete foundation, reconstruction repairs.",site scrape,YES,,https://loredoconstruction.com/
Local Contracting LLC Yes,https://texaslocalcontracting.com/,texaslocalcontracting.com,+1 512-924-7179,,4.9,35,YES,named window styles; window replacement/installation; windows & doors,False,"Phone Number Email Project Type Kitchen Interior Remodeling Bathroom Additions Full Home Window Replacement Other Price Range $20,000 - $50,000 $50,000 - $70, 000 $70,000 - $100,000 $100,000 - $200",site scrape,YES,,https://texaslocalcontracting.com/ | https://texaslocalcontracting.com/window-and-door-renovation-services/ | https://texaslocalcontracting.com/appliance-installation-services/ | https://texaslocalcontracting.com/ceiling-installation-and-repair-services/
Sparkling Clean Window Company Yes,http://www.sparklingcleanwindow.com/,sparklingcleanwindow.com,+1 512-926-7000,,4.9,8,NO,window cleaning,False,"Clean Window Company, Austin TX Sparkling Clean Window Company is the leading provider of window cleaning and exterior building maintenance and restoration services.",site scrape,NO,,https://sparklingcleanwindow.com/ | https://sparklingcleanwindow.com/services.html | https://sparklingcleanwindow.com/index.html | https://sparklingcleanwindow.com/about_us.html
Beacon Blinds Yes,https://beaconblinds.com/,beaconblinds.com,+1 512-930-1188,,5,79,NO,window treatments,False,"Beacon Blinds | Custom Window Treatments Austin TX — Blinds, Shades & Shutters Free measurements and de",site scrape,NO,,https://beaconblinds.com/ | https://beaconblinds.com/window-blinds-austin/ | https://beaconblinds.com/service-areas/window-treatments-round-rock-tx/ | https://beaconblinds.com/service-areas/window-treatments-georgetown-tx/
Austin’s Best Window Installer’s Yes,http://austinbestcontract.wix.com/windows,austinbestcontract.wix.com,+1 512-934-3979,,4.4,9,NEEDS_REVIEW,window in name but service type unconfirmed,False,,"no site, no research",UNREACHABLE,,
Safe Space Construction Yes,https://safespaceconstruction.com/,safespaceconstruction.com,+1 512-937-7899,,5,19,NO,no window installation or repair signal on site,False,,site scrape,NO,,https://safespaceconstruction.com/ | https://safespaceconstruction.com/custom-deck-builder-service-areas | https://safespaceconstruction.com/our-services
DiamondPoint Contractors Yes,https://www.diamondpointcontractors.com/,diamondpointcontractors.com,+1 512-945-8877,,4.9,517,YES,window replacement/installation,False,"Replace frames, window repair , window glass replacement and everything needed!",site scrape,YES,,https://www.diamondpointcontractors.com/ | https://www.diamondpointcontractors.com/services
Pressure & Panes Yes,http://pressureandpanes.com/,pressureandpanes.com,+1 512-956-9767,,5,14,NO,window cleaning,False,", improve your property value, and enhance your quality of life indoors. Whether you need pressure washing, window cleaning, gutter cleaning or complete interior & exterior maintenance, we’re c",site scrape,NO,,https://pressureandpanes.com/
Orbit Roofing Yes,https://www.orbitroofs.com/,orbitroofs.com,+1 512-957-0155,,5,13,YES,window product line; window replacement/installation,False,hingle Roof Replacement Storm Damage Metal Roofing Chimney Repair & Restoration Skylights Window Replacement Siding Replacement How Can We Help?,site scrape,YES,,https://orbitroofs.com/ | https://orbitroofs.com/roof-replacement/
Custom Glass Design LLC Yes,http://www.mycustomglassdesign.com/,mycustomglassdesign.com,+1 512-960-5260,,5,24,YES,window replacement/installation,False,hen back-splashes Mirrored walls Mirrors (beveled or regular) Glass for decorative pieces Window glass repair &/ replacement (single & double-insulated pane) Door glass replacement Sliding glass door,site scrape,YES,,https://mycustomglassdesign.com/ | https://mycustomglassdesign.com/services/
Atlas Gutters Austin | Seamless Rain Gutters Yes,https://austingutters.net/,austingutters.net,+1 512-961-3383,,4,4,NEEDS_REVIEW,insufficient signal,False,,"no site, no research",UNKNOWN,,https://austingutters.net/
Cooper Constructs Yes,https://www.cooperconstructs.com/,cooperconstructs.com,+1 512-965-0960,,5,2,NEEDS_REVIEW,insufficient signal,False,,"no site, no research",UNREACHABLE,,
Aeromass Glass Yes,https://www.aeromassglass.com/,aeromassglass.com,+1 512-968-4047,,5,12,YES,commercial storefront glazing; installs/replaces windows; pane glazing work,False,"ve. We also repair broken or fogged insulated windows of all kinds. We can also repair or replace window parts and accessories such as balancers, locks, window molding, or any other problem you",site scrape,YES,,https://aeromassglass.com/ | https://aeromassglass.com/residential | https://aeromassglass.com/storefronts
Next Level Services Yes,https://www.nextlevelservicesatx.com/,nextlevelservicesatx.com,+1 512-975-1616,,5,16,YES,window replacement/installation,False,Baseboard/trim/window sill replacement and repair.,site scrape,YES,,https://www.nextlevelservicesatx.com/
Austin Mounting Pro - Precision Drapery and Fine Art Installation. Yes,https://austinmountingpro.com/,austinmountingpro.com,+1 512-975-3216,,5,19,NO,blinds/shades/shutters/drapery (window treatments),False,,name/review keywords,UNREACHABLE,,
Hillco Metal Roofing & Construction LLC Yes,https://www.hillcountryroofs.com/,hillcountryroofs.com,+1 512-982-6441,,5,25,YES,commercial storefront glazing,False,"he buildings here because we have worked on them for decades. Whether you manage a single storefront or a large industrial facility, our commercial roof installation and repair work is built",site scrape,YES,,https://www.hillcountryroofs.com/ | https://www.hillcountryroofs.com/roof-replacement-and-installation | https://www.hillcountryroofs.com/commercial-roofing | https://www.hillcountryroofs.com/residential-roofing
Flyside Service Yes,https://flysideservice.com/,flysideservice.com,+1 512-987-4157,,5,46,NEEDS_REVIEW,insufficient signal,False,,"no site, no research",UNREACHABLE,,
Austin Custom Homes LLC Yes,http://www.atxgc.com/,atxgc.com,+1 512-993-0948,,5,0,YES,commercial storefront glazing; installs/replaces windows; named window styles; pane glazing work; replacement windows; window product line; window replacement/installation; windows & doors,False,Painting Exterior Painting Drywall Installation Wallpaper Removal Insurance Home Repairs Window Installation Bathroom Remodeling Tile Installation Kitchen Remodeling Water Mitigation Services Commer,site scrape,YES,,https://atxgc.com/ | https://atxgc.com/services/window-installation/ | https://atxgc.com/services/residential-painting/ | https://atxgc.com/services/drywall-installation/
Loyal Home Concierge Yes,https://www.loyalhomeconcierge.com/,loyalhomeconcierge.com,+1 512-994-0072,,5,42,NEEDS_REVIEW,insufficient signal,False,,"no site, no research",UNKNOWN,,https://loyalhomeconcierge.com/
ATX Window Shades Yes,https://atxwindowshades.com/,atxwindowshades.com,+1 512-998-1961,,5,0,NO,window tint/film; window treatments,False,". We specialize in all types of Window shades, outdoor patio shades, solar and decorative window films, smart home automation, custom drapery and interior decorating that fits your style and",site scrape,NO,,https://atxwindowshades.com/ | https://atxwindowshades.com/services/ | https://atxwindowshades.com/products/
Austin’s BEST Windows and Siding Co Yes,https://austinsbestwindowsandsiding.com/,austinsbestwindowsandsiding.com,+1 512-999-8569,,5,5,YES,installs/replaces windows; replacement windows; window product line; window replacement/installation,False,Learn more Windows Investing in replacement windows can drastically improve the appearance and efficiency of your home.,site scrape,YES,,https://austinsbestwindowsandsiding.com/ | https://austinsbestwindowsandsiding.com/windows | https://austinsbestwindowsandsiding.com/siding
Frank of all Trades LLC Yes,https://frankofalltrades.com/,frankofalltrades.com,+1 513-404-7082,,5,2,NO,no window installation or repair signal on site,False,,site scrape,NO,,https://frankofalltrades.com/ | https://frankofalltrades.com/services
Clear Choice Exteriors Yes,https://replacement-windows-desmoines.com/?utm_source=localiq&utm_medium=listings,replacement-windows-desmoines.com,+1 515-277-6256,,0,0,YES,commercial storefront glazing; installs/replaces windows; insulated glass unit work; named window styles; replacement windows; window product line; window replacement/installation,False,ies In IA - Clear Choice Exteriors & Bath Makeover Skip to content About Us Blog Services Window Repair & Replacement Door Repair & Replacement Bath Makeover Residential and Commercial Roofing,site scrape,YES,,https://clearchoicedsm.com/ | https://clearchoicedsm.com/services/windows/ | https://clearchoicedsm.com/locations/des-moines-ia/window-replacement/ | https://clearchoicedsm.com/services/roofing/
Limelight Windows LLC Yes,http://limelightwindowstx.com/,limelightwindowstx.com,+1 520-301-9089,,5,26,NO,window cleaning,False,Window Cleaning Services in North Dallas | Limelight Windows LLC We want to make one thing perfectly c,site scrape,NO,,https://limelightwindowstx.com/ | https://limelightwindowstx.com/services
Jay's Shower Doors and more Yes,http://jaysshowerdoorsandmore.com/?utm_source=gmb&utm_medium=referral,jaysshowerdoorsandmore.com,+1 561-572-7599,,5,213,NO,no window installation or repair signal on site,False,,site scrape,NO,,https://www.jaysshowerdoorsandmore.com/ | https://www.jaysshowerdoorsandmore.com/glass-shower-doors-boca-raton | https://www.jaysshowerdoorsandmore.com/custom-glass-shower-doors-boynton-beach | https://www.jaysshowerdoorsandmore.com/services
Hannigan & Co. Exterior Cleaning Yes,https://www.hannigancompany.com/,hannigancompany.com,+1 586-360-7249,,5,11,NO,window cleaning,False,Hannigan & Co. 0 Skip to Content Home About Window Cleaning Commercial + Office Building Storefront + Small Business Window Cleaning Residential W,site scrape,NO,,https://hannigancompany.com/ | https://hannigancompany.com/residential-window-cleaning | https://hannigancompany.com/storefront-small-business-window-cleaning-austin-texas | https://hannigancompany.com/window-cleaning
Portal Pros - Phoenix Dog Door Installation Yes,https://portalprosphoenix.com/,portalprosphoenix.com,+1 602-345-0669,,5,9,YES,commercial storefront glazing; installs/replaces windows; insulated glass unit work; named window styles; pane glazing work; window replacement/installation,False,nstall Patio Install Screen Install Kennel Install French Door Install Storm Door Install Window Install Custom Installs Guarantee Shop For Glass For Doors For Walls For Patios For Kennels For S,site scrape,YES,,https://portalprosphoenix.com/ | https://portalprosphoenix.com/dog-door-installation-in-windows-phoenix/ | https://portalprosphoenix.com/pet-door-for-window-phoenix/ | https://portalprosphoenix.com/dog-door-in-glass-installation-phoenix/
Remodel Experts Yes,https://remodelexpertsaz.com/,remodelexpertsaz.com,+1 602-418-8260,,4.9,47,YES,window product line; window replacement/installation; windows & doors,False,"s Bathrooms Windows Contact © 2022, Remodel Experts. All Rights Reserved. Scroll To Top Window Remodeling and Installation Services in Phoenix, AZ Skip to content Menu Home About Kitchens Bathrooms Windows Contac",site scrape,YES,,https://remodelexpertsaz.com/ | https://remodelexpertsaz.com/windows/
Vision Windows & Doors Yes,http://windowanddoorco.com/,windowanddoorco.com,+1 602-430-7614,,5,96,YES,window product line; window replacement/installation; windows & doors,False,"sion Windows & Doors Request A Quote Free, In-Home Consultation No pressure sales Premium Window Installation Decades of experience Premium Door Installation Many Styles to Choose From Window & Door",site scrape,YES,,https://windowanddoorco.com/ | https://windowanddoorco.com/services/ | https://windowanddoorco.com/our-products/
L.J. Neal & Sons Yes,https://bestwindowreplacement.com/,bestwindowreplacement.com,+1 602-661-6852,,4.8,22,YES,review explicitly describes window install/replacement,False,,name/review keywords,UNREACHABLE,,
Desert View Arizona Yes,https://desertviewaz.com/,desertviewaz.com,+1 602-687-3939,,5,7,NO,no window installation or repair signal on site,False,,site scrape,NO,,https://desertviewaz.com/
Windows Direct Yes,http://www.windowsdirectarizona.com/,windowsdirectarizona.com,+1 602-698-5580,,5,4,YES,insulated glass unit work; window replacement/installation; windows & doors,False,"ig Doors Contact More Use tab to navigate through the menu items. GREATER PHOENIX LEADING WINDOW AND DOOR REPLACEMENT COMPANY With over 25 years of experience and a real focus on customer satisfaction, you c",site scrape,YES,,https://www.windowsdirectarizona.com/ | https://www.windowsdirectarizona.com/services | https://www.windowsdirectarizona.com/kitchens
Arizona Breeze Retractable Screen Doors Yes,https://www.retractablescreensarizona.com/,retractablescreensarizona.com,+1 602-837-5792,,4.9,150,NO,no window installation or repair signal on site,False,,site scrape,NO,,https://www.retractablescreensarizona.com/
Final Touch Property Services Yes,https://finaltouch-ps.com/,finaltouch-ps.com,+1 603-809-2847,,5,8,NO,window cleaning/washing,False,,name/review keywords,UNREACHABLE,,
Window Wizard ATX Yes,https://windowwizardatx.com/,windowwizardatx.com,+1 608-547-6426,,5,6,NO,window cleaning,False,"Window Wizard — Window Cleaning in Austin, TX Window Wizard Austin, Texas (608) 547-6456 Get my quote ★★★★★ 5.",site scrape,NO,,https://windowwizardatx.com/
Fenstermann Austin Yes,https://fenstermann.com/,fenstermann.com,+1 619-665-9446,,0,0,NEEDS_REVIEW,insufficient signal,False,,"no site, no research",UNKNOWN,,https://fenstermann.com/
THE WINDOW RANGERS LLC Yes,http://thewindowrangers.com/,thewindowrangers.com,+1 623-414-2899,,5,2,NEEDS_REVIEW,window in name but service type unconfirmed,False,,"no site, no research",UNREACHABLE,,
Elevate Pressure Washing & Window Cleaning LLC. Yes,https://elevatehomeservicesil.com/,elevatehomeservicesil.com,+1 630-465-6236,,5,12,NO,window cleaning/washing,False,,name/review keywords,UNKNOWN,,https://elevatehomeservicesil.com/
The Glass Guy Glass Repair Yes,https://www.theglassguytx.com/,theglassguytx.com,+1 682-216-5638,,5,180,YES,insulated glass unit work; pane glazing work; window product line; window replacement/installation; windows & doors,False,"frameless shower glass for every style Partner with a company dedicated to excellence in window and door installations, ensuring each project is handled with precision and care.",site scrape,YES,,https://www.theglassguytx.com/ | https://www.theglassguytx.com/why-window-replacement-is-the-perfect-gift-for-your-mom2026/ | https://www.theglassguytx.com/%f0%9f%8c%a1%ef%b8%8f-is-your-home-too-hot-your-windows-could-be-the-problem/ | https://www.theglassguytx.com/services-2/shower-glass-installation/
The Glass Guy Tx Yes,https://www.theglassguytx.com/,theglassguytx.com,+1 682-216-5638,,0,0,YES,insulated glass unit work; pane glazing work; window product line; window replacement/installation; windows & doors,False,"frameless shower glass for every style Partner with a company dedicated to excellence in window and door installations, ensuring each project is handled with precision and care.",site scrape,YES,,https://www.theglassguytx.com/ | https://www.theglassguytx.com/why-window-replacement-is-the-perfect-gift-for-your-mom2026/ | https://www.theglassguytx.com/%f0%9f%8c%a1%ef%b8%8f-is-your-home-too-hot-your-windows-could-be-the-problem/ | https://www.theglassguytx.com/services-2/shower-glass-installation/
Adan Only Glass Services Yes,https://www.onlyglassservices.com/,onlyglassservices.com,+1 682-241-3379,,0,0,NEEDS_REVIEW,"glass shop or building contractor, window scope unknown",False,,"no site, no research",UNREACHABLE,,
Eric's Home Renovations Yes,http://ericshomerenovation.com/,ericshomerenovation.com,+1 682-318-4710,,4.9,96,YES,commercial storefront glazing; insulated glass unit work; window replacement/installation,False,"eplacements that improve comfort, security, and appearance. Entry, patio & interior doors Window replacement & upgrades Precision installation Home Additions Seamless expansions designed to integrat",site scrape,YES,,https://ericshomerenovation.com/ | https://ericshomerenovation.com/flooring-installation-services-in-texas | https://ericshomerenovation.com/commercial-construction-services-in-texas | https://ericshomerenovation.com/general-commercial-contractor-services
Heavens Door And Window Yes,https://heavensdoor-window.com/,heavensdoor-window.com,+1 682-503-1144,,5,20,YES,installs/replaces windows; named window styles; replacement windows; window replacement/installation; windows & doors,False,"results you can trust. Proudly Serving DFW and Surrounding Communities We provide expert window replacement and installation services across the DFW metroplex, including: Addison, Arlington, Irving, Bedford, Euless",site scrape,YES,,https://heavensdoor-window.com/ | https://heavensdoor-window.com/photo-gallery | https://heavensdoor-window.com/contact-us
Montgomery Glass LLC Yes,http://montgomeryglassllc.com/,montgomeryglassllc.com,+1 682-715-2323,,5,17,YES,commercial storefront glazing; window replacement/installation,False,"Window Glass Installation or Replacement ""Would definitely hire again.",site scrape,YES,,https://montgomeryglassllc.com/
The Window Guys of Texas Yes,https://windowguystx.com/,windowguystx.com,+1 682-842-8489,,5,19,YES,window product line; window replacement/installation,False,"Window Replacement & Repair | Energy Efficient Windows | Call (888) 685-6268 Parked domain, buy it here .",site scrape,YES,,https://windowguystx.com/
DoorTheory Yes,https://www.doortheory.com/,doortheory.com,+1 714-388-7054,,0,0,NO,no window installation or repair signal on site,False,,site scrape,NO,,https://doortheory.com/
Uncle Eddie's Contracting Yes,http://uncle-eddie.com/,uncle-eddie.com,+1 720-919-0984,,5,13,NO,window cleaning,False,"afe and usable. Deck repair services Deck staining Porch repair Railing and stair repairs Pressure Washing & Exterior Cleaning Clean, consistent exterior maintenance helps preserve materials an",site scrape,NO,,https://uncle-eddie.com/ | https://uncle-eddie.com/services/
Revival Restoration ATX of Steiner Ranch Yes,https://revivalrestorationatx.com/,revivalrestorationatx.com,+1 737-204-1475,,5,6,NO,window cleaning,False,"ng Back the Shine to Homes Across Austin, TX! Facebook Instagram Yelp Home About Services Pressure Washing House Washing Roof Cleaning Paver Sealing Window Cleaning Commercial Pressure Washing",site scrape,NO,,https://www.revivalrestorationatx.com/ | https://www.revivalrestorationatx.com/window-cleaning/ | https://www.revivalrestorationatx.com/commercial-pressure-washing/ | https://www.revivalrestorationatx.com/service-areas/
House Beautiful Home Services Yes,https://housebeautifulhomeservices.com/,housebeautifulhomeservices.com,+1 737-214-9755,,5,99,NO,window cleaning,False,"House Beautiful Home Services: Pressure Washing & Christmas Light Installation - Austin, TX Send us a text Home Services Gutter Guard",site scrape,NO,,https://housebeautifulhomeservices.com/ | https://housebeautifulhomeservices.com/services/window-cleaning/ | https://housebeautifulhomeservices.com/services/gutter-guard-installation/ | https://housebeautifulhomeservices.com/services/christmas-light-installation/
ATX Window Cleaning Yes,https://www.austintxwindowcleaners.com/,austintxwindowcleaners.com,+1 737-217-0720,,5,11,NO,window cleaning,False,Home | ATX Window Cleaning Skip to Content Home Services Instant Quote +1 737-217-0720 Sign in Contact Us Home Se,site scrape,NO,,https://www.austintxwindowcleaners.com/ | https://www.austintxwindowcleaners.com/our-services | https://www.austintxwindowcleaners.com/instant-quotes
The Black Sheep Window Care Yes,https://theblacksheepwindowcare.jobbersites.com/,theblacksheepwindowcare.jobbersites.com,+1 737-256-0072,,5,3,NO,window cleaning/washing,False,,name/review keywords,UNREACHABLE,,
Picasso Design and Remodeling Yes,https://picassodesignremodel.com/,picassodesignremodel.com,+1 737-256-8038,,5,70,YES,windows & doors,False,⦁ Window and door upgrades for design + energy efficiency.,site scrape,YES,,https://picassodesignremodel.com/ | https://picassodesignremodel.com/services-residential-interior/ | https://picassodesignremodel.com/services-residential-exterior/ | https://picassodesignremodel.com/services-commercial-interior/
Sharp Window Care Yes,https://sharpwindowcare.com/,sharpwindowcare.com,+1 737-277-5060,,5,56,NEEDS_REVIEW,window in name but service type unconfirmed,False,,"no site, no research",UNKNOWN,,https://sharpwindowcare.com/
Hill Country Window Coverings Yes,https://www.hillcountrywindowcoverings.com/,hillcountrywindowcoverings.com,+1 737-280-5115,,0,0,NEEDS_REVIEW,window in name but service type unconfirmed,False,,"no site, no research",UNREACHABLE,,
ATX Home Beautification Yes,https://atxhomebeautification.com/,atxhomebeautification.com,+1 737-331-1843,,5,20,NO,window cleaning; window tint/film,False,Window Cleaning & Power Washing Austin | ATX Home Beautification Home About Services Window Cleaning P,site scrape,NO,,https://atxhomebeautification.com/ | https://atxhomebeautification.com/residential-window-cleaning | https://atxhomebeautification.com/services | https://atxhomebeautification.com/screen-repair-and-replacement
Urban Glaze Construction Yes,https://urbanglazeconstruction.com/,urbanglazeconstruction.com,+1 737-333-1058,,5,8,YES,commercial storefront glazing; installs/replaces windows; insulated glass unit work; replacement windows; window product line; window replacement/installation; windows & doors,False,Urban Glaze Construction specializes in high-performance window and door installation for residential and commercial projects throughout Central Texas.,site scrape,YES,,https://urbanglazeconstruction.com/ | https://urbanglazeconstruction.com/services/windows-door-installation | https://urbanglazeconstruction.com/services/commercial | https://urbanglazeconstruction.com/services/general-remodeling
Energywise windows Yes,http://energywisewindows.com/,energywisewindows.com,+1 737-333-9082,,4.8,23,NEEDS_REVIEW,window in name but service type unconfirmed,False,,"no site, no research",UNKNOWN,,https://energywisewindows.com/
Sigala Company Yes,https://sigalacompany.com/,sigalacompany.com,+1 737-347-2665,,5,5,NO,no window installation or repair signal on site,False,,site scrape,NO,,https://sigalacompany.com/
Austin Eco Windows Yes,https://eco-windowsaustin.com/,eco-windowsaustin.com,+1 737-355-5640,,0,0,YES,installs/replaces windows; pane glazing work; replacement windows; window product line; window replacement/installation,False,Energy-Efficient Windows Austin | Austin Eco Windows Home About Services Energy-Efficient Window Replacement Double & Triple Pane Window Installation Low-E & Insulated Window Solutions Window Instal,site scrape,YES,,https://eco-windowsaustin.com/ | https://eco-windowsaustin.com/Window-Installation-Services-in-Austin | https://eco-windowsaustin.com/Energy-Efficient-Window-Replacement | https://eco-windowsaustin.com/Double-Triple-Pane-Window-Installation
Dooreum Yes,https://dooreum.com/,dooreum.com,+1 737-363-6226,,0,0,NEEDS_REVIEW,insufficient signal,False,,"no site, no research",UNREACHABLE,,
Tee Time Exteriors Yes,https://teetimeexteriors.com/,teetimeexteriors.com,+1 737-367-7321,,5,35,NEEDS_REVIEW,insufficient signal,False,,"no site, no research",UNKNOWN,,https://teetimeexteriors.com/
House Doctors of Austin Yes,https://housedoctors.com/austin/,housedoctors.com,+1 737-371-8827,,4.9,92,NEEDS_REVIEW,insufficient signal,False,,"no site, no research",UNREACHABLE,,
Replace RV Windows Yes,https://www.replacervwindows.com/,replacervwindows.com,+1 737-379-1460,,5,3,YES,insulated glass unit work; pane glazing work; window replacement/installation,True,"Replace RV Windows - Rv Repair Shop, Glass Repair Service, Rv Side Window Repair, Austin, TX Replace rv windows LEARN MORE CALL NOW Home Services Foggy RV Windows Cracked",site scrape,YES,,https://www.replacervwindows.com/ | https://www.replacervwindows.com/mobile-rv-window-replacement--repair.html | https://www.replacervwindows.com/foggy-rv-windows.html | https://www.replacervwindows.com/cracked-rv-windows.html
Groovy Hues Painting of Cedar Park Yes,https://www.groovyhues.com/cedar-park-tx,groovyhues.com,+1 737-387-5908,,4.9,35,NO,window cleaning; window treatments,False,"Groovy Hues Painting | Professional Painting, Staining & Power Washing Services Skip to Content Own a Franchise FAQ (844) 394-8660 Services Interior Painting",site scrape,NO,,https://www.groovyhues.com/ | https://www.groovyhues.com/services/commercial-painting | https://www.groovyhues.com/services | https://www.groovyhues.com/services/interior-painting
Armadillo Handyman Solutions LLC Yes,https://www.armadillohandymansolutions.com/,armadillohandymansolutions.com,+1 737-403-4552,,5,8,NO,window treatments,False,sembly starting at $195 Small Jobs starting at $175 Recent Work Previous 01 Curtain rod & drapery install 02 Furniture assembly 03 Ceiling fan install 04 Gazebo & outdoor assembly Next 01,site scrape,NO,,https://www.armadillohandymansolutions.com/
Pristine Yes,https://www.wepristine.com/,wepristine.com,+1 737-444-9339,,5,12,NO,no window installation or repair signal on site,False,,site scrape,NO,,https://www.wepristine.com/ | https://www.wepristine.com/services
Haag Roofing Diversified - Austin Yes,https://haagtexasroofing.com/,haagtexasroofing.com,+1 737-587-5980,,5,26,NO,no window installation or repair signal on site,False,,site scrape,NO,,https://haagtexasroofing.com/ | https://haagtexasroofing.com/services/services-commercial-hoa-roofing/ | https://haagtexasroofing.com/services/residential-roofing/ | https://haagtexasroofing.com/services/storm-damage-roof-replacement/
IQ Smart Handyman Yes,https://iqsmarthandyman.com/,iqsmarthandyman.com,+1 737-704-7478,,5,33,NEEDS_REVIEW,"glass shop or building contractor, window scope unknown",False,,"no site, no research",UNREACHABLE,,
Marine Windows Solutions Yes,http://marinewindowssolutions.com/,marinewindowssolutions.com,+1 754-325-1470,,5,21,YES,installs/replaces windows; insulated glass unit work; replacement windows; window product line; window replacement/installation,True,Yacht & Boat Window Repair Fort Lauderdale | Marine Windows Licensed & Insured â¢ 30 Florida counties â¢ 300+ yach,site scrape,YES,,https://marinewindowssolutions.com/ | https://marinewindowssolutions.com/yacht-window-installation-fl/ | https://marinewindowssolutions.com/yacht-window-replacement/ | https://marinewindowssolutions.com/yacht-window-repair/
Powerwash N Windows Yes,http://powerwashnwindows.com/,powerwashnwindows.com,+1 754-333-0044,,5,8,NO,window cleaning,False,"rior & Interior Care Not Just Clean Restored, Refined, and Elevated Premium soft washing, power washing, and interior/exterior detailing for residential and commercial properties across Brow",site scrape,NO,,https://powerwashnwindows.com/ | https://powerwashnwindows.com/services?s=window-cleaning | https://powerwashnwindows.com/services | https://powerwashnwindows.com/services?s=soft-washing
Pro Window Replacement Yes,https://statewidewindowhomeimprovco.com/,statewidewindowhomeimprovco.com,+1 754-342-7631,,5,2,YES,name states window installation/replacement/doors,False,,name/review keywords,UNREACHABLE,,
Window Installation Fort Lauderdale Yes,https://smart-impact-window-installation.com/,smart-impact-window-installation.com,+1 754-551-5551,,5,5,YES,commercial storefront glazing; installs/replaces windows; window product line; window replacement/installation,False,Impact Window Installation Fort Lauderdale | Smart Impact Window Installation Impact Window Installation in Fort Lau,site scrape,YES,,https://smart-impact-window-installation.com/
windows stock market Yes,https://windowsstockmarket.com/,windowsstockmarket.com,+1 754-707-3281,,5,5,YES,installs/replaces windows; insulated glass unit work; named window styles; pane glazing work; window product line; window replacement/installation; windows & doors,False,mpany About Us FAQ Contact Us Tips & Guides Guides How to Measure Windows Types of Impact Windows Why Replace Windows In-Stock vs Custom Impact Window Costs 2026 Insurance Discount Guide PGT vs ESW v,site scrape,YES,,https://windowsstockmarket.com/ | https://windowsstockmarket.com/why-replace-windows-florida | https://windowsstockmarket.com/replacement-impact-glass | https://windowsstockmarket.com/pgt-vs-esw-vs-mr-glass-impact-windows
Your Window Solutions Yes,https://yourwindowsolution.webflow.io/,yourwindowsolution.webflow.io,+1 754-715-6017,,5,6,YES,named window styles; window product line; window replacement/installation; windows & doors,False,"I highly recommend to use this company for windows and door installation Yusleidy Serrano Mar 1, 2024 We just had all our windows and doors replaced by Prestige.",site scrape,YES,,https://yourwindowsolution.webflow.io/ | https://yourwindowsolution.webflow.io/impact-windows-doors
Rockford Windows & Doors Yes,https://rockfordwindowsanddoors.com/,rockfordwindowsanddoors.com,+1 779-249-7282,,5,3,YES,commercial storefront glazing; installs/replaces windows; named window styles; pane glazing work; replacement windows; window product line; window replacement/installation; windows & doors,True,Window Replacement Rockford IL & Door Installation Services | Trusted Window Installers in Rockford IL | Roc,site scrape,YES,,https://rockfordwindowsanddoors.com/ | https://rockfordwindowsanddoors.com/window-replacement/ | https://rockfordwindowsanddoors.com/window-installation/ | https://rockfordwindowsanddoors.com/replacement-windows/
Three Strong Restoration Yes,https://threestrongrestoration.com/,threestrongrestoration.com,+1 779-970-1989,,5,8,YES,installs/replaces windows; pane glazing work; window product line; window replacement/installation,False,"ockford, IL - Three Strong Restoration Skip to main content Services Services Decks Doors Windows Roof Repair Framing View All Services Gallery About Contact Us (779) 970-1989 Get My Free Estimate 5-",site scrape,YES,,https://threestrongrestoration.com/ | https://threestrongrestoration.com/windows | https://threestrongrestoration.com/services
Evolution Doors Yes,https://evolution-doors.com/,evolution-doors.com,+1 786-374-3444,,5,34,NEEDS_REVIEW,insufficient signal,False,,"no site, no research",UNKNOWN,,https://evolution-doors.com/
Smart Glass Technologies - Austin Yes,https://www.smartglasstech.us/city/austin-smart-glass-landing/,smartglasstech.us,+1 786-460-6762,,4.5,14,NEEDS_REVIEW,"glass shop or building contractor, window scope unknown",False,,"no site, no research",UNKNOWN,,https://smartglasstech.us/
U.S. Window Specialists LLC Yes,https://uswindowspecialists.com/,uswindowspecialists.com,+1 800-223-8099,,0,0,YES,commercial storefront glazing; insulated glass unit work,False,"1A A,k��OF���-� lb��Mk �A5�f�SH�HC`����F�h7Bn��p�}Bh�� ����P4 ��a���ڠ��m�4��TC�igu@��� :� ���-�J�c���""�P~h��6ZS� �,�6 j,�^�[Q���KP�w곰KF�~�""���Gz��P���R���o$��}",site scrape,YES,,https://titan-glazing.com/ | https://titan-glazing.com/wp-content/uploads/2024/07/commercial-windows.jpg | https://titan-glazing.com/wp-content/uploads/2024/07/building_windows.jpg | https://titan-glazing.com/wp-content/uploads/2024/07/building_windows2.jpg
Midwest Wholesale Glass & Shower Doors Yes,http://www.midwestwholesaleglass.com/,midwestwholesaleglass.com,+1 800-593-9812,,4.9,7,YES,commercial storefront glazing; installs/replaces windows; insulated glass unit work; named window styles; pane glazing work; replacement windows; window product line; window replacement/installation; windows & doors,False,"tional Glass Services Order / Quote Forms Contact Credit App Blog Reviews FAQ Replacement Windows and Doors Replacement Windows, Doors & INSULATED GLASS UNITS Wholesale Glass & Services | Veteran and Woman Own",site scrape,YES,,https://www.midwestwholesaleglass.com/ | https://www.midwestwholesaleglass.com/replacement-windows-and-doors | https://www.midwestwholesaleglass.com/storm-windowsfb9c56bb | https://www.midwestwholesaleglass.com/storm-windows
Mccubbin industries Yes,https://www.mccubbin-industries.com/,mccubbin-industries.com,+1 801-623-0863,,5,24,NEEDS_REVIEW,insufficient signal,False,,"no site, no research",UNKNOWN,,https://mccubbin-industries.com/
Superior Roof Repair of Rockford Yes,https://www.superiorroofingil.com/,superiorroofingil.com,+1 815-313-4220,,4.9,46,YES,named window styles; window product line; window replacement/installation,False,Reach Out Today Name Phone Email Address Message Submit Your Trusted Window Installation Experts In The Illinois Area.,site scrape,YES,,https://superiorroofingil.com/ | https://superiorroofingil.com/windows/ | https://superiorroofingil.com/services/roof-replacement/ | https://superiorroofingil.com/roofing/residential-roofing/
Homeland Exteriors Yes,http://homelandexteriors.com/,homelandexteriors.com,+1 815-601-5522,,5,5,YES,insulated glass unit work; window product line; window replacement/installation; windows & doors,False,"shed, long-lasting finish for your home or business. read more > Windows We specialize in window and door installation, offering expert fitting and high-quality products to enhance security, energy efficiency",site scrape,YES,,https://homelandexteriors.com/ | https://homelandexteriors.com/windows | https://homelandexteriors.com/roofing | https://homelandexteriors.com/siding
Drummond Window Cleaning Yes,http://www.rockfordwindowcleaningcompany.com/,rockfordwindowcleaningcompany.com,+1 815-654-7661,,4.9,34,NO,window cleaning,False,Rockford Area Window Cleaning Rockford Area Window Cleaning Client Testimonials Contact Us FAQ History Job Applicati,site scrape,NO,,https://rockfordwindowcleaningcompany.com/ | https://rockfordwindowcleaningcompany.com/2017/05/24/discovering-the-right-window-cleaning-company/ | https://rockfordwindowcleaningcompany.com/2017/04/14/do-your-window-washers-have-insurance/ | https://rockfordwindowcleaningcompany.com/2017/04/14/window-washing-rockford-belvidere-areas/
Area Construction & Renovation Yes,http://areaconstructionrockford.com/,areaconstructionrockford.com,+1 815-980-1710,,5,19,YES,installs/replaces windows; window product line,False,"ow Windows for New Construction or Remodeling Whether you're in the process of building a new window or remodeling your current one, you can count on us to supply you with the best windows a",site scrape,YES,,https://www.areaconstructionrockford.com/ | https://www.areaconstructionrockford.com/window-installation | https://www.areaconstructionrockford.com/request-service | https://www.areaconstructionrockford.com/residential-commercial-remodeling
Oceanview Window Cleaning Yes,http://oceanviewtx.com/,oceanviewtx.com,+1 817-205-6916,,5,10,NO,window cleaning,False,Oceanview Window Cleaning Search this site Embedded Files Skip to main content Skip to navigation Oceanview Wind,site scrape,NO,,https://www.oceanviewtx.com/ | https://www.oceanviewtx.com/home
Hello Shades LLC Yes,https://www.hello-shades.com/,hello-shades.com,+1 817-945-4303,,5,16,NO,window treatments,False,Outdoor Roller Shades | Indoor Window & Patio Shades| Motorized Blinds – Hello Shades Skip to content Facebook,site scrape,NO,,https://hello-shades.com/ | https://hello-shades.com/collections/indoor-blackout-window-shades | https://hello-shades.com/products/cellular-nowa-blackout-cream
Precision Exterior & Services Yes,https://www.precisionexteriorservice.com/,precisionexteriorservice.com,+1 817-964-1364,,5,6,NO,"Exterior cleaning - window cleaning, pressure washing, gutter cleaning",False,"precisionexteriorservice.com/about: ""expert window cleaning inside and out, including panes, screens, frames, tracks, and seals"" plus pressure washing, gutter cleaning, soft washing, solar panel cleaning. No install/replacement offered.",web research (site unreachable),UNREACHABLE,,
It's So Clean Yes,https://itssoclean.net/,itssoclean.net,+1 830-613-7712,,4.9,47,NO,window cleaning; window treatments,False,"Home | It's So Clean | Pressure Washing & Window Cleaning In Bee Cave, Horseshoe Bay & Lakeway, TX Skip to content Bee Cave, T",site scrape,NO,,https://www.itssoclean.net/ | https://www.itssoclean.net/commercial-window-washing/ | https://www.itssoclean.net/window-washing/ | https://www.itssoclean.net/interior-window-cleaning/
Drapery Haven Yes,https://www.draperyhaven.com/,draperyhaven.com,+1 832-266-1214,,4.7,15,NO,window treatments,False,"Drapery Haven Skip to content Home About Us Our Process Our Locations Alberta, Canada Texas, USA",site scrape,NO,,https://draperyhaven.com/ | https://draperyhaven.com/services/
C-TEX Glass And Door LLC Yes,http://ctexglassanddoor.com/,ctexglassanddoor.com,+1 832-579-7053,,0,0,YES,building glass replacement; commercial storefront glazing; installs/replaces windows; window replacement/installation,True,"glass service in Texas. Call today for a free estimate. For your home we offer insulated window replacement, replacement of broken glass in windows, customized bath enclosures, shower doors, furnit",site scrape,YES,,https://ctexglassanddoor.com/ | https://ctexglassanddoor.com/services
Majestic Shield Roofing Yes,https://majesticshieldroofing.net/,majesticshieldroofing.net,+1 832-764-4090,,4.9,35,NEEDS_REVIEW,"glass shop or building contractor, window scope unknown",False,,"no site, no research",UNKNOWN,,https://majesticshieldroofing.net/
Window Universe Austin Yes,https://windowuniverseaustin.com/,windowuniverseaustin.com,+1 844-983-9773,,0,0,YES,installs/replaces windows; insulated glass unit work; named window styles; pane glazing work; replacement windows; window product line; window replacement/installation; windows & doors,False,"+ year industry veterans Not in Austin, TX? Change Location Skip to content Search Toggle Windows in Austin Replacement Windows New Construction Windows Multi-Family Windows DIY Windows Doors in Austin Front E",site scrape,YES,,https://windowuniverseaustin.com/ | https://windowuniverseaustin.com/window-and-door-installation/window-installation/ | https://windowuniverseaustin.com/replacement-windows/ | https://windowuniverseaustin.com/windows-without-installation/
Furst Home Repair Yes,https://fursthomerepair.com/,fursthomerepair.com,+1 847-789-7733,,0,0,NO,no window installation or repair signal on site,False,,site scrape,NO,,https://www.fursthomerepair.com/
3 Day Blinds Yes,https://www.3dayblinds.com/landing-page-002/?adkey=MC23023&utm_source=google&utm_medium=seo&utm_term=none&utm_content=save20&utm_campaign=3db_seo_google_googlemybusiness_202304_save20_dac,3dayblinds.com,+1 866-327-2441,,3.6,32,NO,window treatments,False,Custom Window Treatments and Design | 3 Day Blinds Free Consultation (888) 888-8888 Blinds Back Blinds View All Blackout Blinds Faux Wood Bl,site scrape,NO,,https://www.3dayblinds.com/ | https://www.3dayblinds.com/resources/guides/how-to-measure-window-treatments-install-guides | https://www.3dayblinds.com/window-treatments | https://www.3dayblinds.com/window-shades
Custom Shade and Shutter Yes,http://www.customshadeandshutter.com/,customshadeandshutter.com,+1 866-412-8898,,4.6,102,NO,window cleaning; window treatments,False,oid: Rolling up wet or damp shades (can cause mildew or fabric damage) Harsh chemicals or pressure washing (can damage fabric and coatings) Allowing debris to build up in tracks/channels Operat,site scrape,NO,,https://www.customshadeandshutter.com/ | https://www.customshadeandshutter.com/how-to-measure-windows-for-custom-roller-shades/ | https://www.customshadeandshutter.com/commercial/ | https://www.customshadeandshutter.com/product-care/
Safelite AutoGlass Yes,https://www.safelite.com/stores/dallas-inwood?utm_source=yext&utm_medium=list&utm_campaign=local&y_source=1_NzU2NjkwMDgtNzE1LWxvY2F0aW9uLndlYnNpdGU%3D,safelite.com,+1 877-664-8932,,4.5,297,NO,vehicle glass,True,Windshield Repair & Replacement | Safelite Services Locations We're hiring My appointment Get quote,site scrape,NO,,https://www.safelite.com/ | https://www.safelite.com/side-window-replacement | https://www.safelite.com/power-window-repair | https://www.safelite.com/auto-glass-services/other-services/commercial-repair-and-replace
American Unlimited Roofing Yes,http://americanunlimitedroofing.com/,americanunlimitedroofing.com,+1 888-237-9871,,4.2,10,NO,no window installation or repair signal on site,False,,site scrape,NO,,https://americanunlimitedroofing.com/
Kings Sliding Door Yes,http://arizona.kingsslidingdoorrepair.com/,arizona.kingsslidingdoorrepair.com,+1 888-664-5553,,5,26,YES,insulated glass unit work; pane glazing work,False,"ack neatly to one side, creating a wide, open living space. Improve the look of your home DOUBLE PANE GLASS STANDARD GLASS TRIPLE GLASS Find Out How New Doors Can Improve Your Home When inves",site scrape,YES,,https://arizona.kingsslidingdoorrepair.com/ | https://arizona.kingsslidingdoorrepair.com/services/new-sliding-door-installation/ | https://arizona.kingsslidingdoorrepair.com/services/sliding-screen-replacement/ | https://arizona.kingsslidingdoorrepair.com/services/roller-replacement/
Unrated Auto Spa Yes,https://unratedautospa.com/,unratedautospa.com,+1 901-581-1069,,5,58,NO,window tint/film,False,Unrated Auto Spa: Premium Auto Window Tinting & PPF Home Contact Us Services Window Tint PPF Ceramic Coating Paint Correction Dash C,site scrape,NO,,https://unratedautospa.com/ | https://unratedautospa.com/window-tint | https://unratedautospa.com/dash-cam-installation
Ranger Glass and Mirror Yes,http://www.rangerglassandmirror.shop/,rangerglassandmirror.shop,+1 903-423-0536,,4.3,6,YES,"Window installation, window glass repair and replacement",False,"rangerglassandmirror.shop listings — ""full service glass and mirror shop offering residential and commercial services including shower doors, windows, mirrors, storefronts, cabinet glass, and table tops""; services include ""windows installation... glass and window repair services... glass and window ",web research (site unreachable),UNKNOWN,,https://rangerglassandmirror.shop/
Renew Rekindle Yes,https://www.renewrekindle.com/,renewrekindle.com,+1 917-445-5000,,5,2,NO,no window installation or repair signal on site,False,,site scrape,NO,,https://www.renewrekindle.com/ | https://www.renewrekindle.com/services-store | https://www.renewrekindle.com/services-store/p/letstalk | https://www.renewrekindle.com/services-store/p/pickourbrain
Apex Home Improvement Solutions Yes,https://apexatx.com/,apexatx.com,+1 918-946-6815,,5,352,NO,no window installation or repair signal on site,False,,site scrape,NO,,https://www.apexatx.com/
8WS Construction Yes,https://commercialconstructionaustin.com/,commercialconstructionaustin.com,+1 936-298-4902,,5,2,NEEDS_REVIEW,"glass shop or building contractor, window scope unknown",False,,"no site, no research",UNREACHABLE,,
Wally Fixx Yes,https://wallyfixx.com/,wallyfixx.com,+1 945-299-9999,,5,31,NO,no window installation or repair signal on site,False,,site scrape,NO,,https://www.wallyfixx.com/
Skylinq Home Yes,https://www.skylinqhome.com/,skylinqhome.com,+1 945-352-2008,,5,32,YES,named window styles; pane glazing work; window product line; window replacement/installation,False,"ditions Accessibility Copyright © Skylinq Home Crafted with ♥ In Dallas, Texas By Modare Window Replacement in DFW | Skylinq Free estimates on HVAC, roofing & water About Services Roofing HVAC Wate",site scrape,YES,,https://skylinqhome.com/ | https://skylinqhome.com/services/windows | https://skylinqhome.com/services/roofing | https://skylinqhome.com/services/hvac
Pink's Windows Downtown Fort Lauderdale Yes,https://pinkswindows.com/downtown-fort-lauderdale,pinkswindows.com,+1 954-231-2960,,5,91,NO,window cleaning,False,"y. We take pride in our work, no matter the project. Whether we’re cleaning your windows, power washing your walkways, or giving your home a chemical free soft wash, we always make a point o",site scrape,NO,,https://pinkswindows.com/ | https://pinkswindows.com/services/ | https://pinkswindows.com/residential/
Florida Design & Associates Yes,https://floridadesignassociates.com/,floridadesignassociates.com,+1 954-274-7873,,4.9,43,NO,window treatments,False,ates (954) 274-7873 Floridadesign12@gmail.com Facebook Instagram Home Our Products Custom Drapery Custom Window Treatment Motorized Blinds Motorized Shades Motorized Drapery Plantation Sh,site scrape,NO,,https://floridadesignassociates.com/ | https://floridadesignassociates.com/custom-window-treatment/ | https://floridadesignassociates.com/window-blinds/ | https://floridadesignassociates.com/our-products/
RoofPros & Windows Yes,https://www.roofingsst.com/,roofingsst.com,+1 954-302-3753,,4.7,23,YES,installs/replaces windows; replacement windows; window product line; window replacement/installation; windows & doors,False,L 33317 Google Copyright © 2025 Roofpros & Windows. All rights reserved. Privacy Policy Windows and Doors Installation | Get Free Quote Skip to content About Services Commercial Roofing Residential Roofing Ro,site scrape,YES,,https://roofingsst.com/ | https://roofingsst.com/services/windows-doors/ | https://roofingsst.com/services/commercial-roofing/ | https://roofingsst.com/services/residential-roofing/
Amazing Window & Pressure Cleaning Yes,http://www.amazingwindowpressurecleaning.com/,amazingwindowpressurecleaning.com,+1 954-328-3788,,4.9,63,NO,window cleaning,False,"re cleaning Amazing Window & Pressure Cleaning is a South Florida company specializing in window cleaning, pressure cleaning, and roof cleaning for homes and businesses.",site scrape,NO,,https://www.amazingwindowpressurecleaning.com/ | https://www.amazingwindowpressurecleaning.com/services | https://www.amazingwindowpressurecleaning.com/contact
Murphy's Glass and Mirrors LLC Yes,http://www.murphysglass.com/,murphysglass.com,+1 954-336-6822,,4.9,40,NO,no window installation or repair signal on site,False,,site scrape,NO,,https://murphysglass.com/ | https://murphysglass.com/7-presvedcivych-dovodov-preco-je-vegashero-casino-tou-najlepsou-volbou-pre-slovenskych-hracov/
Reliance Window Systems Yes,https://www.reliancewindowsystems.com/,reliancewindowsystems.com,+1 954-393-5646,,4.8,51,YES,window product line; windows & doors,False,Reliance Window Systems | Premium Impact Windows & Doors,site scrape,YES,,https://www.reliancewindowsystems.com/
Pro Auto Glass Solutions Llc Yes,http://www.pagsolutionsllc.com/,pagsolutionsllc.com,+1 954-444-5832,,5,124,NO,vehicle glass only,True,Auto Glass Replacement | Pro Auto Glass Solutions LLC Home About Us Our Services Contact Us Home Abo,site scrape,NO,,https://www.pagsolutionsllc.com/ | https://www.pagsolutionsllc.com/our-services
The Original Frameless Shower Doors - Fort Lauderdale Yes,https://www.framelessshowerdoors.com/local_franchisee/ft-lauderdale/,framelessshowerdoors.com,+1 954-510-9680,,5,83,YES,building glass replacement; insulated glass unit work; pane glazing work,False,cts StayClean® Custom Bathroom Mirrors Painted Glass Backsplash Commercial Glass Residential Glass Services Design Consulting Loyalty Program InstallationEasy® Install and Save Big!,site scrape,YES,,https://www.framelessshowerdoors.com/ | https://www.framelessshowerdoors.com/commercial-glass-walls/ | https://www.framelessshowerdoors.com/residential-glasswork/ | https://www.framelessshowerdoors.com/diy-center/installation-guide/
So Flo Best Price Autoglass Yes,https://autoglassrepairfortlauderdale.com/,autoglassrepairfortlauderdale.com,+1 954-553-6154,,4.7,248,NO,vehicle glass,True,"So Flo Best Price Autoglass Offers Auto Glass Repairs in Fort Lauderdale, FL 33311 (954) 553-6154 HOME ABOUT SERVICES WINDOW REPAIR WIN",site scrape,NO,,https://autoglassrepairfortlauderdale.com/ | https://autoglassrepairfortlauderdale.com/window_repair | https://autoglassrepairfortlauderdale.com/door_glass_replacement | https://autoglassrepairfortlauderdale.com/windshield_replacement
TM Pro Service Yes,http://tmproservice.com/,tmproservice.com,+1 954-734-0257,,5,45,NO,no window installation or repair signal on site,False,,site scrape,NO,,https://tmproservice.com/ | https://tmproservice.com/services | https://tmproservice.com/service-areas | https://tmproservice.com/handyman-services-fort-lauderdale-fl
Smooth Sliders Yes,https://smoothsliders.com/,smoothsliders.com,+1 954-818-9607,,4.9,129,YES,building glass replacement; installs/replaces windows; insulated glass unit work; named window styles; pane glazing work; window product line; window replacement/installation; windows & doors,False,er Youtube Menu HOME Repair & install services Sliding Glass Door Repair And Installation Window Repair and Install Impact Doors And Windows Repair Pocket Door Repair And Installation Closet Bi-Fold Door R,site scrape,YES,,https://smoothsliders.com/ | https://smoothsliders.com/window-repair-and-install/ | https://smoothsliders.com/impact-sliding-door-repairs/ | https://smoothsliders.com/sliding-glass-door-glass-replacement/
Budget Blinds of Fort Lauderdale Yes,https://budgetblinds.com/FortLauderdale/,budgetblinds.com,+1 954-837-0601,,4.9,192,NO,window treatments,False,"Blinds - Custom Blinds, Window Coverings - Budget Blinds Skip to Content Franchise Opportunities",site scrape,NO,,https://www.budgetblinds.com/ | https://www.budgetblinds.com/child-safety/ | https://www.budgetblinds.com/our-products/blinds/ | https://www.budgetblinds.com/our-products/blinds/wood-blinds/
ProLift Garage Doors of Fort Lauderdale Yes,https://www.proliftdoors.com/fort-lauderdale/?utm_campaign=google&utm_medium=organic&utm_source=google_business_profile,proliftdoors.com,+1 954-852-2521,,5,68,NEEDS_REVIEW,insufficient signal,False,,"no site, no research",UNREACHABLE,,
Davie Windows and Custom Doors Yes,http://daviewindows.com/,daviewindows.com,+1 954-873-1980,,5,30,YES,commercial storefront glazing; named window styles; window product line; window replacement/installation; windows & doors,False,* Window Replacement Door Replacement Balcony Enclosure How Many Windows?,site scrape,YES,,https://daviewindows.com/ | https://daviewindows.com/index.php/about-davie-windows/ | https://daviewindows.com/index.php/gallery-2023/ | https://daviewindows.com/index.php/davie-windows-trim/
Affordable Installations Yes,http://www.affordableinstalls.com/,affordableinstalls.com,+1 954-882-9702,,5,45,NEEDS_REVIEW,insufficient signal,False,,"no site, no research",UNREACHABLE,,
Soflo Hurricane Windows and Doors Yes,http://soflohurricane.com/,soflohurricane.com,+1 954-900-9693,,5,5,YES,named window styles; window product line; window replacement/installation; windows & doors,False,A selection of completed impact-window and door installations from South Florida homes.,site scrape,YES,,https://soflohurricane.com/ | https://soflohurricane.com/services/
USA Impact Windows and Doors Yes,https://www.usawindowsanddoors.com/impact-windows-davie/,usawindowsanddoors.com,+1 954-951-4623,,4.3,201,YES,named window styles; window product line; window replacement/installation; windows & doors,False,Get window pricing Call (954) 637-7029 Window styles Every impact window style we install.,site scrape,YES,,https://www.usawindowsanddoors.com/ | https://www.usawindowsanddoors.com/impact-windows.html | https://www.usawindowsanddoors.com/about-us.html
Jon Wright Industries Yes,https://www.jonwrightroofing.com/,jonwrightroofing.com,+1 972-251-1818,,4.7,38,YES,Energy-efficient replacement windows; added windows to their service lines in 1995,False,"'Jon Wright Industries is a roofing contractor offering roofing, window, siding, and solar panel services... a family owned roofing, siding and window contractor serving the Irving, Dallas and Ft. Worth area'; RESNET certification cited for 'energy efficient replacement windows'",web research (site unreachable),UNREACHABLE,,
Morning Dew Window Cleaning Yes,https://morningdewwindowcleaning.jobbersites.com/,morningdewwindowcleaning.jobbersites.com,+1 972-261-6998,,5,0,NO,window cleaning,False,Morning Dew Window Cleaning: Professional Window Washing Services (972) 261-6998 Client Login Get an Estimate Home,site scrape,NO,,https://morningdewwindowcleaning.jobbersites.com/ | https://morningdewwindowcleaning.jobbersites.com/services/services
David Smith Glass Yes,https://www.davidsmithglass.com/,davidsmithglass.com,+1 972-289-4999,,5,0,YES,building glass replacement; commercial storefront glazing; pane glazing work; window replacement/installation,False,"Double Pane & Window Repair Repair or replace fogged, broken, or inefficient windows.",site scrape,YES,,https://davidsmithglass.com/ | https://davidsmithglass.com/projects.php
Windows Heaven Yes,http://windowsheaven.net/,windowsheaven.net,+1 972-332-1133,,5,293,NO,"Window cleaning, gutter cleaning and pressure washing",False,"windowsheaven.net/service/window-cleaning/ and /about-us/ - 'a premier cleaning service provider based in Dallas, specializing in window cleaning, gutter cleaning, and pressure washing'",web research (site unreachable),UNKNOWN,,https://windowsheaven.net/
Jurassic Windows and more LLC Yes,https://www.facebook.com/profile.php?id=61555207653139,facebook.com,+1 972-351-6397,,5,22,YES,Stocks windows and provides framing and installation services including window and door installations,False,"Oak Cliff Building Materials services page: 'Their extensive inventory includes lumber, sheathing, roofing products, windows, and more. They also provide professional framing and installation services, including window and door installations'; sells 'to contractors, builders and homeowners'",web research (site unreachable),UNREACHABLE,,
Lakeside Roofing Co Yes,https://lakesideroofco.com/,lakesideroofco.com,+1 972-365-1216,,5,31,NO,no window installation or repair signal on site,False,,site scrape,NO,YES,https://lakesideroofco.com/ | https://lakesideroofco.com/roof-replacement
My Safe Auto Glass Repair & Replacement Dallas Yes,http://autoglassrepairtx.com/,autoglassrepairtx.com,+1 972-366-5054,,4.9,250,NO,vehicle glass,True,Mobile Auto Glass Repair Dallas Plano McKinney TX 469-789-4106 Skip to content Same Day Mobile Auto Glass R,site scrape,NO,YES,https://autoglassrepairtx.com/ | https://autoglassrepairtx.com/window-replacement-dallas/ | https://autoglassrepairtx.com/auto-glass-replacement-dallas/ | https://autoglassrepairtx.com/roof-glass-replacement/
Planet Glass & Mirror LLC Yes,https://planetglasstx.com/,planetglasstx.com,+1 972-415-1222,,5,5,YES,building glass replacement; commercial storefront glazing; installs/replaces windows; insulated glass unit work; window replacement/installation; windows & doors,False,ote bag bicycle rights cliche twee hashtag pokpo demos tanero lamina sime voti Contact Us Window Replacement Tousled letterpre tote bag bicycle rights cliche twee hashtag pokpo demos tanero lamina s,site scrape,YES,,https://planetglasstx.com/ | https://planetglasstx.com/home-2/ | https://planetglasstx.com/about-us/
Doug Does Windows Yes,https://dougdoeswindows.com/,dougdoeswindows.com,+1 972-423-9454,,4.9,62,NO,"Window cleaning, gutter cleaning and pressure washing",False,"dougdoeswindows.com/window-cleaning/ and /gutter-cleaning/ — 'locally-owned window cleaning, gutter cleaning, and power washing business'; BBB listed as 'Doug Does Windows & Gutter Cleaning'. Excluded: window cleaning/washing only.",web research (site unreachable),UNREACHABLE,,
Brennan Enterprises Yes,https://www.brennancorp.com/?utm_source=google&utm_medium=organic&utm_campaign=gmb&utm_term=dallas,brennancorp.com,+1 972-619-9281,,0,0,YES,installs/replaces windows; insulated glass unit work; named window styles; replacement windows; window product line; window replacement/installation; windows & doors,False,atio Doors French (Hinged) Doors Pivot Doors Front Doors View All Exterior Doors Services Window Replacement Exterior Door Replacement Design-Build Windows & Doors New Construction Supply Windows &,site scrape,YES,,https://brennancorp.com/ | https://brennancorp.com/services/window-replacement | https://brennancorp.com/windows/brands/andersen-windows-and-doors/ | https://brennancorp.com/windows/brands/brennan-windows/
North Star Glass LLC Yes,https://www.northstarglasstexas.com/,northstarglasstexas.com,+1 972-639-7196,,5,12,YES,"Window glass replacement — single and double pane; patio door and French door glass/hardware; screens (plus shower doors, mirrors, table tops)",False,"northstarglasstexas.com homepage title 'North Star Glass - Shower Doors, Shower Glass, Single Pane, Double [Pane]'; services listed include 'window glass (double pane and single)', 'patio doors', 'French doors'. Google review: 'AMAZING EXPERIENCE with North Star Glass for our windows and sliding doo",web research (site unreachable),UNREACHABLE,,
Acme Glass and Tinting Yes,https://911window.com/,911window.com,+1 972-677-7172,,4.5,49,YES,installs/replaces windows; pane glazing work; replacement windows; window product line; window replacement/installation,False,installation service Skip to content Home Services About Blog Contact Professional Window Installation and Repairs ACME Glass & Tinting has been serving customers in the Dallas/Ft.,site scrape,YES,,https://911window.com/ | https://911window.com/services/ | https://911window.com/about/
POLAR CLEAR GLASS REPAIR Yes,http://polarclearwindows.com/,polarclearwindows.com,+1 972-765-5762,,4.8,544,YES,installs/replaces windows; insulated glass unit work; pane glazing work; replacement windows; window product line; window replacement/installation,False,ston Dallas Forth-Worth I need help with Broken Glass Foggy Glass Window Replacement Window Repair Window Services Type of Frame Vinyl (Recommended) Aluminum What do you prioritize?,site scrape,YES,,https://www.polarclearwindows.com/ | https://www.polarclearwindows.com/service/window-replacement | https://www.polarclearwindows.com/service/window-services | https://www.polarclearwindows.com/service/window-repair
DTX Handyman Services Yes,https://www.dtxhandymanservices.com/,dtxhandymanservices.com,+1 972-813-9474,,4.8,81,YES,installs/replaces windows; replacement windows; window replacement/installation,False,"light fixture installation, smart home setup, faucet replacement, toilet repair, door and window repair, fence repair, painting, carpentry, flooring, tile work, power washing, dryer vent cleani",site scrape,YES,YES,https://www.dtxhandymanservices.com/ | https://www.dtxhandymanservices.com/services.html | https://www.dtxhandymanservices.com/service-areas.html | https://www.dtxhandymanservices.com/same-day-handyman-dallas.html
DFW Window Tinting Yes,https://dfwwindowtinting.com/,dfwwindowtinting.com,+1 972-846-8464,,5,40,YES,commercial storefront glazing; installs/replaces windows; insulated glass unit work; pane glazing work; window replacement/installation,False,972-TINTING Free Estimate 972-846-8464 DFW Window Tinting Residential and commercial window film installation across Dallas-Fort Worth.,site scrape,YES,YES,https://dfwwindowtinting.com/ | https://dfwwindowtinting.com/residential | https://dfwwindowtinting.com/commercial | https://dfwwindowtinting.com/service-areas
Ocean Glass DFW Yes,https://www.oceanglassdfw.com/,oceanglassdfw.com,+1 972-854-3425,,5,47,YES,"New vinyl window installation, window repair, storefront glass",False,"oceanglassdfw.com/services - 'new vinyl windows, window repair, storefronts, door closers, frameless showers, mirror walls, tabletops, patio glass walls, solar screens'; 'services ranging from residential, commercial, and 24/7'",web research (site unreachable),UNREACHABLE,,
Pink's Windows Frisco - Plano Yes,https://pinkswindows.com/frisco-plano,pinkswindows.com,+1 972-884-5462,,5,52,NO,window cleaning,False,"y. We take pride in our work, no matter the project. Whether we’re cleaning your windows, power washing your walkways, or giving your home a chemical free soft wash, we always make a point o",site scrape,NO,,https://pinkswindows.com/ | https://pinkswindows.com/services/ | https://pinkswindows.com/residential/
Allied Exteriors Yes,https://alliedexteriors.com/,alliedexteriors.com,+1 972-888-9988,,4.4,174,YES,installs/replaces windows; insulated glass unit work; named window styles; replacement windows; window product line; window replacement/installation,False,Replacement Windows Thinking about replacing your windows?,site scrape,YES,,https://alliedexteriors.com/ | https://alliedexteriors.com/services/windows | https://alliedexteriors.com/pricing/windows/
DFW Glass Mart Yes,http://dfwglassmart.com/,dfwglassmart.com,+1 972-900-3117,,5,110,YES,building glass replacement; insulated glass unit work; pane glazing work; window product line; window replacement/installation,True,"Whether you need a fast windshield replacement , a reliable car window repair, or custom home glass solutions , we’ve got you covered.",site scrape,YES,,https://dfwglassmart.com/ | https://dfwglassmart.com/residential | https://dfwglassmart.com/auto
Lazy Dog Window Washing Yes,http://lazydogwindows.com/,lazydogwindows.com,+1 972-900-5817,,5,19,NO,window cleaning,False,Commercial & Post-Construction Window Cleaning.,site scrape,NO,,https://lazydogwindows.com/ | https://lazydogwindows.com/commercial-post-construction-window-cleaning-dallas | https://lazydogwindows.com/luxury-estate-window-cleaning-dallas
Dallas Glass and Auto Yes,http://dallasglassandauto.com/,dallasglassandauto.com,+1 972-900-7194,,5,95,YES,building glass replacement; pane glazing work; window replacement/installation,True,We provide hassle-free solutions to make window replacement affordable.,site scrape,YES,,https://dallasglassandauto.com/ | https://dallasglassandauto.com/residential | https://dallasglassandauto.com/auto
Glass Replacement Pros Yes,http://glassreplacementpros.com/,glassreplacementpros.com,+1 972-900-7559,,5,10,YES,building glass replacement; installs/replaces windows; insulated glass unit work; pane glazing work; replacement windows; window product line; window replacement/installation,True,"on for delivering top-quality glass solutions with no hidden fees. Whether you need a car window repair, a home window replacement, or custom glass installation, we are the go-to glass speciali",site scrape,YES,,https://glassreplacementpros.com/ | https://glassreplacementpros.com/residential | https://glassreplacementpros.com/auto
Camey Xteriors Yes,http://www.cameyxteriors.com/,cameyxteriors.com,+1 972-900-8969,,5,0,YES,pane glazing work; window product line; window replacement/installation,False,ntact Us More Home Windows Screens Glass Contact Us Home Windows Screens Glass Contact Us Windows Installation Installation Installation Upgrade your home with brand new windows.,site scrape,YES,,https://cameyxteriors.com/ | https://cameyxteriors.com/windows | https://cameyxteriors.com/glass
921 Roof Yes,https://www.921roof.com/,921roof.com,+1 972-921-7663,,5,18,YES,window product line,False,"] In the end, we got beautiful Class 4 impact-resistant shingles, upgraded gutters, new windows, and fresh paint and stain with very little out-of-pocket cost.",site scrape,LIKELY,,https://www.921roof.com/ | https://www.921roof.com/commercial-roof-replacement | https://www.921roof.com/services | https://www.921roof.com/roof-replacement
The Window Connection Yes,https://dallaswindows.com/,dallaswindows.com,+1 972-951-6120,,5,69,YES,installs/replaces windows; insulated glass unit work; named window styles; pane glazing work; replacement windows; window product line; window replacement/installation; windows & doors,False,Window Connection Replacement Windows Dallas The Window Connection Replacement Windows Dallas Home Mission About Us Fou,site scrape,YES,,https://dallaswindows.com/ | https://dallaswindows.com/replacement-windows.htm | https://dallaswindows.com/bay-window-bow-window-replacement.htm | https://dallaswindows.com/vinyl-replacement-windows-coppell.html
GlassLogic Windshield Repair Yes,https://www.glasslogicwindshieldrepair.com/,glasslogicwindshieldrepair.com,+1 972-983-8571,,4.8,327,NO,vehicle glass,True,Dallas TX Windshield Replacement | Auto Glass Repair | Car Windows Home About Services Windshield Repair Auto,site scrape,NO,,https://glasslogicwindshieldrepair.com/ | https://glasslogicwindshieldrepair.com/car-window-replacement/ | https://glasslogicwindshieldrepair.com/back-glass-replacement/
Model Glass & Shower Doors Yes,https://modelglassatx.com/?utm_source=google&utm_medium=organic&utm_campaign=gbp,modelglassatx.com,+1 979-587-2334,,5,59,YES,building glass replacement; commercial storefront glazing; installs/replaces windows; insulated glass unit work; named window styles; pane glazing work; window product line; window replacement/installation,False,"clarity, strength, and energy efficiency for both residential and commercial properties. Windows We install high-quality windows that enhance insulation, improve natural light, and add long-lasting",site scrape,YES,,https://modelglassatx.com/ | https://modelglassatx.com/window-replacement-new-window-installation-in-austin/ | https://modelglassatx.com/window-glass/ | https://modelglassatx.com/windows/
Zen Windows Austin Yes,https://zenwindows.com/?utm_source=google&utm_medium=organic&utm_campaign=maps_austin,zenwindows.com,+1 512-647-1707,"1 Chisholm Trail Rd Ste 450, Round Rock, TX 78681, United States",4.7,33,YES,installs/replaces windows; insulated glass unit work; named window styles; pane glazing work; replacement windows; window product line; window replacement/installation; windows & doors,False,Window Replacement Services Nationwide | Zen Windows Skip to content Contact us at: (877) 583-0423 ✕ Windows,site scrape,YES,,https://zenwindows.com/ | https://zenwindows.com/windows/window-installation/ | https://zenwindows.com/windows/window-replacement/ | https://zenwindows.com/windows/window-replacement/vinyl/
Blake Construction Blake Construction Yes,http://www.blake-construction.com/contact-us/,blake-construction.com,+1 214-563-5035,"100 S Glasgow Dr, Dallas, TX 75214, United States",5,5017,YES,window product line; window replacement/installation,False,"and all tile, marble, and natural stone work Custom trim, doors and millwork Custom wood window repair Any mechanical problems.",site scrape,YES,,https://blake-construction.com/ | https://blake-construction.com/services/ | https://blake-construction.com/portfolio_category/residential/
Together Exterior & Outdoor Remodeling Yes,https://together-exterior.com/,together-exterior.com,"1000 E 50th St C, Austin, TX 78751, United States","1000 E 50th St C, Austin, TX 78751, United States",5,38,YES,commercial storefront glazing; installs/replaces windows; named window styles; replacement windows; window product line; window replacement/installation,False,this form. Email Full Name Full Name * Email * Phone * Submit Get Your Free Estimate x Window Replacement - Together Exterior & Outdoor Skip to content Home About Services ADU Pools windows patio,site scrape,YES,,https://together-exterior.com/ | https://together-exterior.com/windows/ | https://together-exterior.com/services/ | https://together-exterior.com/commercial-exterior-maintenance-improvements/
Sutton Roofing Yes,https://www.suttonroofinginc.com/?utm_source=google&utm_medium=organic&utm_campaign=gbp-listing,suttonroofinginc.com,"10012 Old Lockhart Rd Ste 5A, Austin, TX 78747, United States","10012 Old Lockhart Rd Ste 5A, Austin, TX 78747, United States",5,76,NO,no window installation or repair signal on site,False,,site scrape,NO,,https://www.suttonroofinginc.com/ | https://www.suttonroofinginc.com/residential | https://www.suttonroofinginc.com/commercial | https://www.suttonroofinginc.com/our-services
Proline Services Yes,https://www.prolinecentral.com/,prolinecentral.com,"10012 Old Lockhart Rd, Austin, TX 78747, United States","10012 Old Lockhart Rd, Austin, TX 78747, United States",4.3,23,NO,window cleaning,False,About Services Asphalt Sealcoating Parking Lot Striping Waterproofing & Coatings Roofing Power Washing & Restoration Concrete Paving & Repairs Wheel Stop & Bollard Installation Contact Requ,site scrape,NO,,https://www.prolinecentral.com/ | https://www.prolinecentral.com/wheelstopbollardinstallcentraltexas | https://www.prolinecentral.com/services-1 | https://www.prolinecentral.com/wheelstopbollardinstallcentraltexas-1
Bert Roofing Inc. Yes,https://bertroofing.com/?utm_campaign=gmb,bertroofing.com,"10021 Cayuga Dr, Dallas, TX 75228, United States","10021 Cayuga Dr, Dallas, TX 75228, United States",4.8,136,YES,insulated glass unit work,False,"No ""we will figure it out"" lines.",site scrape,YES,,https://bertroofing.com/ | https://bertroofing.com/service/roof-replacement/ | https://bertroofing.com/services/ | https://bertroofing.com/service/insulation/
D & K Contracting Yes,https://dkcontracting.pro/,dkcontracting.pro,"10029 Cayuga Dr, Dallas, TX 75228, United States","10029 Cayuga Dr, Dallas, TX 75228, United States",5,38,NO,no window installation or repair signal on site,False,,site scrape,NO,YES,https://dkcontracting.pro/ | https://dkcontracting.pro/dairy-queen-commercial-roofing-project-tpo-installation/ | https://dkcontracting.pro/wp-content/uploads/5.-flat-tpo-residential-scaled.jpeg
Top Choice Lawn Care Yes,http://www.topchoiceaustin.com/,topchoiceaustin.com,"10081 Schmidt Ln, Austin, TX 78737, United States","10081 Schmidt Ln, Austin, TX 78737, United States",4.8,631,YES,insulated glass unit work,False,"-=� n���wj)�J ��R(XtUf�D5nԒ � �@���� �&� H�B�l""�D�h�O����q۠H�:=⑕�ei 0� �C݀�,���Iguʀ��bR-�4��M��àfa�Ҍ%�A�4��ݙ�FF�ȳ?",site scrape,YES,,https://www.topchoiceaustin.com/ | https://www.topchoiceaustin.com/landscaping-products/ | https://www.topchoiceaustin.com/wp-content/uploads/Service-area-2024.jpg
TC Paint Protection film - Distribution & Training Center Yes,https://tcfilmprotection.com/,tcfilmprotection.com,"1009 Ranch Rd 620 N Unit 610, Lakeway, TX 78734, United States","1009 Ranch Rd 620 N Unit 610, Lakeway, TX 78734, United States",5,4,YES,window product line,True,Opens in a new window.,site scrape,LIKELY,,https://tcfilmprotection.com/ | https://tcfilmprotection.com/collections/pre-cuts | https://tcfilmprotection.com/products/tc-cutpro-software | https://tcfilmprotection.com/products/tc-clarity-series-gloss
Grand Openings Luxury Windows & Doors - Austin Yes,http://www.grandopenings.com/,grandopenings.com,"1009 W 6th St #140, Austin, TX 78703, United States","1009 W 6th St #140, Austin, TX 78703, United States",2.7,7,YES,named window styles; window product line; windows & doors,False,"Series was designed for versatility and durability. It can mimic the traditional style of wood windows and doors with a warm wood interior and intricate exterior trim details, or it can meet m",site scrape,YES,,https://grandopenings.com/ | https://grandopenings.com/products/western-window-systems/ | https://grandopenings.com/products/kolbe-windows-doors/ | https://grandopenings.com/products/
We are Sliding Door Repair Yes,https://slidingdoorsrepairfl.com/,slidingdoorsrepairfl.com,+1 954-412-0101,"101 NE 3rd Ave #1500, Fort Lauderdale, FL 33301, United States",5,43,YES,named window styles,False,Casement Windows 02 Suspendisse blandit.,site scrape,LIKELY,,https://slidingdoorsrepairfl.com/ | https://slidingdoorsrepairfl.com/services/ | https://slidingdoorsrepairfl.com/sliding-door-glass-repair/
In Home Assister Yes,http://www.inhomeassister.com/,inhomeassister.com,+1 754-247-6518,"101 NE 3rd Ave #1566, Fort Lauderdale, FL 33301, United States",4.6,13,NEEDS_REVIEW,insufficient signal,False,,"no site, no research",UNREACHABLE,,
Urgent Foundation Repair LLC. Yes,https://www.urgentfoundationrepairtx.com/,urgentfoundationrepairtx.com,"1016 701 Tillery St #12, Austin, TX 78702, United States","1016 701 Tillery St #12, Austin, TX 78702, United States",5,21,NO,no window installation or repair signal on site,False,,site scrape,NO,,https://urgentfoundationrepairtx.com/ | https://urgentfoundationrepairtx.com/services | https://urgentfoundationrepairtx.com/foundation-repair-services-benbrook-tx | https://urgentfoundationrepairtx.com/gutter-installation-benbrook-tx
A & D Window Cleaning & Window Repair Yes,https://aanddwindows.com/,aanddwindows.com,"1017 Ranch Rd 620 S #210, Lakeway, TX 78734, United States","1017 Ranch Rd 620 S #210, Lakeway, TX 78734, United States",4.6,58,YES,broken window glass; commercial storefront glazing; installs/replaces windows; insulated glass unit work; named window styles; pane glazing work; replacement windows; window product line; window replacement/installation,False,"Expert Window Cleaning & Repair Services | A&D Austin, TX Window Repair Window Cleaning Window Replacement Screen Replacement Contact Window Cleaning & Window Re",site scrape,YES,,https://aanddwindows.com/ | https://aanddwindows.com/window-replacement | https://aanddwindows.com/window-repair | https://aanddwindows.com/window-cleaning
Austin Glass Guys Yes,http://austinglassguys.com/,austinglassguys.com,"1017 Ranch Rd 620 S #210, Lakeway, TX 78734, United States","1017 Ranch Rd 620 S #210, Lakeway, TX 78734, United States",5,6,NEEDS_REVIEW,"glass shop or building contractor, window scope unknown",False,,"no site, no research",UNKNOWN,,https://austinglassguys.com/
Bedrock Foundation Repair LLC Yes,https://bedrockfoundationrepair.com/,bedrockfoundationrepair.com,"1018 Fletcher St, Dallas, TX 75223, United States","1018 Fletcher St, Dallas, TX 75223, United States",4.3,131,NO,no window installation or repair signal on site,False,,site scrape,NO,,https://bedrockfoundationrepair.com/ | https://bedrockfoundationrepair.com/foundation-repair-services/ | https://bedrockfoundationrepair.com/services/ | https://bedrockfoundationrepair.com/foundation-structural-engineers-dallas-tx/
Bloomin' Blinds of North Austin Yes,https://www.bloominblindsnorthaustin.com/?utm_source=GMB&utm_medium=organic&utm_campaign=pflugerville,bloominblindsnorthaustin.com,"1019 S Heatherwilde Blvd Unit 140, Pflugerville, TX 78660, United States","1019 S Heatherwilde Blvd Unit 140, Pflugerville, TX 78660, United States",4.9,523,NO,window treatments,False,"Blinds, Shades & Shutter Installation Near North Austin – Bloomin' Blinds Blinds, Shades & Shutt",site scrape,NO,,https://www.bloominblinds.com/northaustin/ | https://www.bloominblinds.com/product-category/solutions-for-every-window/ | https://www.bloominblinds.com/window-visualizer/ | https://www.bloominblinds.com/shop-our-products/
JC'S WINDOW TINT & CAR AUDIO Yes,https://www.jcswindowtint.net/,jcswindowtint.net,"10200 N Lamar Blvd Ste. 202, Austin, TX 78753, United States","10200 N Lamar Blvd Ste. 202, Austin, TX 78753, United States",4.7,344,NO,window tint/film,True,a Free Quote (512) 299-7027 Home About Services Gallery Contact Blog FAQ Welcome to JC's Window Tint & Car Audio Message us on WhatsApp BEAT THE TEXAS HEAT Premium Window Tinting for Style &,site scrape,NO,,https://jcswindowtint.net/ | https://jcswindowtint.net/services-3/ | https://jcswindowtint.net/backup-camera-installation-austin-tx/ | https://jcswindowtint.net/car-alarm-installation-austin-tx/
R. Patrick Carroll III Circle C Handyman Services Yes,https://www.im-handy-af.com/,im-handy-af.com,"10212 Cama Valley Cove, Austin, TX 78739, United States","10212 Cama Valley Cove, Austin, TX 78739, United States",5,19,YES,insulated glass unit work,False,I’ve always been committed to figuring out how things work and solving the problems that people have every day.,site scrape,YES,,https://www.im-handy-af.com/
WINDOW TINT PORALIZADO EXPRESS CERAMIC Yes,https://expresswindowtint.company.site/,expresswindowtint.company.site,"10222 Harry Hines Blvd, Dallas, TX 75220, United States","10222 Harry Hines Blvd, Dallas, TX 75220, United States",4.6,444,NO,Window tint / film application (automotive plus buildings),False,"Listing for expresswindowtint.company.site - 'a trusted destination in Dallas for high-quality automotive window tinting services... quality window tinting for vehicles, boats, RVs, houses, apartments, and offices'. Film application only, no window installation or replacement",web research (site unreachable),UNKNOWN,,https://expresswindowtint.company.site/
Mr. Home Remodel Yes,http://www.mrhomeremodel.com/,mrhomeremodel.com,"10228 E NW Hwy #1071, Dallas, TX 75238, United States","10228 E NW Hwy #1071, Dallas, TX 75238, United States",5,35,NO,no window installation or repair signal on site,False,,site scrape,NO,,https://mrhomeremodel.com/ | https://mrhomeremodel.com/services/ | https://mrhomeremodel.com/exteriors/exterior-siding-install/ | https://mrhomeremodel.com/outdoor-living/outdoor-fireplace/
New Image Autosports & Window Tint Yes,https://newimageautosports.com/service-areas/dallas-garland-rd-tx/,newimageautosports.com,"10236 Garland Rd, Dallas, TX 75218, United States","10236 Garland Rd, Dallas, TX 75218, United States",5,136,NO,window cleaning; window tint/film,True,"ap with precision — cutting edges cleanly, wrapping panels fully, and using heat guns and squeegees to achieve a smooth, bubble-free finish on every surface.",site scrape,NO,,https://newimageautosports.com/ | https://newimageautosports.com/services/window-tint/ | https://newimageautosports.com/services/ | https://newimageautosports.com/service-areas/
Southwest Door & Window Yes,https://southwestdw.com/?utm_source=google&utm_medium=organic&utm_campaign=gbp-dallas&utm_id=local&utm_content=dallas,southwestdw.com,"10255 Miller Rd, Dallas, TX 75238, United States","10255 Miller Rd, Dallas, TX 75238, United States",4.2,68,YES,"Exterior window installation and replacement (vinyl and aluminum windows) plus entry and patio doors, for builders and homeowners",False,"southwestdw.com/replacement-windows-dallas-tx/ 'Replacement Windows in Dallas, TX - Window Contractor'; 'specializes in exterior window and door installation'",web research (site unreachable),UNKNOWN,,https://southwestdw.com/
Spaulding Decon Austin Yes,https://www.spauldingdecon.com/city/austin-tx?utm_source=gmb&utm_medium=organic&utm_campaign=gmb-listing,spauldingdecon.com,"1029 Reinli St Bldg 109, Austin, TX 78723, United States","1029 Reinli St Bldg 109, Austin, TX 78723, United States",5,30,NO,no window installation or repair signal on site,False,,site scrape,NO,,https://www.spauldingdecon.com/ | https://www.spauldingdecon.com/commercial-services | https://www.spauldingdecon.com/services
Windshield Go Yes,https://windshieldgo.com/our-locations/auto-glass-dallas-tx/,windshieldgo.com,"10300 N Central Expy #293, Dallas, TX 75231, United States","10300 N Central Expy #293, Dallas, TX 75231, United States",5,16,NO,vehicle glass,True,Professional Windshield Replacement & Auto Glass Service Skip to content Home About Us Services Windshield Repair,site scrape,NO,,https://windshieldgo.com/ | https://windshieldgo.com/driver-and-passenger-window-glass-replacement/ | https://windshieldgo.com/back-glass-replacement/ | https://windshieldgo.com/windshield-replacement/
Prius World of Austin LLC Yes,http://priusworldofaustin.com/,priusworldofaustin.com,"10309 S Hwy 183, Austin, TX 78747, United States","10309 S Hwy 183, Austin, TX 78747, United States",4.9,235,NEEDS_REVIEW,insufficient signal,False,,"no site, no research",UNREACHABLE,,
Active Austin Handyman Yes,http://activeaustinhandyman.com/,activeaustinhandyman.com,"10320 Boulder Ln, Austin, TX 78726, United States","10320 Boulder Ln, Austin, TX 78726, United States",5,16,YES,window product line,False,Opens in a new window.,site scrape,LIKELY,,https://activeaustinhandyman.com/
Mighty Handy Inc Yes,https://www.mightyhandyinc.com/,mightyhandyinc.com,"1033 E 43rd St, Austin, TX 78751, United States","1033 E 43rd St, Austin, TX 78751, United States",4.7,4738,NO,no window installation or repair signal on site,False,,site scrape,NO,,https://expireddomains.com/domain/mightyhandyinc.com?utm_source=redi
Revive & Renew Remodeling LLC Yes,https://rr-remo.com/,rr-remo.com,"10420 Plano Rd Ste 110, Dallas, TX 75238, United States","10420 Plano Rd Ste 110, Dallas, TX 75238, United States",5,28,NO,no window installation or repair signal on site,False,,site scrape,NO,,https://rr-remo.com/ | https://rr-remo.com/services/
Full Color Cleaners Yes,https://fullcolorcleaners.com/?utm_source=google&utm_medium=organic&utm_campaign=google_business_profile,fullcolorcleaners.com,"1044 Camino La Costa Ste 2102, Austin, TX 78752, United States","1044 Camino La Costa Ste 2102, Austin, TX 78752, United States",5,351,NEEDS_REVIEW,insufficient signal,False,,"no site, no research",UNKNOWN,,https://fullcolorcleaners.com/
Ideal Siding Dallas Yes,https://idealsiding.com/us/locations/siding-dallas/,idealsiding.com,"10440 N Central Expy #800, Dallas, TX 75231, United States","10440 N Central Expy #800, Dallas, TX 75231, United States",4.9,51,NO,window cleaning,False,al Siding Painting Metal Siding Blog Siding Vinyl Painting Vinyl Siding Blog Siding Vinyl Power Washing Vinyl Siding Aluminum Blog Siding Removing and Reinstalling Aluminum Siding Blog Sidin,site scrape,NO,,https://idealsiding.com/ | https://idealsiding.com/fiberglass/ | https://idealsiding.com/replacement/
Special Truck and Auto Salvage Yes,http://www.specialautosalvage.com/,specialautosalvage.com,"10462 FM812, Austin, TX 78719, United States","10462 FM812, Austin, TX 78719, United States",4.1,491,NO,no window installation or repair signal on site,False,,site scrape,NO,,https://www.specialautosalvage.com/ | https://www.specialautosalvage.com/services
Tint City and Wraps Yes,https://tintcityandwraps.com/,tintcityandwraps.com,"1050 W Commercial Blvd, Fort Lauderdale, FL 33309, United States","1050 W Commercial Blvd, Fort Lauderdale, FL 33309, United States",4.9,900,NO,window tint/film; window treatments,True,"Premium Car Wraps, Window Tint & PPF | Fort Lauderdale FL 0 Skip to Content Home Car Wraps PPF Window Tint About Blog Mo",site scrape,NO,,https://www.tintcityandwraps.com/ | https://www.tintcityandwraps.com/residential-window-tint | https://www.tintcityandwraps.com/commercial-window-tint | https://www.tintcityandwraps.com/window-tint
Graphics Guys Yes,https://graphicsguys.com/,graphicsguys.com,"10509 Circle Dr #1310, Austin, TX 78736, United States","10509 Circle Dr #1310, Austin, TX 78736, United States",4.7,112,NO,no window installation or repair signal on site,False,,site scrape,NO,,https://graphicsguys.com/ | https://graphicsguys.com/services/
Frameless Glass Company Yes,https://framelessglasstx.com/?utm_source=gmb&utm_medium=referral,framelessglasstx.com,"10509 Circle Dr, Austin, TX 78736, United States","10509 Circle Dr, Austin, TX 78736, United States",4.9,329,NEEDS_REVIEW,"glass shop or building contractor, window scope unknown",False,,"no site, no research",UNKNOWN,,https://framelessglasstx.com/
Alamo Glass & Mirror Yes,https://www.alamoglassco.com/,alamoglassco.com,"10510 Olympic Dr, Dallas, TX 75220, United States","10510 Olympic Dr, Dallas, TX 75220, United States",3.9,38,YES,commercial storefront glazing; installs/replaces windows; replacement windows; window replacement/installation,False,ast Name Email Address Phone Number What products/services are you interested in? Mirrors Window Glass Replacement Storefront Replacement Windows Shower Doors Table Tops Cabinet Glass Other Products/Servi,site scrape,YES,,https://www.alamoglassco.com/ | https://www.alamoglassco.com/products-services/ | https://www.alamoglassco.com/residential-gallery.html | https://www.alamoglassco.com/commercial-gallery.html
Low Price Auto Glass of South Austin Yes,http://www.lpagatx.com/,lpagatx.com,"10516 Menchaca Rd Ste 200, Austin, TX 78748, United States","10516 Menchaca Rd Ste 200, Austin, TX 78748, United States",4.8,276,NO,vehicle glass,True,Low Price Auto Glass | Low Price Auto Glass of South Austin Home Services Portfolio Reviews About Us Contact S,site scrape,NO,,https://lpagatx.com/ | https://lpagatx.com/services/
Scott Roofing & Exteriors Yes,https://www.scottexteriors.com/,scottexteriors.com,"10561 New Church Rd, Dallas, TX 75238, United States","10561 New Church Rd, Dallas, TX 75238, United States",4.4,95,YES,installs/replaces windows; replacement windows; window product line; window replacement/installation,False,Vinyl Siding Fiber Cement Wood Siding Repairs & Replacement Windows Energy-efficient window installation and replacement to improve comfort and reduce energy costs.,site scrape,YES,,https://scottexteriors.com/ | https://scottexteriors.com/windows/ | https://scottexteriors.com/scotexterior/windows/ | https://scottexteriors.com/residential-roofing/
Castle Contracting Yes,http://www.castleexteriors.net/?utm_source=Google&utm_medium=Organic&utm_campaign=GBP,castleexteriors.net,"10565 Product Dr Ste A1, Machesney Park, IL 61115, United States","10565 Product Dr Ste A1, Machesney Park, IL 61115, United States",4.9,155,YES,named window styles; window product line; window replacement/installation; windows & doors,False,ES) Powered by Instant Roofer HOME SERVICES Residential Roofing Commercial Roofing Egress Windows Install Gutters & Downspouts Residential Siding Solar Roofing Energy Savings Decks & Patios New C,site scrape,YES,,https://castleexteriors.net/ | https://castleexteriors.net/egress-window-install | https://castleexteriors.net/basement-window-rockford-il | https://castleexteriors.net/residential-roofing
Chenault window services Yes,https://chenaultswindowservices.net/,chenaultswindowservices.net,"10605 Boomer Cir #107, Dallas, TX 75238, United States","10605 Boomer Cir #107, Dallas, TX 75238, United States",4.1,29,YES,installs/replaces windows; insulated glass unit work; replacement windows; window product line; window replacement/installation; windows & doors,False,"Chenault’s Window Services — Window installations, glass replacements, skylights, doors, screens & more.",site scrape,YES,,https://chenaultswindowservices.net/ | https://chenaultswindowservices.net/products/ | https://chenaultswindowservices.net/about/
Top Notch Window Cleaning Yes,http://chimneycleaning.store/,chimneycleaning.store,"10701 I-35 #2015, Austin, TX 78747, United States","10701 I-35 #2015, Austin, TX 78747, United States",5,0,NO,window cleaning/washing,False,,name/review keywords,UNREACHABLE,,
All Pro Windows and Doors Yes,http://www.allprowindowsanddoors.com/,allprowindowsanddoors.com,"1071 NW 53rd St, Fort Lauderdale, FL 33309, United States","1071 NW 53rd St, Fort Lauderdale, FL 33309, United States",3.5,17,YES,window product line; window replacement/installation; windows & doors,False,get only the best services when you hire All Pro Windows & Doors to work on your door and window installations.,site scrape,YES,,https://allprowindowsanddoors.com/ | https://allprowindowsanddoors.com/window-door-services/ | https://allprowindowsanddoors.com/impact-nonimpact-windows-doors/ | https://allprowindowsanddoors.com/fiberglass-entry-doors/
Solaris Window Tinting Yes,http://solaristinting.com/,solaristinting.com,"10713 N FM 620 Bldg E Ste 525, Austin, TX 78726, United States","10713 N FM 620 Bldg E Ste 525, Austin, TX 78726, United States",4.9,33,NO,window tint/film,False,"Window Tinting Austin | Solaris Window Tinting | Greater Austin Area top of page Austin, TX * 512.",site scrape,NO,,https://www.solaristinting.com/ | https://www.solaristinting.com/residential-decorative | https://www.solaristinting.com/commercial
Pro Car Audio Yes,http://www.procaraudio.com/,procaraudio.com,"10715 N Lamar Blvd, Austin, TX 78753, United States","10715 N Lamar Blvd, Austin, TX 78753, United States",4.9,615,NO,no window installation or repair signal on site,False,,site scrape,NO,,https://www.procaraudio.com/ | https://www.procaraudio.com/featured-installs.html | https://www.procaraudio.com/other-installs.html
Bold Roofing - DFW's Best Roofing Contractor Yes,https://boldroofing.com/,boldroofing.com,"10720 Miller Rd #303, Dallas, TX 75238, United States","10720 Miller Rd #303, Dallas, TX 75238, United States",4.7,623,YES,window replacement/installation,False,"in the area. Fully licensed and known for our reliability, we specialize in: Roof Gutters Windows Sheetrock Painting Repair Fence Windows Shutters Stain New fence Replacement Chimney repairs to include after-damag",site scrape,YES,,https://boldroofing.com/ | https://boldroofing.com/roofing-and-gutter-installations/ | https://boldroofing.com/roof-replacements-and-repairs/ | https://boldroofing.com/commercial-roofing/
Low Price Auto Glass North Lamar Yes,https://www.lpagnl.com/,lpagnl.com,"10720 N Lamar Blvd, Austin, TX 78753, United States","10720 N Lamar Blvd, Austin, TX 78753, United States",4.8,397,NEEDS_REVIEW,"auto-glass name, but may also do building glass — must verify",False,,"no site, no research",UNREACHABLE,,
A.M Windows And Doors Yes,https://amwindowsandoors.com/,amwindowsandoors.com,"10749 Cleary Blvd, Plantation, FL 33324, United States","10749 Cleary Blvd, Plantation, FL 33324, United States",4.6,174,YES,named window styles; window product line; window replacement/installation; windows & doors,False,FREE ESTIMATES and Permit assistance available. REQUEST A FREE QUOTE Professional Impact Windows and Doors Installation in South Florida Protect your home with high-quality impact windows and doors designed to,site scrape,YES,,https://amwindowsandoors.com/ | https://amwindowsandoors.com/2177-2/ | https://amwindowsandoors.com/about-us/
Piper-Weatherford Co Yes,http://www.piperweatherford.com/,piperweatherford.com,"10755 Rockwall Rd, Dallas, TX 75238, United States","10755 Rockwall Rd, Dallas, TX 75238, United States",5,13,NO,"Commercial architectural hardware, hollow metal and wood door/frame distributor",False,"piperweatherford.com/products.html: 'installation, sales, & service of commercial grade architectural hardware, hollow metal doors and frames, bathroom accessories, wood doors and frames, and specialty building products'. Doors and hardware only — no windows or glazing in the product list",web research (site unreachable),UNREACHABLE,,
Texas AirZone LLC Yes,https://www.texasairzone.com/?utm_source=Google&utm_medium=GBP&utm_campaign=Organic_GBP_TAZ,texasairzone.com,"10763 Mapleridge Dr, Dallas, TX 75238, United States","10763 Mapleridge Dr, Dallas, TX 75238, United States",4.9,892,NO,no window installation or repair signal on site,False,,site scrape,NO,,https://www.texasairzone.com/ | https://www.texasairzone.com/service-areas | https://www.texasairzone.com/catalog/bespoke-services | https://www.texasairzone.com/service-areas/highland-park
First Floors Carpet One Floor & Home Yes,https://www.ffc1.com/?utm_source=google&utm_medium=organic&utm_campaign=gbp-listing&utm_content=Dallas-showroom,ffc1.com,"10771 Estate Ln, Dallas, TX 75238, United States","10771 Estate Ln, Dallas, TX 75238, United States",4.3,121,NO,no window installation or repair signal on site,False,,site scrape,NO,,https://www.ffc1.com/ | https://www.ffc1.com/commercial-flooring-1 | https://www.ffc1.com/flooring-guide/installation
Glass & Storefront Solutions Inc. Yes,http://www.solutionsstorefront.com/,solutionsstorefront.com,+1 214-489-2361,"108 N Marsalis Ave Ste a, Dallas, TX 75203, United States",5,507,YES,commercial storefront glazing; window replacement/installation,False,or glass Frameless showers doors Residential Glass canopy Steel doors Curve glass Mirrors Windows glass replacement & Rent equipment Contact us Name E mail* Telephone I am interested in Attach Files Attach,site scrape,YES,,https://solutionsstorefront.com/
Lion Windows Yes,https://lionwindows.com/,lionwindows.com,+1 512-940-6000,"108 Wild Basin Rd S Suite 250, West Lake Hills, TX 78746, United States",4.6,30,YES,named window styles; window product line; window replacement/installation,False,Austin Window Installation: Get a Quote Today | Lion Windows 0 Skip to Content Home Domestic Manufacturers European,site scrape,YES,,https://www.lionwindows.com/ | https://www.lionwindows.com/pixel-window | https://www.lionwindows.com/pava-windows | https://www.lionwindows.com/windows
Lon Smith Roofing Yes,https://www.lonsmith.com/,lonsmith.com,"10821 Sanden Dr, Dallas, TX 75238, United States","10821 Sanden Dr, Dallas, TX 75238, United States",4.6,113,NO,no window installation or repair signal on site,False,,site scrape,NO,,https://www.lonsmith.com/ | https://www.lonsmith.com/residential-roofing-replacement/ | https://www.lonsmith.com/roof-installation/ | https://www.lonsmith.com/residential-roofing-repair/
Dallas Window Tint Yes,http://www.dallaswindowtint.com/,dallaswindowtint.com,"10825 Plano Rd #4, Dallas, TX 75238, United States","10825 Plano Rd #4, Dallas, TX 75238, United States",4.8,141,NO,"Auto, commercial and residential window tinting",False,"dallaswindowtint.com and /auto-tinting — ""Professional Auto & Commercial Window Tint""; services are ""tint application, tint removal, tint repair, and window film installation"". Film only, no glass or window replacement.",web research (site unreachable),UNREACHABLE,,
Raesz Custom Floors and Lighting Yes,https://www.austincustomfloors.com/,austincustomfloors.com,"10827 US-290 Ste 100, Austin, TX 78736, United States","10827 US-290 Ste 100, Austin, TX 78736, United States",3.9,20,NO,window treatments,False,’s Leading Designer & Manufacturer of Architectural Panels. Visit Tableaux RM Coco Custom Draperies Visit RM Coco Daltile Ceramic & Porcelain Tile Visit Daltile Antlerworx Rustic Luxury Lig,site scrape,NO,,https://www.austincustomfloors.com/ | https://www.austincustomfloors.com/window-treatments
Stork's Home Services Yes,https://storkheatingandair.com/?utm_source=google&utm_medium=organic&utm_campaign=gbp,storkheatingandair.com,"10840 Switzer Ave #101, Dallas, TX 75238, United States","10840 Switzer Ave #101, Dallas, TX 75238, United States",5,61,YES,windows & doors,False,"Seal off any leaks around your windows and doors too, to prevent humid air from entering your home.",site scrape,YES,YES,https://storkheatingandair.com/ | https://storkheatingandair.com/air-conditioner-replacement-and-installation/ | https://storkheatingandair.com/thermostat-repair-replacement/ | https://storkheatingandair.com/humidifier-repair-replacement/
Quality 1 Energy Systems Heating & Air Conditioning Yes,https://www.q1es.com/,q1es.com,"10870 Plano Rd C, Dallas, TX 75238, United States","10870 Plano Rd C, Dallas, TX 75238, United States",4.9,398,YES,Residential window installation / replacement for energy efficiency,False,"Dedicated page q1es.com/residential/window-installation/ titled ""Dallas Window Installation""; profile text: ""insulation and window replacement"".",web research (site unreachable),UNREACHABLE,,
Armoured Exteriors Yes,http://www.armouredexteriors.com/?utm_campaign=gmb,armouredexteriors.com,+1 779-423-7831,"109 N Alpine Rd, Rockford, IL 61107, United States",4.9,22,NO,no window installation or repair signal on site,False,,site scrape,NO,,https://armouredexteriors.com/ | https://armouredexteriors.com/marjorie-curtis | https://armouredexteriors.com/commercial-residential | https://armouredexteriors.com/metal-installation
G TEK AUTOGLASS LLC Yes,https://g-tekautoglassllc.godaddysites.com/?fbclid=IwZXh0bgNhZW0CMTAAAR0Sovmlp_Zvohu-xxiT0VfwrcKAjOtUT_5IhWJwl5wz6ioXYMmEzUig4lU_aem_AeIN6euQO5JEMTfhQbTS-k1hSavnQHdmTpGLrf9aOTDdEgmwkT4al-ABJHaFejyUN7_hznnNe9bL6ErfmxFFQvMq,g-tekautoglassllc.godaddysites.com,"10908 FM 969, Austin, TX 78724, United States","10908 FM 969, Austin, TX 78724, United States",4.9,12,NO,"vehicle/automotive business, no glass or window signal",False,,name/review keywords,UNREACHABLE,,
Euro Wholesale Windows Yes,https://europawindows.com/,europawindows.com,"10923 Sierra Oaks, Austin, TX 78759, United States","10923 Sierra Oaks, Austin, TX 78759, United States",1,4939,NEEDS_REVIEW,window in name but service type unconfirmed,False,,"no site, no research",UNREACHABLE,,
TrueSafe Renovations Yes,http://www.truesaferenovations.com/,truesaferenovations.com,"10925 Estate Ln Ste 214, Dallas, TX 75238, United States","10925 Estate Ln Ste 214, Dallas, TX 75238, United States",5,53,YES,Window replacement - installs Ply Gem windows and doors,False,"truesaferenovations.com - 'TrueSafe Renovations specializes in residential roof replacements, roof repairs, siding, windows, solar solutions, and flat roofing systems'; 'TrueSafe offers superior Ply Gem windows and doors'.",web research (site unreachable),UNKNOWN,,https://truesaferenovations.com/
Sali's Roofing Yes,https://salisroofing.com/?utm_source=google&utm_medium=organic&utm_campaign=gbp_listing&utm_content=salis_roofing,salisroofing.com,"10930 Switzer Ave #123, Dallas, TX 75238, United States","10930 Switzer Ave #123, Dallas, TX 75238, United States",5,109,YES,installs/replaces windows,False,Michael and his teams did a great work replacing my roof and replacing window screens and caulking around the windows.,site scrape,YES,YES,https://salisroofing.com/ | https://salisroofing.com/residential-roofing/ | https://salisroofing.com/commercial-roofing/ | https://salisroofing.com/roofing-installation/
LUX EcoShades LLC Yes,http://www.luxecoshades.com/,luxecoshades.com,"10945 Estate Ln Ste E155, Dallas, TX 75238, United States","10945 Estate Ln Ste E155, Dallas, TX 75238, United States",5,13,NO,window tint/film; window treatments,False,.com Free Consultation Financing Home About Services Custom Window Shades Outdoor Screens Window Film Commercial Solutions Shade Repair Security Doors All Services → Areas Dallas Plano Frisco,site scrape,NO,,https://luxecoshades.com/ | https://luxecoshades.com/service/window-film-installation | https://luxecoshades.com/service/commercial-window-solutions | https://luxecoshades.com/service/custom-window-shades
Performance Windows Dallas East Yes,https://goperformancewindows.com/tx/dallas-east/,goperformancewindows.com,"10945 Estate Ln Ste E255, Dallas, TX 75238, United States","10945 Estate Ln Ste E255, Dallas, TX 75238, United States",4.8,5,YES,installs/replaces windows; named window styles; replacement windows; window product line; window replacement/installation,False,Window Replacement & Installation | Performance Windows Skip to content Contact Us For Our Holiday Sale Toda,site scrape,YES,,https://goperformancewindows.com/ | https://goperformancewindows.com/our-work | https://goperformancewindows.com/contact
Austin Home Systems Yes,https://austinhomesystems.com/,austinhomesystems.com,"1102 W Koenig Ln, Austin, TX 78756, United States","1102 W Koenig Ln, Austin, TX 78756, United States",4.9,237,NO,window treatments,False,LEARN MORE HOME AUTOMATION HIFI AUDIO LIGHTING CONTROL › AUDIO/VIDEO COMMERCIAL MOTORIZED SHADES OUR REFERENCES APPOINTMENT/SERVICE RESERVATION Fill out my online form .,site scrape,NO,,https://austinhomesystems.com/ | https://austinhomesystems.com/window-treatments | https://austinhomesystems.com/commercial | https://austinhomesystems.com/service-plans
Apollo Window Film Yes,https://apollowindowfilm.com/,apollowindowfilm.com,"11035 Harry Hines Blvd Ste 213, Dallas, TX 75229, United States","11035 Harry Hines Blvd Ste 213, Dallas, TX 75229, United States",5,12,NO,window cleaning; window tint/film; window treatments,False,The key is to avoid using abrasive window cleaning products.,site scrape,NO,,https://apollowindowfilm.com/ | https://apollowindowfilm.com/contact-us/
Discount Glass Texas Yes,http://discountglasstexas.com/,discountglasstexas.com,"11063 Dennis Rd, Dallas, TX 75229, United States","11063 Dennis Rd, Dallas, TX 75229, United States",4.9,1497,YES,building glass replacement; commercial storefront glazing; installs/replaces windows; insulated glass unit work; named window styles; pane glazing work; replacement windows; window product line; window replacement/installation; windows & doors,True,Discount Glass Texas Window Replacement Repair near Dallas 24/7 Emergency (972) 900-8748 Home Auto Glass Windshield Replacement Windshie,site scrape,YES,,https://discountglasstexas.com/ | https://discountglasstexas.com/window-replacement-dallas/ | https://discountglasstexas.com/commercial-window-film-dallas/ | https://discountglasstexas.com/window-replacement/
Metal-Craft Products Co Yes,https://www.metalcraftdoors.com/,metalcraftdoors.com,"11071 Denton Dr, Dallas, TX 75229, United States","11071 Denton Dr, Dallas, TX 75229, United States",4.7,32,NO,"Manufacturer of custom aluminum sliding doors, pass-through service windows and display cases",False,"metalcraftdoors.com — 'Sliding Door Manufacturer Dallas'; product list 'interior & exterior aluminum sliding glass, cut-down patio, pocket & specialty doors, service windows, trophy cases & screens'. A manufacturer of pass-through service windows/doors, not a building window installer; Google review",web research (site unreachable),UNREACHABLE,,
Holden Roofing Austin Yes,https://holdenroofing.com/contact-us/austin-roofing/,holdenroofing.com,+1 512-750-0523,"111 W Anderson Ln. Ste E360A, Austin, TX 78752, United States",4.6,379,YES,insulated glass unit work,False,Stan also contacted a guy (Miguel) who works at Holden to repair my interior damage.,site scrape,YES,,https://holdenroofing.com/ | https://holdenroofing.com/residential-roofing/ | https://holdenroofing.com/commercial-roofing/
XPEL Austin Yes,https://www.austinclearbra.com/,austinclearbra.com,"11100 Metric Blvd Ste 200A, Austin, TX 78758, United States","11100 Metric Blvd Ste 200A, Austin, TX 78758, United States",4.9,302,NO,window tint/film; window treatments,True,"XPEL Austin | Paint Protection Film, Window Tint and Ceramic Coating Get a Quote HOME About Us Products & Services Paint Protection Film C",site scrape,NO,,https://www.austinclearbra.com/ | https://www.austinclearbra.com/services/commercial-residential-window-film/ | https://www.austinclearbra.com/services/car-window-tint/
Austin Window Fashions Yes,https://austinwindowfashions.com/?utm_source=google&utm_medium=organic&utm_campaign=my+business+location+page,austinwindowfashions.com,"11100 Metric Blvd Ste 700, Austin, TX 78758, United States","11100 Metric Blvd Ste 700, Austin, TX 78758, United States",5,909,NEEDS_REVIEW,window in name but service type unconfirmed,False,,"no site, no research",UNREACHABLE,,
Star Glass Aluminum Yes,https://starglassaluminum.com/,starglassaluminum.com,"11111 Ables Ln #124, Dallas, TX 75229, United States","11111 Ables Ln #124, Dallas, TX 75229, United States",4.9,126,YES,building glass replacement; commercial storefront glazing; installs/replaces windows; insulated glass unit work; pane glazing work; replacement windows; window product line; window replacement/installation; windows & doors,False,Reviews Follow Us f ig in Home About About Us Reviews Photo Gallery Blog Window Services Window Services Window Repair & Replacement Full Frame Window Replacement Glass Window Installation Energy-Efficient Wi,site scrape,YES,,https://starglassaluminum.com/ | https://starglassaluminum.com/glass-window-installation | https://starglassaluminum.com/window-services | https://starglassaluminum.com/window-repair-replacement
Nick's Door Company Yes,https://www.nickslocksmith.com/?utm_source=omg-gbp&utm_medium=webclick,nickslocksmith.com,"11116 Middle Fiskville Rd # B, Austin, TX 78753, United States","11116 Middle Fiskville Rd # B, Austin, TX 78753, United States",5,229,YES,insulated glass unit work,False,"services provide an economical alternative to replacing your locks entirely. We'll reconfigure your existing locks to work with new keys, rendering old keys useless and restoring you",site scrape,YES,,https://www.nickslocksmith.com/ | https://www.nickslocksmith.com/services | https://www.nickslocksmith.com/residential-solutions | https://www.nickslocksmith.com/services/garage-door
W Tint X - Car Window Tinting Yes,https://wtintx.com/,wtintx.com,"11116 Middle Fiskville Rd Ste g, Austin, TX 78753, United States","11116 Middle Fiskville Rd Ste g, Austin, TX 78753, United States",4.9,63,YES,installs/replaces windows; replacement windows,True,"com Follow Main services Auto Glass Replacement Window Tint We don't just protect vehicles, We Take Care of Investments and Dreams.",site scrape,YES,,https://wtintx.com/
Mighty Dog Roofing of North Austin Yes,http://www.mightydogroofing.com/north-austin-tx,mightydogroofing.com,"11126 Jollyville Rd Suite C Room B, Austin, TX 78759, United States","11126 Jollyville Rd Suite C Room B, Austin, TX 78759, United States",4.9,36,NO,"unrelated trade, no window signal",False,,name/review keywords,UNREACHABLE,,
Abaco Auto Glass Yes,http://www.abacoautoglass.com/,abacoautoglass.com,"11147 Harry Hines Blvd, Dallas, TX 75229, United States","11147 Harry Hines Blvd, Dallas, TX 75229, United States",4.7,102,NO,vehicle glass only,True,Abaco Autoglass Dallas top of page ABACO Auto glass CALL NOW | (214) 457-6837 HOME SERVICES ABOUT US CONTACT US More.,site scrape,NO,,https://www.abacoautoglass.com/ | https://www.abacoautoglass.com/services | https://www.abacoautoglass.com/about-us
All Glass Installation Yes,http://dallasfortworthglass.com/,dallasfortworthglass.com,"11180 Denton Dr, Dallas, TX 75229, United States","11180 Denton Dr, Dallas, TX 75229, United States",4.9,145,NO,Auto glass / windshield replacement,False,"dallasfortworthglass.com service list is entirely automotive: 'windshield replacement, rear windshield replacement, driver & passenger window replacement, quarter glass replacement, sunroof replacement, rock chip repair, power window repair, and ADAS camera calibration'. Two searches surfaced no bui",web research (site unreachable),UNREACHABLE,,
The Glass Guru Yes,https://www.theglassguru.com/locations/austin-south-tx/?utm_source=GMB&utm_medium=profile_website_link,theglassguru.com,"11190 Circle Dr #490, Austin, TX 78736, United States","11190 Circle Dr #490, Austin, TX 78736, United States",4.9,828,YES,commercial storefront glazing; installs/replaces windows; insulated glass unit work; named window styles; pane glazing work; replacement windows; window product line; window replacement/installation; windows & doors,False,"eeds of residential and commercial customers across the U.S. and Canada. We specialize in window glass replacement, insulated glass repair, window restoration, custom shower enclosures, mirrors, screens,",site scrape,YES,,https://www.theglassguru.com/ | https://www.theglassguru.com/services/windows/ | https://www.theglassguru.com/services/glass-services/ | https://www.theglassguru.com/services/glass-services/shower-bath-glass/
S&R Impact Windows and Doors Yes,http://srimpactwindowsanddoors.com/,srimpactwindowsanddoors.com,"1120 NW 55th St, Fort Lauderdale, FL 33309, United States","1120 NW 55th St, Fort Lauderdale, FL 33309, United States",4.7,32,YES,window product line; window replacement/installation; windows & doors,True,.7121 Happy Clients 8 0 8 0 8 0 8 0 Years 8 0 8 0 Schedule a Free Consultation for Impact Window and Door Replacement Request a Quote Contact Us IMPACT WINDOWS AND DOORS Work Examples Impact resistant glass,site scrape,YES,,https://srimpactwindowsanddoors.com/ | https://srimpactwindowsanddoors.com/our-services/ | https://srimpactwindowsanddoors.com/portfolio/office-windows/ | https://srimpactwindowsanddoors.com/how-impact-resistant-glass-is-made/
The Up and Up Garage Doors - Garage Door Service in Austin Texas Yes,https://theupandupdoors.com/,theupandupdoors.com,"11203 Ranch to Market Rd 2222, Austin, TX 78730, United States","11203 Ranch to Market Rd 2222, Austin, TX 78730, United States",5,101,NO,no window installation or repair signal on site,False,,site scrape,NO,,https://theupandupdoors.com/ | https://theupandupdoors.com/our-services/ | https://theupandupdoors.com/austin-tx-service-area/ | https://theupandupdoors.com/category/installation/
Alvarez Glass and Mirror LLC Yes,http://www.alvarezglass.com/,alvarezglass.com,"11227 Goodnight Ln #905, Dallas, TX 75229, United States","11227 Goodnight Ln #905, Dallas, TX 75229, United States",3.7,3,YES,commercial storefront glazing; window replacement/installation,False,say “Alvarez Glass has the experience and equipped to handle projects as simple as glass window repairs to full glass construction projects.,site scrape,YES,,https://www.alvarezglass.com/ | https://www.alvarezglass.com/project/our-projects/
Dallas Door Designs Yes,https://www.dallasdoorservices.com/,dallasdoorservices.com,"11239 Leo Ln, Dallas, TX 75229, United States","11239 Leo Ln, Dallas, TX 75229, United States",4.5,101,YES,window replacement/installation,False,"As such, you can rest easy knowing a true professional is behind every door and window installation, making your home the beautiful showpiece it should be.",site scrape,YES,,https://www.dallasdoorservices.com/ | https://www.dallasdoorservices.com/door-services/exterior-doors/fiberglass-doors/ | https://www.dallasdoorservices.com/door-services/ | https://www.dallasdoorservices.com/door-services/exterior-doors/iron-doors/
Dallas Glass and Mirror Yes,https://www.dallasglassandmirror.net/,dallasglassandmirror.net,"11245 Goodnight Ln #19, Dallas, TX 75229, United States","11245 Goodnight Ln #19, Dallas, TX 75229, United States",4.9,473,YES,"Window repair and replacement, 24-hour glass replacement, emergency board-up",False,"dallasglassandmirror.net/glass/ — ""Their services include window repair and replacement, glass shower enclosures, custom mirrors, glass railings, storefronts, and emergency board-up service.""",web research (site unreachable),UNKNOWN,,https://dallasglassandmirror.net/
North Dallas Window Cleaning Yes,http://northdallaswindowcleaning.com/?utm_campaign=gmb,northdallaswindowcleaning.com,"11259 Goodnight Ln #1122, Dallas, TX 75229, United States","11259 Goodnight Ln #1122, Dallas, TX 75229, United States",4.9,519,NO,window cleaning; window tint/film; window treatments,False,North Dallas Window Cleaning – Reliable Home Services in Dallas Texas (469)456-2727 Free Quote Client Login PROFESS,site scrape,NO,,https://northdallaswindowcleaning.com/ | https://northdallaswindowcleaning.com/instant-online-quote/
Florida Impact Windows & Doors Yes,https://floridaimpact.com/,floridaimpact.com,"1126 S Powerline Rd, Deerfield Beach, FL 33442, United States","1126 S Powerline Rd, Deerfield Beach, FL 33442, United States",4.1,87,YES,installs/replaces windows; replacement windows; window product line; window replacement/installation; windows & doors,False,"a Impact Windows and Doors , you’ll find reasonable prices combined with over 30 years of window and door replacement experience.",site scrape,YES,,https://floridaimpact.com/ | https://floridaimpact.com/services/ | https://floridaimpact.com/service-areas/
New Edge Renovation Yes,https://www.newedgeren.com/,newedgeren.com,"1127 Eleanor St, Austin, TX 78721, United States","1127 Eleanor St, Austin, TX 78721, United States",4.8,88,NO,no window installation or repair signal on site,False,,site scrape,NO,,https://www.newedgeren.com/
Mila Auto Repair Yes,https://milaautogroup.com/,milaautogroup.com,"11310 Plano Rd Ste c, Dallas, TX 75243, United States","11310 Plano Rd Ste c, Dallas, TX 75243, United States",5,93,NO,no window installation or repair signal on site,False,,site scrape,NO,,https://www.milaautogroup.com/ | https://www.milaautogroup.com/service
Bonnie & Clyde Car Stereo & Window Tinting Yes,http://bncstereo.com/,bncstereo.com,"11311 Harry Hines Blvd #104, Dallas, TX 75229, United States","11311 Harry Hines Blvd #104, Dallas, TX 75229, United States",4.8,1731,NO,vehicle glass only,True,"form your driving experience, making every trip more enjoyable. Read More The Benefits of Car Window Tinting February 16, 2025 Blog Benefits of Car Window TintingBeyond the sleek appearance",site scrape,NO,,https://bncstereo.com/ | https://bncstereo.com/window-tinting/ | https://bncstereo.com/the-benefits-of-car-window-tinting/ | https://bncstereo.com/product/compustar-pro-2-way-r5-dss-remote-kit-with-drone-x1-cm-900-installation-include/
Pink's Windows Four Points - Lakeway Yes,https://pinkswindows.com/four-points-lakeway,pinkswindows.com,"11402 Farm to Market Rd 2222, Austin, TX 78726, United States","11402 Farm to Market Rd 2222, Austin, TX 78726, United States",5,250,NO,window cleaning,False,"y. We take pride in our work, no matter the project. Whether we’re cleaning your windows, power washing your walkways, or giving your home a chemical free soft wash, we always make a point o",site scrape,NO,,https://pinkswindows.com/ | https://pinkswindows.com/services/ | https://pinkswindows.com/residential/
Azorean Mirror Inc Yes,http://azoreanmirror.com/,azoreanmirror.com,"1141 NE 7th Ave, Fort Lauderdale, FL 33304, United States","1141 NE 7th Ave, Fort Lauderdale, FL 33304, United States",4.8,18,NEEDS_REVIEW,"glass shop or building contractor, window scope unknown",False,,"no site, no research",UNREACHABLE,,
Window Cleaner Pros Yes,https://windowcleanerpros.com/,windowcleanerpros.com,"11410 Mathis Ave, Farmers Branch, TX 75234, United States","11410 Mathis Ave, Farmers Branch, TX 75234, United States",5,145,NO,"Window cleaning, gutter cleaning, pressure washing",False,"windowcleanerpros.com 'Window Cleaner Dallas, TX (Free Estimates)' — 'Window Cleaning, Gutter Cleaning, and Pressure Washing services'",web research (site unreachable),UNREACHABLE,,
Daltex Glass & Aluminum Inc Yes,https://daltexglass.com/,daltexglass.com,"11419 Ferrell Dr #108, Farmers Branch, TX 75234, United States","11419 Ferrell Dr #108, Farmers Branch, TX 75234, United States",4.4,49,YES,commercial storefront glazing; insulated glass unit work,False,"We supply and install with the highest quality materials, backed by in-house insulated glass manufacturing.",site scrape,YES,,https://daltexglass.com/ | https://daltexglass.com/product-category/shower-hardware/glass-to-glass-hinges/venice-series-glass-to-glass-hinges/ | https://daltexglass.com/product-category/shower-hardware/glass-to-glass-hinges/preston-series-glass-to-glass-hinges/ | https://daltexglass.com/product-category/shower-hardware/glass-to-glass-hinges/pasadena-hd-series-glass-to-glass-hinges/
AJ Window Solutions LLC Yes,https://ajwindowsolutions.com/,ajwindowsolutions.com,"11419 Mathis Ave Ste 211, Farmers Branch, TX 75234, United States","11419 Mathis Ave Ste 211, Farmers Branch, TX 75234, United States",4.3,13,YES,building glass replacement; installs/replaces windows; insulated glass unit work; named window styles; pane glazing work; window product line; window replacement/installation,False,AJ Window Solutions – Window Repairs and Installations Skip to content Call Us for a Quote (972) 207-1560 | 11419 Mathis Ave Suite 211 Farmers,site scrape,YES,,https://ajwindowsolutions.com/ | https://ajwindowsolutions.com/services/ | https://ajwindowsolutions.com/about-us/
Pro-Install Yes,https://www.proinstall.pro/,proinstall.pro,"1150 NW 54th St, Fort Lauderdale, FL 33309, United States","1150 NW 54th St, Fort Lauderdale, FL 33309, United States",4.8,94,NO,window tint/film,False,Pro Install | Marine | Residential | Commercial | Window Tint | Florida Home About Us Service Areas Services Auto Tinting Residential Window Tinting Co,site scrape,NO,,https://www.proinstall.pro/ | https://www.proinstall.pro/services/residential-window-tinting | https://www.proinstall.pro/services/commercial-window-tinting | https://www.proinstall.pro/services/marine-window-tinting
EXPERT WINDOW TINT WRAP Yes,https://expertwindowtint.godaddysites.com/,expertwindowtint.godaddysites.com,"11507 Harry Hines Blvd, Dallas, TX 75229, United States","11507 Harry Hines Blvd, Dallas, TX 75229, United States",4.9,82,NO,window tint/film,False,EXPERT WINDOW TINT EXPERT WINDOW TINT EXPERT WINDOW TINT EXPERT WINDOW TINT EXPERT WINDOW TINT EXPERT WINDOW,site scrape,NO,,https://expertwindowtint.godaddysites.com/ | https://expertwindowtint.godaddysites.com/servicios | https://expertwindowtint.godaddysites.com/comun%C3%ADcate-con-nosotros
My Uncle Gus Yes,https://myunclegus.com/contact-us/,myunclegus.com,"11509 January Dr, Austin, TX 78753, United States","11509 January Dr, Austin, TX 78753, United States",5,4,NO,window cleaning,False,ir & Install Floor Repair Furniture Assembly Junk Removal & Cleanouts Fence & Gate Repair Pressure Washing Backsplash & Tile Deadbolt & Lock Installation Garbage Disposal Help Attic Ladder Inst,site scrape,NO,,https://myunclegus.com/ | https://myunclegus.com/projects/ceiling-fan-installation-round-rock-tx/ | https://myunclegus.com/services/handyman-services/ | https://myunclegus.com/guides/ceiling-fan-installation-austin-tx/
Green Mainland Yes,https://www.greenmainland.com/,greenmainland.com,"11610 Harry Hines Blvd #120, Dallas, TX 75229, United States","11610 Harry Hines Blvd #120, Dallas, TX 75229, United States",5,38,YES,insulated glass unit work; named window styles; windows & doors,False,Luxury Windows & Doors Dallas Texas | Custom Glazing Systems for Modern Homes Across Texas top of page Luxury Wi,site scrape,YES,,https://www.greenmainland.com/ | https://www.greenmainland.com/fixed-windows | https://www.greenmainland.com/tilt-and-turn-windows | https://www.greenmainland.com/casement-windows
Pitch's Window Tinting & Auto Glass Yes,http://www.pitchswindowtinting.com/,pitchswindowtinting.com,"11634 Harry Hines Blvd, Dallas, TX 75229, United States","11634 Harry Hines Blvd, Dallas, TX 75229, United States",4.6,50,NO,"window tint film installation (auto, plus residential/commercial film) and auto glass replacement",False,"pitchswindowtinting.com/Residential.htm is 'Residential Window Tint' — film only. Site scope: 'window tint installation for automotive, commercial and residential', plus 'headliners, power lock/window repair, auto glass replacement'. Tint/film on buildings is excluded; the glass work is vehicle-only",web research (site unreachable),UNREACHABLE,,
CB Anderson Shutter Co Yes,https://www.cbandersonshutterco.com/,cbandersonshutterco.com,"11649 Chairman Dr Ste 2, Dallas, TX 75243, United States","11649 Chairman Dr Ste 2, Dallas, TX 75243, United States",5,31,NO,window treatments,False,s Gallery Testimonials Resources Contact (469) 386-6011 Home About Us Our Products Custom Shutters Louvered Shutters Raised Panel Shutters Shaker Panel Shutters Board & Batten Shutters Cus,site scrape,NO,,https://www.cbandersonshutterco.com/ | https://www.cbandersonshutterco.com/services/shutter-installation | https://www.cbandersonshutterco.com/services/custom-shutters
Blackbird Custom Exterior Shutters Yes,https://blackbirdshutters.com/,blackbirdshutters.com,"11649 Chairman Dr Ste 2, Dallas, TX 75243, United States","11649 Chairman Dr Ste 2, Dallas, TX 75243, United States",5,15,NO,window treatments,False,Black Bird Shutters Skip to content Exterior Shutters Shutter Hardware Gallery Contact Us Exterior Shutters S,site scrape,NO,,https://blackbirdshutters.com/
Sunbusters Window Tinting Yes,https://sunbusterstint.com/?utm_source=google&utm_medium=gbp&utm_campaign=researchblvd,sunbusterstint.com,"11655 Research Blvd Ste c, Austin, TX 78759, United States","11655 Research Blvd Ste c, Austin, TX 78759, United States",4.9,630,NO,vehicle glass only,True,Austin Car Window Tinting | Car Electronics | Ceramic Window Tint North Austin (512) 794-8468 Window Tintin,site scrape,NO,,https://sunbusterstint.com/ | https://sunbusterstint.com/auto-window-tinting-services | https://sunbusterstint.com/suv-paint-protection-film-clear-bra-window-tinting-services-in-austin | https://sunbusterstint.com/aftermarket-installation-services
B&B Plate Glass Yes,https://www.austintxglass.net/,austintxglass.net,"11707 N Lamar Blvd, Austin, TX 78753, United States","11707 N Lamar Blvd, Austin, TX 78753, United States",4.9,533,YES,broken window glass; building glass replacement; commercial storefront glazing; installs/replaces windows; pane glazing work; window replacement/installation,False,Home - B&B Plate Glass Skip to content Home Residential Glass Menu Toggle Door and Window Glass Repair Window Glass Repair Storefront Door Glass Repair Emergency Window Repair Sliding Glass Do,site scrape,YES,,https://austintxglass.net/ | https://austintxglass.net/residential-door-and-window-glass-service/ | https://austintxglass.net/door-and-window-glass-repair/ | https://austintxglass.net/window-glass-repair/
Capitol City Wood Works LLC Yes,https://capitolcitywoodworks.com/,capitolcitywoodworks.com,"11717 Blackhawk Dr, Austin, TX 78759, United States","11717 Blackhawk Dr, Austin, TX 78759, United States",5,42,NO,window cleaning,False,"installations, we also offer numerous wood restoration services, repairs, deck staining, pressure washing, and house painting.",site scrape,NO,,https://capitolcitywoodworks.com/ | https://capitolcitywoodworks.com/services/decks | https://capitolcitywoodworks.com/services/fences | https://capitolcitywoodworks.com/services/arbors-pergolas-and-patio-covers
Bluesky Building Supplies LLC Yes,https://www.blueskysupplies.net/,blueskysupplies.net,"11720 Chairman Dr #108, Dallas, TX 75243, United States","11720 Chairman Dr #108, Dallas, TX 75243, United States",4.7,87,NO,no window installation or repair signal on site,False,,site scrape,NO,YES,https://www.blueskysupplies.net/ | https://www.blueskysupplies.net/kopie-von-windows | https://www.blueskysupplies.net/products | https://www.blueskysupplies.net/kopie-von-products
Shade-Outdoor Living Solutions Yes,https://www.shadeandmore.com/,shadeandmore.com,"11782 Jollyville Rd, Austin, TX 78759, United States","11782 Jollyville Rd, Austin, TX 78759, United States",4.7,30,NO,window treatments,False,Top-Rated Retractable Shades | Shade-Outdoor Living Solutions Skip to content Email Us austinsales@ogliving.,site scrape,NO,,https://shadeandmore.com/ | https://shadeandmore.com/service-area/ | https://shadeandmore.com/service-warranty/
McCoy's Building Supply Yes,https://www.mccoys.com/stores/austin-290-west-tx,mccoys.com,"11811 US-290, Austin, TX 78737, United States","11811 US-290, Austin, TX 78737, United States",4.6,201,YES,installs/replaces windows; named window styles; replacement windows; window product line; windows & doors,False,e the V2000 Series with many exterior and interior color options and the V3000 Series for replacement windows with expanded color options.,site scrape,YES,,https://www.mccoys.com/ | https://www.mccoys.com/shop/doors-windows | https://www.mccoys.com/diy-center/brand-profiles/mi | https://www.mccoys.com/shop/search?searchText=Wood%20Products
Transom Windows and Doors Yes,https://transomwindowsanddoors.com/,transomwindowsanddoors.com,"11837 Judd Ct #112, Dallas, TX 75243, United States","11837 Judd Ct #112, Dallas, TX 75243, United States",5,3,YES,"Window and door installation and replacement (Andersen, Pella); vinyl and composite replacement windows; also fiber cement siding",False,"Site page titles: 'Transom Windows and Doors Installation and Replacement' (transomwindowsanddoors.com/), 'Composite Windows' (/windows/composite/), 'Vinyl Windows' (/windows/vinyl/), 'Custom Replacement Luxury Doors and Windows Dallas, Texas'",web research (site unreachable),UNKNOWN,,https://transomwindowsanddoors.com/
Transom Remodeling Yes,https://transomremodeling.com/,transomremodeling.com,"11837 Judd Ct #112, Dallas, TX 75243, United States","11837 Judd Ct #112, Dallas, TX 75243, United States",5,28,NEEDS_REVIEW,insufficient signal,False,,"no site, no research",UNKNOWN,,https://transomremodeling.com/
WJ Window Tint Yes,https://www.tintwindowpro.com/,tintwindowpro.com,"11838 E NW Hwy, Dallas, TX 75218, United States","11838 E NW Hwy, Dallas, TX 75218, United States",5,2,NO,window tint/film,False,Inicio - WJ Window Tint Pro Saltar al contenido WJ Window Tint Pro Contact Us Gallery WJ Window Tint Pro 214 426,site scrape,NO,,https://www.tintwindowpro.com/ | https://www.tintwindowpro.com/contacto/
101% AUTO WORKS DALLAS Yes,http://101autowork.com/,101autowork.com,"11857 Judd Ct #200, Dallas, TX 75243, United States","11857 Judd Ct #200, Dallas, TX 75243, United States",4.9,173,NO,vehicle glass only,True,"cations in Los Angeles and Dallas, we specialize in exceeding expectations with top-notch car window tinting, body wraps, detailing, and washing.",site scrape,NO,,https://101autowork.com/ | https://101autowork.com/calculator/
Vivero Growers Nursery Yes,http://viverogrowers.com/,viverogrowers.com,"12000 US-290, Austin, TX 78737, United States","12000 US-290, Austin, TX 78737, United States",4.8,210,NO,no window installation or repair signal on site,False,,site scrape,NO,,https://viverogrowers.com/
Conservation Construction of Dallas Yes,https://conservationconstructionofdallas.com/,conservationconstructionofdallas.com,"1201 E Avenue J, Grand Prairie, TX 75050, United States","1201 E Avenue J, Grand Prairie, TX 75050, United States",4.5,231,YES,"Energy-efficient vinyl replacement windows, impact-resistant storm windows, patio doors — professionally installed",False,"Site title 'Conservation Construction: Window Replacement Dallas'; page /windows/dallas-replacement-windows/ — 'All replacement windows, patio doors and whole house siding projects are professionally installed'",web research (site unreachable),UNKNOWN,,https://conservationconstructionofdallas.com/
US Custom Shades Yes,http://www.us-customshades.com/,us-customshades.com,"1201 NW 65th Pl, Fort Lauderdale, FL 33309, United States","1201 NW 65th Pl, Fort Lauderdale, FL 33309, United States",4.1,13,NO,blinds/shades/shutters/drapery (window treatments),False,,name/review keywords,UNKNOWN,,https://us-customshades.com/
Total Glassworks Yes,https://www.totalglassworks.net/,totalglassworks.net,"12010 US-290 Ste 140, Austin, TX 78737, United States","12010 US-290 Ste 140, Austin, TX 78737, United States",5,11,YES,commercial storefront glazing; installs/replaces windows; window replacement/installation,False,vices Handrail Glass Installation Shower glass installation Storefront Glass Installation Window Glass Replacement Wine-Room Glass FAQ Gallery Blog Contact (512) 831-7065 Book a consultation Total Glasswo,site scrape,YES,,https://www.totalglassworks.net/ | https://www.totalglassworks.net/pages/austin-glass-services/window-glass-replacement-austin-tx | https://www.totalglassworks.net/pages/austin-glass-services/handrail-glass-installation-austin-tx | https://www.totalglassworks.net/pages/austin-glass-services/shower-glass-installation-austin-tx
Hill Country Awnings & Shades of Texas Yes,https://retractablesolarscreens.com/,retractablesolarscreens.com,"12010 US-290 Ste 220, Austin, TX 78737, United States","12010 US-290 Ste 220, Austin, TX 78737, United States",5,34,NO,blinds/shades/shutters/drapery (window treatments),False,,name/review keywords,UNREACHABLE,,
Precision Garage Door of Dallas Yes,https://precisiondoordallas.com/?utm_source=google&utm_medium=gmb&utm_campaign=GMB+Dallas,precisiondoordallas.com,"12021 S Plano Rd Ste 110, Dallas, TX 75243, United States","12021 S Plano Rd Ste 110, Dallas, TX 75243, United States",4.8,790,YES,insulated glass unit work,False,Hernandez Nicholas Glashauser Christopher Moreland Eduardo Ruiz Marcus Jordan Adonay Rodriguez Christopher Carpenter Evan Strauss Domenic Carapellucci Tony Mendoza Drey Ceaser See Al,site scrape,YES,YES,https://precisiondoordallas.com/
E & D Auto Works Yes,https://www.endautoworks.com/,endautoworks.com,"12022 Garland Rd, Dallas, TX 75218, United States","12022 Garland Rd, Dallas, TX 75218, United States",4.9,54,NO,no window installation or repair signal on site,False,,site scrape,NO,,https://www.endautoworks.com/
Infinity Replacement by Marvin Yes,https://install.infinitywindows.com/locations/texas/dallas/?utm_source=gmb&utm_medium=organic&utm_campaign=dfw,install.infinitywindows.com,"1205 E Avenue J, Grand Prairie, TX 75050, United States","1205 E Avenue J, Grand Prairie, TX 75050, United States",4.8,261,YES,installs/replaces windows; insulated glass unit work; named window styles; pane glazing work; replacement windows; window product line; window replacement/installation; windows & doors,False,"uilt, keeping you posted on progress and confirming installation dates with you. Door and Window Installation What to expect on installation day Walk-through Your project manager will conduct an init",site scrape,YES,,https://install.infinitywindows.com/ | https://install.infinitywindows.com/locations/kentucky | https://install.infinitywindows.com/locations/maryland
Energy Shield Window & Door Company Yes,https://energyshieldwindowsanddoors.com/,energyshieldwindowsanddoors.com,"1205 N Eliseo Felix Jr Way B103, Avondale, AZ 85323, United States","1205 N Eliseo Felix Jr Way B103, Avondale, AZ 85323, United States",4.7,365,YES,commercial storefront glazing; installs/replaces windows; named window styles; replacement windows; window product line; window replacement/installation; windows & doors,False,Window Replacement Company - Windows Glass Doors in Arizona Sale Discounts - Special Financing Available Cal,site scrape,YES,,https://energyshieldwindowsanddoors.com/ | https://energyshieldwindowsanddoors.com/commercial-window-installation-company-in-arizona/ | https://energyshieldwindowsanddoors.com/top-window-installer-phoenix-arizona/ | https://energyshieldwindowsanddoors.com/window-installation-cost/
Driven By Design Yes,https://www.drivenbydesignatx.com/,drivenbydesignatx.com,"12100 RM 1826 Ste 950, Austin, TX 78737, United States","12100 RM 1826 Ste 950, Austin, TX 78737, United States",5,41,NO,window tint/film,False,years of Experience Austin TX Auto Performance | Suspension | Wheels & Tires Body Paint | Window Tinting | Illumination High Fidelity Sound Systems Custom Car Specialist Serving Austin TX Whe,site scrape,NO,,https://www.drivenbydesignatx.com/ | https://www.drivenbydesignatx.com/automotive-services-upgrades
Austin Blind Faith Window Coverings Yes,http://www.austinblindfaith.com/,austinblindfaith.com,"12100 RM 1826 Unit 2, Austin, TX 78737, United States","12100 RM 1826 Unit 2, Austin, TX 78737, United States",4.4,7,NO,window treatments,False,HOME - Blind Faith Window Coverings HOME SHADES BLINDS SHUTTERS ABOUT PARTNERS FAQ BLOG CONTACT (512) 373-3630 LOOKING FOR CUSTOM WINDOW,site scrape,NO,,https://austinblindfaith.com/
Caliber Auto Glass Yes,https://www.caliber.com/find-a-location/dallas-self-plaza-dr-glass-75218?utm_source=google&utm_medium=gbp-profile&utm_campaign=webform-GBPwebsite&utm_content=&utm_term=&utm_id=0967,caliber.com,"12101 Self Plaza Dr, Dallas, TX 75218, United States","12101 Self Plaza Dr, Dallas, TX 75218, United States",4.7,47373,NO,"National auto glass / collision chain (windshield repair & replacement, ADAS calibration)",False,"caliber.com/find-a-location/...-glass pages: 'windshield repair, windshield replacement, side window replacement, fleet services, mobile auto glass repair, ADAS calibration, hail damage repair'. Vehicle-only.",web research (site unreachable),UNKNOWN,,https://www.caliber.com:443/
Christian Brothers Automotive White Rock Yes,https://www.cbac.com/white-rock/?utm_source=GMB&utm_medium=organic&utm_campaign=white-rock&utm_content=website-cta,cbac.com,"12124 McCree Rd, Dallas, TX 75238, United States","12124 McCree Rd, Dallas, TX 75238, United States",4.6,435,NO,no window installation or repair signal on site,False,,site scrape,NO,,https://www.cbac.com/ | https://www.cbac.com/our-services/ac-services/ | https://www.cbac.com/our-services/engine-services/ | https://www.cbac.com/our-services/european-vehicle-services/
Window & Door Hilt LLC Yes,https://windowanddoorhilt.com/,windowanddoorhilt.com,"1213 Marilyn Jayne Ln, Rockwall, TX 75087, United States","1213 Marilyn Jayne Ln, Rockwall, TX 75087, United States",0,0,YES,installs/replaces windows; replacement windows; window product line; window replacement/installation; windows & doors,False,& Services European Quality Our Products Installation & Service Service Areas FAQ Careers Windows Window Replacement Window Installation Thermalast Windows Vinyl Windows Aluminum Windows Energy Efficient Wi,site scrape,YES,,https://www.windowanddoorhilt.com/ | https://www.windowanddoorhilt.com/window-door-installation-service-dallas-tx | https://www.windowanddoorhilt.com/window-replacement-dallas-tx | https://www.windowanddoorhilt.com/window-installation-dallas-tx
HD Roofing and Repairs Yes,https://www.hdroofingandrepairs.com/?utm_source=google&utm_medium=Organic&utm_campaign=gbp,hdroofingandrepairs.com,"12131 Pecan St, Austin, TX 78727, United States","12131 Pecan St, Austin, TX 78727, United States",4.9,333,NO,no window installation or repair signal on site,False,,site scrape,NO,,https://hdroofingandrepairs.com/ | https://hdroofingandrepairs.com/commercial-roof-replacement/ | https://hdroofingandrepairs.com/flat-roofing/ | https://hdroofingandrepairs.com/residential-roofing/
Renewal by Andersen Window Replacement Yes,https://renewalbyandersenreplacement.com/locations/tx/dallas/?utm_source=googlebusinessprofile&utm_medium=organic,renewalbyandersenreplacement.com,"1215 W Crosby Rd #180, Carrollton, TX 75006, United States","1215 W Crosby Rd #180, Carrollton, TX 75006, United States",4.8,2988,YES,Full-service replacement window and patio/entry door installation,False,"renewalbyandersen.com/locations/north-tx/carrollton titled 'Window & Door Replacement in Carrollton, TX' at 1215 W Crosby Rd #180 - matches the listed address; 'meticulously crafted and expertly installed windows'",web research (site unreachable),UNREACHABLE,,
Dallas Frameless Glass Yes,http://www.dallasframeless.com/,dallasframeless.com,"12200 N Stemmons Fwy, Farmers Branch, TX 75234, United States","12200 N Stemmons Fwy, Farmers Branch, TX 75234, United States",4.3,18,YES,building glass replacement; commercial storefront glazing,False,"s & Panels for Aesthetic Bathroom Styling Get in Touch with the Most Trusted Commercial & Residential Glass Service Company in Dallas, Texas!",site scrape,YES,YES,https://dallasframeless.com/ | https://dallasframeless.com/about-dallas-frameless-glass/
Wolfpack Roofing & Exteriors Yes,https://wolfpackrfg.com/?utm_source=google&utm_medium=organic&utm_campaign=gmb,wolfpackrfg.com,"12201 Alcanza Dr, Austin, TX 78739, United States","12201 Alcanza Dr, Austin, TX 78739, United States",4.9,90,NEEDS_REVIEW,"glass shop or building contractor, window scope unknown",False,,"no site, no research",UNKNOWN,,https://wolfpackrfg.com/
Nations Auto Glass - North Austin Yes,https://nationsautoglass.com/austin-texas-124/,nationsautoglass.com,"12212 Ranch Rd 620 N, Austin, TX 78750, United States","12212 Ranch Rd 620 N, Austin, TX 78750, United States",4.9,46,NO,vehicle glass,True,Multi-State Windshield Replacement | Nations Auto Glass Skip to content Services Auto Glass Repair & Replacement,site scrape,NO,,https://nationsautoglass.com/ | https://nationsautoglass.com/power-window-door-lock-repair/ | https://nationsautoglass.com/auto-glass-repair-replacement/ | https://nationsautoglass.com/services/
Guido Materials Yes,https://www.guidomaterials.com/,guidomaterials.com,"12225 Bee Caves Rd Ste 200, Bee Cave, TX 78738, United States","12225 Bee Caves Rd Ste 200, Bee Cave, TX 78738, United States",4.1,41122,YES,commercial storefront glazing; installs/replaces windows; insulated glass unit work; windows & doors,False,Showrooms in San Antonio & Fredericksburg ↑ COMPANIES CONSTRUCTION MATERIALS REPLACEMENTS Windows & Doors Lumber Decking Millwork Why Guido Contact Make a Payment Back Our Products Marvin Western,site scrape,YES,,https://www.guidomaterials.com/ | https://www.guidomaterials.com/our-products-windows-doors | https://www.guidomaterials.com/windows-doors | https://www.guidomaterials.com/our-products-decking
PERTEX Roofing & Construction Yes,https://pertexroofing.com/?utm_source=omg-gbp&utm_medium=webclick,pertexroofing.com,"12225 Greenville Ave Ste 732, Dallas, TX 75243, United States","12225 Greenville Ave Ste 732, Dallas, TX 75243, United States",4.9,30,NEEDS_REVIEW,"glass shop or building contractor, window scope unknown",False,,"no site, no research",UNKNOWN,,https://pertexroofing.com/
Austin Gutterman Yes,http://www.austingutterman.com/,austingutterman.com,"12229 Roxie Dr, Austin, TX 78729, United States","12229 Roxie Dr, Austin, TX 78729, United States",4.9,178,NO,no window installation or repair signal on site,False,,site scrape,NO,,https://www.austingutterman.com/ | https://www.austingutterman.com/residential-rain-gutters-gutter-installation/ | https://www.austingutterman.com/commercial-rain-gutters-gutter-installation/ | https://www.austingutterman.com/austin-gutterman-difference/
A&M Glass Service Yes,http://www.amglassservice.com/,amglassservice.com,"12243 Shiloh Rd, Dallas, TX 75228, United States","12243 Shiloh Rd, Dallas, TX 75228, United States",4.9,93,NO,vehicle glass,True,"Auto Glass Repair & Replacement Dallas, Garland, Frisco, TX - A & M Glass Service Call Us at (214) 3",site scrape,NO,,https://www.amglassservice.com/ | https://www.amglassservice.com/auto-glass-replacement/ | https://www.amglassservice.com/auto-glass-repair/
DARKLIGHT WINDOW SERVICES Yes,https://darklightwindowservices.godaddysites.com/,darklightwindowservices.godaddysites.com,"12301 N Central Expy, Dallas, TX 75243, United States","12301 N Central Expy, Dallas, TX 75243, United States",3,2,NO,window tint/film,False,WHY CHOOSE WINDOW FILM?,site scrape,NO,,https://darklightwindowservices.godaddysites.com/ | https://darklightwindowservices.godaddysites.com/shop
Fish Window Cleaning Yes,https://www.fishwindowcleaning.com/Austin-TX-440/,fishwindowcleaning.com,"12307 Roxie Dr Ste 101, Austin, TX 78729, United States","12307 Roxie Dr Ste 101, Austin, TX 78729, United States",4.7,23,NO,window cleaning,False,Fish Window Cleaning | Professional Window Washers Skip to main content 877-707-FISH ☰ Services ▼ Commercia,site scrape,NO,,https://www.fishwindowcleaning.com/ | https://www.fishwindowcleaning.com/services/commercial-window-cleaning-services | https://www.fishwindowcleaning.com/services/residential-window-cleaning | https://www.fishwindowcleaning.com/window-cleaning-services
HRS Window Cleaning LLC Yes,http://hrswindowcleaning.com/,hrswindowcleaning.com,"12307 Roxie Dr Ste 102, Austin, TX 78729, United States","12307 Roxie Dr Ste 102, Austin, TX 78729, United States",5,21,YES,window replacement/installation,False,HRS Window Cleaning 0 Skip to Content HRS Window Cleaning Home Window Service and Repair High Dusting Products Blog About Open Menu Close Menu HRS Window Cleaning Home Window Ser,site scrape,YES,,https://www.hrswindowcleaning.com/ | https://www.hrswindowcleaning.com/window-service-and-repair | https://www.hrswindowcleaning.com/products
Driftwood Builders Roofing Yes,https://driftwoodbuildersroofing.com/?utm_campaign=gmb,driftwoodbuildersroofing.com,"12308 Twin Creek Rd Ste 101A, Manchaca, TX 78652, United States","12308 Twin Creek Rd Ste 101A, Manchaca, TX 78652, United States",5,258,YES,installs/replaces windows; insulated glass unit work; pane glazing work; replacement windows; window product line; window replacement/installation,False,512-894-0129 Home About Services Gutter Installation & Replacement Soffit & Fascia Repair Window Replacement Locations Projects Reviews Certification Home About Services Gutter Installation & Replac,site scrape,YES,,https://driftwoodbuildersroofing.com/ | https://driftwoodbuildersroofing.com/window-replacement-austin/ | https://driftwoodbuildersroofing.com/gutter-installation-austin/ | https://driftwoodbuildersroofing.com/roof-replacement-new-roof-installation-in-austin-tx/
JASB Roofing & Exterior Remodeling Yes,https://www.jasbsolutions.com/?utm_source=omg-gbp&utm_medium=webclick,jasbsolutions.com,"12325 Hymeadow Dr Ste 1-103, Austin, TX 78750, United States","12325 Hymeadow Dr Ste 1-103, Austin, TX 78750, United States",4.7,117,YES,installs/replaces windows; replacement windows; window product line; window replacement/installation; windows & doors,False,"terior remodeling services , including custom deck installation, siding installation, and window and door replacement .",site scrape,YES,,https://www.jasbsolutions.com/ | https://www.jasbsolutions.com/custom-doors-and-windows/ | https://www.jasbsolutions.com/siding-installation/ | https://www.jasbsolutions.com/siding-replacement/
Wolfman Chimney & Fireplace Yes,https://wolfmanchimneyfireplace.com/austin-tx/,wolfmanchimneyfireplace.com,"12345 Pauls Valley Rd Ste D-2, Austin, TX 78737, United States","12345 Pauls Valley Rd Ste D-2, Austin, TX 78737, United States",4.9,130,YES,insulated glass unit work,False,It’s more about figuring out which is best for you.,site scrape,YES,,https://wolfmanchimneyfireplace.com/ | https://wolfmanchimneyfireplace.com/chimney-fireplace-repairs/fireplace-replacements/ | https://wolfmanchimneyfireplace.com/austin-services/austin-fireplace-replacements/ | https://wolfmanchimneyfireplace.com/austin-services/austin-electric-fireplace-installation/
Alumiglass and Windows LLC Yes,https://alumiglassandwindows.com/,alumiglassandwindows.com,"1235 Tree Top Dr, Frisco, TX 75033, United States","1235 Tree Top Dr, Frisco, TX 75033, United States",5,76,YES,commercial storefront glazing; window product line; window replacement/installation; windows & doors,False,Expert Glass & Window Installation | Alumiglass & Windows Skip to content Customer Reviews ★ ★ ★ ★ ★ Recent Projects Leave U,site scrape,YES,,https://alumiglassandwindows.com/ | https://alumiglassandwindows.com/glass-window-installation/ | https://alumiglassandwindows.com/services/
Monty's Handyman & Remodeling Services Yes,https://getmontys.com/,getmontys.com,"12357 Riata Trace Pkwy Ste 200, Austin, TX 78727, United States","12357 Riata Trace Pkwy Ste 200, Austin, TX 78727, United States",4.9,135,NO,no window installation or repair signal on site,False,,site scrape,NO,,https://getmontys.com/ | https://getmontys.com/handyman-services
That 1 Painter Austin Yes,https://that1painter.com/austin,that1painter.com,"12357 Riata Trace Pkwy, Austin, TX 78727, United States","12357 Riata Trace Pkwy, Austin, TX 78727, United States",4.8,1085,YES,commercial storefront glazing,False,"try Licensed and insured commercial painting contractors serving office buildings, retail storefronts, warehouses, multi-family apartments, medical facilities, schools, churches, restaurants",site scrape,YES,,https://that1painter.com/ | https://that1painter.com/commercial-painting | https://that1painter.com/sell-ready-services
Stateline Windows & Doors Yes,https://www.statelinewd.com/,statelinewd.com,"1240 Shappert Dr, Machesney Park, IL 61115, United States","1240 Shappert Dr, Machesney Park, IL 61115, United States",5,5,YES,commercial storefront glazing; installs/replaces windows; named window styles; pane glazing work; replacement windows; window product line; window replacement/installation; windows & doors,False,ansform Your Home's Energy Efficiency ﻿ Rock County's TOP RATED window and door installation provider Professional window and door installation that reduces energy costs year-round.,site scrape,YES,,https://www.statelinewd.com/ | https://www.statelinewd.com/windows | https://www.statelinewd.com/window-catalogs | https://www.statelinewd.com/design-my-window-doors
The Blind Lady Yes,http://www.blindlady.com/,blindlady.com,"12400 State Hwy 71, Bee Cave, TX 78738, United States","12400 State Hwy 71, Bee Cave, TX 78738, United States",5,8,NO,window treatments,False,Your Window Covering Experts!,site scrape,NO,,https://www.blindlady.com/
Austin Auto Finishes Yes,https://www.austinautofinishes.com/,austinautofinishes.com,"12406 Technology Blvd, Austin, TX 78727, United States","12406 Technology Blvd, Austin, TX 78727, United States",4.8,406,NO,vehicle glass only,True,ction 87% Infrared Energy Rejection (IRER) 60% SIDES & REAR TINT | STARTING AT $299 FRONT WINDSHIELD TINT | STARTING AT $249 Tesla Model Y Juniper in for Full Madico Ceramic Window Tint - Au,site scrape,NO,,https://www.austinautofinishes.com/ | https://www.austinautofinishes.com/window-tint | https://www.austinautofinishes.com/services
Variety Blinds and Shutters Yes,http://www.varietyblinds.com/,varietyblinds.com,"12408 Altamira St, Austin, TX 78748, United States","12408 Altamira St, Austin, TX 78748, United States",4.8,37,NO,window tint/film; window treatments,False,"precise light control and privacy, making them a functional and stylish investment. view Solar Screens Designed specifically to combat the intense Texas sun, solar screens reduce solar heat g",site scrape,NO,,https://varietyblinds.com/ | https://varietyblinds.com/window-coverings/commercial-window-treatments/ | https://varietyblinds.com/window-coverings/outdoor-window-treatments/ | https://varietyblinds.com/window-coverings/
Sunset Auto Glass Solutions Yes,http://sunsetautoglass.net/,sunsetautoglass.net,"12410 Alameda Trace Cir, Austin, TX 78727, United States","12410 Alameda Trace Cir, Austin, TX 78727, United States",5,51,NO,vehicle glass only,True,Sunset AutoGlass | Auto Glass Repair Austin TX & Windshield top of page Home About Testimonials Contact (737) 610-3781,site scrape,NO,,https://www.sunsetautoglass.net/
Vana Homes Yes,https://www.vanahomes.com/,vanahomes.com,"1250 S Capital of Texas Hwy Bldg 3 suite 450, Austin, TX 78746, United States","1250 S Capital of Texas Hwy Bldg 3 suite 450, Austin, TX 78746, United States",5,17,NO,window cleaning,False,"xtra details like bathroom fans, baseboards, windows, inside cabinets, indoor and outdoor window cleaning, decks, garages, closets etc.",site scrape,NO,,https://www.vanahomes.com/ | https://www.vanahomes.com/concierge-services-best-medfield-house-cleaners | https://www.vanahomes.com/how-we-work-organized-high-end-cleaning-service | https://www.vanahomes.com/sample-packages-customized-home-cleaning-service
Century Outdoor Services Yes,https://centuryoutdoor.com/,centuryoutdoor.com,"12507 Pauls Valley Rd Bldg 2, Austin, TX 78737, United States","12507 Pauls Valley Rd Bldg 2, Austin, TX 78737, United States",4.9,208,NEEDS_REVIEW,insufficient signal,False,,"no site, no research",UNKNOWN,,https://centuryoutdoor.com/
😎 Austin Sunshades Tint & Sound Yes,https://www.austinsunshades.com/,austinsunshades.com,"12538 Research Blvd # B, Austin, TX 78759, United States","12538 Research Blvd # B, Austin, TX 78759, United States",4.7,372,NO,vehicle glass,True,"3M Window Tint Explore 3M Ceramic IR, 3M Crystalline , windshield film, and factory-match tint options for Austin drivers.",site scrape,NO,,https://www.austinsunshades.com/ | https://www.austinsunshades.com/auto-protection-services-austin/auto-window-tint-austin | https://www.austinsunshades.com/tint-services | https://www.austinsunshades.com/category/3m-window-tinting
Fiducia Roofing & Restoration Yes,https://fiduciarestoration.com/,fiduciarestoration.com,"12600 Hill Country Blvd R-275, Austin, TX 78738, United States","12600 Hill Country Blvd R-275, Austin, TX 78738, United States",5,56,NO,no window installation or repair signal on site,False,,site scrape,NO,,https://www.fiduciarestoration.com/ | https://www.fiduciarestoration.com/roofing-services
Austin Shower Glass Yes,https://www.austinshowerglass.com/,austinshowerglass.com,"12600 Hill Country Blvd R-275, Bee Cave, TX 78738, United States","12600 Hill Country Blvd R-275, Bee Cave, TX 78738, United States",5,171,NO,no window installation or repair signal on site,False,,site scrape,NO,,https://austinshowerglass.com/ | https://austinshowerglass.com/shower-glass-installation/ | https://austinshowerglass.com/shower-glass-replacement/ | https://austinshowerglass.com/shower-glass-services/
Mt. Zion Auto Glass Yes,https://www.mtzionautoglass.org/,mtzionautoglass.org,"12600 Hill Country Blvd Ste R-130, Bee Cave, TX 78738, United States","12600 Hill Country Blvd Ste R-130, Bee Cave, TX 78738, United States",0,0,NO,vehicle glass,True,"Mt. Zion Auto Glass 0 Skip to Content Services Our Story Contact Austin, Texas Phoenix, Arizona Open Menu Clo",site scrape,NO,,https://www.mtzionautoglass.org/ | https://www.mtzionautoglass.org/our-story | https://www.mtzionautoglass.org/tx-contact
TWT Exteriors & Roofing Yes,https://twtexteriors.com/,twtexteriors.com,"12600 Hill Country Blvd Ste R-275 #191, Bee Cave, TX 78738, United States","12600 Hill Country Blvd Ste R-275 #191, Bee Cave, TX 78738, United States",5,62,YES,window replacement/installation; windows & doors,False,"ts’ homes. Masonry Window work Painting Hardie Siding (concrete) Stucco Siding, Door, and Window Replacement Whether you’re looking to change the aesthetics of your home or your existing siding and",site scrape,YES,,https://twtexteriors.com/ | https://twtexteriors.com/construction-services/residential-exteriors/siding-windows-doors/ | https://twtexteriors.com/construction-services/progressive-screens-magnatrack/residential-magnatrack/ | https://twtexteriors.com/construction-services/progressive-screens-magnatrack/commercial-magnatrack/
Carpet now - South Austin Carpet Installation Yes,https://carpetnow.com/texas-locations/south-austin-carpet-installation,carpetnow.com,"12600 Hill Country Blvd Suite R-275 - #919, Bee Cave, TX 78738, United States","12600 Hill Country Blvd Suite R-275 - #919, Bee Cave, TX 78738, United States",5,160,NO,no window installation or repair signal on site,False,,site scrape,NO,,https://carpetnow.com/ | https://carpetnow.com/product-category/residential/ | https://carpetnow.com/product-category/commercial/ | https://carpetnow.com/texas-locations/austin-carpet-and-installation/round-rock-carpet-installation/
Lowe's Home Improvement Yes,https://www.lowes.com/store/TX-Bee-Cave/1948?cm_mmc=lod-_-c-_-lcl-_-awr-_-yxt-_-go-_-1948-_-na-_-0-_-0&y_source=1_MTE4MzQ3Ni03MTUtbG9jYXRpb24ud2Vic2l0ZQ%3D%3D,lowes.com,"12611 Suite 100 Shops Pkwy, Bee Cave, TX 78738, United States","12611 Suite 100 Shops Pkwy, Bee Cave, TX 78738, United States",4.1,964,NO,no window installation or repair signal on site,False,,site scrape,NO,,https://www.lowes.com/
American Tornado Master Yes,http://www.tornadomaster.com/,tornadomaster.com,"12640 Northwest Hwy, Dallas, TX 75228, United States","12640 Northwest Hwy, Dallas, TX 75228, United States",3.9,11,NO,Storm/tornado shelter manufacturer and installer,False,"tornadomaster.com - 'built, delivered and installed Above Ground Concrete & Steel and Below Ground Concrete & Steel Severe Weather Shelters'; below ground, handicapped, new construction, above ground and custom designer shelters. No window work.",web research (site unreachable),UNKNOWN,,https://tornadomaster.com/
Shower Doors of Austin Yes,https://www.goframelessaustin.com/,goframelessaustin.com,"12707 Nutty Brown Rd Bldg D, Austin, TX 78737, United States","12707 Nutty Brown Rd Bldg D, Austin, TX 78737, United States",4.8,64,YES,commercial storefront glazing; insulated glass unit work,False,"6 Frameless Neo-Angle with Ladder Pull in Leander, Tx This frameless neo-angle shower configuration makes brilliant use of the corner space next to a raised soaking tub platform.",site scrape,YES,,https://www.goframelessaustin.com/ | https://www.goframelessaustin.com/shower-door-tips/the-safety-of-frameless-glass-debunking-common-myths | https://www.goframelessaustin.com/shower-door-tips/why-frameless-glass-is-an-excellent-choice-for-pool-fencing | https://www.goframelessaustin.com/shower-door-tips/the-aesthetic-appeal-of-frameless-glass-in-office-spaces
Sicara Design Yes,http://www.sicaradesign.com/,sicaradesign.com,"12820 Hill Country Blvd Ste E-120, Bee Cave, TX 78738, United States","12820 Hill Country Blvd Ste E-120, Bee Cave, TX 78738, United States",5,23,NO,no window installation or repair signal on site,False,,site scrape,NO,,https://www.sicaradesign.com/ | https://www.sicaradesign.com/services
NewSouth Window Solutions Yes,https://newsouthwindow.com/location-austin-tx/,newsouthwindow.com,"12901 I-35 Bldg 6, Unit 600, Austin, TX 78753, United States","12901 I-35 Bldg 6, Unit 600, Austin, TX 78753, United States",5,34,YES,installs/replaces windows; insulated glass unit work; named window styles; replacement windows; window product line; window replacement/installation; windows & doors,False,T 4 FREE All NewSouth Windows* Get a free quote The NewSouth Process Easy and Stress-Free Window Replacement WORDS FROM OUR SATISFIED CUSTOMERS I could not be happier.,site scrape,YES,,https://newsouthwindow.com/
Austintatious Blinds & Shutters Yes,https://www.austintatiousblinds.com/,austintatiousblinds.com,"12918 Shops Pkwy #700, Austin, TX 78738, United States","12918 Shops Pkwy #700, Austin, TX 78738, United States",4.8,83,NO,window treatments,False,"Austintatious Blinds & Shutters | Window Coverings in Austin, Texas (512) 608-0302 12918 Shops Parkway, Suite",site scrape,NO,,https://austintatiousblinds.com/ | https://austintatiousblinds.com/products/ | https://austintatiousblinds.com/product_style/premier/
Alfa Romeo of Austin Service Yes,https://www.alfaromeoaustin.com/service/center.htm?utm_source=google&utm_medium=organic&utm_campaign=gbp+service,alfaromeoaustin.com,"12925 Pond Springs Rd, Austin, TX 78729, United States","12925 Pond Springs Rd, Austin, TX 78729, United States",4.9,410,NO,no window installation or repair signal on site,False,,site scrape,NO,,https://www.alfaromeoaustin.com/ | https://www.alfaromeoaustin.com/service-parts-special-coupons.htm | https://www.alfaromeoaustin.com/why-service-here.htm
Mend Services Yes,https://mendservices.com/,mendservices.com,"12951 Wright Rd, Buda, TX 78610, United States","12951 Wright Rd, Buda, TX 78610, United States",4.9,596,NEEDS_REVIEW,insufficient signal,False,,"no site, no research",UNKNOWN,,https://mendservices.com/
Art's Door & Window Replacement Yes,https://artswindowreplacement.com/,artswindowreplacement.com,+1 779-363-0284,"130 S State St #410, Belvidere, IL 61008, United States",5,5,YES,name states window installation/replacement/doors,False,,name/review keywords,UNREACHABLE,,
Precision Garage Door of Austin Yes,https://precisiondooraustin.com/?utm_source=gmb&utm_medium=location_austin&utm_campaign=website,precisiondooraustin.com,"1300 Smith Rd #105, Austin, TX 78721, United States","1300 Smith Rd #105, Austin, TX 78721, United States",4.9,1774,NO,no window installation or repair signal on site,False,,site scrape,NO,,https://precisiondooraustin.com/ | https://precisiondooraustin.com/book-now | https://precisiondooraustin.com/same-day-emergency-garage-door-service | https://precisiondooraustin.com/coupons/1
PORTEUSA Yes,http://porteusa.com/,porteusa.com,"1300 W Anderson Ln., Austin, TX 78757, United States","1300 W Anderson Ln., Austin, TX 78757, United States",5,50137,YES,commercial storefront glazing; insulated glass unit work; named window styles; window product line,False,"tee your satisfaction. WIndow Walls CASEMENT WINDOWS Steel Picture Frame Windows The most energy efficient windows You design it, we build and install it Standard features include 3/4"" insulated tempered",site scrape,YES,,https://porteusa.com/ | https://porteusa.com/windows | https://porteusa.com/commercial
Custom Sounds & Tint - Research Yes,https://www.customsounds.com/locations/13026-research-blvd-austin-tx-78750,customsounds.com,"13026 Research Blvd, Austin, TX 78750, United States","13026 Research Blvd, Austin, TX 78750, United States",4.5,284,NEEDS_REVIEW,insufficient signal,False,,"no site, no research",UNREACHABLE,,
Southern Windows and Doors Yes,https://slwindowsdfw.com/,slwindowsdfw.com,"1303 Columbia Dr Ste. 207, Richardson, TX 75081, United States","1303 Columbia Dr Ste. 207, Richardson, TX 75081, United States",4.7,30,YES,installs/replaces windows; insulated glass unit work; named window styles; pane glazing work; replacement windows; window product line; window replacement/installation; windows & doors,False,Southern Windows & Doors - Window Installation & Replacement Skip to content About Us About Us Getting Started Why NT Windows?,site scrape,YES,,https://slwindowsdfw.com/ | https://slwindowsdfw.com/window-types/presidential-vinyl/ | https://slwindowsdfw.com/window-replacement-in-richardson-tx-what-to-expect/ | https://slwindowsdfw.com/replacement-windows/
AC Superheroes Yes,https://www.acsuperheroestx.com/?utm_source=google&utm_medium=organic&utm_campaign=local+listings,acsuperheroestx.com,"1305 Buffalo Gap Rd, Austin, TX 78734, United States","1305 Buffalo Gap Rd, Austin, TX 78734, United States",4.9,313,YES,insulated glass unit work,False,I called up AC superheroes on a Saturday and they were here Sunday morning to figure out the problem.,site scrape,YES,,https://www.acsuperheroestx.com/ | https://www.acsuperheroestx.com/air-conditioning/ac-installation-austin-tx | https://www.acsuperheroestx.com/heating/furnace-installation-austin-tx | https://www.acsuperheroestx.com/heat-pump/heat-pump-installation-austin-tx
Round Rock Window Tinting Yes,https://roundrockwindowtinting.com/,roundrockwindowtinting.com,"1310 Chisholm Valley Dr Suite 403, Round Rock, TX 78681, United States","1310 Chisholm Valley Dr Suite 403, Round Rock, TX 78681, United States",5,473,NO,window tint/film,False,Round Rock Window Tinting | Trusted Ceramic Experts Round Rock Window Tinting Your Trusted Local Experts 434 â,site scrape,NO,,https://roundrockwindowtinting.com/ | https://roundrockwindowtinting.com/index.html
Well Done Screen Repair Yes,http://welldonescreenrepair.com/,welldonescreenrepair.com,"13102 Lubbock Ln, Austin, TX 78729, United States","13102 Lubbock Ln, Austin, TX 78729, United States",5,25,YES,installs/replaces windows; window replacement/installation,False,"Window Screen Repair | Austin Texas Located in Northwest Austin, Texas Contact John Boyden (512) 771-9910 Home",site scrape,YES,,https://www.welldonescreenrepair.com/
ATX Electrical Services Yes,http://atxelectricalservices.com/?utm_source=google&utm_medium=wix_google_business_profile&utm_campaign=2542670404864221154,atxelectricalservices.com,"13110 West Highway 290 #11, Austin, TX 78737, United States","13110 West Highway 290 #11, Austin, TX 78737, United States",5,95,NO,no window installation or repair signal on site,False,,site scrape,NO,,https://atxelectricalservices.com/ | https://atxelectricalservices.com/residential-services/ | https://atxelectricalservices.com/commercial-services/ | https://atxelectricalservices.com/specialized-services/
Austin Jones Company Yes,http://austinjonescompany.com/,austinjonescompany.com,"13119 Green River Trail, Austin, TX 78729, United States","13119 Green River Trail, Austin, TX 78729, United States",4.8,94,YES,installs/replaces windows; replacement windows; window product line; window replacement/installation,False,"OUT US SERVICES INTERIOR & EXTERIOR PAINTING KITCHEN & BATH REMODELING SIDING REPLACEMENT WINDOW REPLACEMENTS GALLERY REVIEWS CONTACT US Address 13119 Green River Trail, Austin, TX 78729 Get in touc",site scrape,YES,,https://www.austinjonescompany.com/ | https://www.austinjonescompany.com/window-replacements | https://www.austinjonescompany.com/siding-replacement
Bargain Blinds KC Yes,http://bargainblinds.shop/,bargainblinds.shop,"1314 E Las Olas Blvd Suite 1667, Fort Lauderdale, FL 33301, United States","1314 E Las Olas Blvd Suite 1667, Fort Lauderdale, FL 33301, United States",4.7,51,NO,blinds/shades/shutters/drapery (window treatments),False,,name/review keywords,UNREACHABLE,,
EcoStar Remodeling & Construction Yes,https://ecosremodeling.com/,ecosremodeling.com,"13140 Coit Rd Ste 340, Dallas, TX 75240, United States","13140 Coit Rd Ste 340, Dallas, TX 75240, United States",4.6,323,YES,installs/replaces windows; window product line; window replacement/installation,False,tions ADU Garage Conversions Plumbing Electrical HVAC Insulation Turf Roofing Landscaping Window Installation Driveways Exterior Painting Interior Painting Deck Builders Siding Patio Cover Foundation,site scrape,YES,,https://ecosremodeling.com/ | https://ecosremodeling.com/services/window-installation-services/ | https://ecosremodeling.com/services/ | https://ecosremodeling.com/services/bathroom-remodeling-services/
Metroplex Gutter and Windows Yes,https://metroplexgutters.com/,metroplexgutters.com,"1315 S Akard St, Dallas, TX 75215, United States","1315 S Akard St, Dallas, TX 75215, United States",5,7,YES,commercial storefront glazing; installs/replaces windows; insulated glass unit work; named window styles; pane glazing work; replacement windows; window product line; window replacement/installation,False,af Guards for DFW Trees Copper Gutters Commercial Gutter Systems Downspouts & Rain Chains Window Systems Replacement Windows — Engineered for DFW Summers Most window marketing is written for cold climates —,site scrape,YES,,https://metroplexgutters.com/ | https://metroplexgutters.com/replacement-windows/ | https://metroplexgutters.com/commercial-gutter-systems/ | https://metroplexgutters.com/gutter-installation/
Cothron's Safe & Lock Yes,https://www.cothrons.com/,cothrons.com,"1315 W Ben White Blvd, Austin, TX 78704, United States","1315 W Ben White Blvd, Austin, TX 78704, United States",4.6,126,YES,commercial storefront glazing,False,"273 License # B10744 Privacy Policy © COPYRIGHT 2025. ALL RIGHTS RESERVED. Commercial & Storefront Security Doors, Frames & Glass - Cothron's Security Professionals 24/7 Service 24/7 Servi",site scrape,YES,,https://www.cothrons.com/ | https://www.cothrons.com/security-services.html | https://www.cothrons.com/commercial-counter.html | https://www.cothrons.com/doors.html
Design Skylights Yes,https://www.designskylightsatx.com/,designskylightsatx.com,"13200 Pond Springs Rd I-73, Austin, TX 78729, United States","13200 Pond Springs Rd I-73, Austin, TX 78729, United States",4.8,43,NO,window treatments,False,. Fixed Skylights Fixed skylights do not open but still bring in beautiful natural light. Shades or blinds can be added to control the amount of light and can be operated with solar powe,site scrape,NO,,https://designskylightsatx.com/ | https://designskylightsatx.com/services-offered/ | https://designskylightsatx.com/skylight-products/
Longhorn Glass Yes,http://longhornglass.net/,longhornglass.net,"13216 Pond Springs Rd, Austin, TX 78729, United States","13216 Pond Springs Rd, Austin, TX 78729, United States",4.4,77,YES,building glass replacement; commercial storefront glazing; installs/replaces windows; insulated glass unit work,True,Glass Commercial Glass Residential Glass Heavy Machinery Window Cleaning Get A FAST Quote Commercial Glass Services FREE Estimates Lifetime Workmanship Warranty Same-Day Services Available Get A FAST Quot,site scrape,YES,,https://longhornglass.net/ | https://longhornglass.net/window-cleaning | https://longhornglass.net/commercial-glass | https://longhornglass.net/residential-glass
Love That Door Yes,https://www.lovethatdoor.com/?utm_campaign=gmbdallas,lovethatdoor.com,"1322 Round Table Dr, Dallas, TX 75247, United States","1322 Round Table Dr, Dallas, TX 75247, United States",5,95,YES,commercial storefront glazing; insulated glass unit work; named window styles; pane glazing work; window product line,False,led Steel Aluminum Products lift and slide patio doors aluminum bifold aluminum panoramic aluminum windows garage doors Thermally Broken Additional Features pulls locks finishes glass LTD CATALOG,site scrape,YES,,https://www.lovethatdoor.com/ | https://www.lovethatdoor.com/aluminum-windows/ | https://www.lovethatdoor.com/brass-windows/ | https://www.lovethatdoor.com/thermally-broken-aluminum-sliders-bifold-doors-windows/
Hardy Windows of Texas Yes,https://hardytexas.com/?utm_source=google&utm_medium=organic&utm_campaign=gbp-austin&utm_id=local&utm_content=austin,hardytexas.com,"13240 Pond Springs Rd, Austin, TX 78729, United States","13240 Pond Springs Rd, Austin, TX 78729, United States",5,14,YES,commercial storefront glazing; installs/replaces windows; insulated glass unit work; named window styles; pane glazing work; replacement windows; window product line; window replacement/installation; windows & doors,False,"Hardy Windows of Texas - Window Replacement in Austin, TX Link to X Link to Youtube Hardy Windows of Texas | 13240 Pond Springs Rd Au",site scrape,YES,,https://hardytexas.com/ | https://hardytexas.com/category/window-replacement/ | https://hardytexas.com/windows/ | https://hardytexas.com/window-installation-company-orange-county-2/referral-program/
Storm Guard Roofing of Austin Yes,https://www.stormguardrc.com/tx/austin-southwest/?utm_campaign=gmb&utm_medium=organic&utm_source=gbp,stormguardrc.com,"13284 Pond Springs Rd #303, Austin, TX 78729, United States","13284 Pond Springs Rd #303, Austin, TX 78729, United States",5,265,YES,installs/replaces windows; insulated glass unit work; named window styles; pane glazing work; window product line; window replacement/installation,False,"your siding in tip-top shape, bringing 20+ years of experience for long-lasting results. Window Installation Professional window installation often becomes necessary during a home remodel, home impr",site scrape,YES,,https://www.stormguardrc.com/ | https://www.stormguardrc.com/services/windows/ | https://www.stormguardrc.com/resources/category/window/ | https://www.stormguardrc.com/services/roofing/residential-roofing/
Salted Interiors Yes,https://www.saltedinteriors.com/,saltedinteriors.com,"13341 W U.S. 290 Bldg 2, Austin, TX 78737, United States","13341 W U.S. 290 Bldg 2, Austin, TX 78737, United States",4.7,10,NO,window treatments,False,dow Treatments Custom Bedding and Cushions Outdoor Living Space Planning / Design Outdoor Shades and Structure Design DESIGN CONSULTATION WORKING TOGETHER FULL SERVICE DESIGN CONCIERGE W,site scrape,NO,,https://www.saltedinteriors.com/ | https://www.saltedinteriors.com/services | https://www.saltedinteriors.com/services-7
Mister Glass Yes,https://www.misterglassinc.com/?utm_source=gmb&utm_medium=organic&utm_campaign=DALLAS,misterglassinc.com,"13342 Floyd Cir, Dallas, TX 75243, United States","13342 Floyd Cir, Dallas, TX 75243, United States",4.9,3629,YES,building glass replacement; commercial storefront glazing; insulated glass unit work; pane glazing work; window replacement/installation,True,main content About Auto Glass Windshield Repair Windshield Replacement Back Glass & Side Window Replacement ADAS Windshield Recalibration For Insurance Agencies For Fleet Service Residential Glass,site scrape,YES,,https://misterglassinc.com/ | https://misterglassinc.com/back-glass-side-window.html | https://misterglassinc.com/window-repair.html | https://misterglassinc.com/foggy-window.html
Windowpros Window Replacement Yes,http://austinwindowpros.com/,austinwindowpros.com,"13359 N N Hwy 183 Suite 406-520, Austin, TX 78750, United States","13359 N N Hwy 183 Suite 406-520, Austin, TX 78750, United States",4.9,39,YES,broken window glass; installs/replaces windows; insulated glass unit work; pane glazing work; replacement windows; window product line; window replacement/installation,False,Windowpros LLC | Replacement Windows in Austin Services Window Installation & Repair Window Replacement Glass Replacement Window Repair Residential Window Installati,site scrape,YES,,https://www.austinwindowpros.com/ | https://www.austinwindowpros.com/services/window-installation-repair/residential-window-installation | https://www.austinwindowpros.com/services/window-installation-repair/window-replacement | https://www.austinwindowpros.com/services/window-installation-repair/glass-replacement
Dayton Co. Roofing & Renovation Yes,http://daytoncontractingaustin.com/?utm_source=google&utm_medium=organic&utm_campaign=google-business-profile&utm_content=website,daytoncontractingaustin.com,"13363 Pond Springs Rd, Austin, TX 78729, United States","13363 Pond Springs Rd, Austin, TX 78729, United States",5,191,YES,insulated glass unit work; window replacement/installation,False,"ation services include skilled and efficient carpentry and rotten wood repair, siding and window replacement, professional painting, stucco repair, and more.",site scrape,YES,,https://daytoncontractingaustin.com/ | https://daytoncontractingaustin.com/services/roof-replacement/ | https://daytoncontractingaustin.com/services/ | https://daytoncontractingaustin.com/service-areas/
RAM Windows & Doors Yes,https://ramwindows.com/,ramwindows.com,+1 469-520-7866,"134 Oak Lawn Ave, Dallas, TX 75207, United States",4,31,YES,insulated glass unit work; named window styles; window product line; windows & doors,False,"tion to the outdoors, and create privacy exactly when you need it. LEARN MORE RESIDENTIAL Aluminum Windows & Doors For homeowners, builders, and architects seeking modern design and lasting perfor",site scrape,YES,,https://ramwindows.com/ | https://ramwindows.com/windows/artisan/aluminum-picture-windows/ | https://ramwindows.com/windows/ | https://ramwindows.com/product-design-options/
CrystalFlow Gutter Services Yes,http://gulfcoastgutterpros.com/,gulfcoastgutterpros.com,"1341 W Mockingbird Ln Ste 1088, Dallas, TX 75247, United States","1341 W Mockingbird Ln Ste 1088, Dallas, TX 75247, United States",5,2,YES,insulated glass unit work,False,""" C Chris Rodriguez 6 months ago "" Fixed a persistent leak that two other companies couldn't find.",site scrape,YES,,https://gulfcoastgutterpros.com/
Pella Windows and Doors of Dallas Yes,https://pellaofnorthtexas.com/Dallas,pellaofnorthtexas.com,+1 214-295-7989,"135 Payne St, Dallas, TX 75207, United States",4.7,135,YES,installs/replaces windows; named window styles; replacement windows; window product line; window replacement/installation; windows & doors,False,is field blank. Premium Design Trusted Professionals Award Winning What We Do Replacement Windows Replacement Doors New Construction Commercial Services Homeowners rate Pella as the leading window br,site scrape,YES,,https://www.pellaofdfw.com | https://www.pellaofdfw.com/replacement-windows/ | https://www.pellaofdfw.com/windows/bay-bow-windows/ | https://www.pellaofdfw.com/windows/casement-windows/
Foster Exteriors Window Company Yes,https://www.fosterexteriors.com/?utm_source=google&utm_medium=organic&utm_campaign=gbp-dallas&utm_id=local&utm_content=dallas,fosterexteriors.com,"1350 N Buckner Blvd #216, Dallas, TX 75218, United States","1350 N Buckner Blvd #216, Dallas, TX 75218, United States",4.9,135,YES,installs/replaces windows; insulated glass unit work; named window styles; pane glazing work; replacement windows; window product line; window replacement/installation; windows & doors,False,"r Story: Founded in 1987 by Lynn Foster, Foster Exteriors began as a roofing, siding, and window installation company serving Dallas, Texas.",site scrape,YES,,https://www.fosterexteriors.com/ | https://www.fosterexteriors.com/our-products/windows/nt-presidential-vinyl-window/ | https://www.fosterexteriors.com/our-products/windows/nt-executive-vinyl-window/ | https://www.fosterexteriors.com/our-products/windows/nt-twinsulator-aluminum-window/
Landmark Building Co. Yes,https://www.landmarkbuildingco.com/,landmarkbuildingco.com,"13590 Floyd Cir Ste 110, Dallas, TX 75243, United States","13590 Floyd Cir Ste 110, Dallas, TX 75243, United States",5,23,YES,named window styles; pane glazing work; window product line; window replacement/installation; windows & doors,False,"Locally owned and operated, we provide premium thermal break aluminum doors and windows with expert installation across Dallas-Fort Worth.",site scrape,YES,,https://www.landmarkbuildingco.com/ | https://www.landmarkbuildingco.com/categories/windows/sliding-window | https://www.landmarkbuildingco.com/categories/windows/aluminum-fixed-window | https://www.landmarkbuildingco.com/categories/windows/slim-aluminum-casement-window
Bennett MotorWerks Yes,https://bennettmotorwerks.com/?utm_campaign=gmb&utm_medium=gmb&utm_source=google,bennettmotorwerks.com,"13595 Floyd Cir Ste 400, Dallas, TX 75243, United States","13595 Floyd Cir Ste 400, Dallas, TX 75243, United States",4.8,162,NO,no window installation or repair signal on site,False,,site scrape,NO,,https://bennettmotorwerks.com/ | https://bennettmotorwerks.com/services/
Cool View Window Tint Yes,https://www.coolviewwindowtint.com/,coolviewwindowtint.com,"13713 Maye Pl, Austin, TX 78728, United States","13713 Maye Pl, Austin, TX 78728, United States",5,23,NO,window tint/film only,False,,name/review keywords,UNREACHABLE,,
Showroom Windows & Doors Yes,https://www.showroomwindows.com/?utm_source=GMB&utm_medium=local,showroomwindows.com,"13717 Burnet Rd #350A, Austin, TX 78727, United States","13717 Burnet Rd #350A, Austin, TX 78727, United States",5,138,YES,installs/replaces windows; insulated glass unit work; named window styles; replacement windows; window product line; window replacement/installation; windows & doors,False,Austin Window & Door Replacement Services | Showroom Windows & Doors Skip to main content Windows Window Replacement By Type Awning Windows Casement Windows Sliding Windows Picture Window Double-Hung Doors,site scrape,YES,,https://www.showroomwindows.com/ | https://www.showroomwindows.com/windows/ | https://www.showroomwindows.com/windows/awning-windows/ | https://www.showroomwindows.com/windows/casement-windows/
SKM Performance Yes,http://skmperformance.com/,skmperformance.com,"13717 Floyd Cir, Dallas, TX 75243, United States","13717 Floyd Cir, Dallas, TX 75243, United States",4.8,151,NO,no window installation or repair signal on site,False,,site scrape,NO,,https://www.skmperformance.com/
USA Windows and Doors Yes,https://www.usawindowsanddoors.com/?utm_campaign=gmb,usawindowsanddoors.com,"13800 NW 2nd St Unit 140, Sunrise, FL 33325, United States","13800 NW 2nd St Unit 140, Sunrise, FL 33325, United States",4.9,868,YES,named window styles; window product line; window replacement/installation; windows & doors,False,Get window pricing Call (954) 637-7029 Window styles Every impact window style we install.,site scrape,YES,,https://www.usawindowsanddoors.com/ | https://www.usawindowsanddoors.com/impact-windows.html | https://www.usawindowsanddoors.com/about-us.html
Comanche Roofing Yes,https://www.comancheroofing.com/,comancheroofing.com,"13804 Turbine Dr B, Austin, TX 78728, United States","13804 Turbine Dr B, Austin, TX 78728, United States",4.9,55,YES,insulated glass unit work,False,"ull home remodel, we ran into a few tricky roofing issues that previous roofers couldn’t figure out — but Cody was incredible.",site scrape,YES,,https://www.comancheroofing.com/ | https://www.comancheroofing.com/services/metal-roofing-austin-tx/metal-roof-installation/ | https://www.comancheroofing.com/services/metal-roofing-austin-tx/metal-roof-replacement/ | https://www.comancheroofing.com/services/flat-roofing-austin-tx/flat-roof-installation/
Premium Siding and Painting Yes,https://pspcompany.com/,pspcompany.com,"13806 Ann Pl Bldg 2, Austin, TX 78728, United States","13806 Ann Pl Bldg 2, Austin, TX 78728, United States",4.9,180,YES,insulated glass unit work; named window styles; window replacement/installation,False,"heat, humidity, and UV — keeping your home looking sharp for years to come. Learn More → Window Replacement Energy-efficient Andersen and Pella windows, professionally installed to reduce your ener",site scrape,YES,,https://pspcompany.com/ | https://pspcompany.com/services/windows/ | https://pspcompany.com/all-services/ | https://pspcompany.com/services/siding/
Guardian Bastille Window Film Solutions Yes,http://www.guardianbastille.com/,guardianbastille.com,"13809 Research Blvd 5th Floor, Austin, TX 78729, United States","13809 Research Blvd 5th Floor, Austin, TX 78729, United States",5,5058,NO,no window installation or repair signal on site,False,,site scrape,NO,,https://guardianbastille.com/
Expo Home Improvement Yes,https://www.expohomeimprovement.com/,expohomeimprovement.com,"13859 Diplomat Dr Ste 180, Farmers Branch, TX 75234, United States","13859 Diplomat Dr Ste 180, Farmers Branch, TX 75234, United States",4.9,2657,YES,installs/replaces windows; insulated glass unit work; named window styles; replacement windows; window product line; window replacement/installation,False,12 Months!* Home Services Bathroom Remodeling Kitchen Remodeling Services for Texas Homes Window Replacement Door Replacement About About Us Service Areas Careers at Expo Home Improvement Reviews Referral Rewards Pr,site scrape,YES,,https://www.expohomeimprovement.com/ | https://www.expohomeimprovement.com/window-replacement/ | https://www.expohomeimprovement.com/door-replacement/
Shade Shop Window Tinting & Paint Protection Yes,http://windowtintingservicesaustin.com/,windowtintingservicesaustin.com,+1 512-444-8468,"139 E St Elmo Rd #101, Austin, TX 78745, United States",4.9,412,NEEDS_REVIEW,"auto-glass name, but may also do building glass — must verify",False,,"no site, no research",UNREACHABLE,,
Dr home solutions group llc Yes,https://www.drhomesolutinshroup.com/,drhomesolutinshroup.com,+1 754-444-6715,"14 SE 25th St, Fort Lauderdale, FL 33316, United States",4.9,45,NEEDS_REVIEW,insufficient signal,False,,"no site, no research",UNREACHABLE,,
Remodel Boutique Yes,http://www.remodelboutique.com/,remodelboutique.com,"1401 Meander Dr, Austin, TX 78721, United States","1401 Meander Dr, Austin, TX 78721, United States",4.6,14,NO,no window installation or repair signal on site,False,,site scrape,NO,,https://www.remodelboutique.com/ | https://www.remodelboutique.com/services
Performance Windows Austin Yes,https://www.goperformancewindows.com/,goperformancewindows.com,"1405 Arrow Point Dr Bldg 11 Ste 1108, Cedar Park, TX 78613, United States","1405 Arrow Point Dr Bldg 11 Ste 1108, Cedar Park, TX 78613, United States",4.6,379,YES,installs/replaces windows; named window styles; replacement windows; window product line; window replacement/installation,False,Window Replacement & Installation | Performance Windows Skip to content Contact Us For Our Holiday Sale Toda,site scrape,YES,,https://goperformancewindows.com/ | https://goperformancewindows.com/our-work | https://goperformancewindows.com/contact
Ranger Window and Door Co. Yes,https://www.rangerwd.com/,rangerwd.com,"14155 W U.S. 290 Ste 340, Austin, TX 78737, United States","14155 W U.S. 290 Ste 340, Austin, TX 78737, United States",5,0,YES,insulated glass unit work; named window styles; window product line; windows & doors,False,"ties of these large-scale openings, from estimation to installation. Featured Brands FLEETWOOD WINDOWS & DOORS Since 1961, Fleetwood has been a premier California-based manufacturer specializi",site scrape,YES,,https://www.rangerwd.com/ | https://www.rangerwd.com/services
Century Glass & Mirror Inc. of Dallas Yes,http://www.centuryglassdallas.com/,centuryglassdallas.com,"1417 N Washington Ave, Dallas, TX 75204, United States","1417 N Washington Ave, Dallas, TX 75204, United States",4.9,87,YES,"Plate & window glass repair and replacement, insulated glass replacement, storefront glass; residential and commercial new installations, replacements and repairs",False,"Listed services: 'plate & window glass repair & replacement, windows, insulated glass replacement, shower doors & enclosures, mirrors, table furniture tops, shelves, cabinet glass and storefront'; categorized as a 'Doors & Windows' business in Dallas TX",web research (site unreachable),UNREACHABLE,,
Solara Custom Living - Showroom Yes,https://solaracustomliving.com/,solaracustomliving.com,+1 214-744-9900,"142 Howell St, Dallas, TX 75207, United States",4.7,30,YES,commercial storefront glazing; insulated glass unit work; pane glazing work; window product line; windows & doors,False,Learn More Thermal Steel & Aluminum Windows Contact us!,site scrape,YES,,https://solaracustomliving.com/ | https://solaracustomliving.com/solara-doors-windows/ | https://solaracustomliving.com/architectural-low-profile-doors-and-windows/ | https://solaracustomliving.com/european-windows/
Priority Roofing Yes,https://priorityroofs.com/location/dallas/,priorityroofs.com,"1420 W Mockingbird Ln Ste 540, Dallas, TX 75247, United States","1420 W Mockingbird Ln Ste 540, Dallas, TX 75247, United States",5,986,NO,no window installation or repair signal on site,False,,site scrape,NO,,https://priorityroofs.com/ | https://priorityroofs.com/residential/ | https://priorityroofs.com/commercial/
Peak Roofing and Construction Yes,https://www.peakroofingconstruction.com/,peakroofingconstruction.com,"14205 N Mopac Expy 5th Floor, Austin, TX 78728, United States","14205 N Mopac Expy 5th Floor, Austin, TX 78728, United States",5,29,YES,installs/replaces windows; named window styles; reglazing; replacement windows; window product line; window replacement/installation,False,ment Gutter Guards Gutter Cleaning Exterior Painting Siding Fence Installation And Repair Window Installation and Repair Interior Water Damage Inspections Water Remediation Ceiling and Wall Repair Flooring Repl,site scrape,YES,,https://www.peakroofingconstruction.com/ | https://www.peakroofingconstruction.com/exterior/window-installation-repair/ | https://www.peakroofingconstruction.com/exterior/ | https://www.peakroofingconstruction.com/residential-roofing/
CastleRock Foundation Repair Excavation Yes,https://www.castlerockfr.com/,castlerockfr.com,"14205 N Mopac Expy Ste 504, Austin, TX 78728, United States","14205 N Mopac Expy Ste 504, Austin, TX 78728, United States",4.9,73,NO,no window installation or repair signal on site,False,,site scrape,NO,,https://sevencourtsapartments.com/
Metroplex windows & Glass Yes,https://mydallaswindows.com/,mydallaswindows.com,"1425 Century Dr, Carrollton, TX 75006, United States","1425 Century Dr, Carrollton, TX 75006, United States",4.8,809,YES,installs/replaces windows; replacement windows; window product line; window replacement/installation,False,ices Windows Custom Windows Window Materials Window Styles Glass Windows Energy Efficient Windows Windows Replacement Custom Glass Doors Residential Doors Commercial Doors Panoramic Doors Patio Doors Shutter,site scrape,YES,,https://mydallaswindows.com/ | https://mydallaswindows.com/windows-replacement/ | https://mydallaswindows.com/services/
AG Window Services Yes,http://www.agwindowservice.com/,agwindowservice.com,"1426 Cedar Crest Dr, Garland, TX 75042, United States","1426 Cedar Crest Dr, Garland, TX 75042, United States",5,64,NEEDS_REVIEW,window in name but service type unconfirmed,False,,"no site, no research",UNKNOWN,,https://agwindowservice.com/
Capstone Window Replacement & Doors Yes,https://www.capstonephoenix.com/,capstonephoenix.com,"14301 N 87th St Ste 205 Ste 205, Scottsdale, AZ 85260, United States","14301 N 87th St Ste 205 Ste 205, Scottsdale, AZ 85260, United States",4.9,128,YES,installs/replaces windows; insulated glass unit work; named window styles; pane glazing work; replacement windows; window product line; window replacement/installation; windows & doors,False,"#1 Window Replacement Service in Phoenix, AZ Skip to content AZ’s Highest Rated Infinity By Marvin Dealer Home",site scrape,YES,,https://capstonephoenix.com/ | https://capstonephoenix.com/window-replacement-scottsdale-az/ | https://capstonephoenix.com/awning-window-replacement/ | https://capstonephoenix.com/casement-window-replacement/
Window Universe Dallas Ft Worth Yes,https://windowuniversedfw.com/,windowuniversedfw.com,"1431 Greenway Dr Ste 80042, Irving, TX 75038, United States","1431 Greenway Dr Ste 80042, Irving, TX 75038, United States",4.8,48205,YES,installs/replaces windows; insulated glass unit work; named window styles; pane glazing work; replacement windows; window product line; window replacement/installation; windows & doors,False,Doors French Doors Fire Rated Doors Installation Exact Measurements Custom Manufacturing Window Installation Dallas Service & Warranties Prices Menu Search for: Submit Welcome to the future of repla,site scrape,YES,,https://windowuniversedfw.com/ | https://windowuniversedfw.com/window-and-door-installation/window-installation/ | https://windowuniversedfw.com/replacement-windows/ | https://windowuniversedfw.com/windows-without-installation/
Nova Window Replacement Yes,http://replacementwindowsalgonquin.com/,replacementwindowsalgonquin.com,"1435 Geringer Rd, Algonquin, IL 60102, United States","1435 Geringer Rd, Algonquin, IL 60102, United States",5,61,YES,name states window installation/replacement/doors,False,,name/review keywords,UNREACHABLE,,
D&D Contracting Yes,http://www.ddtxcontracting.com/,ddtxcontracting.com,"14425 Falcon Head Blvd Bldg E Suite 100, Austin, TX 78738, United States","14425 Falcon Head Blvd Bldg E Suite 100, Austin, TX 78738, United States",5,23,NEEDS_REVIEW,insufficient signal,False,,"no site, no research",UNREACHABLE,,
Absolute Auto Glass Mobile Service Yes,https://atxautoglass.com/?utm_source=GMBlisting&utm_medium=organic,atxautoglass.com,"14503 State Hwy 71, Austin, TX 78738, United States","14503 State Hwy 71, Austin, TX 78738, United States",4.9,45,NEEDS_REVIEW,"auto-glass name, but may also do building glass — must verify",False,,"no site, no research",UNKNOWN,,https://atxautoglass.com/
SMART REPLACE CORP Yes,http://www.smartreplacecorp.com/,smartreplacecorp.com,"1451 W Cypress Creek Rd #300, Fort Lauderdale, FL 33309, United States","1451 W Cypress Creek Rd #300, Fort Lauderdale, FL 33309, United States",4.7,41,YES,commercial storefront glazing; window product line; window replacement/installation; windows & doors,False,Getting high-rise impact window installation for your buildings is also important for the following reasons.,site scrape,YES,,https://smartreplacecorp.com/ | https://smartreplacecorp.com/impactWindows.php | https://smartreplacecorp.com/highRiseImpactWindows.php | https://smartreplacecorp.com/whatAreImpactWindows.php
Texas Sun and Shade Yes,http://www.txsunandshade.com/,txsunandshade.com,"14510 Fitzhugh Rd Building 11, Austin, TX 78736, United States","14510 Fitzhugh Rd Building 11, Austin, TX 78736, United States",4.4,122,NO,window treatments,False,Texas Sun & Shade | Custom Interior & Exterior Shades Skip to content SHOWROOM CALL US Services Interior Exterior Specialty Products Warranty &,site scrape,NO,,https://www.txsunandshade.com/ | https://www.txsunandshade.com/services/specialty-products/ | https://www.txsunandshade.com/services/ | https://www.txsunandshade.com/services/interior/
TemperaturePro Austin Yes,https://temperatureproaustin.com/?utm_source=google&utm_medium=organic&utm_campaign=gbp,temperatureproaustin.com,"14707 Fitzhugh Rd, Austin, TX 78736, United States","14707 Fitzhugh Rd, Austin, TX 78736, United States",4.9,361,NO,no window installation or repair signal on site,False,,site scrape,NO,,https://temperatureproaustin.com/ | https://temperatureproaustin.com/commercial/services-service-and-repair/ | https://temperatureproaustin.com/commercial/services-retrofit-replacement/ | https://temperatureproaustin.com/ac-installation/
High End Impact Windows & Doors Yes,https://www.impactwindowsndoors.com/?utm_source=google&utm_medium=organic&utm_campaign=gbp-pompano-beach&utm_id=local&utm_content=pompano-beach,impactwindowsndoors.com,"1472 S Dixie Hwy E, Pompano Beach, FL 33060, United States","1472 S Dixie Hwy E, Pompano Beach, FL 33060, United States",4.9,165,YES,insulated glass unit work; named window styles; window product line; window replacement/installation; windows & doors,False,BEACH COUNTIES High End Impact Windows & Doors specializes in impact resistant hurricane windows and doors replacement and installation service.,site scrape,YES,,https://www.impactwindowsndoors.com/ | https://www.impactwindowsndoors.com/wp-content/uploads/2025/04/high-end-impact-windows-and-doors-2025.mp4 | https://www.impactwindowsndoors.com/glass/ | https://www.impactwindowsndoors.com/products/
CheckMark Roofing and Exteriors Yes,https://checkmarkexteriors.com/,checkmarkexteriors.com,"14900 Avery Ranch Blvd Suite C200, Austin, TX 78717, United States","14900 Avery Ranch Blvd Suite C200, Austin, TX 78717, United States",4.9,47,NEEDS_REVIEW,"glass shop or building contractor, window scope unknown",False,,"no site, no research",UNKNOWN,,https://checkmarkexteriors.com/
Flying Eagles- Home Remodeling Austin Texas Yes,http://flyingeaglesremodeling.com/,flyingeaglesremodeling.com,"14900 Avery Ranch Blvd, Austin, TX 78717, United States","14900 Avery Ranch Blvd, Austin, TX 78717, United States",5,27,YES,window product line; window replacement/installation,False,"Learn More Window Replacement Energy-efficient windows that combine beauty, functionality, and long-term value.",site scrape,YES,,https://flyingeaglesremodeling.com/ | https://flyingeaglesremodeling.com/services
Huracán Nero Auto Spa Austin Yes,https://www.huracannero.com/austin-tx,huracannero.com,"14911 Oklahoma St, Austin, TX 78734, United States","14911 Oklahoma St, Austin, TX 78734, United States",5,773,NO,vehicle glass only,True,CONTACT US FOR PRICING QUICK QUOTE Front 2 Window CONTACT US FOR PRICING QUICK QUOTE Full Windshield CONTACT US FOR PRICING QUICK QUOTE All Sides And Rear Window CONTACT US FOR PRICING QUICK,site scrape,NO,,https://www.huracannero.com/ | https://www.huracannero.com/window-tinting
Ross Howard Designs Yes,https://rosshoward.com/,rosshoward.com,"14999 Preston Rd a460, Dallas, TX 75254, United States","14999 Preston Rd a460, Dallas, TX 75254, United States",5,103,NO,window tint/film; window treatments,False,s Sheer Shades Shutters Vertical Window Treatments Window Shades Cellular Shades Roller & Solar Screen Shades Roman Shades Woven Wooden Shades Soft Treatments Custom Bedding & Pillows Custom D,site scrape,NO,,https://rosshoward.com/ | https://rosshoward.com/window-tinting-services/ | https://rosshoward.com/window-covering-operating-systems/ | https://rosshoward.com/window-coverings/
AJ Your Handyman Yes,http://www.ajyourhandyman.com/,ajyourhandyman.com,"15009 Dexler Dr, Austin, TX 78734, United States","15009 Dexler Dr, Austin, TX 78734, United States",5,65,YES,insulated glass unit work,False,He will figure it out or tell you if he can’t.,site scrape,YES,,https://www.ajyourhandyman.com/
Metro Steel Doors Austin Yes,https://metrosteeldoors.com/,metrosteeldoors.com,"1501 Ranch Rd 620 N a, Lakeway, TX 78734, United States","1501 Ranch Rd 620 N a, Lakeway, TX 78734, United States",4.1,419,YES,insulated glass unit work; named window styles; pane glazing work; windows & doors,False,Metro Steel Windows & Doors - Modern Front Doors | Exterior Doors Skip to content Home Products METRO 200 METRO W-40,site scrape,YES,,https://www.metrosteeldoors.com/ | https://www.metrosteeldoors.com/windows/metro-steel-thermal-break/ | https://www.metrosteeldoors.com/wp-content/uploads/2024/05/Steel-Window-Warranty-2018-rev.pdf | https://www.metrosteeldoors.com/windows/
HOME HERO REPAIR Yes,https://homeherorepair.com/,homeherorepair.com,"1503 Benton St, Rockford, IL 61107, United States","1503 Benton St, Rockford, IL 61107, United States",5,22,NEEDS_REVIEW,insufficient signal,False,,"no site, no research",UNREACHABLE,,
Fox Service Company Yes,https://www.foxservice.com/,foxservice.com,"1506 Ferguson Ln Ste 102, Austin, TX 78754, United States","1506 Ferguson Ln Ste 102, Austin, TX 78754, United States",4.8,5567,YES,insulated glass unit work,False,", as well as local building codes in the Austin area, so your new system is sized and configured to support consistent comfort.",site scrape,YES,,https://www.foxservice.com/ | https://www.foxservice.com/air-conditioning/ac-replacement-installation/ | https://www.foxservice.com/heating/furnace-replacement-installation/ | https://www.foxservice.com/service-areas/
Glass Rehab Yes,https://www.glassrehab.com/,glassrehab.com,"1506 S Congress Ave, Austin, TX 78704, United States","1506 S Congress Ave, Austin, TX 78704, United States",4.9,314,YES,broken window glass; building glass replacement; commercial storefront glazing; insulated glass unit work; pane glazing work; window product line; window replacement/installation,False,"n Glass Repair—Fast, Local Fixes | FREE Window Inspection Residential Commercial Services Window Glass Repair Foggy Window Repair Storefront Glass Glass Patio Doors Custom Mirrors Vinyl Beading Repla",site scrape,YES,,https://glassrehab.com/
Top Choice Yes,https://www.topchoiceaustin.com/,topchoiceaustin.com,"1508 Ferguson Ln, Austin, TX 78754, United States","1508 Ferguson Ln, Austin, TX 78754, United States",5,130,YES,insulated glass unit work,False,"-=� n���wj)�J ��R(XtUf�D5nԒ � �@���� �&� H�B�l""�D�h�O����q۠H�:=⑕�ei 0� �C݀�,���Iguʀ��bR-�4��M��àfa�Ҍ%�A�4��ݙ�FF�ȳ?",site scrape,YES,,https://www.topchoiceaustin.com/ | https://www.topchoiceaustin.com/landscaping-products/ | https://www.topchoiceaustin.com/wp-content/uploads/Service-area-2024.jpg
Zelaya Windows & Glass Yes,https://www.zelayawindows.com/?utm_source=google&utm_medium=wix_google_business_profile&utm_campaign=16006523137603938515,zelayawindows.com,"1510 Randolph St Ste 203, Carrollton, TX 75006, United States","1510 Randolph St Ste 203, Carrollton, TX 75006, United States",4.4,44147,YES,"Vinyl window replacement and installation, glass replacement, patio doors, storm windows; residential and business",False,"Angi listing for Zelaya Windows & Glass, Carrollton TX: 'quality Vinyl Windows, Glass, Patio Door replacements and installation... New Windows Service, Storm Windows - Install or Replace, Business Window Service'",web research (site unreachable),UNREACHABLE,,
Terrapin Electric Yes,https://terrapinelectric.com/?utm_source=google&utm_medium=organic&utm_campaign=google_business_profile&utm_term=austin&utm_id=gbp,terrapinelectric.com,"1514 Ed Bluestein Blvd Ste 301, Austin, TX 78721, United States","1514 Ed Bluestein Blvd Ste 301, Austin, TX 78721, United States",4.9,327,YES,insulated glass unit work,False,"systems due to higher voltage requirements, increased energy demands, and specialized configurations tailored to different business environments.",site scrape,YES,,https://terrapinelectric.com/ | https://terrapinelectric.com/services/commercial/ | https://terrapinelectric.com/services/commercial/diagnostic-services/ | https://terrapinelectric.com/services/commercial-fixture-installation/
Creative Gutter Yes,https://creativegutter.com/,creativegutter.com,"1515 Fuller Dr, Dallas, TX 75218, United States","1515 Fuller Dr, Dallas, TX 75218, United States",4.9,138,YES,commercial storefront glazing; insulated glass unit work,False,Copper instead of aluminum multiplies the whole figure.,site scrape,YES,YES,https://creativegutter.com/ | https://creativegutter.com/residential-gutter-installation/ | https://creativegutter.com/commercial-gutter-installation/ | https://creativegutter.com/gutter-installation-repair-dallas/
XPEL Dallas Yes,https://www.dfwclearbra.com/,dfwclearbra.com,"1517 Prudential Dr, Dallas, TX 75235, United States","1517 Prudential Dr, Dallas, TX 75235, United States",4.9,242,NO,window tint/film,True,"XPEL Dallas | Paint Protection Film, Window Tint and Ceramic Coating Get a Quote HOME ABOUT US PRODUCTS & SERVICES Paint Protection Film C",site scrape,NO,,https://www.dfwclearbra.com/ | https://www.dfwclearbra.com/services/car-window-tinting/ | https://www.dfwclearbra.com/services/office-home-window-film/
Austin Windshields Yes,https://austinwindshields.net/auto-glass-austin-tx/,austinwindshields.net,"15203 Sophie Dr, Austin, TX 78734, United States","15203 Sophie Dr, Austin, TX 78734, United States",5,342,NO,vehicle glass,True,Austin Windshields | Mobile Auto Glass Service Central Texas Skip to content Free Quote Services Auto Glass,site scrape,NO,,https://austinwindshields.net/ | https://austinwindshields.net/services/windshield-replacement/ | https://austinwindshields.net/services/ | https://austinwindshields.net/auto-glass-repair/
APS Window Tint & PPF Yes,https://www.apsolutionstx.com/,apsolutionstx.com,"15210 Fitzhugh Rd #304, Austin, TX 78736, United States","15210 Fitzhugh Rd #304, Austin, TX 78736, United States",5,80,NO,vehicle glass,True,ice Areas Paint Protection Window Tint Services Ceramic Coating PPF Color PPF Window Tint Windshield Protection Film Testimonials Blog Book Online Detail Club Menu Home About Us APS Service,site scrape,NO,,https://apsolutionstx.com/ | https://apsolutionstx.com/window-tint/ | https://apsolutionstx.com/window-tint-south-austin/ | https://apsolutionstx.com/category/testimonials/window-tinting/
Gatsby Glass Yes,https://www.gatsbyglass.com/south-austin-tx/,gatsbyglass.com,"15210 Fitzhugh Rd Ste 902, Austin, TX 78736, United States","15210 Fitzhugh Rd Ste 902, Austin, TX 78736, United States",4.9,34,YES,"Residential glass repair and window replacement (incl. foggy/failed units), plus commercial glass and shower/mirror work",False,"gatsbyglass.com/east-dallas-tx/glass-services/ 'Glass Services in Dallas, TX' — services include residential glass repair, window replacement, shower glass, mirrors; Google review: 'windows at my house were getting more and more foggy... Gatsby charged $1,200 and did a great job with the installatio",web research (site unreachable),UNREACHABLE,,
Treaty Oak Shade Co. Yes,https://treatyoakshade.com/,treatyoakshade.com,"15218 Nightingale Ln, Austin, TX 78734, United States","15218 Nightingale Ln, Austin, TX 78734, United States",4.9,57,NO,blinds/shades/shutters/drapery (window treatments),False,,name/review keywords,UNKNOWN,,https://treatyoakshade.com/
Custom Sounds & Tint Yes,https://www.customsounds.com/locations/15301-n-ih-35-pflugerville-texas-78660,customsounds.com,"15301 N Interstate Hwy 35 c2, Pflugerville, TX 78660, United States","15301 N Interstate Hwy 35 c2, Pflugerville, TX 78660, United States",4.5,294,NEEDS_REVIEW,insufficient signal,False,,"no site, no research",UNREACHABLE,,
CloudIT Austin Yes,https://www.clouditaustin.com/,clouditaustin.com,"15310 Storm Dr Unit 201, Austin, TX 78734, United States","15310 Storm Dr Unit 201, Austin, TX 78734, United States",5,37,YES,insulated glass unit work,False,"ice, antennas, and some other complicated devices that I wouldn't have ever been able to figure out!",site scrape,YES,,https://clouditaustin.com/ | https://clouditaustin.com/managed-it-services/ | https://clouditaustin.com/wifi-installation-management/ | https://clouditaustin.com/ubiquiti-products/
Cooler Green Solutions Yes,http://www.coolergreensolutions.com/,coolergreensolutions.com,"15406 Checotah Dr, Austin, TX 78734, United States","15406 Checotah Dr, Austin, TX 78734, United States",5,128,NO,no window installation or repair signal on site,False,,site scrape,NO,,https://coolergreensolutions.com/ | https://coolergreensolutions.com/commercial-insulation/ | https://coolergreensolutions.com/get-a-quote/
Marvin Design Gallery by Mountain West Windows and Doors Yes,https://mwwd.com/locations/az/scottsdale/?utm_source=google&utm_medium=organic&utm_campaign=gbp-profile,mwwd.com,"15507 N Scottsdale Rd, Scottsdale, AZ 85254, United States","15507 N Scottsdale Rd, Scottsdale, AZ 85254, United States",4.8,629,YES,commercial storefront glazing; installs/replaces windows; insulated glass unit work; named window styles; replacement windows; window product line; window replacement/installation; windows & doors,False,Options Limited Warranty All Products Service Close Service Open Service Request Service Window Replacement Door Replacement Request Service Window Replacement Door Replacement About Close About Open About Contact,site scrape,YES,,https://mwwd.com/ | https://mwwd.com/window-replacement/ | https://mwwd.com/products/windows/ | https://mwwd.com/wp-content/uploads/DoorsWindowsInCabin.jpg
Custom FX Window Tinting Yes,http://www.customfxtint.com/,customfxtint.com,"15533 N Interstate 35 Frontage Rd #1, Pflugerville, TX 78660, United States","15533 N Interstate 35 Frontage Rd #1, Pflugerville, TX 78660, United States",4.9,255,NO,window tint/film only,False,,name/review keywords,UNREACHABLE,,
Randy Palmeri & Son Inc Yes,https://www.randypalmeriandson.com/?utm_source=GMB_Listing&utm_medium=Organic&utm_campaign=Website_Button,randypalmeriandson.com,"1560 S Alpine Rd, Rockford, IL 61108, United States","1560 S Alpine Rd, Rockford, IL 61108, United States",4,72,YES,installs/replaces windows; replacement windows; window replacement/installation,False,"Randy Palmeri & Son Contracting is a fully licensed and insured contractor providing window replacement and repair services in Rockford, Illinois, Northern Illinois, and Wisconsin.",site scrape,YES,,https://www.randypalmeriandson.com/ | https://www.randypalmeriandson.com/what-we-do
Pro Lux Construction Yes,https://proluxcon.com/,proluxcon.com,"1560 Sawgrass Corporate Pkwy Ste 400, Sunrise, FL 33323, United States","1560 Sawgrass Corporate Pkwy Ste 400, Sunrise, FL 33323, United States",5,33,YES,named window styles; window product line; window replacement/installation,False,My wife wanted our windows replaced in our new home.,site scrape,YES,,https://proluxcon.com/ | https://proluxcon.com/impact-windows
Western Pacific Building Materials - Austin Yes,https://www.gowestpac.com/,gowestpac.com,"15855 Long Vista Dr #103, Austin, TX 78728, United States","15855 Long Vista Dr #103, Austin, TX 78728, United States",3.9,28,YES,insulated glass unit work; window product line; windows & doors,False,Why We’re Different Locations Continuous Improvement Join Us What We Do Products Windows Wood Windows Large Openings Skylights Exterior Doors Fiberglass Doors Wood Doors Interior Doors Paint,site scrape,YES,,https://gowestpac.com/ | https://gowestpac.com/products/windows/wood-windows/ | https://gowestpac.com/products/windows/ | https://gowestpac.com/products/windows/large-openings/
Auto Tinting Austin LLC Yes,https://autotintingaustin.com/auto-tinting-austin-d/,autotintingaustin.com,"1601 Bench Mark Dr Ste C, Austin, TX 78728, United States","1601 Bench Mark Dr Ste C, Austin, TX 78728, United States",4.9,280,NO,window tint/film only,False,,name/review keywords,UNKNOWN,,https://autotintingaustin.com/
Chorus Security Yes,https://callchorus.com/locations/austin-tx-home-security/?utm_source=google&utm_medium=gmb&utm_campaign=austin_home_security,callchorus.com,"1601 Rutherford Ln, Austin, TX 78754, United States","1601 Rutherford Ln, Austin, TX 78754, United States",4.7,130,NO,no window installation or repair signal on site,False,,site scrape,NO,,https://callchorus.com/ | https://callchorus.com/commercial-pest-control/ | https://callchorus.com/general-pest-control/
Absolute Auto Glass Yes,http://www.atxautoglass.com/,atxautoglass.com,"1607 Cuernavaca Dr N #400, Austin, TX 78733, United States","1607 Cuernavaca Dr N #400, Austin, TX 78733, United States",5,8,NEEDS_REVIEW,"auto-glass name, but may also do building glass — must verify",False,,"no site, no research",UNKNOWN,,https://atxautoglass.com/
Closets by Design - Austin Yes,https://austin.closetsbydesign.com/?source=gmap,austin.closetsbydesign.com,"1611 Headway Cir Building 3, Austin, TX 78754, United States","1611 Headway Cir Building 3, Austin, TX 78754, United States",4.8,596,NO,no window installation or repair signal on site,False,,site scrape,NO,,https://austin.closetsbydesign.com/
Hourglass Solutions LLC Yes,http://hourglassdfw.com/,hourglassdfw.com,"1612 Falcon Drive, Dallas, TX 75247, United States","1612 Falcon Drive, Dallas, TX 75247, United States",5,10,YES,commercial storefront glazing; insulated glass unit work; reglazing; window product line; window replacement/installation,False,"Whether you need an entire window replacement, reglazing, or a custom job we will both be there to help complete your project.",site scrape,YES,,https://www.hourglassdfw.com/ | https://www.hourglassdfw.com/residential | https://www.hourglassdfw.com/services | https://www.hourglassdfw.com/home-personal
Diamond Collision Glass & Fleet Yes,https://www.dcgf512.com/,dcgf512.com,"1618 Future Dr, Austin, TX 78754, United States","1618 Future Dr, Austin, TX 78754, United States",5,130,NEEDS_REVIEW,"auto-glass name, but may also do building glass — must verify",False,,"no site, no research",UNREACHABLE,,
Michael's Keys Locksmith Yes,https://michaelskeyslocksmith.com/locations/michaels-keys-dallas/?utm_source=google-business-listing&utm_medium=organic&utm_campaign=dallas_gbl_profile,michaelskeyslocksmith.com,"1625 W Mockingbird Ln Ste 208, Dallas, TX 75235, United States","1625 W Mockingbird Ln Ste 208, Dallas, TX 75235, United States",4.6,158,NO,"Locksmith and security (key cutting, rekeying, safes, access control, cameras)",False,"michaelskeyslocksmith.com/services/residential-services/ and /services/commercial-services/ — key cutting, rekeying, smart locks, lockouts, safes, access control, security cameras. Medeco service center. No window work.",web research (site unreachable),UNKNOWN,,https://michaelskeyslocksmith.com/
Auto Enhancements Yes,https://www.autoenhancementsatx.com/,autoenhancementsatx.com,"16300 Central Commerce Dr Bldg 3, Pflugerville, TX 78660, United States","16300 Central Commerce Dr Bldg 3, Pflugerville, TX 78660, United States",4.6,78,NO,window tint/film; window treatments,False,Tint LLUMAR window tint creates a driving experience that is like no other.,site scrape,NO,,https://autoenhancementsatx.com/ | https://autoenhancementsatx.com/car-window-tint.html | https://autoenhancementsatx.com/commercial-fleet-solutions.html
Reliable Sliding Glass Door Repair Yes,http://www.reliabledoorrepair.com/,reliabledoorrepair.com,"1640 E Sunrise Blvd Unit 2304, Fort Lauderdale, FL 33304, United States","1640 E Sunrise Blvd Unit 2304, Fort Lauderdale, FL 33304, United States",4.8,133,YES,pane glazing work,False,"t all issues are as obvious as a damaged windowpane. Even in normal temperatures, if your double-pane windows appear milky or foggy, it may indicate a faulty seal, which means it’s time to re",site scrape,LIKELY,,https://reliabledoorrepair.com/ | https://reliabledoorrepair.com/broken-glass-replacement/
Texan Windows Yes,https://texanwindows.com/?utm_source=Ad+Pages&utm_id=Texan+Windows+SEO,texanwindows.com,+1 512-298-1051,"165 Tecon Cove, Buda, TX 78610, United States",4.5,75,YES,installs/replaces windows; named window styles; replacement windows; window product line; window replacement/installation,False,"Step 2: Choose Your Windows Replacement, in-stock, or new construction.",site scrape,YES,,https://texanwindows.com/en-us | https://texanwindows.com/en-us/products/ply-gem-1015-x-475-1100-white-vinyl-casement-window | https://texanwindows.com/en-us/products/ply-gem-175-x-235-1100-tan-vinyl-fixed-window | https://texanwindows.com/en-us/products/elevate-175-x-275-inspire-clay-vinyl-single-hung-window
Covert CDJR Bee Cave Yes,https://www.covertcdjrbeecave.com/?utm_source=google&utm_medium=organic&utm_campaign=google_business_profile,covertcdjrbeecave.com,"16501 Sweetwater Vlg Dr Bldg 3, Austin, TX 78738, United States","16501 Sweetwater Vlg Dr Bldg 3, Austin, TX 78738, United States",4.8,1856,NEEDS_REVIEW,insufficient signal,False,,"no site, no research",UNREACHABLE,,
Covert Cadillac Bee Cave Yes,https://www.covertbeecavecadillac.com/?utm_source=google&utm_medium=organic&utm_campaign=google_my_business,covertbeecavecadillac.com,"16501 Sweetwater Vlg Dr Building 2, Austin, TX 78738, United States","16501 Sweetwater Vlg Dr Building 2, Austin, TX 78738, United States",4.7,1600,NEEDS_REVIEW,insufficient signal,False,,"no site, no research",UNREACHABLE,,
Covert Bee Cave Yes,https://www.covertbeecave.com/,covertbeecave.com,"16501 Sweetwater Vlg Dr, Austin, TX 78738, United States","16501 Sweetwater Vlg Dr, Austin, TX 78738, United States",4.9,22,NEEDS_REVIEW,insufficient signal,False,,"no site, no research",UNREACHABLE,,
Sky West Builders Yes,http://www.skywestbuilders.com/,skywestbuilders.com,"16505 Westview Trail, Austin, TX 78737, United States","16505 Westview Trail, Austin, TX 78737, United States",5,12,NO,no window installation or repair signal on site,False,,site scrape,NO,,https://skywestbuilders.com/ | https://skywestbuilders.com/home-remodeling-services-austin.php.html | https://skywestbuilders.com/austin-residential-remodeling-contractor.php.html
Gator Garage Door Repair Yes,https://gatorgaragedoorrepair.com/service-areas/round-rock-tx?utm_source=google&utm_medium=organic&utm_campaign=GMB-78664,gatorgaragedoorrepair.com,"16713 Joe Barbee Dr, Round Rock, TX 78664, United States","16713 Joe Barbee Dr, Round Rock, TX 78664, United States",5,3266,NO,window treatments,False,We can also install shutters at the same time as the commercial door.,site scrape,NO,,https://www.gatorgaragedoorrepair.com/ | https://www.gatorgaragedoorrepair.com/services/commercial-garage-door-installation/ | https://www.gatorgaragedoorrepair.com/services/garage-door-installation/ | https://www.gatorgaragedoorrepair.com/services/garage-door-opener-installation/
West Austin Siding Solutions Yes,https://westaustinsidingsolutions.com/,westaustinsidingsolutions.com,"1700 Ranch Rd 620 S, Lakeway, TX 78734, United States","1700 Ranch Rd 620 S, Lakeway, TX 78734, United States",3.7,3,NEEDS_REVIEW,"glass shop or building contractor, window scope unknown",False,,"no site, no research",UNKNOWN,,https://westaustinsidingsolutions.com/
Austin Home Additions and ADUs Yes,https://austinhomeadditions.com/,austinhomeadditions.com,"1700 S Lamar Blvd #338, Austin, TX 78704, United States","1700 S Lamar Blvd #338, Austin, TX 78704, United States",5,35,NO,no window installation or repair signal on site,False,,site scrape,NO,,https://austinhomeadditions.com/ | https://austinhomeadditions.com/our-services/
Sun Tint Yes,http://www.suntint.com/,suntint.com,"1700 W Koenig Ln, Austin, TX 78756, United States","1700 W Koenig Ln, Austin, TX 78756, United States",4.8,224,NO,window tint/film; window treatments,True,"Sun Tint | Automotive, Commercial, Residential Window Tint, Paint Protection Film, Austin Texas 512-467-6767 Home About Us Meet the Team Window Tint",site scrape,NO,,https://www.suntint.com/ | https://www.suntint.com/commercial-window-tinting/ | https://www.suntint.com/residential-window-tinting/ | https://www.suntint.com/auto-window-tint-austin/
Consider it Done - GARSC - Greater Austin Residential Service Company Yes,http://www.garsc.com/,garsc.com,"1704, 1/2 S Congress Ave Suite F, Austin, TX 78704, United States","1704, 1/2 S Congress Ave Suite F, Austin, TX 78704, United States",5,191,NO,no window installation or repair signal on site,False,,site scrape,NO,,https://garsc.com/
Sunn Home Services Yes,http://sunnhomeservices.com/,sunnhomeservices.com,"1706 Dungan Ln A-104, Austin, TX 78754, United States","1706 Dungan Ln A-104, Austin, TX 78754, United States",4.7,35,NO,window cleaning,False,reviews on Angi's List info@SunnHomeServices.com (512) 490-6633 Home Residential Services Window Cleaning Gutter Cleaning Power Washing Lawn & Landscape Holiday & Event Lighting Maid Services,site scrape,NO,,https://www.sunnhomeservices.com/ | https://www.sunnhomeservices.com/commercial-window-cleaning | https://www.sunnhomeservices.com/window-cleaning-tx | https://www.sunnhomeservices.com/maid-service-4
Gate Doctors Yes,https://www.austingatedoctors.com/,austingatedoctors.com,"1706 Dungan Ln STE B-104, Austin, TX 78754, United States","1706 Dungan Ln STE B-104, Austin, TX 78754, United States",4.9,285,NO,no window installation or repair signal on site,False,,site scrape,NO,,https://www.austingatedoctors.com/ | https://www.austingatedoctors.com/residentialgates | https://www.austingatedoctors.com/commercialgates
Infinity AC of Austin Yes,http://infinityairco.com/austin,infinityairco.com,+1 512-377-6755,"171 Preslar Cir, Austin, TX 78736, United States",5,325,NEEDS_REVIEW,insufficient signal,False,,"no site, no research",UNKNOWN,,https://infinityairco.com/
Texas Windows Direct Yes,https://texaswindowsdirect.com/,texaswindowsdirect.com,"1710 Atlas Rd, Cedar Park, TX 78613, United States","1710 Atlas Rd, Cedar Park, TX 78613, United States",5,4960,YES,pane glazing work; window replacement/installation,False,"Window Installation in Cedar Park, TX | (512) 529-8612 Texas Windows Direct LLC Call Us Today!",site scrape,YES,,https://www.texaswindowsdirect.com/
Steinman Audio Yes,https://steinmanaudio.com/,steinmanaudio.com,"1719 E Riverside Blvd, Rockford, IL 61114, United States","1719 E Riverside Blvd, Rockford, IL 61114, United States",4.1,242,YES,insulated glass unit work,False,But they figured it out and are getting me squared away.,site scrape,YES,,https://steinmanaudio.com/ | https://steinmanaudio.com/services/
Brightside Windows DFW Yes,https://www.brightsidewindowsdfw.com/,brightsidewindowsdfw.com,"17250 Dallas Pkwy Ste 220, Dallas, TX 75248, United States","17250 Dallas Pkwy Ste 220, Dallas, TX 75248, United States",5,4,NO,window cleaning,False,Brightside Windows DFW - Premium Window Cleaning Services Services Residential Window Cleaning Commercial Window Cleaning Solar Panel C,site scrape,NO,,https://brightsidewindowsdfw.com/
JCM Construction And Design Yes,http://jcmconstruction.andersenwindowscertifiedcontractors.com/,jcmconstruction.andersenwindowscertifiedcontractors.com,"17250 Dallas Pkwy, Dallas, TX 75248, United States","17250 Dallas Pkwy, Dallas, TX 75248, United States",5,507,YES,"Window installation and replacement, plus service and repair of windows - Andersen certified contractor",False,"Business listing for JCM Construction and Design, 17250 Dallas Pkwy, (214) 223-9151: 'The company specializes in General Contracting, Windows Installation, and Door Sales/Installation... they service and repair any door or window, especially Andersen windows and doors.' Site is hosted on Andersen's ",web research (site unreachable),UNREACHABLE,,
Affordable Windows Plus Exteriors Yes,https://www.affordablewindowsofaz.com/locations/gilbert-az,affordablewindowsofaz.com,"1730 W Sunrise Blvd #101-B, Gilbert, AZ 85233, United States","1730 W Sunrise Blvd #101-B, Gilbert, AZ 85233, United States",4.8,533,YES,installs/replaces windows; insulated glass unit work; named window styles; pane glazing work; replacement windows; window product line; window replacement/installation; windows & doors,False,Window Replacement Gilbert | Energy-Efficient Windows & Doors Home Service Locations Reviews Offers Contact,site scrape,YES,,https://www.affordablewindowsofaz.com/ | https://www.affordablewindowsofaz.com/service-areas | https://www.affordablewindowsofaz.com/windows | https://www.affordablewindowsofaz.com/2-lite-slider-windows
Sunny State Glass Yes,https://sunnystateglass.com/,sunnystateglass.com,"1734 W Williams Dr #8, Phoenix, AZ 85027, United States","1734 W Williams Dr #8, Phoenix, AZ 85027, United States",5,206,YES,commercial storefront glazing; installs/replaces windows; insulated glass unit work; named window styles; pane glazing work; reglazing; replacement windows; window product line; window replacement/installation; windows & doors,False,esidential) Multi-Family Projects (Apartment & HOA) Window & Door Brands High-Performance Window Glass Glass Repair & Custom Services Glass Replacement & Reglazing Window & Door Repairs Custom Glass & Mirr,site scrape,YES,,https://www.sunnystateglass.com/ | https://www.sunnystateglass.com/replacement-windows | https://www.sunnystateglass.com/window-and-door-brands | https://www.sunnystateglass.com/window-and-door-repairs
Gino’s Mobile Window Tinting Yes,https://ginosmobiletinting.com/,ginosmobiletinting.com,"1748 SW 4th St, Fort Lauderdale, FL 33312, United States","1748 SW 4th St, Fort Lauderdale, FL 33312, United States",4.9,160,NO,window tint/film only,False,,name/review keywords,UNKNOWN,,https://ginosmobiletinting.com/
Nunez Home’s Renovation Yes,https://nunezhomerenovation.com/,nunezhomerenovation.com,"1752 Windsor Rd #108, Loves Park, IL 61111, United States","1752 Windsor Rd #108, Loves Park, IL 61111, United States",4.6,73,NO,no window installation or repair signal on site,False,,site scrape,NO,,https://nunezhomerenovation.com/ | https://nunezhomerenovation.com/services/ | https://nunezhomerenovation.com/bathroom-remodeling-service/ | https://nunezhomerenovation.com/basement-renovation-services/
Discount Home Warehouse Yes,http://www.dhwsalvage.com/,dhwsalvage.com,"1768 Empire Central Dr, Dallas, TX 75235, United States","1768 Empire Central Dr, Dallas, TX 75235, United States",4.6,145,NO,no window installation or repair signal on site,False,,site scrape,NO,,https://www.dhwsalvage.com/
Bethany Windows Yes,http://bethanywindowstexas.com/,bethanywindowstexas.com,"1775 County Rd 279 A-104, Liberty Hill, TX 78642, United States","1775 County Rd 279 A-104, Liberty Hill, TX 78642, United States",5,84,YES,installs/replaces windows; replacement windows; windows & doors,False,"Bethany Windows - Replacement Windows in Austin, Round Rock, Georgetown, Texas Home About Us What's Special?",site scrape,YES,,https://bethanywindowstexas.com/ | https://bethanywindowstexas.com/about-us | https://bethanywindowstexas.com/special
BlueStar | Window Cleaning & Surface Protection | DFW's Best Yes,https://bluestar.co/,bluestar.co,"17811 Davenport Rd Ste 25, Dallas, TX 75252, United States","17811 Davenport Rd Ste 25, Dallas, TX 75252, United States",5,20,NO,window cleaning/washing,False,,name/review keywords,UNREACHABLE,,
Best Buy Windows and Siding Yes,https://www.bestbuywindowsandsiding.com/,bestbuywindowsandsiding.com,"1800 N Glenville Dr #102, Richardson, TX 75081, United States","1800 N Glenville Dr #102, Richardson, TX 75081, United States",4.4,375,YES,installs/replaces windows; named window styles; pane glazing work; replacement windows; window product line; window replacement/installation; windows & doors,False,sement Windows Specialty Windows Low-E Glass Windows Argon Gas-Filled Windows Energy Star Windows Custom Windows Replacement Windows Vinyl Siding Service Areas Open menu Collin County Dallas County Denton County Ro,site scrape,YES,,https://www.bestbuywindowsandsiding.com/ | https://www.bestbuywindowsandsiding.com/services/low-e-glass-windows/ | https://www.bestbuywindowsandsiding.com/services/replacement-windows/ | https://www.bestbuywindowsandsiding.com/window-replacement-southlake-tx/
Storey Construction Yes,http://storeybuilders.com/,storeybuilders.com,"1801 E 51st St Ste 365-413, Austin, TX 78723, United States","1801 E 51st St Ste 365-413, Austin, TX 78723, United States",3,2,NEEDS_REVIEW,"glass shop or building contractor, window scope unknown",False,,"no site, no research",UNREACHABLE,,
Solar Service Yes,https://solarservice-tx.com/,solarservice-tx.com,"1801 E 51st St STE 365, #250, Austin, TX 78723, United States","1801 E 51st St STE 365, #250, Austin, TX 78723, United States",5,707,YES,insulated glass unit work,False,"the Team 2011 Brian and His Platoon Sergeant after their last Mission in Iraq. Brian Rodriguez Owner ✓ 4th Generation Veteran (9/11 Wars, Korea, WWII, WWI) ✓ Born & Raised In Texas ✓",site scrape,YES,,https://solarservice-tx.com/ | https://solarservice-tx.com/services/solar-panels-repairs-maintenance/battery-repair-and-installation/ | https://solarservice-tx.com/services/solar-panels-repairs-maintenance/monitoring-repair-installation/ | https://solarservice-tx.com/services/solar-panels-repairs-maintenance/solar-panel-removal-and-reinstall/
Capitol Blind & Drapery Co Yes,http://capitolblind.net/,capitolblind.net,"1801 Hydro Dr, Austin, TX 78728, United States","1801 Hydro Dr, Austin, TX 78728, United States",2.8,4,NO,blinds/shades/shutters/drapery (window treatments),False,,name/review keywords,UNREACHABLE,,
Mission Home Builders Yes,http://missionhomebuilders.com/,missionhomebuilders.com,"1801 S MoPac Expy #100, Austin, TX 78746, United States","1801 S MoPac Expy #100, Austin, TX 78746, United States",5,13,NO,no window installation or repair signal on site,False,,site scrape,NO,,https://www.missionhomebuilders.com/
Vivax Pros Yes,https://www.vivaxpros.com/,vivaxpros.com,"1804 Ulit Ave, Austin, TX 78702, United States","1804 Ulit Ave, Austin, TX 78702, United States",4.9,1197,NO,no window installation or repair signal on site,False,,site scrape,NO,,https://www.vivaxpros.com/
Ramos Windows Yes,http://ramoswindows.com/,ramoswindows.com,"1807 Joan Dr, Dallas, TX 75217, United States","1807 Joan Dr, Dallas, TX 75217, United States",5,6,YES,"Window installation and replacement, retrofit windows, fogged/damaged glass replacement, solar screens",False,"ramoswindows.com/services/ - 'Windows Installation & Replacement - their professional window handymen are qualified to install and replace any type of windows'; 'a lot of experience on retrofit windows, replacement damage fogged glass'",web research (site unreachable),UNREACHABLE,,
A+ Window Cleaning Services LLC Yes,https://www.apluswcs.com/,apluswcs.com,"1814 Conn Creek Rd, Cedar Park, TX 78613, United States","1814 Conn Creek Rd, Cedar Park, TX 78613, United States",5,830,NO,window cleaning,False,Top Rated Window cleaning and Pressure washing locally Home About About Us Gallery Partners Blog Contact Service,site scrape,NO,,https://www.apluswcs.com/ | https://www.apluswcs.com/commercial-window-cleaning | https://www.apluswcs.com/window-cleaning | https://www.apluswcs.com/window-cleaning-faqs
Keystone Siding Yes,https://keystonecrestsiding.repair/,keystonecrestsiding.repair,"1818 Simond Ave, Austin, TX 78723, United States","1818 Simond Ave, Austin, TX 78723, United States",0,0,NO,no window installation or repair signal on site,False,,site scrape,NO,,https://keystonecrestsiding.repair/
CountyLine Glass Yes,http://www.countylineglass.com/,countylineglass.com,"1819 Peters Rd #3, Irving, TX 75061, United States","1819 Peters Rd #3, Irving, TX 75061, United States",4.2,13,YES,commercial storefront glazing; insulated glass unit work; pane glazing work; window replacement/installation; windows & doors,False,"for homeowners and businesses throughout Dallas, Tarrant & Collin County Texas including window replacements, storefronts, shower enclosures, mirrors, and custom glass work designed to enhance safe",site scrape,YES,,https://countylineglass.com/ | https://countylineglass.com/windows/ | https://countylineglass.com/doors/
IFIXHUB Computer Repair Dallas Yes,https://ifixhub.com/,ifixhub.com,"1820 W Mockingbird Ln, Dallas, TX 75235, United States","1820 W Mockingbird Ln, Dallas, TX 75235, United States",4.7,250,NO,no window installation or repair signal on site,False,,site scrape,NO,,https://ifixhub.com/
Quick Roofing - Austin Yes,https://www.quickroofing.com/,quickroofing.com,"1834 Ferguson Ln #1400, Austin, TX 78754, United States","1834 Ferguson Ln #1400, Austin, TX 78754, United States",4.9,196,NO,no window installation or repair signal on site,False,,site scrape,NO,,https://www.quickroofing.com/
Guaranteed Tire & Auto Repair Yes,https://www.guaranteedtireauto.com/,guaranteedtireauto.com,"1835 Empire Central Dr # B, Dallas, TX 75235, United States","1835 Empire Central Dr # B, Dallas, TX 75235, United States",5,18,NO,vehicle glass only,True,and diagnostics Preventative maintenance with mileage-based schedules Light bodywork and windshield replacement Exclusive Fleet Benefits Our goal is to save your business time and money whi,site scrape,NO,,https://www.guaranteedtireauto.com/
AK Calibration & Auto Glass Yes,https://akcalibrationautoglass.com/,akcalibrationautoglass.com,"1835 Empire Central Dr Ste I, Dallas, TX 75235, United States","1835 Empire Central Dr Ste I, Dallas, TX 75235, United States",4.8,18,NO,Auto glass replacement and ADAS windshield calibration,False,"Site pages 'Windshield Repair and Replacement Dallas, TX' and 'ADAS Windshield Calibration Company'; 'chip repair, auto glass replacement, and windshield replacement on most personal and commercial vehicles'",web research (site unreachable),UNKNOWN,,https://akcalibrationautoglass.com/
Bimmer Connection llc Yes,https://www.bimmerconex.com/,bimmerconex.com,"1835 Empire Central Dr Ste:J, Dallas, TX 75235, United States","1835 Empire Central Dr Ste:J, Dallas, TX 75235, United States",5,105,NO,no window installation or repair signal on site,False,,site scrape,NO,,https://www.bimmerconex.com/
Grey & White Solutions Yes,http://greywhitewd.com/,greywhitewd.com,"1848 NW 38th Ave, Lauderhill, FL 33311, United States","1848 NW 38th Ave, Lauderhill, FL 33311, United States",5,32,YES,commercial storefront glazing; named window styles; pane glazing work; window product line; window replacement/installation; windows & doors,False,G WINDOWS CASEMENT WINDOWS COMMERCIAL WINDOWS HORIZONTAL ROLLER WINDOWS HOW TO START YOUR WINDOWS INSTALLATION STEP 1 CONSULTATION AND MEASUREMENT Free estimates for multi-window and large-scale proje,site scrape,YES,,https://www.greywhitewd.com/ | https://www.greywhitewd.com/commercial-windows | https://www.greywhitewd.com/impact-windows | https://www.greywhitewd.com/single-windows
ABA Sliding Glass Repairs Yes,http://fortlauderdaleslidingdoors.com/,fortlauderdaleslidingdoors.com,"1900 E Sunrise Blvd, Fort Lauderdale, FL 33304, United States","1900 E Sunrise Blvd, Fort Lauderdale, FL 33304, United States",5,5,YES,broken window glass; commercial storefront glazing; installs/replaces windows; insulated glass unit work; named window styles; pane glazing work; replacement windows; window product line; window replacement/installation,False,Weatherstripping Service Shower Door Repair Door Glass Repair Door Jamb Repair Patio Door Window Repair Interior Door Repair Front Door Replacement Service Barn Door Repair Garage Door Repair D,site scrape,YES,,https://www.fortlauderdaleslidingdoors.com/ | https://www.fortlauderdaleslidingdoors.com/window-repair-service-fort-lauderdale-fl/ | https://www.fortlauderdaleslidingdoors.com/window-glass-repair-fort-lauderdale-fl/ | https://www.fortlauderdaleslidingdoors.com/new-window-installation-fort-lauderdale-fl/
Diamond Auto Glass Yes,https://diamondautoglassdfw.com/,diamondautoglassdfw.com,"1905 E Shady Grove Rd, Irving, TX 75060, United States","1905 E Shady Grove Rd, Irving, TX 75060, United States",4.3,144,NO,vehicle glass,True,Windshield Replacement Dallas Fort Worth | Diamond Auto Glass Diamond Auto Glass Services Service Ar,site scrape,NO,,https://diamondautoglassdfw.com/ | https://diamondautoglassdfw.com/services/vent-glass-replacement | https://diamondautoglassdfw.com/services/door-glass-replacement | https://diamondautoglassdfw.com/services/quarter-glass-replacement
WindshieldHUB Yes,https://www.windshieldhub.com/texas/dallas?utm_medium=local&utm_source=google&utm_campaign=gbp&utm_term=dallas,windshieldhub.com,"1910 Pacific Ave Suit 2000, Dallas, TX 75201, United States","1910 Pacific Ave Suit 2000, Dallas, TX 75201, United States",4.9,194,NO,vehicle glass,True,Instant Auto Glass Quotes | Windshield Replacement & Repair | WindshieldHUB® Home Our Services About Us Find,site scrape,NO,,https://www.windshieldhub.com/ | https://www.windshieldhub.com/back-glass-replacement | https://www.windshieldhub.com/our-services | https://www.windshieldhub.com/windshield-replacement
Window e-Store Yes,https://windowestore.com/,windowestore.com,"1912 W Anderson Ln. Ste 208B, Austin, TX 78757, United States","1912 W Anderson Ln. Ste 208B, Austin, TX 78757, United States",4.8,102,YES,installs/replaces windows; insulated glass unit work; named window styles; pane glazing work; replacement windows; window product line; window replacement/installation; windows & doors,True,"Because you will be buying directly, there is no need to worry about retail window replacement prices.",site scrape,YES,,https://windowestore.com/ | https://windowestore.com/diy-replacement-windows/ | https://windowestore.com/energy-efficient-windows/ | https://windowestore.com/eco-storm-coastal-windows/
Pegasus Exotic Auto Solutions Yes,http://pegasusautosolutions.com/,pegasusautosolutions.com,"1938 Singleton Blvd, Dallas, TX 75212, United States","1938 Singleton Blvd, Dallas, TX 75212, United States",5,0,NO,no window installation or repair signal on site,False,,site scrape,NO,,https://pegasusautosolutions.com/ | https://pegasusautosolutions.com/services/ | https://pegasusautosolutions.com/contact/
Allied Door Repair Yes,http://www.allieddoorrepair.com/,allieddoorrepair.com,"1940 NW 1st Ave, Pompano Beach, FL 33060, United States","1940 NW 1st Ave, Pompano Beach, FL 33060, United States",4.9,183,YES,installs/replaces windows; replacement windows; window replacement/installation,False,Allied Sliding Glass Door & Window Repair Allied Sliding Glass Door & Window Repair Allied Sliding Glass Door & Window Repair Allie,site scrape,YES,,https://allieddoorrepair.com/ | https://allieddoorrepair.com/windows
Infinity Conversions Yes,http://www.icatx.com/,icatx.com,"1942 Picadilly Dr, Round Rock, TX 78664, United States","1942 Picadilly Dr, Round Rock, TX 78664, United States",4.5,63,NO,window tint/film,False,ronics Katzkin Leather Vehicle Wraps Performance Upgrades Suspension Lift Kits & Off-Road Window Tinting Wheels & Tires Vehicle Wraps Gallery Contact Facebook Twitter Yelp Youtube Instagram E,site scrape,NO,,https://icatx.com/ | https://icatx.com/services/window-tinting/ | https://icatx.com/product-line-card/ | https://icatx.com/services/
Broward Impact Window & Door Yes,https://www.browardimpact.com/?utm_source=google&utm_medium=maps&utm_campaign=gmb,browardimpact.com,"1954 Tigertail Blvd, Dania Beach, FL 33004, United States","1954 Tigertail Blvd, Dania Beach, FL 33004, United States",4.6,246,YES,installs/replaces windows; replacement windows; window product line; window replacement/installation; windows & doors,False,"According to Broward Impact, residential impact window installations in Broward County range from $8,000 to $35,000.",site scrape,YES,,https://www.browardimpact.com/ | https://www.browardimpact.com/replacement-windows/ | https://www.browardimpact.com/impact-windows/
Scorpio Auto Glass Yes,http://www.scorpioautoglass.com/,scorpioautoglass.com,+1 214-393-7152,"2 Westside Dr, Dallas, TX 75209, United States",4.6,117,NO,vehicle glass,True,Auto Glass Dallas | Windshield Repair & Replacement | Scorpio Auto Glass Skip to content Home About,site scrape,NO,,https://scorpioautoglass.com/ | https://scorpioautoglass.com/services/
DW Distribution Door Fabrication - Lancaster Yes,https://www.dwdistribution.com/,dwdistribution.com,+1 214-381-2200,"2001 Danieldale Rd, Lancaster, TX 75134, United States",3.9,26,NO,no window installation or repair signal on site,False,,site scrape,NO,,https://www.dwdistribution.com/ | https://www.dwdistribution.com/new-products-at-dw/ | https://www.dwdistribution.com/be-the-product-expert/
Glass Doctor of Dallas Metroplex Yes,https://glassdoctor.com/dallas?cid=LSTL_MGD000191&utm_source=gmb&utm_campaign=local&utm_medium=organic,glassdoctor.com,+1 972-437-8244,"2001 Midway Rd #121, Carrollton, TX 75006, United States",4.7,2942,YES,broken window glass; building glass replacement; commercial storefront glazing; installs/replaces windows; insulated glass unit work; named window styles; pane glazing work; replacement windows; window product line; window replacement/installation; windows & doors,True,ss Doctor Window and Door Services Window and Door Services back Window and Door Services Window Glass Repair and Replacement Window Installation and Replacement Patio Door Installation and Repair Wi,site scrape,YES,,https://glassdoctor.com/ | https://glassdoctor.com/home-glass/window-glass | https://glassdoctor.com/home-glass/windows-doors/window-screen-installation | https://glassdoctor.com/home-window-replacement
Downtown Dallas Auto Glass Yes,https://downtowndallasautoglass.com/,downtowndallasautoglass.com,+1 469-888-9193,"2001 Ross Ave, Dallas, TX 75201, United States",5,3,NO,vehicle glass,True,Auto Glass & Windshield Replacement in Downtown Dallas Home About Services Auto Glass Repair Replace,site scrape,NO,,https://downtowndallasautoglass.com/ | https://downtowndallasautoglass.com/CarWindowReplacement | https://downtowndallasautoglass.com/AutoGlassRepaiReplacementices | https://downtowndallasautoglass.com/AutoBackGlassReplacement
EcoView Windows & Doors Yes,https://www.ecoviewdfw.com/?utm_source=gbp&utm_medium=organic&utm_campaign=gbp-listing&utm_content=grand-prarie-office,ecoviewdfw.com,+1 972-247-2949,"2003 108th St #303, Grand Prairie, TX 75050, United States",4.9,348,YES,installs/replaces windows; insulated glass unit work; named window styles; pane glazing work; replacement windows; window product line; window replacement/installation; windows & doors,False,"coview Windows and Doors Dallas, Fort Worth, Austin, Waco, and Temple, Texas Our Services Window Replacement Door Replacement About Us Our Story Why Choose Us Meet The Team Our Process Resources Customer Reviews FAQ",site scrape,YES,,https://www.ecoviewdfw.com/ | https://www.ecoviewdfw.com/window-replacement | https://www.ecoviewdfw.com/window-replacement-in-austin-tx-why-who-measures-your-windows-actually-matters | https://www.ecoviewdfw.com/top-3-reasons-people-dont-replace-their-windows-in-texas-and-why-they-actually-should
Express Impact Glass Manufacturing Fort Lauderdale Yes,https://expressimpactglass.com/locations/fort-lauderdale/?utm_campaign=GBPwebsite&utm_medium=organic&utm_source=google,expressimpactglass.com,+1 954-507-2222,"2003 W Cypress Creek Rd Ste 109, Fort Lauderdale, FL 33309, United States",5,2,YES,insulated glass unit work; window product line; window replacement/installation,False,ances your home’s safety but can also save you money in the long run by preventing costly window replacements and repairs inside your home after a storm.,site scrape,YES,,https://expressimpactglass.com/ | https://expressimpactglass.com/products/hurricane-impact-windows/ | https://expressimpactglass.com/florida-hurricane-impact-windows-manufacturer-supplier-near-you/ | https://expressimpactglass.com/products/laminated-glass/interlayer-colored-glass/
Cedar Park Overhead Doors - Lakeway Yes,https://www.cedarparkgaragedoors.com/locations/lakeway/,cedarparkgaragedoors.com,+1 512-955-5162,"2009 Ranch Rd 620 N #140, Lakeway, TX 78734, United States",5,981,NO,window treatments,False,ors Garage Door Repair Dock Equipment Door Operators Gates & Operators Security Grilles & Shutters Commercial Products See All Products Our Commercial Work See Completed Projects Free Pric,site scrape,NO,,https://cedarparkgaragedoors.com/ | https://cedarparkgaragedoors.com/commercial-garage-door-products/ | https://cedarparkgaragedoors.com/commercial-services/ | https://cedarparkgaragedoors.com/services/
City Limit Construction LLC Yes,https://citylimitconstruction.com/,citylimitconstruction.com,+1 512-729-3300,"2009 Ranch Rd 620 N Bldg 3 suite 310, Austin, TX 78734, United States",4.9,69,NEEDS_REVIEW,"glass shop or building contractor, window scope unknown",False,,"no site, no research",UNREACHABLE,,
AV Automation Yes,http://www.avautomation.com/,avautomation.com,+1 512-795-4242,"2009 Ranch Rd 620 N Ste 130, Lakeway, TX 78734, United States",4.2,5,NO,window treatments,False,"more energy-conscious home—all while adding elegance and function to every space. Savant Shades Automated Window Treatments: Privacy, Comfort & Efficiency in One Touch Discover the perf",site scrape,NO,,https://avautomation.com/ | https://avautomation.com/residential/37575/Window-Treatments-Lighting-Control | https://avautomation.com/commercial/38064/Window-Treatments-Lighting-Control | https://avautomation.com/residential.php
Buckley Window Corporation Yes,https://www.buckleywindow.com/,buckleywindow.com,+1 954-396-4211,"201 NE 32nd St, Oakland Park, FL 33334, United States",4.7,172,YES,named window styles; window product line; window replacement/installation; windows & doors,False,"Energy Savings Warranty Protection Learn More → Commercial Services Large-scale impact window and door installations for commercial properties, office buildings, and retail spaces.",site scrape,YES,,https://buckleywindow.com/ | https://buckleywindow.com/services-products | https://buckleywindow.com/services/impact-windows | https://buckleywindow.com/services/residential
Ace Handyman Services West Austin Yes,https://www.acehandymanservices.com/offices/west-austin?utm_source=google&utm_medium=gbp,acehandymanservices.com,+1 512-366-3142,"201 Ranch Rd 620 S A, Lakeway, TX 78734, United States",4.9,501,YES,Window replacements and adjustments listed under installation services,False,"acehandymanservices.com/services/installation - 'expert installation for doors, windows, appliances and more'; installation list includes 'window replacements and adjustments for improved comfort and energy efficiency'.",web research (site unreachable),UNKNOWN,,https://www.acehandymanservices.com/
Luft Windows Yes,https://www.luftwindows.com/,luftwindows.com,+1 480-508-8958,"2010 E University Dr #25, Tempe, AZ 85281, United States",5,41,YES,installs/replaces windows; insulated glass unit work; named window styles; pane glazing work; window product line; window replacement/installation; windows & doors,False,"European Window Replacement Phoenix, AZ | Luft Windows 0 Skip to Content Home About Windows Picture Windows Specialty",site scrape,YES,,https://www.luftwindows.com/ | https://www.luftwindows.com/window-installation-phoenix | https://www.luftwindows.com/picture-windows-phoenix | https://www.luftwindows.com/specialty-windows-arizona
Tints By Medina Yes,https://tintsxmedina.square.site/,tintsxmedina.square.site,+1 779-970-6726,"2013 Harrison Ave, Rockford, IL 61104, United States",5,11,NEEDS_REVIEW,insufficient signal,False,,"no site, no research",UNKNOWN,,https://tintsxmedina.square.site/
Windowmere Windows and Doors Yes,https://windormere-windows-doors.com/,windormere-windows-doors.com,+1 214-695-1335,"202 N West St A, Rockwall, TX 75087, United States",5,59,YES,installs/replaces windows; named window styles; pane glazing work; replacement windows; window product line; window replacement/installation; windows & doors,False,Door Installation & Replacement (469) 966-6397 Menu Call Now (469) 966-6397 Home Services Window Installation Replacement Windows Window Contractor Door Installation Door Replacement Patio Doors Attic Insulation,site scrape,YES,,https://windormere-windows-doors.com/ | https://windormere-windows-doors.com/Window-Installation.htm | https://windormere-windows-doors.com/Replacement-Windows.htm | https://windormere-windows-doors.com/Replacement-Windows_Rockwall_TX.htm
Window Replacement Yes,https://dallas-windows-doors.com/contact/,dallas-windows-doors.com,+1 972-640-7918,"2021 Cockrell Ave, Dallas, TX 75215, United States",5,503,YES,"Window installation and window replacement, plus door installation and replacement",False,"dallas-windows-doors.com/dallas/ titled 'The Best Window Replacement and Door Installation Dallas, TX'; Yelp listing 'Dallas Windows and Doors, 2021 Cockrell Ave' matches; 'specializes in window installation, window replacement, door installation, and door replacement for residential properties acro",web research (site unreachable),UNKNOWN,,https://dallas-windows-doors.com/
Quality Exteriors Yes,https://www.qualityexteriorsatx.com/,qualityexteriorsatx.com,+1 737-308-2035,"2021 Guadalupe St Ste 260, Austin, TX 78705, United States",5,454,YES,installs/replaces windows; replacement windows,False,Standing Seam & Metal Roofing Options Seamless Aluminum & Steel Gutters Energy-Efficient Replacement Windows High-Performance Exterior Paint Systems Check Out Our Services Roof Repair Roof Replaceme,site scrape,YES,,https://www.qualityexteriorsatx.com/ | https://www.qualityexteriorsatx.com/service-areas | https://www.qualityexteriorsatx.com/services | https://www.qualityexteriorsatx.com/roof-replacement
DJJD Window Tint LLC Austin Texas Yes,https://djjdwindowtint.com/,djjdwindowtint.com,+1 737-802-0782,"2039 Airport Blvd, Austin, TX 78722, United States",4.8,37,NO,window tint/film only,False,,name/review keywords,UNREACHABLE,,
Vantage Windows LLC Yes,https://thevantagewindows.com/,thevantagewindows.com,+1 469-283-6744,"2100 Valley View Ln #301, Farmers Branch, TX 75234, United States",4.6,93,YES,named window styles; window product line; window replacement/installation; windows & doors,False,e Services About Financing Warranty Taxes Gallery 469-283-6744 Get Free Estimate #1 Rated Window Replacement in the Region Upgrade Your Home with Custom Windows Built for You Experience the perfect,site scrape,YES,,https://thevantagewindows.com/ | https://thevantagewindows.com/services | https://thevantagewindows.com/about
Modern Resolution Windows & Doors Yes,https://www.modernresolution.com/,modernresolution.com,+1 480-665-5732,"2105 S Hardy Dr #9, Tempe, AZ 85282, United States",4.9,162,YES,installs/replaces windows; insulated glass unit work; named window styles; pane glazing work; replacement windows; window product line; window replacement/installation; windows & doors,False,"perated Since 2018, our licensed, bonded, and insured Arizona company has provided expert window and door replacement services throughout Phoenix, Scottsdale, Mesa, Tempe, Chandler, Gilbert, Glendale, Peoria",site scrape,YES,,https://www.modernresolution.com/ | https://www.modernresolution.com/products/windows | https://www.modernresolution.com/window-academy | https://www.modernresolution.com/service-areas
Dagnon Building & Roofing Yes,http://www.dagnonroofing.com/,dagnonroofing.com,+1 815-633-4443,"2113 Rivington Rd, Loves Park, IL 61111, United States",4.9,33,YES,insulated glass unit work,False,tal Code Afghanistan Albania Algeria American Samoa Andorra Angola Anguilla Antarctica Antigua and Barbuda Argentina Armenia Aruba Australia Austria Azerbaijan Bahamas Bahrain Banglad,site scrape,YES,,https://www.dagnonroofing.com/ | https://www.dagnonroofing.com/new-roof-replacement/ | https://www.dagnonroofing.com/wp-content/uploads/2024/05/Roof-Replacement.jpg
Texas Mirrors & Doors LLC Yes,https://txmirrors.com/,txmirrors.com,+1 512-459-3553,"2115 Northland Dr, Austin, TX 78756, United States",4.8,25,YES,pane glazing work,False,"The project cost includes windows (18 double-pane with new trim), 1 framed shower and 1 frameless shower.",site scrape,LIKELY,,https://txmirrors.com/ | https://txmirrors.com/projects/6237100-commercial | https://txmirrors.com/projects/6237102-glass-railing
ZNL Window Coverings Inc. Yes,https://www.znlwindowcoverings.com/,znlwindowcoverings.com,+1 815-855-2007,"2120 Harlem Rd, Loves Park, IL 61111, United States",4.9,34,NO,window treatments,False,"Blinds and Drapery Loves Park, IL | ZNL Window Coverings Inc Call Us Today!",site scrape,NO,,https://www.znlwindowcoverings.com/ | https://www.znlwindowcoverings.com/window-treatments | https://www.znlwindowcoverings.com/window-shadesd6862c6c | https://www.znlwindowcoverings.com/specialty-window-treatments
Austin C﻿om﻿mer﻿ci﻿al﻿ W﻿indow T﻿inti﻿ng Yes,https://www.commercialwindowtintingaustin.com/,commercialwindowtintingaustin.com,+1 512-872-4772,"2121 E 6th St, Austin, TX 78702, United States",5,2,NEEDS_REVIEW,insufficient signal,False,,"no site, no research",UNREACHABLE,,
Blue Moon Glassworks Yes,https://www.bluemoonglassworks.com/,bluemoonglassworks.com,+1 512-380-0770,"2139 W Anderson Ln., Austin, TX 78757, United States",4.9,232,YES,window product line,False,Opens in a new window.,site scrape,LIKELY,,https://bluemoonglassworks.com/ | https://bluemoonglassworks.com/products/stained-glass-suncatcher-fall-foraging-september-20th | https://bluemoonglassworks.com/products/beginner-copper-foil-stained-glass-6-week-class-aug-sept-friday-night-session | https://bluemoonglassworks.com/products/beginner-copper-foil-stained-glass-6-week-class-aug-sept-wednesday-night-session
SoFresh Exterior Yes,http://sofreshexterior.com/,sofreshexterior.com,+1 512-778-0448,"2147 Barton Hills Dr, Austin, TX 78704, United States",5,22,NO,window cleaning,False,"Window Cleaning & Exterior Cleaning Austin, TX | SoFresh Exterior Home About Us Services Window Cleani",site scrape,NO,,https://sofreshexterior.com/ | https://sofreshexterior.com/window-cleaning | https://sofreshexterior.com/christmas-lights | https://sofreshexterior.com/pressure-washing
Ultimate Auto Glass & Electronics Yes,https://ultimateautoglass.com/,ultimateautoglass.com,+1 737-270-7459,"215 Ralph Ablanedo Dr Ste. 100, Austin, TX 78748, United States",1.4,149,NO,vehicle glass only,True,Amazing work they did on replacing and recalibrating my windshield.,site scrape,NO,,https://ultimateautoglass.com/ | https://ultimateautoglass.com/auto-glass-repair-replacement/ | https://ultimateautoglass.com/adas-calibrations-electronics-services/ | https://ultimateautoglass.com/mechanical-services/
Everlasting Window & Door Yes,https://everlastingwindow.com/,everlastingwindow.com,+1 623-544-7128,"21602 N 3rd Ave, Phoenix, AZ 85027, United States",4.5,239,YES,installs/replaces windows; named window styles; replacement windows; window product line; window replacement/installation; windows & doors,False,About Contact Service Areas Request Service Phone (623) 544-7128 Schedule An Appointment Window Replacement Exterior Doors Windows & Doors One Day Baths Window & Door Replacement for Arizona Homes,site scrape,YES,,https://www.everlastingwindow.com/ | https://www.everlastingwindow.com/window-replacement | https://www.everlastingwindow.com/service-areas | https://www.everlastingwindow.com/customer-service
Wilson Roofing Yes,https://www.wilsonroofing.com/,wilsonroofing.com,+1 512-263-3157,"217-A Commons Ford Rd, Austin, TX 78733, United States",4.7,303,NEEDS_REVIEW,"glass shop or building contractor, window scope unknown",False,,"no site, no research",UNKNOWN,,https://wilsonroofing.com/
Auto Glass Specialists Yes,https://sflautoglass.com/,sflautoglass.com,+1 954-566-3625,"220 NE 44th St, Oakland Park, FL 33334, United States",4.9,205,NO,vehicle glass only,True,Automotive Tesla Car Wraps Windshield Roof Replacement Repair Door Auto Tint Window Car Tinting Llumar Ceramic 3M Certified Aut,site scrape,NO,,https://sflautoglass.com/ | https://sflautoglass.com/service/window-tinting/ | https://sflautoglass.com/auto-glass/ | https://sflautoglass.com/other-services/
Western Architectural Openings Yes,https://www.westernwindowsystems.com/?utm_source=Google&utm_medium=GMB,westernwindowsystems.com,+1 877-268-1300,"2200 E Riverview Dr, Phoenix, AZ 85034, United States",3.4,91,YES,insulated glass unit work,False,"all Western products Where to Buy Locate an Authorized Western Dealer to collaborate, configure, and quote ‌ ‌ ‌ ‌ ‌ Footer menu Products Moving Glass Walls Doors Windows Info Dealer",site scrape,YES,,https://www.westernao.com/ | https://www.westernao.com/our-products
Glass America Yes,https://www.glassusa.com/locations/tx/?utm_source=google_gbp&utm_medium=organic&utm_campaign=normal&utm_content=austin_tx,glassusa.com,+1 254-556-4145,"2201 S Pleasant Valley Rd, Austin, TX 78741, United States",0,0,NO,vehicle glass,True,ervice Commitment Convenient Mobile Service Quick & Safe Repairs Payment Options Services Windshield Repair Auto Glass Replacement ADAS & Calibration Windshield Repair vs.,site scrape,NO,,https://www.glassusa.com/ | https://www.glassusa.com/services/auto-glass-replacement/ | https://www.glassusa.com/about-us/glass-americas-commitment-to-customer-service/ | https://www.glassusa.com/services/windshield-repair-vs-replacement/
Oak Cliff Mirror & Glass Company Yes,http://glassnajiffy.com/,glassnajiffy.com,+1 214-747-4875,"2202 N Beckley Ave, Dallas, TX 75208, United States",3.9,91,YES,commercial storefront glazing; window replacement/installation,False,"We custom cut glass and mirrors to size, table tops, framed mirrors, plexiglass, window glass replacements, and door hardware.",site scrape,YES,,https://glassnajiffy.com/ | https://glassnajiffy.com/residential/ | https://glassnajiffy.com/commercial/
Arrington Roofing Yes,https://arringtonroofing.com/?utm_campaign=gmb&utm_medium=organic&utm_source=gbp,arringtonroofing.com,+1 214-774-1972,"2203 Obenchain St, Dallas, TX 75208, United States",4.9,356,NO,no window installation or repair signal on site,False,,site scrape,NO,,https://arringtonroofing.com/ | https://arringtonroofing.com/commercial-roofing/commercial-projects/dallas-commercial-tpo-roof-replacement | https://arringtonroofing.com/commercial-roofing/commercial-projects/tpo-roof-recover-dallas | https://arringtonroofing.com/residential-work/tile-roof-replacement-university-park
Econ Windows Yes,https://econwindows.com/,econwindows.com,+1 602-786-5286,"2209 W Potter Dr, Phoenix, AZ 85027, United States",4.9,83,YES,commercial storefront glazing; installs/replaces windows; insulated glass unit work; named window styles; pane glazing work; replacement windows; window product line; window replacement/installation; windows & doors,False,es All Services Residential Windows Commercial Windows Residential Doors Commercial Doors Window Replacement Window & Door Repair Glass & Mirrors Sunscreens Window Tint & Film Service Areas All Serv,site scrape,YES,,https://econwindows.com/ | https://econwindows.com/services/residential-windows/ | https://econwindows.com/services/commercial-windows/ | https://econwindows.com/services/window-replacement/
Statewide Remodeling - Austin Yes,https://www.statewideremodeling.com/texas/austin/?utm_source=GMB&utm_campaign=Austin&utm_medium=Organic%3Futm_source%3Dgmb&utm_medium=Yext&y_source=1_NjY1MDE5MjctNzE1LWxvY2F0aW9uLndlYnNpdGU%3D,statewideremodeling.com,+1 512-937-1529,"2209-A Rutland Dr #100, Austin, TX 78758, United States",4.4,600,YES,installs/replaces windows; named window styles; pane glazing work; replacement windows; window product line; window replacement/installation,False,wer Enclosures Tub to Shower Conversions Kohler LuxStone Showers Windows Energy Efficient Windows Replacement Windows Vinyl Windows Single Hung Windows Double Hung Windows Casement Windows Picture Wi,site scrape,YES,,https://www.statewideremodeling.com/ | https://www.statewideremodeling.com/windows/replacement-windows/ | https://www.statewideremodeling.com/windows/energy-efficient-windows/ | https://www.statewideremodeling.com/windows/vinyl-windows/
Empire Home Pros Yes,https://empirehomepros.com/?utm_source=omg-gbp&utm_medium=webclick,empirehomepros.com,+1 954-368-1415,"221 NE 44th St, Oakland Park, FL 33334, United States",4.9,196,YES,installs/replaces windows; insulated glass unit work; named window styles; window product line; window replacement/installation; windows & doors,False,"Empire Home Pros | Hurricane Impact Windows, Solar, Roofing & More Home Services Impact Windows Installation Solar Power Installation Roof Replacement Spray Foam Insulation Air Conditioning Repair C",site scrape,YES,,https://www.empirehomepros.com/ | https://www.empirehomepros.com/services/impact-windows-installation | https://www.empirehomepros.com/services/residential-and-commercial-professional-painters | https://www.empirehomepros.com/services/solar-power-installation
Axiom customs Yes,https://axiomaustin.com/,axiomaustin.com,+1 817-716-6356,"2211 W Parmer Ln Ste b, Austin, TX 78727, United States",5,7,NO,window tint/film,True,"Axiom Customs Austin | Window Tint, PPF, Wraps & Truck Accessories AXIOM CUSTOMS Services Gallery About Reviews Contact Get",site scrape,NO,,https://axiomaustin.com/ | https://axiomaustin.com/window-tint | https://axiomaustin.com/elite-service
Texas Audio Customs & Window Tint Yes,http://www.texasaudiocustoms.com/,texasaudiocustoms.com,+1 972-840-2606,"2218 S Jupiter Rd Ste 104, Garland, TX 75041, United States",4.8,522,NO,vehicle glass only,True,n • Improved Safety • Privacy • Scratch Resistance Great for protecting both you and your car Window tint protects from UVA and UVB rays that can cause damage to both your skin and your car',site scrape,NO,,https://texasaudiocustoms.com/ | https://texasaudiocustoms.com/windowtinting/
True View Windows & Glass Yes,https://www.trueviewglass.com/,trueviewglass.com,+1 602-431-8783,"2222 E Jones Ave, Phoenix, AZ 85040, United States",4.6,797,YES,broken window glass; building glass replacement; commercial storefront glazing; installs/replaces windows; insulated glass unit work; named window styles; reglazing; replacement windows; window product line; window replacement/installation; windows & doors,False,-8783 602-560-7028 Tucson 520-885-6010 520-987-8506 Denver 720-431-8783 720-575-8333 Menu Windows Replacement Windows Energy Efficient Windows Upgrade Your Windows Window & Door Brands Milgard IWC We,site scrape,YES,,https://www.trueviewglass.com/ | https://www.trueviewglass.com/services/replacement-windows/ | https://www.trueviewglass.com/services/upgrade-your-windows-without-breaking-the-bank/ | https://www.trueviewglass.com/services/window-repair/
Hurricane solutions Yes,http://www.hurricane-solutions.com/,hurricane-solutions.com,+1 754-269-5577,"224 SW 25th St, Fort Lauderdale, FL 33315, United States",5,32,NO,window treatments,False,t your property with expert hurricane-proof solutions. Get Protected Today â® #hurricane shutters #hurricane shutters #storm panels â¯ Our Services We provide reliable solutions to safeg,site scrape,NO,,https://hurricane-solutions.com/
Skylight Solutions Yes,https://www.skylightsolutions.com/,skylightsolutions.com,+1 972-263-6033,"2276 Larson Ln, Dallas, TX 75229, United States",4.9,73,NO,window treatments,False,"ect interiors from UV rays, and maintain a comfortable temperature in your home. Skylight Blinds Installation Install sun shade blinds for your skylights to control light, reduce glare,",site scrape,NO,YES,https://www.skylightsolutions.com/ | https://www.skylightsolutions.com/repair-or-replacement | https://www.skylightsolutions.com/new-installations | https://www.skylightsolutions.com/skylight-replacement-dallas-ftworth-tx
BC Roofing Siding & Windows Yes,http://www.bcroof.com/,bcroof.com,+1 972-306-0215,"2300 Valley View Ln #107, Farmers Branch, TX 75234, United States",4.7,36,YES,installs/replaces windows; named window styles; pane glazing work; replacement windows; window product line; window replacement/installation,False,"ranch, TX Flower Mound, TX Frisco, TX Garland, TX Lewisville, TX Plano, TX Richardson, TX Windows Window Replacement Carrollton, TX Coppell, TX Dallas, TX Farmers Branch, TX Flower Mound, TX Frisco, TX Garl",site scrape,YES,,https://www.bcroof.com/ | https://www.bcroof.com/window-replacement/carrollton-tx | https://www.bcroof.com/window-replacement/coppell-tx | https://www.bcroof.com/window-replacement/dallas-tx
Old Soul Windows & Doors Yes,https://oldsoultx.com/,oldsoultx.com,+1 512-788-5093,"2303 Ranch Rd 620 S, Lakeway, TX 78734, United States",5,37,YES,installs/replaces windows; insulated glass unit work; named window styles; pane glazing work; reglazing; replacement windows; window product line; window replacement/installation; windows & doors,False,Home | Old Soul Windows & Doors | Austin TX Skip to content Home About Blog Services Window Replacement Vinyl Windows Fiberglass Windows Pella Windows Energy Efficient Windows Custom Windows Do,site scrape,YES,,https://oldsoultx.com/ | https://oldsoultx.com/window-replacement/ | https://oldsoultx.com/fiberglass-windows-austin/ | https://oldsoultx.com/vinyl-windows/
Floor Masters ATX Yes,https://www.floormastersatx.com/,floormastersatx.com,+1 512-865-4934,"2305 W Parmer Ln, Austin, TX 78727, United States",4.9,150,NO,no window installation or repair signal on site,False,,site scrape,NO,,https://www.floormastersatx.com/ | https://www.floormastersatx.com/flooringservices | https://www.floormastersatx.com/copy-of-products-gallery
LFM Construction & Remodeling Yes,https://lfmremodeling.com/go/gbp-austin,lfmremodeling.com,+1 512-277-6108,"2307 Thornton Rd #103, Austin, TX 78704, United States",4.9,194,NO,no window installation or repair signal on site,False,,site scrape,NO,,https://www.lfmremodeling.com/ | https://www.lfmremodeling.com/home-construction-services | https://www.lfmremodeling.com/commercial-remodeling
Rolli Shades Yes,https://www.rollishades.com/,rollishades.com,+1 833-447-6554,"2307 Thornton Rd #108-1, Austin, TX 78704, United States",4.9,32,NO,window treatments,False,"Rolli Shades | Sunlight, Solved Redirecting.",site scrape,NO,,https://rollishades.com/
Window Zone Yes,https://windowzonedfw.com/,windowzonedfw.com,+1 469-557-6333,"2309 Springlake Rd #630, Farmers Branch, TX 75234, United States",4.9,40,YES,installs/replaces windows; insulated glass unit work; named window styles; pane glazing work; replacement windows; window product line; window replacement/installation; windows & doors,False,Window Zone - Dallas/Forth Worth Window Replacement 0% Financing Options Available.,site scrape,YES,,https://windowzonedfw.com/ | https://windowzonedfw.com/window-installation/ | https://windowzonedfw.com/window-replacement/ | https://windowzonedfw.com/products/double-hung-windows/
Flash Autoglass LLC. Yes,https://flash-autoglass.com/?utm_campaign=gbp,flash-autoglass.com,+1 469-923-1614,"2309 W Clarendon Dr, Dallas, TX 75208, United States",4.8,413,NO,vehicle glass only,True,Flash Auto Glass is under maintenance Site is undergoing maintenance Maintenance mode is on Site will be a,site scrape,NO,,https://flash-autoglass.com/
APEX Building Supply | windows | Doors | Flooring | Trims Yes,https://apex-buildingsupply.com/,apex-buildingsupply.com,+1 512-877-4591,"2310 Donley Dr Ste D, Austin, TX 78758, United States",5,108,NEEDS_REVIEW,window in name but service type unconfirmed,False,,"no site, no research",UNKNOWN,,https://apex-buildingsupply.com/
Flagstone Roofing & Exteriors Yes,https://flagstoneroofing.com/,flagstoneroofing.com,+1 512-225-0123,"2312 Western Trails Blvd Ste B201, Austin, TX 78745, United States",4.8,446,YES,installs/replaces windows; insulated glass unit work; named window styles; replacement windows; window product line; window replacement/installation,False,"mes to install your new siding , guttering installation , reroof shed, and window installation services are our employees and not a day laborer we picked up on the way to your home.",site scrape,YES,,https://flagstoneroofing.com/ | https://flagstoneroofing.com/other-services/windows/ | https://flagstoneroofing.com/residential-solar-services/ | https://flagstoneroofing.com/hardie-plank-replacement-siding-installers-san-antonio/
Regal Home services Yes,https://www.myrhrepairs.com/contact-us,myrhrepairs.com,+1 512-517-1037,"2317 S Pleasant Valley Rd, Austin, TX 78741, United States",5,2,NEEDS_REVIEW,insufficient signal,False,,"no site, no research",UNREACHABLE,,
K&J Windows Yes,https://kjwindows.com/,kjwindows.com,+1 602-942-0954,"2331 W Royal Palm Rd Ste L, Phoenix, AZ 85021, United States",4.4,121,YES,installs/replaces windows; named window styles; replacement windows; window product line; window replacement/installation; windows & doors,False,"s can help! Over 100 Five Star Reviews on Google Request a Consultation Top Rated Phoenix Window Replacement Choose from a variety of brands including: Milgard, Simonton, Hy-Lite Held-Wen plus many",site scrape,YES,,https://kjwindows.com/ | https://kjwindows.com/phoenix-windows-doors/window-glass-phoenix/ | https://kjwindows.com/phoenix-windows-doors/arizona-windows/window-components/ | https://kjwindows.com/phoenix-windows-doors/arizona-windows/energy-efficient-window-phoenix/
Lone Star Solar Screens Yes,http://lonestarsolarscreens.com/,lonestarsolarscreens.com,+1 972-445-0856,"2334 Hinton Dr, Irving, TX 75061, United States",3.9,181,NO,window cleaning; window tint/film,False,AQs Gallery Contact Us The #1 Solar Screen Retailer in the USA Lone Star Solar Screens™ & Window Washing Since 1991 Get A Quote Name Email Phone 1 Phone 2 Address City Zip How did you hear ab,site scrape,NO,,https://lonestarsolarscreens.com/ | https://lonestarsolarscreens.com/windows-washing/
Austin Windowerks Yes,http://windowerks.com/,windowerks.com,+1 512-837-7200,"2339 Kramer Ln, Austin, TX 78758, United States",4.3,28,YES,building glass replacement; commercial storefront glazing; installs/replaces windows; insulated glass unit work; replacement windows; window product line; window replacement/installation; windows & doors,False,"Window Installation Liberty Hill, TX | Round Rock, TX (512) 837-7200 Visit Us Contact Us Located In Austin, T",site scrape,YES,,https://www.windowerks.com/ | https://www.windowerks.com/commercial-windows-glass | https://www.windowerks.com/commercial-windows | https://www.windowerks.com/commercial-storefront-glass
Emerson Hardwood Flooring LLC Yes,http://www.emersonhardwoodflooringllc.com/,emersonhardwoodflooringllc.com,+1 469-939-4901,"2339 Little Pocket Rd, Dallas, TX 75228, United States",5,10,NO,no window installation or repair signal on site,False,,site scrape,NO,,https://emersonhardwoodflooringllc.com/ | https://emersonhardwoodflooringllc.com/services/
Moore Construction Co. Yes,https://mooreconstructionco.com/,mooreconstructionco.com,+1 972-820-5950,"2340 E Trinity Mls Rd Ste 300, Carrollton, TX 75006, United States",4.4,127,NEEDS_REVIEW,"glass shop or building contractor, window scope unknown",False,,"no site, no research",UNKNOWN,,https://mooreconstructionco.com/
Window Wizards Yes,http://www.windowwizards.com/,windowwizards.com,+1 214-559-8787,"2363 Merritt Dr #300, Garland, TX 75041, United States",4.7,47,NO,window cleaning; window tint/film,False,DFW Window Cleaning | Window Wizards Skip to content Home About About Us Green Initiatives Locations Fort,site scrape,NO,,https://windowwizards.com/ | https://windowwizards.com/why-homeowners-in-dallas-need-professional-residential-window-cleaning/ | https://windowwizards.com/why-professional-commercial-window-cleaning-matters-in-dallas/ | https://windowwizards.com/commercial-window-cleaning/
uBreakiFix - Phone and Computer Repair Yes,https://www.ubreakifix.com/locations/westparmer?utm_source=google&utm_medium=gmb&utm_campaign=westparmer,ubreakifix.com,+1 512-215-9590,"2406 W Parmer Ln #102, Austin, TX 78727, United States",4.6,1224,NO,no window installation or repair signal on site,False,,site scrape,NO,,https://www.ubreakifix.com/ | https://www.ubreakifix.com/repairs/smartphones/services/cleaning | https://www.ubreakifix.com/repairs/smartphones/services/data-transfer
Motorized Blinds and Window Shades Expert - Window Shader Yes,http://www.windowshader.com/,windowshader.com,+1 954-470-1274,"2425 E Commercial Blvd Ste 407, Fort Lauderdale, FL 33308, United States",5,47,NO,window treatments,False,"Window Shades Fort Lauderdale, Lutron shades, Motorized blinds, Smart Shades, Somfy Blinds top of page",site scrape,NO,,https://www.windowshader.com/ | https://www.windowshader.com/lutronservices | https://www.windowshader.com/windowshaderepairfortlauderdale | https://www.windowshader.com/about
Krasiva Windows and Doors Yes,https://krasivawindows.com/,krasivawindows.com,+1 602-678-3737,"2432 W Peoria Ave #1186, Phoenix, AZ 85029, United States",4.8,306,YES,installs/replaces windows; insulated glass unit work; named window styles; pane glazing work; replacement windows; window product line; window replacement/installation; windows & doors,False,"Window Replacement in Phoenix, AZ | Krasiva Windows & Doors The best window and door company in Phoenix, AZ",site scrape,YES,,https://krasivawindows.com/ | https://krasivawindows.com/windows/fiberglass-windows/ | https://krasivawindows.com/windows/vinyl-replacement-windows/ | https://krasivawindows.com/windows/aluminum-windows/
Paneless Home Services Yes,https://panelesshomeservices.com/,panelesshomeservices.com,+1 214-662-2300,"2435 Squire Pl Ste 200, Dallas, TX 75234, United States",5,359,NO,"Deep cleaning: windows, carpet, tile, pressure washing",False,"panelesshomeservices.com 'Dallas Deep Cleaning Service' — 'window cleaning, carpet cleaning, chandelier polishing, and pressure washing'",web research (site unreachable),UNKNOWN,,https://panelesshomeservices.com/
Florida Impact Protection Yes,https://floridaimpactprotection.com/,floridaimpactprotection.com,+1 954-501-9441,"2435 Stirling Rd, Fort Lauderdale, FL 33312, United States",4.6,19,NEEDS_REVIEW,insufficient signal,False,,"no site, no research",UNREACHABLE,,
More Space Place Yes,https://www.morespaceplaceaustin.com/?utm_source=google&utm_medium=googlebusinessprofile_austin&utm_campaign=googlebusinessprofile_austin,morespaceplaceaustin.com,+1 512-399-0490,"2438 W Anderson Ln. Ste C-7, Austin, TX 78757, United States",4.9,174,NO,no window installation or repair signal on site,False,,site scrape,NO,,https://www.morespaceplaceaustin.com/ | https://www.morespaceplaceaustin.com/products/ | https://www.morespaceplaceaustin.com/service-area-cedar-park-tx/
Picture Perfect Glass | Window Cleaning Dallas Yes,https://pictureperfectglass.com/,pictureperfectglass.com,+1 972-798-9455,"2453 Glenda Ln Ste 2, Dallas, TX 75229, United States",5,473,NO,window cleaning,False,Window Cleaning Dallas TX | Free Estimates - Call Today Mon -Sun 7 AM - 7 PM DFW (972) 798-9455 Home A,site scrape,NO,,https://pictureperfectglass.com/ | https://pictureperfectglass.com/services/window-cleaning | https://pictureperfectglass.com/our-services | https://pictureperfectglass.com/services/screen-repair-replacement
Sliding Doors Pro – Sliding Door & Window Repair Yes,https://slidingdoorsrepairpro.com/,slidingdoorsrepairpro.com,+1 888-818-1628,"2490 Griffin Rd, Fort Lauderdale, FL 33312, United States",4.8,643,YES,insulated glass unit work; pane glazing work; window replacement/installation; windows & doors,False,Replacement Sliding Door Track Repair Sliding Door Lock Repair Sliding Door Handle Repair Windows Repair Patio & Pool Enclosure Pocket Door Repair Testimonials Articles Common Sliding Door Probl,site scrape,YES,,https://slidingdoorsrepairpro.com/ | https://slidingdoorsrepairpro.com/broken-glass-replacement/ | https://slidingdoorsrepairpro.com/sliding-glass-door-roller-replacement-cost/
TX TINT & PPF Yes,http://txtint.com/,txtint.com,+1 512-552-7717,"2500 S Hwy 183 Bldg 3 Unit 330, Austin, TX 78744, United States",5,214,NO,window tint/film; window treatments,True,"TX Tint & PPF | Window Tint, Paint Protection Film, and Ceramic Coating 512.",site scrape,NO,,https://www.txtint.com/ | https://www.txtint.com/texas-window-tint | https://www.txtint.com/window-tint-austin-tx | https://www.txtint.com/home-office-window-tint
TruTec Electric Yes,https://www.trutecelectric.com/,trutecelectric.com,+1 512-641-5311,"2505 E 6th St Unit g, Austin, TX 78702, United States",4.9,1080,YES,insulated glass unit work,False,"esses expanding square footage or adding heavy equipment, including three-phase power configurations Commercial Wiring and Rewiring : New wiring for tenant improvement buildouts and r",site scrape,YES,,https://www.trutecelectric.com/ | https://www.trutecelectric.com/electrical-services/smoke-detector-installation/ | https://www.trutecelectric.com/electrical-services/commercial-electrician/ | https://www.trutecelectric.com/electrical-services/ceiling-fan-installation/
Inzhagy Auto glass Yes,https://www.inzhagyautoglass.com/,inzhagyautoglass.com,+1 945-264-0080,"2509 Quincy St, Dallas, TX 75212, United States",4.8,64,NO,mobile auto glass / windshield replacement,False,"inzhagyautoglass.com — 'one-stop shop for auto glass'; services are mobile auto glass repair, RV window repair, auto glass replacement, truck glass repair, windshield repair, door glass, back glass, regulator replacement. Two searches found no residential or commercial building glass.",web research (site unreachable),UNREACHABLE,,
Bello Remodeling Yes,https://bello-remodeling.com/,bello-remodeling.com,+1 512-663-8573,"2517 Berkeley Ave, Austin, TX 78745, United States",5,53,NEEDS_REVIEW,insufficient signal,False,,"no site, no research",UNREACHABLE,,
Cla Exteriors Yes,https://www.claexteriors.com/,claexteriors.com,+1 855-252-8800,"2519 Tanglewood Ln, Rockford, IL 61114, United States",4.1,14,NO,no window installation or repair signal on site,False,,site scrape,NO,,https://claexteriors.com/ | https://claexteriors.com/commercial | https://claexteriors.com/service-areas | https://claexteriors.com/roofing
City Auto Glass Yes,https://www.cityautoglassrkfd.com/,cityautoglassrkfd.com,+1 815-242-1140,"2520 Broadway, Rockford, IL 61108, United States",4.7,47,YES,building glass replacement; commercial storefront glazing; installs/replaces windows; insulated glass unit work; pane glazing work; replacement windows; window product line; window replacement/installation,True,acement Repair and Maintenance Single-Pane Windows and Glass Thermopane Windows and Glass Window Glass Repair Window Glass Replacement Shower Door Glass Shower Door Replacement Shower Glass Repair Ab,site scrape,YES,,https://www.cityautoglassrkfd.com/ | https://www.cityautoglassrkfd.com/window-glass-replacement | https://www.cityautoglassrkfd.com/single-pane-windows-and-glass | https://www.cityautoglassrkfd.com/thermopane-windows-and-glass
Window World of Phoenix Yes,http://www.windowworldphoenix.com/,windowworldphoenix.com,+1 602-962-5164,"2530 W Holly St, Phoenix, AZ 85009, United States",4.1,279,YES,installs/replaces windows; insulated glass unit work; named window styles; replacement windows; window product line; window replacement/installation; windows & doors,False,Window Replacement Phoenix – Window World of Phoenix replacement windows phoenix › Proudly Serving Replaceme,site scrape,YES,,https://www.windowworldphoenix.com/ | https://www.windowworldphoenix.com/replacement-windows/window-world-windows/ | https://www.windowworldphoenix.com/replacement-windows/ | https://www.windowworldphoenix.com/replacement-windows/bay-bow-windows/
Eva's Draperies & Home Decor Yes,http://www.evasdrapes.com/,evasdrapes.com,+1 214-995-2628,"2532 Converse St, Dallas, TX 75207, United States",4.9,22,NO,window treatments,False,Eva's Draperies & Home Decor top of page Custom Draperies Shutters Blinds Decorative Pillows Upholstery C,site scrape,NO,,https://www.evasdrapes.com/ | https://www.evasdrapes.com/services
Metro Garage Door Repair Yes,https://www.metrogaragedoor.net/,metrogaragedoor.net,+1 972-391-3610,"2544 Southwell Rd, Dallas, TX 75229, United States",5,409,NO,Garage door and gate repair,False,"metrogaragedoor.net/garage-door-spring-repair-dallas-tx/ and /garage-door-off-track-service-dallas-tx/ — springs, cables, openers, tracks, new door installation, swing/sliding gates.",web research (site unreachable),UNKNOWN,,https://metrogaragedoor.net/
East Blue Windows & Doors Yes,http://www.eastbluewindowsdoors.com/,eastbluewindowsdoors.com,+1 754-244-5037,"2548 NW 9th Ct, Fort Lauderdale, FL 33311, United States",5,73,YES,insulated glass unit work; named window styles; window product line; window replacement/installation; windows & doors,False,s Home Windows & Doors Financing Warranty About us Contact Blog Articles More Menu Impact Windows and Doors Replacement in South Florida GET YOUR FREE ESTIMATE Licensed & Insured 26BS00028 25-WD-00127-X U-2277,site scrape,YES,,https://www.eastbluewindowsdoors.com/ | https://www.eastbluewindowsdoors.com/our-products/ | https://www.eastbluewindowsdoors.com/impact-windows-fort-lauderdale/ | https://www.eastbluewindowsdoors.com/impact-windows-pembroke-pines
Affordable Windows Plus Exteriors of Phoenix Yes,https://www.affordablewindowsofaz.com/locations/gilbert-az,affordablewindowsofaz.com,+1 480-736-2822,"2550 E Rose Garden Ln #72496, Phoenix, AZ 85050, United States",3.5,2,YES,installs/replaces windows; insulated glass unit work; named window styles; pane glazing work; replacement windows; window product line; window replacement/installation; windows & doors,False,Window Replacement Gilbert | Energy-Efficient Windows & Doors Home Service Locations Reviews Offers Contact,site scrape,YES,,https://www.affordablewindowsofaz.com/ | https://www.affordablewindowsofaz.com/service-areas | https://www.affordablewindowsofaz.com/windows | https://www.affordablewindowsofaz.com/2-lite-slider-windows
Vertex Roofers and General Contractors Yes,https://vertexroofers.com/,vertexroofers.com,+1 214-206-5123,"2550 Pacific Ave Ste 844, Dallas, TX 75226, United States",4.9,76,NO,no window installation or repair signal on site,False,,site scrape,NO,YES,https://vertexroofers.com/ | https://vertexroofers.com/services
Tint Authority Yes,https://tintauthority.biz/,tintauthority.biz,+1 512-956-2995,"26 Glen Rock Dr, The Hills, TX 78738, United States",5,2,NO,window tint/film,False,pm Contact Us Contact Us Name Email* Send Cancel Our Partners Tint Authority ( Custom Window Film & Graphics ) (512) 956-2995 Copyright © 2020 Tint Authority - All Rights Reserved.,site scrape,NO,,https://tintauthority.biz/ | https://tintauthority.biz/residential | https://tintauthority.biz/commercial
Cupcake Home Improvements Yes,https://www.callcupcake.com/?utm_source=google&utm_medium=organic&utm_campaign=gbp,callcupcake.com,+1 888-671-2686,"2601 Mc Hale Ct #145, Austin, TX 78758, United States",4.9,267,YES,installs/replaces windows; insulated glass unit work; named window styles; replacement windows; window product line; window replacement/installation,False,6 Services Roofing Asphalt Shingle Roofing Metal Roofing Roof Repair Roof Cost Calculator Windows Vinyl Replacement Windows Fiberglass Replacement Windows Aluminum Replacement Windows Wood Replacement Wind,site scrape,YES,,https://www.callcupcake.com/ | https://www.callcupcake.com/replacement-windows/materials/fiberglass/ | https://www.callcupcake.com/replacement-windows/materials/vinyl/ | https://www.callcupcake.com/replacement-windows/materials/aluminum/
Installation World Yes,https://installation-rockford.com/,installation-rockford.com,+1 815-904-9249,"2606 Broadway Ste 2 C, Rockford, IL 61108, United States",5,73,YES,installs/replaces windows; window product line; window replacement/installation,False,stallation Custom Projects Garage & Basement Finishing New Door or Window Opening Door or Window Replacement Bathroom Fixture Convert Breakfast Nook to Island Enclose Porch 4 Season Installation Kit,site scrape,YES,,https://installation-rockford.com/ | https://installation-rockford.com/handyman-services-rockford/door-window-replacement/ | https://installation-rockford.com/handyman-services-rockford/new-door-window-opening/ | https://installation-rockford.com/handyman-services-rockford/vinyl-floor-installation/
Dallas Maids Yes,https://dallasmaids.com/,dallasmaids.com,+1 469-487-6669,"2606 Manor Way, Dallas, TX 75235, United States",4.9,499,NO,window treatments,False,"e spotless, windows were cleaned, they scrubbed the fridge and the stove, and cleaned the blinds and the fans!",site scrape,NO,,https://dallasmaids.com/ | https://dallasmaids.com/house-cleaning/ | https://dallasmaids.com/locations/maid-service-carrollton-tx/ | https://dallasmaids.com/locations/maid-service-coppell-tx/
Mobile Window Tint WJ Dallas Yes,https://www.windowmobiletint.com/,windowmobiletint.com,+1 214-772-5971,"2607 Rampart St, Dallas, TX 75235, United States",5,139,NO,window tint/film,False,Home | Mobile Window Tint WJ Ir al contenido Mobile Window Tint WJ Home Contact Gallery Warranty Mobile Window Tint,site scrape,NO,,https://www.windowmobiletint.com/ | https://www.windowmobiletint.com/services/ | https://www.windowmobiletint.com/contact/
Master Builders Remodelers & Guaranteed Foundation Repairs Yes,http://www.mbrgfr.com/,mbrgfr.com,+1 817-469-1090,"2607 Vinson St, Dallas, TX 75212, United States",4.5,131,NO,no window installation or repair signal on site,False,,site scrape,NO,,https://mbrgfr.com/ | https://mbrgfr.com/services/ | https://mbrgfr.com/slab-foundation-repair-in-the-dallas-fort-worth-area/
Home Services at The Home Depot Yes,https://www.homedepot.com/l/Oak-Cliff/TX/Dallas/75211/6816/services?emt=HSGoogleMaps,homedepot.com,+1 844-476-2140,"2610 Fort Worth Ave, Dallas, TX 75211, United States",3.6,11,NO,window tint/film; window treatments,False,inds Vertical Blinds Wood Blinds Blackout Shades Roman Shades Solar Shades Pleated Shades Window Film Shop Hardware Curtain Rods Curtain Hardware REFRESH YOUR WINDOW TREATMENTS Explore custom,site scrape,NO,,https://www.homedepot.com/ | https://www.homedepot.com/b/Window-Treatments/N-5yc1vZar4w | https://www.homedepot.com/b/Doors-Windows/N-5yc1vZaqih | https://www.homedepot.com/b/Doors-Windows-Garage-Doors-and-Parts-Garage-Doors/N-5yc1vZ2fkpfuk?emt=popcats-hp-garagedoors-09102026
Desert King Windows Yes,http://www.desertkingwindows.com/?utm_campaign=gmb,desertkingwindows.com,+1 480-613-9943,"2615 S 21st St, Phoenix, AZ 85034, United States",4.8,702,YES,installs/replaces windows; insulated glass unit work; named window styles; pane glazing work; replacement windows; window product line; window replacement/installation; windows & doors,False,"Windows Installation - Energy Efficient Windows - Phoenix AZ, Tucson AZ, Las Vegas NV - Desert King Windows """,site scrape,YES,,https://desertkingwindows.com/ | https://desertkingwindows.com/custom-windows-and-door-replacement-and-installation/ | https://desertkingwindows.com/vinyl-window-installation/ | https://desertkingwindows.com/windows/
Ready My Property Yes,https://www.readymyproperty.com/,readymyproperty.com,+1 469-680-8602,"2626 Cole Ave suit 300, Dallas, TX 75204, United States",4.7,44,NEEDS_REVIEW,insufficient signal,False,,"no site, no research",UNREACHABLE,,
Glaziers Consulting LLC Yes,https://www.glaziersconsulting.com/?utm_source=google&utm_medium=organic&utm_campaign=gbp,glaziersconsulting.com,+1 609-992-4102,"2630 W Broward Blvd, Fort Lauderdale, FL 33312, United States",5,17,NEEDS_REVIEW,insufficient signal,False,,"no site, no research",UNKNOWN,,https://glaziersconsulting.com/
Tritek Window Tinting & Paint Protection Yes,https://tritektinting.com/,tritektinting.com,+1 972-926-5666,"2638 National Dr, Garland, TX 75041, United States",5,3695,NO,window cleaning; window tint/film; window treatments,True,"With tinted windows, it’s important that your window cleaner is ammonia-free!",site scrape,NO,,https://tritektinting.com/ | https://tritektinting.com/home-residential-window-tint/ | https://tritektinting.com/commercial-window-tint/ | https://tritektinting.com/window-tinting/
Express Glass & Board Up Sliding Glass Door & Window Repair Yes,https://expressglassfl.com/,expressglassfl.com,+1 954-707-6443,"2701 W Oakland Park Blvd Ste 225C, Fort Lauderdale, FL 33311, United States",4.3,55,YES,name states window installation/replacement/doors,False,,name/review keywords,UNREACHABLE,,
Designer Door and Window Yes,http://www.designerdw.com/,designerdw.com,+1 972-424-0031,"2707 Realty Rd #310, Carrollton, TX 75006, United States",4.9,140,YES,installs/replaces windows; replacement windows; window product line; window replacement/installation; windows & doors,False,31 Home About Our Process Green Shield Promise Ask The Expert Windows Anlin Windows Vinyl Windows Window Installation Window Gallery Ask The Expert Doors Exterior Doors Patio Doors Fiberglass Doors Wood Door,site scrape,YES,,https://designerdoorsandwindows.com | https://designerdoorsandwindows.com/windows/window-installation-process/ | https://designerdoorsandwindows.com/windows/vinyl-windows/ | https://designerdoorsandwindows.com/windows/
AC Glass and Mirror Yes,http://www.acglass.biz/,acglass.biz,+1 214-604-3394,"2708 Reynolds Ave, Dallas, TX 75232, United States",3.3,7,YES,"Window glass replacement, single and double pane, same/next-day",False,"acglass.biz — ""two divisions: Shower and Mirrors and Windows and Glass Replacement""; expertise includes ""window glass replacements in 24 hours or same day"" and ""window glass replacement (double pane and single pane)"".",web research (site unreachable),UNREACHABLE,,
VISION IMPACT WINDOWS & DOORS Yes,https://www.visionimpactwindowsanddoors.com/,visionimpactwindowsanddoors.com,+1 754-290-0123,"271 SW 33rd Ct #6, Fort Lauderdale, FL 33315, United States",0,0,YES,insulated glass unit work; named window styles; pane glazing work; window product line; window replacement/installation; windows & doors,False,"That mix drives constant demand for full-home impact-window replacements, laminated-glass sliders for canal-front living, and insurance-driven upgrades.",site scrape,YES,,https://www.visionimpactwindowsanddoors.com/ | https://www.visionimpactwindowsanddoors.com/impact-windows-fort-lauderdale.html | https://www.visionimpactwindowsanddoors.com/impact-windows-cost.html | https://www.visionimpactwindowsanddoors.com/noa-florida-product-approval.html
K&M Steam Cleaning Yes,http://www.kandmsteamcleaning.com/?utm_source=GBP_listing&utm_medium=organic&utm_campaign=listing,kandmsteamcleaning.com,+1 512-648-2473,"2711 Daisy Dr Bldg 1, # 100, Austin, TX 78727, United States",4.7,1999,NO,window cleaning; window treatments,False,"Instagram YouTube Twitter LinkedIn Tumblr Pinterest Austin's Best Carpet & Tile Cleaning, Pressure Washing & More Menu Call (512) 866-5599 Carpet Cleaning Rug Cleaning Tile & Grout Cleaning Uph",site scrape,NO,,https://kandmsteamcleaning.com/ | https://kandmsteamcleaning.com/commercial-cleaning-services/commercial-disinfecting-services/ | https://kandmsteamcleaning.com/residential-cleaning-services/maid-services/ | https://kandmsteamcleaning.com/residential-cleaning-services/
Austin Dream Remodeling Bathroom & Kitchen Yes,https://austindreamremodeling.com/?utm_source=google&utm_medium=GBP&utm_campaign=seo,austindreamremodeling.com,+1 512-778-0791,"2713 Bristol Dr #2, Austin, TX 78723, United States",4.9,88,NO,no window installation or repair signal on site,False,,site scrape,NO,,https://austindreamremodeling.com/ | https://austindreamremodeling.com/services/ | https://austindreamremodeling.com/bathroom-remodeling/exhaust-fan-installation/ | https://austindreamremodeling.com/bathroom-remodeling/countertop-installations/
Time 2 Shine PPF and Tint Detailing Studio Yes,https://www.dallasppfandceramic.com/,dallasppfandceramic.com,+1 214-377-1577,"2717 Egan Ave, Dallas, TX 75235, United States",5,501,NO,window tint/film,False,* Paint Protection Film Paint Correction Ceramic Coating Window Tinting Auto Detailing Custom Service How soon do you need it?,site scrape,NO,,https://www.dallasppfandceramic.com/ | https://www.dallasppfandceramic.com/uploads/1/5/2/3/152309263/ppf-clear-installation_orig.jpg
Genuine Texas Exteriors Yes,https://genuinetexasexteriors.com/,genuinetexasexteriors.com,+1 512-745-5676,"2720 Bee Caves Rd Ste 126, Austin, TX 78746, United States",4.9,172,YES,installs/replaces windows; named window styles; replacement windows; window product line; window replacement/installation,False,Appointment Copyright © 2026 Genuine Texas Exteriors | All Rights Reserved Residential Window Replacement and Installation Services 512-745-5676 contact@genuinetexasexteriors.,site scrape,YES,,https://genuinetexasexteriors.com/ | https://genuinetexasexteriors.com/windows-replacement-austin-tx/ | https://genuinetexasexteriors.com/roof-replacement-austin-tx/ | https://genuinetexasexteriors.com/siding-installation-austin-tx/
DAR Roofing General Contractors Yes,http://www.darroofinggc.com/,darroofinggc.com,+1 315-836-4542,"2727 Lyndon B Johnson Fwy Ste 785, Farmers Branch, TX 75234, United States",4.9,122,YES,Window replacement and repair offered among general contracting services,False,"darroofinggc.com service list - 'Roof Restoration and Replacement, Gutter Installation & Repair, Fence, Siding, Garage Door Installation and Repair, HVAC, Exterior & Interior Paint, and Window Replacement and Repair'; 'serving the entire DFW area with both residential and commercial applications'",web research (site unreachable),UNKNOWN,,https://darroofinggc.com/
Fifty Shades and Blinds Yes,https://www.fiftyshadesandblinds.com/,fiftyshadesandblinds.com,+1 954-882-5009,"2755 E Oakland Park Blvd Ste 103, Fort Lauderdale, FL 33306, United States",4.9,310,NO,window treatments,False,"Fifty Shades & Blinds: Shades, Blinds, & Window Treatments Skip to navigation Skip to content Your Car",site scrape,NO,,https://fiftyshadesandblinds.com/ | https://fiftyshadesandblinds.com/installation/ | https://fiftyshadesandblinds.com/products/ | https://fiftyshadesandblinds.com/gallery/
All Florida Screens & Shutters Yes,http://www.webuildscreens.com/,webuildscreens.com,+1 954-254-6089,"2764 N Dixie Hwy, Wilton Manors, FL 33334, United States",4.8,69,YES,named window styles; window product line; windows & doors,False,Custom Enclosures & Hurricane Impact Windows | South Florida Skip to content Home Screen & Pool Enclosures Screen Room Impact Windows,site scrape,YES,,https://webuildscreens.com/ | https://webuildscreens.com/impact-windows-and-doors/ | https://webuildscreens.com/custom-built-impact-windows-wilton-manors/
Yazmin Autoglass Inc Yes,https://yazminautoglasstx.com/,yazminautoglasstx.com,+1 817-298-0078,"2802 Cartwright St, Dallas, TX 75212, United States",4.8,881,NO,vehicle glass,True,Dallas Texas Windshield Replacement | Window Repair |Yazmin Auto Glass We use cookies to improve your experience,site scrape,NO,,https://yazminautoglasstx.com/ | https://yazminautoglasstx.com/car-window-replacement | https://yazminautoglasstx.com/car-window-repair-near-me | https://yazminautoglasstx.com/auto-glass-replacement
Load Bearing Wall Pros - Austin Yes,https://www.loadbearingwall.com/,loadbearingwall.com,+1 737-252-8170,"2802 Flintrock Trace #201, Lakeway, TX 78738, United States",5,23,YES,insulated glass unit work; windows & doors,False,In most cases we can add on to your home like it was a brand new build with customizable windows and doors configuration.,site scrape,YES,,https://www.loadbearingwall.com/ | https://www.loadbearingwall.com/other-services/ | https://www.loadbearingwall.com/load-bearing-wall-removal/ | https://www.loadbearingwall.com/dfw-service-area/
Lake Travis Roofing Yes,https://www.laketravisroofing.com/,laketravisroofing.com,+1 512-886-5060,"2802 Flintrock Trace Suite 313, Austin, TX 78738, United States",4.9,57,YES,insulated glass unit work; pane glazing work; window replacement/installation,False,rs Custom Chimney Caps Emergency Roof Repair Fascia & Soffit Installation & Repair Door & Window Replacement Service Areas Austin TX Spicewood Bee Cave TX Lakeway TX Recent Projects FAQs Contact X G,site scrape,YES,,https://laketravisroofing.com/ | https://laketravisroofing.com/services/door-window-replacement/ | https://laketravisroofing.com/services/residential-roofing/ | https://laketravisroofing.com/services/commercial-roofing/
Royal Screen Solutions Yes,https://royalscreensolutions.com/,royalscreensolutions.com,+1 954-870-0878,"2805 E Oakland Park Blvd, Fort Lauderdale, FL 33306, United States",4.8,39,YES,named window styles,False,"Retractable screens, motorized screens, and retractable awnings – Royal Screen Solutions - Authorized Phantom Screens Dealer Skip to content HOME SCREEN",site scrape,LIKELY,,https://royalscreensolutions.com/
RCE Construction & Remodeling Yes,https://www.rceconstructionandremodeling.com/,rceconstructionandremodeling.com,+1 512-508-8476,"2823 E Martin Luther King Jr Blvd, Austin, TX 78702, United States",5,41,YES,windows & doors,False,— Windows & Doors: Energy-efficient upgrades that enhance both aesthetics and insulation.,site scrape,YES,,https://www.rceconstructionandremodeling.com/ | https://www.rceconstructionandremodeling.com/services | https://www.rceconstructionandremodeling.com/services/kitchens | https://www.rceconstructionandremodeling.com/services/bathrooms
G's Audio ATX Yes,https://www.facebook.com/GsAudioatx,facebook.com,+1 512-919-6639,"2825 E Hwy 71, Del Valle, TX 78617, United States",4.2,100,YES,Stocks windows and provides framing and installation services including window and door installations,False,"Oak Cliff Building Materials services page: 'Their extensive inventory includes lumber, sheathing, roofing products, windows, and more. They also provide professional framing and installation services, including window and door installations'; sells 'to contractors, builders and homeowners'",web research (site unreachable),UNREACHABLE,,
Window Depot Dallas /Plano Yes,https://windowdepotdallas.com/,windowdepotdallas.com,+1 214-399-9592,"2828 W Parker Rd Ste 203B, Plano, TX 75075, United States",4.9,38,YES,installs/replaces windows; insulated glass unit work; named window styles; pane glazing work; replacement windows; window product line; window replacement/installation; windows & doors,False,"-07-30 05:53:41 The Hidden Cost of Buying Cheap Replacement Windows in Dallas, Texas When Window Repair Is No Longer an Option in Dallas, Texas https://windowdepotdallas.",site scrape,YES,,https://windowdepotdallas.com/ | https://windowdepotdallas.com/windows/bay-bow-windows | https://windowdepotdallas.com/windows/casement-windows | https://windowdepotdallas.com/windows/double-hung-windows
Trustmark Exteriors Yes,https://www.trustmarkexteriors.com/?utm_source=google&utm_medium=gbp,trustmarkexteriors.com,+1 817-859-8369,"2832 SE Loop 820, Fort Worth, TX 76140, United States",5,14,YES,installs/replaces windows; insulated glass unit work; named window styles; window product line; window replacement/installation,False,"rs | Windows, Gutters & Roofing in Fort Worth Skip to content Labor Day Sale: Save 10% on Window Installation until 9/15 Get A Quote 24/7 Year-Round Emergency Service (877) 202-7663 Home About Us Abo",site scrape,YES,,https://www.trustmarkexteriors.com/ | https://www.trustmarkexteriors.com/services/window/ | https://www.trustmarkexteriors.com/windows/styles/double-hung-windows/ | https://www.trustmarkexteriors.com/windows/styles/single-hung-windows/
FG Installation Services Yes,http://www.fginstallationservices.com/,fginstallationservices.com,+1 954-496-5159,"2880 NE 32nd St, Fort Lauderdale, FL 33306, United States",5,12,NEEDS_REVIEW,insufficient signal,False,,"no site, no research",UNREACHABLE,,
Custom Design Windows Yes,http://www.customdesignwindows.com/,customdesignwindows.com,+1 954-654-0821,"2881 NE 33rd Ct APT 3C, Fort Lauderdale, FL 33306, United States",4.5,8,NEEDS_REVIEW,window in name but service type unconfirmed,False,,"no site, no research",UNKNOWN,,https://www.customdesignwindows.com/
SOFLO IMPACT WINDOWS Yes,https://www.sofloimpactwindows.com/,sofloimpactwindows.com,+1 754-223-3700,"2895 NE 32nd St Apt 210, Fort Lauderdale, FL 33306, United States",5,73,YES,installs/replaces windows; insulated glass unit work; named window styles; window product line; window replacement/installation; windows & doors,False,"t Projects Visit our Recent Projects page, updated monthly, to view a selection of impact window and door installations recently completed by our team of experts.",site scrape,YES,,https://www.sofloimpactwindows.com/ | https://www.sofloimpactwindows.com/impact-windows | https://www.sofloimpactwindows.com/sliding-glass-doors | https://www.sofloimpactwindows.com/impact-entry-doors
Gwyndow's Window Cleaning Yes,http://gwyndows.com/,gwyndows.com,+1 512-444-1954,"2900 W Anderson Ln. STE C200-350, Austin, TX 78757, United States",4.9,658,NO,window cleaning,False,Gwyndows – Window Cleaning Home Contact Us About Services Greater Austin Area North Austin Service Areas South Au,site scrape,NO,,https://www.gwyndows.com/ | https://www.gwyndows.com/services/ | https://www.gwyndows.com/north-austin-service-areas/ | https://www.gwyndows.com/south-austin-service-area/
NT Window Inc. Yes,http://www.ntwindow.com/,ntwindow.com,+1 800-969-8830,"2900 W Seminary Dr, Fort Worth, TX 76133, United States",4.5,144,YES,named window styles; window product line; windows & doors,False,Warranty Screens Blink Blinds Condensation Facts Cost VS Value Sound Transmission Ratings Impact Window Features Energy Star Flexscreen Installation Method Vividcolor Window Basics My Photos Co,site scrape,YES,,https://ntwindow.com/ | https://ntwindow.com/windows/specialty-products/ | https://ntwindow.com/our-company/windows-of-hope/ | https://ntwindow.com/impactwindow/
Verde Builders Custom Homes Yes,https://verdebuildersaustin.com/?utm_source=google&utm_medium=local&utm_campaign=gbp,verdebuildersaustin.com,+1 512-653-2522,"2931 E 12th St Suite 102, Austin, TX 78702, United States",4.9,45,NO,no window installation or repair signal on site,False,,site scrape,NO,,https://verdebuildersaustin.com/ | https://verdebuildersaustin.com/wp-content/uploads/brokerage-services.pdf
Window Nation Dallas Yes,https://www.windownation.com/locations/texas/grand-prairie?utm_code=CMP-08802-Y8W8G&utm_source=google&utm_medium=organic&utm_content=GMB_showroom,windownation.com,+1 972-332-5412,"2940 N Hwy 360 #300, Grand Prairie, TX 75050, United States",4.7,1057,YES,Replacement windows and doors with professional installation; national installer with Grand Prairie showroom,False,"'Grand Prairie, Texas Home Window Replacement Experts' — windownation.com/locations/texas/grand-prairie/; location page '2940 N Hwy 360 #300, Grand Prairie, TX 75050... (972) 332-5412', 'top-rated products, expert installation'",web research (site unreachable),UNREACHABLE,,
Florida Impactpro Windows and Doors LLC Yes,https://floridaimpactpro.com/,floridaimpactpro.com,+1 954-758-9465,"2974 Griffin Rd Ste 5, Fort Lauderdale, FL 33312, United States",4.8,59,YES,name states window installation/replacement/doors,False,,name/review keywords,UNKNOWN,,https://floridaimpactpro.com/
FX Remodeling & Exteriors Yes,http://sidingcontractordallastx.com/,sidingcontractordallastx.com,+1 469-351-4775,"3000 W Commerce St, Dallas, TX 75212, United States",4.3,437,YES,commercial storefront glazing; installs/replaces windows; insulated glass unit work; named window styles; pane glazing work; window product line; window replacement/installation; windows & doors,False,tters Skylight Installation Skylight Repair Vinyl Siding Installation Vinyl Siding Repair Window Cleaning Window Installation Window Repair Window Replacement View All Services Call Now (469) 351-4775 Tap to call no,site scrape,YES,,https://www.sidingcontractordallastx.com/ | https://www.sidingcontractordallastx.com/window-installation | https://www.sidingcontractordallastx.com/window-replacement | https://www.sidingcontractordallastx.com/window-cleaning
Capital State Remodel Yes,https://www.capitalstate.net/,capitalstate.net,+1 512-584-6649,"3006 Crosscreek Dr, Austin, TX 78757, United States",5,29,YES,window product line; window replacement/installation; windows & doors,False,Learn More → Windows & Doors Energy-efficient window replacement and door installation.,site scrape,YES,,https://capitalstate.net/ | https://capitalstate.net/services/ | https://capitalstate.net/service-areas/
Specialty Exterior Works Yes,http://specialtyexteriorworks.com/,specialtyexteriorworks.com,+1 512-400-3478,"3008 Salvidar Bend, Austin, TX 78728, United States",4.9,55,NO,window cleaning,False,"Window Washing | Austin, TX | Specialty Exterior Works Home Our Services Window Cleaning Soft Washing",site scrape,NO,,https://www.specialtyexteriorworks.com/ | https://www.specialtyexteriorworks.com/window-cleaning | https://www.specialtyexteriorworks.com/our-services | https://www.specialtyexteriorworks.com/christmas-light-installation
Home Window Guy Yes,https://adamsexteriors.com/,adamsexteriors.com,+1 214-349-7283,"3010 Lyndon B Johnson Fwy, Dallas, TX 75234, United States",4.3,12,YES,installs/replaces windows; replacement windows; window replacement/installation,False,From energy-efficient replacement windows to roof repairs / replacements and all other exterior repairs.,site scrape,YES,,https://www.adamsexteriors.com/
Texas Audio Car Stereo & Security Yes,https://www.texasaudio.com/,texasaudio.com,+1 972-864-2114,"3035 S Shiloh Rd #135, Garland, TX 75041, United States",4.9,662,NO,window tint/film,False,hy Choose Us Protection Plan Vehicle Solutions Audio-Video Alarms & Security Car Lighting Window Tint Automotive Accessories GPS Tracking Radar Detector Sound Dampening OEM Integration Power,site scrape,NO,,https://texasaudio.com/ | https://texasaudio.com/vehicle-tint/
Clear Innovations Yes,https://clear-innovate.com/,clear-innovate.com,+1 512-337-7272,"304 Hazelwood St #1, Leander, TX 78641, United States",5,14,YES,commercial storefront glazing; installs/replaces windows; named window styles; replacement windows; window product line; window replacement/installation; windows & doors,False,"t Austin, Leander, Cedar Park, Round Rock, Pflugerville, and Central Texas with top-rated window installation and replacement services, including services.",site scrape,YES,,https://clear-innovate.com/ | https://clear-innovate.com/window-installation/ | https://clear-innovate.com/products/all-fiberglass-doors/
Allies Roofing and Construction LLC Yes,https://alliesrc.com/,alliesrc.com,+1 512-504-7405,"305 E Huntland Dr #610, Austin, TX 78752, United States",4.9,69,NO,no window installation or repair signal on site,False,,site scrape,NO,,https://www.alliesrc.com/ | https://www.alliesrc.com/services
Glass America - Auto Glass & Windshield Replacement Yes,https://glassusa.com/locations/tx/?utm_source=google_gbp&utm_medium=organic&utm_campaign=local&utm_content=austin_tx,glassusa.com,+1 512-270-6579,"306 E 6th St, Austin, TX 78701, United States",4.6,27,NO,vehicle glass,True,ervice Commitment Convenient Mobile Service Quick & Safe Repairs Payment Options Services Windshield Repair Auto Glass Replacement ADAS & Calibration Windshield Repair vs.,site scrape,NO,,https://www.glassusa.com/ | https://www.glassusa.com/services/auto-glass-replacement/ | https://www.glassusa.com/about-us/glass-americas-commitment-to-customer-service/ | https://www.glassusa.com/services/windshield-repair-vs-replacement/
Empire Sound & Security Car audio / Window tinting Yes,http://www.empiresoundandsecurity.com/,empiresoundandsecurity.com,+1 972-406-8880,"3068 Forest Ln #219, Dallas, TX 75234, United States",4.7,294,NO,vehicle glass only,True,"earn more Heading Heading Heading Car Security Systems learn more Heading Heading Heading Car Window Tint learn more empire services We offer tint, audio, entertainment & security for vehicl",site scrape,NO,,https://www.empiresoundandsecurity.com/ | https://www.empiresoundandsecurity.com/product/video-installation | https://www.empiresoundandsecurity.com/services/audio | https://www.empiresoundandsecurity.com/services/video
Budget Blinds of Austin & Hill Country Yes,https://www.budgetblinds.com/austin/,budgetblinds.com,+1 512-593-5505,"3105 Scott Dr, Austin, TX 78734, United States",4.9,494,NO,window treatments,False,"Blinds - Custom Blinds, Window Coverings - Budget Blinds Skip to Content Franchise Opportunities",site scrape,NO,,https://www.budgetblinds.com/ | https://www.budgetblinds.com/child-safety/ | https://www.budgetblinds.com/our-products/blinds/ | https://www.budgetblinds.com/our-products/blinds/wood-blinds/
Legacy Windows LLC Yes,https://thelegacywindows.com/,thelegacywindows.com,+1 480-448-2098,"3106 W Thomas Rd #1107, Phoenix, AZ 85017, United States",4.1,37,YES,installs/replaces windows; insulated glass unit work; pane glazing work; replacement windows; window product line; window replacement/installation; windows & doors,False,50% OFF When You Purchase 10 Windows or More! Get free Qoute (801) 335-6058 Home Services Window Replacement New Window Installation Custom Windows & Doors Energy-Efficient Windows Professional Inst,site scrape,YES,,https://thelegacywindows.com/ | https://thelegacywindows.com/window-replacement | https://thelegacywindows.com/new-window-installation | https://thelegacywindows.com/custom-windows-doors
Galaxy Design Yes,https://www.galaxy-design.com/,galaxy-design.com,+1 866-215-3173,"3121 Main St #310, Dallas, TX 75226, United States",5,6,NO,window treatments,False,Homepage - Galaxy Design - Custom DIY & Luxury Window Treatment Company Skip to content Menu Drapery Designs Select Designs Elegant Drapery Packages Mode,site scrape,NO,,https://galaxy-design.com/ | https://galaxy-design.com/united-state-service-area/texas-draperies-window-treatment/ | https://galaxy-design.com/window-treatment-automation/ | https://galaxy-design.com/united-state-service-area/new-york-best-draperies-curtains/
Spoiled Luxuries Yes,https://www.spoiledluxuries.com/,spoiledluxuries.com,+1 214-210-7402,"3141 Irving Blvd Ste 210, Dallas, TX 75247, United States",5,45,NO,vehicle glass only,True,"rance with a sleek, modern touch. Read More paint protection film Shields your paint from rock chips, scratches, and daily wear using industry-leading materials and precision installation f",site scrape,NO,,https://spoiledluxuries.com/ | https://spoiledluxuries.com/services/
WindowWall of Ft. Lauderdale Yes,https://windowwallfl.com/,windowwallfl.com,+1 954-945-8212,"3150 Prospect Rd Ste 350, Fort Lauderdale, FL 33309, United States",4.9,72,YES,installs/replaces windows; named window styles; replacement windows; window product line; window replacement/installation; windows & doors,False,"r Process Why WindowWall Financing Reviews Service Areas (813) 502-1343 Free Consultation Windows Replacement Window Styles for Florida Homes Compare impact, casement, hung, sliding, picture, bay and",site scrape,YES,,https://windowwallfl.com/ | https://windowwallfl.com/windows/ | https://windowwallfl.com/why-windowwall/ | https://windowwallfl.com/service-areas/
South Florida Windows & Doors Yes,http://myflwindows.com/?utm_source=google&utm_medium=organic&utm_campaign=gbp_pompano_beach_fl,myflwindows.com,+1 954-957-9763,"3195 N Powerline Rd Ste 112, Pompano Beach, FL 33069, United States",4.7,152,YES,commercial storefront glazing; installs/replaces windows; insulated glass unit work; named window styles; pane glazing work; replacement windows; window product line; window replacement/installation; windows & doors,True,ractors & DIY Project Gallery Refer & Earn Contact Us Home About Windows HURRICANE IMPACT WINDOWS REPLACEMENT WINDOWS Doors Commercial Buy Direct: Contractors & DIY Financing Service Areas Reviews Pr,site scrape,YES,,https://myflwindows.com/
Attila Auto Glass Yes,https://autoglassserviceaustin.com/,autoglassserviceaustin.com,+1 737-510-2169,"3201 Century Park Blvd, Austin, TX 78727, United States",5,11,NO,vehicle glass,True,"Attila Auto Glass | Windshield Repair in Austin, TX 78727 Skip to main content Austin Auto Glass Repair & R",site scrape,NO,,https://autoglassserviceaustin.com/ | https://autoglassserviceaustin.com/solutions/car-window-replacement/ | https://autoglassserviceaustin.com/solutions/rear-window-replacement/ | https://autoglassserviceaustin.com/solutions/sunroof-glass-replacement/
Alpha Glass & Mirror Yes,http://www.alphaautoglass.com/,alphaautoglass.com,+1 954-564-6610,"3201 NE 2nd Ave, Fort Lauderdale, FL 33334, United States",4.8,180,YES,window product line; window replacement/installation,True,Find us on: Facebook Pinterest Instagram Mail Yelp Popular Services Glass Fort Lauderdale Window Repair Fort Lauderdale Glass Repair Fort Lauderdale Vanity Mirrors Tub Glass Enclosure Fort Laud,site scrape,YES,,https://www.alphaautoglass.com/ | https://www.alphaautoglass.com/decorative-glass/ | https://www.alphaautoglass.com/glass-tops-shelves/ | https://www.alphaautoglass.com/glass-hardware-supplies/
Draven Roofing + Construction Yes,https://dravenconstruction.com/,dravenconstruction.com,+1 682-200-9019,"321 Bright Sky Dr, Austin, TX 78737, United States",0,0,YES,window replacement/installation,False,oof Replacement & Repair Storm & Hail Damage Repair Commercial Roofing General Contractor Window Replacement Attic Ventilation Services Exterior Painting Fence Installation Gutter Installation Skyli,site scrape,YES,,https://dravenconstruction.com/ | https://dravenconstruction.com/fort-worth/window-replacement/ | https://dravenconstruction.com/window-leaks-causing-wall-roof-damage/ | https://dravenconstruction.com/services/
Premium Roofing Solutions LLC Yes,https://premiumroofsllc.com/?utm_source=google&utm_medium=organic&utm_campaign=GMB,premiumroofsllc.com,+1 815-296-1306,"321 W State St #201, Rockford, IL 61101, United States",5,81,NO,no window installation or repair signal on site,False,,site scrape,NO,,https://premiumroofsllc.com/ | https://premiumroofsllc.com/services/residential-roofing/ | https://premiumroofsllc.com/services/roof-replacement/ | https://premiumroofsllc.com/services/roof-installation/
Crystalia Glass Yes,https://crystaliaglass.com/,crystaliaglass.com,+1 718-690-0258,"3214 Belt Line Rd Suite 458, Farmers Branch, TX 75234, United States",4.9,94,YES,insulated glass unit work; named window styles,False,8 Years on the US market 20000 Satisfied customers 97% Of clients recommend us System Configurations Prev.,site scrape,YES,,https://crystaliaglass.com/ | https://crystaliaglass.com/aluminum-framed-glass-partitions/ | https://crystaliaglass.com/custom-steel-glass-partitions/ | https://crystaliaglass.com/aluminum-glass-partitions/
The Window Source of DFW Yes,https://www.windowsourcedfw.com/,windowsourcedfw.com,+1 469-655-9148,"3216 Commander Dr Ste 101, Carrollton, TX 75006, United States",5,153,YES,installs/replaces windows; named window styles; replacement windows; window product line; window replacement/installation; windows & doors,False,ORS FRENCH DOORS SLIDING PATIO DOORS RESOURCES OUR MANUFACTURER LIFETIME LIMITED WARRANTY WINDOW SOURCE INSTALLATION PROCESS FAQs COMMUNITY OUTREACH SPECIAL OFFERS CONTACT US Select Page Replacement Windows,site scrape,YES,,https://windowsourcedfw.com/ | https://windowsourcedfw.com/window-source-installation-process/ | https://windowsourcedfw.com/architectural-windows-4/ | https://windowsourcedfw.com/awning-windows-4/
Vista Windows and Doors Yes,https://www.vistawindowsaz.com/,vistawindowsaz.com,+1 480-744-2884,"3225 N Arizona Ave Ste C13, Chandler, AZ 85225, United States",5,51,YES,name states window installation/replacement/doors,False,,name/review keywords,UNREACHABLE,,
AARON AUTO GLASS ROCKFORD Yes,http://www.aaronglass.com/rockford?utm_source=google&utm_medium=wix_google_business_profile&utm_campaign=6738074601005883374,aaronglass.com,+1 815-967-6000,"3227 Auburn St, Rockford, IL 61101, United States",4.9,1758,NO,vehicle glass,True,Aaron Glass | Auto Glass Repair | Chicagoland Area top of page All of Our Auto Glass Meets OEM (Original Equipment,site scrape,NO,,https://www.aaronglass.com/ | https://www.aaronglass.com/services | https://www.aaronglass.com/mobile-glass-repair | https://www.aaronglass.com/windshield-repair-replacement
JJ's Window Service Yes,http://www.jjswindowservice.com/,jjswindowservice.com,+1 972-479-1302,"3235 Skylane Dr Apt 115, Carrollton, TX 75006, United States",3.7,59,YES,broken window glass; installs/replaces windows; reglazing; window replacement/installation,False,"MESSAGE US TODAY Home About Residential Gallery Contact Search for: Window Replacement & Fogged Glass Repair in Carrollton, TX In Need Of Repair?",site scrape,YES,,https://jjswindowservice.com/ | https://jjswindowservice.com/residential/ | https://jjswindowservice.com/contact/
Window Rehab Yes,https://www.windowrehab.com/,windowrehab.com,+1 602-546-3200,"3250 N Colorado St, Chandler, AZ 85225, United States",5,45,YES,installs/replaces windows; named window styles; pane glazing work; replacement windows; window product line; window replacement/installation; windows & doors,False,"Window Replacement Phoenix, AZ | Window Rehab top of page Windows Doors Window Installation Our Story Servic",site scrape,YES,,https://www.windowrehab.com/ | https://www.windowrehab.com/window-installation | https://www.windowrehab.com/windows | https://www.windowrehab.com/service-areas
Advantage Roofing Company Yes,http://www.advantageroofingcompany.com/,advantageroofingcompany.com,+1 512-633-7372,"3267 Bee Caves Rd, Austin, TX 78746, United States",5,25,NO,no window installation or repair signal on site,False,,site scrape,NO,,https://advantageroofingcompany.com/ | https://advantageroofingcompany.com/local-roof-replacements/ | https://advantageroofingcompany.com/residential/ | https://advantageroofingcompany.com/commercial/
WCV Windows Yes,https://www.westcoastvinyl.com/about-us,westcoastvinyl.com,,"327 E Wildwood Dr, Phoenix, AZ 85048, United States",5,5065,YES,installs/replaces windows; insulated glass unit work; named window styles; replacement windows; window product line; window replacement/installation,False,Tacoma Vinyl Windows | Tacoma Replacement Windows | Window Replacement Home Windows Windows Sliders Picture Windows Single Hungs Double Hungs Casements Awnings,site scrape,YES,,https://www.westcoastvinyl.com | https://www.westcoastvinyl.com/window-replacement-tacoma-wa | https://www.westcoastvinyl.com/picture-windows-tacoma-wa | https://www.westcoastvinyl.com/installing-vinyl-windows-tacoma-wa
Dr Sound Yes,http://www.windowtintinginfortlauderdalefl.com/,windowtintinginfortlauderdalefl.com,+1 754-300-5193,"3291 W Sunrise Blvd, Fort Lauderdale, FL 33311, United States",4.8,2624,NO,vehicle glass only,True,Sound Since 1987 in FT Lauderdale FL Tinting Car Window Dr.,site scrape,NO,,https://windowtintinginfortlauderdalefl.com/ | https://windowtintinginfortlauderdalefl.com/products/two-windows-tint | https://windowtintinginfortlauderdalefl.com/products/complete-suv-windows-tint | https://windowtintinginfortlauderdalefl.com/products/redo-removal-old-tint-install-new
Shutter Guy Austin Yes,http://shutterguyaustin.com/,shutterguyaustin.com,+1 512-608-3970,"330 Abbey Dr, Austin, TX 78737, United States",5,134,NO,window treatments,False,GuyAustin.com Home Menu ↓ Skip to primary content Skip to secondary content Home Products Shutters Blinds Shades Faux Iron About Special Offers Free Idea Book Community Testimonials Contac,site scrape,NO,,https://shutterguyaustin.com/ | https://shutterguyaustin.com/art-of-window-dressing/ | https://shutterguyaustin.com/products/ | https://shutterguyaustin.com/products/shutters/
Habitat Haus Yes,https://habitathaus.com/,habitathaus.com,+1 210-237-6328,"3300 Bee Caves Rd #650, Austin, TX 78746, United States",4.8,31,NO,no window installation or repair signal on site,False,,site scrape,NO,,https://habitathaus.com/ | https://habitathaus.com/development-services.html | https://habitathaus.com/services.html
Twin Pro Roofers Yes,https://twinproroofers.com/,twinproroofers.com,+1 512-831-7714,"3300 Bee Caves Rd, West Lake Hills, TX 78746, United States",5,0,NEEDS_REVIEW,insufficient signal,False,,"no site, no research",UNKNOWN,,https://twinproroofers.com/
Rise Renovation - Austin Yes,https://riserenovation.com/,riserenovation.com,+1 737-205-6724,"3300 N Interstate Hwy 35 #700, Austin, TX 78705, United States",4.9,15,YES,installs/replaces windows; named window styles; pane glazing work; replacement windows; window product line; window replacement/installation; windows & doors,False,"ness Hours Monday - Saturday 8 AM–7 PM Closed Sunday Copyright © 2026 - Rise Renovation Window Replacement Denver, Colorado - Rise Renovation Skip to content Serving Denver, CO & Surrounding Areas",site scrape,YES,,https://riserenovation.com/ | https://riserenovation.com/window-replacement-denver-co/ | https://riserenovation.com/service-area/
Attack-A-Crack Glass Specialist Yes,http://attackacrackglassspecialist.com/,attackacrackglassspecialist.com,+1 512-995-2191,"3303 Peavy Dr, Austin, TX 78725, United States",4.8,44,YES,broken window glass; commercial storefront glazing; insulated glass unit work; pane glazing work; window replacement/installation,False,"in, Get 10% off this month on your frameless shower glass when you try our services! Home Window Glass Replacement Custom Wine Cellar Design Home Window Glass Replacement Custom Wine Cellar Design More Ho",site scrape,YES,,https://attackacrackglassspecialist.com/ | https://attackacrackglassspecialist.com/window-glass-replacement | https://attackacrackglassspecialist.com/custom-wine-cellar-design
Factory Direct Windows Yes,https://www.factorydirectwindows.com/,factorydirectwindows.com,+1 602-703-0131,"331 E Chilton Dr, Chandler, AZ 85225, United States",5,60,YES,window in name + review describes window work,False,,name/review keywords,UNKNOWN,,https://factorydirectwindows.com/
Godly Windows & Wash Co. Fort Lauderdale Yes,http://godlywindows.com/fort-lauderdale,godlywindows.com,+1 954-852-5326,"3315 E Oakland Park Blvd #204, Fort Lauderdale, FL 33308, United States",5,90,NO,window cleaning,False,Window Cleaning South Florida | Godly Windows & Wash Co.,site scrape,NO,,https://godlywindows.com/ | https://godlywindows.com/boca-raton | https://godlywindows.com/coconut-creek
Florida Elite Glass Yes,https://fleliteglass.com/,fleliteglass.com,+1 786-981-8455,"333 N New River Dr E, Fort Lauderdale, FL 33301, United States",4.6,13,NEEDS_REVIEW,"glass shop or building contractor, window scope unknown",False,,"no site, no research",UNKNOWN,,https://fleliteglass.com/
ASP Windows and Doors Yes,https://www.aspwindows.com/contact/doral-florida?utm_campaign=gmb,aspwindows.com,+1 786-751-5389,"3400 NW 114th Ave, Doral, FL 33178, United States",4.8,945,YES,broken window glass; commercial storefront glazing; insulated glass unit work; reglazing; window product line; window replacement/installation; windows & doors,False,Do you offer financing options for window and door installations?,site scrape,YES,,https://www.aspwindows.com/ | https://www.aspwindows.com/residential-service-parent | https://www.aspwindows.com/glass-glazing/doral-florida | https://www.aspwindows.com/commercial-services-parent
Prime Window Solutions Yes,https://primeshuttersllc.com/,primeshuttersllc.com,+1 469-457-4049,"3400 Silverstone Dr Ste 174, Plano, TX 75023, United States",5,110,YES,window in name + review describes window work,False,,name/review keywords,UNREACHABLE,,
TXFirstRemodel Yes,https://txfirstremodel.com/,txfirstremodel.com,+1 888-469-0049,"3423 N Winnetka Ave, Dallas, TX 75212, United States",5,70,YES,installs/replaces windows; pane glazing work; replacement windows; window product line; window replacement/installation,False,Driveways Contractors Exterior Painting Contractors Landscaping Services Roofing Services Window Installation Services Financing Contact Us OUR SOCIAL Google Yelp ADD SOME TEXT THROUGH CUSTOMIZER Hom,site scrape,YES,,https://txfirstremodel.com/ | https://txfirstremodel.com/window-installation-services/ | https://txfirstremodel.com/landscaping-services/ | https://txfirstremodel.com/roofing-services/
Sawgrass Windows and Doors Yes,http://sawgrasswindows.net/,sawgrasswindows.net,+1 954-742-7455,"3430 NW 16th St Bay 12, Lauderhill, FL 33311, United States",4.5,40,YES,name states window installation/replacement/doors,False,,name/review keywords,UNKNOWN,,https://go.yourhelper.org/gXPTMbwD?utm_source=sawgrasswindows.net
Carefree Windows Yes,https://www.enjoytheviewnow.com/,enjoytheviewnow.com,+1 815-242-1822,"3442 Colony Bay Dr, Rockford, IL 61109, United States",4.8,88,NO,window cleaning,False,& Southern Wisconsin Region Request Estimate Call us Today (815) 242-1822 Home Commercial Window Washing Gutter Cleaning Pressure Washing Services Building Exterior Pressure Washing Commercia,site scrape,NO,,https://www.enjoytheviewnow.com/ | https://www.enjoytheviewnow.com/commercial-window-washing | https://www.enjoytheviewnow.com/residential-window-washing | https://www.enjoytheviewnow.com/window-cleaning-services
Bufalo Contracting Yes,http://www.bufalocontracting.com/,bufalocontracting.com,+1 779-368-0256,"3466 Colony Bay Dr, Rockford, IL 61109, United States",4.8,495,YES,installs/replaces windows; insulated glass unit work; replacement windows; window product line; window replacement/installation,False,Choose Bufalo Contracting for your next window installation or replacement project and experience the difference that professional quality and service can make.,site scrape,YES,,https://www.bufalocontracting.com/ | https://www.bufalocontracting.com/windows | https://www.bufalocontracting.com/commercial-roof-installation | https://www.bufalocontracting.com/commercial-roof-replacement
Electric Blinds and Shades Fort Lauderdale Yes,https://www.electricshadesftlauderdale.com/,electricshadesftlauderdale.com,+1 954-900-7483,"347 N New River Dr E Ste 2500, Fort Lauderdale, FL 33301, United States",5,6,NO,window treatments,False,"Electric Blinds and Shades | Electric Shades | Fort Lauderdale, FL, USA top of page Need help?",site scrape,NO,,https://www.electricshadesftlauderdale.com/ | https://www.electricshadesftlauderdale.com/products/pirouette%C2%AE-window | https://www.electricshadesftlauderdale.com/products/silhouette%C2%AE-window | https://www.electricshadesftlauderdale.com/window-treatments
Lake Travis Power Washing Yes,http://www.laketravispowerwashing.com/,laketravispowerwashing.com,+1 512-201-0327,"3501 Ranch Rd 620 S, Bee Cave, TX 78738, United States",5,40,NO,window cleaning,False,Power Washing - Lake Travis Power Washing Skip to content Email Us matthew@laketravispowerwashing.,site scrape,NO,,https://laketravispowerwashing.com/ | https://laketravispowerwashing.com/window-cleaning-interior-exterior/ | https://laketravispowerwashing.com/spicewood-window-cleaning/ | https://laketravispowerwashing.com/barton-creek-window-cleaning/
Armadillo Auto Glass Yes,http://www.austinwindshieldreplacement.com/,austinwindshieldreplacement.com,+1 512-554-2234,"3512 Guadalupe St, Austin, TX 78705, United States",4.8,111,NEEDS_REVIEW,"auto-glass name, but may also do building glass — must verify",False,,"no site, no research",UNREACHABLE,,
Gold Coast Windows and Doors Inc. Yes,http://www.goldcoastwindows.com/?utm_source=local&utm_medium=organic&utm_campaign=gmb,goldcoastwindows.com,+1 954-714-6800,"3517 NW 19th St, Lauderdale Lakes, FL 33311, United States",4.6,19,YES,commercial storefront glazing; installs/replaces windows; insulated glass unit work; named window styles; replacement windows; window product line; window replacement/installation; windows & doors,False,mmercial Door Replacement Office Doors High-Rise Doors Commercial Impact Doors Commercial Windows Commercial Window Replacement Commercial Window Installation High-Rise Windows Fixed-Glass Windows Architectural Window,site scrape,YES,,https://goldcoastwindows.com/ | https://goldcoastwindows.com/commercial-lauderdale-lakes-fl/commercial-windows/commercial-window-replacement/ | https://goldcoastwindows.com/commercial-lauderdale-lakes-fl/commercial-windows/commercial-window-installation/ | https://goldcoastwindows.com/commercial-lauderdale-lakes-fl/commercial-windows/fixed-glass-windows/
Da Spot 214 LLC Yes,https://www.daspot214.com/,daspot214.com,,"3534 Beall St, Dallas, TX 75223, United States",4.8,136,NO,window tint/film,True,"ality films that won't turn purple in two summers. Precison and quality matters! FULL CAR Window Tint At Da Spot, we offer top tier professional window films, computer cuts and excellent care",site scrape,NO,,https://www.daspot214.com/
Tito's Sound Yes,https://titossound.com/,titossound.com,+1 954-709-9236,"3581 W Sunrise Blvd, Fort Lauderdale, FL 33311, United States",4.9,6305,NO,window tint/film,False,"Tito's Sound | Car Audio & Window Tint — Fort Lauderdale, FL Tito's Sound Services About Reviews Location Contact (954) 709-9236",site scrape,NO,,https://titossound.com/
United Built Homes Yes,https://www.ubh.com/design-center/austin-tx/?utm_source=google&utm_medium=organic&utm_campaign=google_business_profile_round_rock_tx&utm_content=website_button,ubh.com,+1 512-252-1040,"3590 Greenlawn Blvd #100, Round Rock, TX 78681, United States",4.4,81,NO,no window installation or repair signal on site,False,,site scrape,NO,,https://www.ubh.com/
Reece Windows & Doors Yes,https://reecewindows.com/fort-lauderdale/,reecewindows.com,+1 866-717-8582,"3590 NW 54th St, Fort Lauderdale, FL 33309, United States",4.5,248,YES,installs/replaces windows; named window styles; pane glazing work; replacement windows; window product line; window replacement/installation; windows & doors,False,"meet your needs Specialty Windows Entry and sliding glass doors for your home During your window installation, you’ll have the option to upgrade the exterior doors at your home.",site scrape,YES,,https://reecewindows.com/ | https://reecewindows.com/replacement-windows/single-hung-windows/ | https://reecewindows.com/replacement-windows/double-hung-windows/ | https://reecewindows.com/replacement-windows/casement-windows/
Stellar Energy Solutions LLC Yes,http://www.austinstellar.com/,austinstellar.com,+1 512-261-4046,"36 Cypress Knee Ln, Austin, TX 78734, United States",4.6,11,NO,window tint/film; window treatments,False,Stellar Window Films | Stellar Energy | Austin Stellar Window Films Skip to content Commercial & Residential,site scrape,NO,,https://austinstellar.com/ | https://austinstellar.com/window-film | https://austinstellar.com/security-window-film | https://austinstellar.com/commercial
QXO Yes,https://locations.qxo.com/TX/Austin/Austin-TX-78744-611?utm_source=Google+Business&utm_medium=gmb&utm_term=na&utm_content=-Austin-TX-611&utm_campaign=Locations,locations.qxo.com,+1 512-672-0022,"3601 Silver Dollar Cir, Austin, TX 78744, United States",3.5,33,NO,no window installation or repair signal on site,False,,site scrape,NO,,https://www.qxo.com/ | https://www.qxo.com/products/tri-built/residential?cateFilter=US_MAIN_CAT_TRIBUILT_RSRFG | https://www.qxo.com/products/tri-built/commercial?cateFilter=US_MAIN_CAT_TRIBUILT_CMRFG | https://www.qxo.com/brand-landing/royal-building-products/royal-products?filters=prdBrand:RoyalBuildingProducts39dbd4c3ae
Grand Openings Luxury Windows & Doors - Dallas Yes,http://www.grandopenings.com/,grandopenings.com,+1 214-956-7700,"3605 Inwood Rd, Dallas, TX 75209, United States",2.9,18,YES,named window styles; window product line; windows & doors,False,"Series was designed for versatility and durability. It can mimic the traditional style of wood windows and doors with a warm wood interior and intricate exterior trim details, or it can meet m",site scrape,YES,,https://grandopenings.com/ | https://grandopenings.com/products/western-window-systems/ | https://grandopenings.com/products/kolbe-windows-doors/ | https://grandopenings.com/products/
AMC Windows & Screens Yes,http://amcwindows.com/,amcwindows.com,+1 954-584-7171,"3608 W Broward Blvd, Fort Lauderdale, FL 33312, United States",3.8,39,YES,commercial storefront glazing; windows & doors,False,Storefronts Surrounding Glass for Wine Rooms High-Rise Glass Replacement Impact-Resistant Windows and Doors Interior Glass Dividers Bullet-Resistant Glass & Enclosures Glass Office Doors & Systems,site scrape,YES,,https://www.amcwindows.com/ | https://www.amcwindows.com/contact
Wyndoorco Yes,https://wyndoorco.com/,wyndoorco.com,+1 972-922-3578,"3626 N Hall St Ste 610, Dallas, TX 75219, United States",5,18,YES,installs/replaces windows; insulated glass unit work; replacement windows; window product line; window replacement/installation; windows & doors,False,"We specialize in expert window installation and retrofitting, combining beauty, energy efficiency, and lasting value.",site scrape,YES,,https://wyndoorco.com/ | https://wyndoorco.com/portfolio-category/windows/ | https://wyndoorco.com/services/
Shine of Westlake and Downtown Austin Yes,https://shine-windowcleaning.com/location/westlake/?utm_source=GMB&utm_medium=organic&utm_campaign=Westlake,shine-windowcleaning.com,+1 512-757-1157,"3636 Bee Caves Rd Suite 315, Austin, TX 78746, United States",5,381,NO,window cleaning,False,"Shine Window Cleaning and Exteriors: Same Curb, More Appeal Skip to content Franchising Careers Franchising",site scrape,NO,,https://shine-windowcleaning.com/ | https://shine-windowcleaning.com/commercial-services/commercial-window-cleaning/ | https://shine-windowcleaning.com/residential-services/professional-window-cleaning/ | https://shine-windowcleaning.com/residential-services/interior-window-glass-cleaning/
Top A1 Contracting Yes,http://topa1contracting.com/,topa1contracting.com,+1 833-867-2100,"3701 E State St Unit G, Rockford, IL 61108, United States",4.7,73,NEEDS_REVIEW,insufficient signal,False,,"no site, no research",UNKNOWN,,https://topa1contracting.com/
Specialty Automotive Treatments Yes,http://satreatments.com/,satreatments.com,+1 954-728-1234,"3705 W Commercial Blvd, Tamarac, FL 33309, United States",4.5,194,NO,"vehicle/automotive business, no glass or window signal",False,,name/review keywords,UNKNOWN,,https://satreatments.com/
Precision Garage Door of Austin (Dripping Springs) Yes,https://precisiondooraustin.com/?utm_source=gmb&utm_medium=location_drippingsprings&utm_campaign=website,precisiondooraustin.com,+1 737-212-9799,"3707 US-290 #6, Dripping Springs, TX 78620, United States",4.9,500,NO,no window installation or repair signal on site,False,,site scrape,NO,,https://precisiondooraustin.com/ | https://precisiondooraustin.com/book-now | https://precisiondooraustin.com/same-day-emergency-garage-door-service | https://precisiondooraustin.com/coupons/1
The Window Source of Miami Yes,https://windowsourcemiami.com/?utm_campaign=gmb,windowsourcemiami.com,+1 754-254-0150,"3708 NW 16th St, Lauderhill, FL 33311, United States",5,28,YES,commercial storefront glazing; installs/replaces windows; named window styles; replacement windows; window product line; window replacement/installation; windows & doors,False,Replacement Window Company - Impact Window and Door Services window replacement Door Replacement Commercial Projects Partition Wall Our Work Service Area See Our Work About Us Offers 754,site scrape,YES,,https://www.windowsourcemiami.com/ | https://www.windowsourcemiami.com/main-services/window-replacement | https://www.windowsourcemiami.com/main-services/door-replacement | https://www.windowsourcemiami.com/main-services/commercial-projects
Tex Land Construction LLC Yes,https://www.texlandconstruction.com/siding/siding-replacement-austin-tx/?utm_source=google&utm_medium=organic&ut%20m_campaign=gbp,texlandconstruction.com,+1 512-910-7852,"3709 Promontory Point Dr, Austin, TX 78744, United States",4.9,93,YES,installs/replaces windows; window product line; window replacement/installation,False,terior and Interior Home Painting Roof Replacement & Repairs Siding Replacement & Repairs Window Replacement Deck and Patio Cover Construction Foundation Repair Bathroom Remodeling See Our Work – Au,site scrape,YES,,https://www.texlandconstruction.com/ | https://www.texlandconstruction.com/post/best-energy-efficient-windows-texas | https://www.texlandconstruction.com/windows | https://www.texlandconstruction.com/services
Bangor Window Works Yes,https://hometrendyquote.com/,hometrendyquote.com,+1 254-489-8666,"3712 S Malcolm X Blvd, Dallas, TX 75215, United States",0,0,YES,installs/replaces windows; named window styles; replacement windows; window product line; window replacement/installation; windows & doors,False,â Home Trendy Quote gave me a fair estimate and delivered top-quality window replacements.,site scrape,YES,YES,https://hometrendyquote.com/ | https://hometrendyquote.com/window.html | https://hometrendyquote.com/electrical.html
VZ auto glass Yes,https://www.facebook.com/share/1BuZmxvmHM/,facebook.com,+1 469-279-6262,"3717 Woodbury Rd, Balch Springs, TX 75180, United States",5,150,YES,Stocks windows and provides framing and installation services including window and door installations,False,"Oak Cliff Building Materials services page: 'Their extensive inventory includes lumber, sheathing, roofing products, windows, and more. They also provide professional framing and installation services, including window and door installations'; sells 'to contractors, builders and homeowners'",web research (site unreachable),UNREACHABLE,,
Dot Exterior Cleaning Yes,https://dotexteriorcleaning.jobbersites.com/,dotexteriorcleaning.jobbersites.com,+1 815-323-2156,"3775 Modesto Dr, Rockford, IL 61114, United States",4.9,65,NO,window cleaning,False,"DOT Exterior Cleaning: Power washing, window cleaning, and gutter cleaning (815) 323-2156 Client Login Get an Estimate Home",site scrape,NO,,https://dotexteriorcleaning.jobbersites.com/ | https://dotexteriorcleaning.jobbersites.com/services/window-cleaning-services | https://dotexteriorcleaning.jobbersites.com/services/commercial-window-cleaning | https://dotexteriorcleaning.jobbersites.com/services/gutter-cleaning-services
Lazarus Remodel Yes,https://lazarusremodel.com/,lazarusremodel.com,+1 512-550-5518,"3800 Bliss Spillar Rd, Manchaca, TX 78652, United States",5,17,NEEDS_REVIEW,"glass shop or building contractor, window scope unknown",False,,"no site, no research",UNKNOWN,,https://lazarusremodel.com/
Renuity Home Improvement of South Florida Yes,https://renuityhome.com/florida/fort-lauderdale-fl/?utm_source=gmb&utm_medium=Yext&y_source=1_NjY1MDE4ODgtNzE1LWxvY2F0aW9uLndlYnNpdGU%3D,renuityhome.com,+1 954-932-4667,"3801 SW 30th Ave, Fort Lauderdale, FL 33312, United States",4.5,3962,YES,installs/replaces windows; insulated glass unit work; named window styles; replacement windows; window product line; window replacement/installation,False,"on October 1, 2026 at 04:00 AM Offer expires: 0 d 0 h 0 m 0 s Take 70% OFF Labor for New Window Installations plus 12 months, no interest,no or low monthly payments claim offer Doors First impressio",site scrape,YES,,https://renuityhome.com/ | https://renuityhome.com/windows/ | https://renuityhome.com/windows/awnings/ | https://renuityhome.com/windows/bow/
Window Nation Austin Yes,https://www.windownation.com/locations/texas/san-marcos?utm_code=CMP-08802-Y8W8G&utm_source=google&utm_medium=organic&utm_content=GMB_showroom,windownation.com,+1 512-360-0899,"3813A Helios Way, Pflugerville, TX 78660, United States",4.6,168,YES,Replacement windows and doors with professional installation; national installer with Grand Prairie showroom,False,"'Grand Prairie, Texas Home Window Replacement Experts' — windownation.com/locations/texas/grand-prairie/; location page '2940 N Hwy 360 #300, Grand Prairie, TX 75050... (972) 332-5412', 'top-rated products, expert installation'",web research (site unreachable),UNREACHABLE,,
Superior Showers Yes,http://www.superiorshowers.com/,superiorshowers.com,+1 561-914-5277,"3819 NW 49th St, Tamarac, FL 33309, United States",4.6,444,NO,no window installation or repair signal on site,False,,site scrape,NO,,https://www.superiorshowers.com/ | https://www.superiorshowers.com/glass-coating | https://www.superiorshowers.com/glass-office-partitions
American Windshield West Lake Yes,https://www.americaswindshield.com/stores/west-lake-hills-tx,americaswindshield.com,+1 512-710-2062,"3825 Bee Caves Rd, Austin, TX 78746, United States",1,3356,NO,vehicle glass,True,America's Windshield — Mobile Auto Glass Repair & Replacement Services Locations My Appointment Call (281) 357,site scrape,NO,,https://americaswindshield.com/ | https://americaswindshield.com/quote?service=other | https://americaswindshield.com/services/side-window-replacement | https://americaswindshield.com/services/multi-glass-replacement
WETINT WINDOWS Yes,https://www.wetintwindows.net/,wetintwindows.net,+1 214-225-0509,"3880 W Ledbetter Dr, Dallas, TX 75233, United States",4.7,4725,NO,Window tinting shop,False,"tintbrokers.com tint-shop listing for WETINT WINDOWS, 3880 W Ledbetter Dr Dallas — tint shop; no window install/replacement content indexed",web research (site unreachable),UNREACHABLE,,
Custom Sounds & Tint - Fiesta Yes,https://www.customsounds.com/locations/3909-ih35-austin-tx-78722,customsounds.com,+1 512-910-4877,"3909 N Interstate Hwy 35, Austin, TX 78722, United States",4.4,116,NEEDS_REVIEW,insufficient signal,False,,"no site, no research",UNREACHABLE,,
Panoramic Doors - Austin Yes,https://panoramicdoors.com/showrooms/austin-tx/,panoramicdoors.com,+1 210-239-7576,"3913 Todd Ln Ste 303, Austin, TX 78744, United States",3.8,6,YES,insulated glass unit work; pane glazing work; window product line,False,"rgy-saving performance. LEARN MORE Absolute Vinyl Door Perfectly Matching Your Vision and Vinyl Windows With the same clean design and modern beauty as our Signature Aluminum Doors, the Absolut",site scrape,YES,,https://panoramicdoors.com/ | https://panoramicdoors.com/stacking-windows/ | https://panoramicdoors.com/residential-solutions/ | https://panoramicdoors.com/commercial-spaces/
Shading Texas Yes,https://www.shadingtexas.com/?utm_source=localfx&utm_medium=organic&utm_campaign=gbp,shadingtexas.com,+1 512-264-1500,"3913 Todd Ln Suite 312, Austin, TX 78744, United States",5,144,YES,insulated glass unit work; named window styles,False,"e Patio Shades Our patio sun shades in Austin & San Antonio come in a wide variety of configurations to complement any home, and we’ll be happy to help you find a style selected to ma",site scrape,YES,,https://www.shadingtexas.com/ | https://www.shadingtexas.com/products/ | https://www.shadingtexas.com/products/sun-shades/ | https://www.shadingtexas.com/products/solar-shades/
City Sign Services Inc Yes,https://www.citysignservices.com/,citysignservices.com,+1 469-923-2091,"3914 Elm St, Dallas, TX 75226, United States",4.9,43,YES,commercial storefront glazing,False,"Quote-Signs Request Quote-Mobile Crane Services Serving Area Recent Blog Posts Why Every Storefront Needs a Professional Business Sign May 26, 2026 A professional business sign maximizes br",site scrape,YES,,https://www.citysignservices.com/ | https://www.citysignservices.com/sign-services | https://www.citysignservices.com/sign-installation | https://www.citysignservices.com/request-quote-mobile-crane-services
1st Choice Energy Yes,http://www.1stchoiceenergy.com/,1stchoiceenergy.com,+1 512-345-0956,"3915 Becker Ave, Austin, TX 78751, United States",4.9,65,NO,window tint/film,False,& Duct Renovation Weatherization Assistance Program HVAC HVAC Replacement Duct Renovation Solar Screens Austin’s First Choice for Home Energy Upgrades Get Started Let’s Make Your Home More Com,site scrape,NO,,https://www.1stchoiceenergy.com/ | https://www.1stchoiceenergy.com/service-category/hvac-replacement-austin-tx | https://www.1stchoiceenergy.com/eform/submit/schedule-service | https://www.1stchoiceenergy.com/service-category/what-home-performance
Titan Armor-Coat Exteriors Yes,http://www.asktitangroup.com/,asktitangroup.com,+1 815-323-5976,"3924 N Alpine Rd, Rockford, IL 61114, United States",3.6,26,NO,window treatments,False,"Damaged screens, and shutters.",site scrape,NO,,https://www.asktitangroup.com/
Optic-Kleer Auto Glass Yes,https://www.optic-kleer.com/southaustin,optic-kleer.com,+1 832-740-3695,"3994 US-290, Dripping Springs, TX 78620, United States",5,111,YES,building glass replacement; installs/replaces windows; replacement windows,True,View Service Door Motor and Regulator Replacement Windows not going up and down?,site scrape,YES,,https://optickleer.com/ | https://optickleer.com/fleet-commercial-vehicle-glass-replacement/ | https://optickleer.com/windshield-replacement/ | https://optickleer.com/sunroof-repair-replacement/
DaBella Yes,https://dabella.us/location/austin/?utm_source=GBP&utm_medium=link&utm_campaign=austinGBP&utm_id=Google+Business+Profile+Clicks,dabella.us,+1 512-402-3655,"400 E Anderson Ln, Austin, TX 78752, United States",4.6,529,NEEDS_REVIEW,insufficient signal,False,,"no site, no research",UNREACHABLE,,
Town & Country Industries Yes,https://www.tc-alum.com/location/fort-lauderdale-FL-33309-2144/,tc-alum.com,+1 954-970-9999,"400 W McNab Rd, Fort Lauderdale, FL 33309, United States",4.3,97,YES,installs/replaces windows; replacement windows; window replacement/installation; windows & doors,False,"Solutions Sign-In Search Search Replacement Windows Home » Windows & Doors » Replacement Windows Replacement windows are an excellent upgrade for any home, offering a fresh new look and enhanced fun",site scrape,YES,,https://www.abcsupplyoutdoorsolutions.com/ | https://www.abcsupplyoutdoorsolutions.com/product/windows-doors/replacement-windows/ | https://www.abcsupplyoutdoorsolutions.com/product/windows-doors/new-construction-windows/ | https://www.abcsupplyoutdoorsolutions.com/product/windows-doors/
Noble Windows and Doors Yes,https://noblewindowsanddoors.com/window-installation-phoenix-arizona/,noblewindowsanddoors.com,+1 623-810-3460,"4001 E Broadway Rd Unit B-11, Phoenix, AZ 85040, United States",5,118,YES,installs/replaces windows; insulated glass unit work; named window styles; replacement windows; window product line; window replacement/installation; windows & doors,False,Door Installation Pivot Door Installation Wood Clad Exterior Door Barn Door Installation Windows Aluminum Window Installation Replacement Windows Energy Efficient Window Installation Window And Door Installation Vin,site scrape,YES,,https://noblewindowsanddoors.com/ | https://noblewindowsanddoors.com/windows/aluminum-windows/ | https://noblewindowsanddoors.com/window-replacement-phoenix-az/ | https://noblewindowsanddoors.com/windows/energy-efficient-windows/
Universal Door Repair Yes,https://universaldoorrepair.co/,universaldoorrepair.co,+1 214-529-3594,"4001 N Westmoreland Rd, Dallas, TX 75212, United States",5,0,YES,commercial storefront glazing; window replacement/installation,False,529-3594 Menu Menu DALLAS TEXAS COMMERCIAL DOOR REPAIR EMERGENCY COMMERCIAL DOOR REPAIR & WINDOW REPLACEMENT SERVICES Request a Free Inspection OUR SERVICES & REPAIRS Aluminum & Glass Storefront Aut,site scrape,YES,,https://universaldoorrepair.co/ | https://universaldoorrepair.co/dallas-door-repair-services/
Kir Remodeling Yes,https://kirremodeling.com/,kirremodeling.com,+1 512-850-4075,"4002 Springwillow Ln, Round Rock, TX 78681, United States",5,16,NO,no window installation or repair signal on site,False,,site scrape,NO,,https://kirremodeling.com/ | https://kirremodeling.com/completed-work/small-bathroom-remodel-austin-tx | https://kirremodeling.com/completed-work/2-rooms-remodeling-cedar-park-tx | https://kirremodeling.com/completed-work/nucore-lvp-flooring-subfloor-leveling-cedar-park-tx
Dripping Springs Foundation Repair Company Yes,https://drippingspringsfoundationrepaircompany.com/,drippingspringsfoundationrepaircompany.com,+1 512-883-7253,"4002 US-290 Unit a7, Dripping Springs, TX 78620, United States",5,16,NEEDS_REVIEW,insufficient signal,False,,"no site, no research",UNKNOWN,,https://drippingspringsfoundationrepaircompany.com/
Highline Building Supplies | Windows | Doors | Flooring | Roofing | Kitchen | Builders Source | Commercial Doors | Trims Yes,https://www.highlinesupplies.com/?utm_source=google&utm_medium=gbp&utm_campaign=business_profile,highlinesupplies.com,+1 214-718-0488,"4002 W Miller Rd STE# 100 & 120, Garland, TX 75041, United States",4.9,871,YES,insulated glass unit work; named window styles; window product line; windows & doors,False,aluminum windows — which should I choose?,site scrape,YES,,https://www.highlinesupplies.com | https://www.highlinesupplies.com/shop/category/windows-51 | https://www.highlinesupplies.com/shop/category/windows-51?category=51&search=&order=&attribute_value=223-864 | https://www.highlinesupplies.com/shop/category/windows-51?category=51&search=&order=&attribute_value=223-863
Small House Solutions Yes,https://buyasmallhouse.com/,buyasmallhouse.com,+1 512-696-7684,"4005 W Parmer Ln, Austin, TX 78727, United States",4.7,75,NO,no window installation or repair signal on site,False,,site scrape,NO,,https://buyasmallhouse.com/ | https://buyasmallhouse.com/expert-home-projects/
Discount Electronics - North Austin Yes,https://www.discountelectronics.com/,discountelectronics.com,+1 512-983-9989,"4005 W Parmer Ln, Austin, TX 78727, United States",4.7,2295,YES,insulated glass unit work,False,"Clearance stock is what’s on hand and nothing more — once a configuration sells out, it’s gone.",site scrape,YES,,https://discountelectronics.com/ | https://discountelectronics.com/brands/apple
Pink's Windows Austin Yes,https://www.pinkswindows.com/austin,pinkswindows.com,+1 512-766-1976,"4008 N Lamar Blvd, Austin, TX 78756, United States",4.9,496,NO,window cleaning,False,"y. We take pride in our work, no matter the project. Whether we’re cleaning your windows, power washing your walkways, or giving your home a chemical free soft wash, we always make a point o",site scrape,NO,,https://pinkswindows.com/ | https://pinkswindows.com/services/ | https://pinkswindows.com/residential/
Heritage Handyman LLC Yes,http://www.heritagehandyman.co/,heritagehandyman.co,+1 512-373-8686,"401 Woodward St, Austin, TX 78704, United States",5,49,YES,insulated glass unit work; window replacement/installation,False,"Get quote Doors & Windows Door repairs, locksets, hinges, thresholds, weatherstripping, screens, shades, and blinds.",site scrape,YES,,https://heritagehandyman.co/ | https://heritagehandyman.co/services/doors-windows | https://heritagehandyman.co/services
Local Door & Glass LLC Yes,http://localdoorglass.com/,localdoorglass.com,+1 480-709-6772,"4012 E Broadway Rd #309, Phoenix, AZ 85040, United States",5,16,NEEDS_REVIEW,"glass shop or building contractor, window scope unknown",False,,"no site, no research",UNREACHABLE,,
Budget Blinds of East Fort Lauderdale & Boca Yes,https://www.budgetblinds.com/EastFortLauderdale/?utm_source=gbp&utm_medium=listing&utm_campaign=lam-listing-gbp-sf,budgetblinds.com,+1 954-636-8222,"4013 NE 6th Ave, Oakland Park, FL 33334, United States",4.9,209,NO,window treatments,False,"Blinds - Custom Blinds, Window Coverings - Budget Blinds Skip to Content Franchise Opportunities",site scrape,NO,,https://www.budgetblinds.com/ | https://www.budgetblinds.com/child-safety/ | https://www.budgetblinds.com/our-products/blinds/ | https://www.budgetblinds.com/our-products/blinds/wood-blinds/
CG&S Design-Build Yes,http://www.cgsdb.com/,cgsdb.com,+1 512-444-1580,"402 Corral Ln, Austin, TX 78745, United States",4.8,58,YES,insulated glass unit work,False,to: Exterior design Outdoor living Garage apartments Second story additions Layout reconfiguration Home additions Exterior Design For all the remodeling work that gets done inside a,site scrape,YES,,https://www.cgsdb.com/ | https://www.cgsdb.com/services | https://www.cgsdb.com/services/renovation | https://www.cgsdb.com/services/architecture
Glass Enhancements Yes,http://glassenhancements.com/,glassenhancements.com,+1 815-296-1206,"4020 McFarland Rd, Loves Park, IL 61111, United States",4.6,42,NO,window tint/film,True,Glass Enhancements | UV Window Film Installer | Decorative Film Serving Chicago-Milwaukee-Rockford-Madison 815.,site scrape,NO,,https://www.glassenhancements.com/ | https://www.glassenhancements.com/milwaukee-commercial-window-tinting/ | https://www.glassenhancements.com/mchenry-commercial-window-tinting/ | https://www.glassenhancements.com/dekalb-commercial-window-tinting/
KJ&M Glass Works Yes,https://dfwwindowrepairservice.com/contact/,dfwwindowrepairservice.com,+1 214-994-2580,"4022 Altoona Dr, Dallas, TX 75233, United States",4.9,57,NO,no window installation or repair signal on site,False,,site scrape,NO,YES,https://expireddomains.com/domain/dfwwindowrepairservice.com?utm_source=redi
MIW Roofing Yes,https://miwroofing.com/,miwroofing.com,+1 954-634-3838,"404 NE 38th St, Oakland Park, FL 33334, United States",5,404,YES,window product line; window replacement/installation; windows & doors,False,"MIW Roofing & Windows offers flexible financing options for roofing, window repairs, and new installations.",site scrape,YES,,https://miwroofing.com/ | https://miwroofing.com/services/impact-windows/ | https://miwroofing.com/wp-content/uploads/impact-window-installation-florida-miw-roofing-project-gallery-2.jpg | https://miwroofing.com/services/
Keenan Window & Door Yes,https://www.keenanwindow.com/,keenanwindow.com,+1 954-563-4900,"4050 NE 5th Terrace, Oakland Park, FL 33334, United States",4.7,82,YES,installs/replaces windows; replacement windows; window product line; window replacement/installation; windows & doors,False,dows Front Entry Doors Sliding Glass Doors & French Doors Commercial Window & Door Impact Windows Window Replacement Gallery Reviews About Why Choose Us?,site scrape,YES,,https://www.keenanwindow.com/ | https://www.keenanwindow.com/commercial-window-and-door | https://www.keenanwindow.com/window-replacement | https://www.keenanwindow.com/hurricane-windows
XPEL South Austin Yes,http://www.xpel.com/,xpel.com,+1 512-254-2271,"407 Radam Ln Bldg c, Austin, TX 78745, United States",5,59,NO,vehicle glass only,True,"protection film is designed to keep your vehicle looking brand new by protecting against rock chips, scratches, and scuffs.",site scrape,NO,,https://www.xpel.com/ | https://www.xpel.com/products/automotive-window-tint | https://www.xpel.com/products/marine-window-film | https://www.xpel.com/products/category/home-and-office-window-film
Fonte Windows And Doors Yes,http://fonteimpactwindows.com/,fonteimpactwindows.com,+1 954-900-2344,"4076 NE 8th Ave, Oakland Park, FL 33334, United States",4.9,74,YES,installs/replaces windows; insulated glass unit work; named window styles; window product line; window replacement/installation; windows & doors,False,"and impact doors in Broward, Palm Beach, and Miami-Dade counties. We specialize in expert window and door installation for residential homes, commercial buildings, and condominium properties, delivering super",site scrape,YES,,https://www.fonteimpactwindows.com/ | https://www.fonteimpactwindows.com/impact-windows/ | https://www.fonteimpactwindows.com/wp-content/uploads/2019/09/impact-windows-2.jpg
Adams Exteriors Yes,http://www.adamsexteriors.com/homewindowguy/,adamsexteriors.com,+1 214-349-7283,"410 S Willomet Ave, Dallas, TX 75208, United States",5,2,YES,installs/replaces windows; replacement windows; window replacement/installation,False,From energy-efficient replacement windows to roof repairs / replacements and all other exterior repairs.,site scrape,YES,,https://www.adamsexteriors.com/
Ja-Mar Roofing & Sheet Metal - Austin Yes,https://jamarroofing.com/?utm_source=google&utm_medium=gbp&utm_campaign=Austin,jamarroofing.com,+1 512-441-8437,"4101 Parkstone Heights Dr Ste 250, Austin, TX 78746, United States",4.9,668,NEEDS_REVIEW,"glass shop or building contractor, window scope unknown",False,,"no site, no research",UNKNOWN,,https://jamarroofing.com/
Stone Systems of Central Texas Yes,https://www.stone-systems.com/about-us/?utm_source=G&utm_medium=Local&utm_campaign=Google-Local,stone-systems.com,+1 512-295-2950,"4101 Smith School Rd Ste #200 Bld. 2, Suite 100, Austin, TX 78744, United States",2.8,74,NEEDS_REVIEW,insufficient signal,False,,"no site, no research",UNKNOWN,,https://www.stone-systems.com/
Portella Steel Doors & Windows - Austin Yes,https://portella.com/,portella.com,+1 512-263-8851,"4111 Todd Ln Ste 1000, Austin, TX 78744, United States",4.1,9,YES,commercial storefront glazing; named window styles; window product line; windows & doors,False,ces Hardware Finishes Glass Steel Series Steel Doors Steel Windows Wood Series Wood Doors Wood Windows Aluminium Series Aluminum Doors Aluminum Windows Details and CAD Files CEU Courses NFRC R,site scrape,YES,,https://portella.com/ | https://portella.com/products/steel-windows/ | https://portella.com/products/wood-windows/ | https://portella.com/products/aluminum-windows/
ABC Blind & Drapery ATX LLC Yes,https://www.abcblind.com/,abcblind.com,+1 512-459-6561,"4115 Freidrich Ln Suite 200, Austin, TX 78744, United States",4.9,247,NO,window tint/film; window treatments,False,SOLAR SHADES Solar screens are perfect for sun-facing home windows!,site scrape,NO,,https://www.abcblind.com/ | https://www.abcblind.com/services | https://www.abcblind.com/products/draperies | https://www.abcblind.com/products
Prestige Steel Doors and Windows Yes,http://www.prestigedoorsandwindows.com/,prestigedoorsandwindows.com,+1 512-666-9676,"4125 Todd Ln A, Austin, TX 78744, United States",4.6,113,NEEDS_REVIEW,window in name but service type unconfirmed,False,,"no site, no research",UNKNOWN,,https://prestigedoorsandwindows.com/
KobyCo Door & Window Yes,https://www.kobycowindow.com/?utm_campaign=gmb,kobycowindow.com,+1 815-270-5484,"4131 N Perryville Rd, Loves Park, IL 61111, United States",4.7,170,NEEDS_REVIEW,window in name but service type unconfirmed,False,,"no site, no research",UNKNOWN,,https://kobycowindow.com/
Lifetime Home Remodeling Yes,http://www.lifetimewindows.com/,lifetimewindows.com,+1 480-550-9993,"4141 S 36th St, Phoenix, AZ 85040, United States",4.8,1049,NEEDS_REVIEW,insufficient signal,False,,"no site, no research",UNREACHABLE,,
New Image Autosports Yes,https://newimageautosports.com/service-areas/dallas-carroll-ave-tx/,newimageautosports.com,+1 214-827-6000,"415 S Carroll Ave, Dallas, TX 75223, United States",4.9,684,NO,window cleaning; window tint/film,True,"ap with precision — cutting edges cleanly, wrapping panels fully, and using heat guns and squeegees to achieve a smooth, bubble-free finish on every surface.",site scrape,NO,,https://newimageautosports.com/ | https://newimageautosports.com/services/window-tint/ | https://newimageautosports.com/services/ | https://newimageautosports.com/service-areas/
Warner Roofing & Restoration Yes,https://www.warnerroofdog.com/,warnerroofdog.com,+1 815-877-7663,"417 S Winnebago St, Rockford, IL 61102, United States",4.8,222,YES,insulated glass unit work; pane glazing work; window product line; window replacement/installation,False,"Windows Energy-efficient window installations for a brighter, modern home.",site scrape,YES,,https://www.warnerroofdog.com/ | https://www.warnerroofdog.com/windows | https://www.warnerroofdog.com/residential-roofing | https://www.warnerroofdog.com/commercial-roofing
Eurotech Windows Yes,http://etiwindows.com/,etiwindows.com,+1 954-630-9967,"4201 NE 12th Terrace, Oakland Park, FL 33334, United States",4.6,56,YES,window product line; windows & doors,False,EuroTech Industries | Hurricane Impact Windows & Doors,site scrape,YES,,https://www.etiwindows.com/
Austin Window Tint Yes,http://www.austinwindowtint.net/,austinwindowtint.net,+1 512-554-7276,"4208 S 1st St, Austin, TX 78745, United States",4.7,193,NO,window tint/film only,False,,name/review keywords,UNKNOWN,,https://austinwindowtint.net/
BUENAVISTA WINDOWS Yes,https://www.buenavistawindows.net/,buenavistawindows.net,+1 469-805-8098,"4215 McEwen Rd, Dallas, TX 75244, United States",4.9,8,YES,insulated glass unit work; named window styles; pane glazing work; window product line; window replacement/installation,False,"en Rd Farmers Branch, TX 75244 469-805-8098 Socials Sitemap bottom of page Vinyl Custom Windows Replacement Series, Windows Supplier Dallas - BuenaVista Windows top of page Home Windows B-21 Series",site scrape,YES,,https://www.buenavistawindows.net/ | https://www.buenavistawindows.net/windows | https://www.buenavistawindows.net/b21series
Auto Glass Shop Yes,https://autoglass-shop.com/,autoglass-shop.com,+1 214-245-6293,"4215 Parry Ave, Dallas, TX 75223, United States",4.4,126,NO,window tint/film,True,W Tuning In Brisbane For Improved Power And Driving Dynamics Car Tinting for Summer: Does Window Tint Really Keep Your Car Cooler?,site scrape,NO,,https://autoglass-shop.com/ | https://autoglass-shop.com/car-tinting-for-summer-does-window-tint-really-keep-your-car-cooler/ | https://autoglass-shop.com/car-service-maintenance-checklist-keep-your-vehicle-in-top-shape/
AAA Countertops Yes,http://aaacountertops.com/,aaacountertops.com,+1 512-243-6821,"4216 Felter Ln, Austin, TX 78744, United States",4.9,242,NO,no window installation or repair signal on site,False,,site scrape,NO,,https://aaacountertops.com/ | https://aaacountertops.com/products/ | https://aaacountertops.com/countertop-design-services/ | https://aaacountertops.com/countertop-installation-process/
On Time Mobile Car Detailing of Hudson Bend - TX Yes,https://ontimemobilecardetailingatx.com/hudson-bend,ontimemobilecardetailingatx.com,+1 737-205-1324,"4221 Ranch Rd 620 N, Austin, TX 78734, United States",5,12,NO,no window installation or repair signal on site,False,,site scrape,NO,,https://ontimemobilecardetailingatx.com/
Holloway's Custom Upholstery Yes,http://www.hollowayscustomupholstery.com/,hollowayscustomupholstery.com,+1 214-823-5888,"4221 Ross Ave, Dallas, TX 75204, United States",4.7,50,NO,"unrelated trade, no window signal",False,,name/review keywords,UNREACHABLE,,
Binswanger Glass Yes,https://www.binswangerglass.com/branch/dallas-tx-4222-harry-hines-blvd/,binswangerglass.com,+1 214-520-6583,"4222 Harry Hines Blvd, Dallas, TX 75219, United States",3.9,87,YES,building glass replacement; commercial storefront glazing; installs/replaces windows; insulated glass unit work; pane glazing work; reglazing; replacement windows; window replacement/installation,False,ion Request a Quote See Our Case Studies Residential Glass Residential Glass Shower Doors Window Glass Repair and Replacement Custom Mirrors Custom Glass Table Tops & Replacement Custom Glass Shelves,site scrape,YES,,https://www.binswangerglass.com/ | https://www.binswangerglass.com/residential-glass/windows-glass-repair-replacement/ | https://www.binswangerglass.com/commercial-glass/transaction-windows/ | https://www.binswangerglass.com/window-retrofits/
Performance Windows Dallas Yes,http://goperformancewindows.com/,goperformancewindows.com,+1 817-803-5965,"4225 Wingren Dr Ste 215, Irving, TX 75062, United States",4.8,300,YES,installs/replaces windows; named window styles; replacement windows; window product line; window replacement/installation,False,Window Replacement & Installation | Performance Windows Skip to content Contact Us For Our Holiday Sale Toda,site scrape,YES,,https://goperformancewindows.com/ | https://goperformancewindows.com/our-work | https://goperformancewindows.com/contact
Dixie Tint Pros Yes,http://www.dixietintpros.com/?utm_campaign=gmb,dixietintpros.com,+1 512-574-1350,"4229 N FM 620 #301, Austin, TX 78734, United States",5,193,NO,window tint/film; window treatments,True,"Dixie Tint Pros | Premium Window Tints in Austin, TX Home Home About Us About Us who We Are Our Team Reviews Services Services",site scrape,NO,,https://www.dixietintpros.com/ | https://www.dixietintpros.com/services/commercial-window-tint | https://www.dixietintpros.com/services/car-window-tint | https://www.dixietintpros.com/services/home-window-tint
GT Wraps & PPF Yes,http://gtwraps.com/,gtwraps.com,+1 512-785-9361,"4229 N FM 620 Suite 215, Austin, TX 78734, United States",4.8,51,NO,window tint/film,False,"Austin, TX 78734, USA top of page (512) 785-9361 GET FREE ESTIMATE → HOME PPF VINYL WRAP WINDOW TINT CERAMIC COATING DETAILING COMMERCIAL WRAPS CONTACT CONTACT Small Title GT Wraps is Austin",site scrape,NO,,https://www.gtwraps.com/ | https://www.gtwraps.com/windowtint | https://www.gtwraps.com/commercialwrap
G1 Window Tinting at Xspace Yes,http://www.g1windowtinting.com/,g1windowtinting.com,+1 512-789-5068,"4229 Ranch Rd 620 N Ste 128, Austin, TX 78734, United States",5,147,YES,commercial storefront glazing; installs/replaces windows; insulated glass unit work; pane glazing work,True,Does tinting a Rivian or Lucid glass roof void the manufacturer warranty? Professionally installed window film generally does not void your vehicle's factory warranty — a manufacturer would have,site scrape,YES,,https://www.g1windowtinting.com/
City Wide Building Services Yes,https://citywidebuildingservices.com/,citywidebuildingservices.com,+1 214-358-4547,"425 W Mockingbird Ln, Dallas, TX 75247, United States",4.6,45,NO,window cleaning,False,ices Skip to main content City Wide Building Services Menu About Us What We Do Commercial Window Cleaning Building Restoration Services Davit & Anchor Inspection & Certification Parking Lot Sw,site scrape,NO,,https://citywidebuildingservices.com/ | https://citywidebuildingservices.com/our-services/window-cleaning/ | https://citywidebuildingservices.com/our-services/commercial-pressure-washing/ | https://citywidebuildingservices.com/our-services/high-dusting-services/
Vico Windows Inc Yes,http://www.vicowindows.com/,vicowindows.com,+1 954-563-5686,"4275 NE 6th Ave, Oakland Park, FL 33334, United States",4.3,61,YES,window in name + review describes window work,False,,name/review keywords,UNREACHABLE,,
Steiner Ranch Siding Experts Yes,https://steinerranchsidingexperts.com/,steinerranchsidingexperts.com,+1 512-580-8084,"4300 N Quinlan Park Rd #105, Austin, TX 78732, United States",5,2,YES,installs/replaces windows; insulated glass unit work; named window styles; replacement windows; window replacement/installation; windows & doors,False,"ce and help reduce long-term material deterioration caused by intense Texas sun exposure. Window Installation Services Windows play an important role in indoor comfort, energy efficiency, natural lig",site scrape,YES,,https://steinerranchsidingexperts.com/ | https://steinerranchsidingexperts.com/services/siding-installation-northwest-austin-tx/ | https://steinerranchsidingexperts.com/services/siding-replacement-northwest-austin-tx/ | https://steinerranchsidingexperts.com/services/
Pella Window and Door Office/Warehouse of Rockford Yes,https://www.pella.com/locations/chicago/?utm_source=organic&utm_medium=web&utm_campaign=gbp,pella.com,,"4301 11th St, Rockford, IL 61109, United States",4.6,728,YES,installs/replaces windows; insulated glass unit work; named window styles; pane glazing work; replacement windows; window product line; window replacement/installation; windows & doors,False,ow Inspiration By Color By Style By Room By Shape All Window Inspiration Window Resources Window Education Window Replacement Before & After Projects Ratings & Reviews Features & Options Window DIY Doors keyboard_ar,site scrape,YES,,https://www.pella.com/ | https://www.pella.com/ideas/windows/replacement/window-installation-what-to-expect/ | https://www.pella.com/ideas/windows/replacement/shopping-for-replacement-windows/ | https://www.pella.com/ideas/windows/replacement/
ATX Lighting LLC Yes,http://atxlighting.com/,atxlighting.com,+1 512-537-4442,"4306 N Quinlan Park Rd, Austin, TX 78732, United States",4.6,120,NO,no window installation or repair signal on site,False,,site scrape,NO,,https://atxlighting.com/ | https://atxlighting.com/lighting-installation/ | https://atxlighting.com/electrical-installation-and-upgrades/ | https://atxlighting.com/smart-home-and-general-electrical-services/
The Shutter Store of Florida Inc Yes,http://shutterstoreonline.com/,shutterstoreonline.com,+1 954-932-2352,"4308 NE 5th Terrace, Oakland Park, FL 33334, United States",4.4,67,YES,pane glazing work; window product line; window replacement/installation; windows & doors,False,How long does impact window installation take?,site scrape,YES,,https://www.shutterstoreonline.com/ | https://www.shutterstoreonline.com/impact-windows | https://www.shutterstoreonline.com/impact-window-installation-pompano-beach | https://www.shutterstoreonline.com/impact-window-installation-ft-lauderdale
Open House Interiors Yes,https://www.ohifl.com/,ohifl.com,+1 954-533-7445,"4312 N Federal Hwy, Fort Lauderdale, FL 33308, United States",3.4,31,NO,window treatments,False,"Open House Interiors Inc | Blinds, Shades, Shutters, Drapery | Fort Lauderdale, FL Store location (954) 533-7445 Hunter Dou",site scrape,NO,,https://www.ohifl.com/
Pro Wallpaper Hanger Yes,https://prowallpaperhanger.com/?utm_source=GMB&utm_id=GMB,prowallpaperhanger.com,+1 469-904-0674,"4315 S Lancaster Rd, Dallas, TX 75216, United States",5,19,NO,no window installation or repair signal on site,False,,site scrape,NO,,https://prowallpaperhanger.com/ | https://prowallpaperhanger.com/services/residential | https://prowallpaperhanger.com/services/commercial
Silverback Windows Yes,https://www.silverbackwindows.com/,silverbackwindows.com,+1 469-388-5175,"4329 McKinney Ave #19, Dallas, TX 75205, United States",5,48,YES,installs/replaces windows; replacement windows; window product line; window replacement/installation,False,Home | M&B Remodeling top of page Home Contact Black Windows Replacement Windows Sliding Glass Doors More Use tab to navigate through the menu items.,site scrape,YES,,https://www.silverbackwindows.com/ | https://www.silverbackwindows.com/replacement-windows | https://www.silverbackwindows.com/black-windows | https://www.silverbackwindows.com/sliding-glass-doors
Amazing Exteriors Yes,http://amazingexteriors.com/locations/dallas/,amazingexteriors.com,+1 817-761-4113,"4343 Sigma Rd Suite 100, Farmers Branch, TX 75244, United States",4.6,244,YES,installs/replaces windows; insulated glass unit work; named window styles; replacement windows; window product line; window replacement/installation; windows & doors,False,pe Windows Marvin Insert Windows Infinity Marvin Windows Why Fiberglass Windows? Guide to Window Replacement Energy Efficiency Siding James Hardie Siding Vinyl Siding Doors Infinity by Marvin Patio,site scrape,YES,,https://amazingexteriors.com/ | https://amazingexteriors.com/windows/fiberglass-replacement-windows/ | https://amazingexteriors.com/windows/window-guide/ | https://amazingexteriors.com/windows/marvin-windows/
Glass USA Yes,http://www.glassusainc.com/,glassusainc.com,+1 954-561-9216,"4372 NE 11th Ave, Oakland Park, FL 33334, United States",4.6,66,YES,broken window glass; building glass replacement; commercial storefront glazing; installs/replaces windows; insulated glass unit work; replacement windows; window replacement/installation,False,"Ave, Oakland Park, FL 33334 Call us today! 954-561-9216 Home Glass Repair and Replacement Window Glass Repair Patio Door Repairs Impact Glass Replacement Sliding Glass Door Repair Storefront Solution",site scrape,YES,,https://www.glassusainc.com/ | https://www.glassusainc.com/glass-replacement-store | https://www.glassusainc.com/glass-installation-store | https://www.glassusainc.com/custom-glass-and-accessories
Texas Paint & Wallpaper Yes,http://www.texaspaint.com/,texaspaint.com,+1 214-824-4574,"4410 Ross Ave, Dallas, TX 75204, United States",4.6,99,NO,window treatments,False,dgeable staff help you with your design project from paint consultations to wallpaper and draperies.,site scrape,NO,,https://texaspaint.com/ | https://texaspaint.com/window-coverings/ | https://texaspaint.com/residential-design-services/ | https://texaspaint.com/services/
WindowCraft Inc Yes,https://www.windowcraft.biz/,windowcraft.biz,+1 214-358-7110,"4412 W Lovers Ln, Dallas, TX 75209, United States",4.5,10,YES,commercial storefront glazing; installs/replaces windows; insulated glass unit work; named window styles; window product line; window replacement/installation; windows & doors,False,"ovider of custom windows and doors in Dallas, offering high-quality window and door installations for custom builders, architects, designers, remodeling contractors, and homeowners.",site scrape,YES,,https://windowcraftinc.com/ | https://windowcraftinc.com/windows/ | https://windowcraftinc.com/window-material/ | https://windowcraftinc.com/custom-windows-doors-in-westlake-tx/
Geek Window Cleaning Yes,https://geekwindowcleaning.com/locations/services-austin/,geekwindowcleaning.com,+1 512-270-7555,"4413 Spicewood Springs Rd Ste 212, Austin, TX 78759, United States",4.9,32,NO,window cleaning; window tint/film,False,"Window Cleaning in Houston, TX | Geek Window Cleaning Skip to content CALL US TODAY 713 581 4963 GET A",site scrape,NO,,https://geekwindowcleaning.com/ | https://geekwindowcleaning.com/residential-window-cleaning/
Window Depot USA of Dallas Yes,https://windowdepotdallas.com/,windowdepotdallas.com,+1 214-399-9592,"4425 W Airport Fwy Ste 119, Irving, TX 75062, United States",4.8,205,YES,installs/replaces windows; insulated glass unit work; named window styles; pane glazing work; replacement windows; window product line; window replacement/installation; windows & doors,False,"-07-30 05:53:41 The Hidden Cost of Buying Cheap Replacement Windows in Dallas, Texas When Window Repair Is No Longer an Option in Dallas, Texas https://windowdepotdallas.",site scrape,YES,,https://windowdepotdallas.com/ | https://windowdepotdallas.com/windows/bay-bow-windows | https://windowdepotdallas.com/windows/casement-windows | https://windowdepotdallas.com/windows/double-hung-windows
Premier Truck Group Dallas Area Collision Center Yes,https://premiertruck.com/locations/premier-truck-group-dallas-area-collision-center,premiertruck.com,+1 214-261-2400,"4500 Langdon Rd, Dallas, TX 75241, United States",4.8,19,NO,no window installation or repair signal on site,False,,site scrape,NO,,https://premiertruck.com/ | https://premiertruck.com/fleet-services | https://premiertruck.com/service-department | https://premiertruck.com/mobile-on-site-service-request
Texas Reliable Auto Glass Yes,https://texasreliableautoglass.com/,texasreliableautoglass.com,+1 737-346-1350,"4500 Steiner Ranch Blvd #2405, Austin, TX 78732, United States",4.9,221,NO,vehicle glass,True,Best Texas Reliable Auto Glass Repair Services Skip to content Reliable Auto Glass Mon-Sun: 06:00am - 10:00pm 737-346-13,site scrape,NO,,https://texasreliableautoglass.com/ | https://texasreliableautoglass.com/car-window-replacement-austin/ | https://texasreliableautoglass.com/mobile-window-repair/ | https://texasreliableautoglass.com/mobile-auto-glass-replacement/
Builders FirstSource Yes,https://www.bldr.com/contact/request-quote?utm_source=yext&utm_medium=listing&utm_campaign=requestquote&utm_content=AUSTTXYD,bldr.com,+1 512-444-3172,"4501 Burleson Rd, Austin, TX 78744, United States",2.9,104,YES,installs/replaces windows; window product line; window replacement/installation; windows & doors,False,"Reliable Service Count on competitive pricing, jobsite-ready deliveries, and skilled window replacement and installation if you need it.",site scrape,YES,,https://www.bldr.com/ | https://www.bldr.com/products/windows | https://www.bldr.com/services/window-door-specialists | https://www.bldr.com/services/installation
Ishtar auto glass Yes,https://ishtarautoglass.com/,ishtarautoglass.com,+1 512-657-2995,"4508 Brandt Rd, Austin, TX 78744, United States",5,32,NO,vehicle glass,True,"Auto Glass & Window Tinting in Austin, TX | Ishtar Auto Glass - Auto Glass Repair, Replacement & Win",site scrape,NO,,https://ishtarautoglass.com/
The Shade Store Yes,https://www.theshadestore.com/showrooms/texas/dallas?utm_source=google&utm_medium=organic&utm_content=dallas&utm_campaign=gmb-listing%C2%A0,theshadestore.com,+1 469-619-4942,"4516 McKinney Ave, Dallas, TX 75205, United States",4.2,47,NO,window treatments,False,"The Shade Store: Shades, Blinds, Drapery & Window Treatments 20% OFF SITEWIDE* | FREE MEASURE Skip navigation Fin",site scrape,NO,,https://www.theshadestore.com/ | https://www.theshadestore.com/window-treatments | https://www.theshadestore.com/collections/most-popular-window-treatments | https://www.theshadestore.com/collections/motorized-window-treatments
Woodbridge Home Solutions Yes,https://www.woodbridgehomesolutions.com/service-area/dallas-tx/?utm_source=google&utm_medium=organic&utm_campaign=GMBListing-Dallas-TX,woodbridgehomesolutions.com,+1 855-907-4299,"4519 Sigma Rd, Dallas, TX 75244, United States",4.3,760,NEEDS_REVIEW,insufficient signal,False,,"no site, no research",UNKNOWN,,https://woodbridgehomesolutions.com/
Honest View Windows Yes,https://honestviewwindows.com/,honestviewwindows.com,+1 480-550-1195,"4539 N 22nd St #4554, Phoenix, AZ 85016, United States",5,65,YES,window replacement/installation,False,Honest View Windows | Phoenix Window Replacements,site scrape,YES,,https://honestviewwindows.com/
Exotic Shades & Draperies Yes,https://www.exoticshades.com/?utm_source=listings&utm_medium=referral&utm_campaign=local,exoticshades.com,+1 954-881-9331,"4539 Powerline Rd, Fort Lauderdale, FL 33309, United States",5,121,NO,window tint/film; window treatments,False,"Loro Piana, Romo, Zimmer + Rohde, Kravet, Manuel Canovas, Christian Fischbacher - and for solar screens we favor Mermet's KOOLBLACK weaves: the dark screen that keeps the view without the heat",site scrape,NO,,https://www.exoticshades.com/ | https://www.exoticshades.com/sliding-glass-door-window-treatments | https://www.exoticshades.com/commercial-window-treatments | https://www.exoticshades.com/fort-lauderdale-window-treatments
H&M Designs LLC Yes,https://hmdesignstx.com/,hmdesignstx.com,+1 469-989-3200,"4549 S Westmoreland Rd, Dallas, TX 75237, United States",5,41,NO,window treatments,False,3200 Free Consultation call mark_email_unread Open menu Window Treatments arrow_drop_down Blinds arrow_drop_down View All Blinds Aluminum Blinds Vinyl Blinds Soft Blinds Wood Blinds Comp,site scrape,NO,,https://hmdesignstx.com/ | https://hmdesignstx.com/services/aluminum-blinds/ | https://hmdesignstx.com/services/vinyl-blinds/ | https://hmdesignstx.com/services/sheer-shades/
Maverick Windows Yes,http://www.maverickwindows.com/,maverickwindows.com,+1 214-302-8541,"4552 Beltway Dr, Addison, TX 75001, United States",4.8,820,YES,installs/replaces windows; replacement windows; window product line; window replacement/installation; windows & doors,True,31 info@maverickwindows.com Free Estimate → About Us News Contact Us Careers 0 Items Home Windows Window Replacement Energy Efficient Windows Black Windows Alside Windows Andersen Windows NT Windows MI Wind,site scrape,YES,,https://maverickwindows.com/ | https://maverickwindows.com/window-replacement/ | https://maverickwindows.com/window-replacement-dallas/ | https://maverickwindows.com/window-replacement-houston/
FlexPainters Yes,https://flexpainterstexas.com/,flexpainterstexas.com,+1 512-487-7015,"4602 Everest Ln, Austin, TX 78727, United States",5,19,NEEDS_REVIEW,insufficient signal,False,,"no site, no research",UNREACHABLE,,
Icon Home Builders & Remodeling Yes,https://www.iconhomebuildersatx.com/,iconhomebuildersatx.com,+1 512-777-0280,"4602 Everest Ln, Austin, TX 78727, United States",4.9,25,NO,no window installation or repair signal on site,False,,site scrape,NO,,https://www.iconhomebuildersatx.com/ | https://www.iconhomebuildersatx.com/our-services/ | https://www.iconhomebuildersatx.com/service-area/
Green Contractors FL Yes,https://www.greencontractorsfl.com/,greencontractorsfl.com,+1 786-519-0391,"4624 Hollywood Blvd #203, Hollywood, FL 33021, United States",5,46,YES,installs/replaces windows; insulated glass unit work; named window styles; pane glazing work; window product line; window replacement/installation; windows & doors,False,"ling Bathroom Remodeling Financing About Testimonials Contact Schedule Appointment IMPACT WINDOWS INSTALLATION We are a family-owned window and door replacement company, focused on eco-friendly, energ",site scrape,YES,,https://greencontractorsfl.com/ | https://greencontractorsfl.com/our-services/window-installation-service/ | https://greencontractorsfl.com/our-services/casement-window-installation-replacement/ | https://greencontractorsfl.com/our-services/storm-window-installation-replacement/
Brunos Mirrors & Glass Inc Yes,https://www.brunosglass.com/,brunosglass.com,+1 954-224-4254,"4638 NW 8th Terrace, Fort Lauderdale, FL 33309, United States",5,2,NEEDS_REVIEW,"glass shop or building contractor, window scope unknown",False,,"no site, no research",UNREACHABLE,,
Johnson Energy Solutions Yes,http://www.impact-florida.com/,impact-florida.com,+1 954-214-1217,"4700 Powerline Rd, Oakland Park, FL 33309, United States",1,4656,NEEDS_REVIEW,insufficient signal,False,,"no site, no research",UNREACHABLE,,
Everest Roofing Yes,https://everestroofingil.com/,everestroofingil.com,+1 779-368-0826,"4701 Hydraulic Rd, Rockford, IL 61108, United States",4.8,79,NEEDS_REVIEW,"glass shop or building contractor, window scope unknown",False,,"no site, no research",UNKNOWN,,https://everestroofingil.com/
A Plus Sealants Yes,http://www.aplussealants.com/,aplussealants.com,+1 512-454-3388,"4709 Airport Blvd, Austin, TX 78751, United States",5,2,NO,window cleaning,False,oofing Clear Sealers Wet Sealants Life Safety Site Sealants Waterproofing Epoxy Injection Window Washing Powerwashing Window Caulking Expansion Joint Sealants Special Coating (Epoxy and Ureth,site scrape,NO,,https://www.aplussealants.com/ | https://www.aplussealants.com/a-plus-restoration-services | https://www.aplussealants.com/longhorn-new-construction-services | https://www.aplussealants.com/firestopping-services
Vista Windows & Doors Yes,http://www.vistawd.com/,vistawd.com,+1 512-927-9011,"4715 S Lamar Blvd #101B, Sunset Valley, TX 78745, United States",3.6,10,YES,windows & doors,False,Transparency Experience Knowledge Our team of window and door experts is committed to providing an unparalleled client experience.,site scrape,YES,,https://www.vistawd.com/
Champion Glass Inc Yes,https://champion-glass.net/,champion-glass.net,+1 954-564-3435,"4720 NW 15th Ave #4A, Fort Lauderdale, FL 33309, United States",5,9,YES,commercial storefront glazing; insulated glass unit work; window product line; window replacement/installation,False,Once for simple repairs and another time for complete window replacement on our building.,site scrape,YES,,https://champion-glass.net/ | https://champion-glass.net/products/ | https://champion-glass.net/services/
New View Roofing Yes,https://newviewroofing.com/?utm_source=google&utm_medium=organic&utm_campaign=gmb,newviewroofing.com,+1 469-966-1196,"4722 Gaston Ave, Dallas, TX 75246, United States",4.9,698,YES,installs/replaces windows; named window styles; pane glazing work; window product line; window replacement/installation,False,allation Free Roof Inspection Roof Inspections for Home Buyers & Sellers Roof Maintenance Window Installation and Repair Commercial & Industrial Close Commercial & Industrial Open Commercial & Industrial Commer,site scrape,YES,,https://newviewroofing.com/ | https://newviewroofing.com/residential/window-installation/ | https://newviewroofing.com/commercial-industrial/roof-replacement/ | https://newviewroofing.com/residential/exterior-renovation-service/
Accent Auto Yes,http://www.accentauto.com/,accentauto.com,+1 512-444-7777,"4749 E Ben White Blvd Ste A, Austin, TX 78741, United States",4.5,295,NO,no window installation or repair signal on site,False,,site scrape,NO,,https://www.accentauto.com/ | https://www.accentauto.com/service-page/engine-repairs-and-replacement | https://www.accentauto.com/service-page/brake-inspection-1 | https://www.accentauto.com/service-page/tire-rotation
Advanced Glass Industries Yes,http://advancedglassind.com/,advancedglassind.com,+1 954-588-1858,"4750 N Dixie Hwy #7, Fort Lauderdale, FL 33334, United States",5,171,YES,commercial storefront glazing; pane glazing work,False,"Design collaboration Shop drawings, physical samples and mock-ups before a single panel is fabricated.",site scrape,YES,,https://advancedglassind.com/ | https://advancedglassind.com/exclusive-services | https://advancedglassind.com/glass-entrances
eurostyle impact window Yes,http://eurostyleimpactwindows.com/,eurostyleimpactwindows.com,+1 954-668-0701,"4750 N Dixie Hwy Unit 2, Oakland Park, FL 33334, United States",4.2,19,NEEDS_REVIEW,window in name but service type unconfirmed,False,,"no site, no research",UNREACHABLE,,
Dr Impact Co Yes,https://www.drimpactco.com/,drimpactco.com,+1 954-508-2616,"4754 NE 12th Ave, Oakland Park, FL 33334, United States",5,132,YES,named window styles; window product line; window replacement/installation; windows & doors,False,"0, 2025 Impact Windows & Doors (Broward County Florida) Why Dr Impact Co Excels in Impact Window and Door Installations in Broward, Florida At Dr Impact Co, we pride ourselves on being Broward’s top choice fo",site scrape,YES,,https://drimpactco.com/ | https://drimpactco.com/services/impactwindowsdoors/ | https://drimpactco.com/2025/09/18/covert-your-screened-patio-with-acrylic-windows-making-a-weather-resistant-sunroom/ | https://drimpactco.com/2025/02/20/impact-windows-doors-broward-county-florida/
Mid Cities Auto Glass Yes,https://midcitiesautoglass.com/auto-glass/,midcitiesautoglass.com,+1 210-401-1110,"4755 Algiers St, Dallas, TX 75207, United States",4.8,5,NO,vehicle glass,True,Mid Cities Auto Glass Repair Service Near 214 909 9800 Windshield Replacement Me Mid Cities Auto Glass Repair S,site scrape,NO,YES,https://midcitiesautoglass.com/ | https://midcitiesautoglass.com/window-installation-service | https://midcitiesautoglass.com/CarWindowReplacement | https://midcitiesautoglass.com/CarWindowReplacementDallas
All Window & Door Repairs Inc Yes,https://impactshieldwindows.com/?utm_source=omg-gbp&utm_medium=webclick,impactshieldwindows.com,+1 954-400-1736,"4768 NE 12th Ave, Oakland Park, FL 33334, United States",4.8,421,YES,name states window installation/replacement/doors,False,,name/review keywords,UNKNOWN,,https://impactshieldwindows.com/
M E Gene Johnson Garage Yes,http://www.megjgarage.com/,megjgarage.com,+1 512-453-7376,"4801 Airport Blvd, Austin, TX 78751, United States",4.7,405,NO,no window installation or repair signal on site,False,,site scrape,NO,,https://www.megjgarage.com/ | https://www.megjgarage.com/services | https://www.megjgarage.com/services/ac-systems | https://www.megjgarage.com/services/brakes
ProReal Yes,http://www.prorealdfw.com/,prorealdfw.com,+1 214-769-8729,"4803 Reiger Ave, Dallas, TX 75246, United States",4.8,47,NO,window treatments,False,"The color range includes white, gray, black, and various shades in between.",site scrape,NO,,https://prorealdfw.com/ | https://prorealdfw.com/services/ | https://prorealdfw.com/countertop-installation/ | https://prorealdfw.com/flooring/
Balance de Terra LLC Yes,http://www.balancedeterra.com/,balancedeterra.com,+1 972-613-8833,"4810 Philip Ave, Dallas, TX 75223, United States",5,30,NO,no window installation or repair signal on site,False,,site scrape,NO,,https://balancedeterra.com/ | https://balancedeterra.com/services/ | https://balancedeterra.com/services/wood-fence-dallas/ | https://balancedeterra.com/services/chain-link-fence-dallas/
Glasshouse Yes,http://glasshouseproducts.com/?utm_source=google&utm_medium=Yext,glasshouseproducts.com,+1 214-761-1100,"4811 Lakawana St, Dallas, TX 75247, United States",4.3,6,YES,commercial storefront glazing; windows & doors,False,Featured Architectural Glass View Product Storefront Glazing View Product Seamless Glass Windows and Doors View Product Butt-glazed Glass View Product Steel Framed Glass View Product Glass Railing,site scrape,YES,,https://glasshouseproducts.com/ | https://glasshouseproducts.com/products/glass/ | https://glasshouseproducts.com/products/art-glass/ | https://glasshouseproducts.com/products/architectural-glass/
Latitude Windows Yes,http://www.latitudewindows.com/,latitudewindows.com,+1 954-451-5601,"4816 NE 10th Ave, Oakland Park, FL 33334, United States",4,23,NEEDS_REVIEW,window in name but service type unconfirmed,False,,"no site, no research",UNKNOWN,,https://latitudewindows.com/
"Elefant Xterior"" Experts"" Yes",https://austinelefant.com/,austinelefant.com,+1 512-786-1211,"4825 Weidemar Ln Ste 300, Austin, TX 78745, United States",4.9,340,NO,window cleaning,False,Power Washing & Exterior Cleaning | Elefant Xterior Experts | Austin Home Services Service areas Rev,site scrape,NO,,https://www.austinelefant.com/ | https://www.austinelefant.com/services | https://www.austinelefant.com/service-areas
ABC Supply Co. Inc. Yes,https://www.abcsupply.com/locations/location?BranchNumber=041,abcsupply.com,+1 214-630-3940,"4833 Singleton Blvd, Dallas, TX 75212, United States",4.2,154,YES,installs/replaces windows; replacement windows; window replacement/installation; windows & doors,False,& Doors » Windows Windows ABC Supply is a wholesale distributor of both new construction windows and replacement windows.,site scrape,YES,,https://www.abcsupply.com/ | https://www.abcsupply.com/products/windows-doors/windows/ | https://www.abcsupply.com/products/windows-doors/ | https://www.abcsupply.com/products/windows-doors/entrance-doors/
Universal Window Coverings Yes,http://www.universalwindow.net/,universalwindow.net,+1 214-905-0011,"4839 Cash Rd, Dallas, TX 75247, United States",5,2,NO,window treatments,False,Plantation Shutters Dallas TX | Universal Window Coverings USA is the largest dealer of O’Hair plantation shu,site scrape,NO,,https://universalwindow.net/ | https://universalwindow.net/about-universal-window-coverings/ | https://universalwindow.net/specialty-window-covering-shapes/ | https://universalwindow.net/arched-window-treatments/
Gatsby Glass of East Dallas Yes,https://www.gatsbyglass.com/east-dallas-tx/,gatsbyglass.com,+1 972-430-4390,"4845 Vicksburg St ste 100a, Dallas, TX 75207, United States",5,14,YES,"Residential glass repair and window replacement (incl. foggy/failed units), plus commercial glass and shower/mirror work",False,"gatsbyglass.com/east-dallas-tx/glass-services/ 'Glass Services in Dallas, TX' — services include residential glass repair, window replacement, shower glass, mirrors; Google review: 'windows at my house were getting more and more foggy... Gatsby charged $1,200 and did a great job with the installatio",web research (site unreachable),UNREACHABLE,,
All Impact Renovations Windows & Doors Yes,https://www.allimpactrenovations.com/,allimpactrenovations.com,+1 954-655-1527,"4866 NE 12th Ave, Oakland Park, FL 33334, United States",4.9,41,YES,named window styles; window product line; windows & doors,False,"Hurricane Resistant Impact Windows & Doors: Broward, FL Home Products Single Hung Windows Casement Windows Fixed Windows Sli",site scrape,YES,,https://www.allimpactrenovations.com/ | https://www.allimpactrenovations.com/single-hung-windows | https://www.allimpactrenovations.com/casement-windows | https://www.allimpactrenovations.com/fixed-windows
The Brothers That Just Do Gutters Yes,https://central-dfw.brothersgutters.com/,central-dfw.brothersgutters.com,+1 972-957-7598,"4900 Calvert St Unit B106, Dallas, TX 75247, United States",4.9,532,NO,no window installation or repair signal on site,False,,site scrape,NO,,https://central-dfw.brothersgutters.com/ | https://central-dfw.brothersgutters.com/gutter-services/installation/ | https://central-dfw.brothersgutters.com/gutter-services/
Huskie Exteriors Inc Yes,https://huskieexteriors.com/,huskieexteriors.com,+1 815-519-3237,"4901 W State St, Rockford, IL 61102, United States",4.9,184,NEEDS_REVIEW,insufficient signal,False,,"no site, no research",UNREACHABLE,,
Star Customs Yes,https://www.starcustoms.com/,starcustoms.com,+1 512-280-2604,"4905 Commercial Park Dr, Austin, TX 78724, United States",4.5,63,YES,insulated glass unit work,False,The guys were very helpful in figuring out what we needed and answered all our questions about bedcovers (there were many!,site scrape,YES,,https://www.starcustoms.com/ | https://www.starcustoms.com/commercial-products | https://www.starcustoms.com/products
Cerv Property Solutions Austin Yes,https://www.cervpropertysolutions.com/?utm_source=google&utm_medium=organic&utm_campaign=gbp-austin,cervpropertysolutions.com,+1 737-286-9704,"4930 S Congress Ave #303C, Austin, TX 78745, United States",4.9,1250,YES,pane glazing work,False,REPORTED Single-pane visibility across the portfolio.,site scrape,LIKELY,,https://www.cervpropertysolutions.com/ | https://www.cervpropertysolutions.com/services-2 | https://www.cervpropertysolutions.com/services/landscape | https://www.cervpropertysolutions.com/services/janitorial
OMEGA GARAGE DOOR INC Yes,https://www.omegadoorsandwindows.com/,omegadoorsandwindows.com,+1 954-416-3020,"4972 SW 35th Terrace, Fort Lauderdale, FL 33312, United States",4.6,66,YES,commercial storefront glazing; installs/replaces windows; insulated glass unit work; named window styles; replacement windows; window product line; window replacement/installation; windows & doors,False,Door & Window Repair Experts in South Florida | Same-Day Service | Omega Doors Home About FAQ Services Service,site scrape,YES,,https://www.omegadoorsandwindows.com/ | https://www.omegadoorsandwindows.com/impact-resistant-doors | https://www.omegadoorsandwindows.com/impact-windows | https://www.omegadoorsandwindows.com/window-screen-replacement
Energy Window Solutions Yes,https://energywindowsolutions.com/,energywindowsolutions.com,+1 972-746-8195,"5000 Esquire Estates Rd, Mabank, TX 75156, United States",4.9,105,YES,installs/replaces windows; insulated glass unit work; named window styles; pane glazing work; replacement windows; window product line; window replacement/installation; windows & doors,False,Window Replacement & Installation Services in Texas - Energy Window Solutions Special financing available.,site scrape,YES,,https://energywindowsolutions.com/ | https://energywindowsolutions.com/windows/rehau-windows/ | https://energywindowsolutions.com/windows/triple-pane-windows/ | https://energywindowsolutions.com/windows/slimline-windows/
ProTex Remodeling Windows - Doors - Siding Yes,https://www.protexremodeling.com/,protexremodeling.com,+1 817-422-0552,"5001 FM1187 Ste 150, Burleson, TX 76028, United States",5,150,YES,installs/replaces windows; named window styles; pane glazing work; replacement windows; window product line; window replacement/installation; windows & doors,False,"Response from the owner: Walter, Thank you for trusting ProTex Remodeling with your window replacement project in Ft Worth, Texas.",site scrape,YES,,https://protexremodeling.com/ | https://protexremodeling.com/2025/07/18/5-ways-replacement-windows-save-you-money-true-costs-payback-and-benefits-for-texas-homeowners/ | https://protexremodeling.com/service-areas/window-replacement-arlington-texas/ | https://protexremodeling.com/service-areas/window-replacement-bedford-texas/
Budget Blinds of Rockford & Sycamore Yes,http://www.budgetblinds.com/Rockford/?utm_source=Internet&utm_medium=Directory&utm_campaign=GOOGLE-PLACES,budgetblinds.com,+1 815-636-1250,"5004 N 2nd St, Loves Park, IL 61111, United States",4.6,18,NO,window treatments,False,"Blinds - Custom Blinds, Window Coverings - Budget Blinds Skip to Content Franchise Opportunities",site scrape,NO,,https://www.budgetblinds.com/ | https://www.budgetblinds.com/child-safety/ | https://www.budgetblinds.com/our-products/blinds/ | https://www.budgetblinds.com/our-products/blinds/wood-blinds/
Smart Services and Sales LLC Yes,https://smartapplianceaustin.com/?utm_campaign=gmb,smartapplianceaustin.com,+1 512-705-5020,"5006 Watusi Bend, Austin, TX 78732, United States",4.9,241,NO,no window installation or repair signal on site,False,,site scrape,NO,,https://smartapplianceaustin.com/ | https://smartapplianceaustin.com/services/ | https://smartapplianceaustin.com/appliance-installation/ | https://smartapplianceaustin.com/services/refrigerator-repair-austin/
Home Shield Shutter Group INC Yes,https://homeshieldshutter.com/,homeshieldshutter.com,+1 954-380-2398,"501 SW 21st Terrace, Fort Lauderdale, FL 33312, United States",5,16,NO,blinds/shades/shutters/drapery (window treatments),False,,name/review keywords,UNREACHABLE,,
Austin Tint Yes,http://www.austintinting.com/,austintinting.com,+1 512-452-8468,"501 W Powell Ln Ste A208, Austin, TX 78753, United States",5,111,NO,vehicle glass only,True,"ices Gallery Contact Us September 10, 2026 Additional Services Paint protection ClearPlex windshield protection film Hard water spot removal from glass Vehicle badge & decal removal Text Us",site scrape,NO,,https://www.austintinting.com/ | https://www.austintinting.com/additional-services/
Reveles Roofing Yes,http://www.revelesroofing.com/,revelesroofing.com,+1 214-900-8930,"5101 Parry Ave, Dallas, TX 75223, United States",5,218,NO,no window installation or repair signal on site,False,,site scrape,NO,,https://revelesroofing.com/ | https://revelesroofing.com/service-overview | https://revelesroofing.com/service-overview.htm | https://revelesroofing.com/NEWGAFB1
My Glass Shower Yes,https://myglassshower.com/,myglassshower.com,+1 954-707-0227,"511 SW 6th St, Fort Lauderdale, FL 33315, United States",4.9,108,YES,commercial storefront glazing; insulated glass unit work,False,"Custom-fabricated LED mirrors with backlit, front-lit and designed strip configurations—made to order and professionally installed.",site scrape,YES,,https://myglassshower.com/ | https://myglassshower.com/design-glass | https://myglassshower.com/service-areas | https://myglassshower.com/shower-glass
Campus Auto Glass Yes,https://www.campusautoglass.com/,campusautoglass.com,+1 737-423-2463,"5119 E 7th St, Austin, TX 78702, United States",4.3,95,NO,vehicle glass only,True,Auto Glass Austin TX | Mobile Windshield Replacement | Campus Auto Glass,site scrape,NO,,https://www.campusautoglass.com
Avana Windows & Doors Yes,https://www.avanawindows.com/,avanawindows.com,+1 954-902-7815,"515 E Las Olas Blvd Suite 120, Fort Lauderdale, FL 33301, United States",4.9,11,YES,name states window installation/replacement/doors,False,,name/review keywords,UNKNOWN,,https://avanawindows.com/
Area Wide Auto Glass Yes,https://areawideautoglass.com/windshield-replacement-austin-tx/,areawideautoglass.com,+1 830-609-8555,"516 Old Pecan St, Austin, TX 78701, United States",4.9,65,NEEDS_REVIEW,"auto-glass name, but may also do building glass — must verify",False,,"no site, no research",UNKNOWN,,https://areawideautoglass.com/
Atlas Glass Austin - Auto Glass Services Yes,https://www.atlasglassaustin.com/,atlasglassaustin.com,+1 737-348-0909,"517 Thompson Ln Ste 2, Austin, TX 78742, United States",4.7,12,NO,vehicle glass only,True,Atlas Glass Austin - Auto Glass Services - Windshield Repair & Glass Replacements 517 THOMPSON LANE AUSTIN TEXAS 78742 Ho,site scrape,NO,,https://www.atlasglassaustin.com/ | https://www.atlasglassaustin.com/es-mx | https://www.atlasglassaustin.com/quote
Optic Auto Glass Yes,https://advancedcar.net/,advancedcar.net,+1 815-514-7844,"5197 27th Ave, Rockford, IL 61109, United States",5,8,NEEDS_REVIEW,"auto-glass name, but may also do building glass — must verify",False,,"no site, no research",UNREACHABLE,,
Dan White's Screens & Things Yes,https://www.danwhitesscreens.com/?utm_source=GMBlisting&utm_medium=organic,danwhitesscreens.com,+1 512-892-2150,"5210 W US Hwy 290 Service Rd, Austin, TX 78735, United States",4.8,73,NO,window tint/film,False,Screens & Things Menu Home About Services Patio Screen Enclosures Porch Screen Enclosures Solar Screens Screen & Patio Doors Storm Doors Gallery CONTACT US (512) 892-2150 Austin’s #1 Screens S,site scrape,NO,,https://www.danwhitesscreens.com/
Alpha Glass Company Yes,http://alphaglassco.com/,alphaglassco.com,+1 512-792-9234,"5214 Burleson Rd #501, Austin, TX 78744, United States",4,22,NEEDS_REVIEW,"glass shop or building contractor, window scope unknown",False,,"no site, no research",UNREACHABLE,,
Royal Auto Finishes Yes,https://www.royal-auto-finishes.com/,royal-auto-finishes.com,+1 512-888-9949,"5214 Burleson Rd Ste 412, Austin, TX 78744, United States",5,400,NO,window tint/film; window treatments,True,Packages STEK Paint Protection Films About Nanolink Paint Protection Film Ceramic Coating Window Tint Automotive Window Tint Residential Window Tint Commercial Window Tint Auto Detailing Blog,site scrape,NO,,https://www.royal-auto-finishes.com/ | https://www.royal-auto-finishes.com/services/residential-window-tint | https://www.royal-auto-finishes.com/services/commercial-window-tint | https://www.royal-auto-finishes.com/window-tinting
Well Connected Life Apple Mac Repair Yes,https://www.wellconnectedlife.com/,wellconnectedlife.com,+1 214-232-1013,"5225 Maple Ave Appointment Required, 5225 Maple Ave, Dallas, TX 75235, United States",4.9,52,NO,no window installation or repair signal on site,False,,site scrape,NO,,https://www.wellconnectedlife.com/ | https://www.wellconnectedlife.com/services
RiKo Exterior Solutions Yes,http://rikosolutions.net/,rikosolutions.net,+1 512-270-0030,"526 Cutty Trail, Lakeway, TX 78734, United States",5,72,NO,window cleaning/washing,False,,name/review keywords,UNREACHABLE,,
Faith Auto Glass Yes,https://www.faithautoglassdallas.com/,faithautoglassdallas.com,+1 214-421-1575,"5301 S Second Ave, Dallas, TX 75210, United States",4.8,670,NO,vehicle glass,True,Windshield Replacement Dallas TX | Faith Auto Glass Skip to content About Us Driving Directions Warr,site scrape,NO,,https://www.faithautoglassdallas.com/ | https://www.faithautoglassdallas.com/power-window-repair/ | https://www.faithautoglassdallas.com/quarter-glass-replacement-service/ | https://www.faithautoglassdallas.com/vent-glass-service/
J1 Auto Glass Yes,https://j1autoglass.net/,j1autoglass.net,+1 512-828-9781,"5310-D S Pleasant Valley Rd, Austin, TX 78744, United States",4.8,172,NO,vehicle glass only,True,"9781) Home Contact More Home Contact J1AutoGlass Call Now to book an Appointment Services Windshield and Sideglass Replacement Mobile Service Affordable Pricing Before Hazardous, Unsightly,",site scrape,NO,,https://www.j1autoglass.net/ | https://www.j1autoglass.net/home | https://www.j1autoglass.net/contact
Garcias roofing & siding Inc Yes,https://brand.site/garciasroofingsidinginc,brand.site,+1 815-505-9684,"533 Division St, Rockford, IL 61104, United States",3.8,10,NO,no window installation or repair signal on site,False,,site scrape,NO,,https://www.design.com/website-builder | https://www.design.com/business-cards/tag/cleaning-service
Laurel Haven Homes Yes,http://www.laurelhavenhomes.com/,laurelhavenhomes.com,+1 512-261-4663,"5348 Pedernales Summit Pkwy, Austin, TX 78738, United States",4.6,22,NEEDS_REVIEW,insufficient signal,False,,"no site, no research",UNKNOWN,,https://laurelhavenhomes.com/
Protech Sliding Door Repair Yes,https://www.protechslidingdoors.com/?utm_campaign=gmb,protechslidingdoors.com,+1 954-595-4460,"5369 SW 32nd Ave, Fort Lauderdale, FL 33312, United States",5,221,YES,installs/replaces windows; insulated glass unit work; named window styles; replacement windows; window replacement/installation,False,Retractable Awnings Retractable Screens Screens Doors Windows Screens Sliding Door Repair Window Repair Screen Enclosure All Type of Screen Repair Motorized Screens Repair Retractable Screens R,site scrape,YES,,https://protechslidingdoors.com/ | https://protechslidingdoors.com/windows-screens/ | https://protechslidingdoors.com/window-repair/ | https://protechslidingdoors.com/window-screens-repair/
Sierra Blinds Yes,https://www.sierrablinds.com/,sierrablinds.com,+1 800-732-3150,"539 W Commerce St #1658, Dallas, TX 75208, United States",4.8,38,NO,window treatments,False,Offering a Stunning Collection of Custom Blinds and Shades – Sierra Blinds We’re a local company proudly serving communities across the N,site scrape,NO,,https://sierrablinds.com/ | https://sierrablinds.com/products/s2-001 | https://sierrablinds.com/products/bs3 | https://sierrablinds.com/products/b4-001
Ameriglass & Mirror A Division of Rockford Auto Glass Yes,https://www.rockfordglass.com/,rockfordglass.com,+1 815-226-0560,"5401 E State St, Rockford, IL 61108, United States",3.4,5,YES,building glass replacement; commercial storefront glazing; installs/replaces windows; insulated glass unit work; pane glazing work; replacement windows; window product line; window replacement/installation; windows & doors,True,Phantom Shower Doors PRIVA-TECH Printed Privacy Shields Shower Door Brochures Residential Window Repair and Glass Replacement Thermal Pane Glass Replacement Window Frame Repair Window Glass Rep,site scrape,YES,,https://www.rockfordglass.com/ | https://www.rockfordglass.com/window-repair-glass-replacement | https://www.rockfordglass.com/window-glass-replacement | https://www.rockfordglass.com/window-screen-installation
Rockford Glass Yes,https://www.rockfordglass.com/,rockfordglass.com,+1 815-426-1162,"5401 E State St, Rockford, IL 61108, United States",4.3,152,YES,building glass replacement; commercial storefront glazing; installs/replaces windows; insulated glass unit work; pane glazing work; replacement windows; window product line; window replacement/installation; windows & doors,True,Phantom Shower Doors PRIVA-TECH Printed Privacy Shields Shower Door Brochures Residential Window Repair and Glass Replacement Thermal Pane Glass Replacement Window Frame Repair Window Glass Rep,site scrape,YES,,https://www.rockfordglass.com/ | https://www.rockfordglass.com/window-repair-glass-replacement | https://www.rockfordglass.com/window-glass-replacement | https://www.rockfordglass.com/window-screen-installation
Advanced Window Systems Yes,https://www.advancedwindowrockford.com/,advancedwindowrockford.com,+1 815-654-4200,"5401 E State St, Rockford, IL 61108, United States",5,0,NEEDS_REVIEW,window in name but service type unconfirmed,False,,"no site, no research",UNREACHABLE,,
Craddock Lumber Co Yes,http://craddocklumber.com/,craddocklumber.com,+1 214-631-5200,"5422 Harry Hines Blvd, Dallas, TX 75235, United States",4.5,33,NO,no window installation or repair signal on site,False,,site scrape,NO,,https://craddocklumber.com/ | https://craddocklumber.com/commercial-construction-products | https://craddocklumber.com/specialty-products
Rockford Siding and Windows LLC Yes,http://rockford-siding.com/,rockford-siding.com,+1 815-214-9390,"5441 Forest Hills Ct, Loves Park, IL 61111, United States",4.4,83,YES,installs/replaces windows; replacement windows; window product line; window replacement/installation,False,"Windows For quality window installation you trust in Rockford, IL.",site scrape,YES,,https://www.rockford-siding.com/ | https://www.rockford-siding.com/window-installation
Handyman Connection of Austin-Westlake Yes,https://handymanconnection.com/austin-westlake/?utm_source=gbp&utm_medium=organic&utm_campaign=GBP-Website-Link,handymanconnection.com,+1 512-418-0800,"5450 Bee Caves Rd Ste 5c, Austin, TX 78746, United States",4.8,185,YES,installs/replaces windows; replacement windows; window replacement/installation,False,"ing installation Adding pet doors and storm doors Complete cabinet repairs or replacement Window installation or replacement Custom Carpentry Solutions Tailored to Your Home Every home is unique, which is why we of",site scrape,YES,,https://handymanconnection.com/ | https://handymanconnection.com/services/deck-repair-and-installation/ | https://handymanconnection.com/services/carpentry-services/ | https://handymanconnection.com/services/maintenance-installations/
DuSouth Rovr Yes,https://www.dusouthrovr.com/?utm_campaign=gmb,dusouthrovr.com,+1 214-382-0036,"5454 Maple Ave, Dallas, TX 75235, United States",4.8,208,NO,no window installation or repair signal on site,False,,site scrape,NO,,https://www.dusouthrovr.com/ | https://www.dusouthrovr.com/land-rover-service | https://www.dusouthrovr.com/range-rover-service | https://www.dusouthrovr.com/jaguar-service
Wrap Daddy’s Yes,https://wrapdaddysdfw.com/,wrapdaddysdfw.com,+1 214-764-1586,"5521 Maple Ave, Dallas, TX 75235, United States",5,433,NO,vehicle glass only,True,Specific Concerns Does PPF protect against rock chips?,site scrape,NO,,https://wrapdaddysdfw.com/ | https://wrapdaddysdfw.com/services/vinyl-wraps | https://wrapdaddysdfw.com/services/clear-ppf | https://wrapdaddysdfw.com/services/colored-ppf
Windows of Austin Yes,https://windowsofaustin.com/,windowsofaustin.com,+1 512-954-2100,"5524 Bee Caves Rd Ste B-3, Austin, TX 78746, United States",5,3,YES,windows & doors,False,Windows of Austin | Window & Door Installation Austin TX,site scrape,YES,,https://windowsofaustin.com/
Smarter Homes Yes,https://www.smarterhomesaustin.com/,smarterhomesaustin.com,+1 512-775-6101,"5524 Bee Caves Rd Unit J8, West Lake Hills, TX 78746, United States",5,160,NO,window treatments,False,"planned to support streaming, remote work, security cameras, lighting control, motorized shades, audio, and other connected systems without becoming the weak link in the home.",site scrape,NO,,https://www.smarterhomesaustin.com/ | https://www.smarterhomesaustin.com/motorized-shades-blinds-window-treatments | https://www.smarterhomesaustin.com/services | https://www.smarterhomesaustin.com/areas-we-serve
Maison Janneau Yes,https://www.maison-janneau.com/,maison-janneau.com,+1 512-356-9276,"5555 N Lamar Blvd Suite L-125, Austin, TX 78751, United States",5,6,YES,installs/replaces windows; named window styles; replacement windows; window product line; windows & doors,False,steel windows are suitable for both new construction and timeless renovations – including replacement windows for properties with historic preservation requirements.,site scrape,YES,,https://www.maison-janneau.com/ | https://www.maison-janneau.com/window-maintenance-guide/ | https://www.maison-janneau.com/wood-windows/ | https://www.maison-janneau.com/steel-windows/
Reformed Roofing & Contracting Yes,http://www.reformed-roofing.com/,reformed-roofing.com,+1 972-946-1775,"5639 Dyer St Ste 200, Dallas, TX 75206, United States",5,73,YES,Energy-efficient window and door replacement,False,"reformed-roofing.com — ""a trusted name in residential and commercial roofing, siding, and energy-efficient window and door replacements""; described as ""Heart of Dallas roofing, siding, window experts"".",web research (site unreachable),UNREACHABLE,,
AM Gutter Services Yes,https://www.amgutterservices.com/,amgutterservices.com,+1 214-980-4366,"5641 SMU Boulevard #106, Dallas, TX 75206, United States",5,257,YES,installs/replaces windows; window replacement/installation,False,utter Downspouts Gutter Installation Other Services Roof Installation Siding Installation Window Installation Fence Installation Power Washing Business Hours Monday to Friday 7:00 am – 7:00 pm Saturday 8:00 am – 7:00 p,site scrape,YES,,https://amgutterservices.com/ | https://amgutterservices.com/services/window-installation | https://amgutterservices.com/services/gutter-installation | https://amgutterservices.com/services/gutter-replacement
AM Roofing Company Yes,https://amroofingcompany.com/?utm_source=Google_Maps&utm_medium=Website_Link-Click&utm_campaign=Google_Maps_Visits,amroofingcompany.com,+1 214-980-4366,"5641 SMU Boulevard #106, Dallas, TX 75206, United States",4.9,39,YES,"Window installation offered alongside roofing, gutters, siding, soffit & fascia",False,"Nextdoor/business listing for AM Roofing Company Dallas: 'roof repairs, installations, inspections, and gutter cleaning and installation... siding installation and window installation'; own site amroofingcompany.com lists /services/ pages for roofing and gutters",web research (site unreachable),UNREACHABLE,,
H&H Home Services Yes,http://homeservicesbyhh.com/,homeservicesbyhh.com,+1 512-693-8084,"5700 Driftwood Dr, Austin, TX 78731, United States",5,54,NO,window cleaning/washing,False,,name/review keywords,UNREACHABLE,,
Radiant Windows & Glass Yes,https://www.radiantwindowsglass.com/?utm_source=gmb&utm_medium=organic&utm_campaign=Maps,radiantwindowsglass.com,+1 469-727-9745,"5730 Martel Ave #118, Dallas, TX 75206, United States",5,21,YES,broken window glass; installs/replaces windows; insulated glass unit work; pane glazing work; replacement windows; window product line; window replacement/installation,False,Professional Window Replacement Company In Southlake Skip to content Call Us (817) 565-3652 FREE ESTIMATE Main Menu Home,site scrape,YES,,https://www.radiantwindowsglass.com/ | https://www.radiantwindowsglass.com/service/window-replacement/ | https://www.radiantwindowsglass.com/service/glass-replacement/ | https://www.radiantwindowsglass.com/service/fogged-window-replacement/
JC GLASS & WINDOWS Yes,https://jcglass-windows.carrd.co/,jcglass-windows.carrd.co,+1 214-531-5904,"5738 Preston View Blvd, Dallas, TX 75240, United States",5,7,YES,insulated glass unit work; window product line; window replacement/installation,False,Glass Repair and Window Installation JC GLASS & WINDOWS Residential Contact Â· Joel Celis +1 (469) 661-5944 [email protected],site scrape,YES,,https://jcglass-windows.carrd.co/
Optimal Windows Yes,https://www.optimalwindows.com/?utm_source=google_business_profile&utm_medium=organic,optimalwindows.com,+1 972-768-1999,"5760 Legacy Dr b3366, Plano, TX 75024, United States",5,51,YES,installs/replaces windows; insulated glass unit work; named window styles; pane glazing work; replacement windows; window product line; window replacement/installation; windows & doors,False,Plano Window Replacement | FGIA Certified | Optimal Windows Skip to content CALL: (972) 768-1999 Windows Energy Ef,site scrape,YES,,https://www.optimalwindows.com/ | https://www.optimalwindows.com/window-replacement/ | https://www.optimalwindows.com/window-installation/ | https://www.optimalwindows.com/dallas-window-replacement-buyers-guide/
Energy One Windows of Dallas/Ft. Worth Yes,https://energyonewindows.com/,energyonewindows.com,+1 972-719-7801,"580 Decker Dr #125, Irving, TX 75062, United States",5,208,YES,installs/replaces windows; named window styles; pane glazing work; replacement windows; window product line; window replacement/installation,False,", NV 89120 View Now RALEIGH, NC 202 New Edition Ct Cary, NC 27511 View Now HOW ENERGY ONE WINDOW INSTALLATION WORKS Step 1.",site scrape,YES,,https://energyonewindows.com/ | https://energyonewindows.com/products/ | https://energyonewindows.com/service-request/ | https://energyonewindows.com/styles/
Strand Brothers Service Experts Yes,https://www.serviceexperts.com/austin-tx/?utm_source=gbp&utm_medium=organic&utm_campaign=brand,serviceexperts.com,+1 512-598-6625,"5811 Techni Center Dr, Austin, TX 78721, United States",4.8,7565,NEEDS_REVIEW,insufficient signal,False,,"no site, no research",UNREACHABLE,,
Tri-Supply - Austin Yes,https://trisupplyhome.com/,trisupplyhome.com,+1 512-916-9354,"5811 Trade Center Dr Building 7, Suite 100, Austin, TX 78744, United States",4.5,351,YES,insulated glass unit work; named window styles; window product line; windows & doors,False,Key Considerations for Building and Designing Multifamily Outdoor Living Spaces Read More Energy Efficient Windows for Texas Climates Read More View All Appliances Bathrooms Hardware Interior & Exterior D,site scrape,YES,,https://www.tri-supply.com/ | https://www.tri-supply.com/collections/category/windows | https://www.tri-supply.com/tips-and-trends?category=Windows | https://www.tri-supply.com/tips-and-trends/energy-efficient-windows-for-texas-climates
Window World of Austin Yes,https://www.windowworldaustin.com/,windowworldaustin.com,+1 512-383-1222,"5812 Trade Center Dr #300, Austin, TX 78744, United States",4.8,353,YES,installs/replaces windows; insulated glass unit work; named window styles; replacement windows; window product line; window replacement/installation; windows & doors,False,Window Replacement Company in Texas | Window World of Austin Skip to main content Service Areas Blog Reviews,site scrape,YES,,https://www.windowworldaustin.com/ | https://www.windowworldaustin.com/windows/installation/ | https://www.windowworldaustin.com/windows/picture-windows/ | https://www.windowworldaustin.com/service-areas/
Stephen Thomas Construction Yes,http://www.stcatx.com/,stcatx.com,+1 512-702-2267,"5900 Southwest Pkwy ste 5-520, Austin, TX 78735, United States",5,36,YES,commercial storefront glazing,False," Commercial From national chains to local family shops, partner with us to get your storefront up and running on time and on budget.",site scrape,YES,,https://stcatx.com/ | https://stcatx.com/commercial/
Sunshine Window Tint Yes,https://sunshinewindowtint.com/swt/,sunshinewindowtint.com,+1 954-699-6246,"5921 Ravenswood Rd, Fort Lauderdale, FL 33312, United States",4.9,190,NO,window tint/film,True,Sunshine Window Tint Your Trusted Source for Car Window Tinting Skip to content +1-9546996246 Facebook Instagr,site scrape,NO,,https://sunshinewindowtint.com/ | https://sunshinewindowtint.com/residential-window-tinting/ | https://sunshinewindowtint.com/commercial-window-tinting/
American Door Company Yes,https://www.americandoor.biz/,americandoor.biz,+1 754-345-8246,"595 Prospect Rd, Oakland Park, FL 33309, United States",3.6,56,YES,commercial storefront glazing; named window styles; window product line; window replacement/installation; windows & doors,False,andles Door Hinges Door Levers Window & Door Installation Impact Door Installation Impact Window Installation Door Permitting Impact Doors French Doors Pivot Entry Doors Pocket Doors Sliding Glass Do,site scrape,YES,,https://www.americandoor.biz/ | https://www.americandoor.biz/impact-window-installation | https://www.americandoor.biz/door-installation | https://www.americandoor.biz/impact-windows
Window World of Dallas-Fort Worth Yes,https://www.windowworlddfw.com/,windowworlddfw.com,+1 972-623-9993,"600 N Coit Rd Ste 2052, Richardson, TX 75080, United States",4.7,789,YES,installs/replaces windows; insulated glass unit work; named window styles; replacement windows; window product line; window replacement/installation; windows & doors,False,Window Replacement Company in Texas | Window World of Dallas Skip to main content Browse This Month’s Exclus,site scrape,YES,,https://www.windowworlddfw.com/ | https://www.windowworlddfw.com/commercial-services/ | https://www.windowworlddfw.com/windows/installation/ | https://www.windowworlddfw.com/windows/picture-windows/
Malachi Roofing Yes,https://www.malachiroofing.com/,malachiroofing.com,+1 512-996-0255,"600 S Bell Blvd Ste 212, Cedar Park, TX 78613, United States",4.9,138,NO,no window installation or repair signal on site,False,,site scrape,NO,,https://www.malachiroofing.com/ | https://www.malachiroofing.com/roof-replacement
Bumble Bee Blinds of Austin Yes,https://www.bumblebeeblinds.com/austin/,bumblebeeblinds.com,+1 512-846-9922,"6000 Menchaca Rd Bldg 2, Suite 2, Austin, TX 78745, United States",5,221,NO,window treatments,False,Bumble Bee Blinds | Custom Window Treatments for Every Room Your Location is Change Location Partners Own a,site scrape,NO,,https://www.bumblebeeblinds.com/ | https://www.bumblebeeblinds.com/window-treatments/commercial-window-coverings | https://www.bumblebeeblinds.com/window-treatments/motorized-window-treatments | https://www.bumblebeeblinds.com/window-treatments
Windowman of South Florida Yes,http://windowmanflorida.com/,windowmanflorida.com,+1 954-946-1553,"6001 Powerline Rd Ste A, Fort Lauderdale, FL 33309, United States",3.5,22,YES,window in name + review describes window work,False,,name/review keywords,UNREACHABLE,,
Florida Aluminum Products Yes,https://fapaluminum.com/,fapaluminum.com,+1 954-773-2898,"6001 Powerline Rd, Fort Lauderdale, FL 33309, United States",4.2,5,YES,windows & doors,False,Florida Aluminum Products | Wholesale Windows & Doors Supplier FL 0 Skip to Content Contact Us Products News Dealer Portal Open Menu Close Menu,site scrape,YES,,https://www.fapaluminum.com/ | https://www.fapaluminum.com/products
CTX Facility Services Yes,http://www.ctxfacilityservices.com/,ctxfacilityservices.com,+1 512-270-1291,"6001 W Parmer Ln #370, Austin, TX 78727, United States",5,6,NO,window cleaning,False,Supplemental services Window cleaning Windows are the gateway outside from our indoor working spaces.,site scrape,NO,,https://www.ctxfacilityservices.com/ | https://www.ctxfacilityservices.com/commercialservices | https://www.ctxfacilityservices.com/homeservices | https://www.ctxfacilityservices.com/homeservices/housecleaning
Capital Clean Solutions Yes,https://capitalcleansolutions.co.site/,capitalcleansolutions.co.site,+1 512-920-0639,"6001 W Parmer Ln, Austin, TX 78727, United States",4.9,15,NO,window cleaning,False,"Capital Clean Solutions Capital Clean Solutions Capital Clean Solutions Eco-Friendly Pressure Washing Services At Capital Clean Solutions, we offer top-tier residential and commercial pres",site scrape,NO,,https://capitalcleansolutions.co.site/
Andyman Home Improvement LLC Yes,http://andymanhi.com/,andymanhi.com,+1 737-328-7624,"6001 W Parmer Ln, Austin, TX 78727, United States",5,27,NO,no window installation or repair signal on site,False,,site scrape,NO,,https://www.andymanhi.com/ | https://www.andymanhi.com/services-4 | https://www.andymanhi.com/handyman-services
Drapes & Shades Custom Window Designs Yes,https://dscustomwindowdesigns.com/,dscustomwindowdesigns.com,+1 954-289-3311,"6003 NW 31st Ave C, Fort Lauderdale, FL 33309, United States",4.9,72,NO,window tint/film; window treatments,False,w treatments work best for large sliding glass doors? Norman vertical cellular shades and solar screen panels are ideal for sliding glass doors because they stack neatly and don't interfere wi,site scrape,NO,,https://www.dscustomwindowdesigns.com/ | https://www.dscustomwindowdesigns.com/window-treatments-commercial-properties-south-florida | https://www.dscustomwindowdesigns.com/window-treatment-faqs
Arnie’s Yes,http://arnies.biz/,arnies.biz,+1 779-348-2360,"601 W Jefferson St, Rockford, IL 61103, United States",5,40,NEEDS_REVIEW,insufficient signal,False,,"no site, no research",UNREACHABLE,,
Window World of Rockford Yes,https://www.windowworldrockford.com/,windowworldrockford.com,+1 815-395-1333,"6010 Forest Hills Rd, Loves Park, IL 61111, United States",4.7,426,YES,installs/replaces windows; named window styles; replacement windows; window product line; window replacement/installation,False,Window Replacement Company in Illinois | Window World of Rockford Skip to main content Service Areas Blog Re,site scrape,YES,,https://www.windowworldrockford.com/ | https://www.windowworldrockford.com/windows/installation/ | https://www.windowworldrockford.com/windows/egress-windows/ | https://www.windowworldrockford.com/service-areas/
Rockford Blinds Yes,https://rockfordblinds.com/,rockfordblinds.com,+1 815-957-6652,"6010 Forest Hills Rd, Loves Park, IL 61111, United States",5,16,NO,window treatments,False,"Rockford Blinds | Premium Replacement Blinds | Rockford, Illinois Skip to main content Home Products Prod",site scrape,NO,,https://www.rockfordblinds.com/ | https://www.rockfordblinds.com/products/
Martin Exteriors Roofing & Siding Yes,https://martinexteriors.com/,martinexteriors.com,+1 815-209-9054,"6019 Fincham Dr Ste 4, Rockford, IL 61108, United States",4.6,55,YES,installs/replaces windows; insulated glass unit work; named window styles; pane glazing work; replacement windows; window product line; window replacement/installation,False,nancing Options Roof Repair Roof Inspection Metal Roofing Asphalt Shingle Roofing Gutters Window Replacement Hail Damage Repair Wind Damage Repair TPO/Flat Commercial Emergency Roof Repair Free Insp,site scrape,YES,,https://martinexteriors.com/ | https://martinexteriors.com/services/window-replacement/ | https://martinexteriors.com/services/residential-roofing/ | https://martinexteriors.com/services/commercial-roofing/
Mother's Window Tint Yes,http://motherswindowtint.com/,motherswindowtint.com,+1 512-323-5325,"6025 N Interstate Hwy 35, Austin, TX 78723, United States",4.7,207,NO,window tint/film only,False,,name/review keywords,UNREACHABLE,,
ACM MIllwork Yes,https://acmus.com/,acmus.com,+1 214-350-1341,"6025 Owens St, Dallas, TX 75235, United States",4.5,67,NO,Specialty lumberyard / millwork supplier (windows and doors by special order),False,"acmus.com/products/ — 'Dallas' premiere full service, specialty lumberyard catering to ... contractors, remodelers, and home owners'; special-orders Sierra Pacific and Lincoln windows. Second search found no installation service — supplier only. Borderline: they do sell windows over the counter to h",web research (site unreachable),UNKNOWN,,https://acmus.com/
Lynn Floyd Architectural Millwork Yes,https://lynnfloyd.com/,lynnfloyd.com,+1 972-335-1199,"6025 Owens St, Dallas, TX 75235, United States",5,404,YES,named window styles,False,st a Custom Window Custom Windows Custom Windows Window with drapery pocket Custom Window Casement Window Casement Window Window 7 Ornate Muntin Window 3 Window 5 Window 2 Window 6 Window,site scrape,LIKELY,,https://lynnfloyd.com/ | https://lynnfloyd.com/windows/
Elevated Autoworks Yes,http://www.elevatedautoworks.com/,elevatedautoworks.com,+1 512-840-1223,"606 W Slaughter Ln W, Austin, TX 78748, United States",4.9,269,NO,window tint/film,False,here to deliver top-tier service with precision and care. Book Now Our Services Detailing/Window Tinting We are proudly partnered with 3M window films and offer a lifetime warranty on all of,site scrape,NO,,https://elevatedautoworks.com/ | https://elevatedautoworks.com/services/ | https://elevatedautoworks.com/book-now/
Made in the Shade Yes,https://mitsnorthcentraldallas.com/?utm_source=gbp,mitsnorthcentraldallas.com,+1 469-523-6587,"6060 N Central Expy Suite 500, Dallas, TX 75206, United States",5,92,NO,window tint/film; window treatments,False,Solar screens can be added to the backside for additional energy efficiency.,site scrape,NO,,https://mitsnorthcentraldallas.com/ | https://mitsnorthcentraldallas.com/window-treatments/elevate-your-style-and-space-with-custom-window-coverings/ | https://mitsnorthcentraldallas.com/window-motorization/the-convenience-and-control-of-window-shade-motorization/ | https://mitsnorthcentraldallas.com/window-treatments/custom-window-treatments-dallas-offices/
Lakeway Roofing Yes,https://lakewayroofing.com/,lakewayroofing.com,+1 512-270-8084,"607 Sunfish St, Lakeway, TX 78734, United States",5,39,NO,no window installation or repair signal on site,False,,site scrape,NO,,https://lakewayroofing.com/ | https://lakewayroofing.com/services/roof-replacement | https://lakewayroofing.com/services/residential-roofing | https://lakewayroofing.com/services/commercial-roofing
Dream Builders Construction Yes,https://www.bestglassflorida.com/?utm_source=google&utm_medium=wix_google_business_profile&utm_campaign=3795594895127369423,bestglassflorida.com,+1 754-257-0379,"6099 Stirling Rd Ste 103, Davie, FL 33314, United States",5,24,YES,window product line; window replacement/installation; windows & doors,False,"ons, offering top-tier products and expert installation. Our services include: ​ ✔ Impact Window and Door Installation We provide precise installation of high-quality impact windows and doors that offer super",site scrape,YES,,https://www.bestglassflorida.com/ | https://www.bestglassflorida.com/services | https://www.bestglassflorida.com/about
Glass Genie Yes,https://glass-genie.com/,glass-genie.com,+1 469-200-4801,"6101 E Mockingbird Ln, Dallas, TX 75214, United States",4.3,114,NO,vehicle glass,True,Windshield Replacement in Dallas & DFW | Glass Genie Skip to main content Glass Genie Windshield Rep,site scrape,NO,,https://glass-genie.com/ | https://glass-genie.com/services/door-window-regulator-repair/ | https://glass-genie.com/services/auto-glass-replacement/ | https://glass-genie.com/services/door-glass-replacement/
The Home Depot Yes,https://www.homedepot.com/l/Lemmon-Avenue/TX/Dallas/75209/589?emt=MSGoogleMaps,homedepot.com,+1 214-654-9939,"6110 Lemmon Ave, Dallas, TX 75209, United States",4.2,2536,NO,window tint/film; window treatments,False,inds Vertical Blinds Wood Blinds Blackout Shades Roman Shades Solar Shades Pleated Shades Window Film Shop Hardware Curtain Rods Curtain Hardware REFRESH YOUR WINDOW TREATMENTS Explore custom,site scrape,NO,,https://www.homedepot.com/ | https://www.homedepot.com/b/Window-Treatments/N-5yc1vZar4w | https://www.homedepot.com/b/Doors-Windows/N-5yc1vZaqih | https://www.homedepot.com/b/Doors-Windows-Garage-Doors-and-Parts-Garage-Doors/N-5yc1vZ2fkpfuk?emt=popcats-hp-garagedoors-09102026
Comfort 1st Insulation Yes,https://www.comfort1stinsulation.com/,comfort1stinsulation.com,+1 833-244-7283,"612 Harrison Ave, Rockford, IL 61104, United States",4.9,303,NO,no window installation or repair signal on site,False,,site scrape,NO,,https://comfort1stinsulation.com/ | https://comfort1stinsulation.com/insulation-services/residential-insulation/ | https://comfort1stinsulation.com/insulation-services/commercial-insulation/ | https://comfort1stinsulation.com/service-areas
Your New Door Yes,https://www.yournewdoor.com/?utm_medium=organic&utm_source=google&utm_campaign=gbp_richardson,yournewdoor.com,+1 214-785-0588,"620 N Coit Rd, Richardson, TX 75080, United States",4.9,64,NO,window treatments,False,00 1/2 Lite Smooth with Blinds & Clear Glass Prices range from $725.,site scrape,NO,,https://yournewdoor.com/ | https://yournewdoor.com/window-to-door-conversion | https://yournewdoor.com/design-studio/fibercraft-fiberglass-double-entry-door-with-square-top-arch-design-and-4-lite-sdl-glass | https://yournewdoor.com/design-studio/valueseries-1-2-lite-smooth-with-blinds-clear-glass-68
American Window Systems (A Window Inc.) Yes,https://www.americanwindowsystems.com/,americanwindowsystems.com,+1 817-654-9050,"6201 Dowdell Rd Unit c, Fort Worth, TX 76119, United States",4.1,67,YES,installs/replaces windows; insulated glass unit work; named window styles; pane glazing work; replacement windows; window product line; window replacement/installation,False,"rochures Knowledge Center Home Owners Guide ABOUT US Best Replacement Window Fort Worth - Window Installation Arlington - New Windows Denton Serving Dallas, Fort Worth, Arlington and more in the DFW",site scrape,YES,,https://www.americanwindowsystems.com/ | https://www.americanwindowsystems.com/window-installation.html | https://www.americanwindowsystems.com/window-sl3.html | https://www.americanwindowsystems.com/window-comparison.html
Omega Glass & Mirror Co Yes,http://omegaglassdallas.com/,omegaglassdallas.com,+1 214-821-8283,"6212 Mercedes Ave, Dallas, TX 75214, United States",4.7,37,YES,insulated glass unit work,False,ass and Mirror Services | DallasâFort Worth metroplex. Windows & Plate Glass Commercial Insulated Glass Door Repair Bevel & Glass Tops Tempered Safety Glass Store Fronts Door Glass Mirrors Welc,site scrape,YES,,https://omegaglassdallas.com/
NexGen Contracting Yes,https://www.nexgencontracting.com/,nexgencontracting.com,+1 815-756-0557,"6260 E Riverside Blvd Ste 225, Loves Park, IL 61111, United States",5,30,YES,installs/replaces windows; replacement windows; window product line; window replacement/installation,False,"ofing License # 104.019326 NexGen Contracting LLC.© 2024 All Rights Reserved. Share by: Window Replacement Services | NexGen Contracting LLC | Belvidere, IL Roofing Siding Windows Storm Damage Con",site scrape,YES,,https://www.nexgencontracting.com/ | https://www.nexgencontracting.com/Local-Window-Replacement-Company-Belvidere-Illinois
MRC Water Restoration & Construction Yes,http://mrcusa.com/,mrcusa.com,+1 214-809-7350,"6271 Highland Hills Dr, Dallas, TX 75241, United States",5,109,NEEDS_REVIEW,"glass shop or building contractor, window scope unknown",False,,"no site, no research",UNKNOWN,,https://mrcusa.com/
Premier General Contractor Yes,http://www.premiergeneralcontractoril.com/,premiergeneralcontractoril.com,+1 815-398-4568,"628 Shaw St, Rockford, IL 61104, United States",4.8,57,NO,no window installation or repair signal on site,False,,site scrape,NO,,https://www.premiergeneralcontractoril.com/ | https://www.premiergeneralcontractoril.com/residential-general-contracting
PAW Copper Awnings Gutters Yes,http://rfcopperawningsgutters.com/,rfcopperawningsgutters.com,+1 779-545-2497,"63 Spring Brook Rd, Rockford, IL 61114, United States",5,24,NEEDS_REVIEW,insufficient signal,False,,"no site, no research",UNREACHABLE,,
1st Home & Commercial Services Yes,https://www.1sthomeandcommercialservices.com/,1sthomeandcommercialservices.com,+1 512-282-7787,"630 Ralph Ablanedo Dr Bldg 1, Austin, TX 78748, United States",4.8,830,YES,windows & doors,False,Keeping windows and doors sealed to limit pollen and dust from entering your home.,site scrape,YES,,https://www.1sthomeandcommercialservices.com/ | https://www.1sthomeandcommercialservices.com/plumbing/gas-line-repair-replacement | https://www.1sthomeandcommercialservices.com/drains-sewers/sewer-line-replacement | https://www.1sthomeandcommercialservices.com/hvac/ac-replacement
Austin Glass & Mirror Inc Yes,http://www.austinglass.com/,austinglass.com,+1 512-928-9999,"6308 Decker Ln # A, Austin, TX 78724, United States",4.3,11,YES,commercial storefront glazing,False,"Austin Glass & Mirror, Inc. | Commercial Glazing Contractor | Austin Texas top of page HOME ABOUT PROJECTS SERVICES DESIGN ASSIST DRAFTING",site scrape,YES,,https://www.austinglass.com/ | https://www.austinglass.com/glass-replacements-gallery | https://www.austinglass.com/services
Ace Discount Glass & Door Yes,https://www.quickglassservice.com/,quickglassservice.com,+1 512-345-3105,"6308 Spicewood Springs Rd, Austin, TX 78759, United States",4.5,436,YES,broken window glass; building glass replacement; commercial storefront glazing; installs/replaces windows; pane glazing work; replacement windows; window replacement/installation; windows & doors,True,se Search Call Now Menu Auto Windshield Replacement Windshield Glass Chip Repair Car Door Window Repair Sunroof Repair & Window Trim Replacement Window Regulator Repair Liquidation Windshields Residential Hom,site scrape,YES,,https://www.quickglassservice.com/ | https://www.quickglassservice.com/home-window-repair-replacement-austin-tx/ | https://www.quickglassservice.com/car-window-repair-replacement-austin-tx/ | https://www.quickglassservice.com/double-paned-glass-windows-doors/
Texas Home Improvement Yes,https://texashomeimprovement.com/,texashomeimprovement.com,+1 737-361-1532,"6320 E Stassney Ln Suite 100, Austin, TX 78744, United States",4.7,577,NEEDS_REVIEW,"glass shop or building contractor, window scope unknown",False,,"no site, no research",UNKNOWN,,https://texashomeimprovement.com/
The Window Tint Experts Yes,https://thewindowtintexperts.com/?utm_source=google&utm_medium=organic&utm_campaign=google_business_profile,thewindowtintexperts.com,+1 305-748-8946,"6330 N Andrews Ave #282, Fort Lauderdale, FL 33309, United States",5,44,NO,window tint/film; window treatments,False,The Window Tint Experts | South Florida Window Tinting THE WINDOW TINT EXPERTS Home Gallery About Us Cont,site scrape,NO,,https://thewindowtintexperts.com/ | https://thewindowtintexperts.com/residential-tinting-fl | https://thewindowtintexperts.com/residential-tinting | https://thewindowtintexperts.com/residential-window-tint-1
Carvana Chrysler Dodge Jeep RAM FIAT - Service Yes,https://www.carvanacdjrofparkcities.com/service,carvanacdjrofparkcities.com,+1 469-806-0516,"6350 Denton Dr, Dallas, TX 75235, United States",3,2,NO,no window installation or repair signal on site,False,,site scrape,NO,,https://www.carvanacdjrparkcities.com/ | https://www.carvanacdjrparkcities.com/service
Integrity 1st Car Pros Yes,https://www.integrity1auto.com/,integrity1auto.com,+1 469-949-4979,"6359 Belmont Ave, Dallas, TX 75214, United States",4.9,689,NO,vehicle glass,True,nment Brake Pads & Rotors Engines & Transmissions Check Engine Lights Drive Train Repairs Auto Glass Hail Damage Repairs Extended Warranties Exhaust Repairs Auto AC Repair EVs & Hybrids Auto,site scrape,NO,,https://www.integrity1auto.com/ | https://www.integrity1auto.com/auto-glass-services/ | https://www.integrity1auto.com/fleet-maintenance-services/ | https://www.integrity1auto.com/wheel-alignment-and-tire-service/
Regency Steel Doors and Windows Yes,https://doorsbyregency.com/,doorsbyregency.com,+1 512-964-6879,"6405 Aden Ln, Austin, TX 78739, United States",4.8,29,YES,commercial storefront glazing,False,"l front doors Energy-efficient steel windows Modern iron railings Garage doors Commercial storefront solutions Our products are crafted to enhance the aesthetic appeal, security, and functio",site scrape,YES,,https://doorsbyregency.com/ | https://doorsbyregency.com/steel-windows | https://doorsbyregency.com/glass-options
EuroCraft Exteriors Yes,http://www.eurocraftexteriors.com/,eurocraftexteriors.com,+1 512-657-6900,"6410 Johanne Ct, Austin, TX 78750, United States",5,42,YES,named window styles; window product line; window replacement/installation,False,"energy efficiency, and overall appearance At EuroCraft Exteriors, we provide professional window installation and replacement services throughout Austin, TX.",site scrape,YES,,https://eurocraftexteriors.com/ | https://eurocraftexteriors.com/windows
BlueCyclone Window A/C Services Yes,https://www.facebook.com/BlueCyclone-Handyman-Services-110902136913763/,facebook.com,+1 214-228-4363,"6423 S R L Thornton Fwy, Dallas, TX 75232, United States",3.6,5,YES,Stocks windows and provides framing and installation services including window and door installations,False,"Oak Cliff Building Materials services page: 'Their extensive inventory includes lumber, sheathing, roofing products, windows, and more. They also provide professional framing and installation services, including window and door installations'; sells 'to contractors, builders and homeowners'",web research (site unreachable),UNREACHABLE,,
Signature Auto Solutions LLC Yes,http://windowtintingrockford.com/,windowtintingrockford.com,+1 815-319-9994,"644 Larnell Pkwy, Rockford, IL 61101, United States",5,312,NO,window tint/film; window treatments,True,"#1 Auto Styling Shop Rockford IL | Window Tinting, Ceramic Coating & PPF 0 Skip to Content Home Services Paint Protection Film Ceramic C",site scrape,NO,,https://www.windowtintingrockford.com/ | https://www.windowtintingrockford.com/auto-window-tinting | https://www.windowtintingrockford.com/residential-tint | https://www.windowtintingrockford.com/services-1
All About The Window Yes,https://allaboutthewindow.com/,allaboutthewindow.com,+1 214-683-9770,"6445 Cedar Springs Rd Unit 112, Dallas, TX 75235, United States",0,0,NO,"Custom window treatments (draperies, roller/roman shades, shutters)",False,"Site title 'Custom Window Treatments by All About the Window' (allaboutthewindow.com/); Houzz category 'Window Treatments'; began by selling custom draperies, offers roller shades, draperies, roman shades and shutters",web research (site unreachable),UNREACHABLE,,
Mr. Electric of Austin Yes,https://mrelectric.com/austin/?cid=LSTL_MRE000196&utm_source=gmb&utm_campaign=local&utm_medium=organic,mrelectric.com,+1 512-298-5153,"6448 US-290 Unit A-103, Austin, TX 78723, United States",4.8,492,YES,insulated glass unit work; window product line,False,Tell us where you’re located *Indicates a required field Find Nearest Location(opens in a new window) Choose a nearby location.,site scrape,YES,,https://mrelectric.com/ | https://mrelectric.com/residential/circuit-installation-service/subpanel-installation-service | https://mrelectric.com/residential/electric-vehicles/ev-charger-installation-replacement | https://mrelectric.com/commercial/circuit-installation-service/subpanel-installation-service
D&A Auto Glass Yes,http://dandaautoglass.com/,dandaautoglass.com,+1 737-238-3327,"6448 US-290 Unit B-104, Austin, TX 78723, United States",4.6,101,NO,vehicle glass,True,"Auto Glass Shop | D&A Auto Glass | Austin, TX Call or Text Request Call Back Contact Us Serving the",site scrape,NO,,https://www.dandaautoglass.com/ | https://www.dandaautoglass.com/auto-glass-replacement | https://www.dandaautoglass.com/back-glass-replacement | https://www.dandaautoglass.com/sunroof-glass-replacement
JVR Impact Windows & Doors Yes,https://www.jvrwindows.com/,jvrwindows.com,+1 954-902-4418,"650 NE 44th St, Oakland Park, FL 33334, United States",4.6,211,YES,named window styles; window product line; window replacement/installation; windows & doors,False,ws Picture Windows Project-Out Awning Windows Single-Hung Windows Hurricane Windows Storm Windows Window Repairs Properties Serviced Commercial Properties Condominiums Residential Homes Gallery Residen,site scrape,YES,,https://www.jvrwindows.com/ | https://www.jvrwindows.com/sliding-glass-doors | https://www.jvrwindows.com/impact-windows | https://www.jvrwindows.com/architectural-design-windows
Glass America - Mobile Auto Glass & Windshield Replacement Yes,https://glassusa.com/locations/tx/?utm_source=google_gbp&utm_medium=organic&utm_campaign=local&utm_content=dallas_tx,glassusa.com,+1 817-548-1993,"650 S Griffin St, Dallas, TX 75202, United States",4.8,122,NO,vehicle glass,True,ervice Commitment Convenient Mobile Service Quick & Safe Repairs Payment Options Services Windshield Repair Auto Glass Replacement ADAS & Calibration Windshield Repair vs.,site scrape,NO,,https://www.glassusa.com/ | https://www.glassusa.com/services/auto-glass-replacement/ | https://www.glassusa.com/about-us/glass-americas-commitment-to-customer-service/ | https://www.glassusa.com/services/windshield-repair-vs-replacement/
Secure Window Solutions Yes,http://www.securewindowsolutions.com/,securewindowsolutions.com,+1 954-586-4217,"6500 NW 12th Ave #118, Fort Lauderdale, FL 33309, United States",5,83,NEEDS_REVIEW,window in name but service type unconfirmed,False,,"no site, no research",UNKNOWN,,https://securewindowsolutions.com/
Austin Residential Window Replacement Yes,https://austinresidentialwindowreplacement.com/,austinresidentialwindowreplacement.com,+1 512-379-6857,"6500 River Pl Blvd Building 7C, Austin, TX 78730, United States",0,0,YES,name states window installation/replacement/doors,False,,name/review keywords,UNKNOWN,,https://austinresidentialwindowreplacement.com/
Window Depot USA of Austin TX Yes,https://windowdepotaustin.com/,windowdepotaustin.com,+1 512-201-6447,"6514 McNeil Dr Ste 1-100, Austin, TX 78729, United States",4.2,17,YES,installs/replaces windows; insulated glass unit work; named window styles; pane glazing work; replacement windows; window product line; window replacement/installation; windows & doors,False,ed when so many others have come and gone. Learn More About Our History America’s Trusted Window Replacement Experts Windows Vinyl | Composite | Wood Entry Doors Fiberglass | Steel Patio Doors Slidi,site scrape,YES,,https://windowdepotusa.com | https://windowdepotusa.com/how-replacement-windows-are-installed-a-homeowners-guide-to-professional-installation/ | https://windowdepotusa.com/when-window-repair-is-no-longer-an-option-signs-you-need-window-replacement/ | https://windowdepotusa.com/our-products/windows/triple-pane-windows/
Promising Auto Glass Yes,http://promising-auto-glass.com/,promising-auto-glass.com,+1 737-888-0000,"6515 Burnet Rd Ste B, Austin, TX 78757, United States",5,12,NO,vehicle glass only,True,Promising Auto Glass Promising Auto Glass High-precision automotive glass restoration and ADAS calibration ser,site scrape,NO,,https://promising-auto-glass.com/
King's Window Services LLC Yes,https://www.kingswindowservices.com/?utm_medium=organic&utm_source=google&utm_campaign=gbp,kingswindowservices.com,+1 817-512-5714,"6515 Smithfield Rd c, North Richland Hills, TX 76182, United States",4.9,166,YES,installs/replaces windows; insulated glass unit work; named window styles; pane glazing work; replacement windows; window product line; window replacement/installation,False,"rvices in North Richland Hills, TX | King's Window Services Skip to content Home Services Window Replacement Glass Replacement Frameless Shower Enclosures Mirrors Window Screens & Accessories About FAQ Reviews Galler",site scrape,YES,,https://www.kingswindowservices.com/ | https://www.kingswindowservices.com/window-replacement/ | https://www.kingswindowservices.com/glass-replacement/ | https://www.kingswindowservices.com/window-screens-and-accessories/
Lone Star Glass and Aluminum Yes,https://lonestarglassandaluminum.com/,lonestarglassandaluminum.com,+1 972-748-9481,"6526 Maryibel Cir, Dallas, TX 75237, United States",4.6,14,YES,commercial storefront glazing; installs/replaces windows; insulated glass unit work; named window styles; pane glazing work; reglazing; replacement windows; window product line; window replacement/installation,False,"Home | Plano Window Installation, Window Replacement and Glass Replacement (972) 748-9481 Menu Home About Service Areas Se",site scrape,YES,,https://lonestarglassandaluminum.com/ | https://lonestarglassandaluminum.com/commercial-window-replacement/ | https://lonestarglassandaluminum.com/residential-window-replacement/ | https://lonestarglassandaluminum.com/replacement-glass/
Sun Stop Window Tinting Yes,https://www.sunstopatx.com/,sunstopatx.com,+1 512-296-8788,"6546 Burnet Rd, Austin, TX 78757, United States",4.7,17,NO,window tint/film; window treatments,True,"Sun Stop Window Tinting - Top Rated Commercial & Residential Window Tinting Service - Austin, Texas Home Our S",site scrape,NO,,https://www.sunstopatx.com/ | https://www.sunstopatx.com/commercial-window-tinting | https://www.sunstopatx.com/residential-window-tinting | https://www.sunstopatx.com/automotive-window-tinting
New Leaf Remodeling Yes,https://www.newleafremodeling.com/,newleafremodeling.com,+1 815-904-6006,"6551 E Riverside Blvd Suite 110, Rockford, IL 61114, United States",4.3,53,NO,no window installation or repair signal on site,False,,site scrape,NO,,https://www.newleafremodeling.com/ | https://www.newleafremodeling.com/commercial
ACP Construction & ECO-Energy Inc. Yes,https://acpconstructioninc.com/,acpconstructioninc.com,+1 561-232-2560,"6555 Powerline Rd #208, Fort Lauderdale, FL 33309, United States",4.7,46,YES,commercial storefront glazing; installs/replaces windows; named window styles; window product line; window replacement/installation; windows & doors,False,"Impact window installation offers extra security, durability, strength, and we provide custom options.",site scrape,YES,,https://acpconstructioninc.com/ | https://acpconstructioninc.com/impact-windows-doors-florida-acp-construction/ | https://acpconstructioninc.com/roofing-services-acp-construction/
EDL Electronic Door Lift / Gate Masters Yes,https://www.edl-gm.com/,edl-gm.com,+1 954-972-9300,"6601 NW 15th Ave, Fort Lauderdale, FL 33309, United States",4.7,273,NO,no window installation or repair signal on site,False,,site scrape,NO,,https://www.edl-gm.com/ | https://www.edl-gm.com/residential-garage-doors/raynor-residential-garage-doors/ | https://www.edl-gm.com/residential-garage-doors/haas-door-residential-garages/ | https://www.edl-gm.com/residential-garage-doors/eden-coast-residential-garages/
Metroplex Door Repair LLC Yes,http://metroplexdoorrepair.llc/,metroplexdoorrepair.llc,+1 469-328-6628,"6611 Lockheed Ave, Dallas, TX 75209, United States",4.6,36,YES,commercial storefront glazing; window replacement/installation,False,lutions delivered Commercial and residential project proof Residential Glass High-rise window glass replacement Balcony glass and window panel replacement handled carefully on-site.,site scrape,YES,,https://metroplexdoorrepair.llc/
The Great Curtain Company Yes,https://www.austincurtains.com/,austincurtains.com,+1 512-535-3482,"6611 S MoPac Expy #200a, Austin, TX 78749, United States",4.9,43,NO,window treatments,False,"Custom Window Treatments, Shades, Drapery in Austin, TX Book Your Free In-Store or Virtual Design Appointment Now 512-535-",site scrape,NO,,https://www.austincurtains.com/ | https://www.austincurtains.com/idea-gallery/arch-window/ | https://www.austincurtains.com/idea-gallery/curved-window/ | https://www.austincurtains.com/draperies/premium-office-window-treatments/
Austin Sliding Door and Window Repair Yes,https://austinslidingdoorrepair.com/,austinslidingdoorrepair.com,+1 512-621-5542,"6705 US-290 #502-278, Austin, TX 78735, United States",4.7,43,YES,commercial storefront glazing; named window styles; window product line; window replacement/installation,False,Home - Austin Sliding Door and Window Repair - AUSTIN TX Skip to content Give Us A Call Today!,site scrape,YES,,https://austinslidingdoorrepair.com/ | https://austinslidingdoorrepair.com/window-repair/ | https://austinslidingdoorrepair.com/about-austin-sliding-door-and-window-repair/ | https://austinslidingdoorrepair.com/sliding-door-window-repair-austin/
GM Door Window and Screen Yes,https://www.gmdoorwindowandscreen.com/?utm_source=NEXT&utm_medium=Google_website,gmdoorwindowandscreen.com,+1 954-797-0797,"6761 W Sunrise Blvd Unit 7, Plantation, FL 33313, United States",4.2,138,YES,installs/replaces windows; insulated glass unit work; named window styles; window product line; window replacement/installation; windows & doors,False,"m’s association office to install Windows and Doors? If the unit owner is responsible for window or door replacement, they will need written approval to replace their entrance doors, windows, and sliding gl",site scrape,YES,,https://www.gmdoorwindowandscreen.com | https://www.gmdoorwindowandscreen.com/since-1968-gm-door-window-and-screen-impact-windows-doors/ | https://www.gmdoorwindowandscreen.com/impact-windows/
Surface Specialists of Austin Yes,http://www.surfacespecialistsaustin.com/,surfacespecialistsaustin.com,+1 512-865-9516,"6808 Branrust Dr, Austin, TX 78744, United States",5,132,YES,window product line; window replacement/installation,False,/ Showers / Countertops About Repair Bathtub Repair Shower Repair Countertop Repair Vinyl Window Repair Refinish Bathtub Refinishing Shower Refinishing Countertop Resurfacing Tile Refinishing S,site scrape,YES,,https://surfacespecialistsaustin.com/ | https://surfacespecialistsaustin.com/vinyl-window-repair-in-austin | https://surfacespecialistsaustin.com/shower-repair-services-in-austin/ | https://surfacespecialistsaustin.com/?page_id=51(opens%20in%20a%20new%20tab)
MC Tintz Yes,https://www.mctintz.com/,mctintz.com,+1 815-540-0297,"6810 Forest Hills Rd, Loves Park, IL 61111, United States",4.9,340,NO,vehicle glass,True,ive pricing and quality materials 2 Front Windows Only 2 Front Windows only to match your rear windows.,site scrape,NO,,https://www.mctintz.com/ | https://www.mctintz.com/wheels-mctintz
Shine of Austin The Four Points Yes,https://shine-windowcleaning.com/location/austin-four-points/?utm_source=GMB&utm_medium=organic&utm_campaign=Austin_Four_Points,shine-windowcleaning.com,+1 512-915-0600,"6811 Ranch Rd 620 N, Austin, TX 78732, United States",4.8,57,NO,window cleaning,False,"Shine Window Cleaning and Exteriors: Same Curb, More Appeal Skip to content Franchising Careers Franchising",site scrape,NO,,https://shine-windowcleaning.com/ | https://shine-windowcleaning.com/commercial-services/commercial-window-cleaning/ | https://shine-windowcleaning.com/residential-services/professional-window-cleaning/ | https://shine-windowcleaning.com/residential-services/interior-window-glass-cleaning/
Franks Pressure Washing Yes,https://frankspressurewashing.com/,frankspressurewashing.com,+1 512-883-2456,"6812 Hanover Ln, Austin, TX 78723, United States",5,33,NO,window cleaning,False,"Franks Pressure Washing | Austin, TX Home Services Gallery About Store Free Quote Austin's local exterior clea",site scrape,NO,,https://frankspressurewashing.com/ | https://frankspressurewashing.com/services
Fast Glass Guys Yes,http://fastglassguys.com/,fastglassguys.com,+1 954-969-9888,"6874 NW 20th Ave, Fort Lauderdale, FL 33309, United States",4.9,80,NEEDS_REVIEW,"glass shop or building contractor, window scope unknown",False,,"no site, no research",UNREACHABLE,,
Impact Hail Solutions Yes,https://impacthail.com/,impacthail.com,+1 469-498-2150,"6901 Maple Ave, Dallas, TX 75235, United States",5,32,NO,Auto body shop / paintless dent repair for vehicle hail damage,False,"impacthail.com/about — 'Auto Body & Car Dent Repair Shop in Dallas, TX'; services 'Free Estimates, Insurance Company Assistance, Lifetime Warranty, Automotive Glass Replacement, Detailing, and Paintless Dent Repair'. Automotive glass only, no building windows",web research (site unreachable),UNKNOWN,,https://impacthail.com/
LV Design & Build Yes,https://lvbuild.com/,lvbuild.com,+1 512-669-8838,"6901 Villita Cove, Austin, TX 78741, United States",4.9,36,YES,insulated glass unit work,False,LV Build and Design handles everything from interior reconfigurations to full home updates.,site scrape,YES,,https://lvbuild.com/ | https://lvbuild.com/services/ | https://lvbuild.com/austin-outdoor-living-services/ | https://lvbuild.com/custom-residential-framing/
Austin Glass & Doors Yes,https://austin-glass.ueniweb.com/?utm_campaign=gmb,austin-glass.ueniweb.com,+1 512-618-1305,"6903 Granger Dr, Austin, TX 78744, United States",2.3,233,YES,commercial storefront glazing,False,Austin Glass & Doors | Glazier in Austin About Us Amenities Services Location Opening Hours Contact Us Share : About Us,site scrape,YES,,https://austin-glass.ueniweb.com/ | https://austin-glass.ueniweb.com/services/glass-services/windows-26137064 | https://austin-glass.ueniweb.com/services/glass-services/mirrors-26137065 | https://austin-glass.ueniweb.com/services/glass-services/herculite-doors-26137066
Final Draft Construction Yes,http://finaldc.com/,finaldc.com,+1 512-559-7777,"6905 Beauford Dr, Austin, TX 78750, United States",5,105,YES,windows & doors,False,"CALL NOW Windows & Doors Premium Solutions Contact Us Austin, Texas Info@Finaldc.",site scrape,YES,,https://www.finaldc.com/ | https://www.finaldc.com/our-services
Azaz auto glass and tinting Yes,https://azazautoaustin.com/,azazautoaustin.com,+1 512-825-7430,"6907 Windrift Way, Austin, TX 78745, United States",4.9,492,NO,vehicle glass only,True,"Azaz Auto Glass Skip to content 6907 windrift way Austin, TX 78745 saveou_nd@live.",site scrape,NO,,https://azazautoaustin.com/
J&J Home Maintenance LLC Yes,https://jjhomesmaintenance.com/,jjhomesmaintenance.com,+1 779-335-4133,"6914 Forest Hills Rd A, Loves Park, IL 61111, United States",0,0,NEEDS_REVIEW,insufficient signal,False,,"no site, no research",UNREACHABLE,,
JCAB Enterprises - Impact Windows & Doors Yes,https://jcabinc.com/,jcabinc.com,+1 954-288-4798,"700 NE 40th Ct, Oakland Park, FL 33334, United States",4.9,70,YES,named window styles; window product line; window replacement/installation; windows & doors,False,"Enterprises. All Rights Reserved. Privacy Policy Sitemap Accessibility Statement Impact Window Installation, Miami-Dade, FL | JCAB Enterprises Skip to Content 954-247-8925 menu Impact Windows Impac",site scrape,YES,,https://www.jcabinc.com/ | https://www.jcabinc.com/impact-windows/ | https://www.jcabinc.com/accordion-shutters/ | https://www.jcabinc.com/impact-doors/
Foggy Window Repair Yes,https://www.foggywindowrepair.com/,foggywindowrepair.com,+1 972-693-6449,"700 Redbird Dr, Irving, TX 75061, United States",4.4,149,YES,installs/replaces windows; insulated glass unit work; named window styles; pane glazing work; replacement windows; window product line; window replacement/installation,False,Best Rated Foggy Window Repair Dallas TX Home > Services Foggy Window Repair Full Window Replacement Window Cleaning Sho,site scrape,YES,,https://foggywindowrepair.com/ | https://foggywindowrepair.com/window-glass-replacement | https://foggywindowrepair.com/full-window-replacement | https://foggywindowrepair.com/window-cleaning
Revival Restoration ATX Yes,https://www.revivalrestorationatx.com/,revivalrestorationatx.com,+1 737-204-1475,"7009 Woodhue Dr B, Austin, TX 78745, United States",5,379,NO,window cleaning,False,"ng Back the Shine to Homes Across Austin, TX! Facebook Instagram Yelp Home About Services Pressure Washing House Washing Roof Cleaning Paver Sealing Window Cleaning Commercial Pressure Washing",site scrape,NO,,https://www.revivalrestorationatx.com/ | https://www.revivalrestorationatx.com/window-cleaning/ | https://www.revivalrestorationatx.com/commercial-pressure-washing/ | https://www.revivalrestorationatx.com/service-areas/
AutoGlass Rehab Yes,https://www.myautoglassrehab.com/?utm_campaign=gmb,myautoglassrehab.com,+1 214-393-5972,"701 Commerce St, Dallas, TX 75202, United States",4.7,250,NO,vehicle glass,True,Auto Glass Repair Dallas TX | AutoGlass Rehab Same-day mobile service across all of DFW | Formerly F,site scrape,NO,,https://www.myautoglassrehab.com/ | https://www.myautoglassrehab.com/services/side-window-replacement | https://www.myautoglassrehab.com/services/commercial-fleet-glass | https://www.myautoglassrehab.com/services/windshield-replacement
Southern Star Mobile Auto Glass Specialist Austin Yes,https://southernstarautoglassspecialist.com/austin/,southernstarautoglassspecialist.com,+1 737-352-5241,"701 Driskill St, Austin, TX 78701, United States",0,0,NO,vehicle glass only,True,"Southern Star Mobile Auto Glass Specialist — Premier Auto Glass Shop in Dallas, TX",site scrape,NO,,https://southernstarautoglassspecialist.com/
FastFrame & The Westlake Gallery Yes,https://fastframewestlake.com/?utm_source=google&utm_medium=local&utm_campaign=gmb,fastframewestlake.com,+1 512-306-0999,"701 S Capital of Texas Hwy Ste D-460, Austin, TX 78746, United States",4.8,92,NEEDS_REVIEW,insufficient signal,False,,"no site, no research",UNREACHABLE,,
Ideal Siding Austin Yes,https://idealsiding.com/us/locations/siding-austin/,idealsiding.com,+1 737-259-6365,"701 Tillery St #12, Austin, TX 78702, United States",5,31,NO,window cleaning,False,al Siding Painting Metal Siding Blog Siding Vinyl Painting Vinyl Siding Blog Siding Vinyl Power Washing Vinyl Siding Aluminum Blog Siding Removing and Reinstalling Aluminum Siding Blog Sidin,site scrape,NO,,https://idealsiding.com/ | https://idealsiding.com/fiberglass/ | https://idealsiding.com/replacement/
Thrive Outdoor Solutions of Austin Yes,https://www.thriveoutdoorsolutions.com/,thriveoutdoorsolutions.com,+1 877-317-1914,"701 Tillery St #12, Austin, TX 78702, United States",4.9,141,NO,no window installation or repair signal on site,False,,site scrape,NO,,https://www.thriveoutdoorsolutions.com/ | https://www.thriveoutdoorsolutions.com/irrigation-services/sprinkler-installation/ | https://www.thriveoutdoorsolutions.com/irrigation-services/ | https://www.thriveoutdoorsolutions.com/drainage-services/
Reclamation Design Studio Yes,https://reclamationatx.com/,reclamationatx.com,+1 720-299-5906,"701 Tillery St, Austin, TX 78702, United States",5,35,NO,no window installation or repair signal on site,False,,site scrape,NO,,https://www.reclamationatx.com/
Austin Window and Door Yes,https://austinwindowanddoor.com/,austinwindowanddoor.com,+1 844-578-3096,"701 Tillery St, Austin, TX 78702, United States",4.2,5,YES,name states window installation/replacement/doors,False,,name/review keywords,UNKNOWN,,https://austinwindowanddoor.com/
Window Solar Screens Yes,https://www.windowsolarscreenss.com/,windowsolarscreenss.com,+1 214-482-3098,"7010 Benning Ave, Dallas, TX 75227, United States",5,16,NO,window tint/film; window treatments,False,ll us now Gallery Contact More Home Call us now Gallery Contact Windowsolarscreens Window solar screens provides you with a very high screen quality material .,site scrape,NO,,https://www.windowsolarscreenss.com/ | https://www.windowsolarscreenss.com/home
GP Drapery Yes,http://www.gpdrapery.com/,gpdrapery.com,+1 214-856-8482,"7015 Twin Hills Ave #145, Dallas, TX 75231, United States",4.7,13,NO,window treatments,False,Custom Window Treatments & Drapery Solutions | GP Drapery Home Services Portfolio About Contact (800) 985-2192 Trusted Partn,site scrape,NO,,https://www.gpdrapery.com/ | https://www.gpdrapery.com/custom-drapery-services | https://www.gpdrapery.com/projects/modern-commercial-waiting-area-dallas
Excellence Appliance Repair Yes,https://excellenceappliancerepair.com/austin/,excellenceappliancerepair.com,+1 512-548-2059,"7035 Bee Caves Rd Ste 102, Austin, TX 78746, United States",5,254,NO,no window installation or repair signal on site,False,,site scrape,NO,,https://excellenceappliancerepair.com/ | https://excellenceappliancerepair.com/service-area/ | https://excellenceappliancerepair.com/booking/ | https://excellenceappliancerepair.com/services/cooktop-repair/
LOA Construction and Austin Roofing Yes,https://www.loaconstruction.com/austin/?utm_campaign=gmb&utm_medium=organic&utm_source=gmblisting,loaconstruction.com,+1 512-375-3654,"706 W Ben White Blvd Ste 200B, Austin, TX 78704, United States",5,991,YES,commercial storefront glazing; installs/replaces windows; named window styles; pane glazing work; replacement windows; window product line; window replacement/installation,False,uction • Siding & Let our general contractors be your Austin-based company for siding and window installation and contracting services.,site scrape,YES,,https://www.loaconstruction.com/ | https://www.loaconstruction.com/general-construction/siding-and-windows/ | https://www.loaconstruction.com/roof-services/residential-roofing/ | https://www.loaconstruction.com/commercial-roofing/commercial-roofing-portfolio/
Austin Auto Glass Yes,https://www.austinautoglasstexas.com/,austinautoglasstexas.com,+1 512-523-5512,"7103 Meador Ave, Austin, TX 78752, United States",4.6,21,NO,vehicle glass,True,"Austin Auto Glass Repair & Replacement Austin Auto Glass Texas Austin, Texas Windshield Replacement Austin,",site scrape,NO,,https://austinautoglasstexas.com/ | https://austinautoglasstexas.com/services_5.html | https://austinautoglasstexas.com/other_services_13.html
Alamo Glass Yes,https://www.alamoaustin.com/,alamoaustin.com,+1 512-452-5731,"7123 N Lamar Blvd, Austin, TX 78752, United States",4.7,326,YES,building glass replacement; commercial storefront glazing; insulated glass unit work; pane glazing work; window product line; window replacement/installation,False,"day 8:00 am – 4:30 pm Sat – Sun Closed © 2025 Alamo Glass | Sitemap | Privacy Share by: Window Glass Replacement in Austin TX | Fast, Affordable Window Glass Repair Home Residential Window Glass Door Gl",site scrape,YES,,https://www.alamoaustin.com/ | https://www.alamoaustin.com/window-glass | https://www.alamoaustin.com/commercial-glass-repair | https://www.alamoaustin.com/commercial-glass
Midwest Seamless Gutters and Siding Yes,https://www.midwestseamlessguttersandsiding.com/,midwestseamlessguttersandsiding.com,+1 815-708-8113,"7194 Vandiver Rd, Rockford, IL 61112, United States",4.7,306,YES,commercial storefront glazing; installs/replaces windows; replacement windows; window product line; window replacement/installation,False,"older_footer_reserve5}} {{placeholder_footer_reserve6}} {{placeholder_footer_reserve7}} Window Installation and Repair Services | Rockford, IL Request an Estimate , ""When Your Home's In Need Of A Makeover, Ca",site scrape,YES,,https://www.midwestseamlessguttersandsiding.com/ | https://www.midwestseamlessguttersandsiding.com/windows | https://www.midwestseamlessguttersandsiding.com/gutters-our-services | https://www.midwestseamlessguttersandsiding.com/why-september-and-october-are-the-perfect-months-to-install-alu-rex-doublepro-gutter-leaf-guards-in-rockford-il
Texas Window Store of Austin Yes,https://www.texaswindowstore.com/austin/,texaswindowstore.com,+1 512-360-0612,"720 S Bell Blvd Bldg 7D, Cedar Park, TX 78613, United States",4.9,60,NEEDS_REVIEW,window in name but service type unconfirmed,False,,"no site, no research",UNKNOWN,,https://texaswindowstore.com/
Apex Windows & Glass Yes,https://apexwindowstx.com/,apexwindowstx.com,+1 214-263-3008,"7200 W University Dr, McKinney, TX 75071, United States",5,61,YES,broken window glass; building glass replacement; commercial storefront glazing; insulated glass unit work; named window styles; pane glazing work; window product line; window replacement/installation,False,Window Replacement in Dallas-Fort Worth | Apex Windows ✦ Home Services About Areas We Serve Near Me Blog Gal,site scrape,YES,,https://apexwindowstx.com/ | https://apexwindowstx.com/services/commercial-glass | https://apexwindowstx.com/services/residential-windows | https://apexwindowstx.com/services/foggy-glass-repair
JDM Sliding Door & Window Repair Yes,https://slidingdoorrepairft.com/broward,slidingdoorrepairft.com,+1 954-689-2155,"721 NE 3rd Ave, Fort Lauderdale, FL 33304, United States",4.9,617,YES,commercial storefront glazing; installs/replaces windows; insulated glass unit work; named window styles; pane glazing work; replacement windows; window product line; window replacement/installation; windows & doors,False,tomatic Door Repair Storefront Door Repair ADA Door Repair Window & Glass Services Impact Window Installation Leaking Door & Window Repair View All Services Locations Florida Miami-Dade County Browar,site scrape,YES,,https://slidingdoorrepairft.com/ | https://slidingdoorrepairft.com/service/impact-window-installation/ | https://slidingdoorrepairft.com/service/leaking-door-and-window-repair/ | https://slidingdoorrepairft.com/service/commercial-door-services/
Radio Window Co. Yes,https://radiowindow.com/,radiowindow.com,+1 888-265-8205,"7210 E State St Ste 102, Rockford, IL 61108, United States",5,2,YES,installs/replaces windows; insulated glass unit work; named window styles; window product line,False,"e Missouri Ozarks — with a specialty in identifying and restoring roll-form aluminum-clad wood window systems, from the Queen City of the Ozarks south to the Branson and Table Rock Lake corri",site scrape,YES,,https://radiowindow.com/ | https://radiowindow.com/services/window-product-identification | https://radiowindow.com/services/window-system-evaluation | https://radiowindow.com/services/historical-window-identification
Surface Solutions - Commercial Window Cleaning Services Yes,https://surfacesolutionstx.com/,surfacesolutionstx.com,+1 512-926-7000,"7212 McNeil Dr Ste 205, Austin, TX 78729, United States",5,502,YES,commercial storefront glazing,False,Effective Acid Etch Graffiti Removal for Storefront Glass Graffiti can detract from the appeal of your storefront.,site scrape,YES,,https://surfacesolutionstx.com/ | https://surfacesolutionstx.com/glass-restoration/ | https://surfacesolutionstx.com/high-rise-window-cleaning/ | https://surfacesolutionstx.com/glass-restoration-service/
Capitol City Tint / Mobile Service Yes,http://austintz.com/,austintz.com,+1 512-865-9703,"730 Gunter St, Austin, TX 78702, United States",4.7,4717,NEEDS_REVIEW,insufficient signal,False,,"no site, no research",UNKNOWN,,https://www.austintz.com/
Elevate Windows Yes,https://www.goelevatewindows.com/,goelevatewindows.com,+1 480-934-0840,"7301 N 16th St Ste 102, Phoenix, AZ 85020, United States",4.9,94,YES,installs/replaces windows; named window styles; pane glazing work; replacement windows; window product line; window replacement/installation; windows & doors,False,we’re more than just another window company. Elevate your home with the leading choice in window replacements – we take pride in being the number one company that not only enhances your view but ele,site scrape,YES,,https://www.goelevatewindows.com/ | https://www.goelevatewindows.com/products | https://www.goelevatewindows.com/services
Sliding Door Repair Dallas Yes,https://slidingdoorsrepairdallas.com/,slidingdoorsrepairdallas.com,+1 346-353-2018,"7315 Gaston Ave, Dallas, TX 75214, United States",5,7,YES,window replacement/installation,False,placement Pocket Door Repair Screen Door Repair Glass Door Replacement Pocket Door Repair Window Installation Glass Door Replacement Glass Door Replacement Glass Door Replacement Glass Door Replaceme,site scrape,YES,,https://slidingdoorsrepairdallas.com/
787 Construction Yes,http://www.787construction.com/,787construction.com,+1 512-240-6738,"7415 Southwest Pkwy Bldg 6 Ste 500, Austin, TX 78735, United States",5,110,NEEDS_REVIEW,"glass shop or building contractor, window scope unknown",False,,"no site, no research",UNKNOWN,,https://787construction.com/
Pecos Builders Yes,https://pecosbuilders.com/,pecosbuilders.com,+1 512-766-5564,"7415 Southwest Pkwy, Austin, TX 78735, United States",5,9,NEEDS_REVIEW,insufficient signal,False,,"no site, no research",UNREACHABLE,,
Torres Window Tint (Mobile service) Yes,https://torreswindowtinttx.com/,torreswindowtinttx.com,+1 214-469-6265,"7423 Cortland Ave, Dallas, TX 75235, United States",4.9,87,NO,"Mobile window tinting, PPF and ceramic coating",False,"Directory listings: 'professional window tinting, paint protection film, and ceramic coatings for auto, commercial, and residential applications' — film only",web research (site unreachable),UNREACHABLE,,
Ivory Maids Yes,http://ivorymaids.com/,ivorymaids.com,+1 214-833-8822,"7425 La Vista Dr, Dallas, TX 75214, United States",5,20,NEEDS_REVIEW,insufficient signal,False,,"no site, no research",UNKNOWN,,https://ivorymaids.com/
MOE'S TIRES & AUTO REPAIR Yes,http://moeautorepair.com/,moeautorepair.com,+1 682-557-1846,"7458 S Lancaster Rd, Dallas, TX 75241, United States",4.8,502,NO,tire shop and general auto repair,False,"moeautorepair.com — 'full-service repair on all cars and trucks... specializing in new and used tires, oil changes, brakes, inspections, and AC service'. No glass or window services listed.",web research (site unreachable),UNREACHABLE,,
Elite Roofing LLC Yes,https://www.eliteroofpro.com/areas-we-serve/leading-roofer-in-austin,eliteroofpro.com,+1 512-379-7663,"7500 Rialto Blvd #250, Austin, TX 78735, United States",4.9,287,NEEDS_REVIEW,"glass shop or building contractor, window scope unknown",False,,"no site, no research",UNKNOWN,,https://eliteroofpro.com/
Mr. Handyman of South Austin/Lakeway Yes,https://www.mrhandyman.com/south-austin-lakeway/?cid=LSTL_MHM000197&utm_source=gmb&utm_campaign=local&utm_medium=organic,mrhandyman.com,+1 512-456-3443,"7509 Menchaca Rd Unit 104, Austin, TX 78745, United States",4.9,264,YES,commercial storefront glazing; installs/replaces windows; named window styles; pane glazing work; replacement windows; window product line; window replacement/installation; windows & doors,False,stallation and Replacement Exhaust Fan Cleaning Exterior Repair Gutter Guard Installation Window Frame Repair Window and Door Weatherproofing Chimney Repair and Service Debris Removal Gutter Installa,site scrape,YES,,https://www.mrhandyman.com/ | https://www.mrhandyman.com/residential/windows-and-doors/window-and-door-services/other-windows-and-doors-services/ | https://www.mrhandyman.com/residential/windows-and-doors/window-and-door-services/ | https://www.mrhandyman.com/handyman-services/windows/window-repair/
Amazin tints Yes,http://www.amazintints.com/,amazintints.com,+1 754-307-4233,"751 NW 57th St Unit 1, Fort Lauderdale, FL 33309, United States",4.9,62,NO,window tint/film,False,Fort Lauderdale Window Tinting Service | Amazin Tints Skip to content +1 (754) 307-4233 info@amazintints.,site scrape,NO,,https://amazintints.com/ | https://amazintints.com/automotive/ | https://amazintints.com/architecture/
GreenTex Home Improvement Yes,https://greentexwindows.com/,greentexwindows.com,+1 512-900-5946,"751 Silver Creek Dr, Leander, TX 78641, United States",5,44,NEEDS_REVIEW,"glass shop or building contractor, window scope unknown",False,,"no site, no research",UNKNOWN,,https://greentexwindows.com/
Tony's painting and remodeling Llc Yes,http://www.tonyspaintingandremodelingllc.com/,tonyspaintingandremodelingllc.com,+1 214-815-8085,"7544 Marietta Ln, Dallas, TX 75241, United States",4.9,111,NO,Painting and remodeling contractor,False,"tonyspaintingandremodelingllc.com listings — texture, tape & bed, stain, sheetrock, lap siding, interior/exterior painting, wallpaper, specialty painting, trim, tile. No windows.",web research (site unreachable),UNKNOWN,,https://tonyspaintingandremodelingllc.com/
Greenline Remodeling Yes,https://greenlineremodeling.com/,greenlineremodeling.com,+1 954-840-8844,"760 NW 7th Terrace, Fort Lauderdale, FL 33311, United States",5,167,NEEDS_REVIEW,insufficient signal,False,,"no site, no research",UNKNOWN,,https://greenlineremodeling.com/
Window Genie of W Austin San Marcos and Dripping Springs Yes,https://www.windowgenie.com/west-austin/?cid=LSTL_WDG000206&utm_source=gmb&utm_campaign=local&utm_medium=organic,windowgenie.com,+1 512-649-7288,"7600 Burnet Rd, Austin, TX 78757, United States",4.8,401,NO,window cleaning; window tint/film; window treatments,False,ow Genie Menu Close menu Request a Quote Call Us Residential Residential back Residential Window Cleaning Window Cleaning back Window Cleaning Interior & Exterior Window Cleaning Solar Panel C,site scrape,NO,,https://www.windowgenie.com/ | https://www.windowgenie.com/residential/window-tinting/solar-control-window-film/ | https://www.windowgenie.com/commercial/window-cleaning/window-cleaning/ | https://www.windowgenie.com/window-tinting/commercial-window-tinting/
Affluent Contractors Yes,http://www.affluentcontractors.com/,affluentcontractors.com,+1 512-299-0102,"7600 Chevy Chase Dr Bldg 2 suite 300, Austin, TX 78752, United States",3.9,14,YES,named window styles; window product line; window replacement/installation; windows & doors,False,xtdoor Copyright © 2018- 2026 Affluent Contractors | All Rights Reserved Privacy Policy Window Replacement in Texas | Affluent Contractors If your property was damaged by a hail or wind storm with,site scrape,YES,,https://affluentcontractors.com/ | https://affluentcontractors.com/service/windows/ | https://affluentcontractors.com/residential-customer/ | https://affluentcontractors.com/commercial-clients/
Arcadia Texas Inc. Yes,http://arcadiainc.com/,arcadiainc.com,+1 469-210-8245,"7601 Ambassador Row #102, Dallas, TX 75247, United States",4.4,449,YES,commercial storefront glazing; insulated glass unit work; named window styles; window product line,False,t Door Hardware Column 3 Windows Fixed – Projecting Hung Sliding Acoustic Ballistic Blast Impact Window Hardware & Accessories Column 4 Further Information Arcadia Product Brochures Request A Q,site scrape,YES,YES,https://arcadiainc.com/ | https://arcadiainc.com/products/windows/ | https://arcadiainc.com/products/steel-windows/ | https://arcadiainc.com/products/window-wall/
Amy's Home Services Yes,https://www.facebook.com/Amys-janitorial-services-1057382640944478/,facebook.com,+1 512-653-4582,"7601 Daffan Ln #125, Austin, TX 78724, United States",4.3,35,YES,Stocks windows and provides framing and installation services including window and door installations,False,"Oak Cliff Building Materials services page: 'Their extensive inventory includes lumber, sheathing, roofing products, windows, and more. They also provide professional framing and installation services, including window and door installations'; sells 'to contractors, builders and homeowners'",web research (site unreachable),UNREACHABLE,,
Arizona Window & Door Store Yes,https://azwds.com/?utm_source=google&utm_medium=organic&utm_campaign=gbp,azwds.com,+1 480-450-1953,"7625 E Redfield Rd #400, Scottsdale, AZ 85260, United States",4.9,1312,YES,name states window installation/replacement/doors,False,,name/review keywords,UNKNOWN,,https://azwds.com/
Austin's Custom Tops Yes,http://www.austinscustomtops.com/,austinscustomtops.com,+1 512-501-5750,"7700 State Hwy 71 #130, Austin, TX 78735, United States",5,25,NEEDS_REVIEW,insufficient signal,False,,"no site, no research",UNREACHABLE,,
Power Home Remodeling Yes,https://powerhrg.com/,powerhrg.com,+1 512-961-4491,"7701 Metropolis Dr Bldg 12 suite 300, Austin, TX 78744, United States",4.5,2223,NEEDS_REVIEW,insufficient signal,False,,"no site, no research",UNREACHABLE,,
Septic Squad Yes,https://septicsquad.com/?utm_source=google&utm_medium=organic&utm_campaign=gbp,septicsquad.com,+1 737-289-4333,"7710 Rialto Blvd, Austin, TX 78735, United States",5,278,YES,insulated glass unit work,False,Domingo Rodriguez was a gentleman from his first greeting to his finishing of his job.,site scrape,YES,,https://www.septicsquad.com | https://www.septicsquad.com/septic-service-austin-texas | https://www.septicsquad.com/residential-septic-pumping | https://www.septicsquad.com/commercial-grease-trap-cleaning
DFW Window Film Inc Yes,https://www.dfwwindowfilm.com/,dfwwindowfilm.com,+1 214-888-3456,"7712 Meadowhaven Dr, Dallas, TX 75254, United States",5,109,NO,window tint/film,False,DFW Window Film Skip to content Home About Us Services Commercial Decorative Window Films Solar Window Fi,site scrape,NO,,https://dfwwindowfilm.com/ | https://dfwwindowfilm.com/school-security-mandate/ | https://dfwwindowfilm.com/bird-safety-film/ | https://dfwwindowfilm.com/commercial/decorative-window-films/
Homeva Yes,http://www.thehomeva.com/,thehomeva.com,+1 512-253-2283,"7727 Burnet Rd, Austin, TX 78757, United States",5,31,NO,window treatments,False,Home About Services Automated Home Lighting Home Audio Systems Motorized Drapes Motorized Shades Smart Mirrors TV Installation Service Areas Austin Barton Creek Cedar Park Clarksville Da,site scrape,NO,,https://thehomeva.com/ | https://thehomeva.com/services/ | https://thehomeva.com/tv-installation/ | https://thehomeva.com/service-areas/
Supreme Garage Door Repair Yes,https://www.supremegaragedoortx.com/,supremegaragedoortx.com,+1 214-915-0384,"7765 El Pensador Dr, Dallas, TX 75248, United States",4.9,698,YES,insulated glass unit work,False,"reventive inspections can identify loose hardware, worn rollers, cable damage, spring fatigue, poor balance, sensor problems, and opener strain before they cause a sudden breakdown.",site scrape,YES,,https://www.supremegaragedoortx.com/ | https://www.supremegaragedoortx.com/clopay-garage-doors/ | https://www.supremegaragedoortx.com/garage-door-services/ | https://www.supremegaragedoortx.com/garage-door-installation/
Sunsational Solutions Yes,http://sunsationalsolutions.com/,sunsationalsolutions.com,+1 512-246-8468,"7801 N Lamar Blvd c63, Austin, TX 78752, United States",4.9,41,NO,window tint/film; window treatments,False,"Window Film Installation - Austin, San Antonio, Dallas TX | Sunsational Solutions - Sunsational Solut",site scrape,NO,,https://www.sunsationalsolutions.com/ | https://www.sunsationalsolutions.com/switchable-window-film/ | https://www.sunsationalsolutions.com/riot-glass/ | https://www.sunsationalsolutions.com/project/stained-glass-front-entry/
TJ Window & Door Repair Yes,https://tjwindowrepair.com/?utm_source=omg-gbp&utm_medium=webclick,tjwindowrepair.com,+1 954-765-6316,"784 NE 44th St, Oakland Park, FL 33334, United States",4.9,69,YES,installs/replaces windows; named window styles; window product line; window replacement/installation; windows & doors,False,"ews Contact Reliable Window & Door Services in Broward County, FL Your trusted experts in window and door installations, repairs, and glass installation.",site scrape,YES,,https://tjwindowrepair.com/ | https://tjwindowrepair.com/wp-content/uploads/2023/06/TJ-Window-Door-Repair-4-768x1024.jpg | https://tjwindowrepair.com/wp-content/uploads/2024/07/TJ-Window-hours-min-1024x768.webp | https://tjwindowrepair.com/wp-content/uploads/2023/06/TJ-Window-Door-Repair-1-768x1024.jpg
Super Car Audio and Tint Yes,http://supercaraudio.com/,supercaraudio.com,+1 214-398-8885,"7900 S Great Trinity Forest Way, Dallas, TX 75217, United States",4.8,455,YES,installs/replaces windows; window product line; window replacement/installation,True,Professional Window Tint Installation in Dallas Super Car Audio & Tint has served Dallas-area drivers for 15 years.,site scrape,YES,YES,https://supercaraudio.com/ | https://supercaraudio.com/pages/window-tint-dallas | https://supercaraudio.com/collections/budget-wiring-install-accessories | https://supercaraudio.com/pages/car-audio-installation-dallas
April Building Services Yes,https://aprilservices.com/,aprilservices.com,+1 214-630-7215,"7929 Brookriver Dr Ste. 325, Dallas, TX 75247, United States",3.8,12,NO,window cleaning,False,"April Building Services April Building Services is the premier commercial window cleaning, waterproofing, and restoration provider in Dallas, Ft.",site scrape,NO,,https://aprilservices.com/ | https://aprilservices.com/commercial-window-cleaning | https://aprilservices.com/services/
Clarity Windows and Doors Yes,http://www.claritywindows.com/,claritywindows.com,+1 972-393-3991,"800 Freeport Pkwy #150, Coppell, TX 75019, United States",4.9,580,YES,installs/replaces windows; insulated glass unit work; named window styles; replacement windows; window product line; window replacement/installation; windows & doors,False,Top-Quality Window and Door Replacement Services in North Texas Replacing your windows and doors is a big decision.,site scrape,YES,,https://claritywindows.com/ | https://claritywindows.com/services/replacement-windows | https://claritywindows.com/services | https://claritywindows.com/offers-and-promotions
Wise Glass Yes,https://wiseglassllc.net/near-me/plano-tx-glass-shower-doors/?utm_source=gmb&utm_medium=referral,wiseglassllc.net,+1 945-322-4706,"800 Fulgham Rd Suite 5, Plano, TX 75093, United States",5,101,NO,Custom frameless shower door company (4 DFW showrooms),False,"wiseglassllc.net — ""Frameless Shower Doors DFW""; ""designs, fabricates, and installs custom shower doors, glass partition walls, custom mirrors, steam shower enclosures, glass railings, and wine cellar enclosures"". No window glass work.",web research (site unreachable),UNKNOWN,,https://wiseglassllc.net/
Foster Windows and Doors Yes,https://fosterwindowsanddoors.com/,fosterwindowsanddoors.com,+1 954-566-6524,"800 NE 26th St, Wilton Manors, FL 33305, United States",3.5,17,YES,commercial storefront glazing; installs/replaces windows; named window styles; replacement windows; window product line; window replacement/installation; windows & doors,False,rst Last Email (Required) Phone (Required) Which service are you interested in (Required) Windows Installation Windows Repairs Select one or more repair services: Impact Glass Repairs Something else :) Comments CAPT,site scrape,YES,,https://fosterwindowsanddoors.com/ | https://fosterwindowsanddoors.com/professional-window-services/ | https://fosterwindowsanddoors.com/services/impact-glass-repairs/ | https://fosterwindowsanddoors.com/windows/
Glass Doctor of Fort Lauderdale Yes,https://glassdoctor.com/fort-lauderdale?cid=LSTL_MGD000191&utm_source=gmb&utm_campaign=local&utm_medium=organic,glassdoctor.com,+1 954-302-7909,"800 NE 45th St Bldg A, Oakland Park, FL 33334, United States",4.7,747,YES,broken window glass; building glass replacement; commercial storefront glazing; installs/replaces windows; insulated glass unit work; named window styles; pane glazing work; replacement windows; window product line; window replacement/installation; windows & doors,True,ss Doctor Window and Door Services Window and Door Services back Window and Door Services Window Glass Repair and Replacement Window Installation and Replacement Patio Door Installation and Repair Wi,site scrape,YES,,https://glassdoctor.com/ | https://glassdoctor.com/home-glass/window-glass | https://glassdoctor.com/home-glass/windows-doors/window-screen-installation | https://glassdoctor.com/home-window-replacement
Pella Doors and Windows of Phoenix Yes,https://www.pella.com/locations/az/phoenix/?utm_source=google&utm_medium=organic&utm_campaign=gbp,pella.com,+1 480-571-6199,"801 South 75th Avenue Ste 100, Phoenix, AZ 85043, United States",4.1,33,YES,installs/replaces windows; insulated glass unit work; named window styles; pane glazing work; replacement windows; window product line; window replacement/installation; windows & doors,False,ow Inspiration By Color By Style By Room By Shape All Window Inspiration Window Resources Window Education Window Replacement Before & After Projects Ratings & Reviews Features & Options Window DIY Doors keyboard_ar,site scrape,YES,,https://www.pella.com/ | https://www.pella.com/ideas/windows/replacement/window-installation-what-to-expect/ | https://www.pella.com/ideas/windows/replacement/shopping-for-replacement-windows/ | https://www.pella.com/ideas/windows/replacement/
Austin Roofing Company Yes,https://austinroofingcompany.com/,austinroofingcompany.com,+1 512-640-2658,"807 Brazos St #403, Austin, TX 78701, United States",5,62,NO,no window installation or repair signal on site,False,,site scrape,NO,,https://austinroofingcompany.com/ | https://austinroofingcompany.com/services/roof-installation-austin-tx | https://austinroofingcompany.com/services/roof-replacement-austin-tx | https://austinroofingcompany.com/services/commercial-roofing-austin-tx
Everglade Screen and Window Yes,https://evergladescreenandwindow.com/,evergladescreenandwindow.com,+1 954-371-0498,"807 NE 4th Ave, Fort Lauderdale, FL 33304, United States",4.9,101,YES,window replacement/installation,False,") 371-0498 (305) 280-7331 Email Copyright Privacy  Project Photos | Everglade Screen and Window Screen Enclosure Installation in South Florida Serving Broward county, Palm Beach county and Monroe county Services Rev",site scrape,YES,,https://evergladescreenandwindow.com/ | https://evergladescreenandwindow.com/gallery | https://evergladescreenandwindow.com/recent-projects
Closet Factory Yes,https://www.closetfactory.com/locations/austin/?utm_source=google&utm_medium=organic&utm_campaign=google_business_profile&utm_content=austin_tx,closetfactory.com,+1 512-541-1314,"8112 Ferguson Cutoff, Austin, TX 78724, United States",4.8,88,NO,no window installation or repair signal on site,False,,site scrape,NO,,https://www.closetfactory.com/ | https://www.closetfactory.com/our-process/expert-install/
Pro Tech Construction Inc Yes,https://protechconst.net/,protechconst.net,+1 512-720-8303,"812 Farm to Market 1626, Austin, TX 78748, United States",4.7,83,YES,commercial storefront glazing,False,"Limewash works well on homes, storefronts, and large-scale commercial exteriors.",site scrape,YES,,https://protechconst.net/ | https://protechconst.net/service/austin-commercial-construction/ | https://protechconst.net/service/austin-design-services/ | https://protechconst.net/service/austin-general-contracting/
Texas Doors and Windows Yes,http://www.txdoorsandwindows.com/,txdoorsandwindows.com,+1 512-912-6898,"812 Tradesmens Park Loop, Hutto, TX 78634, United States",4.7,25,YES,installs/replaces windows; insulated glass unit work; replacement windows; window product line; window replacement/installation; windows & doors,False,"With our specialization in window and door replacements, we’ve built a reputation for delivering quality work at competitive prices.",site scrape,YES,,https://txdoorsandwindows.com/ | https://txdoorsandwindows.com/window-services/ | https://txdoorsandwindows.com/all-door-services/ | https://txdoorsandwindows.com/round-rock-services/
Don Young Co Yes,http://www.dycwindows.com/,dycwindows.com,+1 214-630-0934,"8181 Ambassador Row, Dallas, TX 75247, United States",4.2,60,YES,installs/replaces windows; named window styles; window product line; windows & doors,False,"For nearly 50 years, DYC has manufactured premium aluminum and vinyl windows and doors, engineered for the heat, storms, and pressure of Southern climates.",site scrape,YES,,https://www.dycwindows.com/
Tintxpress Mobile Tinting Yes,http://tintxpress.square.site/,tintxpress.square.site,+1 512-695-8983,"8201 Cross Park Dr, Austin, TX 78754, United States",4.8,41,NO,window tint/film only,False,,name/review keywords,UNKNOWN,,https://tintxpress.square.site/
Valencia Remodeling and Construction Yes,http://www.valenciaremodeling.com/,valenciaremodeling.com,+1 469-656-5402,"8204 Elmbrook Dr #205, Dallas, TX 75247, United States",4.9,35,YES,window product line; windows & doors,False,""" Carolyn D Arlington, TX ""I got a great deal on new windows.",site scrape,YES,,https://www.valenciaremodeling.com/ | https://www.valenciaremodeling.com/services | https://www.valenciaremodeling.com/services/roofing-services | https://www.valenciaremodeling.com/services/kitchen-remodeling
Tableaux Architectural Panels Yes,https://tableaux.com/,tableaux.com,+1 512-926-6346,"8212 Bagby Dr, Austin, TX 78724, United States",5,51,NEEDS_REVIEW,insufficient signal,False,,"no site, no research",UNKNOWN,,https://tableaux.com/
Austinstx.com Yes,https://austinstx.com/,austinstx.com,+1 512-865-9703,"8216 Georgian Dr, Austin, TX 78753, United States",4.6,4621,NO,vehicle glass,True,rience. REQUEST A QUOTE What We Specialize In OUR SERVICES REQUEST A QUOTE WINDOW TINTING WINDSHIELD REPAIR WINDSHIELD REPLACEMENT CAR AUDIO INSTALLATION CAR ALARMS FAST SERVICE Recent Vehic,site scrape,NO,,https://austinstx.com/
Austin Roofing Company & Handyman Yes,https://austinlocalroofing.com/,austinlocalroofing.com,+1 512-259-5265,"823 Congress Ave Ste 300, Austin, TX 78701, United States",4.9,48,NO,no window installation or repair signal on site,False,,site scrape,NO,,https://austinlocalroofing.com/ | https://austinlocalroofing.com/austin-roofing-services/austin-roof-installation | https://austinlocalroofing.com/austin-roofing-services/austin-commercial-roofing | https://austinlocalroofing.com/austin-roofing-services/austin-roof-inspection
Custom Sounds & Tint - Burnet Rd Yes,https://www.customsounds.com/locations/8241-burnet-rd-austin-tx-78757,customsounds.com,+1 512-380-1444,"8241 Burnet Rd, Austin, TX 78757, United States",4,398,NEEDS_REVIEW,insufficient signal,False,,"no site, no research",UNREACHABLE,,
Luxury Auto Works Yes,https://luxuryautoworks.com/location-austin/?utm_campaign=gmb&utm_medium=organic&utm_source=google,luxuryautoworks.com,+1 512-881-8376,"8300 N Lamar Blvd #100, Austin, TX 78753, United States",4.7,861,NO,vehicle glass,True,ce 4-Wheel Alignment ABS Light Diagnosis ABS Repair AC Compressor Replacement AC Recharge ADAS Calibration Air Filter Replacement Airbag Light Diagnosis Alternator Replacement Annual S,site scrape,NO,,https://luxuryautoworks.com/ | https://luxuryautoworks.com/service-repair/ | https://luxuryautoworks.com/audi-service/ | https://luxuryautoworks.com/aston-martin-service/
Alside Yes,https://www.alside.com/,alside.com,+1 512-926-6249,"8301 Springdale Rd Ste 100, Austin, TX 78724, United States",4.1,28,YES,installs/replaces windows; insulated glass unit work; named window styles; replacement windows; window product line; window replacement/installation,False,tive Accents Exterior Accents Home > Products > Windows & Patio Doors > Vinyl Replacement Windows Vinyl Replacement Windows Vinyl replacement windows have emerged as a popular choice for homeowners seeking,site scrape,YES,,https://www.alside.com/ | https://www.alside.com/product-catalog/vinyl-replacement-windows/ | https://www.alside.com/product-catalog/windows-patio-doors/insulated-glass-packages-energy-star-rated-windows/ | https://www.alside.com/product-catalog/windows-patio-doors/
All City Cleaning Yes,https://verdesolutions.squarespace.com/,verdesolutions.squarespace.com,+1 737-291-5208,"8303 Cedar Elm Trail, Austin, TX 78735, United States",5,2,NEEDS_REVIEW,insufficient signal,False,,"no site, no research",UNREACHABLE,,
7 Stars European Auto Yes,https://7starseuropeanauto.com/,7starseuropeanauto.com,+1 214-242-9420,"8330 Harry Hines Blvd, Dallas, TX 75235, United States",5,48,NO,no window installation or repair signal on site,False,,site scrape,NO,,https://7starseuropeanauto.com/ | https://7starseuropeanauto.com/service/ac-service-and-repairs/ | https://7starseuropeanauto.com/service/engine-replacement-and-repair/ | https://7starseuropeanauto.com/service/transmission-replacement-and-repair/
Green Bear Solutions Yes,https://www.greenbearsolutions.com/,greenbearsolutions.com,+1 888-455-4220,"8330 Lyndon B Johnson Fwy #500, Dallas, TX 75243, United States",4.5,46,NO,no window installation or repair signal on site,False,,site scrape,NO,,https://greenbearsolutions.com/ | https://greenbearsolutions.com/services
Blue Hammer Roofing Yes,https://bluehammerroofing.com/areas-served/dallas/?utm_campaign=gmb&utm_medium=organic&utm_source=google,bluehammerroofing.com,+1 469-564-8357,"8330 Lyndon B Johnson Fwy B604, Dallas, TX 75243, United States",4.9,1307,NO,no window installation or repair signal on site,False,,site scrape,NO,YES,https://bluehammerroofing.com/ | https://bluehammerroofing.com/residential/residential-roof-replacement/ | https://bluehammerroofing.com/commercial/commercial-roof-replacement/ | https://bluehammerroofing.com/storm-repair/commercial-storm-damage-repair-services/
JUST ROOF GENERAL CONTRACTORS LLC Yes,https://roofremodelingsolution.com/,roofremodelingsolution.com,+1 469-797-6747,"8330 Lyndon B Johnson Fwy Ste 678, Dallas, TX 75243, United States",4.8,77,NO,no window installation or repair signal on site,False,,site scrape,NO,YES,https://www.roofremodelingsolution.com/
The Sliding Door Company Fort Lauderdale *Appointments Recommended* Yes,https://www.slidingdoorco.com/ft-lauderdale/,slidingdoorco.com,+1 954-923-7504,"850 NE 13th St A, Fort Lauderdale, FL 33304, United States",4.9,67,YES,window product line,False,ents. SUBMIT Call Now: 888.988.5033 Get a Quote BACK TO TOP LOCATIONS CATALOGS opens in a new window DESIGN YOUR OWN FINANCING Facebook-f Instagram Youtube X-twitter Linkedin-in Pinterest PR,site scrape,LIKELY,,https://www.slidingdoorco.com/ | https://www.slidingdoorco.com/service/ | https://www.slidingdoorco.com/commercial/ | https://www.slidingdoorco.com/residential/
Mr. Electric of Dallas Yes,https://www.mrelectricdallas.com/,mrelectricdallas.com,+1 469-634-0316,"8500 N Stemmons Fwy Suite #3024, Dallas, TX 75247, United States",4.8,1396,YES,insulated glass unit work,False,We don't send out technicians who need to figure things out as they go.,site scrape,YES,,https://www.mrelectricdallas.com/ | https://www.mrelectricdallas.com/commercial-service | https://www.mrelectricdallas.com/ceiling-fan-installation-repair-replacement-dallas-tx | https://www.mrelectricdallas.com/circuit-installation-and-upgrade-dallas-tx
North Face Exterior Yes,https://northfaceexterior.com/,northfaceexterior.com,+1 512-893-8354,"8600 N FM 620 Ste.2845, Austin, TX 78726, United States",5,52,NO,no window installation or repair signal on site,False,,site scrape,NO,,https://northfaceexterior.com/ | https://northfaceexterior.com/roofing-residential-commercial-services-in-buda-tx/ | https://northfaceexterior.com/roofing-residential-commercial-services-in-copperas-cove-tx/
Tint World Yes,http://www.tintworld.com/locations/tx/austin-043/,tintworld.com,+1 512-593-5000,"8605 Burnet Rd STE 200, Austin, TX 78757, United States",4.8,665,NO,window tint/film; window treatments,False,Tint World | Automotive Services & Window Tinting Centers Auto Styling Headquarters Tint • Electronics • Coating • Lighting • Wraps Resi,site scrape,NO,,https://www.tintworld.com/ | https://www.tintworld.com/services/commercial-services/window-tint-installation/ | https://www.tintworld.com/services/commercial-services/commercial-solar-window-film/ | https://www.tintworld.com/services/residential-services/window-security-film/
PeakLine Siding Yes,https://peaklinesiding.repair/,peaklinesiding.repair,+1 512-982-9819,"8605 Cureton Cove, Austin, TX 78747, United States",5,2,NO,no window installation or repair signal on site,False,,site scrape,NO,,https://peaklinesiding.repair/
Revive Film Solutions Yes,https://www.revivefilmsolutions.com/?utm_source=google&utm_medium=wix_google_business_profile&utm_campaign=2737260200148339736,revivefilmsolutions.com,+1 972-803-6048,"8607 Ambassador Row Ste 170a, Dallas, TX 75247, United States",5,4,YES,commercial storefront glazing,False,rformance Enhance architectural aesthetics 03 Interactive Retail Displays Create engaging storefront experiences Switch between transparent product showcases and opaque promotional displays,site scrape,YES,,https://revivefilmsolutions.com/ | https://revivefilmsolutions.com/smart-film-residential-solutions-smart-glass-technology-smart-windows/ | https://revivefilmsolutions.com/commercial-solutions-smart-glass-technolgy-in-dallas-texas/ | https://revivefilmsolutions.com/switchable-glass-technology-smart-glass-technology-smartfilm-nanofilm/
ARS / Rescue Rooter Yes,https://www.ars.com/austin?utm_source=google&utm_medium=gbp&utm_campaign=local_seo&utm_content=gbp_website_click,ars.com,+1 254-434-2444,"8619 Wall St Ste 600, Austin, TX 78754, United States",4.4,5192,NO,no window installation or repair signal on site,False,,site scrape,NO,,https://www.ars.com/ | https://www.ars.com/commercial-services/plumbing | https://www.ars.com/electrical-services/wiring-services | https://www.ars.com/electrical-services/ceiling-fan-installation
Epic Septic of Austin Yes,https://www.epicseptic.com/,epicseptic.com,+1 877-771-3742,"8626 Old Bee Caves Rd Unit A, Austin, TX 78735, United States",5,217,YES,insulated glass unit work,False,"04 Expert Installation Services Excavation, precise tank placement, drainfield configuration, and every connection dialed in.",site scrape,YES,,https://epicseptic.com/ | https://epicseptic.com/services/residential-septic-design-installations/ | https://epicseptic.com/services/commercial-septic-tank-installations/ | https://epicseptic.com/services/commercial-grinder-pump-service/
Door Outlet Yes,http://www.dooroutlet.biz/,dooroutlet.biz,+1 512-551-2904,"8701 Research Blvd, Austin, TX 78758, United States",4.1,79,NO,no window installation or repair signal on site,False,,site scrape,NO,,https://www.dooroutlet.biz/
Austin Film Solutions Yes,https://www.austinfilmsolutions.com/,austinfilmsolutions.com,+1 737-610-4426,"8711 Burnet Rd Ste B33, Austin, TX 78757, United States",5,58,NO,window tint/film,False,Austin Film Solutions Skip to Content Open Menu Close Menu Paint Protection Film Window Tint Ceramic Coating Tesla Home Window Tint Events Contact About Us AFS Shop Gallery 0 0 Get Q,site scrape,NO,,https://www.austinfilmsolutions.com/ | https://www.austinfilmsolutions.com/car-window-tint | https://www.austinfilmsolutions.com/home-window-tint
Capitol Company Yes,http://www.capitolcompany.com/,capitolcompany.com,+1 512-836-9654,"8723 N Lamar Blvd, Austin, TX 78753, United States",4.9,111,NO,no window installation or repair signal on site,False,,site scrape,NO,,https://www.capitolcompany.com/ | https://www.capitolcompany.com/sheet-metal
Gerber Collision & Glass Yes,https://www.gerbercollision.com/locations/dallas-king-george-dr-tx?utm_source=SEO_Local&utm_medium=SEO_Local_Snack_Pack&utm_campaign=TX&utm_content=Dallas-King-George,gerbercollision.com,+1 214-396-8510,"8730 King George Dr, Dallas, TX 75235, United States",4.1,119,NO,vehicle glass only,True,Collision Repair / Auto Glass | Gerber Collision & Glass Collision Repair / Auto Body / Auto Glass 1-877-7 GERBER Toggl,site scrape,NO,,https://www.gerbercollision.com/ | https://www.gerbercollision.com/auto-glass/windshield-replacement | https://www.gerbercollision.com/auto-glass/mobile-auto-glass | https://www.gerbercollision.com/auto-glass
Legacy Exteriors Yes,https://www.legacyexteriors.com/,legacyexteriors.com,+1 817-751-4460,"8801 Davis Blvd Ste 2E, Keller, TX 76248, United States",4.9,63,YES,installs/replaces windows; pane glazing work; replacement windows; window product line; window replacement/installation,False,Window Replacement DFW: Upgrade Your Old Drafty Windows!,site scrape,YES,,https://www.legacyexteriors.com/
Solar Screens by Josh Yes,https://solarscreensbyjosh.info/,solarscreensbyjosh.info,+1 512-876-8102,"8803 Tallwood Dr, Austin, TX 78759, United States",5,56,NO,window tint/film; window treatments,False,"ar Window Screens Austin TX Texas | Roll UP Patio Shades | Window Screens Skip to content Solar Screens by Josh, Austin, TX Austin Texas Solar Window Screen, Patio Solar Roller Shade, Business",site scrape,NO,,https://solarscreensbyjosh.info/ | https://solarscreensbyjosh.info/live-in-austin-tx-and-need-new-replacement-window-screens/ | https://solarscreensbyjosh.info/31-austin-tx-solar-window-screens/ | https://solarscreensbyjosh.info/insect-bug-window-screens/
Thermal Windows Yes,http://www.thermalwindowsdfw.com/,thermalwindowsdfw.com,+1 214-630-5885,"8808 Empress Row, Dallas, TX 75247, United States",4.6,122,YES,installs/replaces windows; named window styles; replacement windows; window product line; windows & doors,False,"d Install DALLAS WINDOW COMPANY | TRULY FACTORY DIRECT WINDOWS Custom made to fit right replacement windows We make your replacement windows right here in our Dallas, Texas factory.",site scrape,YES,,https://www.thermalwindowsdfw.com/ | https://www.thermalwindowsdfw.com/fiberglass-windows/ | https://www.thermalwindowsdfw.com/replacement-windows/ | https://www.thermalwindowsdfw.com/fiberglass/
A+ Renovations Yes,https://aplusrenovations.org/,aplusrenovations.org,+1 512-351-8360,"8818 Shoal Creek Blvd, Austin, TX 78757, United States",4.5,31,NO,no window installation or repair signal on site,False,,site scrape,NO,,https://aplusrenovations.org/
Alamo Austin Air Conditioning & Heating Yes,https://www.alamoaustinair.com/?utm_source=google+business+listing&utm_medium=organic&utm_campaign=click+to+website,alamoaustinair.com,+1 512-537-0108,"8819 Jim Davis Pl, Austin, TX 78736, United States",5,1190,NO,no window installation or repair signal on site,False,,site scrape,NO,,https://www.alamoaustinair.com/ | https://www.alamoaustinair.com/residential/attic-insulation-services/ | https://www.alamoaustinair.com/request-service/ | https://www.alamoaustinair.com/residential/
Jacobs Low Price Auto Glass Yes,https://lowpriceautoglass49.com/,lowpriceautoglass49.com,+1 214-372-9300,"8835 S Central Expy, Dallas, TX 75241, United States",4.8,750,NO,vehicle glass,True,Windshield Replacement in Dallas | Low Price Auto Glass Jacobs Low Price Auto Glass PHONE: 214.,site scrape,NO,,https://www.lowpriceautoglass49.com/ | https://www.lowpriceautoglass49.com/power-window-repair/ | https://www.lowpriceautoglass49.com/windshield-replacement-dallas/ | https://www.lowpriceautoglass49.com/specialized-glass-repair-dallas-texas/
Total Home Technologies Yes,https://www.totalhometx.com/,totalhometx.com,+1 512-991-0567,"8900 Shoal Creek Blvd Ste 111, Austin, TX 78757, United States",4.9,9,NO,window treatments,False,"ensive solutions redefine modern living by seamlessly integrating audio, video, automatic blinds and motorized shades, home automation, home theaters, home networking, smart lighting, an",site scrape,NO,,https://www.totalhometx.com/ | https://www.totalhometx.com/residential-solutions/motorized-shades | https://www.totalhometx.com/residential-solutions | https://www.totalhometx.com/service
Shades Austin Yes,https://www.shadesaustin.com/,shadesaustin.com,+1 512-991-2024,"8900 Shoal Creek Blvd Ste 111, Austin, TX 78757, United States",5,10,NO,blinds/shades/shutters/drapery (window treatments),False,,name/review keywords,UNREACHABLE,,
JP Exteriors Yes,https://jpexteriorstx.com/?utm_source=googlebusinessprofile&utm_medium=organic&promo=gbp,jpexteriorstx.com,+1 512-960-3191,"8906 Wall St #201, Austin, TX 78754, United States",4.9,619,YES,installs/replaces windows; insulated glass unit work; named window styles; pane glazing work; replacement windows; window product line; window replacement/installation; windows & doors,False,mes Hardie Siding Siding Replacement Costs Soffits & Fascia Windows Doors Windows & Doors Windows Window Replacement Window Styles Window Installation Cost of Window Replacement Andersen Windows Pella Windo,site scrape,YES,,https://www.jpexteriorstx.com/ | https://www.jpexteriorstx.com/windows/window-replacement/ | https://www.jpexteriorstx.com/windows/window-replacement-cost/ | https://www.jpexteriorstx.com/windows/installation/
Miracle Method Surface Refinishing Yes,https://www.miraclemethod.com/austin?utm_source=gmb&utm_medium=organic,miraclemethod.com,+1 512-588-5693,"8906 Wall St #501, Austin, TX 78754, United States",4.9,394,NO,no window installation or repair signal on site,False,,site scrape,NO,,https://www.miraclemethod.com/ | https://www.miraclemethod.com/fiberglass-bathtub-refinishing.htm | https://www.miraclemethod.com/commercial
Accurate Auto Glass Yes,http://pflugervillecarwindows.com/,pflugervillecarwindows.com,+1 512-961-9432,"8906 Wall St Ste 807, Austin, TX 78754, United States",5,2,NEEDS_REVIEW,"auto-glass name, but may also do building glass — must verify",False,,"no site, no research",UNREACHABLE,,
Chip Happens Windshield Repair Yes,http://chiphappensatx.com/,chiphappensatx.com,+1 737-326-3477,"8912 Schick Rd A, Austin, TX 78729, United States",5,15,NO,vehicle glass only,True,Chip Happens Windshield Repair | Windshield replacement austin top of page Servicing Travis and Williamson County,site scrape,NO,,https://www.chiphappensatx.com/
Tiny Homes ATX Yes,https://www.tinyhomesatx.com/,tinyhomesatx.com,+1 737-208-1055,"8925 FM973, Austin, TX 78719, United States",5,16,NO,no window installation or repair signal on site,False,,site scrape,NO,,https://tinyhomesatx.com/
AAPEX Garage Door Repair Services Yes,https://aapexgaterepair.com/,aapexgaterepair.com,+1 469-573-1089,"8985 Vantage Point Dr, Dallas, TX 75243, United States",4.7,57,NO,no window installation or repair signal on site,False,,site scrape,NO,,https://aapexgaterepair.com/ | https://aapexgaterepair.com/Garage-door-service | https://aapexgaterepair.com/Service-2
Builders Bargain Yes,http://www.builders-bargain.com/,builders-bargain.com,+1 954-522-1900,"900 NE 3rd Ave, Fort Lauderdale, FL 33304, United States",4.2,245,YES,commercial storefront glazing; insulated glass unit work; named window styles; window product line; windows & doors,False,"surance premiums, giving homeowners peace of mind during storms or everyday use. Durable, Energy-Efficient Windows and Doors for Every Home In addition to enhancing the beauty and safety of your home, ins",site scrape,YES,,https://www.builders-bargain.com/ | https://www.builders-bargain.com/commercial-glass-doors | https://www.builders-bargain.com/about-commercial-windows-suppliers | https://www.builders-bargain.com/commercial-metal-doors-warehouse
Affordable Impact Windows Fort Lauderdale Yes,https://www.affordableimpactwindowsfl.com/,affordableimpactwindowsfl.com,+1 954-564-7375,"900 NE 3rd Ave, Fort Lauderdale, FL 33304, United States",4.6,4619,YES,window product line; windows & doors,True,"Impact Windows – Fort Lauderdale, FL – Affordable Impact Windows Fort Lauderdale HOME AFFORDABLE IMPACT",site scrape,YES,,https://www.affordableimpactwindowsfl.com/ | https://www.affordableimpactwindowsfl.com/affordable-impact-windows | https://www.affordableimpactwindowsfl.com/affordable-impact-doors
Atrium Windows & Doors - Cornerstone Building Brands Yes,http://www.atrium.com/,atrium.com,+1 800-846-9556,"9001 Ambassador Row, Dallas, TX 75247, United States",3.9,91,YES,installs/replaces windows; named window styles; replacement windows; window product line; windows & doors,False,"and door lineup through a curated collection of product videos. From new construction and replacement windows to sliding patio doors, each video highlights the thoughtful design, dependable performan",site scrape,YES,,https://www.atrium.com/ | https://www.atrium.com/windows/ | https://www.atrium.com/window-basics/windows-buyers-guide/ | https://www.atrium.com/our-story-atrium-windows-doors/
Ply Gem - Cornerstone Building Brands Yes,http://www.plygem.com/,plygem.com,+1 888-975-9436,"9001 Ambassador Row, Dallas, TX 75247, United States",1.6,54,YES,installs/replaces windows; insulated glass unit work; named window styles; replacement windows; window product line; window replacement/installation; windows & doors,False,Series 200 Vinyl Sliding Window Feature Sheet West Pro Series 700 Vinyl Casement & Awning Window Feature Sheet Installation Guides 1500 Series Mulling Instructions Beveled Frame 1500 Series Screen Kit Field Instal,site scrape,YES,YES,"https://www.plygem.com/ | https://www.plygem.com/product-literature/?sideid=mastic-installation-guides,variform-installation-guides,siding-installation-guides,windows-installation-guides,doors-installation-guides,stone-installation-guides,trim-installation-guides,fence-installation-guides,shutters-installation-guides,metal-installation-guides | https://www.plygem.com/product-literature?sideid=siding-installation-guides,mastic-installation-guides,variform-installation-guides,windows-installation-guides,doors-installation-guides,stone-installation-guides,trim-installation-guides,fence-installation-guides,shutters-installation-guides,metal-installation-guides | https://www.plygem.com/product-literature/?sideid=windows-installation-guides,doors-installation-guides,stone-installation-guides,trim-installation-guides,fence-installation-guides,shutters-installation-guides,metal-installation-guides"
Ross Revival Yes,https://rossrevival.com/,rossrevival.com,+1 469-212-0722,"9007 San Benito Way, Dallas, TX 75218, United States",0,0,YES,installs/replaces windows; pane glazing work; reglazing; replacement windows; window product line; window replacement/installation,False,s Outrageous Energy Costs Street Noise Inconsistent Temperatures Throughout The Year FULL WINDOW REPLACEMENT ISN’T YOUR ONLY OPTION!,site scrape,YES,,https://www.rossrevival.com/ | https://www.rossrevival.com/stormwindows | https://www.rossrevival.com/ourservices
Enso Homes Yes,https://ensohomes.com/,ensohomes.com,+1 512-888-7000,"9010 Circle Dr, Austin, TX 78736, United States",5,27,YES,windows & doors,False,"e whose backyard finally caught up: a shou sugi ban deck and fence, black steel windows and doors, the pool resurfaced in black stone, and prairie grass where irrigation used to be.",site scrape,YES,,https://ensohomes.com/ | https://ensohomes.com/project-stories/coming-soon/
ABC Home & Commercial Services Yes,https://www.abchomeandcommercial.com/austin/lawn-service/landscaping-design,abchomeandcommercial.com,+1 512-220-7705,"9016 Old Manor Rd, Austin, TX 78724, United States",4.9,876,YES,window product line,False,Awards & Expertise Opens in a new window.,site scrape,LIKELY,,https://www.abchomeandcommercial.com/ | https://www.abchomeandcommercial.com/commercial | https://www.abchomeandcommercial.com/austin
HG&Co Home Improvement Yes,https://hgcompany.net/,hgcompany.net,+1 214-660-7663,"9019 Garland Rd, Dallas, TX 75218, United States",5,86,NO,no window installation or repair signal on site,False,,site scrape,NO,,https://www.hgcompany.net/ | https://www.hgcompany.net/service-areas/
RSJ Window Tint Yes,http://rsjwindowtint.com/,rsjwindowtint.com,+1 469-855-7636,"902 S Peak St Ste c, Dallas, TX 75223, United States",4.9,123,NO,window tint/film,True,"#1 Window Tint Shop in Dallas Texas | Auto, Residential, & Commercial Home Store About Us Services Windo",site scrape,NO,,https://rsjwindowtint.com/ | https://rsjwindowtint.com/windowfilmsinstallation | https://rsjwindowtint.com/windowtinting | https://rsjwindowtint.com/automotivewindowfilms
OnCall Home and Commercial Services Yes,http://www.oncallaustin.com/,oncallaustin.com,+1 512-703-7302,"9029 Research Blvd #500, Austin, TX 78758, United States",5,22,NO,no window installation or repair signal on site,False,,site scrape,NO,,https://www.oncallaustin.com/ | https://www.oncallaustin.com/commercialconstruction | https://www.oncallaustin.com/services
BrightWing Custom Exteriors Yes,http://www.brightwingcustom.com/,brightwingcustom.com,+1 512-323-0124,"9086 Jollyville Rd, Austin, TX 78759, United States",5,36,YES,installs/replaces windows; replacement windows; window product line; window replacement/installation; windows & doors,False,"nstallation to create a custom Hardie-Plank installation for your home. Learn More Austin Window Replacement & Installation If you are considering upgrading your windows to a modern, energy-efficien",site scrape,YES,,https://brightwingcustom.com/ | https://brightwingcustom.com/windows/
Lakewood Window Cleaning Yes,https://lakewoodwindowcleaning.com/,lakewoodwindowcleaning.com,+1 214-223-8846,"9105 Westglen Dr, Dallas, TX 75228, United States",4.8,163,NO,window cleaning,False,Lakewood Window Cleaning: Professional Window Cleaning Services in Dallas (214) 223-8846 Client Login Request F,site scrape,NO,,https://lakewoodwindowcleaning.com/ | https://lakewoodwindowcleaning.com/services/window-cleaning-services | https://lakewoodwindowcleaning.com/services/pressure-washing-services | https://lakewoodwindowcleaning.com/services/screen-and-fixture-cleaning
Smart Home Exteriors Yes,http://www.smarthomeexteriors.com/,smarthomeexteriors.com,+1 779-210-4096,"915 S Alpine Rd, Rockford, IL 61108, United States",4.6,4655,YES,installs/replaces windows; insulated glass unit work; named window styles; pane glazing work; replacement windows; window product line; window replacement/installation; windows & doors,False,Learn More Windows & Doors Energy-efficient window and door replacements for improved comfort and performance.,site scrape,YES,,https://smarthomeexteriors.com/home | https://smarthomeexteriors.com/services/windows-doors | https://smarthomeexteriors.com/services/roofing | https://smarthomeexteriors.com/service-area
Arrow Glass and Mirror Yes,https://glassgang.com/,glassgang.com,+1 512-339-4888,"9201 Brown Ln Suite 280, Austin, TX 78754, United States",4.3,33,YES,building glass replacement; commercial storefront glazing; window product line; window replacement/installation; windows & doors,False,"hower Enclosures to Insulated Window Glass See what we have to offer Custom Glass Showers Window Glass Replacement Mirrors and Vanity Glass Commercial Glass & Glazing Ground up construction, Remodel/Renov",site scrape,YES,,https://glassgang.com/ | https://glassgang.com/pages/insulated-window-glass-and-door-glass | https://glassgang.com/pages/commercial-glass-and-glazing
The Front Door Company Yes,https://thefrontdoorco.com/,thefrontdoorco.com,+1 512-459-9034,"9222 Burnet Rd #104, Austin, TX 78758, United States",4.7,126,NO,no window installation or repair signal on site,False,,site scrape,NO,,https://www.thefrontdoorco.com/ | https://www.thefrontdoorco.com/decorative-glass-wood-door-gallery/ | https://www.thefrontdoorco.com/fiberglass-entry-door-gallery/ | https://www.thefrontdoorco.com/decorative-glass-select/
Quality Screen Co. Yes,https://www.qualitywindowscreen.com/,qualitywindowscreen.com,+1 469-342-1365,"9259 King Arthur Dr, Dallas, TX 75247, United States",3.9,46,YES,installs/replaces windows; replacement windows; window product line; window replacement/installation,False,Window Screen Replacements - Quality Screen Company Window And Solar Screen Replacements Supplier & Manufacturer of,site scrape,YES,YES,https://www.qualitywindowscreen.com/ | https://www.qualitywindowscreen.com/store/custom-fiberglass-window-screens-p-221.html | https://www.qualitywindowscreen.com/all-window-screens.html | https://www.qualitywindowscreen.com/store/custom-window-screens-c-100.html
Ideal Property Solutions Yes,https://www.ipsroofs.com/,ipsroofs.com,+1 815-597-0707,"929 S Alpine Rd #201, Rockford, IL 61108, United States",4.9,296,YES,installs/replaces windows; replacement windows; window product line; window replacement/installation,False,nsurance Restoration Insurance Claims Reviews Blog Contact Us Call Map Hours Professional Window Replacement Free Estimates | 30 Year Warranty We Work With Your Insurance Free Estimates Available Wi,site scrape,YES,,https://ipsroofs.com/ | https://ipsroofs.com/windows | https://ipsroofs.com/our-services
Prestige auto repairs & tires Fort Lauderdale Yes,https://www.prestige.tires/,prestige.tires,+1 954-562-8045,"930 NE 4th Ave, Fort Lauderdale, FL 33304, United States",4.9,134,NEEDS_REVIEW,insufficient signal,False,,"no site, no research",UNREACHABLE,,
All Nation Restoration Yes,https://www.allnationrestoration.com/?utm_source=GMB,allnationrestoration.com,+1 512-540-8434,"9301 US-290 Ste 104, Austin, TX 78736, United States",4.9,267,NO,window cleaning; window tint/film; window treatments,False,"al Fire Damage Demolition Dumpster Rentals Equipment Rentals Biohazard Cleanup Commercial Pressure Washing Other Message Send Your Trusted Provider for Water Restoration, Mold Remediation, and",site scrape,NO,,https://www.allnationrestoration.com/ | https://www.allnationrestoration.com/mold-removal-services/ | https://www.allnationrestoration.com/demolition/ | https://www.allnationrestoration.com/biohazard-cleanup-service/
CUSTOM SECURITY DOORS / AAA CUSTOM WINDOWS Yes,https://customsecuritydoorsandwindows.com/,customsecuritydoorsandwindows.com,+1 214-340-0078,"9310 Forest Ln #206, Dallas, TX 75243, United States",4.7,18,YES,installs/replaces windows; insulated glass unit work; pane glazing work; replacement windows; window product line; window replacement/installation,False,ors Patio Doors Aluminum Storm Doors Entry Doors Steel Entry Doors Fiberglass Entry Doors WINDOWS Replacement Windows Vinyl Replacement Windows Aluminum Replacement Windows Storm Windows FOLDING GATE,site scrape,YES,,https://www.customsecuritydoorsandwindows.com/ | https://www.customsecuritydoorsandwindows.com/windows/replacement-windows | https://www.customsecuritydoorsandwindows.com/windows/replacement-windows/vinyl | https://www.customsecuritydoorsandwindows.com/windows/replacement-windows/aluminum
Burglar Bars in Dallas Yes,https://www.burglarbarsindallas.com/,burglarbarsindallas.com,+1 214-340-0078,"9310 Forest Ln #206, Dallas, TX 75243, United States",4.5,4,YES,installs/replaces windows; insulated glass unit work; pane glazing work; replacement windows; window product line; window replacement/installation,False,ors Patio Doors Aluminum Storm Doors Entry Doors Steel Entry Doors Fiberglass Entry Doors WINDOWS Replacement Windows Vinyl Replacement Windows Aluminum Replacement Windows Storm Windows FOLDING GATE,site scrape,YES,,https://www.customsecuritydoorsandwindows.com/ | https://www.customsecuritydoorsandwindows.com/windows/replacement-windows | https://www.customsecuritydoorsandwindows.com/windows/replacement-windows/vinyl | https://www.customsecuritydoorsandwindows.com/windows/replacement-windows/aluminum
Westlake Power Washing Yes,https://westlakepowerwashing.com/,westlakepowerwashing.com,+1 512-280-1649,"9313 Circle Dr Suite A, Austin, TX 78736, United States",4.9,210,NO,window cleaning,False,"Westlake Power Washing | Pressure Washing Austin, TX Skip to content Call us: (512) 280-1649 Get Free Estimat",site scrape,NO,,https://westlakepowerwashing.com/ | https://westlakepowerwashing.com/residential/ | https://westlakepowerwashing.com/commercial/
Exclusive Windows & Doors Yes,http://www.exclusivewindowsanddoors.com/,exclusivewindowsanddoors.com,+1 512-341-9282,"9324 Neils Thompson Dr, Austin, TX 78758, United States",4.6,11,YES,insulated glass unit work; window product line; windows & doors,False,"lient aluminum cladding, or any number of various species of wood inside & out, we have a wood window for every home.",site scrape,YES,,https://www.exclusivewindowsanddoors.com/ | https://www.exclusivewindowsanddoors.com/our-services/
Woodruff Windows Yes,https://woodruffwindows.com/location/garland-texas/,woodruffwindows.com,+1 214-390-9426,"9330 Lyndon B Johnson Fwy #900, Dallas, TX 75243, United States",5,5,YES,installs/replaces windows; insulated glass unit work; named window styles; pane glazing work; replacement windows; window product line; window replacement/installation; windows & doors,False,Window & Door Replacement McKinney TX | Woodruff Services Windows & Doors Window Replacement Door Replacement Our Brands Pella NT Windows Burris Windows Other Services Wood Windows Custom Windows Com,site scrape,YES,,https://woodruffwindows.com/ | https://woodruffwindows.com/service/window-replacement-installation/ | https://woodruffwindows.com/service/door-replacement-and-installation/ | https://woodruffwindows.com/service/window-door-services/
Window Film Depot - Home & Commercial Window Tint Yes,https://www.windowfilmdepot.com/locations/texas/dallas-fort-worth/,windowfilmdepot.com,+1 469-607-1480,"9330 Lyndon B Johnson Fwy #900, Dallas, TX 75243, United States",5,3,NO,window tint/film,False,3M™ Window Film Installation Company | Commercial Window Film & Tinting Skip to content Locations Careers,site scrape,NO,,https://www.windowfilmdepot.com/ | https://www.windowfilmdepot.com/solutions/glass-protection-products/spontaneous-glass-breakage-products/ | https://www.windowfilmdepot.com/solutions/decorative-products/window-graphics-products/ | https://www.windowfilmdepot.com/solutions/glass-protection-products/
T Rock Roofing & Contracting Yes,https://www.dallasroofer.com/,dallasroofer.com,+1 469-931-9867,"9330 Lyndon B Johnson Fwy #900, Dallas, TX 75243, United States",4.9,806,YES,insulated glass unit work; window replacement/installation,False,"handled all of my repairs from our tornado damage including damaged shingle replacement, window pane replacement, iron fence repair, exterior painting, and gutter install!",site scrape,YES,,https://dallasroofer.com/ | https://dallasroofer.com/roofingservices/ | https://dallasroofer.com/roof-replacement/ | https://dallasroofer.com/residentialrepairs/
Main Autoglass LLC Yes,https://www.mainautoglass.com/,mainautoglass.com,+1 512-698-2931,"937 Reinli St Ste 17, Austin, TX 78751, United States",4.2,60,NO,vehicle glass only,True,Home | Main Auto Glass LLC top of page HOME INSTANT ONLINE QUOTE CONTACT US How it works Step 1 Get a quote CALL,site scrape,NO,,https://www.mainautoglass.com/ | https://www.mainautoglass.com/online-quote
Sunn Window Cleaning Co Yes,https://www.sunnwindowcleaning.com/,sunnwindowcleaning.com,+1 512-444-5505,"937 Reinli St, Austin, TX 78751, United States",3,2,NO,window cleaning/washing,False,,name/review keywords,UNREACHABLE,,
Champion Replacement Windows of Austin Yes,https://www.championwindow.com/Austin/?utm_source=google&utm_medium=organic&utm_campaign=gmb_austin_localpage,championwindow.com,+1 512-961-8895,"9402 Business Dr, Austin, TX 78758, United States",4.2,94,YES,installs/replaces windows; insulated glass unit work; named window styles; replacement windows; window product line; window replacement/installation; windows & doors,False,chedule a Free Quote Call Us: 1-877-424-2674 Products Windows Sunrooms Vinyl Siding Doors Windows Replacement Windows Home Double-Hung Casement Sliding Bay & Bow Picture Garden Shaped Basement Hopper,site scrape,YES,,https://www.championwindow.com/ | https://www.championwindow.com/windows/styles/glass-block/ | https://www.championwindow.com/windows/installation/ | https://www.championwindow.com/windows/
Austin Custom Screens Yes,https://www.austinscreenshop.com/,austinscreenshop.com,+1 512-837-7081,"9407 Brown Ln, Austin, TX 78754, United States",4.8,26,NO,window tint/film,False,fect custom screen solution for your home or business. Our Services Hinge & Sliding Doors Solar Screens Patio Screen Enclosures Storm Doors & Windows Glass Doors Go to our Gallery Frame Colors,site scrape,NO,,https://www.austinscreenshop.com/
The Window Source of Austin Yes,https://www.windowsourceaustin.com/,windowsourceaustin.com,+1 512-524-9455,"9415 Burnet Rd Ste 309A, Austin, TX 78758, United States",5,0,YES,installs/replaces windows; insulated glass unit work; named window styles; pane glazing work; replacement windows; window product line; window replacement/installation,False,Financing Resources Contact Us Menu Request a Quote Top Quality Free Consultation The #1 Window Replacement Company in Austin Schedule Your Free Home Assessment First Name Last Name Email Phone Sen,site scrape,YES,,https://windowsourceaustin.com/ | https://windowsourceaustin.com/replacement-windows/awning-window/ | https://windowsourceaustin.com/replacement-windows/casement-window/ | https://windowsourceaustin.com/replacement-windows/double-hung-window/
Austin sign depot Yes,https://austinsigndepotusa.com/,austinsigndepotusa.com,+1 512-835-7446,"9421 Burnet Rd # A, Austin, TX 78758, United States",5,62,YES,commercial storefront glazing,False,"From storefronts to banners, we ensure your brand stands out in the open.",site scrape,YES,,https://austinsigndepotusa.com/ | https://austinsigndepotusa.com/services/
Pebblestone Homes Yes,http://www.pebblestonehomes.com/,pebblestonehomes.com,+1 469-426-7839,"9460 Waterview Rd, Dallas, TX 75218, United States",5,19,NO,no window installation or repair signal on site,False,,site scrape,NO,,https://www.pebblestonehomes.com/ | https://www.pebblestonehomes.com/Our-Services/Kitchen-Remodel
ABC Home & Commercial - HVAC Services Department Yes,https://www.abchomeandcommercial.com/austin/hvac-repair?utm_source=gmb&utm_medium=organic&utm_campaign=aus-hvac,abchomeandcommercial.com,+1 512-220-7668,"9475 US-290, Austin, TX 78724, United States",4.9,996,YES,window product line,False,Awards & Expertise Opens in a new window.,site scrape,LIKELY,,https://www.abchomeandcommercial.com/ | https://www.abchomeandcommercial.com/commercial | https://www.abchomeandcommercial.com/austin
ABC Home & Commercial Services - Pest Control Department Yes,https://www.abchomeandcommercial.com/austin/pest-control?utm_source=gmb&utm_medium=organic&utm_campaign=austin-pest,abchomeandcommercial.com,+1 512-837-9500,"9475 US-290, Austin, TX 78724, United States",4.8,5140,YES,window product line,False,Awards & Expertise Opens in a new window.,site scrape,LIKELY,,https://www.abchomeandcommercial.com/ | https://www.abchomeandcommercial.com/commercial | https://www.abchomeandcommercial.com/austin
Sterling Construction Yes,https://sterlingconstruction.com/,sterlingconstruction.com,+1 954-668-0245,"951 NW 35th Ct, Oakland Park, FL 33309, United States",4.3,13,YES,installs/replaces windows; replacement windows; window product line; window replacement/installation; windows & doors,False,"We are a family-owned and operated business specializing in impact window and door installations and replacements for residential, commercial, and high-rise properties.",site scrape,YES,,https://sterlingconstruction.com/ | https://sterlingconstruction.com/about-us/ | https://sterlingconstruction.com/wp-content/uploads/2024/08/impact-windows-for-house.webp | https://sterlingconstruction.com/wp-content/uploads/2024/08/imapct-windows-1.webp
A1 Gutters Cleaning & Services Yes,http://a1gutterscleaningservices.com/,a1gutterscleaningservices.com,+1 972-882-6108,"9550 Forest Ln Ste 717b, Dallas, TX 75243, United States",5,4,NEEDS_REVIEW,insufficient signal,False,,"no site, no research",UNREACHABLE,,
Luma Exteriors Yes,https://lumaexteriors.com/,lumaexteriors.com,+1 512-201-1818,"9600 Escarpment Blvd Ste 745-27, Austin, TX 78749, United States",5,29,YES,installs/replaces windows; pane glazing work; window product line; window replacement/installation; windows & doors,False,"terior Remodeling | Austin, Texas Skip to main content Show submenu for Services Services Window Replacement Door Replacement Siding Installation Roofing Gutter Installation Design Services About Us Blog Open main n",site scrape,YES,,https://lumaexteriors.com/ | https://lumaexteriors.com/window-replacement-austin-texas | https://lumaexteriors.com/window-replacement-austin-texas?hsLang=en | https://lumaexteriors.com/entry-door-installation-austin-texas
Strategic Air Services Yes,https://strategicairservices.com/?utm_source=google&utm_medium=organic&utm_campaign=local,strategicairservices.com,+1 512-253-4773,"9600 US-290, Austin, TX 78736, United States",5,586,NEEDS_REVIEW,insufficient signal,False,,"no site, no research",UNKNOWN,,https://strategicairservices.com/
Austin Hi-Tech Restoration Yes,http://www.austinhi-tech.com/?utm_source=google&utm_medium=gbp,austinhi-tech.com,+1 737-677-3763,"9601 Dessau Rd Bldg 2, STE#207, Austin, TX 78754, United States",4.6,136,NO,no window installation or repair signal on site,False,,site scrape,NO,,https://www.austinhi-tech.com/ | https://www.austinhi-tech.com/services/ | https://www.austinhi-tech.com/emergency-services/
Joshhobbs.com Solar Screens Yes,http://www.joshhobbs.com/,joshhobbs.com,+1 512-351-5762,"9603 Saunders Ln B-1A, Austin, TX 78758, United States",5,171,NO,window cleaning; window tint/film; window treatments,False,"ant: High, Does Not Show Dirt Longevity: 20+ Years Washable: Easily with any detergent or pressure washer Durability: Can Not tear (rip) it with your bare hands Pet Resistant: Very Well Popular",site scrape,NO,,https://www.joshhobbs.com/ | https://www.joshhobbs.com/commercial-solar-window-screens | https://www.joshhobbs.com/multi-family-solar-window-screens
Paradigm Glass Yes,http://paradigmglass.com/,paradigmglass.com,+1 512-743-0207,"9603 Saunders Ln b2, Austin, TX 78758, United States",4.7,31,YES,commercial storefront glazing; installs/replaces windows; replacement windows; window product line; window replacement/installation,False,nt Windows Austin OUR SERVICES FREE ESTIMATE — Main Menu — HOME SERVICES - SHOWER DOORS - WINDOW INSTALLATION - REPLACEMENT WINDOWS - SERVICE & REPAIRS - - WINDOW REPAIR - - GLASS REPAIR - SMALL COMM,site scrape,YES,,https://paradigmglass.com/ | https://paradigmglass.com/services/window-installation/ | https://paradigmglass.com/services/replacement-windows/
Risner Roofing Yes,https://www.risnerroofing.com/?utm_source=google&utm_medium=organic&utm_campaign=gbp,risnerroofing.com,+1 512-210-1122,"9701 Brown Ln B206, Austin, TX 78754, United States",5,98,NEEDS_REVIEW,"glass shop or building contractor, window scope unknown",False,,"no site, no research",UNREACHABLE,,
Glass Doctor Home + Business of Austin Yes,https://glassdoctor.com/austin-tx-home-business?cid=LSTL_MGD000191&utm_source=gmb&utm_campaign=local&utm_medium=organic,glassdoctor.com,+1 512-782-8409,"9701 Dessau Rd Ste 805, Austin, TX 78754, United States",4.7,860,YES,broken window glass; building glass replacement; commercial storefront glazing; installs/replaces windows; insulated glass unit work; named window styles; pane glazing work; replacement windows; window product line; window replacement/installation; windows & doors,True,ss Doctor Window and Door Services Window and Door Services back Window and Door Services Window Glass Repair and Replacement Window Installation and Replacement Patio Door Installation and Repair Wi,site scrape,YES,,https://glassdoctor.com/ | https://glassdoctor.com/home-glass/window-glass | https://glassdoctor.com/home-glass/windows-doors/window-screen-installation | https://glassdoctor.com/home-window-replacement
Auto Glass Solutions Inc Yes,http://autoglasssolutionsinc.com/,autoglasssolutionsinc.com,+1 512-241-1211,"9705 Burnet Rd #309, Austin, TX 78758, United States",4.8,640,NO,vehicle glass,True,Autoglass Solutions Inc - Auto Glass Solutions Skip to content Menu Home Windshield Repair Windshield Replacement Safety Equip,site scrape,NO,,https://www.autoglasssolutionsinc.com/ | https://www.autoglasssolutionsinc.com/window-replacement/ | https://www.autoglasssolutionsinc.com/auto-glass-replacement/ | https://www.autoglasssolutionsinc.com/windshield-replacement/
Window Tint of Austin / Sun Stoppers Austin Yes,https://windowtintofaustin.com/,windowtintofaustin.com,+1 512-661-6152,"9705 Burnet Rd #501, Austin, TX 78758, United States",4.9,44,NO,window tint/film only,False,,name/review keywords,UNREACHABLE,,
Accolade Windows & Doors Replacement Yes,http://www.accoladewindows.com/,accoladewindows.com,+1 512-288-8354,"9705 Research Blvd Ste C2, Austin, TX 78759, United States",4.8,174,YES,installs/replaces windows; insulated glass unit work; named window styles; pane glazing work; replacement windows; window product line; window replacement/installation; windows & doors,False,ndows Vinyl Windows Doors Bifold Doors Sliding Glass Doors About Us Gallery Brands Alpine Windows Marvin Replacement Western Window Systems Jeld Wen Windows and Doors Sierra Pacific Alora Windows Doors Pell,site scrape,YES,,https://accoladewindows.com/ | https://accoladewindows.com/windows/ | https://accoladewindows.com/aluminum-windows/ | https://accoladewindows.com/vinyl-windows/
No Salesperson Remodeling Yes,https://www.nosalespersonremodeling.com/,nosalespersonremodeling.com,+1 512-844-5858,"9711 Gray Blvd, Austin, TX 78758, United States",5,3,NEEDS_REVIEW,insufficient signal,False,,"no site, no research",UNKNOWN,,https://nosalespersonremodeling.com/
Turbo Tint Yes,https://southaustin.turbotint.com/,southaustin.turbotint.com,+1 512-615-1525,"9711 Menchaca Rd, Austin, TX 78748, United States",4.9,462,NO,window tint/film; window treatments,True,South Austin Window Tinting & Paint Protection – Turbo Tint South Austin Skip to content Close menu Services Auto,site scrape,NO,,https://southaustin.turbotint.com/ | https://southaustin.turbotint.com/collections/window-tint-online/products/rev | https://southaustin.turbotint.com/collections/window-tint-online/products/turbo | https://southaustin.turbotint.com/collections/window-tint-online/products/redline
Auto Glass Garland Yes,https://autoglassgarland.com/,autoglassgarland.com,+1 214-884-9999,"9837 Walnut St, Dallas, TX 75243, United States",4.7,67,NO,vehicle glass,True,Auto Glass Garland 214 884 9999 Glass Repair Service Near Me Auto Glass Garland 214 884 9999 Glass R,site scrape,NO,,https://autoglassgarland.com/ | https://autoglassgarland.com/window-installation-service | https://autoglassgarland.com/car-window-replacement | https://autoglassgarland.com/auto-window-tinting-service
Arizona Glass & Door Connection Yes,https://www.azglassconnection.com/,azglassconnection.com,+1 602-375-2000,"9850 N 19th Dr #7, Phoenix, AZ 85021, United States",3.4,45,YES,building glass replacement; commercial storefront glazing; installs/replaces windows; insulated glass unit work; named window styles; replacement windows; window product line; window replacement/installation; windows & doors,False,Safety Glass Showcase Glass Sliding Glass Doors Storefront Glass Services Windows Garden windows Home Window Repair Onrate Glass Picture Windows Residential Windows Skylight Repair Weather Damage Window Re,site scrape,YES,,https://www.azglassconnection.com/ | https://www.azglassconnection.com/services/windows/ornate-glass-picture-windows/ | https://www.azglassconnection.com/services/windows/residential-windows/ | https://www.azglassconnection.com/services/windows/window-replacement/
Flooring Direct Yes,https://www.flooringdirectdfw.com/?utm_source=gbp,flooringdirectdfw.com,+1 469-949-3873,"9886 Chartwell Dr, Dallas, TX 75243, United States",4.7,773,NO,no window installation or repair signal on site,False,,site scrape,NO,,https://flooringdirectdfw.com/ | https://flooringdirectdfw.com/flooring-services/ | https://flooringdirectdfw.com/flooring-catalog/?product_type=1&prefilter=%7B%22productSubtypes%22%3A%5B3%5D%7D
Rapid Glass Atx Yes,https://rapidglassatx.com/,rapidglassatx.com,+1 512-222-7369,"9901 N Capital of Texas Hwy #220, Austin, TX 78759, United States",4.9,77,NO,window tint/film; window treatments,False,Smart Window Film Austin | Privacy Solutions | Rapid Glass ATX On Off Enter Off On Enter Off On Enter Our P,site scrape,NO,,https://www.rapidglassatx.com/ | https://www.rapidglassatx.com/howorderingworks | https://www.rapidglassatx.com/sample
RainTight General Contracting Yes,http://www.raintight.net/,raintight.net,+1 214-693-6196,"9903 Carnegie Dr, Dallas, TX 75228, United States",4.8,20,NO,no window installation or repair signal on site,False,,site scrape,NO,YES,https://www.raintight.net/ | https://www.raintight.net/our-service/ | https://www.raintight.net/portfolio_category/residential/ | https://www.raintight.net/portfolio-items/roof-replacement-dallas-texas/
Stellrr Insulation & Spray Foam Yes,https://landing.stellrr.com/,landing.stellrr.com,+1 512-710-2839,"9926 Vikki Terrace, Austin, TX 78736, United States",4.7,99,NO,no window installation or repair signal on site,False,,site scrape,NO,,https://landing.stellrr.com/
Den Defenders Security Doors Yes,https://dendefenders.com/texas/dallas-security-doors/?utm_source=google&utm_medium=gbp&utm_campaign=dallas-security,dendefenders.com,+1 214-814-1374,"9959 Royal Ln Unit 10, Dallas, TX 75231, United States",5,15,NO,no window installation or repair signal on site,False,,site scrape,NO,,https://dendefenders.com/ | https://dendefenders.com/security-window-screens/
Garage Tec Automatic Gates & Garage Door Repair Yes,https://garagetec.org/,garagetec.org,+1 469-589-1155,"9965 Royal Ln Ste 35, Dallas, TX 75231, United States",5,947,YES,commercial storefront glazing,False,"esting. Security Grilles and Rolling Shutters Open-pattern grilles and solid shutters for storefronts, parking garages, malls, and pharmacies, with the ease of operation needed for daily sec",site scrape,YES,YES,https://garagetec.org/ | https://garagetec.org/residential-garage-door-services/ | https://garagetec.org/garage-door-installation/ | https://garagetec.org/commercial-garage-door-services/
Boca Impact Window and Door Yes,https://www.bocaimpactwd.com/?utm_source=google&utm_medium=organic&utm_campaign=GBPListing-Boca-Raton-FL,bocaimpactwd.com,+1 561-556-4539,"Bay 17, 3601 N Dixie Hwy, Boca Raton, FL 33431, United States",5,68,YES,commercial storefront glazing; installs/replaces windows; insulated glass unit work; named window styles; replacement windows; window product line; window replacement/installation; windows & doors,False,t An Appointment (561) 556-4539 facebook Instagram rss Home Windows Back Hurricane Impact Windows Replacement Windows Architectural Windows Doors Back Impact Doors Fiberglass Entry Doors French Doors,site scrape,YES,,https://www.bocaimpactwd.com/ | https://www.bocaimpactwd.com/windows/replacement-windows/ | https://www.bocaimpactwd.com/windows/hurricane-impact-windows/ | https://www.bocaimpactwd.com/windows/architectural-windows/
A to Z GC - Home Remodeling Yes,https://atoz-gc.com/,atoz-gc.com,+1 954-280-2848,"BB3, 5933 Ravenswood Rd BB3, Fort Lauderdale, FL 33312, United States",4.3,271,NEEDS_REVIEW,insufficient signal,False,,"no site, no research",UNREACHABLE,,
"Taroja’s Prime Glass Yes Bliss, Victoria Hills, Bago Aplaya, Talomo, Davao City, 8000 Davao del Sur 0906 249 0862",https://www.facebook.com/share/14gsAoCquU/?mibextid=wwXIfr,facebook.com,,,5,0,YES,Stocks windows and provides framing and installation services including window and door installations,False,"Oak Cliff Building Materials services page: 'Their extensive inventory includes lumber, sheathing, roofing products, windows, and more. They also provide professional framing and installation services, including window and door installations'; sells 'to contractors, builders and homeowners'",web research (site unreachable),UNREACHABLE,,
Supreme Shades Yes,https://www.supremeshades.com/,supremeshades.com,+1 512-758-2577,"Building 1, 901 S MoPac Expy Ste 300, Austin, TX 78746, United States",4.9,78,NO,blinds/shades/shutters/drapery (window treatments),False,,name/review keywords,UNKNOWN,,https://supremeshades.com/
Glacier glass and mirror Yes,http://glacierglassandmirror.com/,glacierglassandmirror.com,+1 945-268-0721,"Dallas, TX 75243, United States",5,2,YES,building glass replacement; pane glazing work; window replacement/installation,False,"268-0721 Our Specializations Professional, no-nonsense craftsmanship engineered to last. Window Repair & Foggy Glass Replacing broken glass and restoring clarity to double-pane windows with fa",site scrape,YES,,https://glacierglassandmirror.com/
Autograph Construction Yes,https://autographconstruction.com/,autographconstruction.com,+1 214-210-0202,"Dallas, TX 75372, United States",4.8,145,NO,no window installation or repair signal on site,False,,site scrape,NO,YES,https://autographconstruction.com/ | https://autographconstruction.com/services/
Southern Star Mobile Auto Glass Specialist Dallas Yes,https://southernstarautoglassspecialist.com/,southernstarautoglassspecialist.com,+1 469-498-2244,"HilltopSecurities Tower, 717 N Harwood St #90, Dallas, TX 75201, United States",5,19,NO,vehicle glass only,True,"Southern Star Mobile Auto Glass Specialist — Premier Auto Glass Shop in Dallas, TX",site scrape,NO,,https://southernstarautoglassspecialist.com/
Axis Contracting Yes,https://axiscontract.com/?utm_source=google&utm_medium=organic&utm_campaign=gmb-primary-link,axiscontract.com,+1 888-409-0441,"One Court Pl Ste 101, Rockford, IL 61101, United States",4.6,100,NEEDS_REVIEW,insufficient signal,False,,"no site, no research",UNKNOWN,,https://axiscontract.com/
Fx General Contractor Yes,https://fxgeneralcontractor.com/,fxgeneralcontractor.com,+1 682-330-1902,"Petain Ave, Dallas, TX 75227, United States",4.3,7,YES,commercial storefront glazing,False,A storefront or office space?,site scrape,YES,YES,https://fxgeneralcontractor.com/ | https://fxgeneralcontractor.com/services/residential-electrical-service/ | https://fxgeneralcontractor.com/services/commercial-painting/ | https://fxgeneralcontractor.com/services/residential-exterior-painting/
"RK Glass and Aluminum Works Yes purok 10, Poblacion, Valencia City, 8709 Bukidnon 0927 579 6033",https://www.facebook.com/RkGlassandAluminumWorks,facebook.com,,,5,2,YES,Stocks windows and provides framing and installation services including window and door installations,False,"Oak Cliff Building Materials services page: 'Their extensive inventory includes lumber, sheathing, roofing products, windows, and more. They also provide professional framing and installation services, including window and door installations'; sells 'to contractors, builders and homeowners'",web research (site unreachable),UNREACHABLE,,
Ringer Windows Yes,http://ringerwindows.com/?utm_source=GMB&utm_medium=Organic&utm_campaign=Austin,ringerwindows.com,+1 512-309-4624,"Sales Office Only by appointment only, 7901 Cameron Rd Bldg 1 Ste 112, Austin, TX 78754, United States",4,16,YES,installs/replaces windows; insulated glass unit work; named window styles; pane glazing work; replacement windows; window product line; window replacement/installation,False,"Our offerings include replacement windows with installation , patio doors , over 70 in-stock window options, and custom sizes .",site scrape,YES,,https://ringerwindows.com/ | https://ringerwindows.com/replacement-windows-austin-patio-doors/ | https://ringerwindows.com/thick-glass-windows/ | https://ringerwindows.com/replacement-window-installation-austin/
ENG CLEANING SOLUTIONS Yes,http://engcleaningsolutions.com/,engcleaningsolutions.com,+1 512-822-2282,"Sta #2, 7901 Cameron Rd #130a, Austin, TX 78754, United States",5,3,NEEDS_REVIEW,insufficient signal,False,,"no site, no research",UNKNOWN,,https://engcleaningsolutions.com/
"Waseem doors Yes Tamen merdeka jalan m6, fasa 2, Jln Taman Merdeka, 75350 Melaka, Malaysia +60 11-1622 8673",http://waseemdoors.com/,waseemdoors.com,,,5,4,YES,installs/replaces windows; window replacement/installation,False,"do Office Commercial Property Other Message Send We provide reliable door and window installation, door lock installation, replacement, and repair services in Taman Merdeka, Melaka.",site scrape,YES,,https://waseemdoors.com/ | https://waseemdoors.com/services/
independentautoglass.co Yes,https://austinmobileautoglass.com/,austinmobileautoglass.com,+1 512-839-7715,"Texas Ave, Austin, TX 78705, United States",0,0,NO,vehicle glass,True,"Independent Auto Glass Offers Auto Glass Services in Austin, TX Serving Austin, TX and the Surrounding Areas (51",site scrape,NO,,https://austinmobileautoglass.com/ | https://austinmobileautoglass.com/auto-glass-replacement | https://austinmobileautoglass.com/auto-glass-repair | https://austinmobileautoglass.com/contact
Driftwood Steel Co Yes,https://driftwoodsteelco.com/,driftwoodsteelco.com,+1 512-270-1199,"US-290, Austin, TX 78737, United States",5,2,NEEDS_REVIEW,insufficient signal,False,,"no site, no research",UNKNOWN,,https://driftwoodsteelco.com/
XLR8 Industries LLC Yes,https://xlr8ind.com/,xlr8ind.com,+1 214-457-2814,"W Kiest Blvd, Dallas, TX 75236, United States",5,5,YES,building glass replacement; commercial storefront glazing; window replacement/installation; windows & doors,False,"he issue quickly while maintaining a clean, professional result. Common services include: Window glass replacement Sliding glass door repair Broken or cracked glass panels Commercial glass repair We work",site scrape,YES,,https://xlr8industries.com/ | https://xlr8industries.com/glass-repair-dallas | https://xlr8industries.com/glass-partitions-dallas | https://xlr8industries.com/sliding-glass-doors-dallas
Tukuran Glass & Aluminum Supply | Glass Door Installer,,,,,5,501,NEEDS_REVIEW,"glass shop or building contractor, window scope unknown",False,,"no site, no research",NO_WEBSITE,,
Lakeland Glass Inc.,,,+1 630-994-6878,,0,0,NEEDS_REVIEW,"glass shop or building contractor, window scope unknown",False,,"no site, no research",NO_WEBSITE,,
Creative Windows and Doors Inc.,,,+1 305-218-2841,"2421 Marina Bay Dr W suite 13-107, Fort Lauderdale, FL 33312, United States",4.3,3,YES,name states window installation/replacement/doors,False,,name/review keywords,NO_WEBSITE,,
Affordable Screens & Glass L.L.C.,,,"16238 N FM 620 Ste F-362, Austin, TX 78717, United States","16238 N FM 620 Ste F-362, Austin, TX 78717, United States",4.7,14,NEEDS_REVIEW,"glass shop or building contractor, window scope unknown",False,,"no site, no research",NO_WEBSITE,,
Window Kingdom LLC No,,,+1 888-839-6326,"3010 Lyndon B Johnson Fwy, Dallas, TX 75234, United States",4,302,NEEDS_REVIEW,window in name but service type unconfirmed,False,,"no site, no research",NO_WEBSITE,,
KGK Home Improvements LLC,,,+1 512-998-3678,,1,0,NEEDS_REVIEW,insufficient signal,False,,"no site, no research",NO_WEBSITE,,
Dependable Window Cleaning Service LLC,,,+1 512-657-7130,,5,4,NO,window cleaning/washing,False,,name/review keywords,NO_WEBSITE,,
1st Responder Exterior Solutions LLC,,,"1341 W Mockingbird Ln Suit 600W, Dallas, TX 75247, United States","1341 W Mockingbird Ln Suit 600W, Dallas, TX 75247, United States",5,11,NEEDS_REVIEW,"glass shop or building contractor, window scope unknown",False,,"no site, no research",NO_WEBSITE,,
C & A Mobile Auto Glass LLC,,,+1 602-515-3480,"529 W Pima St, Phoenix, AZ 85003, United States",4.1,9,NEEDS_REVIEW,"auto-glass name, but may also do building glass — must verify",False,,"no site, no research",NO_WEBSITE,,
Clarke's Clear Revival LLC,,,+1 512-906-5413,"9812 Quercia Dr, Austin, TX 78717, United States",5,5027,NEEDS_REVIEW,insufficient signal,False,,"no site, no research",NO_WEBSITE,,
Window Repair Dallas TX No,,,+1 972-607-4645,"100 Highland Park Village #200, Dallas, TX 75205, United States",0,0,YES,name states window installation/replacement/doors,False,,name/review keywords,NO_WEBSITE,,
Replacement Windows Austin No,,,"1005 Guadalupe St, Austin, TX 78701, United States","1005 Guadalupe St, Austin, TX 78701, United States",5,0,NEEDS_REVIEW,window in name but service type unconfirmed,False,,"no site, no research",NO_WEBSITE,,
Adame Windows & Doors No,,,+1 214-942-2254,"103 W 9th St, Dallas, TX 75208, United States",3.7,3,YES,name states window installation/replacement/doors,False,,name/review keywords,NO_WEBSITE,,
Top of the line trim and glass No,,,"10807 Thaxton Rd, Austin, TX 78747, United States","10807 Thaxton Rd, Austin, TX 78747, United States",5,10,NEEDS_REVIEW,"glass shop or building contractor, window scope unknown",False,,"no site, no research",NO_WEBSITE,,
Brother Window Tint No,,,"11114 N Lamar Blvd C, Austin, TX 78753, United States","11114 N Lamar Blvd C, Austin, TX 78753, United States",4.8,95,NO,window tint/film only,False,,name/review keywords,NO_WEBSITE,,
Gatewood Aluminum No,,,"1112 22nd St, Rockford, IL 61108, United States","1112 22nd St, Rockford, IL 61108, United States",3.9,8,NEEDS_REVIEW,insufficient signal,False,,"no site, no research",NO_WEBSITE,,
Sanders Glazing No,,,"1305 Burns Ave, Dallas, TX 75211, United States","1305 Burns Ave, Dallas, TX 75211, United States",4.6,4614,YES,name states window installation/replacement/doors,False,,name/review keywords,NO_WEBSITE,,
Dallas Window & Glass No,,,"13520 Vargon St, Dallas, TX 75243, United States","13520 Vargon St, Dallas, TX 75243, United States",3,2,NEEDS_REVIEW,window in name but service type unconfirmed,False,,"no site, no research",NO_WEBSITE,,
UV MOBILE WINDOW TINT No,,,"15402 Connie St, Austin, TX 78728, United States","15402 Connie St, Austin, TX 78728, United States",0,0,NO,window tint/film only,False,,name/review keywords,NO_WEBSITE,,
US Window Fashion Supply No,,,"15407 Long Vista Dr, Austin, TX 78728, United States","15407 Long Vista Dr, Austin, TX 78728, United States",5,50908,NO,blinds/shades/shutters/drapery (window treatments),False,,name/review keywords,NO_WEBSITE,,
PARK WINDOW COVERINGS No,,,+1 214-347-0692,"2101 Cedar Springs Rd Ste 1050, Dallas, TX 75201, United States",5,5048,NEEDS_REVIEW,window in name but service type unconfirmed,False,,"no site, no research",NO_WEBSITE,,
Ross Window & Door No,,,,"2101 Ross Ave, Dallas, TX 75201, United States",0,0,YES,name states window installation/replacement/doors,False,,name/review keywords,NO_WEBSITE,,
Premier Sash & Door Ltd No,,,+1 972-484-3020,"2104 French Settlement Rd, Dallas, TX 75212, United States",1,9,NEEDS_REVIEW,insufficient signal,False,,"no site, no research",NO_WEBSITE,,
Butler Window & Door No,,,+1 214-217-7512,"2231 Butler St, Dallas, TX 75235, United States",0,0,YES,name states window installation/replacement/doors,False,,name/review keywords,NO_WEBSITE,,
Shoredomub No,,,,"2305 Via Cordova Ct, Austin, TX 78732, United States",0,0,NEEDS_REVIEW,insufficient signal,False,,"no site, no research",NO_WEBSITE,,
MMC Sliding Windows Repair & Sliding Doors Repair Service of FL No,,,+1 239-457-1325,"259 E Commercial Blvd # A, Lauderdale-By-The-Sea, FL 33308, United States",4.5,11,NEEDS_REVIEW,window in name but service type unconfirmed,False,,"no site, no research",NO_WEBSITE,,
J&J Home Improvements No,,,+1 815-997-4158,"2713 20th St, Rockford, IL 61109, United States",4.3,6,NEEDS_REVIEW,insufficient signal,False,,"no site, no research",NO_WEBSITE,,
Portella Steel Doors & Windows No,,,+1 214-484-3134,"2727 W Mockingbird Ln, Dallas, TX 75235, United States",2.1,7,NEEDS_REVIEW,window in name but service type unconfirmed,False,,"no site, no research",NO_WEBSITE,,
Precision tints & more No,,,+1 469-449-2237,"2745 Kavasar Dr, Dallas, TX 75241, United States",5,0,NEEDS_REVIEW,insufficient signal,False,,"no site, no research",NO_WEBSITE,,
MP GLASS AND ALUMINUM SUPPLY FATIMA BRANCH,,,,,5,2,NEEDS_REVIEW,"glass shop or building contractor, window scope unknown",False,,"no site, no research",NO_WEBSITE,,
REOD Construction & Facilities Maintenance No,,,+1 469-537-5318,"3506 McBroom St, Dallas, TX 75212, United States",4.6,13,NEEDS_REVIEW,"glass shop or building contractor, window scope unknown",False,,"no site, no research",NO_WEBSITE,,
DVation Auto Design No,,,,"3601 W Parmer Ln, Austin, TX 78727, United States",1,48404,NEEDS_REVIEW,insufficient signal,False,,"no site, no research",NO_WEBSITE,,
Able Glass No,,,+1 214-207-4421,"381 Casa Linda Plaza, Dallas, TX 75218, United States",4.8,4818,NEEDS_REVIEW,"glass shop or building contractor, window scope unknown",False,,"no site, no research",NO_WEBSITE,,
Allco Siding & Window Replacement Contractors No,,,,"3810 Medical Pkwy, Austin, TX 78756, United States",4.7,3,YES,name states window installation/replacement/doors,False,,name/review keywords,NO_WEBSITE,,
Window Tint Polarizado No,,,+1 214-714-4543,"3932 W Davis St, Dallas, TX 75211, United States",4.4,94,NO,window tint/film only,False,,name/review keywords,NO_WEBSITE,,
Windows Installation No,,,+1 214-760-4545,"401 Tom Landry Fwy, Dallas, TX 75260, United States",0,0,NEEDS_REVIEW,window in name but service type unconfirmed,False,,"no site, no research",NO_WEBSITE,,
Window Car- Pancho No,,,,"4215 Parry Ave, Dallas, TX 75223, United States",1,3523,NEEDS_REVIEW,window in name but service type unconfirmed,False,,"no site, no research",NO_WEBSITE,,
Emiliani Window Tint No,,,+1 8882000,"4517 Forest Ln, Garland, TX 75042, United States",3.9,8,NO,window tint/film only,False,,name/review keywords,NO_WEBSITE,,
C&C Remodeling Services No,,,+1 512-563-4134,"5120 E Hwy 71, Del Valle, TX 78617, United States",5,2,NEEDS_REVIEW,insufficient signal,False,,"no site, no research",NO_WEBSITE,,
Express Window No,,,,"5502 Harry Hines Blvd, Dallas, TX 75235, United States",0,0,NEEDS_REVIEW,window in name but service type unconfirmed,False,,"no site, no research",NO_WEBSITE,,
Window tint No,,,+1 737-359-7462,"5804 S Congress Ave, Austin, TX 78745, United States",0,0,NO,window tint/film only,False,,name/review keywords,NO_WEBSITE,,
Jm's Glass and Aluminum Services,,,,,1,302,NEEDS_REVIEW,"glass shop or building contractor, window scope unknown",False,,"no site, no research",NO_WEBSITE,,
Infinity Window Doors No,,,+1 234-832-0404,"6301 NW 5th Way, Fort Lauderdale, FL 33309, United States",0,0,NEEDS_REVIEW,window in name but service type unconfirmed,False,,"no site, no research",NO_WEBSITE,,
Texas Screen Medic No,,,+1 512-962-4069,"6712 Broad Brook Dr, Austin, TX 78747, United States",5,6,NEEDS_REVIEW,insufficient signal,False,,"no site, no research",NO_WEBSITE,,
Arganisetes No,,,,"7610 N Stemmons Fwy, Dallas, TX 75247, United States",0,0,NEEDS_REVIEW,insufficient signal,False,,"no site, no research",NO_WEBSITE,,
Hunter Auto Performance No,,,+1 214-919-5136,"7801 Villa Cliff Dr, Dallas, TX 75228, United States",4.7,15,NEEDS_REVIEW,insufficient signal,False,,"no site, no research",NO_WEBSITE,,
historic restoration experts No,,,+1 469-493-3709,"9008 San Benito Way, Dallas, TX 75218, United States",3,302,NEEDS_REVIEW,"glass shop or building contractor, window scope unknown",False,,"no site, no research",NO_WEBSITE,,
Rhino Austin LLC No,,,+1 512-374-1008,"916 Springdale Rd Bldg 5, Suite 101, Austin, TX 78702, United States",4.9,4972,NEEDS_REVIEW,insufficient signal,False,,"no site, no research",NO_WEBSITE,,
D a Shade LLC No,,,+1 512-876-4909,"9601 N Interstate Hwy 35, Austin, TX 78753, United States",3.3,46,NO,blinds/shades/shutters/drapery (window treatments),False,,name/review keywords,NO_WEBSITE,,
DAGUMAN GLASS SHOP,,,,,5,2,NEEDS_REVIEW,"glass shop or building contractor, window scope unknown",False,,"no site, no research",NO_WEBSITE,,
Highway Glass & Aluminum Installation Services,,,,,5,0,NEEDS_REVIEW,"glass shop or building contractor, window scope unknown",False,,"no site, no research",NO_WEBSITE,,
G and J Glass Installation Services,,,,,3.4,347,NEEDS_REVIEW,"glass shop or building contractor, window scope unknown",False,,"no site, no research",NO_WEBSITE,,
Jb Glass & Aluminum Installation & Services,,,,,4,2,NEEDS_REVIEW,"glass shop or building contractor, window scope unknown",False,,"no site, no research",NO_WEBSITE,,
New-O glass and aluminum services,,,,,3,302,NEEDS_REVIEW,"glass shop or building contractor, window scope unknown",False,,"no site, no research",NO_WEBSITE,,
A+ Windows & Doors No,,,+1 602-680-2581,"Phoenix, AZ 85003, United States",5,502,YES,name states window installation/replacement/doors,False,,name/review keywords,NO_WEBSITE,,
ALUMINUM GLASS FABRICATION & INSTALLATION,,,,,0,0,NEEDS_REVIEW,"glass shop or building contractor, window scope unknown",False,,"no site, no research",NO_WEBSITE,,
Dodong Glass And Aluminum Installer,,,,,5,502,NEEDS_REVIEW,"glass shop or building contractor, window scope unknown",False,,"no site, no research",NO_WEBSITE,,
Doy-Doy Glass Installation And Hollowblocks,,,,,5,2,NEEDS_REVIEW,"glass shop or building contractor, window scope unknown",False,,"no site, no research",NO_WEBSITE,,
Zandro Glass And Aluminium Works,,,,,1,0,NEEDS_REVIEW,"glass shop or building contractor, window scope unknown",False,,"no site, no research",NO_WEBSITE,,
Keron Glass and Aluminum Supply,,,,,5,5,NEEDS_REVIEW,"glass shop or building contractor, window scope unknown",False,,"no site, no research",NO_WEBSITE,,
All Clear Here Window Cleaning,,,,,4.9,30,NO,window cleaning/washing,False,,name/review keywords,NO_WEBSITE,,
jman glass,,,,,0,0,NEEDS_REVIEW,"glass shop or building contractor, window scope unknown",False,,"no site, no research",NO_WEBSITE,,
Dallas home exterior,,,,,0,0,NEEDS_REVIEW,"glass shop or building contractor, window scope unknown",False,,"no site, no research",NO_WEBSITE,,
Trim Star Austin,,,,,5,30,NEEDS_REVIEW,insufficient signal,False,,"no site, no research",NO_WEBSITE,,
Binky's Window LLC,,,,,0,0,NEEDS_REVIEW,window in name but service type unconfirmed,False,,"no site, no research",NO_WEBSITE,,
4Family Construction,,,,,5,2,NEEDS_REVIEW,"glass shop or building contractor, window scope unknown",False,,"no site, no research",NO_WEBSITE,,
Builders Window Source Yes,,,+1 208-605-8003,,0,0,YES,name states window installation/replacement/doors,False,,name/review keywords,NO_WEBSITE,,
Zip Roofing Yes,,,+1 214-200-6008,,5,0,NEEDS_REVIEW,"glass shop or building contractor, window scope unknown",False,,"no site, no research",NO_WEBSITE,,
Window Broker DFW Yes,,,+1 214-225-0816,,5,3,NEEDS_REVIEW,window in name but service type unconfirmed,False,,"no site, no research",NO_WEBSITE,,
Dennis Glass & Mirror Yes,,,+1 214-228-8593,,5,3,NEEDS_REVIEW,"glass shop or building contractor, window scope unknown",False,,"no site, no research",NO_WEBSITE,,
Texas Finest Glass & More LLC Yes,,,+1 214-253-3270,,5,0,NEEDS_REVIEW,"glass shop or building contractor, window scope unknown",False,,"no site, no research",NO_WEBSITE,,
Snappy Window Cleaners Yes,,,+1 214-270-5587,,5,22,NEEDS_REVIEW,window in name but service type unconfirmed,False,,"no site, no research",NO_WEBSITE,,
Super Cars Auto Glass Yes,,,+1 214-336-6413,,3.3,3,NEEDS_REVIEW,"auto-glass name, but may also do building glass — must verify",False,,"no site, no research",NO_WEBSITE,,
Mobile Glass Yes,,,+1 214-382-9105,,4.4,149,NEEDS_REVIEW,"glass shop or building contractor, window scope unknown",False,,"no site, no research",NO_WEBSITE,,
Abbey Rowe Auto Glass of Dallas Yes,,,+1 214-382-9379,,4.4,16,NEEDS_REVIEW,"auto-glass name, but may also do building glass — must verify",False,,"no site, no research",NO_WEBSITE,,
Victory Auto glass Yes,,,+1 214-462-2782,,4.4,7,NEEDS_REVIEW,"auto-glass name, but may also do building glass — must verify",False,,"no site, no research",NO_WEBSITE,,
J Conns Windows & Gutter Cleaning Service Yes,,,+1 214-466-3215,,5,2,NEEDS_REVIEW,window in name but service type unconfirmed,False,,"no site, no research",NO_WEBSITE,,
Mario's Window Cleaning Yes,,,+1 214-577-1751,,0,0,NO,window cleaning/washing,False,,name/review keywords,NO_WEBSITE,,
Amazing Glare LLC. Yes,,,+1 214-586-6242,,0,0,NEEDS_REVIEW,insufficient signal,False,,"no site, no research",NO_WEBSITE,,
jm residential glass Yes,,,+1 214-635-7808,,0,0,NEEDS_REVIEW,"glass shop or building contractor, window scope unknown",False,,"no site, no research",NO_WEBSITE,,
Detail Lounge & Window Tinting Yes,,,+1 214-646-3147,,4.5,2,NO,window tint/film only,False,,name/review keywords,NO_WEBSITE,,
DFW J&A EXPERT GLASS REPAIRS Yes,,,+1 214-718-8816,,5,52,NEEDS_REVIEW,"glass shop or building contractor, window scope unknown",False,,"no site, no research",NO_WEBSITE,,
City Renovations Llc Yes,,,+1 214-753-9461,,5,5,NEEDS_REVIEW,insufficient signal,False,,"no site, no research",NO_WEBSITE,,
RH IMPRESS EXTERIOR CLEANING SOLUTIONS Yes,,,+1 214-791-1944,,5,23,NEEDS_REVIEW,"glass shop or building contractor, window scope unknown",False,,"no site, no research",NO_WEBSITE,,
Express Autoglass DFW Yes,,,+1 214-815-4866,,5,2,NO,"vehicle/automotive business, no glass or window signal",False,,name/review keywords,NO_WEBSITE,,
Nc auto glass Yes,,,+1 214-815-8014,,5,0,NEEDS_REVIEW,"auto-glass name, but may also do building glass — must verify",False,,"no site, no research",NO_WEBSITE,,
BullDozier Window Service Yes,,,+1 214-861-7679,,0,0,NEEDS_REVIEW,window in name but service type unconfirmed,False,,"no site, no research",NO_WEBSITE,,
Reflections Window Cleaning Yes,,,+1 214-927-2489,,5,68,NO,window cleaning/washing,False,,name/review keywords,NO_WEBSITE,,
Anchor Windows Yes,,,+1 214-952-1829,,0,0,NEEDS_REVIEW,window in name but service type unconfirmed,False,,"no site, no research",NO_WEBSITE,,
The Glassinator Yes,,,+1 214-960-6730,,5,0,NEEDS_REVIEW,insufficient signal,False,,"no site, no research",NO_WEBSITE,,
K n B Door and Glass Yes,,,+1 219-712-7404,,1,0,NEEDS_REVIEW,"glass shop or building contractor, window scope unknown",False,,"no site, no research",NO_WEBSITE,,
Hart Construction Services Group Yes,,,+1 254-681-0648,,4.4,5,NEEDS_REVIEW,"glass shop or building contractor, window scope unknown",False,,"no site, no research",NO_WEBSITE,,
Prolific Home Pros Yes,,,+1 469-307-6644,,5,5,NEEDS_REVIEW,insufficient signal,False,,"no site, no research",NO_WEBSITE,,
Premier Washing Solutions Yes,,,+1 469-349-4732,,5,8,NEEDS_REVIEW,insufficient signal,False,,"no site, no research",NO_WEBSITE,,
DFW Window Guy LLC Yes,,,+1 469-401-9433,,5,20,NEEDS_REVIEW,window in name but service type unconfirmed,False,,"no site, no research",NO_WEBSITE,,
Los 3 guerreros Yes,,,+1 469-490-4004,,5,2,NEEDS_REVIEW,insufficient signal,False,,"no site, no research",NO_WEBSITE,,
North Mesquite Window & Gutter Cleaning Yes,,,+1 469-556-9164,,5,8,NEEDS_REVIEW,window in name but service type unconfirmed,False,,"no site, no research",NO_WEBSITE,,
Tejeda Glass Solutions Yes,,,+1 469-580-4123,,5,0,NEEDS_REVIEW,"glass shop or building contractor, window scope unknown",False,,"no site, no research",NO_WEBSITE,,
Veteran Windows and Glass Yes,,,+1 469-614-9600,,5,2,NEEDS_REVIEW,window in name but service type unconfirmed,False,,"no site, no research",NO_WEBSITE,,
Scott Shofner Windows & Doors Yes,,,+1 469-628-8345,,4.7,13,YES,name states window installation/replacement/doors,False,,name/review keywords,NO_WEBSITE,,
Rodeo Glass Yes,,,+1 469-632-2464,,0,0,NEEDS_REVIEW,"glass shop or building contractor, window scope unknown",False,,"no site, no research",NO_WEBSITE,,
West Love Glass Yes,,,+1 469-737-0671,,5,2,NEEDS_REVIEW,"glass shop or building contractor, window scope unknown",False,,"no site, no research",NO_WEBSITE,,
DFW Ceramic Window Tint Service Yes,,,+1 469-777-0890,,0,0,NO,window tint/film only,False,,name/review keywords,NO_WEBSITE,,
Professions Window Cleaning Yes,,,+1 469-835-0742,,5,3,NO,window cleaning/washing,False,,name/review keywords,NO_WEBSITE,,
J-Flip LLC Yes,,,+1 469-881-4990,,5,5,NEEDS_REVIEW,insufficient signal,False,,"no site, no research",NO_WEBSITE,,
2 guys home repair LLC. Yes,,,+1 469-927-4674,,4.8,12,NEEDS_REVIEW,insufficient signal,False,,"no site, no research",NO_WEBSITE,,
Twins Glass Yes,,,+1 469-939-2674,,5,0,NEEDS_REVIEW,"glass shop or building contractor, window scope unknown",False,,"no site, no research",NO_WEBSITE,,
TAJ Window & Door Design Yes,,,+1 512-222-3875,,0,0,YES,name states window installation/replacement/doors,False,,name/review keywords,NO_WEBSITE,,
MirageWindowFilm Yes,,,+1 512-225-4772,,4.9,47,NEEDS_REVIEW,insufficient signal,False,,"no site, no research",NO_WEBSITE,,
L J Auto Glass Yes,,,+1 512-233-8648,,5,2,NEEDS_REVIEW,"auto-glass name, but may also do building glass — must verify",False,,"no site, no research",NO_WEBSITE,,
One Stop Window Shop LLC Yes,,,+1 512-243-4873,,2.3,9,NEEDS_REVIEW,window in name but service type unconfirmed,False,,"no site, no research",NO_WEBSITE,,
Austin Door and Window Yes,,,+1 512-277-7727,,3.7,3,NEEDS_REVIEW,window in name but service type unconfirmed,False,,"no site, no research",NO_WEBSITE,,
Lupe's Auto Glass Service Yes,,,+1 512-296-7345,,5,7,NEEDS_REVIEW,"auto-glass name, but may also do building glass — must verify",False,,"no site, no research",NO_WEBSITE,,
Pablo Rios & Sons LLC Yes,,,+1 512-299-5234,,5,3,NEEDS_REVIEW,insufficient signal,False,,"no site, no research",NO_WEBSITE,,
Ironside Improvements Yes,,,+1 512-300-7979,,5,6,NEEDS_REVIEW,insufficient signal,False,,"no site, no research",NO_WEBSITE,,
Alpha Window Cleaning 25 % OFF Residential Window Cleaning Yes,,,+1 512-318-5213,,5,0,NO,window cleaning/washing,False,,name/review keywords,NO_WEBSITE,,
Fast & Fair Windshield Repair Yes,,,+1 512-333-2030,,3.6,17,NO,"vehicle/automotive business, no glass or window signal",False,,name/review keywords,NO_WEBSITE,,
Austin tint solutions Yes,,,+1 512-336-9754,,5,0,NEEDS_REVIEW,insufficient signal,False,,"no site, no research",NO_WEBSITE,,
Dr House Wash Yes,,,+1 512-337-3269,,5,2,NEEDS_REVIEW,insufficient signal,False,,"no site, no research",NO_WEBSITE,,
Four Seasons Auto Glass LLC Yes,,,+1 512-365-9178,,5,2,NEEDS_REVIEW,"auto-glass name, but may also do building glass — must verify",False,,"no site, no research",NO_WEBSITE,,
Nuvidro Window Cleaning - Austin Yes,,,+1 512-387-4711,,5,0,NO,window cleaning/washing,False,,name/review keywords,NO_WEBSITE,,
Franklin’s Property Services Yes,,,+1 512-423-6268,,5,20,NEEDS_REVIEW,insufficient signal,False,,"no site, no research",NO_WEBSITE,,
Reformation Roofing Yes,,,+1 512-430-0195,,5,3,NEEDS_REVIEW,"glass shop or building contractor, window scope unknown",False,,"no site, no research",NO_WEBSITE,,
Lakeway Home & Commercial Services Yes,,,+1 512-434-0481,,0,0,NEEDS_REVIEW,insufficient signal,False,,"no site, no research",NO_WEBSITE,,
Grace Remodeling & Construction Yes,,,+1 512-497-1529,,5,60,NEEDS_REVIEW,"glass shop or building contractor, window scope unknown",False,,"no site, no research",NO_WEBSITE,,
Lakefront Windows Roofing Siding Yes,,,+1 512-522-6647,,5,11,NEEDS_REVIEW,window in name but service type unconfirmed,False,,"no site, no research",NO_WEBSITE,,
Bobbitt Glass Co Yes,,,+1 512-523-5629,,0,0,NEEDS_REVIEW,"glass shop or building contractor, window scope unknown",False,,"no site, no research",NO_WEBSITE,,
Rocky Glass Yes,,,+1 512-524-7336,,5,0,NEEDS_REVIEW,"glass shop or building contractor, window scope unknown",False,,"no site, no research",NO_WEBSITE,,
Xpress Auto Glass Yes,,,+1 512-580-6995,,5,2,NEEDS_REVIEW,"auto-glass name, but may also do building glass — must verify",False,,"no site, no research",NO_WEBSITE,,
Pace Home & Commercial Services Yes,,,+1 512-584-3936,,5,56,NEEDS_REVIEW,insufficient signal,False,,"no site, no research",NO_WEBSITE,,
WL Window Cleaning Yes,,,+1 512-596-6899,,0,0,NO,window cleaning/washing,False,,name/review keywords,NO_WEBSITE,,
Quality One Windows Yes,,,+1 512-620-2420,,5,0,NEEDS_REVIEW,window in name but service type unconfirmed,False,,"no site, no research",NO_WEBSITE,,
Dynamic Visions Yes,,,+1 512-623-9442,,0,0,NEEDS_REVIEW,insufficient signal,False,,"no site, no research",NO_WEBSITE,,
Austin Siding and Windows Company Yes,,,+1 512-643-9862,,0,0,NEEDS_REVIEW,window in name but service type unconfirmed,False,,"no site, no research",NO_WEBSITE,,
Drippin' Clean LLC Yes,,,+1 512-676-9514,,0,0,NEEDS_REVIEW,insufficient signal,False,,"no site, no research",NO_WEBSITE,,
Austin Doors & Trim Yes,,,+1 512-694-6067,,5,9,NEEDS_REVIEW,insufficient signal,False,,"no site, no research",NO_WEBSITE,,
Reverse Remodeling Yes,,,+1 512-710-7004,,0,0,NEEDS_REVIEW,insufficient signal,False,,"no site, no research",NO_WEBSITE,,
Legacy Glass & Mirror Yes,,,+1 512-717-2576,,4,4,NEEDS_REVIEW,"glass shop or building contractor, window scope unknown",False,,"no site, no research",NO_WEBSITE,,
AL DEX Renovation LLC Yes,,,+1 512-740-7370,,5,24,NEEDS_REVIEW,insufficient signal,False,,"no site, no research",NO_WEBSITE,,
Over-All Construction Services Yes,,,+1 512-758-1550,,5,5,NEEDS_REVIEW,"glass shop or building contractor, window scope unknown",False,,"no site, no research",NO_WEBSITE,,
Lara's Installers Yes,,,+1 512-785-3651,,0,0,NEEDS_REVIEW,insufficient signal,False,,"no site, no research",NO_WEBSITE,,
Elite Window Cleaning Yes,,,+1 512-806-1053,,5,2,NO,window cleaning/washing,False,,name/review keywords,NO_WEBSITE,,
Toms Touch Window Cleaning Yes,,,+1 512-809-1539,,5,2,NO,window cleaning/washing,False,,name/review keywords,NO_WEBSITE,,
Ad's window tint Yes,,,+1 512-825-9784,,5,3,NO,window tint/film only,False,,name/review keywords,NO_WEBSITE,,
Pure Window Washing Yes,,,+1 512-829-5533,,0,0,NO,window cleaning/washing,False,,name/review keywords,NO_WEBSITE,,
MDRN RENOVATIONS Yes,,,+1 512-902-3266,,4.4,7,NEEDS_REVIEW,insufficient signal,False,,"no site, no research",NO_WEBSITE,,
Anthony's Custom Shutters Yes,,,+1 512-906-4148,,4.5,8,NO,blinds/shades/shutters/drapery (window treatments),False,,name/review keywords,NO_WEBSITE,,
Prime Auto Glass LLC Yes,,,+1 512-909-5962,,5,24,NEEDS_REVIEW,"auto-glass name, but may also do building glass — must verify",False,,"no site, no research",NO_WEBSITE,,
id Window Cleaning Yes,,,+1 512-924-5476,,5,0,NO,window cleaning/washing,False,,name/review keywords,NO_WEBSITE,,
The Door Man Yes,,,+1 512-964-8664,,0,0,NEEDS_REVIEW,insufficient signal,False,,"no site, no research",NO_WEBSITE,,
PrimePoint Service Yes,,,+1 512-975-1509,,0,0,NEEDS_REVIEW,insufficient signal,False,,"no site, no research",NO_WEBSITE,,
Austin Mobile Glass Yes,,,+1 512-983-4527,,4.7,188,NEEDS_REVIEW,"glass shop or building contractor, window scope unknown",False,,"no site, no research",NO_WEBSITE,,
All Trades Austin Contracting Co. Yes,,,+1 512-999-1587,,5,10,NEEDS_REVIEW,insufficient signal,False,,"no site, no research",NO_WEBSITE,,
Kiss My Glass ATX Yes,,,+1 530-925-2912,,4.4,7,NEEDS_REVIEW,"glass shop or building contractor, window scope unknown",False,,"no site, no research",NO_WEBSITE,,
Aztec empire windows and doors Yes,,,+1 561-223-9912,,5,0,YES,name states window installation/replacement/doors,False,,name/review keywords,NO_WEBSITE,,
Superior Window Tinting Yes,,,+1 602-487-5915,,4,95,NO,window tint/film only,False,,name/review keywords,NO_WEBSITE,,
Arizona Glass and Repair LLC Yes,,,+1 602-518-6412,,4,4,NEEDS_REVIEW,"glass shop or building contractor, window scope unknown",False,,"no site, no research",NO_WEBSITE,,
Noble General Contracting Yes,,,+1 602-820-5935,,0,0,NEEDS_REVIEW,insufficient signal,False,,"no site, no research",NO_WEBSITE,,
PHX West Valley Barn Doors Yes,,,+1 602-919-9549,,4.2,26,NEEDS_REVIEW,insufficient signal,False,,"no site, no research",NO_WEBSITE,,
Le Mans Window Services Yes,,,+1 615-601-2599,,5,8,NEEDS_REVIEW,window in name but service type unconfirmed,False,,"no site, no research",NO_WEBSITE,,
Better View Window Systems Yes,,,+1 623-323-8959,,5,15,NEEDS_REVIEW,window in name but service type unconfirmed,False,,"no site, no research",NO_WEBSITE,,
First Due Window Cleaning Yes,,,+1 630-730-2356,,5,3,NO,window cleaning/washing,False,,name/review keywords,NO_WEBSITE,,
Ez fix remodeling & renovations Yes,,,+1 682-785-9074,,5,20,NEEDS_REVIEW,insufficient signal,False,,"no site, no research",NO_WEBSITE,,
Lopez Auto Glass Yes,,,+1 737-210-2525,,4.8,46,NEEDS_REVIEW,"auto-glass name, but may also do building glass — must verify",False,,"no site, no research",NO_WEBSITE,,
J&M Pro Remodeling Yes,,,+1 737-267-6053,,5,9,NEEDS_REVIEW,insufficient signal,False,,"no site, no research",NO_WEBSITE,,
Capital Windshield Repair Yes,,,+1 737-291-7074,,5,9,NO,"vehicle/automotive business, no glass or window signal",False,,name/review keywords,NO_WEBSITE,,
Lauderdale Lakes FL Window Pros Yes,,,+1 754-212-9652,,0,0,NEEDS_REVIEW,window in name but service type unconfirmed,False,,"no site, no research",NO_WEBSITE,,
Apex Total Construction LLC Yes,,,+1 754-289-2673,,5,2,NEEDS_REVIEW,"glass shop or building contractor, window scope unknown",False,,"no site, no research",NO_WEBSITE,,
Raintree Siding and Windows Yes,,,+1 815-509-6101,,0,0,NEEDS_REVIEW,window in name but service type unconfirmed,False,,"no site, no research",NO_WEBSITE,,
Windowpane Yes,,,+1 815-621-1095,,5,2,NEEDS_REVIEW,window in name but service type unconfirmed,False,,"no site, no research",NO_WEBSITE,,
Master Carpenter Contracting Yes,,,+1 815-621-1987,,5,0,NEEDS_REVIEW,insufficient signal,False,,"no site, no research",NO_WEBSITE,,
SIDEWERKZ Yes,,,+1 815-668-6441,,5,5,NEEDS_REVIEW,insufficient signal,False,,"no site, no research",NO_WEBSITE,,
J Wales Home Solutions Yes,,,+1 817-310-8885,,0,0,NEEDS_REVIEW,insufficient signal,False,,"no site, no research",NO_WEBSITE,,
A auto glass Yes,,,+1 817-701-5738,,5,32,NEEDS_REVIEW,"auto-glass name, but may also do building glass — must verify",False,,"no site, no research",NO_WEBSITE,,
Glassly Yes,,,+1 832-280-5893,,5,0,NEEDS_REVIEW,insufficient signal,False,,"no site, no research",NO_WEBSITE,,
Admiral Windows USA Yes,,,+1 888-236-2317,,5,7,NEEDS_REVIEW,window in name but service type unconfirmed,False,,"no site, no research",NO_WEBSITE,,
Cover Glass Dallas Yes,,,+1 888-457-3667,,0,0,NEEDS_REVIEW,"glass shop or building contractor, window scope unknown",False,,"no site, no research",NO_WEBSITE,,
Innovative Car Sound & Security Yes,,,+1 903-804-7661,,4.6,36,NEEDS_REVIEW,insufficient signal,False,,"no site, no research",NO_WEBSITE,,
Double M Glass Yes,,,+1 928-522-3667,,5,3,NEEDS_REVIEW,"glass shop or building contractor, window scope unknown",False,,"no site, no research",NO_WEBSITE,,
Aztec Empire Windows And Doors LLC Yes,,,+1 954-356-3256,,5,0,YES,name states window installation/replacement/doors,False,,name/review keywords,NO_WEBSITE,,
Roa Industries Yes,,,+1 956-264-0888,,4.3,11,NEEDS_REVIEW,insufficient signal,False,,"no site, no research",NO_WEBSITE,,
Wrapped Up ATX Yes,,,+1 970-590-3674,,5,10,NEEDS_REVIEW,insufficient signal,False,,"no site, no research",NO_WEBSITE,,
Solar Screens Plus Dallas Yes,,,+1 972-200-1712,,5,0,NEEDS_REVIEW,insufficient signal,False,,"no site, no research",NO_WEBSITE,,
Prime Windows Yes,,,+1 972-299-0193,,1,0,NEEDS_REVIEW,window in name but service type unconfirmed,False,,"no site, no research",NO_WEBSITE,,
Jerris Construction Yes,,,+1 972-854-8011,,5,0,NEEDS_REVIEW,"glass shop or building contractor, window scope unknown",False,,"no site, no research",NO_WEBSITE,,
Jr & Sr Auto Glass Yes,,,+1 972-916-0298,,5,23,NEEDS_REVIEW,"auto-glass name, but may also do building glass — must verify",False,,"no site, no research",NO_WEBSITE,,
Winscreen Products Yes,,,"10217 Garland Rd, Dallas, TX 75218, United States","10217 Garland Rd, Dallas, TX 75218, United States",4.4,16,NEEDS_REVIEW,insufficient signal,False,,"no site, no research",NO_WEBSITE,,
Peque's Auto Mechanic Yes,,,"10220 Forest Ln, Dallas, TX 75243, United States","10220 Forest Ln, Dallas, TX 75243, United States",4.8,129,NEEDS_REVIEW,insufficient signal,False,,"no site, no research",NO_WEBSITE,,
Tip Top Window Cleaning LLC Yes,,,"10413 Snapdragon Dr, Austin, TX 78739, United States","10413 Snapdragon Dr, Austin, TX 78739, United States",5,5,NO,window cleaning/washing,False,,name/review keywords,NO_WEBSITE,,
Hector's Solar Screens & Blinds Yes,,,+1 469-233-6294,"107 Triumph Rd, Dallas, TX 75241, United States",4.2,5,NO,blinds/shades/shutters/drapery (window treatments),False,,name/review keywords,NO_WEBSITE,,
Park Cities Gutter and Window Cleaning Co Yes,,,"1111 W Mockingbird Ln Unit 7-3, Dallas, TX 75247, United States","1111 W Mockingbird Ln Unit 7-3, Dallas, TX 75247, United States",5,29,NO,window cleaning/washing,False,,name/review keywords,NO_WEBSITE,,
At Auto Glass Yes,,,"11116 Middle Fiskville Rd STE C, Austin, TX 78753, United States","11116 Middle Fiskville Rd STE C, Austin, TX 78753, United States",4.7,12,NEEDS_REVIEW,"auto-glass name, but may also do building glass — must verify",False,,"no site, no research",NO_WEBSITE,,
Lucky's Mobile Auto Glass Yes,,,"1112 10th Ave, Rockford, IL 61104, United States","1112 10th Ave, Rockford, IL 61104, United States",4.3,43,NEEDS_REVIEW,"auto-glass name, but may also do building glass — must verify",False,,"no site, no research",NO_WEBSITE,,
A1 General Contracting LLC Yes,,,"11125 Cherisse Dr, Austin, TX 78739, United States","11125 Cherisse Dr, Austin, TX 78739, United States",3.5,11,NEEDS_REVIEW,insufficient signal,False,,"no site, no research",NO_WEBSITE,,
Shutter Solutions Inc Yes,,,"11211 Gemini Ln, Dallas, TX 75229, United States","11211 Gemini Ln, Dallas, TX 75229, United States",4.8,6,NO,blinds/shades/shutters/drapery (window treatments),False,,name/review keywords,NO_WEBSITE,,
JK Glass Yes,,,"11220 Goodnight Ln, Dallas, TX 75229, United States","11220 Goodnight Ln, Dallas, TX 75229, United States",4.5,33,NEEDS_REVIEW,"glass shop or building contractor, window scope unknown",False,,"no site, no research",NO_WEBSITE,,
Kerygma Glass Yes,,,"11227 Goodnight Ln, Dallas, TX 75229, United States","11227 Goodnight Ln, Dallas, TX 75229, United States",2.2,9,NEEDS_REVIEW,"glass shop or building contractor, window scope unknown",False,,"no site, no research",NO_WEBSITE,,
Signature Steel Doors and Windows Yes,,,"11400 Naples Cove, Austin, TX 78739, United States","11400 Naples Cove, Austin, TX 78739, United States",4.8,4829,NEEDS_REVIEW,window in name but service type unconfirmed,False,,"no site, no research",NO_WEBSITE,,
J.P Glass LLC Yes,,,"11453 Newkirk St, Dallas, TX 75229, United States","11453 Newkirk St, Dallas, TX 75229, United States",4.6,10,NEEDS_REVIEW,"glass shop or building contractor, window scope unknown",False,,"no site, no research",NO_WEBSITE,,
Premium Texas Tint Yes,,,"11504 Garland Rd, Dallas, TX 75218, United States","11504 Garland Rd, Dallas, TX 75218, United States",5,4,NEEDS_REVIEW,insufficient signal,False,,"no site, no research",NO_WEBSITE,,
Franck Construction and Services Yes,,,"11511 Metric Blvd, Austin, TX 78758, United States","11511 Metric Blvd, Austin, TX 78758, United States",5,5042,NEEDS_REVIEW,"glass shop or building contractor, window scope unknown",False,,"no site, no research",NO_WEBSITE,,
Sidingrepairservicesanleanna Yes,,,"11601 Circle Dr, Austin, TX 78748, United States","11601 Circle Dr, Austin, TX 78748, United States",0,0,NEEDS_REVIEW,insufficient signal,False,,"no site, no research",NO_WEBSITE,,
The Broken Window Yes,,,"12831 Meehan Dr, Austin, TX 78727, United States","12831 Meehan Dr, Austin, TX 78727, United States",0,0,NEEDS_REVIEW,window in name but service type unconfirmed,False,,"no site, no research",NO_WEBSITE,,
GF Window Company Yes,,,"1323 29th St, Rockford, IL 61108, United States","1323 29th St, Rockford, IL 61108, United States",3,2,YES,name states window installation/replacement/doors,False,,name/review keywords,NO_WEBSITE,,
GF your Home Exterior Experts since 1974 Yes,,,"1329 29th St, Rockford, IL 61108, United States","1329 29th St, Rockford, IL 61108, United States",3.7,3,NEEDS_REVIEW,"glass shop or building contractor, window scope unknown",False,,"no site, no research",NO_WEBSITE,,
Chapos auto glass replacement Yes,,,"1331 Geneva Ave, Rockford, IL 61108, United States","1331 Geneva Ave, Rockford, IL 61108, United States",4.5,19,NEEDS_REVIEW,"auto-glass name, but may also do building glass — must verify",False,,"no site, no research",NO_WEBSITE,,
moonshadow of dallas Yes,,,"13540 Vargon St, Dallas, TX 75243, United States","13540 Vargon St, Dallas, TX 75243, United States",4.3,6,NEEDS_REVIEW,insufficient signal,False,,"no site, no research",NO_WEBSITE,,
Continuum Restoration - Dallas Yes,,,"13659 Jupiter Rd #200, Dallas, TX 75238, United States","13659 Jupiter Rd #200, Dallas, TX 75238, United States",5,67,NEEDS_REVIEW,"glass shop or building contractor, window scope unknown",False,,"no site, no research",NO_WEBSITE,,
Clearly Yes,,,"13809 Research Blvd, Austin, TX 78750, United States","13809 Research Blvd, Austin, TX 78750, United States",4.8,100,NEEDS_REVIEW,insufficient signal,False,,"no site, no research",NO_WEBSITE,,
Sidingrepairservicewinsdorpark Yes,,,"1404 Hillcrest Dr, Austin, TX 78723, United States","1404 Hillcrest Dr, Austin, TX 78723, United States",0,0,NEEDS_REVIEW,insufficient signal,False,,"no site, no research",NO_WEBSITE,,
Universoul Window Tinting Yes,,,"1451 W Cypress Creek Rd Ste 300, Fort Lauderdale, FL 33309, United States","1451 W Cypress Creek Rd Ste 300, Fort Lauderdale, FL 33309, United States",4,429,NO,window tint/film only,False,,name/review keywords,NO_WEBSITE,,
RABS Cleaning Yes,,,"1520 Dewberry Blvd #202, Lancaster, TX 75134, United States","1520 Dewberry Blvd #202, Lancaster, TX 75134, United States",4.8,4,NEEDS_REVIEW,insufficient signal,False,,"no site, no research",NO_WEBSITE,,
Frameless glass and Windows Yes,,,"1601 E Slaughter Ln, Austin, TX 78747, United States","1601 E Slaughter Ln, Austin, TX 78747, United States",2.3,3,NEEDS_REVIEW,window in name but service type unconfirmed,False,,"no site, no research",NO_WEBSITE,,
Tex Siding & Windows Yes,,,"1607 Chelsea Ln, Austin, TX 78704, United States","1607 Chelsea Ln, Austin, TX 78704, United States",5,2,NEEDS_REVIEW,window in name but service type unconfirmed,False,,"no site, no research",NO_WEBSITE,,
Window Works Window Cleaning Yes,,,"1614 N Bell School Rd, Rockford, IL 61107, United States","1614 N Bell School Rd, Rockford, IL 61107, United States",5,16,NO,window cleaning/washing,False,,name/review keywords,NO_WEBSITE,,
Clearview Austin Yes,,,"1700 Willow Creek Dr, Austin, TX 78741, United States","1700 Willow Creek Dr, Austin, TX 78741, United States",5,6,NEEDS_REVIEW,insufficient signal,False,,"no site, no research",NO_WEBSITE,,
Texas Discount Siding & Windows Yes,,,"1708 Canterbury St, Austin, TX 78702, United States","1708 Canterbury St, Austin, TX 78702, United States",5,502,NEEDS_REVIEW,window in name but service type unconfirmed,False,,"no site, no research",NO_WEBSITE,,
Custom Stereos Monterrey Yes,,,"1716 S Westmoreland Rd, Dallas, TX 75211, United States","1716 S Westmoreland Rd, Dallas, TX 75211, United States",4.2,44,NEEDS_REVIEW,insufficient signal,False,,"no site, no research",NO_WEBSITE,,
EPC Glass Yes,,,"1834 Ferguson Ln, Austin, TX 78754, United States","1834 Ferguson Ln, Austin, TX 78754, United States",5,6,NEEDS_REVIEW,"glass shop or building contractor, window scope unknown",False,,"no site, no research",NO_WEBSITE,,
Superior Auto Glass Yes,,,"1908 W Mockingbird Ln, Dallas, TX 75235, United States","1908 W Mockingbird Ln, Dallas, TX 75235, United States",5,43114,NEEDS_REVIEW,"auto-glass name, but may also do building glass — must verify",False,,"no site, no research",NO_WEBSITE,,
Lake Travis Mobile Glass Yes,,,"1909 Ranch Rd 620 N #3d, Lakeway, TX 78734, United States","1909 Ranch Rd 620 N #3d, Lakeway, TX 78734, United States",4.5,39,NEEDS_REVIEW,"glass shop or building contractor, window scope unknown",False,,"no site, no research",NO_WEBSITE,,
Greyhammer - Roofing & Construction Yes,,,"1920 McKinney Ave #700, Dallas, TX 75201, United States","1920 McKinney Ave #700, Dallas, TX 75201, United States",4.6,11,NEEDS_REVIEW,"glass shop or building contractor, window scope unknown",False,,"no site, no research",NO_WEBSITE,,
Refined Shade Solutions Yes,,,+1 414-249-0038,"200 Prairie St, Rockford, IL 61107, United States",0,0,NO,blinds/shades/shutters/drapery (window treatments),False,,name/review keywords,NO_WEBSITE,,
Imperial Auto Glass Yes,,,+1 214-630-6724,"2130 Quarry St, Dallas, TX 75212, United States",4.8,22,NEEDS_REVIEW,"auto-glass name, but may also do building glass — must verify",False,,"no site, no research",NO_WEBSITE,,
FoggyGlassFix Yes,,,+1 214-771-5267,"2212 Stanford St, Garland, TX 75041, United States",3.3,3,NEEDS_REVIEW,insufficient signal,False,,"no site, no research",NO_WEBSITE,,
JJ Glass & Mirror LLC Yes,,,+1 214-970-2387,"2426 Merrell Rd Ste 102, Dallas, TX 75229, United States",4.2,5,NEEDS_REVIEW,"glass shop or building contractor, window scope unknown",False,,"no site, no research",NO_WEBSITE,,
Austin Cut Glass Yes,,,+1 210-838-3230,"2501 De Soto Dr, Austin, TX 78733, United States",5,73,NEEDS_REVIEW,"glass shop or building contractor, window scope unknown",False,,"no site, no research",NO_WEBSITE,,
GAAAP Glass & Windows Yes,,,+1 424-557-9767,"2508 State St, Dallas, TX 75201, United States",0,0,NEEDS_REVIEW,window in name but service type unconfirmed,False,,"no site, no research",NO_WEBSITE,,
Star Glass Auto Glass Repair & Replacement Yes,,,+1 682-460-3555,"2636 Walnut Hill Ln Ste 110, Dallas, TX 75220, United States",4.4,29,NEEDS_REVIEW,"auto-glass name, but may also do building glass — must verify",False,,"no site, no research",NO_WEBSITE,,
Doc Window Installation Yes,,,+1 737-391-0324,"2700 W Pecan St Unit 121, Pflugerville, TX 78660, United States",5,4,YES,name states window installation/replacement/doors,False,,name/review keywords,NO_WEBSITE,,
TruView Windows and Doors Yes,,,+1 945-382-4402,"2703 Chalk Hill Rd, Dallas, TX 75212, United States",0,0,YES,name states window installation/replacement/doors,False,,name/review keywords,NO_WEBSITE,,
Ceramic Window Tint Polarizado and Auto Detailing Yes,,,+1 469-878-4363,"2802 Cartwright St, Dallas, TX 75212, United States",4.5,24,NO,window tint/film only,False,,name/review keywords,NO_WEBSITE,,
SABINAS AUTOMOTIVE & STATE INSPECTION Yes,,,+1 214-634-8112,"2823 N Hampton Rd, Dallas, TX 75212, United States",4.5,55,NO,"vehicle/automotive business, no glass or window signal",False,,name/review keywords,NO_WEBSITE,,
Tints and Wraps Pitcrew Yes,,,+1 954-348-5650,"2855 W Commercial Blvd, Tamarac, FL 33309, United States",4.9,64,NEEDS_REVIEW,insufficient signal,False,,"no site, no research",NO_WEBSITE,,
Integrity Window Replacement Austin Yes,,,+1 512-737-2975,"2901 Medical Arts St Ste.108, Austin, TX 78705, United States",5,2,YES,name states window installation/replacement/doors,False,,name/review keywords,NO_WEBSITE,,
NTX HANDYMAN & CONTRACTORS LLC Yes,,,+1 214-284-3115,"2934 N Bend Dr, Dallas, TX 75229, United States",5,57,NEEDS_REVIEW,"glass shop or building contractor, window scope unknown",False,,"no site, no research",NO_WEBSITE,,
m1 auto glass Yes,,,+1 214-463-0709,"301 S Carroll Ave, Dallas, TX 75226, United States",5,0,NEEDS_REVIEW,"auto-glass name, but may also do building glass — must verify",False,,"no site, no research",NO_WEBSITE,,
Better View Windows Installation Yes,,,+1 754-336-5336,"3100-4661 W Commercial Blvd #173, Tamarac, FL 33309, United States",5,0,NEEDS_REVIEW,window in name but service type unconfirmed,False,,"no site, no research",NO_WEBSITE,,
Dave Windows & Doors Yes,,,+1 786-947-5050,"3107 Stirling Rd #205, Fort Lauderdale, FL 33312, United States",4.6,4619,YES,name states window installation/replacement/doors,False,,name/review keywords,NO_WEBSITE,,
Glass Solution LLC Yes,,,+1 469-329-9481,"3136 O Bannon Dr, Dallas, TX 75224, United States",5,501,NEEDS_REVIEW,"glass shop or building contractor, window scope unknown",False,,"no site, no research",NO_WEBSITE,,
Sidingrepairservicecentral austin Yes,,,+1 839-318-8537,"3204 Tom Green St, Austin, TX 78705, United States",0,0,NEEDS_REVIEW,insufficient signal,False,,"no site, no research",NO_WEBSITE,,
Clean Time Softwash Yes,,,,"3500 Del Robles Dr, Austin, TX 78727, United States",5,80,NEEDS_REVIEW,insufficient signal,False,,"no site, no research",NO_WEBSITE,,
Tint on 7th st Yes,,,,"3508 E 7th St B, Austin, TX 78702, United States",5,4,NEEDS_REVIEW,insufficient signal,False,,"no site, no research",NO_WEBSITE,,
Jimmy’s Windshield Repair Yes,,,+1 346-235-3106,"3550 E Overton Rd #1229, Dallas, TX 75216, United States",5,101,NO,"vehicle/automotive business, no glass or window signal",False,,name/review keywords,NO_WEBSITE,,
A & M Remodel and Construction Yes,,,+1 972-809-3528,"3619 Brandon St, Dallas, TX 75211, United States",4.4,7,NEEDS_REVIEW,"glass shop or building contractor, window scope unknown",False,,"no site, no research",NO_WEBSITE,,
Discount construction Materials Yes,,,+1 214-638-8786,"3711 Singleton Blvd, Dallas, TX 75212, United States",4.1,286,NEEDS_REVIEW,"glass shop or building contractor, window scope unknown",False,,"no site, no research",NO_WEBSITE,,
Diamond Customs ATX - Auto Accessories & Suspension Lift Specialist Yes,,,+1 512-757-7719,"3802 Houston St, Austin, TX 78734, United States",5,31,NEEDS_REVIEW,insufficient signal,False,,"no site, no research",NO_WEBSITE,,
Expert Electronics Yes,,,+1 779-423-0383,"3940 Broadway, Rockford, IL 61108, United States",4.6,194,NEEDS_REVIEW,insufficient signal,False,,"no site, no research",NO_WEBSITE,,
Uptown Auto Care Yes,,,+1 214-370-0376,"4307 Main St, Dallas, TX 75226, United States",5,7,NEEDS_REVIEW,insufficient signal,False,,"no site, no research",NO_WEBSITE,,
Sidingrepairservicemueller Yes,,,+1 864-701-3883,"4508 Kocurek St, Austin, TX 78723, United States",0,0,NEEDS_REVIEW,insufficient signal,False,,"no site, no research",NO_WEBSITE,,
SkyGlass Yes,,,+1 512-535-0172,"4528 Senda Ln, Austin, TX 78725, United States",5,3,NEEDS_REVIEW,insufficient signal,False,,"no site, no research",NO_WEBSITE,,
Ultimate ATX LLC Yes,,,+1 512-563-3683,"4534 Doss Rd, Austin, TX 78734, United States",4.4,36,NEEDS_REVIEW,insufficient signal,False,,"no site, no research",NO_WEBSITE,,
K K ATX AUTO GLASS LLC Yes,,,+1 918-886-5009,"4600 Elmont Dr, Austin, TX 78741, United States",5,16,NEEDS_REVIEW,"auto-glass name, but may also do building glass — must verify",False,,"no site, no research",NO_WEBSITE,,
Williams Windows Yes,,,+1 817-944-6268,"4653 Nall Rd D5, Farmers Branch, TX 75244, United States",4.6,29,NEEDS_REVIEW,window in name but service type unconfirmed,False,,"no site, no research",NO_WEBSITE,,
Mighty Auto Glass Yes,,,+1 469-879-2036,"4722 Maple Ave, Dallas, TX 75219, United States",1,3,NEEDS_REVIEW,"auto-glass name, but may also do building glass — must verify",False,,"no site, no research",NO_WEBSITE,,
Dominguez Supplies Yes,,,+1 469-774-5948,"4771 Scyene Rd, Dallas, TX 75210, United States",4.4,55,NEEDS_REVIEW,insufficient signal,False,,"no site, no research",NO_WEBSITE,,
Universal Windows Direct Phoenix Yes,,,+1 480-634-8100,"4836 E McDowell Rd #101, Phoenix, AZ 85008, United States",3.6,39,NEEDS_REVIEW,window in name but service type unconfirmed,False,,"no site, no research",NO_WEBSITE,,
Secured Storefronts Glass Repair & Security Bars Yes,,,+1 469-751-7601,"4949 Beeman Ave #102, Dallas, TX 75223, United States",5,501,NEEDS_REVIEW,"glass shop or building contractor, window scope unknown",False,,"no site, no research",NO_WEBSITE,,
TLV Sliding fort lauderdale Yes,,,+1 954-860-2873,"501 NE 33rd St, Oakland Park, FL 33334, United States",4.9,4969,NEEDS_REVIEW,insufficient signal,False,,"no site, no research",NO_WEBSITE,,
Window Tint By Merle Yes,,,+1 815-742-4846,"5046 Bent Tree Ct, Rockford, IL 61114, United States",5,4,NO,window tint/film only,False,,name/review keywords,NO_WEBSITE,,
Probuilt Construction Yes,,,+1 469-359-0324,"509 Abraham Ct, Irving, TX 75060, United States",4.9,31,NEEDS_REVIEW,"glass shop or building contractor, window scope unknown",False,,"no site, no research",NO_WEBSITE,,
Reinhardts Glass Company Yes,,,+1 512-892-2230,"5206 US-290, Austin, TX 78735, United States",4.5,22,NEEDS_REVIEW,"glass shop or building contractor, window scope unknown",False,,"no site, no research",NO_WEBSITE,,
Sidingrepairservicelost creek Yes,,,+1 215-771-7950,"524 Beardsley Ln, Austin, TX 78746, United States",0,0,NEEDS_REVIEW,insufficient signal,False,,"no site, no research",NO_WEBSITE,,
Local Pro Construction Yes,,,+1 512-902-6560,"5305 Hudson Bend Rd, Austin, TX 78734, United States",5,27,NEEDS_REVIEW,"glass shop or building contractor, window scope unknown",False,,"no site, no research",NO_WEBSITE,,
Mcgregor Léveillé Contracting inc MLCI Yes,,,+1 954-882-6314,"5444 SW 24th Ave, Fort Lauderdale, FL 33312, United States",5,2,NEEDS_REVIEW,insufficient signal,False,,"no site, no research",NO_WEBSITE,,
Carter's General Contracting Yes,,,+1 214-758-9519,"5515 Gaston Ave, Dallas, TX 75214, United States",4.8,33,NEEDS_REVIEW,insufficient signal,False,,"no site, no research",NO_WEBSITE,,
Giem Glass and Aluminum Fabrication,,,,,5,501,NEEDS_REVIEW,"glass shop or building contractor, window scope unknown",False,,"no site, no research",NO_WEBSITE,,
Window Contractors Yes,,,,"5555 N Lamar Blvd Ste L-125, Austin, TX 78751, United States",2.3,3,NEEDS_REVIEW,window in name but service type unconfirmed,False,,"no site, no research",NO_WEBSITE,,
Nicky B's Auto Glass Yes,,,+1 815-519-9404,"5691 Covey Ridge Trail, Loves Park, IL 61111, United States",4.8,55,NEEDS_REVIEW,"auto-glass name, but may also do building glass — must verify",False,,"no site, no research",NO_WEBSITE,,
Window Yes,,,,"6025 Hunters View Ln, Dallas, TX 75232, United States",5,3,NEEDS_REVIEW,window in name but service type unconfirmed,False,,"no site, no research",NO_WEBSITE,,
Fred's Screens Yes,,,+1 469-730-0292,"622 S Westmoreland Rd, Dallas, TX 75211, United States",4,3,NEEDS_REVIEW,insufficient signal,False,,"no site, no research",NO_WEBSITE,,
FORT LAUDERDALE CONSTRUCTION LLC Yes,,,,"6311 NE 20th Terrace, Fort Lauderdale, FL 33308, United States",0,0,NEEDS_REVIEW,"glass shop or building contractor, window scope unknown",False,,"no site, no research",NO_WEBSITE,,
Ridgewood Home & Commercial Services Yes,,,+1 512-998-4184,"6804 Covered Bridge Dr, Austin, TX 78736, United States",4.7,3,NEEDS_REVIEW,insufficient signal,False,,"no site, no research",NO_WEBSITE,,
Window Treatment Plus Yes,,,+1 954-709-3273,"6854 NW 20th Ave, Fort Lauderdale, FL 33309, United States",5,4,NO,blinds/shades/shutters/drapery (window treatments),False,,name/review keywords,NO_WEBSITE,,
N&M Remodeling Yes,,,+1 512-429-9269,"6855 E Hwy 290 #169, Austin, TX 78723, United States",3,2,NEEDS_REVIEW,insufficient signal,False,,"no site, no research",NO_WEBSITE,,
Vested Roofing Services Yes,,,+1 214-334-2954,"6912 Sweet Sue Ln, Dallas, TX 75241, United States",4,5,NEEDS_REVIEW,"glass shop or building contractor, window scope unknown",False,,"no site, no research",NO_WEBSITE,,
Solar screen savers Yes,,,+1 972-679-0133,"7019 Bates St, Dallas, TX 75227, United States",4.9,107,NO,window tint/film only,False,,name/review keywords,NO_WEBSITE,,
Sidingrepairservicewestlakehills Yes,,,+1 582-285-5078,"715 Windsong Trail, West Lake Hills, TX 78746, United States",0,0,NEEDS_REVIEW,insufficient signal,False,,"no site, no research",NO_WEBSITE,,
All Star Window Tint Yes,,,+1 815-243-6247,"721 Tamarack Ln, Rockford, IL 61107, United States",4.9,77,NO,window tint/film only,False,,name/review keywords,NO_WEBSITE,,
Crane's Home Repair Yes,,,+1 815-243-2152,"732 S Horace Ave, Rockford, IL 61102, United States",1,104,NEEDS_REVIEW,insufficient signal,False,,"no site, no research",NO_WEBSITE,,
Window Craft Interiors Yes,,,+1 931-584-1872,"7th St, Rockford, IL 61104, United States",0,0,NEEDS_REVIEW,window in name but service type unconfirmed,False,,"no site, no research",NO_WEBSITE,,
Blind Tech LLC Yes,,,+1 512-339-3697,"801 Glen Rd, Austin, TX 78753, United States",5,284,NO,blinds/shades/shutters/drapery (window treatments),False,,name/review keywords,NO_WEBSITE,,
Peaceful Hill Motors Yes,,,+1 512-291-3001,"8201 Peaceful Hill Ln, Austin, TX 78748, United States",4.9,49,NEEDS_REVIEW,insufficient signal,False,,"no site, no research",NO_WEBSITE,,
Snyder Commercial Glass Yes,,,+1 512-833-5118,"8222 Jamestown Dr C122, Austin, TX 78758, United States",4.4,28,NEEDS_REVIEW,"glass shop or building contractor, window scope unknown",False,,"no site, no research",NO_WEBSITE,,
The Audio Group Yes,,,+1 214-575-6322,"8282 Spring Valley Rd #100, Dallas, TX 75240, United States",4.6,85,NEEDS_REVIEW,insufficient signal,False,,"no site, no research",NO_WEBSITE,,
HD shower Glass & Mari Glass Yes,,,+1 512-698-8466,"8290 S Central Expy, Dallas, TX 75241, United States",5,7,NEEDS_REVIEW,"glass shop or building contractor, window scope unknown",False,,"no site, no research",NO_WEBSITE,,
Sidingrepairserviceoak hill Yes,,,+1 269-460-8945,"8305 Red Willow Dr, Austin, TX 78736, United States",0,0,NEEDS_REVIEW,insufficient signal,False,,"no site, no research",NO_WEBSITE,,
UrbanCraft Exterior Yes,,,+1 737-309-3794,"8403 Gallatin Dr, Austin, TX 78736, United States",0,0,NEEDS_REVIEW,"glass shop or building contractor, window scope unknown",False,,"no site, no research",NO_WEBSITE,,
Rodriguez Water Damage Services Yes,,,+1 972-332-5117,"8427 Marigold Dr, Dallas, TX 75241, United States",4.5,18,NEEDS_REVIEW,insufficient signal,False,,"no site, no research",NO_WEBSITE,,
Eddy window tint Yes,,,+1 512-804-6949,"8624 FM812, Austin, TX 78719, United States",5,5,NO,window tint/film only,False,,name/review keywords,NO_WEBSITE,,
LJ Auto Glass Yes,,,+1 512-233-8648,"8800 N Interstate Hwy 35, Austin, TX 78753, United States",5,34,NEEDS_REVIEW,"auto-glass name, but may also do building glass — must verify",False,,"no site, no research",NO_WEBSITE,,
Major Window Installation Yes,,,+1 754-327-7825,"900 NW 6th St #111, Fort Lauderdale, FL 33311, United States",5,2,YES,name states window installation/replacement/doors,False,,name/review keywords,NO_WEBSITE,,
NuevaVista Windows Yes,,,+1 945-232-1378,"9848 Monroe Dr office b, Dallas, TX 75220, United States",4.7,9,NEEDS_REVIEW,window in name but service type unconfirmed,False,,"no site, no research",NO_WEBSITE,,
Adrielisha Glass and Installation Services,,,,,5,501,NEEDS_REVIEW,"glass shop or building contractor, window scope unknown",False,,"no site, no research",NO_WEBSITE,,
ISLA GLASS Doors & Windows Glass and Aluminum Fabrication & Installation Services,,,,,1,385,NEEDS_REVIEW,window in name but service type unconfirmed,False,,"no site, no research",NO_WEBSITE,,
JB Glass And Aluminum Services,,,,,5,501,NEEDS_REVIEW,"glass shop or building contractor, window scope unknown",False,,"no site, no research",NO_WEBSITE,,
