company_name,website,domain,phone,address,rating,review_count,qualified,window_services,also_vehicle_glass,evidence,source,site_status,conflicts_with_earlier_research,pages_checked
SONIQ Windows and Doors Austin,https://soniqwindows.com/,soniqwindows.com,+1 512-256-1734,,5,2,YES,name states window installation/replacement/doors,False,,name/review keywords,UNKNOWN,,https://soniqwindows.com/
CAT Exteriors Dallas,https://www.catexteriors.pro/,catexteriors.pro,+1 833-444-4228,"9865 Chartwell Dr, Dallas, TX 75243, United States",4.4,47,YES,installs/replaces windows; insulated glass unit work; named window styles; pane glazing work; replacement windows; window product line; window replacement/installation,False,ouble Lifetime Warranty We Help Homeowners Our Services Affordable Home Exterior Services Window Replacement Exterior Coatings Siding Installation Roof Installation HVAC Systems Patio Covers Single–,site scrape,YES,,https://www.catexteriors.pro/ | https://www.catexteriors.pro/window-services/ | https://www.catexteriors.pro/window-replacement-cost-in-california/ | https://www.catexteriors.pro/single-hung/
LockTight Impact Windows Doors & Roofing Yes,https://locktightimpact.com/?utm_source=omg-gbp&utm_medium=webclick,locktightimpact.com,+1 954-500-5625,"2200 SW 45th St #101, Fort Lauderdale, FL 33312, United States",4.8,2215,YES,installs/replaces windows; named window styles; replacement windows; window product line; window replacement/installation; windows & doors,False,allery Impact Windows ES Windows CWS Windows CGI Windows PGT Windows ECO Windows Mr-Glass Windows Replacement Windows Energy Efficient Windows Window Types Picture Windows Single Hung Window Horizont,site scrape,YES,,https://locktightimpact.com/ | https://locktightimpact.com/windows/mr-glass-impact-windows-doors-florida/ | https://locktightimpact.com/windows/replacement-windows/ | https://locktightimpact.com/windows/impact-windows/
American Strong Windows Doors & Roofs Inc Yes,https://americanstrong1.com/,americanstrong1.com,+1 954-245-1744,"966 NW 51st Pl, Fort Lauderdale, FL 33309, United States",5,10,YES,window product line; windows & doors,False,"y Rock Technology’s FAQ Contact home improvement Services You Can Rely On Specializing in impact windows, doors, and roofing solutions, we provide homeowners with top-tier, durable, and reliable",site scrape,YES,,https://americanstronghomes.com/ | https://americanstronghomes.com/category-5-impact-windows-doors/ | https://americanstronghomes.com/service/product-information/ | https://americanstronghomes.com/services/
Surplus Building Materials (SBMTX) | Home Improvement Doors Kitchens Floors & Installation Experts in Texas Yes,https://sbmtx.com/,sbmtx.com,+1 972-241-4444,"3404 Belt Line Rd, Farmers Branch, TX 75234, United States",4.3,483,YES,insulated glass unit work; pane glazing work,False,"Door Prehung Primed In-swing Height: 80"" Available in left and right hand Ready to paint Double pane glass $625.",site scrape,YES,,https://sbmtx.com/ | https://sbmtx.com/collections/fiberglass | https://sbmtx.com/pages/installation | https://sbmtx.com/products/3-0x8-0-exterior-mahogany-door-arched-6-lite
MR GLAZIER - Windows Doors Shower Enclosures No,https://mrglazier.com/fl-fort-lauderdale/,mrglazier.com,+1 954-504-6501,"217 S Federal Hwy, Fort Lauderdale, FL 33301, United States",0,0,YES,commercial storefront glazing; installs/replaces windows; named window styles; window product line; window replacement/installation; windows & doors,False,Explore our convenient showroom locations for all your window repair needs.,site scrape,YES,,https://mrglazier.com/ | https://mrglazier.com/residential/windows/window-insulation-sealing/ | https://mrglazier.com/windows-replacement/
Michaels Windows Doors & More,http://michaelswindowsdoorsandmore.com/,michaelswindowsdoorsandmore.com,+1 815-217-8429,,5,22,YES,reglazing; window replacement/installation,False,Michaels windows doors and more | window restoration and installation top of page SERVICES PROJECTS ABOUT US Menu Close www.,site scrape,YES,,https://www.michaelswindowsdoorsandmore.com/ | https://www.michaelswindowsdoorsandmore.com/services
Republic Windows Doors & Roofing,https://www.republicwindow.com/,republicwindow.com,"1541 E Commercial Blvd, Fort Lauderdale, FL 33334, United States","1541 E Commercial Blvd, Fort Lauderdale, FL 33334, United States",4.8,228,YES,commercial storefront glazing; installs/replaces windows; insulated glass unit work; named window styles; window product line; window replacement/installation; windows & doors,False,"ing Experts Republic Windows, Doors & Roofing provides professional impact window installation, hurricane-resistant doors, and residential roofing services throughout South Florida.",site scrape,YES,,https://republicwindow.com/ | https://republicwindow.com/impact-windows/commercial-impact-windows/ | https://republicwindow.com/impact-windows/casement-impact-windows/ | https://republicwindow.com/impact-windows/single-hung-impact-windows/
Advanced Windows Doors and More,https://advancedwindowsdoorsandmore.com/,advancedwindowsdoorsandmore.com,+1 469-678-0401,,5,30,YES,installs/replaces windows; named window styles; pane glazing work; replacement windows; window product line; window replacement/installation; windows & doors,False,all Text Email × Contact Us Fill out the form below: × Text Us Fill out the form below: Window Replacement & Installation in Van Alstyne Skip to content Google Reviews ★ ★ ★ ★ ★ Follow Us Mon–Fri,site scrape,YES,,https://advancedwindowsdoorsandmore.com/ | https://advancedwindowsdoorsandmore.com/services/windows/ | https://advancedwindowsdoorsandmore.com/services/
Titan Builders Impact Windows Doors and Roofing,https://www.titanbuilders.us/,titanbuilders.us,+1 561-768-4826,"718 NW 8th Ave, Fort Lauderdale, FL 33311, United States",5,50,YES,named window styles; window product line; window replacement/installation; windows & doors,False,I recommend them for all your window replacements from our own personal experience.,site scrape,YES,,https://titanbuilders.us/ | https://titanbuilders.us/windows | https://titanbuilders.us/impact-windows | https://titanbuilders.us/single-hung-windows
Andy's Sprinkler Drainage & Lighting,https://sprinklerdrainage.com/location/austin/?utm_source=gbp&utm_medium=organic&utm_campaign=gbp-listing&utm_content=austin-branch,sprinklerdrainage.com,+1 866-717-0318,"9729 N Interstate Hwy 35, Austin, TX 78753, United States",4.8,883,YES,windows & doors,False,"Window and Door Framing Make the entrance to your home stand out with a warm, welcoming touch.",site scrape,YES,,https://sprinklerdrainage.com/ | https://sprinklerdrainage.com/services/sprinkler-products/ | https://sprinklerdrainage.com/services/christmas-lighting-design-installation/ | https://sprinklerdrainage.com/services/landscape-lighting-products/
Windows & More Solutions Inc,http://www.windowsmoresolutions.com/,windowsmoresolutions.com,+1 954-534-1960,"4875 Volunteer Rd, Fort Lauderdale, FL 33330, United States",5,7,YES,installs/replaces windows; replacement windows; window product line; window replacement/installation; windows & doors,False,and adapt to new styles and trends. FREE ESTIMATE UV Protector & Light Enhancement Miami Windows and Door Installation Projects OFFICES BEDROOMS DINING ROOM LIVING ROOM LET'S TALK Miami Windows And Door Servi,site scrape,YES,,https://windowsmoresolutions.com/ | https://windowsmoresolutions.com/portfolio | https://windowsmoresolutions.com/about
Baker Roofing & Construction Inc,https://baker-roofing.com/,baker-roofing.com,+1 855-766-3777,"6507 Trammel Dr, Dallas, TX 75214, United States",4.9,62,YES,installs/replaces windows; named window styles; pane glazing work; replacement windows; window product line; window replacement/installation; windows & doors,False,rchitectural style and your personal preferences when making this decision. Understanding Window Installation Process The installation process for replacement windows is a critical factor in ensuring,site scrape,YES,,https://baker-roofing.com/ | https://baker-roofing.com/construction/replacement-windows/ | https://baker-roofing.com/faqs/are-replacement-windows-really-worth-the-cost/ | https://baker-roofing.com/commercial-roofing-services/commercial-roof-replacement/
Elite Remodeling Group Inc. No,https://www.eliteremodelinggroup.com/,eliteremodelinggroup.com,+1 815-977-9685,"5411 E State St, Rockford, IL 61108, United States",5,4353,YES,installs/replaces windows; named window styles; replacement windows; window product line; window replacement/installation; windows & doors,False,"ree Consultation Windows Roofing Siding Other Services Exterior Home Remodeling & Chicago Window Replacement Expert Window and Roof Replacement Services We install energy efficient windows, durable",site scrape,YES,,https://www.eliteremodelinggroup.com/ | https://www.eliteremodelinggroup.com/exterior-remodeling-services/window-replacement | https://www.eliteremodelinggroup.com/exterior-remodeling-services/window-replacement/bay-windows | https://www.eliteremodelinggroup.com/exterior-remodeling-services/window-replacement/bow-windows
WindowCraft Inc. No,https://windowcraftinc.com/,windowcraftinc.com,+1 940-726-5008,"6441 I-35 Frontage Rd, Gainesville, TX 76240, United States",3.5,8,YES,commercial storefront glazing; installs/replaces windows; insulated glass unit work; named window styles; window product line; window replacement/installation; windows & doors,False,"ovider of custom windows and doors in Dallas, offering high-quality window and door installations for custom builders, architects, designers, remodeling contractors, and homeowners.",site scrape,YES,,https://windowcraftinc.com/ | https://windowcraftinc.com/windows/ | https://windowcraftinc.com/window-material/ | https://windowcraftinc.com/custom-windows-doors-in-westlake-tx/
Action Window & Glass Inc.,http://actionwindowfl.com/,actionwindowfl.com,+1 754-293-7026,,4.8,59,YES,commercial storefront glazing; installs/replaces windows; insulated glass unit work; named window styles; pane glazing work; window product line; window replacement/installation; windows & doors,False,dos Commercial About Gallery Reviews Blog Contact Request a Free Estimate Reliable Impact Window and Door Installation in Broward and Palm Beach Counties No Subcontractors | High-Rise Specialists | Deal Owner,site scrape,YES,,https://www.actionwindowfl.com/ | https://www.actionwindowfl.com/windows-and-doors | https://www.actionwindowfl.com/impact-windows | https://www.actionwindowfl.com/services
Texas Door & Trim Inc.,http://www.tdt-inc.com/,tdt-inc.com,"11220 Petal St, Dallas, TX 75238, United States","11220 Petal St, Dallas, TX 75238, United States",2.8,24,YES,named window styles; window product line; window replacement/installation; windows & doors,False,Our factory trained professional provide on-site window and door installation support and expert tuning services.,site scrape,YES,,https://www.tdt-inc.com/ | https://www.tdt-inc.com/windows/ | https://www.tdt-inc.com/windowsresources/ | https://www.tdt-inc.com/euroline/
Scratch Removal Specialists Inc.,http://www.srsscratch.com/,srsscratch.com,"1140 NE 7th Ave Unit 5, Fort Lauderdale, FL 33304, United States","1140 NE 7th Ave Unit 5, Fort Lauderdale, FL 33304, United States",5,65,YES,building glass replacement; window replacement/installation,True,"rease d value and beauty of your property . No project too big or too small From a single window repair to an entire building restoration, we have the experience and staffing to take on your pr",site scrape,YES,,https://srsscratch.com/ | https://srsscratch.com/services/glass-restoration/ | https://srsscratch.com/services/glass-sealant/ | https://srsscratch.com/who-we-serve/residential/
The Door Doctor of South Florida Inc.,https://www.thedoordoctor.net/,thedoordoctor.net,"1188 NE 47th St, Oakland Park, FL 33334, United States","1188 NE 47th St, Oakland Park, FL 33334, United States",4.9,331,YES,installs/replaces windows; named window styles; pane glazing work; window product line; window replacement/installation; windows & doors,False,"The Door Doctor of South FL| Garage Doors, Openers, Entry Doors & Windows Repair Garage Door Repair Broken Springs Garage Door Opener Repair Maintenance & Tune-Ups Servic",site scrape,YES,,https://www.thedoordoctor.net/ | https://www.thedoordoctor.net/products/windows/ | https://www.thedoordoctor.net/services/windows/ | https://www.thedoordoctor.net/services/pricing/
East Coast Windows & Doors Inc.,https://eastcoastwindows.com/,eastcoastwindows.com,"1711 SW 7th Ave, Pompano Beach, FL 33060, United States","1711 SW 7th Ave, Pompano Beach, FL 33060, United States",4.5,110,YES,installs/replaces windows; insulated glass unit work; named window styles; window product line; window replacement/installation; windows & doors,False,"Wellington, FL West Palm Beach, FL Facebook-f Twitter Instagram Youtube Hurricane Impact Windows and Door Replacement in South Florida.",site scrape,YES,,https://eastcoastwindows.com/ | https://eastcoastwindows.com/impact-window-installation-south-florida/ | https://eastcoastwindows.com/custom-impact-windows/ | https://eastcoastwindows.com/casement-windows/
Austin Retrofit Inc.,http://www.austinretrofit.com/,austinretrofit.com,"1834 Ferguson Ln Bldg 1300, Austin, TX 78754, United States","1834 Ferguson Ln Bldg 1300, Austin, TX 78754, United States",4.5,30,YES,installs/replaces windows; insulated glass unit work; named window styles; window product line; window replacement/installation; windows & doors,False,"Angie's List Review First of all, I had them do full house window replacements about 4 years ago and was very happy with that.",site scrape,YES,,https://www.austinretrofit.com/ | https://www.austinretrofit.com/retrofit-/-replacement | https://www.austinretrofit.com/installation-/-waterproofing | https://www.austinretrofit.com/service
Windows of Texas Inc.,https://windowsoftexas.com/,windowsoftexas.com,+1 682-201-5645,"312 W Northwest Hwy, Grapevine, TX 76051, United States",4.8,21,YES,installs/replaces windows; pane glazing work; replacement windows; window product line; window replacement/installation; windows & doors,False,"We’ve Been Featured On BizTV Texas Windows of Texas Team Value Approach Before and after windows install in Flower Mound, Texas Window Replacement at multifaceted windows and door project in Sou",site scrape,YES,,https://windowsoftexas.com/ | https://windowsoftexas.com/services/residential-windows/ | https://windowsoftexas.com/services/residential-exterior-doors/ | https://windowsoftexas.com/services/
SunStorm Construction Inc.,https://www.sunstormconstruction.com/,sunstormconstruction.com,+1 954-398-5060,"501 E Las Olas Blvd Ste 200 & 300, Fort Lauderdale, FL 33301, United States",5,7,YES,commercial storefront glazing; insulated glass unit work; named window styles; window product line; window replacement/installation; windows & doors,False,Impact window installation requires a building permit in all South Florida jurisdictions.,site scrape,YES,,https://www.sunstormconstruction.com/ | https://www.sunstormconstruction.com/impact-windows | https://www.sunstormconstruction.com/new-construction-impact-windows/ | https://www.sunstormconstruction.com/product-catalog
All American Windows and Doors Inc.,http://www.aawimpact.com/,aawimpact.com,+1 954-786-8525,"6001 Powerline Rd Ste B, Fort Lauderdale, FL 33309, United States",3.6,77,YES,commercial storefront glazing; installs/replaces windows; replacement windows; window product line; window replacement/installation; windows & doors,False,Full window replacements.,site scrape,YES,,https://www.aawimpact.com/ | https://www.aawimpact.com/service
Top Notch Roofing & Exteriors INC.,http://topnotchroofing.net/,topnotchroofing.net,+1 815-721-4666,"7703 Forest Hills Rd, Loves Park, IL 61111, United States",4.9,115,YES,installs/replaces windows; insulated glass unit work; named window styles; pane glazing work; window product line; window replacement/installation; windows & doors,False,ing Emergency Roofing Repair Roof Viewer Siding Emergency Siding Repair Siding Visualizer Windows Emergency Window Repair Gutters and Downspouts Emergency Gutter Repair Emergency Downspout Repair Gallery Blog Re,site scrape,YES,,https://www.topnotchroofing.net/ | https://www.topnotchroofing.net/windows | https://www.topnotchroofing.net/emergency-window-repair
Bliss Window & Screen Inc.,https://www.blisswindow.com/?utm_source=google&utm_medium=organic&utm_campaign=gbp-fort-lauderdale&utm_id=local&utm_content=fort-fauderdale,blisswindow.com,+1 954-763-5086,"815 N Andrews Ave, Fort Lauderdale, FL 33311, United States",4.4,77,YES,installs/replaces windows; insulated glass unit work; named window styles; pane glazing work; replacement windows; window product line; window replacement/installation; windows & doors,False,"Whether you need hurricane impact-rated windows or standard replacement windows, we have the perfect solution for your home.",site scrape,YES,,https://www.blisswindow.com/ | https://www.blisswindow.com/services/replacement-windows-installation-fort-lauderdale/ | https://www.blisswindow.com/services/ | https://www.blisswindow.com/services/replacement-doors-fort-lauderdale/
Solid Exteriors LLC,http://solid-exteriors.com/?utm_source=google&utm_medium=wix_google_business_profile&utm_campaign=16700656850061699214,solid-exteriors.com,+1 469-520-0466,,4.7,16,YES,installs/replaces windows; window product line; window replacement/installation; windows & doors,False,"Not all windows require replacement, and there are ways to increase the efficiency of your windows without replacement.",site scrape,YES,,https://www.solid-exteriors.com/ | https://www.solid-exteriors.com/jeld-wen-windows-doors | https://www.solid-exteriors.com/copy-of-seamless-gutters | https://www.solid-exteriors.com/products
Eridion Glass LLC,http://eridionglass.com/,eridionglass.com,+1 844-374-3466,,5,17,YES,building glass replacement; commercial storefront glazing,False,ts reserved. 844.ERIDION (844.374.3466) Terms of Service bottom of page Eridion Glass | Residential Glass Services top of page The Reveal Residential Kitchen Bathroom Mirrors Pool Fences Home Builders Ab,site scrape,YES,YES,https://www.eridionglass.com/ | https://www.eridionglass.com/residential | https://www.eridionglass.com/commercial | https://www.eridionglass.com/post/why-glass-over-other-materials-for-your-home-remodel
Legacy Crown Exteriors LLC,http://www.legacycrownexteriors.com/,legacycrownexteriors.com,+1 903-312-4574,,5,18,YES,Window installation as a listed service of the general contractor,False,"BBB profile / legacycrownexteriors.com service list: ""...fencing, decking, pool enclosures, patio enclosures, siding installation and window installation"".",web research (site unreachable),UNREACHABLE,,
Kirk Windows LLC,http://www.kirkwindows.com/,kirkwindows.com,+1 972-977-7292,,4.8,47,YES,installs/replaces windows; insulated glass unit work; replacement windows; window replacement/installation; windows & doors,False,"ing well, he decided to narrow the focus of his business to providing the highest quality window replacement service.",site scrape,YES,,https://www.kirkwindows.com/
Pasadena Building Solutions LLC,https://www.pasabuilds.com/,pasabuilds.com,+1 469-620-0921,,5,5,YES,Complete window replacement on homes; also HVAC and other building repairs,False,"Google review: ""They did three houses of complete window replacement they are awesome very professional"" (site itself not indexed in search results; verdict rests on review text)",web research (site unreachable),UNREACHABLE,,
WIL AND FAYE INTERIORS LLC,https://www.wilandfaye.com/,wilandfaye.com,+1 325-450-9781,,5,40,YES,insulated glass unit work,False,"ou’ve got multiple Pinterest boards staring back at you, HGTV on, and endless decision fatigue.",site scrape,YES,,https://www.wilandfaye.com/ | https://www.wilandfaye.com/services
Rocket Contracting LLC,http://www.rocketcontracting.com/,rocketcontracting.com,+1 888-514-3222,,5,5,YES,window replacement/installation,False,Click to See Services Exterior Painting Interior Painting Cabinet Painting & Refinishing Window Replacement Siding Replacement Fencing How can we help?,site scrape,YES,,https://rocketcontracting.com/
Wow Windows & Glass LLC,http://www.wowwindowsglass.com/,wowwindowsglass.com,"1201 Walnut Ave #6, Carrollton, TX 75006, United States","1201 Walnut Ave #6, Carrollton, TX 75006, United States",5,488,YES,installs/replaces windows; insulated glass unit work; replacement windows; window product line; window replacement/installation,False,Wow Windows and Glass - Window Installation and Repair - DFW Metroplex Get a Free Quote Now!,site scrape,YES,,https://wowwindowsglass.com/ | https://wowwindowsglass.com/replacement-windows | https://wowwindowsglass.com/window-%26-glass-repair | https://wowwindowsglass.com/services-1
Harris Home Exteriors LLC,https://harrishomeexteriors.com/,harrishomeexteriors.com,"15005 Gebron Dr, Austin, TX 78734, United States","15005 Gebron Dr, Austin, TX 78734, United States",4.9,110,YES,installs/replaces windows; named window styles; replacement windows; window product line; window replacement/installation; windows & doors,False,"Plank Siding Installation Vinyl Siding Installation Roofing Replacement Energy Efficient Window Replacement Decks, Patios, and Patio Covers Gallery Contact Us (512) 736-4289 × Home About Us Service",site scrape,YES,,https://harrishomeexteriors.com/ | https://harrishomeexteriors.com/energy-efficient-window-replacement/ | https://harrishomeexteriors.com/services/ | https://harrishomeexteriors.com/hardieplank-siding-installation/
Build it ATX LLC,https://builditatx.com/?utm_campaign=gmb,builditatx.com,+1 737-260-5099,"2203 Palmera Cove, Austin, TX 78744, United States",5,104,YES,installs/replaces windows; named window styles; pane glazing work; window product line; window replacement/installation,False,"t and enjoying your backyard year-round. Windows and Siding Upgrade your home with expert window and siding installations that boost curb appeal, lower energy bills, and keep you comfortable through every Texas",site scrape,YES,,https://builditatx.com/ | https://builditatx.com/windows-and-siding/ | https://builditatx.com/windows-and-siding-gallery/
AZ Valley Windows LLC,https://azvalleywindows.com/,azvalleywindows.com,+1 623-516-7800,"2501 W Behrend Dr Suite B-21, Phoenix, AZ 85027, United States",4.4,101,YES,installs/replaces windows; named window styles; replacement windows; window product line; window replacement/installation; windows & doors,False,Doors Multi-Slide Doors Gallery Before and After Photos Financing Discounts & Promotions Window Replacement Financing About Us Our Blog Reviews Service Areas Careers Why AZ Valley Windows Resources,site scrape,YES,,https://azvalleywindows.com/ | https://azvalleywindows.com/windows/fiberglass-windows/ | https://azvalleywindows.com/windows/aluminum-window-replacement/ | https://azvalleywindows.com/windows/window-styles/slider-window/
Zeus Exteriors LLC,http://www.zeusexteriors.com/,zeusexteriors.com,+1 469-771-0988,"2815 Valley View Ln #210, Dallas, TX 75234, United States",5,181,YES,pane glazing work; window replacement/installation,False,r RECENT PROJECTS HOME SERVICES Free Inspection OUR VALUES ABOUT ROOFING Projects REVIEWS Window Replacement Built for Texas Heat Add Subtext text.,site scrape,YES,,https://zeusexteriors.com/ | https://zeusexteriors.com/windows | https://zeusexteriors.com/home
Assured Contracting LLC,https://assured-contracting.com/,assured-contracting.com,+1 954-652-1098,"3553 NW 10th Ave, Oakland Park, FL 33309, United States",4.1,56,YES,commercial storefront glazing; installs/replaces windows; named window styles; pane glazing work; window product line; window replacement/installation,False,Hurricane Impact Window Services We Offer in Oakland Park Full Home Hurricane Window Installation We replace every window in your home with strong hurricane impact windows.,site scrape,YES,,https://assured-contracting.com/ | https://assured-contracting.com/hurricane-impact-windows-oakland-park-fl | https://assured-contracting.com/roof-replacement-oakland-park-fl | https://assured-contracting.com/new-roof-installation-oakland-park-fl
Phoenix Window & Door Llc,http://www.phoenixwindowdoor.com/,phoenixwindowdoor.com,+1 602-633-1279,"4022 S 20th St, Phoenix, AZ 85040, United States",0,0,YES,installs/replaces windows; insulated glass unit work; named window styles; window product line; window replacement/installation; windows & doors,False,Projects High-Rise Development Projects Government & Institutional Projects Shade Screens Window Replacement Portfolio Build To Rent Multifamily Single Family Custom Home In Stock Doors & Windows Co,site scrape,YES,,https://www.phoenixwindowdoor.com/ | https://www.phoenixwindowdoor.com/window-replacement | https://www.phoenixwindowdoor.com/commercial-projects | https://www.phoenixwindowdoor.com/home-remodeling-services
Advantage Glaziers Supply LLC,https://advantageglazierssupply.com/,advantageglazierssupply.com,+1 512-443-5678,"4211 Todd Ln Bldg 1, Austin, TX 78744, United States",4.7,44,YES,commercial storefront glazing; named window styles; window replacement/installation; windows & doors,False,rts needs Shop Window Spiral Balances SHOP NOW Shop Window Channel Balances SHOP NOW Shop Window Replacement Hardware SHOP NOW Shop Patio Door Hardware SHOP NOW Shop Swing Door Hardware SHOP NOW Sho,site scrape,YES,,https://advantageglazierssupply.com/
JM Construction Group LLC,https://www.jmconstructiongroupllc.com/,jmconstructiongroupllc.com,+1 815-315-4388,"4915 Auburn St, Rockford, IL 61101, United States",4.6,75,YES,window product line; window replacement/installation; windows & doors,False,"Please try again later Your First Choice for Windows and Doors Installation Comfort, energy efficiency, and ease of ownership are built into every Polaris product.",site scrape,YES,,https://www.jmconstructiongroupllc.com/ | https://www.jmconstructiongroupllc.com/windows-doors | https://www.jmconstructiongroupllc.com/residential-roofing
Rhino General Contracting LLC,http://rhinoroofingtx.com/,rhinoroofingtx.com,+1 512-766-5489,"7703 N Lamar Blvd Ste 110, Austin, TX 78752, United States",4.9,72,YES,window product line; window replacement/installation; windows & doors,False,"your home’s insulation and curb appeal, with various materials and styles to choose from Window and Door Replacement Energy-efficient window and door installations that improve aesthetics and energy conserv",site scrape,YES,,https://rhinoroofingtx.com/ | https://rhinoroofingtx.com/exteriors/ | https://rhinoroofingtx.com/services/ | https://rhinoroofingtx.com/commercial-roofing/
In Charge Electrical Services LLC (Texas Electrician Services),https://inchargeelectricalservices.com/,inchargeelectricalservices.com,"12357 Riata Trace Pkwy Bldg 7 Suite 150, Austin, TX 78727, United States","12357 Riata Trace Pkwy Bldg 7 Suite 150, Austin, TX 78727, United States",4.6,542,YES,insulated glass unit work,False,lectrical installations and innovative solutions. Our Partners What People Say About Us “Miguel and James did an excellent job installing and explaining (respectively) the brilliant s,site scrape,YES,,https://inchargeelectricalservices.com/ | https://inchargeelectricalservices.com/services/electrical-services/ | https://inchargeelectricalservices.com/services/home-back-up-generator-service/ | https://inchargeelectricalservices.com/services/
Sunbelt Waterproofing & Restoration LLC.,http://www.sunbeltllc.com/,sunbeltllc.com,+1 972-681-6222,"7318 Ferguson Rd, Dallas, TX 75228, United States",4.4,17,YES,commercial storefront glazing; insulated glass unit work,False,Let us review your building sealants before failed sealants cause costly repairs later.,site scrape,YES,,https://sunbeltllc.com/ | https://sunbeltllc.com/services/window-glazing | https://sunbeltllc.com/portfolio/gulf-shores-exterior-residential | https://sunbeltllc.com/services
C&C Exteriors No,http://www.exteriorscc.net/,exteriorscc.net,"10420 Plano Rd #112, Dallas, TX 75238, United States","10420 Plano Rd #112, Dallas, TX 75238, United States",5,28,YES,installs/replaces windows; named window styles; replacement windows; window product line,False,"Comments * Reduce Energy Costs and Improve Indoor Air Quality with Beautiful, Affordable Replacement Windows from C&C Exteriors The other guys just want to sell you a window.",site scrape,YES,,https://www.exteriorscc.net/ | https://www.exteriorscc.net/services/windows/ | https://www.exteriorscc.net/services/ | https://www.exteriorscc.net/services/roofing/
Cardinal Glass No,https://www.cardinalcorp.com/,cardinalcorp.com,"1087 Research Pkwy, Rockford, IL 61109, United States","1087 Research Pkwy, Rockford, IL 61109, United States",4.3,41,YES,commercial storefront glazing; insulated glass unit work; pane glazing work; windows & doors,False,selected LoĒ configuration. Built for the projects you’re already specifying. Residential Windows and Doors Divert brings bird-friendly design into Cardinal’s residential glass strength: clear view,site scrape,YES,,https://www.cardinalcorp.com/ | https://www.cardinalcorp.com/products/insulating-glass/preserve/ | https://www.cardinalcorp.com/products/coated-glass/divert-glass | https://www.cardinalcorp.com/products/coated-glass/loe-180-glass/
Statewide Energy Solutions No,https://statewideenergysolutions.com/about-us/,statewideenergysolutions.com,"11520 N Central Expy, Dallas, TX 75243, United States","11520 N Central Expy, Dallas, TX 75243, United States",5,5021,YES,named window styles; window product line; window replacement/installation; windows & doors,False,"Window Replacement in Dallas, TX | Statewide Energy Solutions Home About Blog Windows Single-Hung Windows Do",site scrape,YES,,https://statewideenergysolutions.com/ | https://statewideenergysolutions.com/window-options/single-hung-windows/ | https://statewideenergysolutions.com/window-options/double-hung-windows/ | https://statewideenergysolutions.com/window-options/sliding-windows/
Omniview Window and Door Dallas No,http://omniview.us/,omniview.us,"13615 Inwood Rd #120, Farmers Branch, TX 75244, United States","13615 Inwood Rd #120, Farmers Branch, TX 75244, United States",4.8,6,YES,named window styles; windows & doors,False,OmniView Window and Door - Dallas Fort Worth Hit enter to search or ESC to close Home Windows Doors Marvin Windsor,site scrape,YES,,https://omniview.us/ | https://omniview.us/windows/
Rock Valley Glass No,https://rockvalleyglass.com/,rockvalleyglass.com,"1398 Huntwood Dr, Cherry Valley, IL 61016, United States","1398 Huntwood Dr, Cherry Valley, IL 61016, United States",4.5,8,YES,commercial storefront glazing,False,"is new contruction or remodeling, Rock Valley Glass is your specialist in glass, aluminum storefront, windows and curtain walls.",site scrape,YES,,https://rockvalleyglass.com/ | https://rockvalleyglass.com/index.html | https://rockvalleyglass.com/portfolio.html
SFL Impact & Windows No,https://sflimpact.com/about-us/,sflimpact.com,"1710 NE 8th St, Fort Lauderdale, FL 33304, United States","1710 NE 8th St, Fort Lauderdale, FL 33304, United States",5,501,YES,installs/replaces windows; insulated glass unit work; named window styles; replacement windows; window product line; window replacement/installation,False,"marketing purposes. View our privacy policy get started today Start planning your Impact Window replacement Project today with a NO COST, NO OBLIGATION Quote from the Pros at SFL Impact & Windows A",site scrape,YES,,https://sflimpact.com/ | https://sflimpact.com/replacement-windows/awning-windows/ | https://sflimpact.com/replacement-windows/casement-windows/ | https://sflimpact.com/replacement-windows/double-hung-windows/
The Gutters Wizards | Dallas No,https://gutterswizard.com/,gutterswizard.com,"1720 Regal Row suite 322, Dallas, TX 75235, United States","1720 Regal Row suite 322, Dallas, TX 75235, United States",5,6,YES,insulated glass unit work,False,""" C Chris Rodriguez 6 months ago "" Fixed a persistent leak that two other companies couldn't find.",site scrape,YES,YES,https://gutterswizard.com/
Home Craftman No,http://www.homecraftsman.net/,homecraftsman.net,+1 214-239-0585,"2150 French Settlement Rd, Dallas, TX 75212, United States",4,4510,YES,Vinyl replacement windows and doors — energy-efficient replacement window products for Dallas homes,False,"homecraftsman.net: company 'is dedicated to the home improvement business, particularly focused on replacement window and door business'; Yelp lists it as 'Home Craftsman Windows, 3706 La Reunion Pkwy' and Birdeye categorises it 'Home Craftman — Windows Installation in Dallas, TX'. CAVEAT: their own",web research (site unreachable),UNREACHABLE,,
the window experts No,http://www.thewindowexperts.com/about-us/,thewindowexperts.com,+1 214-865-6565,"25 Highland Park Village, Dallas, TX 75205, United States",0,0,YES,installs/replaces windows; named window styles; pane glazing work; replacement windows; window product line; window replacement/installation; windows & doors,False,ol (817) 865-1164 English Español Window Brands Products Windows Fiberglass Windows Vinyl Windows Aluminum Replacement Windows Wood Windows Composite Windows Doors Patio Doors French Patio & Entry Doors Front,site scrape,YES,,https://thewindowexperts.com/ | https://thewindowexperts.com/product/fiberglass-windows/ | https://thewindowexperts.com/product/aluminum-windows/ | https://thewindowexperts.com/product/vinyl-windows/
Trendy Home Quotes No,https://hometrendyquote.com/,hometrendyquote.com,+1 225-384-1090,"2525 Inwood Rd ste 133, Dallas, TX 75235, United States",0,0,YES,installs/replaces windows; named window styles; replacement windows; window product line; window replacement/installation; windows & doors,False,â Home Trendy Quote gave me a fair estimate and delivered top-quality window replacements.,site scrape,YES,YES,https://hometrendyquote.com/ | https://hometrendyquote.com/window.html | https://hometrendyquote.com/electrical.html
RTC Restoration and Glass No,https://rtcrg.com/contact-us-version-1/,rtcrg.com,+1 972-446-2211,"2711 Daisy Dr, Austin, TX 78724, United States",4.4,4428,YES,commercial storefront glazing; window replacement/installation,False,"| Austin Nation Chapter Dallas | Houston | Austin Expert Commercial Glass, Door & Window Replacement Company Linkedin 40 Years of Service and Restorations 972-446-2211 info@rtcrg.",site scrape,YES,,https://rtcrg.com/ | https://rtcrg.com/glass-replacement/ | https://rtcrg.com/wp-content/uploads/2025/08/GlassReplacements-2.jpg | https://rtcrg.com/wp-content/uploads/2021/06/Katy_install_tieback.jpg
Dh&McBella Glass and Mirrors No,http://dhmcbellaglassandmirrors.com/,dhmcbellaglassandmirrors.com,+1 682-323-5309,"3146 Springfield Ave, Lancaster, TX 75134, United States",4.8,21,YES,window replacement/installation,False,Custom Manufacturing Glass Repair for Stairs Design of Wine Cellars and Offices in Glass Window Glass Installation Installation and manufacturing of glass doors and partitions for bathrooms ​ MORE INFORMATION Experien,site scrape,YES,YES,https://www.dhmcbellaglassandmirrors.com/ | https://www.dhmcbellaglassandmirrors.com/products-1
Andersen Windows No,https://www.andersenwindows.com/,andersenwindows.com,+1 214-221-9500,"3801 Regency Crest Dr, Garland, TX 75041, United States",4.1,59,YES,installs/replaces windows; insulated glass unit work; named window styles; replacement windows; window product line; window replacement/installation; windows & doors,False,e to Andersen™ Plan your project Compare Windows Compare Doors Compare Series Design your Window or Door Replacement Windows Replacement Doors Storm & Screen Doors Windows by Room Homeowner Blog Photo Galle,site scrape,YES,,https://www.andersenwindows.com/ | https://www.andersenwindows.com/windows-and-doors/windows/replacement-windows | https://www.andersenwindows.com/support/andersen-service | https://www.andersenwindows.com/windows-and-doors/windows/bay-windows-bow-windows
Trinity Glazing Contractors No,https://www.trinityglazing.com/,trinityglazing.com,+1 214-339-6444,"4520 Mint Way #1, Dallas, TX 75236, United States",4.9,10,YES,commercial storefront glazing,False,"We work on most any commercial glazing applications, new constructions, existing building, and service work.",site scrape,YES,,https://trinityglazing.com/
América Window Tint No,https://www.facebook.com/Am%C3%A9rica-window-Tint-328436710858099/?hc_ref=ARTjVdKHK5N2_sv64OVf44MLky-4iIxSKM1rf2Poc74ddu2G0q1XtRAPENE0qKlibK8,facebook.com,+1 512-317-1811,"6215 Daniel Alexander Wy, Austin, TX 78744, United States",4.8,17,YES,Stocks windows and provides framing and installation services including window and door installations,False,"Oak Cliff Building Materials services page: 'Their extensive inventory includes lumber, sheathing, roofing products, windows, and more. They also provide professional framing and installation services, including window and door installations'; sells 'to contractors, builders and homeowners'",web research (site unreachable),UNREACHABLE,,
Windows of Fort Lauderdale No,https://windowsoffortlauderdale.com/,windowsoffortlauderdale.com,+1 754-354-7816,"6330 N Andrews Ave, Fort Lauderdale, FL 33309, United States",4.4,12,YES,commercial storefront glazing; installs/replaces windows; named window styles; pane glazing work; replacement windows; window product line; window replacement/installation; windows & doors,False,Window Replacement Fort Lauderdale Fl | Window installation Fort Lauderdale Fl | Windows of Fort Lauderdale,site scrape,YES,,https://windowsoffortlauderdale.com/ | https://windowsoffortlauderdale.com/window-installation/ | https://windowsoffortlauderdale.com/window-replacement/ | https://windowsoffortlauderdale.com/replacement-windows/
Vinyl Siding Austin No,https://www.sidingcontractoraustin.com/contact,sidingcontractoraustin.com,+1 512-607-7837,"8100 Cross Park Dr, Austin, TX 78754, United States",4.9,49179,YES,installs/replaces windows; pane glazing work; reglazing; window product line; window replacement/installation,False,tters Skylight Installation Skylight Repair Vinyl Siding Installation Vinyl Siding Repair Window Cleaning Window Installation Window Repair Window Replacement View All Services Call Now (512) 607-7837 Tap to call no,site scrape,YES,,https://www.sidingcontractoraustin.com/ | https://www.sidingcontractoraustin.com/window-installation | https://www.sidingcontractoraustin.com/window-replacement | https://www.sidingcontractoraustin.com/window-cleaning
Mirror Gallery Inc No,http://www.mirrorgallery.com/,mirrorgallery.com,+1 512-660-5105,"8313 State Hwy 71, Austin, TX 78735, United States",4.1,13,YES,insulated glass unit work; named window styles; windows & doors,False,"Mirror Gallery Windows and Doors | Houston & Austin TX | Custom Windows, Doors, Shower Doors, Mirrors and Glass Menu HOME",site scrape,YES,,https://www.mirrorgallery.com/ | https://www.mirrorgallery.com/custom-windows/ | https://www.mirrorgallery.com/marvin-windows-doors/ | https://www.mirrorgallery.com/weather-shield-windows-doors/
Presidio No,http://presidiodoors.com/,presidiodoors.com,+1 512-524-6060,"8651 Old Bee Caves Rd, Austin, TX 78735, United States",5,4,YES,window product line; windows & doors,False,"es and multiple units to create large expanses of glass. Includes a full selection of all-aluminum windows and doors that are thermally broken for enhanced energy performance, and extruded aluminu",site scrape,YES,,https://presidiodoors.com/ | https://presidiodoors.com/windows/ | https://presidiodoors.com/kolbe-windows-and-doors/
Alpha Glass & Mirror Co No,http://www.agmglass-dfw.com/,agmglass-dfw.com,+1 214-637-5500,"8901 Sovereign Row, Dallas, TX 75247, United States",3.7,9,YES,"Commercial and retail glass/window replacement, wet sealing",False,"agmglass-dfw.com — ""specializes in the installation and maintenance of commercial glass and windows""; services: ""commercial and retail glass replacement, door repair and maintenance, mirror replacement, and window filming and wet sealing"".",web research (site unreachable),UNREACHABLE,,
Atrium Aluminum Products No,http://www.atrium.com/,atrium.com,+1 214-331-3870,"9001 Ambassador Row, Dallas, TX 75247, United States",4.3,91,YES,installs/replaces windows; named window styles; replacement windows; window product line; windows & doors,False,"and door lineup through a curated collection of product videos. From new construction and replacement windows to sliding patio doors, each video highlights the thoughtful design, dependable performan",site scrape,YES,,https://www.atrium.com/ | https://www.atrium.com/windows/ | https://www.atrium.com/window-basics/windows-buyers-guide/ | https://www.atrium.com/our-story-atrium-windows-doors/
Alpine Exteriors Siding Roofing & Windows,https://alpineexteriorstx.com/,alpineexteriorstx.com,+1 214-537-9454,"5960 Berkshire Ln Ste 100, Dallas, TX 75225, United States",5,13,YES,installs/replaces windows; replacement windows; window product line; window replacement/installation; windows & doors,False,"actor specializing in fiber cement siding installation, complete exterior remodeling, and window replacement throughout Dallas, Tarrant, Collin and Denton Counties.",site scrape,YES,,https://alpineexteriorstx.com/ | https://alpineexteriorstx.com/window-replacement | https://alpineexteriorstx.com/service-areas | https://alpineexteriorstx.com/tx/dallas/siding-contractor
WINDO – European Aluminum Windows & Doors by Reynaers Schueco Aluprof Alumil & Cortizo Yes,https://windo.io/,windo.io,+1 512-738-0330,"7801 N Lamar Blvd B 156, Austin, TX 78752, United States",5,9,YES,commercial storefront glazing; named window styles; window product line; windows & doors,False,WE PROVIDE EUROPEAN ALUMINUM WINDOWS AND DOORS | WINDO Website logo Our Products +1-512-738-0330 [email protected] WINDO WINDO,site scrape,YES,,https://windo.io/ | https://windo.io/product-category/european-aluminum-windows/ | https://windo.io/projects/google-headquarters/ | https://windo.io/products/
Feldco Windows Siding Doors & Roofing of Rockford Yes,https://www.4feldco.com/locations/rockford?utm_source=GBP&utm_medium=organic&utm_campaign=rockford,4feldco.com,+1 866-433-5326,"4322 Maray Dr, Rockford, IL 61107, United States",4.7,443,YES,installs/replaces windows; named window styles; pane glazing work; replacement windows; window product line; window replacement/installation,False,"Home Exterior Company Since 1976 The Midwest's #1 home exterior company since 1976. From window replacement to siding, doors, and roofing, we help homeowners across Illinois, Wisconsin, Indiana, Io",site scrape,YES,,https://www.4feldco.com/ | https://www.4feldco.com/siding/window-shutters | https://www.4feldco.com/windows | https://www.4feldco.com/windows/double-hung
Allco Contractor - Windows Siding & Patios,http://allcocontractor.com/,allcocontractor.com,+1 512-845-6606,,0,0,YES,installs/replaces windows; replacement windows; window product line; window replacement/installation,False,Learn more Windows Investing in replacement windows can drastically improve the appearance and efficiency of your home.,site scrape,YES,,https://austinsbestwindowsandsiding.com/ | https://austinsbestwindowsandsiding.com/windows | https://austinsbestwindowsandsiding.com/siding
M&M Roofing Siding & Windows,https://www.mmroofsiding.com/,mmroofsiding.com,+1 214-381-0600,,4.4,7,YES,installs/replaces windows; named window styles; window product line; window replacement/installation,False,cent Work Trusted Services Referral Program Trusted Services Window Contractor in Houston Window Replacement & Installation Contractor Get a Free Inspection Call: 800-352-3933 Window contractor serv,site scrape,YES,,https://mmroofsiding.com/ | https://mmroofsiding.com/services/window-replacement/ | https://mmroofsiding.com/siding/
Cover Glass USA - Lakeway TX,https://coverglassusa.com/texas/,coverglassusa.com,+1 888-457-3667,,0,0,YES,insulated glass unit work,False,ach Orange County Dana Point Corona del Mar San Clemente Newport Beach Costa Mesa Laguna Niguel Laguna Beach Huntington Beach Yorba Linda Los Angeles Anaheim Long Beach Rancho Palos V,site scrape,YES,,https://coverglassusa.com/ | https://coverglassusa.com/product-guide/ | https://coverglassusa.com/gallery/residential/ | https://coverglassusa.com/gallery/commercial/
Empire Today - Austin TX,https://www.empiretoday.com/locations/san-antonio?CID=gbp,empiretoday.com,+1 726-222-0009,"2301 E St Elmo Rd Suite: 106, Austin, TX 78744, United States",4.6,923,YES,insulated glass unit work; window product line,False,AY FOR HOME Reviews HOW EMPIRE WORKS Financing Floor Designer Help My Account (Opens in a new window) Favorites ( 0 ) Call Now Toggle Search Search SCHEDULE IN-HOME APPOINTMENT or speak to a,site scrape,YES,,https://www.empiretoday.com/ | https://www.empiretoday.com/customer-service/product-care | https://www.empiretoday.com/commercial-flooring/installation-readiness | https://www.empiretoday.com/tv-commercials
Sol Solutions - Custom Windows and Doors Estimate - Dallas TX,https://ntxsol.com/,ntxsol.com,+1 469-708-8151,"6750 Hillcrest Plaza Dr #214, Dallas, TX 75230, United States",5,35,YES,named window styles; window product line; window replacement/installation; windows & doors,False,Sol Solutions - Dallas Window Installation and Replacement Skip to content Home About Patio Doors Big Doors Windows Reviews Articles MADD Contact Re,site scrape,YES,,https://ntxsol.com/ | https://ntxsol.com/windows/
Pella Windows and Doors Showroom of Austin TX,https://www.pella.com/locations/tx/austin/?utm_source=google&utm_medium=organic&utm_campaign=gbp,pella.com,+1 512-339-6601,"9222 Burnet Rd #105, Austin, TX 78758, United States",4.5,587,YES,installs/replaces windows; insulated glass unit work; named window styles; pane glazing work; replacement windows; window product line; window replacement/installation; windows & doors,False,ow Inspiration By Color By Style By Room By Shape All Window Inspiration Window Resources Window Education Window Replacement Before & After Projects Ratings & Reviews Features & Options Window DIY Doors keyboard_ar,site scrape,YES,,https://www.pella.com/ | https://www.pella.com/ideas/windows/replacement/window-installation-what-to-expect/ | https://www.pella.com/ideas/windows/replacement/shopping-for-replacement-windows/ | https://www.pella.com/ideas/windows/replacement/
Titan Siding Windows & Roofing,https://titansiding.com/,titansiding.com,"12112 Anderson Mill Rd Bldg 11a, Austin, TX 78726, United States","12112 Anderson Mill Rd Bldg 11a, Austin, TX 78726, United States",4.9,456,YES,installs/replaces windows; named window styles; replacement windows; window product line; window replacement/installation; windows & doors,False,"Austin Siding & Window Installation | Titan Siding, Windows & Roofing Austin's Trusted Pros for Siding, Windows & Roofing I a",site scrape,YES,,https://titansiding.com/ | https://titansiding.com/windows | https://titansiding.com/service-area
Austin Pro Siding Windows & Roofing,https://www.austinprosiding.com/,austinprosiding.com,+1 512-550-0000,"7801 N Lamar Blvd Ste C70, Austin, TX 78752, United States",4.9,467,YES,installs/replaces windows; insulated glass unit work; named window styles; pane glazing work; replacement windows; window product line; window replacement/installation; windows & doors,False,"· Since 2009 Central Texas Homes Deserve Better Than Average Austin Pro provides siding, window replacement, roof replacement, gutters, doors, and more for homeowners across Austin and Central Texa",site scrape,YES,,https://www.austinprosiding.com/ | https://www.austinprosiding.com/services/windows | https://www.austinprosiding.com/vendors/nt-windows-pg
SunSmart Windows of Dallas Yes,http://dallas.sunsmarthome.com/,dallas.sunsmarthome.com,,,0,0,YES,Custom energy-efficient window installation and replacement plus door installation; commercial and residential window replacement,False,"dallas.sunsmarthome.com/ 'Premium Window Installation And Replacement Dallas, TX'; sunsmarthome.com/home 'Replacement Windows and Doors DFW, TX'; 'selling and installing custom windows and doors for homeowners and contractors'",web research (site unreachable),UNREACHABLE,,
CTRL Auto Tint Yes,https://www.instagram.com/ctrl_auto_tinting/,instagram.com,,,5,3,YES,"Window installation in and around Dallas; products include low-e windows, tempered glass, aluminum window products; also shower glass and mirrors",False,"Listing/profile text: 'LUXOR Mirrors & Glass offers shower glass installation and window installation in and around Dallas, TX' and product list including 'low-e windows' and 'aluminum window products'; categorized as a 'Doors & Windows' business (local.yahoo.com/info-209839631-luxor-mirrors-glass-d",web research (site unreachable),UNKNOWN,,https://www.instagram.com/
Propertifix Handyman & Renovation Services Yes,https://propertifix.com/,propertifix.com,+1 214-210-1111,,4.8,207,YES,window product line; window replacement/installation; windows & doors,False,g Fixture Repairs & *Replacements *Electrical Fixture Installation & *Replacement *Door & Window Repairs *Fence & Gate Repairs *Interior & Exterior Painting *Flooring Installation & Repairs *Ki,site scrape,YES,,https://propertifix.com/ | https://propertifix.com/services/doors-and-window-services/ | https://propertifix.com/services/flooring-installation-services/ | https://propertifix.com/services/property-make-ready-services/
weinstallwindows.com Yes,https://weinstallwindows.com/,weinstallwindows.com,+1 214-239-9108,,0,0,YES,installs/replaces windows; window replacement/installation; windows & doors,False,"rkmanship, durable results, and reliable service you can count on. From drywall finishes, window and door installations to expert services, we help businesses and homeowners upgrade their spaces with lasting",site scrape,YES,,https://knoxdwall.com/ | https://knoxdwall.com/services/
Texas Pride Mirror & Glass LLC Yes,https://texaspridemirrornglass.com/,texaspridemirrornglass.com,+1 214-281-6638,,5,11,YES,"Window replacement, window installation and window leak repair",False,"Listings for texaspridemirrornglass.com — ""offers quality window installation services in Dallas, TX""; services: ""door replacement, door repair, frameless showers, caulking repair and replacement, window replacement, window installation service, and window leak repair"". Google review mentions a dog ",web research (site unreachable),UNREACHABLE,,
Luna Glass and Mirror Yes,https://lunaglassmirror.com/,lunaglassmirror.com,+1 214-284-1397,,5,4,YES,commercial storefront glazing; installs/replaces windows; pane glazing work; replacement windows; window product line; window replacement/installation,False,r Mirrors Custom Mirror Installation Bathroom Vanity Mirrors Frameless Decorative Mirrors Windows Window Repair & Replacement Window Glass Repair Double-Pane Window Replacement Full Window Replacement,site scrape,YES,,https://lunaglassmirror.com/ | https://lunaglassmirror.com/window-repair-replacement | https://lunaglassmirror.com/window-glass-repair | https://lunaglassmirror.com/double-pane-window-replacement
Portal Pros - Dallas Dog Door Installation Yes,https://portalprosdallas.com/,portalprosdallas.com,+1 214-307-2503,,5,3,YES,commercial storefront glazing; installs/replaces windows; insulated glass unit work; named window styles; pane glazing work; window replacement/installation,False,nstall Patio Install Screen Install Kennel Install French Door Install Storm Door Install Window Install Custom Installs Guarantee Shop For Glass For Doors For Walls For Patios For Kennels For S,site scrape,YES,YES,https://portalprosdallas.com/ | https://portalprosdallas.com/dog-door-installation-in-windows/ | https://portalprosdallas.com/pet-door-for-window/ | https://portalprosdallas.com/dog-door-in-glass-installation/
828 Windows & Doors Yes,http://828windowsanddoors.com/,828windowsanddoors.com,+1 214-389-2828,,3.3,333,YES,Window and door replacement,False,"Yelp listing title '828 WINDOWS & DOORS - Dallas, Texas - Windows Installation'; Crunchbase profile for 828 Windows & Doors, Dallas TX window/door replacement",web research (site unreachable),UNKNOWN,,https://828windowsanddoors.com/
Lone Star Home Pro Yes,https://lonestarhomepro.com/,lonestarhomepro.com,+1 214-417-6390,,4.8,22,YES,installs/replaces windows; named window styles; window replacement/installation; windows & doors,False,ustomer Reviews ★ ★ ★ ★ ★ Follow Us [phone_number] Home Services Custom Door Installation Window Installation Residential Remodeling Kitchen Remodeling Bathroom Remodeling Door & Window Restoration A,site scrape,YES,,https://lonestarhomepro.com/
Zen Windows Dallas Yes,https://zenwindows.com/dallas/?utm_source=google&utm_medium=organic&utm_campaign=maps_dallas,zenwindows.com,+1 214-447-3199,,5,4,YES,installs/replaces windows; insulated glass unit work; named window styles; pane glazing work; replacement windows; window product line; window replacement/installation; windows & doors,False,Window Replacement Services Nationwide | Zen Windows Skip to content Contact us at: (877) 583-0423 ✕ Windows,site scrape,YES,,https://zenwindows.com/ | https://zenwindows.com/windows/window-installation/ | https://zenwindows.com/windows/window-replacement/ | https://zenwindows.com/windows/window-replacement/vinyl/
Nova View Installations LLC Yes,https://www.windowinstallationdallastx.com/,windowinstallationdallastx.com,+1 214-506-8288,,0,0,YES,installs/replaces windows; insulated glass unit work; named window styles; window product line; window replacement/installation; windows & doors,False,content Skip to main content windowinstallationdallastx.com Services Door’s Installation Windows Installation Service Areas Balch Springs Window & Door Installation | Energy-Efficient Upgrades Highla,site scrape,YES,,https://windowinstallationdallastx.com/ | https://windowinstallationdallastx.com/mesquite-window-door-installation-services-professional-installers/ | https://windowinstallationdallastx.com/sunnyvale-window-door-installation-services-expert-local-installers/ | https://windowinstallationdallastx.com/highland-park-tx-window-door-installation-premium-local-services/
Excelsior Glass and Mirror LLC Yes,http://excelsiorglass.co/,excelsiorglass.co,+1 214-622-3021,,4.4,20,YES,building glass replacement; commercial storefront glazing; insulated glass unit work; named window styles; window replacement/installation,False,Window Installation – Glass and Mirror | Excelsior Glass and Mirror top of page Call Us At : 214-622-3021 and,site scrape,YES,,https://www.excelsiorglass.co/ | https://www.excelsiorglass.co/glasspanes | https://www.excelsiorglass.co/residential | https://www.excelsiorglass.co/commercial
Blade Glazing LLC Yes,http://bladeglazingllc.com/,bladeglazingllc.com,+1 214-687-1216,,5,9,YES,"Broken window glass repair/replacement, storefront glass installation, floor-to-ceiling glass walls",False,bladeglazingllc.com/glass-replacement/ titled 'Glass Replacement - Residential/Commercial Glass Installation' and /dallas-storefront-glass-installations/; 'repairs to broken window glass',web research (site unreachable),UNREACHABLE,,
McBain's Windows and Doors LLC Yes,https://mcbainswindowsanddoors.com/,mcbainswindowsanddoors.com,+1 214-702-3818,,5,28,YES,windows & doors,False,McBain's Windows & Doors | Precision Window & Door Installation in Dallas–Fort Worth,site scrape,YES,,https://mcbainswindowsanddoors.com/
Certified Window & Door Yes,http://www.remodelcwd.com/,remodelcwd.com,+1 214-736-3935,,4,2,YES,window replacement/installation; windows & doors,False,Certified Window and Door – Page CloudFW – Residential Door | Window installation and sales.,site scrape,YES,,https://remodelcwd.com/
Sun & Sound Windows - DFW Yes,https://sunandsoundwindows.com/,sunandsoundwindows.com,+1 214-771-9544,,4.2,10,YES,installs/replaces windows; pane glazing work; replacement windows,False,"Most importantly, they are not replacement windows.",site scrape,YES,,https://sunandsoundwindows.com/ | https://sunandsoundwindows.com/solutions/soundproof-glass-doors/ | https://sunandsoundwindows.com/solutions/hotel-and-office-soundproofing/
Southern Living Windows Yes,http://slivingwindows.com/,slivingwindows.com,+1 214-833-8286,,5,67,YES,installs/replaces windows; insulated glass unit work; named window styles; pane glazing work; replacement windows; window product line; window replacement/installation; windows & doors,False,"Mon–Fri, 9am–3pm Sat Home Services Sliding Glass Door Installation Patio Door Replacement Window Installations Window Replacement Sliding Glass Door Replacement Energy Efficient Upgrades About Gallery FAQ Contact Schedu",site scrape,YES,,https://slivingwindows.com/ | https://slivingwindows.com/services/sliding-glass-door-installation/ | https://slivingwindows.com/services/window-installations/ | https://slivingwindows.com/services/window-replacement/
Statewide Energy Solutions Inc. Yes,https://statewideenergysolutions.com/,statewideenergysolutions.com,+1 214-960-2798,,4.7,115,YES,named window styles; window product line; window replacement/installation; windows & doors,False,"Window Replacement in Dallas, TX | Statewide Energy Solutions Home About Blog Windows Single-Hung Windows Do",site scrape,YES,,https://statewideenergysolutions.com/ | https://statewideenergysolutions.com/window-options/single-hung-windows/ | https://statewideenergysolutions.com/window-options/double-hung-windows/ | https://statewideenergysolutions.com/window-options/sliding-windows/
GM PRO AUTOGLASS Yes,https://www.instagram.com/gmaut_oglass?igsh=MW92d2VkbzZtd2FwZQ==,instagram.com,+1 214-989-5806,,5,2,YES,"Window installation in and around Dallas; products include low-e windows, tempered glass, aluminum window products; also shower glass and mirrors",False,"Listing/profile text: 'LUXOR Mirrors & Glass offers shower glass installation and window installation in and around Dallas, TX' and product list including 'low-e windows' and 'aluminum window products'; categorized as a 'Doors & Windows' business (local.yahoo.com/info-209839631-luxor-mirrors-glass-d",web research (site unreachable),UNKNOWN,,https://www.instagram.com/
LuxVue Pros Yes,https://www.luxvuepros.com/,luxvuepros.com,+1 214-995-6140,,5,6,YES,"Replacement window installation (plus entry, interior, French and sliding patio doors, siding, trim, remodeling)",False,"luxvuepros.com homepage 'LuxVue: Premium Windows & Doors for Your Home' — 'premium windows, doors, and interior upgrades installed with precision', 'over 30 years of experience in the window installation industry'; Google review: 'had LuxVue Pros replace several windows and exterior doors in my home",web research (site unreachable),UNREACHABLE,,
Yacht Windows FL Yes,https://yachtwindowfl.com/,yachtwindowfl.com,+1 305-497-7723,,5,0,YES,installs/replaces windows; replacement windows; window product line; window replacement/installation,True,Yacht Windows FL: Window Repair & Replacement Services top of page HOME ABOUT SERVICES Fabrications Marine Yatch Windows,site scrape,YES,,https://www.yachtwindowfl.com/ | https://www.yachtwindowfl.com/yatch-window-replacement | https://www.yachtwindowfl.com/marine-yatch-window | https://www.yachtwindowfl.com/yatch-window-repair
Glass Zone Yes,http://www.glasszone.net/,glasszone.net,+1 310-863-8846,,5,9,YES,"Residential windows, skylights, patio glass, foggy glass repair; commercial storefronts, window installation and repair, glass replacement",False,"glasszone.net — 'residential options like shower doors, skylights, windows, mirrors, patio glass, and foggy glass repair, as well as commercial services such as sliding glass doors, storefronts, window installation and repair, glass replacement'",web research (site unreachable),UNREACHABLE,,
Skye Glass Yes,https://www.facebook.com/share/1AtPaKYrkH/?mibextid=wwXIfr,facebook.com,+1 430-346-5920,,5,34,YES,Stocks windows and provides framing and installation services including window and door installations,False,"Oak Cliff Building Materials services page: 'Their extensive inventory includes lumber, sheathing, roofing products, windows, and more. They also provide professional framing and installation services, including window and door installations'; sells 'to contractors, builders and homeowners'",web research (site unreachable),UNREACHABLE,,
Frontstar Construction LLC Yes,https://frontstarco.com/,frontstarco.com,+1 469-213-6659,,5,68,YES,Window replacements as part of exterior renovation,False,"frontstarco.com/roofing-exterior-renovation-farmers-branch-tx - 'they handle a variety of exterior renovations, including siding installation, gutter systems, and window replacements.'",web research (site unreachable),UNKNOWN,,https://frontstarco.com/
Razor Mirror and Glass Yes,https://www.razormirrorandglass.com/,razormirrorandglass.com,+1 469-258-0821,,0,0,YES,commercial storefront glazing; window replacement/installation,False,"eeds of your local business — combining safety, precision, and a clean, professional look WINDOW INSTALLATIONS We offer full window installations, glass replacements, and a variety of glass options —",site scrape,YES,,https://www.razormirrorandglass.com/
Clearview Custom Windows Yes,http://www.clearviewcw.com/,clearviewcw.com,+1 469-268-1330,,5,4,YES,window in name + review describes window work,False,,name/review keywords,UNKNOWN,,https://clearviewcw.com/
Clear Advantage Window Service Yes,http://clearwindowservice.net/,clearwindowservice.net,+1 469-289-7556,,3.6,18,YES,installs/replaces windows; insulated glass unit work; pane glazing work; window product line; window replacement/installation,False,"Fast, Expert Window Repair in Dallas | Clear Advantage top of page Clear Advantage Window Service 469-289-7556 Home",site scrape,YES,,https://www.clearwindowservice.net/
DFW Residential P Remodeling Yes,https://dfwresidentialremodeling.com/,dfwresidentialremodeling.com,+1 469-359-3851,,5,19,YES,Windows & Doors is a listed service category; installs replacement windows,False,"dfwresidentialremodeling.com - 'The company offers Windows & Doors services along with... Kitchens, Bathrooms, Carpentry, House Additions'; 'DFW Residential recently installed windows in homes'. Supported by Google review: 'this pic is the biggest window. They did all the windows in my house!'",web research (site unreachable),UNREACHABLE,,
Preservan Dallas Yes,https://preservan.com/locations/dallas/?utm_source=GMBlisting&utm_medium=organic,preservan.com,+1 469-415-1631,,4.9,43,YES,installs/replaces windows; replacement windows; window product line; window replacement/installation; windows & doors,False,Window Wood Rot Repair I had a fantastic experience with Preservan.,site scrape,YES,YES,https://preservan.com/ | https://preservan.com/wood-rot-repair-services/repair-wooden-windows/ | https://preservan.com/wood-rot-repair-services/ | https://preservan.com/wood-rot-repair-services/wood-rot-repair/
Nat's Luxury Services Yes,https://www.facebook.com/servicesbyNat/,facebook.com,+1 469-431-1968,,5,3,YES,Stocks windows and provides framing and installation services including window and door installations,False,"Oak Cliff Building Materials services page: 'Their extensive inventory includes lumber, sheathing, roofing products, windows, and more. They also provide professional framing and installation services, including window and door installations'; sells 'to contractors, builders and homeowners'",web research (site unreachable),UNREACHABLE,,
Fix & Build LLC Yes,https://www.fixandbuildllc.com/,fixandbuildllc.com,+1 469-443-2786,,5,12,YES,"Window and door replacement, custom window installation",False,fixandbuildllc.com - 'expert window and door replacement services'; founder expertise includes 'custom window and door installations'; /before-and-after/ shows window projects,web research (site unreachable),UNREACHABLE,,
DFW window specialist Yes,http://dfwwindowspecialist.com/,dfwwindowspecialist.com,+1 469-478-9395,,4.8,37,YES,"Window repair and replacement, glass repair, solar screens, plus shower enclosures",False,"dfwwindowspecialist.com — 'professional window repair and replacement, as well as glass shower installation ... 14 years of experience repairing windows, replacing glass'",web research (site unreachable),UNKNOWN,,https://go.yourhelper.org/gXPTMbwD?utm_source=dfwwindowspecialist.com
FoGlass Window Replacement Yes,http://www.foglasswindow.com/,foglasswindow.com,+1 469-509-9932,,4.9,69,YES,broken window glass; building glass replacement; commercial storefront glazing; insulated glass unit work; pane glazing work; window product line; window replacement/installation,False,"eviews FAQS Book an Estimate #1 Family Owned Glass Company in Dallas & Fort Worth Glass & Window Repair Serving Dallas & Fort Worth Glass & window repair, done right.",site scrape,YES,,https://www.foglasswindow.com/ | https://www.foglasswindow.com/residentialwindowservice | https://www.foglasswindow.com/storefront-window-service | https://www.foglasswindow.com/foggywindowreplacement
SWP GLOBAL LLC Yes,https://swpgloballlc.com/contact-us,swpgloballlc.com,+1 469-514-1415,,4.2,5,YES,commercial storefront glazing; insulated glass unit work; window replacement/installation,False,Affordable GLASS SOLUTIONS Window Glass Sliding Patio Glass Door Sliding Patio Glass Door Window glass installation and repair is a specialized service that focuses on replacing the glass itself while leav,site scrape,YES,,https://swpgloballlc.com/ | https://swpgloballlc.com/services | https://swpgloballlc.com/residential | https://swpgloballlc.com/commercial
Plano Home Window Replacement Yes,https://planohomewindowreplacement.com/,planohomewindowreplacement.com,+1 469-551-4499,,0,0,YES,"Home window replacement and new window installation, plus sliding glass doors",False,"planohomewindowreplacement.com/windows/home-window-replacement-plano/ and /windows/our-process-for-new-window-installation-plano/; ""full-service door & window replacement and installation company""",web research (site unreachable),UNKNOWN,,https://planohomewindowreplacement.com/
Texas Window & Door Yes,https://twdremodeling.com/,twdremodeling.com,+1 469-588-4890,,5,82,YES,named window styles; pane glazing work; window product line; window replacement/installation; windows & doors,False,"Texas Window & Door offers 12+ years of trusted, transparent window and door installations.",site scrape,YES,,https://twdremodeling.com/ | https://twdremodeling.com/services/windows-doors | https://twdremodeling.com/services/pergola-patio-cover-installation
Garland Home Window Replacement Yes,https://garlandhomewindowreplacement.com/,garlandhomewindowreplacement.com,+1 469-599-4956,,5,8,YES,"Window installation, repair and replacement (vinyl, casement, custom), plus door installation; also offers screens/film",False,"garlandhomewindowreplacement.com/windows/window-installation-service-garland-tx/ 'Affordable Window Installation Garland, TX'; /windows/ 'Garland Window Replacement & Installation'",web research (site unreachable),UNKNOWN,,https://garlandhomewindowreplacement.com/
Pasadena Views Co. Yes,https://www.pasadenaviews.co/,pasadenaviews.co,+1 469-630-2049,,5,4,YES,Window installation in homes,False,"Google review: ""kept everything clean throughout the entire window installation process. They arrived on time, worked efficiently"" (domain not indexed in search results; verdict rests on review text)",web research (site unreachable),UNREACHABLE,,
Dallas Window Butler Yes,http://dallaswindowbutler.com/,dallaswindowbutler.com,+1 469-640-8551,,4.8,21,YES,building glass replacement; installs/replaces windows; insulated glass unit work; named window styles; pane glazing work; replacement windows; window product line; window replacement/installation; windows & doors,False,Whole-House Window Glass Replacement DFW | Dallas Window Butler Skip to main content Senior & Military Discounts Virtual Quote,site scrape,YES,,https://dallaswindowbutler.com/ | https://dallaswindowbutler.com/services/window-replacement | https://dallaswindowbutler.com/glass-vs-window-replacement | https://dallaswindowbutler.com/services/glass-repair
Miller Windows Yes,https://www.facebook.com/Miller-Windows-107200627981549/,facebook.com,+1 469-709-0668,,0,0,YES,Stocks windows and provides framing and installation services including window and door installations,False,"Oak Cliff Building Materials services page: 'Their extensive inventory includes lumber, sheathing, roofing products, windows, and more. They also provide professional framing and installation services, including window and door installations'; sells 'to contractors, builders and homeowners'",web research (site unreachable),UNREACHABLE,,
iDEAL GLASS DFW Yes,http://idealglassdfw.com/,idealglassdfw.com,+1 469-745-2626,,4.4,7,YES,commercial storefront glazing; insulated glass unit work; pane glazing work,False,"We can also install single-pane glass, a more economical solution.",site scrape,YES,,https://idealglassdfw.com/ | https://idealglassdfw.com/services/
Texas Quick Construction Yes,http://www.txquickconstruction.com/,txquickconstruction.com,+1 469-817-9329,,4.7,19,YES,installs/replaces windows; named window styles; window product line; window replacement/installation,False,"ome About Us Reviews Gallery Services Fence Installation Fence Repair Patio Covers Siding Window Installation Pergola Gutters Installation Painting Services Areas We Service Burleson, Tx Cleburne, Tx",site scrape,YES,,https://txquickconstruction.com/ | https://txquickconstruction.com/dallas-window-installation/ | https://txquickconstruction.com/services/ | https://txquickconstruction.com/dallas-fence-installation/
Aquamarine Windows and Doors Yes,https://aquamarinewindows.com/,aquamarinewindows.com,+1 469-887-0015,,5,9,YES,installs/replaces windows; insulated glass unit work; named window styles; pane glazing work; replacement windows; window replacement/installation; windows & doors,False,Design-Led Window Replacement in DFW | Aquamarine Skip to content Home About Who We Are Design Meets Performance What t,site scrape,YES,,https://aquamarinewindows.com/ | https://aquamarinewindows.com/services/
Home Window Replacement Dallas Yes,https://homewindowsdallas.com/,homewindowsdallas.com,+1 469-908-3363,,5,4,YES,"Home window replacement and installation (double-hung, slider, awning, bow/bay, vinyl, custom); also doors and siding",False,"homewindowsdallas.com/windows/home-window-replacement-dallas/ and /windows/window-installation-service-dallas/ 'Window Installation Service Dallas'; 'leading home window replacement and door installation company in Dallas, Texas'",web research (site unreachable),UNKNOWN,,https://homewindowsdallas.com/
Salazar & Sons Window Co. Yes,https://salazarandsonswindow.com/,salazarandsonswindow.com,+1 469-994-9236,,5,7,YES,installs/replaces windows; replacement windows; window product line; window replacement/installation,False,ort Worth Services Why Us Process Portfolio About Us Reviews (469) 909-3185 Free Estimate Window Installation Done Right.,site scrape,YES,,https://salazarandsonswindow.com/ | https://salazarandsonswindow.com/index.html | https://salazarandsonswindow.com/portfolio.html
Vision Windows LLC Yes,https://www.azvisionwindow.com/,azvisionwindow.com,+1 480-217-0151,,5,149,YES,installs/replaces windows; named window styles; replacement windows; window product line; window replacement/installation; windows & doors,False,ement Windows Sliding Windows Single Hung Windows Casement Windows Picture Windows Awning Windows Specialty Windows Replacement Doors Entry Doors Hinged Doors French Doors Sliding French Doors Bi-Fold Doors Pocket Doo,site scrape,YES,,https://www.azvisionwindow.com/ | https://www.azvisionwindow.com/replacement-windows/ | https://www.azvisionwindow.com/sliding-windows/ | https://www.azvisionwindow.com/single-hung-windows/
Cantera Doors Yes,https://www.canteradoors.com/,canteradoors.com,+1 512-263-8881,,4.7,30,YES,"Custom steel, iron and Reynaers aluminium windows - fabricated and installed",False,"canteradoors.com/reynaers-aluminium-windows/ and /steel-doors-and-windows-dallas/ - 'official fabricator of Reynaers, Jansen, and Forster, offering windows, doors, and facades in aluminum, steel, and iron, engineered and installed under one roof'",web research (site unreachable),UNREACHABLE,,
Portal Pros - Austin Dog Door Installation Yes,https://portalprosaustin.com/,portalprosaustin.com,+1 512-270-1104,,5,12,YES,commercial storefront glazing; installs/replaces windows; insulated glass unit work; named window styles; pane glazing work; window replacement/installation,False,nstall Patio Install Screen Install Kennel Install French Door Install Storm Door Install Window Install Custom Installs Guarantee Shop For Glass For Doors For Walls For Patios For Kennels For S,site scrape,YES,,https://portalprosaustin.com/ | https://portalprosaustin.com/dog-door-installation-in-windows-austin/ | https://portalprosaustin.com/pet-door-for-window-austin/ | https://portalprosaustin.com/dog-door-in-glass-installation-austin/
Georgetown Window Replacement Company Yes,https://georgetownwindowreplacementcompany.com/,georgetownwindowreplacementcompany.com,+1 512-271-5046,,5,3,YES,installs/replaces windows; insulated glass unit work; named window styles; window product line; window replacement/installation,False,Home - Georgetown Window Replacement Company Skip to content Home Services Residential Window Replacement New construction Win,site scrape,YES,,https://georgetownwindowreplacementcompany.com/ | https://georgetownwindowreplacementcompany.com/residential-window-replacement/ | https://georgetownwindowreplacementcompany.com/new-construction-windows-installation/ | https://georgetownwindowreplacementcompany.com/apartment-window-replacement/
Wilco Windows & Siding Yes,https://www.wilcodesign.co/,wilcodesign.co,+1 512-316-7526,,5,100,YES,installs/replaces windows; insulated glass unit work; named window styles; pane glazing work; replacement windows; window product line; window replacement/installation; windows & doors,False,Us Huge Service Area Across Central Texas Request Quote Call or Text (512) 316-7526 Home Window Installation Aluminum Windows Fiberglass Composite Windows Replacement Windows Vinyl Windows Wood Fram,site scrape,YES,,https://www.wilcodesign.co/ | https://www.wilcodesign.co/window-installation | https://www.wilcodesign.co/fiberglass-composite-windows | https://www.wilcodesign.co/replacement-windows
Smart Glass Tech Yes,https://smglasstech.com/,smglasstech.com,+1 512-317-5858,,5,3,YES,commercial storefront glazing; windows & doors,True,Tech will restore and repair your glass including damages on any of the following: Glass Windows & Doors Glass Table Tops glass wall Mirrors Automotive Glass Scratch GLASS FACADE Graffiti stains,site scrape,YES,,https://smglasstech.com/ | https://smglasstech.com/services
1st Capital Certified Roofing Yes,https://roofingcompanyaustin.com/,roofingcompanyaustin.com,+1 512-358-1300,,4.9,87,YES,installs/replaces windows; pane glazing work; replacement windows; window product line; window replacement/installation,False,Inspections Roof Maintenance Storm & Hail Damage Insurance Restoration Siding Replacement Window Replacement All services → Company About Us Gallery Testimonials Blog Financing In the Community Loca,site scrape,YES,,https://roofingcompanyaustin.com/ | https://roofingcompanyaustin.com/services/window-replacement/ | https://roofingcompanyaustin.com/services/ | https://roofingcompanyaustin.com/services/metal-roofing/
Shining Image of Texas Yes,https://shiningimage.com/,shiningimage.com,+1 512-358-4784,,4.7,141,YES,commercial storefront glazing; named window styles; pane glazing work,False,"− + Picture (Fixed) Single pane, doesn’t open.",site scrape,YES,,https://shiningimage.com/ | https://shiningimage.com/window-cleaning/ | https://shiningimage.com/window-cleaning-pricing/ | https://shiningimage.com/window-count/
MNP Window and Door Yes,https://mnpwindowanddoor.com/,mnpwindowanddoor.com,+1 512-368-8845,,5,26,YES,installs/replaces windows; insulated glass unit work; named window styles; replacement windows; window product line; window replacement/installation; windows & doors,False,"Window Installation Service | Buda, Texas 512-368-8845 Buda, Texas Home Services New Construction Windows Win",site scrape,YES,,https://www.mnpwindowanddoor.com/ | https://www.mnpwindowanddoor.com/window-replacement | https://www.mnpwindowanddoor.com/service-area/window-installation-service-austin-tx | https://www.mnpwindowanddoor.com/service-area/window-installation-service-kyle-tx
Windows & Doors by James Yes,https://www.windowsanddoorsbyjames.com/,windowsanddoorsbyjames.com,+1 512-379-1652,,4.4,7,YES,installs/replaces windows; insulated glass unit work; named window styles; replacement windows; window product line; window replacement/installation; windows & doors,False,"hoto Gallery Renovations Gallery Contact Besides the quality of the window itself, proper window installation is essential for full energy efficiency and accurate performance for the life of the prod",site scrape,YES,,https://www.windowsanddoorsbyjames.com/ | https://www.windowsanddoorsbyjames.com/replacement-windows-doors | https://www.windowsanddoorsbyjames.com/major-renovations-projects
Windowpros LLC Yes,https://austinwindowpros.com/,austinwindowpros.com,+1 512-422-1907,,5,12,YES,broken window glass; installs/replaces windows; insulated glass unit work; pane glazing work; replacement windows; window product line; window replacement/installation,False,Windowpros LLC | Replacement Windows in Austin Services Window Installation & Repair Window Replacement Glass Replacement Window Repair Residential Window Installati,site scrape,YES,,https://www.austinwindowpros.com/ | https://www.austinwindowpros.com/services/window-installation-repair/residential-window-installation | https://www.austinwindowpros.com/services/window-installation-repair/window-replacement | https://www.austinwindowpros.com/services/window-installation-repair/glass-replacement
LoneStar Glass Replacement Yes,https://glassreplacementaustin.com/,glassreplacementaustin.com,+1 512-431-7056,,4.1,14,YES,building glass replacement; window replacement/installation; windows & doors,False,Call us today and get started on your window repair or replacement!,site scrape,YES,,https://glassreplacementaustin.com/ | https://glassreplacementaustin.com/glass-repair-replacement-services-in-austin | https://glassreplacementaustin.com/experience-the-frameless-difference
Lakeway Windows and Doors Yes,https://www.lakewaywindowsanddoors.com/,lakewaywindowsanddoors.com,+1 512-456-3539,,5,0,YES,name states window installation/replacement/doors,False,,name/review keywords,UNKNOWN,,https://lakewaywindowsanddoors.com/
Wood & Stone Homes Yes,http://www.woodandstonehomes.com/,woodandstonehomes.com,+1 512-460-0094,,4.5,23,YES,window replacement/installation,False,"spects of home improvement and remodeling, including bathrooms, kitchens, room additions, window and siding replacement, patio updates, and eco-friendly enhancements.",site scrape,YES,,https://woodandstonehomes.com/
EcoView Windows & Doors of Austin Texas Yes,http://www.ecoviewwindows.com/austin-texas/,ecoviewwindows.com,+1 512-505-8839,,5,0,YES,installs/replaces windows; named window styles; pane glazing work; replacement windows; window product line; window replacement/installation; windows & doors,False,ing Windows Bay Windows Bow Windows Casement Windows Double Hung Windows Energy Efficient Windows Picture Windows Replacement Windows Slider Windows Vinyl Windows Impact Windows Hurricane Protection Window Contracto,site scrape,YES,,https://www.ecoview.com/ | https://www.ecoview.com/windows/replacement/ | https://www.ecoview.com/windows/best-window-contractors/ | https://www.ecoview.com/windows/
Focal Point Designs Yes,https://www.hirefocalpointdesigns.com/,hirefocalpointdesigns.com,+1 512-522-1252,,4.9,34,YES,installs/replaces windows; window product line; window replacement/installation,False,r Remodeling Book a Consultation  team@hirefocalpointdesigns.com  (512)-522-1252 Expert Window Replacement & Installation in Austin Upgrade your home’s energy efficiency and style with premium And,site scrape,YES,,https://hirefocalpointdesigns.com/ | https://hirefocalpointdesigns.com/windows/ | https://hirefocalpointdesigns.com/services/
Stained Glass Austin Yes,http://www.stainedglassaustin.com/,stainedglassaustin.com,+1 512-539-0432,,0,0,YES,insulated glass unit work; pane glazing work; window product line; windows & doors,False,"5 Install We carefully and precisely install stained glass, guaranteeing that your new window will be lovely and useful for many years to come.",site scrape,YES,,https://stainedglassaustin.com/ | https://stainedglassaustin.com/stained-glass-windows/ | https://stainedglassaustin.com/painted-stained-glass/painted-glass-windows-austin-3/ | https://stainedglassaustin.com/stained-glass-austin-window-gallery/
Screens By Eric Yes,https://screensbyeric.com/,screensbyeric.com,+1 512-567-3452,,0,0,YES,window product line; windows & doors,False,"ame $50 If your screen frames are bent, broken, or missing, Screens by Eric can fabricate new window screen frames quickly and professionally.",site scrape,YES,,https://screensbyeric.com/
Austin Clear Exterior Cleaning Yes,http://atxclear.com/,atxclear.com,+1 512-571-3477,,5,3,YES,commercial storefront glazing,False,"From hill-country estates to downtown storefronts, the owner handles every pane by hand, inside, outside, and in between.",site scrape,YES,,https://atxclear.com/ | https://atxclear.com/services | https://atxclear.com/service-areas
R S Remodeling Austin Yes,http://rsremodelingaustin.com/,rsremodelingaustin.com,+1 512-584-3274,,5,19,YES,window replacement/installation,False,in area. ​ Call us for a free estimate. RS Contractor Services. 512-584-3274 Services ​ - Window installation - Masonry ​ - Door Repair/Installations - Framing -Trim - Painting/Drywall ​ -Base Boards,site scrape,YES,,https://www.rsremodelingaustin.com/ | https://www.rsremodelingaustin.com/commercial | https://www.rsremodelingaustin.com/residential
Austin Window and Doors Yes,https://austinwindowanddoors.andersenwindowscertifiedcontractors.com/,austinwindowanddoors.andersenwindowscertifiedcontractors.com,+1 512-612-1829,,0,0,YES,named window styles; window replacement/installation; windows & doors,False,"Windows Replacement in Austin | Austin Window and Doors Austin Window and Doors Austin, TX (512)612-1829 Abou",site scrape,YES,,https://austinwindowanddoors.andersenwindowscertifiedcontractors.com/
Glass Savers (Glass Resurfacing) Yes,https://sdglassrestoration.com/austin-texas/,sdglassrestoration.com,+1 512-626-1270,,5,6,YES,commercial storefront glazing; window product line,True,It looks like a new window!,site scrape,YES,,https://sdglassrestoration.com/ | https://sdglassrestoration.com/services/large-scale-glass-resurfacing/ | https://sdglassrestoration.com/services/ | https://sdglassrestoration.com/services/hard-water-spot-removal/
Haysco Siding & Windows Yes,https://hayscosiding.com/,hayscosiding.com,+1 512-638-6665,,5,8,YES,pane glazing work; window product line; window replacement/installation,False,"best materials on the market - no plywood, no off-brands. Meet Your Preferred Siding And Window Replacement Company In The Austin Area Jerry Brannon - Business Owner 32 Years of Construction Experi",site scrape,YES,,https://www.hayscosiding.com/ | https://www.hayscosiding.com/realizations/ | https://www.hayscosiding.com/premier-siding-installation-central-texas
Round Rock Window Replacement Company Yes,https://www.roundrockwindowreplacementcompany.com/,roundrockwindowreplacementcompany.com,+1 512-643-5836,,4.2,5,YES,installs/replaces windows; insulated glass unit work; named window styles; window replacement/installation,False,Home - Round Rock Window Replacement Company Skip to content Home Services Residential Window Replacement New Construction Win,site scrape,YES,,https://roundrockwindowreplacementcompany.com/ | https://roundrockwindowreplacementcompany.com/residential-window-replacement/ | https://roundrockwindowreplacementcompany.com/new-construction-windows-installation/ | https://roundrockwindowreplacementcompany.com/apartment-window-replacement/
FOG GONE GLASS Yes,https://foggoneglass.com/,foggoneglass.com,+1 512-653-7785,,5,0,YES,pane glazing work,False,FOG GONE GLASS - Austin's #1 Double Pane Glass Replacement | 20+ Years Experience Edit with,site scrape,LIKELY,,https://foggoneglass.com/
Summit Surface Solutions Yes,https://summitsurfacesolution.com/,summitsurfacesolution.com,+1 512-659-7674,,5,8,YES,commercial storefront glazing; named window styles; window product line,False,"Newer developments kick up a fine, gritty film that dulls even brand-new windows.",site scrape,YES,,https://summitsurfacesolution.com/ | https://summitsurfacesolution.com/window-cleaning | https://summitsurfacesolution.com/commercial-pressure-washing
Kevin's Glass & Roofing Yes,http://kevinsglassandroofing.com/,kevinsglassandroofing.com,+1 512-671-8740,,4.9,85,YES,building glass replacement; window product line; window replacement/installation,False,"Whether you need a roof replacement, residential glass , new siding or window replacement, we’re ready and able to serve you.",site scrape,YES,,https://www.kevinsglassandroofingtx.com/ | https://www.kevinsglassandroofingtx.com/windows | https://www.kevinsglassandroofingtx.com/glass
I Gotta Guy 4 That Yes,http://www.igottaguy4that.com/,igottaguy4that.com,+1 512-715-4997,,5,18,YES,installs/replaces windows; insulated glass unit work; window replacement/installation,False,s the beauty and functionality of your outdoor spaces. EXPLORE MORE Other Services 3 to 5 Windows Installation 6+ Windows Installation Adding an Addition to your Home Alarm System Installation Applian,site scrape,YES,,https://www.igottaguy4that.com/ | https://www.igottaguy4that.com/services
EZ Slide Austin Yes,https://sliderrepairaustin.com/,sliderrepairaustin.com,+1 512-721-8274,,4.8,11,YES,installs/replaces windows; insulated glass unit work; named window styles; replacement windows; window product line; window replacement/installation; windows & doors,False,ice Phone Your Zip * Service * Service Complete Renovation Energy Efficient Upgrades Full Window Replacement Non-Grid Window Upgrade Single Window Replacement Sliding Door Replacement Window * Windo,site scrape,YES,,https://sliderrepairaustin.com/ | https://sliderrepairaustin.com/service-areas/austin/
Mercury Exteriors Yes,https://mercuryexteriors.com/,mercuryexteriors.com,+1 512-729-7663,,5,79,YES,window product line,False,Windows Upgrade to energy-efficient windows that not only beautify your home but also contribute to significant energy savings.,site scrape,LIKELY,,https://mercuryexteriors.com/
AWE Build Yes,https://www.mywindowexpert.com/,mywindowexpert.com,+1 512-755-5582,,5,10,YES,installs/replaces windows; named window styles; replacement windows; window product line; window replacement/installation; windows & doors,False,"AWE Build | Austin TX Home Services AWE BUILD Austin, Texas (512) 755-5582 Home Services Window Replacement Door Replacement Siding Installation Patio Covers & Sunrooms Bathroom Remodels About Us Our Story Our Proc",site scrape,YES,,https://theawebuild.com/ | https://theawebuild.com/services/windows | https://theawebuild.com/about/our-story | https://theawebuild.com/projects
Bluebonnet Windows and Installation Yes,http://bluebonnetwindows.com/,bluebonnetwindows.com,+1 512-757-9733,,5,5,YES,window in name + review describes window work,False,,name/review keywords,UNREACHABLE,,
EnLight.Energy Yes,http://www.enlight.energy/,enlight.energy,+1 512-774-4633,,5,2,YES,insulated glass unit work,False,"."" with ""With a free savings assessment, one of our experts can help you and your family figure out if solar is a good fit for your home Book Your Estimate We do more than just solar",site scrape,YES,,https://www.enlight.energy/
Texas Elite Windows Yes,http://txelitewindows.com/,txelitewindows.com,+1 512-775-7226,,5,3,YES,named window styles; window product line; window replacement/installation,False,Services Gallery Contact Open Menu Close Menu About Services Gallery Contact Residential Window Replacement Our friendly experts will take a look at your current windows and help you find the perfe,site scrape,YES,,https://www.txelitewindows.com/ | https://www.txelitewindows.com/about | https://www.txelitewindows.com/gallery
Unison Way Yes,https://unisonway.com/,unisonway.com,+1 512-810-6256,,5,5,YES,insulated glass unit work,False,Aenean commodo ligula eget dolor.,site scrape,YES,,https://unisonway.com/
The Lock Lab USA Yes,http://thelocklabusa.com/,thelocklabusa.com,+1 512-817-1106,,5,169,YES,commercial storefront glazing,False,are. We’ll let you know if mobile service is available at your location. Homes Apartments Storefronts Offices Warehouses Fleet Vehicles Schools Churches Facilities Property Managers Drivers,site scrape,YES,,https://thelocklabusa.com/
Inside Out Construction And Design Yes,http://www.iorconstruction.com/,iorconstruction.com,+1 512-842-9961,,4.7,18,YES,window replacement/installation,False,"ouse Construction - Trim Work - Vinyl Flooring Installation - Water Heater Installation - Window Installation - Window Replacement - Wood Floor Installation - Wood Siding Areas Austin, Barton Creek,",site scrape,YES,,https://www.iorconstruction.com/
Sun & Sound Windows - Austin Yes,https://sunandsoundwindows.com/,sunandsoundwindows.com,+1 512-879-6055,,3.4,13,YES,installs/replaces windows; pane glazing work; replacement windows,False,"Most importantly, they are not replacement windows.",site scrape,YES,,https://sunandsoundwindows.com/ | https://sunandsoundwindows.com/solutions/soundproof-glass-doors/ | https://sunandsoundwindows.com/solutions/hotel-and-office-soundproofing/
Austin Painting & Drywall LLC Yes,https://www.atxgc.com/?utm_campaign=gmb,atxgc.com,+1 512-881-7203,,5,63,YES,commercial storefront glazing; installs/replaces windows; named window styles; pane glazing work; replacement windows; window product line; window replacement/installation; windows & doors,False,Painting Exterior Painting Drywall Installation Wallpaper Removal Insurance Home Repairs Window Installation Bathroom Remodeling Tile Installation Kitchen Remodeling Water Mitigation Services Commer,site scrape,YES,,https://atxgc.com/ | https://atxgc.com/services/window-installation/ | https://atxgc.com/services/residential-painting/ | https://atxgc.com/services/drywall-installation/
The Handy Hippie Yes,https://www.thehandyhippie.com/,thehandyhippie.com,+1 512-888-2173,,4.9,52,YES,window replacement/installation,False,"Explore pressure washing → Doors & Windows Door and window repairs, replacement, trim, hardware, and weatherproofing.",site scrape,YES,,https://www.thehandyhippie.com/ | https://www.thehandyhippie.com/doors-windows/ | https://www.thehandyhippie.com/services/ | https://www.thehandyhippie.com/service-areas/
Fresher Screens Yes,https://fresherscreens.com/,fresherscreens.com,+1 512-910-4374,,5,4,YES,installs/replaces windows; window replacement/installation,False,Window Screen Repair & Window Cleaning | Austin TX | Fresher Screens Skip to content Service Request Contact B,site scrape,YES,,https://fresherscreens.com/ | https://fresherscreens.com/service/
By Loredo Construction LLC Yes,https://www.loredoconstruction.com/,loredoconstruction.com,+1 512-923-9218,,0,0,YES,window replacement/installation,False,"estimates at 512 923-9218 512 799-3717 We are specializing In Framing, Siding, Doors and Windows installation New Pier and beam and Concrete foundation, reconstruction repairs.",site scrape,YES,,https://loredoconstruction.com/
Local Contracting LLC Yes,https://texaslocalcontracting.com/,texaslocalcontracting.com,+1 512-924-7179,,4.9,35,YES,named window styles; window replacement/installation; windows & doors,False,"Phone Number Email Project Type Kitchen Interior Remodeling Bathroom Additions Full Home Window Replacement Other Price Range $20,000 - $50,000 $50,000 - $70, 000 $70,000 - $100,000 $100,000 - $200",site scrape,YES,,https://texaslocalcontracting.com/ | https://texaslocalcontracting.com/window-and-door-renovation-services/ | https://texaslocalcontracting.com/appliance-installation-services/ | https://texaslocalcontracting.com/ceiling-installation-and-repair-services/
DiamondPoint Contractors Yes,https://www.diamondpointcontractors.com/,diamondpointcontractors.com,+1 512-945-8877,,4.9,517,YES,window replacement/installation,False,"Replace frames, window repair , window glass replacement and everything needed!",site scrape,YES,,https://www.diamondpointcontractors.com/ | https://www.diamondpointcontractors.com/services
Orbit Roofing Yes,https://www.orbitroofs.com/,orbitroofs.com,+1 512-957-0155,,5,13,YES,window product line; window replacement/installation,False,hingle Roof Replacement Storm Damage Metal Roofing Chimney Repair & Restoration Skylights Window Replacement Siding Replacement How Can We Help?,site scrape,YES,,https://orbitroofs.com/ | https://orbitroofs.com/roof-replacement/
Custom Glass Design LLC Yes,http://www.mycustomglassdesign.com/,mycustomglassdesign.com,+1 512-960-5260,,5,24,YES,window replacement/installation,False,hen back-splashes Mirrored walls Mirrors (beveled or regular) Glass for decorative pieces Window glass repair &/ replacement (single & double-insulated pane) Door glass replacement Sliding glass door,site scrape,YES,,https://mycustomglassdesign.com/ | https://mycustomglassdesign.com/services/
Aeromass Glass Yes,https://www.aeromassglass.com/,aeromassglass.com,+1 512-968-4047,,5,12,YES,commercial storefront glazing; installs/replaces windows; pane glazing work,False,"ve. We also repair broken or fogged insulated windows of all kinds. We can also repair or replace window parts and accessories such as balancers, locks, window molding, or any other problem you",site scrape,YES,,https://aeromassglass.com/ | https://aeromassglass.com/residential | https://aeromassglass.com/storefronts
Next Level Services Yes,https://www.nextlevelservicesatx.com/,nextlevelservicesatx.com,+1 512-975-1616,,5,16,YES,window replacement/installation,False,Baseboard/trim/window sill replacement and repair.,site scrape,YES,,https://www.nextlevelservicesatx.com/
Hillco Metal Roofing & Construction LLC Yes,https://www.hillcountryroofs.com/,hillcountryroofs.com,+1 512-982-6441,,5,25,YES,commercial storefront glazing,False,"he buildings here because we have worked on them for decades. Whether you manage a single storefront or a large industrial facility, our commercial roof installation and repair work is built",site scrape,YES,,https://www.hillcountryroofs.com/ | https://www.hillcountryroofs.com/roof-replacement-and-installation | https://www.hillcountryroofs.com/commercial-roofing | https://www.hillcountryroofs.com/residential-roofing
Austin Custom Homes LLC Yes,http://www.atxgc.com/,atxgc.com,+1 512-993-0948,,5,0,YES,commercial storefront glazing; installs/replaces windows; named window styles; pane glazing work; replacement windows; window product line; window replacement/installation; windows & doors,False,Painting Exterior Painting Drywall Installation Wallpaper Removal Insurance Home Repairs Window Installation Bathroom Remodeling Tile Installation Kitchen Remodeling Water Mitigation Services Commer,site scrape,YES,,https://atxgc.com/ | https://atxgc.com/services/window-installation/ | https://atxgc.com/services/residential-painting/ | https://atxgc.com/services/drywall-installation/
Austin’s BEST Windows and Siding Co Yes,https://austinsbestwindowsandsiding.com/,austinsbestwindowsandsiding.com,+1 512-999-8569,,5,5,YES,installs/replaces windows; replacement windows; window product line; window replacement/installation,False,Learn more Windows Investing in replacement windows can drastically improve the appearance and efficiency of your home.,site scrape,YES,,https://austinsbestwindowsandsiding.com/ | https://austinsbestwindowsandsiding.com/windows | https://austinsbestwindowsandsiding.com/siding
Clear Choice Exteriors Yes,https://replacement-windows-desmoines.com/?utm_source=localiq&utm_medium=listings,replacement-windows-desmoines.com,+1 515-277-6256,,0,0,YES,commercial storefront glazing; installs/replaces windows; insulated glass unit work; named window styles; replacement windows; window product line; window replacement/installation,False,ies In IA - Clear Choice Exteriors & Bath Makeover Skip to content About Us Blog Services Window Repair & Replacement Door Repair & Replacement Bath Makeover Residential and Commercial Roofing,site scrape,YES,,https://clearchoicedsm.com/ | https://clearchoicedsm.com/services/windows/ | https://clearchoicedsm.com/locations/des-moines-ia/window-replacement/ | https://clearchoicedsm.com/services/roofing/
Portal Pros - Phoenix Dog Door Installation Yes,https://portalprosphoenix.com/,portalprosphoenix.com,+1 602-345-0669,,5,9,YES,commercial storefront glazing; installs/replaces windows; insulated glass unit work; named window styles; pane glazing work; window replacement/installation,False,nstall Patio Install Screen Install Kennel Install French Door Install Storm Door Install Window Install Custom Installs Guarantee Shop For Glass For Doors For Walls For Patios For Kennels For S,site scrape,YES,,https://portalprosphoenix.com/ | https://portalprosphoenix.com/dog-door-installation-in-windows-phoenix/ | https://portalprosphoenix.com/pet-door-for-window-phoenix/ | https://portalprosphoenix.com/dog-door-in-glass-installation-phoenix/
Remodel Experts Yes,https://remodelexpertsaz.com/,remodelexpertsaz.com,+1 602-418-8260,,4.9,47,YES,window product line; window replacement/installation; windows & doors,False,"s Bathrooms Windows Contact © 2022, Remodel Experts. All Rights Reserved. Scroll To Top Window Remodeling and Installation Services in Phoenix, AZ Skip to content Menu Home About Kitchens Bathrooms Windows Contac",site scrape,YES,,https://remodelexpertsaz.com/ | https://remodelexpertsaz.com/windows/
Vision Windows & Doors Yes,http://windowanddoorco.com/,windowanddoorco.com,+1 602-430-7614,,5,96,YES,window product line; window replacement/installation; windows & doors,False,"sion Windows & Doors Request A Quote Free, In-Home Consultation No pressure sales Premium Window Installation Decades of experience Premium Door Installation Many Styles to Choose From Window & Door",site scrape,YES,,https://windowanddoorco.com/ | https://windowanddoorco.com/services/ | https://windowanddoorco.com/our-products/
L.J. Neal & Sons Yes,https://bestwindowreplacement.com/,bestwindowreplacement.com,+1 602-661-6852,,4.8,22,YES,review explicitly describes window install/replacement,False,,name/review keywords,UNREACHABLE,,
Windows Direct Yes,http://www.windowsdirectarizona.com/,windowsdirectarizona.com,+1 602-698-5580,,5,4,YES,insulated glass unit work; window replacement/installation; windows & doors,False,"ig Doors Contact More Use tab to navigate through the menu items. GREATER PHOENIX LEADING WINDOW AND DOOR REPLACEMENT COMPANY With over 25 years of experience and a real focus on customer satisfaction, you c",site scrape,YES,,https://www.windowsdirectarizona.com/ | https://www.windowsdirectarizona.com/services | https://www.windowsdirectarizona.com/kitchens
The Glass Guy Glass Repair Yes,https://www.theglassguytx.com/,theglassguytx.com,+1 682-216-5638,,5,180,YES,insulated glass unit work; pane glazing work; window product line; window replacement/installation; windows & doors,False,"frameless shower glass for every style Partner with a company dedicated to excellence in window and door installations, ensuring each project is handled with precision and care.",site scrape,YES,,https://www.theglassguytx.com/ | https://www.theglassguytx.com/why-window-replacement-is-the-perfect-gift-for-your-mom2026/ | https://www.theglassguytx.com/%f0%9f%8c%a1%ef%b8%8f-is-your-home-too-hot-your-windows-could-be-the-problem/ | https://www.theglassguytx.com/services-2/shower-glass-installation/
The Glass Guy Tx Yes,https://www.theglassguytx.com/,theglassguytx.com,+1 682-216-5638,,0,0,YES,insulated glass unit work; pane glazing work; window product line; window replacement/installation; windows & doors,False,"frameless shower glass for every style Partner with a company dedicated to excellence in window and door installations, ensuring each project is handled with precision and care.",site scrape,YES,,https://www.theglassguytx.com/ | https://www.theglassguytx.com/why-window-replacement-is-the-perfect-gift-for-your-mom2026/ | https://www.theglassguytx.com/%f0%9f%8c%a1%ef%b8%8f-is-your-home-too-hot-your-windows-could-be-the-problem/ | https://www.theglassguytx.com/services-2/shower-glass-installation/
Eric's Home Renovations Yes,http://ericshomerenovation.com/,ericshomerenovation.com,+1 682-318-4710,,4.9,96,YES,commercial storefront glazing; insulated glass unit work; window replacement/installation,False,"eplacements that improve comfort, security, and appearance. Entry, patio & interior doors Window replacement & upgrades Precision installation Home Additions Seamless expansions designed to integrat",site scrape,YES,,https://ericshomerenovation.com/ | https://ericshomerenovation.com/flooring-installation-services-in-texas | https://ericshomerenovation.com/commercial-construction-services-in-texas | https://ericshomerenovation.com/general-commercial-contractor-services
Heavens Door And Window Yes,https://heavensdoor-window.com/,heavensdoor-window.com,+1 682-503-1144,,5,20,YES,installs/replaces windows; named window styles; replacement windows; window replacement/installation; windows & doors,False,"results you can trust. Proudly Serving DFW and Surrounding Communities We provide expert window replacement and installation services across the DFW metroplex, including: Addison, Arlington, Irving, Bedford, Euless",site scrape,YES,,https://heavensdoor-window.com/ | https://heavensdoor-window.com/photo-gallery | https://heavensdoor-window.com/contact-us
Montgomery Glass LLC Yes,http://montgomeryglassllc.com/,montgomeryglassllc.com,+1 682-715-2323,,5,17,YES,commercial storefront glazing; window replacement/installation,False,"Window Glass Installation or Replacement ""Would definitely hire again.",site scrape,YES,,https://montgomeryglassllc.com/
The Window Guys of Texas Yes,https://windowguystx.com/,windowguystx.com,+1 682-842-8489,,5,19,YES,window product line; window replacement/installation,False,"Window Replacement & Repair | Energy Efficient Windows | Call (888) 685-6268 Parked domain, buy it here .",site scrape,YES,,https://windowguystx.com/
Picasso Design and Remodeling Yes,https://picassodesignremodel.com/,picassodesignremodel.com,+1 737-256-8038,,5,70,YES,windows & doors,False,⦁ Window and door upgrades for design + energy efficiency.,site scrape,YES,,https://picassodesignremodel.com/ | https://picassodesignremodel.com/services-residential-interior/ | https://picassodesignremodel.com/services-residential-exterior/ | https://picassodesignremodel.com/services-commercial-interior/
Urban Glaze Construction Yes,https://urbanglazeconstruction.com/,urbanglazeconstruction.com,+1 737-333-1058,,5,8,YES,commercial storefront glazing; installs/replaces windows; insulated glass unit work; replacement windows; window product line; window replacement/installation; windows & doors,False,Urban Glaze Construction specializes in high-performance window and door installation for residential and commercial projects throughout Central Texas.,site scrape,YES,,https://urbanglazeconstruction.com/ | https://urbanglazeconstruction.com/services/windows-door-installation | https://urbanglazeconstruction.com/services/commercial | https://urbanglazeconstruction.com/services/general-remodeling
Austin Eco Windows Yes,https://eco-windowsaustin.com/,eco-windowsaustin.com,+1 737-355-5640,,0,0,YES,installs/replaces windows; pane glazing work; replacement windows; window product line; window replacement/installation,False,Energy-Efficient Windows Austin | Austin Eco Windows Home About Services Energy-Efficient Window Replacement Double & Triple Pane Window Installation Low-E & Insulated Window Solutions Window Instal,site scrape,YES,,https://eco-windowsaustin.com/ | https://eco-windowsaustin.com/Window-Installation-Services-in-Austin | https://eco-windowsaustin.com/Energy-Efficient-Window-Replacement | https://eco-windowsaustin.com/Double-Triple-Pane-Window-Installation
Replace RV Windows Yes,https://www.replacervwindows.com/,replacervwindows.com,+1 737-379-1460,,5,3,YES,insulated glass unit work; pane glazing work; window replacement/installation,True,"Replace RV Windows - Rv Repair Shop, Glass Repair Service, Rv Side Window Repair, Austin, TX Replace rv windows LEARN MORE CALL NOW Home Services Foggy RV Windows Cracked",site scrape,YES,,https://www.replacervwindows.com/ | https://www.replacervwindows.com/mobile-rv-window-replacement--repair.html | https://www.replacervwindows.com/foggy-rv-windows.html | https://www.replacervwindows.com/cracked-rv-windows.html
Marine Windows Solutions Yes,http://marinewindowssolutions.com/,marinewindowssolutions.com,+1 754-325-1470,,5,21,YES,installs/replaces windows; insulated glass unit work; replacement windows; window product line; window replacement/installation,True,Yacht & Boat Window Repair Fort Lauderdale | Marine Windows Licensed & Insured â¢ 30 Florida counties â¢ 300+ yach,site scrape,YES,,https://marinewindowssolutions.com/ | https://marinewindowssolutions.com/yacht-window-installation-fl/ | https://marinewindowssolutions.com/yacht-window-replacement/ | https://marinewindowssolutions.com/yacht-window-repair/
Pro Window Replacement Yes,https://statewidewindowhomeimprovco.com/,statewidewindowhomeimprovco.com,+1 754-342-7631,,5,2,YES,name states window installation/replacement/doors,False,,name/review keywords,UNREACHABLE,,
Window Installation Fort Lauderdale Yes,https://smart-impact-window-installation.com/,smart-impact-window-installation.com,+1 754-551-5551,,5,5,YES,commercial storefront glazing; installs/replaces windows; window product line; window replacement/installation,False,Impact Window Installation Fort Lauderdale | Smart Impact Window Installation Impact Window Installation in Fort Lau,site scrape,YES,,https://smart-impact-window-installation.com/
windows stock market Yes,https://windowsstockmarket.com/,windowsstockmarket.com,+1 754-707-3281,,5,5,YES,installs/replaces windows; insulated glass unit work; named window styles; pane glazing work; window product line; window replacement/installation; windows & doors,False,mpany About Us FAQ Contact Us Tips & Guides Guides How to Measure Windows Types of Impact Windows Why Replace Windows In-Stock vs Custom Impact Window Costs 2026 Insurance Discount Guide PGT vs ESW v,site scrape,YES,,https://windowsstockmarket.com/ | https://windowsstockmarket.com/why-replace-windows-florida | https://windowsstockmarket.com/replacement-impact-glass | https://windowsstockmarket.com/pgt-vs-esw-vs-mr-glass-impact-windows
Your Window Solutions Yes,https://yourwindowsolution.webflow.io/,yourwindowsolution.webflow.io,+1 754-715-6017,,5,6,YES,named window styles; window product line; window replacement/installation; windows & doors,False,"I highly recommend to use this company for windows and door installation Yusleidy Serrano Mar 1, 2024 We just had all our windows and doors replaced by Prestige.",site scrape,YES,,https://yourwindowsolution.webflow.io/ | https://yourwindowsolution.webflow.io/impact-windows-doors
Rockford Windows & Doors Yes,https://rockfordwindowsanddoors.com/,rockfordwindowsanddoors.com,+1 779-249-7282,,5,3,YES,commercial storefront glazing; installs/replaces windows; named window styles; pane glazing work; replacement windows; window product line; window replacement/installation; windows & doors,True,Window Replacement Rockford IL & Door Installation Services | Trusted Window Installers in Rockford IL | Roc,site scrape,YES,,https://rockfordwindowsanddoors.com/ | https://rockfordwindowsanddoors.com/window-replacement/ | https://rockfordwindowsanddoors.com/window-installation/ | https://rockfordwindowsanddoors.com/replacement-windows/
Three Strong Restoration Yes,https://threestrongrestoration.com/,threestrongrestoration.com,+1 779-970-1989,,5,8,YES,installs/replaces windows; pane glazing work; window product line; window replacement/installation,False,"ockford, IL - Three Strong Restoration Skip to main content Services Services Decks Doors Windows Roof Repair Framing View All Services Gallery About Contact Us (779) 970-1989 Get My Free Estimate 5-",site scrape,YES,,https://threestrongrestoration.com/ | https://threestrongrestoration.com/windows | https://threestrongrestoration.com/services
U.S. Window Specialists LLC Yes,https://uswindowspecialists.com/,uswindowspecialists.com,+1 800-223-8099,,0,0,YES,commercial storefront glazing; insulated glass unit work,False,"1A A,k��OF���-� lb��Mk �A5�f�SH�HC`����F�h7Bn��p�}Bh�� ����P4 ��a���ڠ��m�4��TC�igu@��� :� ���-�J�c���""�P~h��6ZS� �,�6 j,�^�[Q���KP�w곰KF�~�""���Gz��P���R���o$��}",site scrape,YES,,https://titan-glazing.com/ | https://titan-glazing.com/wp-content/uploads/2024/07/commercial-windows.jpg | https://titan-glazing.com/wp-content/uploads/2024/07/building_windows.jpg | https://titan-glazing.com/wp-content/uploads/2024/07/building_windows2.jpg
Midwest Wholesale Glass & Shower Doors Yes,http://www.midwestwholesaleglass.com/,midwestwholesaleglass.com,+1 800-593-9812,,4.9,7,YES,commercial storefront glazing; installs/replaces windows; insulated glass unit work; named window styles; pane glazing work; replacement windows; window product line; window replacement/installation; windows & doors,False,"tional Glass Services Order / Quote Forms Contact Credit App Blog Reviews FAQ Replacement Windows and Doors Replacement Windows, Doors & INSULATED GLASS UNITS Wholesale Glass & Services | Veteran and Woman Own",site scrape,YES,,https://www.midwestwholesaleglass.com/ | https://www.midwestwholesaleglass.com/replacement-windows-and-doors | https://www.midwestwholesaleglass.com/storm-windowsfb9c56bb | https://www.midwestwholesaleglass.com/storm-windows
Superior Roof Repair of Rockford Yes,https://www.superiorroofingil.com/,superiorroofingil.com,+1 815-313-4220,,4.9,46,YES,named window styles; window product line; window replacement/installation,False,Reach Out Today Name Phone Email Address Message Submit Your Trusted Window Installation Experts In The Illinois Area.,site scrape,YES,,https://superiorroofingil.com/ | https://superiorroofingil.com/windows/ | https://superiorroofingil.com/services/roof-replacement/ | https://superiorroofingil.com/roofing/residential-roofing/
Homeland Exteriors Yes,http://homelandexteriors.com/,homelandexteriors.com,+1 815-601-5522,,5,5,YES,insulated glass unit work; window product line; window replacement/installation; windows & doors,False,"shed, long-lasting finish for your home or business. read more > Windows We specialize in window and door installation, offering expert fitting and high-quality products to enhance security, energy efficiency",site scrape,YES,,https://homelandexteriors.com/ | https://homelandexteriors.com/windows | https://homelandexteriors.com/roofing | https://homelandexteriors.com/siding
Area Construction & Renovation Yes,http://areaconstructionrockford.com/,areaconstructionrockford.com,+1 815-980-1710,,5,19,YES,installs/replaces windows; window product line,False,"ow Windows for New Construction or Remodeling Whether you're in the process of building a new window or remodeling your current one, you can count on us to supply you with the best windows a",site scrape,YES,,https://www.areaconstructionrockford.com/ | https://www.areaconstructionrockford.com/window-installation | https://www.areaconstructionrockford.com/request-service | https://www.areaconstructionrockford.com/residential-commercial-remodeling
C-TEX Glass And Door LLC Yes,http://ctexglassanddoor.com/,ctexglassanddoor.com,+1 832-579-7053,,0,0,YES,building glass replacement; commercial storefront glazing; installs/replaces windows; window replacement/installation,True,"glass service in Texas. Call today for a free estimate. For your home we offer insulated window replacement, replacement of broken glass in windows, customized bath enclosures, shower doors, furnit",site scrape,YES,,https://ctexglassanddoor.com/ | https://ctexglassanddoor.com/services
Window Universe Austin Yes,https://windowuniverseaustin.com/,windowuniverseaustin.com,+1 844-983-9773,,0,0,YES,installs/replaces windows; insulated glass unit work; named window styles; pane glazing work; replacement windows; window product line; window replacement/installation; windows & doors,False,"+ year industry veterans Not in Austin, TX? Change Location Skip to content Search Toggle Windows in Austin Replacement Windows New Construction Windows Multi-Family Windows DIY Windows Doors in Austin Front E",site scrape,YES,,https://windowuniverseaustin.com/ | https://windowuniverseaustin.com/window-and-door-installation/window-installation/ | https://windowuniverseaustin.com/replacement-windows/ | https://windowuniverseaustin.com/windows-without-installation/
Kings Sliding Door Yes,http://arizona.kingsslidingdoorrepair.com/,arizona.kingsslidingdoorrepair.com,+1 888-664-5553,,5,26,YES,insulated glass unit work; pane glazing work,False,"ack neatly to one side, creating a wide, open living space. Improve the look of your home DOUBLE PANE GLASS STANDARD GLASS TRIPLE GLASS Find Out How New Doors Can Improve Your Home When inves",site scrape,YES,,https://arizona.kingsslidingdoorrepair.com/ | https://arizona.kingsslidingdoorrepair.com/services/new-sliding-door-installation/ | https://arizona.kingsslidingdoorrepair.com/services/sliding-screen-replacement/ | https://arizona.kingsslidingdoorrepair.com/services/roller-replacement/
Ranger Glass and Mirror Yes,http://www.rangerglassandmirror.shop/,rangerglassandmirror.shop,+1 903-423-0536,,4.3,6,YES,"Window installation, window glass repair and replacement",False,"rangerglassandmirror.shop listings — ""full service glass and mirror shop offering residential and commercial services including shower doors, windows, mirrors, storefronts, cabinet glass, and table tops""; services include ""windows installation... glass and window repair services... glass and window ",web research (site unreachable),UNKNOWN,,https://rangerglassandmirror.shop/
Skylinq Home Yes,https://www.skylinqhome.com/,skylinqhome.com,+1 945-352-2008,,5,32,YES,named window styles; pane glazing work; window product line; window replacement/installation,False,"ditions Accessibility Copyright © Skylinq Home Crafted with ♥ In Dallas, Texas By Modare Window Replacement in DFW | Skylinq Free estimates on HVAC, roofing & water About Services Roofing HVAC Wate",site scrape,YES,,https://skylinqhome.com/ | https://skylinqhome.com/services/windows | https://skylinqhome.com/services/roofing | https://skylinqhome.com/services/hvac
RoofPros & Windows Yes,https://www.roofingsst.com/,roofingsst.com,+1 954-302-3753,,4.7,23,YES,installs/replaces windows; replacement windows; window product line; window replacement/installation; windows & doors,False,L 33317 Google Copyright © 2025 Roofpros & Windows. All rights reserved. Privacy Policy Windows and Doors Installation | Get Free Quote Skip to content About Services Commercial Roofing Residential Roofing Ro,site scrape,YES,,https://roofingsst.com/ | https://roofingsst.com/services/windows-doors/ | https://roofingsst.com/services/commercial-roofing/ | https://roofingsst.com/services/residential-roofing/
Reliance Window Systems Yes,https://www.reliancewindowsystems.com/,reliancewindowsystems.com,+1 954-393-5646,,4.8,51,YES,window product line; windows & doors,False,Reliance Window Systems | Premium Impact Windows & Doors,site scrape,YES,,https://www.reliancewindowsystems.com/
The Original Frameless Shower Doors - Fort Lauderdale Yes,https://www.framelessshowerdoors.com/local_franchisee/ft-lauderdale/,framelessshowerdoors.com,+1 954-510-9680,,5,83,YES,building glass replacement; insulated glass unit work; pane glazing work,False,cts StayClean® Custom Bathroom Mirrors Painted Glass Backsplash Commercial Glass Residential Glass Services Design Consulting Loyalty Program InstallationEasy® Install and Save Big!,site scrape,YES,,https://www.framelessshowerdoors.com/ | https://www.framelessshowerdoors.com/commercial-glass-walls/ | https://www.framelessshowerdoors.com/residential-glasswork/ | https://www.framelessshowerdoors.com/diy-center/installation-guide/
Smooth Sliders Yes,https://smoothsliders.com/,smoothsliders.com,+1 954-818-9607,,4.9,129,YES,building glass replacement; installs/replaces windows; insulated glass unit work; named window styles; pane glazing work; window product line; window replacement/installation; windows & doors,False,er Youtube Menu HOME Repair & install services Sliding Glass Door Repair And Installation Window Repair and Install Impact Doors And Windows Repair Pocket Door Repair And Installation Closet Bi-Fold Door R,site scrape,YES,,https://smoothsliders.com/ | https://smoothsliders.com/window-repair-and-install/ | https://smoothsliders.com/impact-sliding-door-repairs/ | https://smoothsliders.com/sliding-glass-door-glass-replacement/
Davie Windows and Custom Doors Yes,http://daviewindows.com/,daviewindows.com,+1 954-873-1980,,5,30,YES,commercial storefront glazing; named window styles; window product line; window replacement/installation; windows & doors,False,* Window Replacement Door Replacement Balcony Enclosure How Many Windows?,site scrape,YES,,https://daviewindows.com/ | https://daviewindows.com/index.php/about-davie-windows/ | https://daviewindows.com/index.php/gallery-2023/ | https://daviewindows.com/index.php/davie-windows-trim/
Soflo Hurricane Windows and Doors Yes,http://soflohurricane.com/,soflohurricane.com,+1 954-900-9693,,5,5,YES,named window styles; window product line; window replacement/installation; windows & doors,False,A selection of completed impact-window and door installations from South Florida homes.,site scrape,YES,,https://soflohurricane.com/ | https://soflohurricane.com/services/
USA Impact Windows and Doors Yes,https://www.usawindowsanddoors.com/impact-windows-davie/,usawindowsanddoors.com,+1 954-951-4623,,4.3,201,YES,named window styles; window product line; window replacement/installation; windows & doors,False,Get window pricing Call (954) 637-7029 Window styles Every impact window style we install.,site scrape,YES,,https://www.usawindowsanddoors.com/ | https://www.usawindowsanddoors.com/impact-windows.html | https://www.usawindowsanddoors.com/about-us.html
Jon Wright Industries Yes,https://www.jonwrightroofing.com/,jonwrightroofing.com,+1 972-251-1818,,4.7,38,YES,Energy-efficient replacement windows; added windows to their service lines in 1995,False,"'Jon Wright Industries is a roofing contractor offering roofing, window, siding, and solar panel services... a family owned roofing, siding and window contractor serving the Irving, Dallas and Ft. Worth area'; RESNET certification cited for 'energy efficient replacement windows'",web research (site unreachable),UNREACHABLE,,
David Smith Glass Yes,https://www.davidsmithglass.com/,davidsmithglass.com,+1 972-289-4999,,5,0,YES,building glass replacement; commercial storefront glazing; pane glazing work; window replacement/installation,False,"Double Pane & Window Repair Repair or replace fogged, broken, or inefficient windows.",site scrape,YES,,https://davidsmithglass.com/ | https://davidsmithglass.com/projects.php
Jurassic Windows and more LLC Yes,https://www.facebook.com/profile.php?id=61555207653139,facebook.com,+1 972-351-6397,,5,22,YES,Stocks windows and provides framing and installation services including window and door installations,False,"Oak Cliff Building Materials services page: 'Their extensive inventory includes lumber, sheathing, roofing products, windows, and more. They also provide professional framing and installation services, including window and door installations'; sells 'to contractors, builders and homeowners'",web research (site unreachable),UNREACHABLE,,
Planet Glass & Mirror LLC Yes,https://planetglasstx.com/,planetglasstx.com,+1 972-415-1222,,5,5,YES,building glass replacement; commercial storefront glazing; installs/replaces windows; insulated glass unit work; window replacement/installation; windows & doors,False,ote bag bicycle rights cliche twee hashtag pokpo demos tanero lamina sime voti Contact Us Window Replacement Tousled letterpre tote bag bicycle rights cliche twee hashtag pokpo demos tanero lamina s,site scrape,YES,,https://planetglasstx.com/ | https://planetglasstx.com/home-2/ | https://planetglasstx.com/about-us/
Brennan Enterprises Yes,https://www.brennancorp.com/?utm_source=google&utm_medium=organic&utm_campaign=gmb&utm_term=dallas,brennancorp.com,+1 972-619-9281,,0,0,YES,installs/replaces windows; insulated glass unit work; named window styles; replacement windows; window product line; window replacement/installation; windows & doors,False,atio Doors French (Hinged) Doors Pivot Doors Front Doors View All Exterior Doors Services Window Replacement Exterior Door Replacement Design-Build Windows & Doors New Construction Supply Windows &,site scrape,YES,,https://brennancorp.com/ | https://brennancorp.com/services/window-replacement | https://brennancorp.com/windows/brands/andersen-windows-and-doors/ | https://brennancorp.com/windows/brands/brennan-windows/
North Star Glass LLC Yes,https://www.northstarglasstexas.com/,northstarglasstexas.com,+1 972-639-7196,,5,12,YES,"Window glass replacement — single and double pane; patio door and French door glass/hardware; screens (plus shower doors, mirrors, table tops)",False,"northstarglasstexas.com homepage title 'North Star Glass - Shower Doors, Shower Glass, Single Pane, Double [Pane]'; services listed include 'window glass (double pane and single)', 'patio doors', 'French doors'. Google review: 'AMAZING EXPERIENCE with North Star Glass for our windows and sliding doo",web research (site unreachable),UNREACHABLE,,
Acme Glass and Tinting Yes,https://911window.com/,911window.com,+1 972-677-7172,,4.5,49,YES,installs/replaces windows; pane glazing work; replacement windows; window product line; window replacement/installation,False,installation service Skip to content Home Services About Blog Contact Professional Window Installation and Repairs ACME Glass & Tinting has been serving customers in the Dallas/Ft.,site scrape,YES,,https://911window.com/ | https://911window.com/services/ | https://911window.com/about/
POLAR CLEAR GLASS REPAIR Yes,http://polarclearwindows.com/,polarclearwindows.com,+1 972-765-5762,,4.8,544,YES,installs/replaces windows; insulated glass unit work; pane glazing work; replacement windows; window product line; window replacement/installation,False,ston Dallas Forth-Worth I need help with Broken Glass Foggy Glass Window Replacement Window Repair Window Services Type of Frame Vinyl (Recommended) Aluminum What do you prioritize?,site scrape,YES,,https://www.polarclearwindows.com/ | https://www.polarclearwindows.com/service/window-replacement | https://www.polarclearwindows.com/service/window-services | https://www.polarclearwindows.com/service/window-repair
DTX Handyman Services Yes,https://www.dtxhandymanservices.com/,dtxhandymanservices.com,+1 972-813-9474,,4.8,81,YES,installs/replaces windows; replacement windows; window replacement/installation,False,"light fixture installation, smart home setup, faucet replacement, toilet repair, door and window repair, fence repair, painting, carpentry, flooring, tile work, power washing, dryer vent cleani",site scrape,YES,YES,https://www.dtxhandymanservices.com/ | https://www.dtxhandymanservices.com/services.html | https://www.dtxhandymanservices.com/service-areas.html | https://www.dtxhandymanservices.com/same-day-handyman-dallas.html
DFW Window Tinting Yes,https://dfwwindowtinting.com/,dfwwindowtinting.com,+1 972-846-8464,,5,40,YES,commercial storefront glazing; installs/replaces windows; insulated glass unit work; pane glazing work; window replacement/installation,False,972-TINTING Free Estimate 972-846-8464 DFW Window Tinting Residential and commercial window film installation across Dallas-Fort Worth.,site scrape,YES,YES,https://dfwwindowtinting.com/ | https://dfwwindowtinting.com/residential | https://dfwwindowtinting.com/commercial | https://dfwwindowtinting.com/service-areas
Ocean Glass DFW Yes,https://www.oceanglassdfw.com/,oceanglassdfw.com,+1 972-854-3425,,5,47,YES,"New vinyl window installation, window repair, storefront glass",False,"oceanglassdfw.com/services - 'new vinyl windows, window repair, storefronts, door closers, frameless showers, mirror walls, tabletops, patio glass walls, solar screens'; 'services ranging from residential, commercial, and 24/7'",web research (site unreachable),UNREACHABLE,,
Allied Exteriors Yes,https://alliedexteriors.com/,alliedexteriors.com,+1 972-888-9988,,4.4,174,YES,installs/replaces windows; insulated glass unit work; named window styles; replacement windows; window product line; window replacement/installation,False,Replacement Windows Thinking about replacing your windows?,site scrape,YES,,https://alliedexteriors.com/ | https://alliedexteriors.com/services/windows | https://alliedexteriors.com/pricing/windows/
DFW Glass Mart Yes,http://dfwglassmart.com/,dfwglassmart.com,+1 972-900-3117,,5,110,YES,building glass replacement; insulated glass unit work; pane glazing work; window product line; window replacement/installation,True,"Whether you need a fast windshield replacement , a reliable car window repair, or custom home glass solutions , we’ve got you covered.",site scrape,YES,,https://dfwglassmart.com/ | https://dfwglassmart.com/residential | https://dfwglassmart.com/auto
Dallas Glass and Auto Yes,http://dallasglassandauto.com/,dallasglassandauto.com,+1 972-900-7194,,5,95,YES,building glass replacement; pane glazing work; window replacement/installation,True,We provide hassle-free solutions to make window replacement affordable.,site scrape,YES,,https://dallasglassandauto.com/ | https://dallasglassandauto.com/residential | https://dallasglassandauto.com/auto
Glass Replacement Pros Yes,http://glassreplacementpros.com/,glassreplacementpros.com,+1 972-900-7559,,5,10,YES,building glass replacement; installs/replaces windows; insulated glass unit work; pane glazing work; replacement windows; window product line; window replacement/installation,True,"on for delivering top-quality glass solutions with no hidden fees. Whether you need a car window repair, a home window replacement, or custom glass installation, we are the go-to glass speciali",site scrape,YES,,https://glassreplacementpros.com/ | https://glassreplacementpros.com/residential | https://glassreplacementpros.com/auto
Camey Xteriors Yes,http://www.cameyxteriors.com/,cameyxteriors.com,+1 972-900-8969,,5,0,YES,pane glazing work; window product line; window replacement/installation,False,ntact Us More Home Windows Screens Glass Contact Us Home Windows Screens Glass Contact Us Windows Installation Installation Installation Upgrade your home with brand new windows.,site scrape,YES,,https://cameyxteriors.com/ | https://cameyxteriors.com/windows | https://cameyxteriors.com/glass
921 Roof Yes,https://www.921roof.com/,921roof.com,+1 972-921-7663,,5,18,YES,window product line,False,"] In the end, we got beautiful Class 4 impact-resistant shingles, upgraded gutters, new windows, and fresh paint and stain with very little out-of-pocket cost.",site scrape,LIKELY,,https://www.921roof.com/ | https://www.921roof.com/commercial-roof-replacement | https://www.921roof.com/services | https://www.921roof.com/roof-replacement
The Window Connection Yes,https://dallaswindows.com/,dallaswindows.com,+1 972-951-6120,,5,69,YES,installs/replaces windows; insulated glass unit work; named window styles; pane glazing work; replacement windows; window product line; window replacement/installation; windows & doors,False,Window Connection Replacement Windows Dallas The Window Connection Replacement Windows Dallas Home Mission About Us Fou,site scrape,YES,,https://dallaswindows.com/ | https://dallaswindows.com/replacement-windows.htm | https://dallaswindows.com/bay-window-bow-window-replacement.htm | https://dallaswindows.com/vinyl-replacement-windows-coppell.html
Model Glass & Shower Doors Yes,https://modelglassatx.com/?utm_source=google&utm_medium=organic&utm_campaign=gbp,modelglassatx.com,+1 979-587-2334,,5,59,YES,building glass replacement; commercial storefront glazing; installs/replaces windows; insulated glass unit work; named window styles; pane glazing work; window product line; window replacement/installation,False,"clarity, strength, and energy efficiency for both residential and commercial properties. Windows We install high-quality windows that enhance insulation, improve natural light, and add long-lasting",site scrape,YES,,https://modelglassatx.com/ | https://modelglassatx.com/window-replacement-new-window-installation-in-austin/ | https://modelglassatx.com/window-glass/ | https://modelglassatx.com/windows/
Zen Windows Austin Yes,https://zenwindows.com/?utm_source=google&utm_medium=organic&utm_campaign=maps_austin,zenwindows.com,+1 512-647-1707,"1 Chisholm Trail Rd Ste 450, Round Rock, TX 78681, United States",4.7,33,YES,installs/replaces windows; insulated glass unit work; named window styles; pane glazing work; replacement windows; window product line; window replacement/installation; windows & doors,False,Window Replacement Services Nationwide | Zen Windows Skip to content Contact us at: (877) 583-0423 ✕ Windows,site scrape,YES,,https://zenwindows.com/ | https://zenwindows.com/windows/window-installation/ | https://zenwindows.com/windows/window-replacement/ | https://zenwindows.com/windows/window-replacement/vinyl/
Blake Construction Blake Construction Yes,http://www.blake-construction.com/contact-us/,blake-construction.com,+1 214-563-5035,"100 S Glasgow Dr, Dallas, TX 75214, United States",5,5017,YES,window product line; window replacement/installation,False,"and all tile, marble, and natural stone work Custom trim, doors and millwork Custom wood window repair Any mechanical problems.",site scrape,YES,,https://blake-construction.com/ | https://blake-construction.com/services/ | https://blake-construction.com/portfolio_category/residential/
Together Exterior & Outdoor Remodeling Yes,https://together-exterior.com/,together-exterior.com,"1000 E 50th St C, Austin, TX 78751, United States","1000 E 50th St C, Austin, TX 78751, United States",5,38,YES,commercial storefront glazing; installs/replaces windows; named window styles; replacement windows; window product line; window replacement/installation,False,this form. Email Full Name Full Name * Email * Phone * Submit Get Your Free Estimate x Window Replacement - Together Exterior & Outdoor Skip to content Home About Services ADU Pools windows patio,site scrape,YES,,https://together-exterior.com/ | https://together-exterior.com/windows/ | https://together-exterior.com/services/ | https://together-exterior.com/commercial-exterior-maintenance-improvements/
Bert Roofing Inc. Yes,https://bertroofing.com/?utm_campaign=gmb,bertroofing.com,"10021 Cayuga Dr, Dallas, TX 75228, United States","10021 Cayuga Dr, Dallas, TX 75228, United States",4.8,136,YES,insulated glass unit work,False,"No ""we will figure it out"" lines.",site scrape,YES,,https://bertroofing.com/ | https://bertroofing.com/service/roof-replacement/ | https://bertroofing.com/services/ | https://bertroofing.com/service/insulation/
Top Choice Lawn Care Yes,http://www.topchoiceaustin.com/,topchoiceaustin.com,"10081 Schmidt Ln, Austin, TX 78737, United States","10081 Schmidt Ln, Austin, TX 78737, United States",4.8,631,YES,insulated glass unit work,False,"-=� n���wj)�J ��R(XtUf�D5nԒ � �@���� �&� H�B�l""�D�h�O����q۠H�:=⑕�ei 0� �C݀�,���Iguʀ��bR-�4��M��àfa�Ҍ%�A�4��ݙ�FF�ȳ?",site scrape,YES,,https://www.topchoiceaustin.com/ | https://www.topchoiceaustin.com/landscaping-products/ | https://www.topchoiceaustin.com/wp-content/uploads/Service-area-2024.jpg
TC Paint Protection film - Distribution & Training Center Yes,https://tcfilmprotection.com/,tcfilmprotection.com,"1009 Ranch Rd 620 N Unit 610, Lakeway, TX 78734, United States","1009 Ranch Rd 620 N Unit 610, Lakeway, TX 78734, United States",5,4,YES,window product line,True,Opens in a new window.,site scrape,LIKELY,,https://tcfilmprotection.com/ | https://tcfilmprotection.com/collections/pre-cuts | https://tcfilmprotection.com/products/tc-cutpro-software | https://tcfilmprotection.com/products/tc-clarity-series-gloss
Grand Openings Luxury Windows & Doors - Austin Yes,http://www.grandopenings.com/,grandopenings.com,"1009 W 6th St #140, Austin, TX 78703, United States","1009 W 6th St #140, Austin, TX 78703, United States",2.7,7,YES,named window styles; window product line; windows & doors,False,"Series was designed for versatility and durability. It can mimic the traditional style of wood windows and doors with a warm wood interior and intricate exterior trim details, or it can meet m",site scrape,YES,,https://grandopenings.com/ | https://grandopenings.com/products/western-window-systems/ | https://grandopenings.com/products/kolbe-windows-doors/ | https://grandopenings.com/products/
We are Sliding Door Repair Yes,https://slidingdoorsrepairfl.com/,slidingdoorsrepairfl.com,+1 954-412-0101,"101 NE 3rd Ave #1500, Fort Lauderdale, FL 33301, United States",5,43,YES,named window styles,False,Casement Windows 02 Suspendisse blandit.,site scrape,LIKELY,,https://slidingdoorsrepairfl.com/ | https://slidingdoorsrepairfl.com/services/ | https://slidingdoorsrepairfl.com/sliding-door-glass-repair/
A & D Window Cleaning & Window Repair Yes,https://aanddwindows.com/,aanddwindows.com,"1017 Ranch Rd 620 S #210, Lakeway, TX 78734, United States","1017 Ranch Rd 620 S #210, Lakeway, TX 78734, United States",4.6,58,YES,broken window glass; commercial storefront glazing; installs/replaces windows; insulated glass unit work; named window styles; pane glazing work; replacement windows; window product line; window replacement/installation,False,"Expert Window Cleaning & Repair Services | A&D Austin, TX Window Repair Window Cleaning Window Replacement Screen Replacement Contact Window Cleaning & Window Re",site scrape,YES,,https://aanddwindows.com/ | https://aanddwindows.com/window-replacement | https://aanddwindows.com/window-repair | https://aanddwindows.com/window-cleaning
R. Patrick Carroll III Circle C Handyman Services Yes,https://www.im-handy-af.com/,im-handy-af.com,"10212 Cama Valley Cove, Austin, TX 78739, United States","10212 Cama Valley Cove, Austin, TX 78739, United States",5,19,YES,insulated glass unit work,False,I’ve always been committed to figuring out how things work and solving the problems that people have every day.,site scrape,YES,,https://www.im-handy-af.com/
Southwest Door & Window Yes,https://southwestdw.com/?utm_source=google&utm_medium=organic&utm_campaign=gbp-dallas&utm_id=local&utm_content=dallas,southwestdw.com,"10255 Miller Rd, Dallas, TX 75238, United States","10255 Miller Rd, Dallas, TX 75238, United States",4.2,68,YES,"Exterior window installation and replacement (vinyl and aluminum windows) plus entry and patio doors, for builders and homeowners",False,"southwestdw.com/replacement-windows-dallas-tx/ 'Replacement Windows in Dallas, TX - Window Contractor'; 'specializes in exterior window and door installation'",web research (site unreachable),UNKNOWN,,https://southwestdw.com/
Active Austin Handyman Yes,http://activeaustinhandyman.com/,activeaustinhandyman.com,"10320 Boulder Ln, Austin, TX 78726, United States","10320 Boulder Ln, Austin, TX 78726, United States",5,16,YES,window product line,False,Opens in a new window.,site scrape,LIKELY,,https://activeaustinhandyman.com/
Alamo Glass & Mirror Yes,https://www.alamoglassco.com/,alamoglassco.com,"10510 Olympic Dr, Dallas, TX 75220, United States","10510 Olympic Dr, Dallas, TX 75220, United States",3.9,38,YES,commercial storefront glazing; installs/replaces windows; replacement windows; window replacement/installation,False,ast Name Email Address Phone Number What products/services are you interested in? Mirrors Window Glass Replacement Storefront Replacement Windows Shower Doors Table Tops Cabinet Glass Other Products/Servi,site scrape,YES,,https://www.alamoglassco.com/ | https://www.alamoglassco.com/products-services/ | https://www.alamoglassco.com/residential-gallery.html | https://www.alamoglassco.com/commercial-gallery.html
Scott Roofing & Exteriors Yes,https://www.scottexteriors.com/,scottexteriors.com,"10561 New Church Rd, Dallas, TX 75238, United States","10561 New Church Rd, Dallas, TX 75238, United States",4.4,95,YES,installs/replaces windows; replacement windows; window product line; window replacement/installation,False,Vinyl Siding Fiber Cement Wood Siding Repairs & Replacement Windows Energy-efficient window installation and replacement to improve comfort and reduce energy costs.,site scrape,YES,,https://scottexteriors.com/ | https://scottexteriors.com/windows/ | https://scottexteriors.com/scotexterior/windows/ | https://scottexteriors.com/residential-roofing/
Castle Contracting Yes,http://www.castleexteriors.net/?utm_source=Google&utm_medium=Organic&utm_campaign=GBP,castleexteriors.net,"10565 Product Dr Ste A1, Machesney Park, IL 61115, United States","10565 Product Dr Ste A1, Machesney Park, IL 61115, United States",4.9,155,YES,named window styles; window product line; window replacement/installation; windows & doors,False,ES) Powered by Instant Roofer HOME SERVICES Residential Roofing Commercial Roofing Egress Windows Install Gutters & Downspouts Residential Siding Solar Roofing Energy Savings Decks & Patios New C,site scrape,YES,,https://castleexteriors.net/ | https://castleexteriors.net/egress-window-install | https://castleexteriors.net/basement-window-rockford-il | https://castleexteriors.net/residential-roofing
Chenault window services Yes,https://chenaultswindowservices.net/,chenaultswindowservices.net,"10605 Boomer Cir #107, Dallas, TX 75238, United States","10605 Boomer Cir #107, Dallas, TX 75238, United States",4.1,29,YES,installs/replaces windows; insulated glass unit work; replacement windows; window product line; window replacement/installation; windows & doors,False,"Chenault’s Window Services — Window installations, glass replacements, skylights, doors, screens & more.",site scrape,YES,,https://chenaultswindowservices.net/ | https://chenaultswindowservices.net/products/ | https://chenaultswindowservices.net/about/
All Pro Windows and Doors Yes,http://www.allprowindowsanddoors.com/,allprowindowsanddoors.com,"1071 NW 53rd St, Fort Lauderdale, FL 33309, United States","1071 NW 53rd St, Fort Lauderdale, FL 33309, United States",3.5,17,YES,window product line; window replacement/installation; windows & doors,False,get only the best services when you hire All Pro Windows & Doors to work on your door and window installations.,site scrape,YES,,https://allprowindowsanddoors.com/ | https://allprowindowsanddoors.com/window-door-services/ | https://allprowindowsanddoors.com/impact-nonimpact-windows-doors/ | https://allprowindowsanddoors.com/fiberglass-entry-doors/
Bold Roofing - DFW's Best Roofing Contractor Yes,https://boldroofing.com/,boldroofing.com,"10720 Miller Rd #303, Dallas, TX 75238, United States","10720 Miller Rd #303, Dallas, TX 75238, United States",4.7,623,YES,window replacement/installation,False,"in the area. Fully licensed and known for our reliability, we specialize in: Roof Gutters Windows Sheetrock Painting Repair Fence Windows Shutters Stain New fence Replacement Chimney repairs to include after-damag",site scrape,YES,,https://boldroofing.com/ | https://boldroofing.com/roofing-and-gutter-installations/ | https://boldroofing.com/roof-replacements-and-repairs/ | https://boldroofing.com/commercial-roofing/
A.M Windows And Doors Yes,https://amwindowsandoors.com/,amwindowsandoors.com,"10749 Cleary Blvd, Plantation, FL 33324, United States","10749 Cleary Blvd, Plantation, FL 33324, United States",4.6,174,YES,named window styles; window product line; window replacement/installation; windows & doors,False,FREE ESTIMATES and Permit assistance available. REQUEST A FREE QUOTE Professional Impact Windows and Doors Installation in South Florida Protect your home with high-quality impact windows and doors designed to,site scrape,YES,,https://amwindowsandoors.com/ | https://amwindowsandoors.com/2177-2/ | https://amwindowsandoors.com/about-us/
Glass & Storefront Solutions Inc. Yes,http://www.solutionsstorefront.com/,solutionsstorefront.com,+1 214-489-2361,"108 N Marsalis Ave Ste a, Dallas, TX 75203, United States",5,507,YES,commercial storefront glazing; window replacement/installation,False,or glass Frameless showers doors Residential Glass canopy Steel doors Curve glass Mirrors Windows glass replacement & Rent equipment Contact us Name E mail* Telephone I am interested in Attach Files Attach,site scrape,YES,,https://solutionsstorefront.com/
Lion Windows Yes,https://lionwindows.com/,lionwindows.com,+1 512-940-6000,"108 Wild Basin Rd S Suite 250, West Lake Hills, TX 78746, United States",4.6,30,YES,named window styles; window product line; window replacement/installation,False,Austin Window Installation: Get a Quote Today | Lion Windows 0 Skip to Content Home Domestic Manufacturers European,site scrape,YES,,https://www.lionwindows.com/ | https://www.lionwindows.com/pixel-window | https://www.lionwindows.com/pava-windows | https://www.lionwindows.com/windows
Stork's Home Services Yes,https://storkheatingandair.com/?utm_source=google&utm_medium=organic&utm_campaign=gbp,storkheatingandair.com,"10840 Switzer Ave #101, Dallas, TX 75238, United States","10840 Switzer Ave #101, Dallas, TX 75238, United States",5,61,YES,windows & doors,False,"Seal off any leaks around your windows and doors too, to prevent humid air from entering your home.",site scrape,YES,YES,https://storkheatingandair.com/ | https://storkheatingandair.com/air-conditioner-replacement-and-installation/ | https://storkheatingandair.com/thermostat-repair-replacement/ | https://storkheatingandair.com/humidifier-repair-replacement/
Quality 1 Energy Systems Heating & Air Conditioning Yes,https://www.q1es.com/,q1es.com,"10870 Plano Rd C, Dallas, TX 75238, United States","10870 Plano Rd C, Dallas, TX 75238, United States",4.9,398,YES,Residential window installation / replacement for energy efficiency,False,"Dedicated page q1es.com/residential/window-installation/ titled ""Dallas Window Installation""; profile text: ""insulation and window replacement"".",web research (site unreachable),UNREACHABLE,,
TrueSafe Renovations Yes,http://www.truesaferenovations.com/,truesaferenovations.com,"10925 Estate Ln Ste 214, Dallas, TX 75238, United States","10925 Estate Ln Ste 214, Dallas, TX 75238, United States",5,53,YES,Window replacement - installs Ply Gem windows and doors,False,"truesaferenovations.com - 'TrueSafe Renovations specializes in residential roof replacements, roof repairs, siding, windows, solar solutions, and flat roofing systems'; 'TrueSafe offers superior Ply Gem windows and doors'.",web research (site unreachable),UNKNOWN,,https://truesaferenovations.com/
Sali's Roofing Yes,https://salisroofing.com/?utm_source=google&utm_medium=organic&utm_campaign=gbp_listing&utm_content=salis_roofing,salisroofing.com,"10930 Switzer Ave #123, Dallas, TX 75238, United States","10930 Switzer Ave #123, Dallas, TX 75238, United States",5,109,YES,installs/replaces windows,False,Michael and his teams did a great work replacing my roof and replacing window screens and caulking around the windows.,site scrape,YES,YES,https://salisroofing.com/ | https://salisroofing.com/residential-roofing/ | https://salisroofing.com/commercial-roofing/ | https://salisroofing.com/roofing-installation/
Performance Windows Dallas East Yes,https://goperformancewindows.com/tx/dallas-east/,goperformancewindows.com,"10945 Estate Ln Ste E255, Dallas, TX 75238, United States","10945 Estate Ln Ste E255, Dallas, TX 75238, United States",4.8,5,YES,installs/replaces windows; named window styles; replacement windows; window product line; window replacement/installation,False,Window Replacement & Installation | Performance Windows Skip to content Contact Us For Our Holiday Sale Toda,site scrape,YES,,https://goperformancewindows.com/ | https://goperformancewindows.com/our-work | https://goperformancewindows.com/contact
Discount Glass Texas Yes,http://discountglasstexas.com/,discountglasstexas.com,"11063 Dennis Rd, Dallas, TX 75229, United States","11063 Dennis Rd, Dallas, TX 75229, United States",4.9,1497,YES,building glass replacement; commercial storefront glazing; installs/replaces windows; insulated glass unit work; named window styles; pane glazing work; replacement windows; window product line; window replacement/installation; windows & doors,True,Discount Glass Texas Window Replacement Repair near Dallas 24/7 Emergency (972) 900-8748 Home Auto Glass Windshield Replacement Windshie,site scrape,YES,,https://discountglasstexas.com/ | https://discountglasstexas.com/window-replacement-dallas/ | https://discountglasstexas.com/commercial-window-film-dallas/ | https://discountglasstexas.com/window-replacement/
Holden Roofing Austin Yes,https://holdenroofing.com/contact-us/austin-roofing/,holdenroofing.com,+1 512-750-0523,"111 W Anderson Ln. Ste E360A, Austin, TX 78752, United States",4.6,379,YES,insulated glass unit work,False,Stan also contacted a guy (Miguel) who works at Holden to repair my interior damage.,site scrape,YES,,https://holdenroofing.com/ | https://holdenroofing.com/residential-roofing/ | https://holdenroofing.com/commercial-roofing/
Star Glass Aluminum Yes,https://starglassaluminum.com/,starglassaluminum.com,"11111 Ables Ln #124, Dallas, TX 75229, United States","11111 Ables Ln #124, Dallas, TX 75229, United States",4.9,126,YES,building glass replacement; commercial storefront glazing; installs/replaces windows; insulated glass unit work; pane glazing work; replacement windows; window product line; window replacement/installation; windows & doors,False,Reviews Follow Us f ig in Home About About Us Reviews Photo Gallery Blog Window Services Window Services Window Repair & Replacement Full Frame Window Replacement Glass Window Installation Energy-Efficient Wi,site scrape,YES,,https://starglassaluminum.com/ | https://starglassaluminum.com/glass-window-installation | https://starglassaluminum.com/window-services | https://starglassaluminum.com/window-repair-replacement
Nick's Door Company Yes,https://www.nickslocksmith.com/?utm_source=omg-gbp&utm_medium=webclick,nickslocksmith.com,"11116 Middle Fiskville Rd # B, Austin, TX 78753, United States","11116 Middle Fiskville Rd # B, Austin, TX 78753, United States",5,229,YES,insulated glass unit work,False,"services provide an economical alternative to replacing your locks entirely. We'll reconfigure your existing locks to work with new keys, rendering old keys useless and restoring you",site scrape,YES,,https://www.nickslocksmith.com/ | https://www.nickslocksmith.com/services | https://www.nickslocksmith.com/residential-solutions | https://www.nickslocksmith.com/services/garage-door
W Tint X - Car Window Tinting Yes,https://wtintx.com/,wtintx.com,"11116 Middle Fiskville Rd Ste g, Austin, TX 78753, United States","11116 Middle Fiskville Rd Ste g, Austin, TX 78753, United States",4.9,63,YES,installs/replaces windows; replacement windows,True,"com Follow Main services Auto Glass Replacement Window Tint We don't just protect vehicles, We Take Care of Investments and Dreams.",site scrape,YES,,https://wtintx.com/
The Glass Guru Yes,https://www.theglassguru.com/locations/austin-south-tx/?utm_source=GMB&utm_medium=profile_website_link,theglassguru.com,"11190 Circle Dr #490, Austin, TX 78736, United States","11190 Circle Dr #490, Austin, TX 78736, United States",4.9,828,YES,commercial storefront glazing; installs/replaces windows; insulated glass unit work; named window styles; pane glazing work; replacement windows; window product line; window replacement/installation; windows & doors,False,"eeds of residential and commercial customers across the U.S. and Canada. We specialize in window glass replacement, insulated glass repair, window restoration, custom shower enclosures, mirrors, screens,",site scrape,YES,,https://www.theglassguru.com/ | https://www.theglassguru.com/services/windows/ | https://www.theglassguru.com/services/glass-services/ | https://www.theglassguru.com/services/glass-services/shower-bath-glass/
S&R Impact Windows and Doors Yes,http://srimpactwindowsanddoors.com/,srimpactwindowsanddoors.com,"1120 NW 55th St, Fort Lauderdale, FL 33309, United States","1120 NW 55th St, Fort Lauderdale, FL 33309, United States",4.7,32,YES,window product line; window replacement/installation; windows & doors,True,.7121 Happy Clients 8 0 8 0 8 0 8 0 Years 8 0 8 0 Schedule a Free Consultation for Impact Window and Door Replacement Request a Quote Contact Us IMPACT WINDOWS AND DOORS Work Examples Impact resistant glass,site scrape,YES,,https://srimpactwindowsanddoors.com/ | https://srimpactwindowsanddoors.com/our-services/ | https://srimpactwindowsanddoors.com/portfolio/office-windows/ | https://srimpactwindowsanddoors.com/how-impact-resistant-glass-is-made/
Alvarez Glass and Mirror LLC Yes,http://www.alvarezglass.com/,alvarezglass.com,"11227 Goodnight Ln #905, Dallas, TX 75229, United States","11227 Goodnight Ln #905, Dallas, TX 75229, United States",3.7,3,YES,commercial storefront glazing; window replacement/installation,False,say “Alvarez Glass has the experience and equipped to handle projects as simple as glass window repairs to full glass construction projects.,site scrape,YES,,https://www.alvarezglass.com/ | https://www.alvarezglass.com/project/our-projects/
Dallas Door Designs Yes,https://www.dallasdoorservices.com/,dallasdoorservices.com,"11239 Leo Ln, Dallas, TX 75229, United States","11239 Leo Ln, Dallas, TX 75229, United States",4.5,101,YES,window replacement/installation,False,"As such, you can rest easy knowing a true professional is behind every door and window installation, making your home the beautiful showpiece it should be.",site scrape,YES,,https://www.dallasdoorservices.com/ | https://www.dallasdoorservices.com/door-services/exterior-doors/fiberglass-doors/ | https://www.dallasdoorservices.com/door-services/ | https://www.dallasdoorservices.com/door-services/exterior-doors/iron-doors/
Dallas Glass and Mirror Yes,https://www.dallasglassandmirror.net/,dallasglassandmirror.net,"11245 Goodnight Ln #19, Dallas, TX 75229, United States","11245 Goodnight Ln #19, Dallas, TX 75229, United States",4.9,473,YES,"Window repair and replacement, 24-hour glass replacement, emergency board-up",False,"dallasglassandmirror.net/glass/ — ""Their services include window repair and replacement, glass shower enclosures, custom mirrors, glass railings, storefronts, and emergency board-up service.""",web research (site unreachable),UNKNOWN,,https://dallasglassandmirror.net/
Florida Impact Windows & Doors Yes,https://floridaimpact.com/,floridaimpact.com,"1126 S Powerline Rd, Deerfield Beach, FL 33442, United States","1126 S Powerline Rd, Deerfield Beach, FL 33442, United States",4.1,87,YES,installs/replaces windows; replacement windows; window product line; window replacement/installation; windows & doors,False,"a Impact Windows and Doors , you’ll find reasonable prices combined with over 30 years of window and door replacement experience.",site scrape,YES,,https://floridaimpact.com/ | https://floridaimpact.com/services/ | https://floridaimpact.com/service-areas/
Daltex Glass & Aluminum Inc Yes,https://daltexglass.com/,daltexglass.com,"11419 Ferrell Dr #108, Farmers Branch, TX 75234, United States","11419 Ferrell Dr #108, Farmers Branch, TX 75234, United States",4.4,49,YES,commercial storefront glazing; insulated glass unit work,False,"We supply and install with the highest quality materials, backed by in-house insulated glass manufacturing.",site scrape,YES,,https://daltexglass.com/ | https://daltexglass.com/product-category/shower-hardware/glass-to-glass-hinges/venice-series-glass-to-glass-hinges/ | https://daltexglass.com/product-category/shower-hardware/glass-to-glass-hinges/preston-series-glass-to-glass-hinges/ | https://daltexglass.com/product-category/shower-hardware/glass-to-glass-hinges/pasadena-hd-series-glass-to-glass-hinges/
AJ Window Solutions LLC Yes,https://ajwindowsolutions.com/,ajwindowsolutions.com,"11419 Mathis Ave Ste 211, Farmers Branch, TX 75234, United States","11419 Mathis Ave Ste 211, Farmers Branch, TX 75234, United States",4.3,13,YES,building glass replacement; installs/replaces windows; insulated glass unit work; named window styles; pane glazing work; window product line; window replacement/installation,False,AJ Window Solutions – Window Repairs and Installations Skip to content Call Us for a Quote (972) 207-1560 | 11419 Mathis Ave Suite 211 Farmers,site scrape,YES,,https://ajwindowsolutions.com/ | https://ajwindowsolutions.com/services/ | https://ajwindowsolutions.com/about-us/
Green Mainland Yes,https://www.greenmainland.com/,greenmainland.com,"11610 Harry Hines Blvd #120, Dallas, TX 75229, United States","11610 Harry Hines Blvd #120, Dallas, TX 75229, United States",5,38,YES,insulated glass unit work; named window styles; windows & doors,False,Luxury Windows & Doors Dallas Texas | Custom Glazing Systems for Modern Homes Across Texas top of page Luxury Wi,site scrape,YES,,https://www.greenmainland.com/ | https://www.greenmainland.com/fixed-windows | https://www.greenmainland.com/tilt-and-turn-windows | https://www.greenmainland.com/casement-windows
B&B Plate Glass Yes,https://www.austintxglass.net/,austintxglass.net,"11707 N Lamar Blvd, Austin, TX 78753, United States","11707 N Lamar Blvd, Austin, TX 78753, United States",4.9,533,YES,broken window glass; building glass replacement; commercial storefront glazing; installs/replaces windows; pane glazing work; window replacement/installation,False,Home - B&B Plate Glass Skip to content Home Residential Glass Menu Toggle Door and Window Glass Repair Window Glass Repair Storefront Door Glass Repair Emergency Window Repair Sliding Glass Do,site scrape,YES,,https://austintxglass.net/ | https://austintxglass.net/residential-door-and-window-glass-service/ | https://austintxglass.net/door-and-window-glass-repair/ | https://austintxglass.net/window-glass-repair/
McCoy's Building Supply Yes,https://www.mccoys.com/stores/austin-290-west-tx,mccoys.com,"11811 US-290, Austin, TX 78737, United States","11811 US-290, Austin, TX 78737, United States",4.6,201,YES,installs/replaces windows; named window styles; replacement windows; window product line; windows & doors,False,e the V2000 Series with many exterior and interior color options and the V3000 Series for replacement windows with expanded color options.,site scrape,YES,,https://www.mccoys.com/ | https://www.mccoys.com/shop/doors-windows | https://www.mccoys.com/diy-center/brand-profiles/mi | https://www.mccoys.com/shop/search?searchText=Wood%20Products
Transom Windows and Doors Yes,https://transomwindowsanddoors.com/,transomwindowsanddoors.com,"11837 Judd Ct #112, Dallas, TX 75243, United States","11837 Judd Ct #112, Dallas, TX 75243, United States",5,3,YES,"Window and door installation and replacement (Andersen, Pella); vinyl and composite replacement windows; also fiber cement siding",False,"Site page titles: 'Transom Windows and Doors Installation and Replacement' (transomwindowsanddoors.com/), 'Composite Windows' (/windows/composite/), 'Vinyl Windows' (/windows/vinyl/), 'Custom Replacement Luxury Doors and Windows Dallas, Texas'",web research (site unreachable),UNKNOWN,,https://transomwindowsanddoors.com/
Conservation Construction of Dallas Yes,https://conservationconstructionofdallas.com/,conservationconstructionofdallas.com,"1201 E Avenue J, Grand Prairie, TX 75050, United States","1201 E Avenue J, Grand Prairie, TX 75050, United States",4.5,231,YES,"Energy-efficient vinyl replacement windows, impact-resistant storm windows, patio doors — professionally installed",False,"Site title 'Conservation Construction: Window Replacement Dallas'; page /windows/dallas-replacement-windows/ — 'All replacement windows, patio doors and whole house siding projects are professionally installed'",web research (site unreachable),UNKNOWN,,https://conservationconstructionofdallas.com/
Total Glassworks Yes,https://www.totalglassworks.net/,totalglassworks.net,"12010 US-290 Ste 140, Austin, TX 78737, United States","12010 US-290 Ste 140, Austin, TX 78737, United States",5,11,YES,commercial storefront glazing; installs/replaces windows; window replacement/installation,False,vices Handrail Glass Installation Shower glass installation Storefront Glass Installation Window Glass Replacement Wine-Room Glass FAQ Gallery Blog Contact (512) 831-7065 Book a consultation Total Glasswo,site scrape,YES,,https://www.totalglassworks.net/ | https://www.totalglassworks.net/pages/austin-glass-services/window-glass-replacement-austin-tx | https://www.totalglassworks.net/pages/austin-glass-services/handrail-glass-installation-austin-tx | https://www.totalglassworks.net/pages/austin-glass-services/shower-glass-installation-austin-tx
Precision Garage Door of Dallas Yes,https://precisiondoordallas.com/?utm_source=google&utm_medium=gmb&utm_campaign=GMB+Dallas,precisiondoordallas.com,"12021 S Plano Rd Ste 110, Dallas, TX 75243, United States","12021 S Plano Rd Ste 110, Dallas, TX 75243, United States",4.8,790,YES,insulated glass unit work,False,Hernandez Nicholas Glashauser Christopher Moreland Eduardo Ruiz Marcus Jordan Adonay Rodriguez Christopher Carpenter Evan Strauss Domenic Carapellucci Tony Mendoza Drey Ceaser See Al,site scrape,YES,YES,https://precisiondoordallas.com/
Infinity Replacement by Marvin Yes,https://install.infinitywindows.com/locations/texas/dallas/?utm_source=gmb&utm_medium=organic&utm_campaign=dfw,install.infinitywindows.com,"1205 E Avenue J, Grand Prairie, TX 75050, United States","1205 E Avenue J, Grand Prairie, TX 75050, United States",4.8,261,YES,installs/replaces windows; insulated glass unit work; named window styles; pane glazing work; replacement windows; window product line; window replacement/installation; windows & doors,False,"uilt, keeping you posted on progress and confirming installation dates with you. Door and Window Installation What to expect on installation day Walk-through Your project manager will conduct an init",site scrape,YES,,https://install.infinitywindows.com/ | https://install.infinitywindows.com/locations/kentucky | https://install.infinitywindows.com/locations/maryland
Energy Shield Window & Door Company Yes,https://energyshieldwindowsanddoors.com/,energyshieldwindowsanddoors.com,"1205 N Eliseo Felix Jr Way B103, Avondale, AZ 85323, United States","1205 N Eliseo Felix Jr Way B103, Avondale, AZ 85323, United States",4.7,365,YES,commercial storefront glazing; installs/replaces windows; named window styles; replacement windows; window product line; window replacement/installation; windows & doors,False,Window Replacement Company - Windows Glass Doors in Arizona Sale Discounts - Special Financing Available Cal,site scrape,YES,,https://energyshieldwindowsanddoors.com/ | https://energyshieldwindowsanddoors.com/commercial-window-installation-company-in-arizona/ | https://energyshieldwindowsanddoors.com/top-window-installer-phoenix-arizona/ | https://energyshieldwindowsanddoors.com/window-installation-cost/
Window & Door Hilt LLC Yes,https://windowanddoorhilt.com/,windowanddoorhilt.com,"1213 Marilyn Jayne Ln, Rockwall, TX 75087, United States","1213 Marilyn Jayne Ln, Rockwall, TX 75087, United States",0,0,YES,installs/replaces windows; replacement windows; window product line; window replacement/installation; windows & doors,False,& Services European Quality Our Products Installation & Service Service Areas FAQ Careers Windows Window Replacement Window Installation Thermalast Windows Vinyl Windows Aluminum Windows Energy Efficient Wi,site scrape,YES,,https://www.windowanddoorhilt.com/ | https://www.windowanddoorhilt.com/window-door-installation-service-dallas-tx | https://www.windowanddoorhilt.com/window-replacement-dallas-tx | https://www.windowanddoorhilt.com/window-installation-dallas-tx
Renewal by Andersen Window Replacement Yes,https://renewalbyandersenreplacement.com/locations/tx/dallas/?utm_source=googlebusinessprofile&utm_medium=organic,renewalbyandersenreplacement.com,"1215 W Crosby Rd #180, Carrollton, TX 75006, United States","1215 W Crosby Rd #180, Carrollton, TX 75006, United States",4.8,2988,YES,Full-service replacement window and patio/entry door installation,False,"renewalbyandersen.com/locations/north-tx/carrollton titled 'Window & Door Replacement in Carrollton, TX' at 1215 W Crosby Rd #180 - matches the listed address; 'meticulously crafted and expertly installed windows'",web research (site unreachable),UNREACHABLE,,
Dallas Frameless Glass Yes,http://www.dallasframeless.com/,dallasframeless.com,"12200 N Stemmons Fwy, Farmers Branch, TX 75234, United States","12200 N Stemmons Fwy, Farmers Branch, TX 75234, United States",4.3,18,YES,building glass replacement; commercial storefront glazing,False,"s & Panels for Aesthetic Bathroom Styling Get in Touch with the Most Trusted Commercial & Residential Glass Service Company in Dallas, Texas!",site scrape,YES,YES,https://dallasframeless.com/ | https://dallasframeless.com/about-dallas-frameless-glass/
Guido Materials Yes,https://www.guidomaterials.com/,guidomaterials.com,"12225 Bee Caves Rd Ste 200, Bee Cave, TX 78738, United States","12225 Bee Caves Rd Ste 200, Bee Cave, TX 78738, United States",4.1,41122,YES,commercial storefront glazing; installs/replaces windows; insulated glass unit work; windows & doors,False,Showrooms in San Antonio & Fredericksburg ↑ COMPANIES CONSTRUCTION MATERIALS REPLACEMENTS Windows & Doors Lumber Decking Millwork Why Guido Contact Make a Payment Back Our Products Marvin Western,site scrape,YES,,https://www.guidomaterials.com/ | https://www.guidomaterials.com/our-products-windows-doors | https://www.guidomaterials.com/windows-doors | https://www.guidomaterials.com/our-products-decking
HRS Window Cleaning LLC Yes,http://hrswindowcleaning.com/,hrswindowcleaning.com,"12307 Roxie Dr Ste 102, Austin, TX 78729, United States","12307 Roxie Dr Ste 102, Austin, TX 78729, United States",5,21,YES,window replacement/installation,False,HRS Window Cleaning 0 Skip to Content HRS Window Cleaning Home Window Service and Repair High Dusting Products Blog About Open Menu Close Menu HRS Window Cleaning Home Window Ser,site scrape,YES,,https://www.hrswindowcleaning.com/ | https://www.hrswindowcleaning.com/window-service-and-repair | https://www.hrswindowcleaning.com/products
Driftwood Builders Roofing Yes,https://driftwoodbuildersroofing.com/?utm_campaign=gmb,driftwoodbuildersroofing.com,"12308 Twin Creek Rd Ste 101A, Manchaca, TX 78652, United States","12308 Twin Creek Rd Ste 101A, Manchaca, TX 78652, United States",5,258,YES,installs/replaces windows; insulated glass unit work; pane glazing work; replacement windows; window product line; window replacement/installation,False,512-894-0129 Home About Services Gutter Installation & Replacement Soffit & Fascia Repair Window Replacement Locations Projects Reviews Certification Home About Services Gutter Installation & Replac,site scrape,YES,,https://driftwoodbuildersroofing.com/ | https://driftwoodbuildersroofing.com/window-replacement-austin/ | https://driftwoodbuildersroofing.com/gutter-installation-austin/ | https://driftwoodbuildersroofing.com/roof-replacement-new-roof-installation-in-austin-tx/
JASB Roofing & Exterior Remodeling Yes,https://www.jasbsolutions.com/?utm_source=omg-gbp&utm_medium=webclick,jasbsolutions.com,"12325 Hymeadow Dr Ste 1-103, Austin, TX 78750, United States","12325 Hymeadow Dr Ste 1-103, Austin, TX 78750, United States",4.7,117,YES,installs/replaces windows; replacement windows; window product line; window replacement/installation; windows & doors,False,"terior remodeling services , including custom deck installation, siding installation, and window and door replacement .",site scrape,YES,,https://www.jasbsolutions.com/ | https://www.jasbsolutions.com/custom-doors-and-windows/ | https://www.jasbsolutions.com/siding-installation/ | https://www.jasbsolutions.com/siding-replacement/
Wolfman Chimney & Fireplace Yes,https://wolfmanchimneyfireplace.com/austin-tx/,wolfmanchimneyfireplace.com,"12345 Pauls Valley Rd Ste D-2, Austin, TX 78737, United States","12345 Pauls Valley Rd Ste D-2, Austin, TX 78737, United States",4.9,130,YES,insulated glass unit work,False,It’s more about figuring out which is best for you.,site scrape,YES,,https://wolfmanchimneyfireplace.com/ | https://wolfmanchimneyfireplace.com/chimney-fireplace-repairs/fireplace-replacements/ | https://wolfmanchimneyfireplace.com/austin-services/austin-fireplace-replacements/ | https://wolfmanchimneyfireplace.com/austin-services/austin-electric-fireplace-installation/
Alumiglass and Windows LLC Yes,https://alumiglassandwindows.com/,alumiglassandwindows.com,"1235 Tree Top Dr, Frisco, TX 75033, United States","1235 Tree Top Dr, Frisco, TX 75033, United States",5,76,YES,commercial storefront glazing; window product line; window replacement/installation; windows & doors,False,Expert Glass & Window Installation | Alumiglass & Windows Skip to content Customer Reviews ★ ★ ★ ★ ★ Recent Projects Leave U,site scrape,YES,,https://alumiglassandwindows.com/ | https://alumiglassandwindows.com/glass-window-installation/ | https://alumiglassandwindows.com/services/
That 1 Painter Austin Yes,https://that1painter.com/austin,that1painter.com,"12357 Riata Trace Pkwy, Austin, TX 78727, United States","12357 Riata Trace Pkwy, Austin, TX 78727, United States",4.8,1085,YES,commercial storefront glazing,False,"try Licensed and insured commercial painting contractors serving office buildings, retail storefronts, warehouses, multi-family apartments, medical facilities, schools, churches, restaurants",site scrape,YES,,https://that1painter.com/ | https://that1painter.com/commercial-painting | https://that1painter.com/sell-ready-services
Stateline Windows & Doors Yes,https://www.statelinewd.com/,statelinewd.com,"1240 Shappert Dr, Machesney Park, IL 61115, United States","1240 Shappert Dr, Machesney Park, IL 61115, United States",5,5,YES,commercial storefront glazing; installs/replaces windows; named window styles; pane glazing work; replacement windows; window product line; window replacement/installation; windows & doors,False,ansform Your Home's Energy Efficiency ﻿ Rock County's TOP RATED window and door installation provider Professional window and door installation that reduces energy costs year-round.,site scrape,YES,,https://www.statelinewd.com/ | https://www.statelinewd.com/windows | https://www.statelinewd.com/window-catalogs | https://www.statelinewd.com/design-my-window-doors
TWT Exteriors & Roofing Yes,https://twtexteriors.com/,twtexteriors.com,"12600 Hill Country Blvd Ste R-275 #191, Bee Cave, TX 78738, United States","12600 Hill Country Blvd Ste R-275 #191, Bee Cave, TX 78738, United States",5,62,YES,window replacement/installation; windows & doors,False,"ts’ homes. Masonry Window work Painting Hardie Siding (concrete) Stucco Siding, Door, and Window Replacement Whether you’re looking to change the aesthetics of your home or your existing siding and",site scrape,YES,,https://twtexteriors.com/ | https://twtexteriors.com/construction-services/residential-exteriors/siding-windows-doors/ | https://twtexteriors.com/construction-services/progressive-screens-magnatrack/residential-magnatrack/ | https://twtexteriors.com/construction-services/progressive-screens-magnatrack/commercial-magnatrack/
Shower Doors of Austin Yes,https://www.goframelessaustin.com/,goframelessaustin.com,"12707 Nutty Brown Rd Bldg D, Austin, TX 78737, United States","12707 Nutty Brown Rd Bldg D, Austin, TX 78737, United States",4.8,64,YES,commercial storefront glazing; insulated glass unit work,False,"6 Frameless Neo-Angle with Ladder Pull in Leander, Tx This frameless neo-angle shower configuration makes brilliant use of the corner space next to a raised soaking tub platform.",site scrape,YES,,https://www.goframelessaustin.com/ | https://www.goframelessaustin.com/shower-door-tips/the-safety-of-frameless-glass-debunking-common-myths | https://www.goframelessaustin.com/shower-door-tips/why-frameless-glass-is-an-excellent-choice-for-pool-fencing | https://www.goframelessaustin.com/shower-door-tips/the-aesthetic-appeal-of-frameless-glass-in-office-spaces
NewSouth Window Solutions Yes,https://newsouthwindow.com/location-austin-tx/,newsouthwindow.com,"12901 I-35 Bldg 6, Unit 600, Austin, TX 78753, United States","12901 I-35 Bldg 6, Unit 600, Austin, TX 78753, United States",5,34,YES,installs/replaces windows; insulated glass unit work; named window styles; replacement windows; window product line; window replacement/installation; windows & doors,False,T 4 FREE All NewSouth Windows* Get a free quote The NewSouth Process Easy and Stress-Free Window Replacement WORDS FROM OUR SATISFIED CUSTOMERS I could not be happier.,site scrape,YES,,https://newsouthwindow.com/
Art's Door & Window Replacement Yes,https://artswindowreplacement.com/,artswindowreplacement.com,+1 779-363-0284,"130 S State St #410, Belvidere, IL 61008, United States",5,5,YES,name states window installation/replacement/doors,False,,name/review keywords,UNREACHABLE,,
PORTEUSA Yes,http://porteusa.com/,porteusa.com,"1300 W Anderson Ln., Austin, TX 78757, United States","1300 W Anderson Ln., Austin, TX 78757, United States",5,50137,YES,commercial storefront glazing; insulated glass unit work; named window styles; window product line,False,"tee your satisfaction. WIndow Walls CASEMENT WINDOWS Steel Picture Frame Windows The most energy efficient windows You design it, we build and install it Standard features include 3/4"" insulated tempered",site scrape,YES,,https://porteusa.com/ | https://porteusa.com/windows | https://porteusa.com/commercial
Southern Windows and Doors Yes,https://slwindowsdfw.com/,slwindowsdfw.com,"1303 Columbia Dr Ste. 207, Richardson, TX 75081, United States","1303 Columbia Dr Ste. 207, Richardson, TX 75081, United States",4.7,30,YES,installs/replaces windows; insulated glass unit work; named window styles; pane glazing work; replacement windows; window product line; window replacement/installation; windows & doors,False,Southern Windows & Doors - Window Installation & Replacement Skip to content About Us About Us Getting Started Why NT Windows?,site scrape,YES,,https://slwindowsdfw.com/ | https://slwindowsdfw.com/window-types/presidential-vinyl/ | https://slwindowsdfw.com/window-replacement-in-richardson-tx-what-to-expect/ | https://slwindowsdfw.com/replacement-windows/
AC Superheroes Yes,https://www.acsuperheroestx.com/?utm_source=google&utm_medium=organic&utm_campaign=local+listings,acsuperheroestx.com,"1305 Buffalo Gap Rd, Austin, TX 78734, United States","1305 Buffalo Gap Rd, Austin, TX 78734, United States",4.9,313,YES,insulated glass unit work,False,I called up AC superheroes on a Saturday and they were here Sunday morning to figure out the problem.,site scrape,YES,,https://www.acsuperheroestx.com/ | https://www.acsuperheroestx.com/air-conditioning/ac-installation-austin-tx | https://www.acsuperheroestx.com/heating/furnace-installation-austin-tx | https://www.acsuperheroestx.com/heat-pump/heat-pump-installation-austin-tx
Well Done Screen Repair Yes,http://welldonescreenrepair.com/,welldonescreenrepair.com,"13102 Lubbock Ln, Austin, TX 78729, United States","13102 Lubbock Ln, Austin, TX 78729, United States",5,25,YES,installs/replaces windows; window replacement/installation,False,"Window Screen Repair | Austin Texas Located in Northwest Austin, Texas Contact John Boyden (512) 771-9910 Home",site scrape,YES,,https://www.welldonescreenrepair.com/
Austin Jones Company Yes,http://austinjonescompany.com/,austinjonescompany.com,"13119 Green River Trail, Austin, TX 78729, United States","13119 Green River Trail, Austin, TX 78729, United States",4.8,94,YES,installs/replaces windows; replacement windows; window product line; window replacement/installation,False,"OUT US SERVICES INTERIOR & EXTERIOR PAINTING KITCHEN & BATH REMODELING SIDING REPLACEMENT WINDOW REPLACEMENTS GALLERY REVIEWS CONTACT US Address 13119 Green River Trail, Austin, TX 78729 Get in touc",site scrape,YES,,https://www.austinjonescompany.com/ | https://www.austinjonescompany.com/window-replacements | https://www.austinjonescompany.com/siding-replacement
EcoStar Remodeling & Construction Yes,https://ecosremodeling.com/,ecosremodeling.com,"13140 Coit Rd Ste 340, Dallas, TX 75240, United States","13140 Coit Rd Ste 340, Dallas, TX 75240, United States",4.6,323,YES,installs/replaces windows; window product line; window replacement/installation,False,tions ADU Garage Conversions Plumbing Electrical HVAC Insulation Turf Roofing Landscaping Window Installation Driveways Exterior Painting Interior Painting Deck Builders Siding Patio Cover Foundation,site scrape,YES,,https://ecosremodeling.com/ | https://ecosremodeling.com/services/window-installation-services/ | https://ecosremodeling.com/services/ | https://ecosremodeling.com/services/bathroom-remodeling-services/
Metroplex Gutter and Windows Yes,https://metroplexgutters.com/,metroplexgutters.com,"1315 S Akard St, Dallas, TX 75215, United States","1315 S Akard St, Dallas, TX 75215, United States",5,7,YES,commercial storefront glazing; installs/replaces windows; insulated glass unit work; named window styles; pane glazing work; replacement windows; window product line; window replacement/installation,False,af Guards for DFW Trees Copper Gutters Commercial Gutter Systems Downspouts & Rain Chains Window Systems Replacement Windows — Engineered for DFW Summers Most window marketing is written for cold climates —,site scrape,YES,,https://metroplexgutters.com/ | https://metroplexgutters.com/replacement-windows/ | https://metroplexgutters.com/commercial-gutter-systems/ | https://metroplexgutters.com/gutter-installation/
Cothron's Safe & Lock Yes,https://www.cothrons.com/,cothrons.com,"1315 W Ben White Blvd, Austin, TX 78704, United States","1315 W Ben White Blvd, Austin, TX 78704, United States",4.6,126,YES,commercial storefront glazing,False,"273 License # B10744 Privacy Policy © COPYRIGHT 2025. ALL RIGHTS RESERVED. Commercial & Storefront Security Doors, Frames & Glass - Cothron's Security Professionals 24/7 Service 24/7 Servi",site scrape,YES,,https://www.cothrons.com/ | https://www.cothrons.com/security-services.html | https://www.cothrons.com/commercial-counter.html | https://www.cothrons.com/doors.html
Longhorn Glass Yes,http://longhornglass.net/,longhornglass.net,"13216 Pond Springs Rd, Austin, TX 78729, United States","13216 Pond Springs Rd, Austin, TX 78729, United States",4.4,77,YES,building glass replacement; commercial storefront glazing; installs/replaces windows; insulated glass unit work,True,Glass Commercial Glass Residential Glass Heavy Machinery Window Cleaning Get A FAST Quote Commercial Glass Services FREE Estimates Lifetime Workmanship Warranty Same-Day Services Available Get A FAST Quot,site scrape,YES,,https://longhornglass.net/ | https://longhornglass.net/window-cleaning | https://longhornglass.net/commercial-glass | https://longhornglass.net/residential-glass
Love That Door Yes,https://www.lovethatdoor.com/?utm_campaign=gmbdallas,lovethatdoor.com,"1322 Round Table Dr, Dallas, TX 75247, United States","1322 Round Table Dr, Dallas, TX 75247, United States",5,95,YES,commercial storefront glazing; insulated glass unit work; named window styles; pane glazing work; window product line,False,led Steel Aluminum Products lift and slide patio doors aluminum bifold aluminum panoramic aluminum windows garage doors Thermally Broken Additional Features pulls locks finishes glass LTD CATALOG,site scrape,YES,,https://www.lovethatdoor.com/ | https://www.lovethatdoor.com/aluminum-windows/ | https://www.lovethatdoor.com/brass-windows/ | https://www.lovethatdoor.com/thermally-broken-aluminum-sliders-bifold-doors-windows/
Hardy Windows of Texas Yes,https://hardytexas.com/?utm_source=google&utm_medium=organic&utm_campaign=gbp-austin&utm_id=local&utm_content=austin,hardytexas.com,"13240 Pond Springs Rd, Austin, TX 78729, United States","13240 Pond Springs Rd, Austin, TX 78729, United States",5,14,YES,commercial storefront glazing; installs/replaces windows; insulated glass unit work; named window styles; pane glazing work; replacement windows; window product line; window replacement/installation; windows & doors,False,"Hardy Windows of Texas - Window Replacement in Austin, TX Link to X Link to Youtube Hardy Windows of Texas | 13240 Pond Springs Rd Au",site scrape,YES,,https://hardytexas.com/ | https://hardytexas.com/category/window-replacement/ | https://hardytexas.com/windows/ | https://hardytexas.com/window-installation-company-orange-county-2/referral-program/
Storm Guard Roofing of Austin Yes,https://www.stormguardrc.com/tx/austin-southwest/?utm_campaign=gmb&utm_medium=organic&utm_source=gbp,stormguardrc.com,"13284 Pond Springs Rd #303, Austin, TX 78729, United States","13284 Pond Springs Rd #303, Austin, TX 78729, United States",5,265,YES,installs/replaces windows; insulated glass unit work; named window styles; pane glazing work; window product line; window replacement/installation,False,"your siding in tip-top shape, bringing 20+ years of experience for long-lasting results. Window Installation Professional window installation often becomes necessary during a home remodel, home impr",site scrape,YES,,https://www.stormguardrc.com/ | https://www.stormguardrc.com/services/windows/ | https://www.stormguardrc.com/resources/category/window/ | https://www.stormguardrc.com/services/roofing/residential-roofing/
Mister Glass Yes,https://www.misterglassinc.com/?utm_source=gmb&utm_medium=organic&utm_campaign=DALLAS,misterglassinc.com,"13342 Floyd Cir, Dallas, TX 75243, United States","13342 Floyd Cir, Dallas, TX 75243, United States",4.9,3629,YES,building glass replacement; commercial storefront glazing; insulated glass unit work; pane glazing work; window replacement/installation,True,main content About Auto Glass Windshield Repair Windshield Replacement Back Glass & Side Window Replacement ADAS Windshield Recalibration For Insurance Agencies For Fleet Service Residential Glass,site scrape,YES,,https://misterglassinc.com/ | https://misterglassinc.com/back-glass-side-window.html | https://misterglassinc.com/window-repair.html | https://misterglassinc.com/foggy-window.html
Windowpros Window Replacement Yes,http://austinwindowpros.com/,austinwindowpros.com,"13359 N N Hwy 183 Suite 406-520, Austin, TX 78750, United States","13359 N N Hwy 183 Suite 406-520, Austin, TX 78750, United States",4.9,39,YES,broken window glass; installs/replaces windows; insulated glass unit work; pane glazing work; replacement windows; window product line; window replacement/installation,False,Windowpros LLC | Replacement Windows in Austin Services Window Installation & Repair Window Replacement Glass Replacement Window Repair Residential Window Installati,site scrape,YES,,https://www.austinwindowpros.com/ | https://www.austinwindowpros.com/services/window-installation-repair/residential-window-installation | https://www.austinwindowpros.com/services/window-installation-repair/window-replacement | https://www.austinwindowpros.com/services/window-installation-repair/glass-replacement
Dayton Co. Roofing & Renovation Yes,http://daytoncontractingaustin.com/?utm_source=google&utm_medium=organic&utm_campaign=google-business-profile&utm_content=website,daytoncontractingaustin.com,"13363 Pond Springs Rd, Austin, TX 78729, United States","13363 Pond Springs Rd, Austin, TX 78729, United States",5,191,YES,insulated glass unit work; window replacement/installation,False,"ation services include skilled and efficient carpentry and rotten wood repair, siding and window replacement, professional painting, stucco repair, and more.",site scrape,YES,,https://daytoncontractingaustin.com/ | https://daytoncontractingaustin.com/services/roof-replacement/ | https://daytoncontractingaustin.com/services/ | https://daytoncontractingaustin.com/service-areas/
RAM Windows & Doors Yes,https://ramwindows.com/,ramwindows.com,+1 469-520-7866,"134 Oak Lawn Ave, Dallas, TX 75207, United States",4,31,YES,insulated glass unit work; named window styles; window product line; windows & doors,False,"tion to the outdoors, and create privacy exactly when you need it. LEARN MORE RESIDENTIAL Aluminum Windows & Doors For homeowners, builders, and architects seeking modern design and lasting perfor",site scrape,YES,,https://ramwindows.com/ | https://ramwindows.com/windows/artisan/aluminum-picture-windows/ | https://ramwindows.com/windows/ | https://ramwindows.com/product-design-options/
CrystalFlow Gutter Services Yes,http://gulfcoastgutterpros.com/,gulfcoastgutterpros.com,"1341 W Mockingbird Ln Ste 1088, Dallas, TX 75247, United States","1341 W Mockingbird Ln Ste 1088, Dallas, TX 75247, United States",5,2,YES,insulated glass unit work,False,""" C Chris Rodriguez 6 months ago "" Fixed a persistent leak that two other companies couldn't find.",site scrape,YES,,https://gulfcoastgutterpros.com/
Pella Windows and Doors of Dallas Yes,https://pellaofnorthtexas.com/Dallas,pellaofnorthtexas.com,+1 214-295-7989,"135 Payne St, Dallas, TX 75207, United States",4.7,135,YES,installs/replaces windows; named window styles; replacement windows; window product line; window replacement/installation; windows & doors,False,is field blank. Premium Design Trusted Professionals Award Winning What We Do Replacement Windows Replacement Doors New Construction Commercial Services Homeowners rate Pella as the leading window br,site scrape,YES,,https://www.pellaofdfw.com | https://www.pellaofdfw.com/replacement-windows/ | https://www.pellaofdfw.com/windows/bay-bow-windows/ | https://www.pellaofdfw.com/windows/casement-windows/
Foster Exteriors Window Company Yes,https://www.fosterexteriors.com/?utm_source=google&utm_medium=organic&utm_campaign=gbp-dallas&utm_id=local&utm_content=dallas,fosterexteriors.com,"1350 N Buckner Blvd #216, Dallas, TX 75218, United States","1350 N Buckner Blvd #216, Dallas, TX 75218, United States",4.9,135,YES,installs/replaces windows; insulated glass unit work; named window styles; pane glazing work; replacement windows; window product line; window replacement/installation; windows & doors,False,"r Story: Founded in 1987 by Lynn Foster, Foster Exteriors began as a roofing, siding, and window installation company serving Dallas, Texas.",site scrape,YES,,https://www.fosterexteriors.com/ | https://www.fosterexteriors.com/our-products/windows/nt-presidential-vinyl-window/ | https://www.fosterexteriors.com/our-products/windows/nt-executive-vinyl-window/ | https://www.fosterexteriors.com/our-products/windows/nt-twinsulator-aluminum-window/
Landmark Building Co. Yes,https://www.landmarkbuildingco.com/,landmarkbuildingco.com,"13590 Floyd Cir Ste 110, Dallas, TX 75243, United States","13590 Floyd Cir Ste 110, Dallas, TX 75243, United States",5,23,YES,named window styles; pane glazing work; window product line; window replacement/installation; windows & doors,False,"Locally owned and operated, we provide premium thermal break aluminum doors and windows with expert installation across Dallas-Fort Worth.",site scrape,YES,,https://www.landmarkbuildingco.com/ | https://www.landmarkbuildingco.com/categories/windows/sliding-window | https://www.landmarkbuildingco.com/categories/windows/aluminum-fixed-window | https://www.landmarkbuildingco.com/categories/windows/slim-aluminum-casement-window
Showroom Windows & Doors Yes,https://www.showroomwindows.com/?utm_source=GMB&utm_medium=local,showroomwindows.com,"13717 Burnet Rd #350A, Austin, TX 78727, United States","13717 Burnet Rd #350A, Austin, TX 78727, United States",5,138,YES,installs/replaces windows; insulated glass unit work; named window styles; replacement windows; window product line; window replacement/installation; windows & doors,False,Austin Window & Door Replacement Services | Showroom Windows & Doors Skip to main content Windows Window Replacement By Type Awning Windows Casement Windows Sliding Windows Picture Window Double-Hung Doors,site scrape,YES,,https://www.showroomwindows.com/ | https://www.showroomwindows.com/windows/ | https://www.showroomwindows.com/windows/awning-windows/ | https://www.showroomwindows.com/windows/casement-windows/
USA Windows and Doors Yes,https://www.usawindowsanddoors.com/?utm_campaign=gmb,usawindowsanddoors.com,"13800 NW 2nd St Unit 140, Sunrise, FL 33325, United States","13800 NW 2nd St Unit 140, Sunrise, FL 33325, United States",4.9,868,YES,named window styles; window product line; window replacement/installation; windows & doors,False,Get window pricing Call (954) 637-7029 Window styles Every impact window style we install.,site scrape,YES,,https://www.usawindowsanddoors.com/ | https://www.usawindowsanddoors.com/impact-windows.html | https://www.usawindowsanddoors.com/about-us.html
Comanche Roofing Yes,https://www.comancheroofing.com/,comancheroofing.com,"13804 Turbine Dr B, Austin, TX 78728, United States","13804 Turbine Dr B, Austin, TX 78728, United States",4.9,55,YES,insulated glass unit work,False,"ull home remodel, we ran into a few tricky roofing issues that previous roofers couldn’t figure out — but Cody was incredible.",site scrape,YES,,https://www.comancheroofing.com/ | https://www.comancheroofing.com/services/metal-roofing-austin-tx/metal-roof-installation/ | https://www.comancheroofing.com/services/metal-roofing-austin-tx/metal-roof-replacement/ | https://www.comancheroofing.com/services/flat-roofing-austin-tx/flat-roof-installation/
Premium Siding and Painting Yes,https://pspcompany.com/,pspcompany.com,"13806 Ann Pl Bldg 2, Austin, TX 78728, United States","13806 Ann Pl Bldg 2, Austin, TX 78728, United States",4.9,180,YES,insulated glass unit work; named window styles; window replacement/installation,False,"heat, humidity, and UV — keeping your home looking sharp for years to come. Learn More → Window Replacement Energy-efficient Andersen and Pella windows, professionally installed to reduce your ener",site scrape,YES,,https://pspcompany.com/ | https://pspcompany.com/services/windows/ | https://pspcompany.com/all-services/ | https://pspcompany.com/services/siding/
Expo Home Improvement Yes,https://www.expohomeimprovement.com/,expohomeimprovement.com,"13859 Diplomat Dr Ste 180, Farmers Branch, TX 75234, United States","13859 Diplomat Dr Ste 180, Farmers Branch, TX 75234, United States",4.9,2657,YES,installs/replaces windows; insulated glass unit work; named window styles; replacement windows; window product line; window replacement/installation,False,12 Months!* Home Services Bathroom Remodeling Kitchen Remodeling Services for Texas Homes Window Replacement Door Replacement About About Us Service Areas Careers at Expo Home Improvement Reviews Referral Rewards Pr,site scrape,YES,,https://www.expohomeimprovement.com/ | https://www.expohomeimprovement.com/window-replacement/ | https://www.expohomeimprovement.com/door-replacement/
Performance Windows Austin Yes,https://www.goperformancewindows.com/,goperformancewindows.com,"1405 Arrow Point Dr Bldg 11 Ste 1108, Cedar Park, TX 78613, United States","1405 Arrow Point Dr Bldg 11 Ste 1108, Cedar Park, TX 78613, United States",4.6,379,YES,installs/replaces windows; named window styles; replacement windows; window product line; window replacement/installation,False,Window Replacement & Installation | Performance Windows Skip to content Contact Us For Our Holiday Sale Toda,site scrape,YES,,https://goperformancewindows.com/ | https://goperformancewindows.com/our-work | https://goperformancewindows.com/contact
Ranger Window and Door Co. Yes,https://www.rangerwd.com/,rangerwd.com,"14155 W U.S. 290 Ste 340, Austin, TX 78737, United States","14155 W U.S. 290 Ste 340, Austin, TX 78737, United States",5,0,YES,insulated glass unit work; named window styles; window product line; windows & doors,False,"ties of these large-scale openings, from estimation to installation. Featured Brands FLEETWOOD WINDOWS & DOORS Since 1961, Fleetwood has been a premier California-based manufacturer specializi",site scrape,YES,,https://www.rangerwd.com/ | https://www.rangerwd.com/services
Century Glass & Mirror Inc. of Dallas Yes,http://www.centuryglassdallas.com/,centuryglassdallas.com,"1417 N Washington Ave, Dallas, TX 75204, United States","1417 N Washington Ave, Dallas, TX 75204, United States",4.9,87,YES,"Plate & window glass repair and replacement, insulated glass replacement, storefront glass; residential and commercial new installations, replacements and repairs",False,"Listed services: 'plate & window glass repair & replacement, windows, insulated glass replacement, shower doors & enclosures, mirrors, table furniture tops, shelves, cabinet glass and storefront'; categorized as a 'Doors & Windows' business in Dallas TX",web research (site unreachable),UNREACHABLE,,
Solara Custom Living - Showroom Yes,https://solaracustomliving.com/,solaracustomliving.com,+1 214-744-9900,"142 Howell St, Dallas, TX 75207, United States",4.7,30,YES,commercial storefront glazing; insulated glass unit work; pane glazing work; window product line; windows & doors,False,Learn More Thermal Steel & Aluminum Windows Contact us!,site scrape,YES,,https://solaracustomliving.com/ | https://solaracustomliving.com/solara-doors-windows/ | https://solaracustomliving.com/architectural-low-profile-doors-and-windows/ | https://solaracustomliving.com/european-windows/
Peak Roofing and Construction Yes,https://www.peakroofingconstruction.com/,peakroofingconstruction.com,"14205 N Mopac Expy 5th Floor, Austin, TX 78728, United States","14205 N Mopac Expy 5th Floor, Austin, TX 78728, United States",5,29,YES,installs/replaces windows; named window styles; reglazing; replacement windows; window product line; window replacement/installation,False,ment Gutter Guards Gutter Cleaning Exterior Painting Siding Fence Installation And Repair Window Installation and Repair Interior Water Damage Inspections Water Remediation Ceiling and Wall Repair Flooring Repl,site scrape,YES,,https://www.peakroofingconstruction.com/ | https://www.peakroofingconstruction.com/exterior/window-installation-repair/ | https://www.peakroofingconstruction.com/exterior/ | https://www.peakroofingconstruction.com/residential-roofing/
Metroplex windows & Glass Yes,https://mydallaswindows.com/,mydallaswindows.com,"1425 Century Dr, Carrollton, TX 75006, United States","1425 Century Dr, Carrollton, TX 75006, United States",4.8,809,YES,installs/replaces windows; replacement windows; window product line; window replacement/installation,False,ices Windows Custom Windows Window Materials Window Styles Glass Windows Energy Efficient Windows Windows Replacement Custom Glass Doors Residential Doors Commercial Doors Panoramic Doors Patio Doors Shutter,site scrape,YES,,https://mydallaswindows.com/ | https://mydallaswindows.com/windows-replacement/ | https://mydallaswindows.com/services/
Capstone Window Replacement & Doors Yes,https://www.capstonephoenix.com/,capstonephoenix.com,"14301 N 87th St Ste 205 Ste 205, Scottsdale, AZ 85260, United States","14301 N 87th St Ste 205 Ste 205, Scottsdale, AZ 85260, United States",4.9,128,YES,installs/replaces windows; insulated glass unit work; named window styles; pane glazing work; replacement windows; window product line; window replacement/installation; windows & doors,False,"#1 Window Replacement Service in Phoenix, AZ Skip to content AZ’s Highest Rated Infinity By Marvin Dealer Home",site scrape,YES,,https://capstonephoenix.com/ | https://capstonephoenix.com/window-replacement-scottsdale-az/ | https://capstonephoenix.com/awning-window-replacement/ | https://capstonephoenix.com/casement-window-replacement/
Window Universe Dallas Ft Worth Yes,https://windowuniversedfw.com/,windowuniversedfw.com,"1431 Greenway Dr Ste 80042, Irving, TX 75038, United States","1431 Greenway Dr Ste 80042, Irving, TX 75038, United States",4.8,48205,YES,installs/replaces windows; insulated glass unit work; named window styles; pane glazing work; replacement windows; window product line; window replacement/installation; windows & doors,False,Doors French Doors Fire Rated Doors Installation Exact Measurements Custom Manufacturing Window Installation Dallas Service & Warranties Prices Menu Search for: Submit Welcome to the future of repla,site scrape,YES,,https://windowuniversedfw.com/ | https://windowuniversedfw.com/window-and-door-installation/window-installation/ | https://windowuniversedfw.com/replacement-windows/ | https://windowuniversedfw.com/windows-without-installation/
Nova Window Replacement Yes,http://replacementwindowsalgonquin.com/,replacementwindowsalgonquin.com,"1435 Geringer Rd, Algonquin, IL 60102, United States","1435 Geringer Rd, Algonquin, IL 60102, United States",5,61,YES,name states window installation/replacement/doors,False,,name/review keywords,UNREACHABLE,,
SMART REPLACE CORP Yes,http://www.smartreplacecorp.com/,smartreplacecorp.com,"1451 W Cypress Creek Rd #300, Fort Lauderdale, FL 33309, United States","1451 W Cypress Creek Rd #300, Fort Lauderdale, FL 33309, United States",4.7,41,YES,commercial storefront glazing; window product line; window replacement/installation; windows & doors,False,Getting high-rise impact window installation for your buildings is also important for the following reasons.,site scrape,YES,,https://smartreplacecorp.com/ | https://smartreplacecorp.com/impactWindows.php | https://smartreplacecorp.com/highRiseImpactWindows.php | https://smartreplacecorp.com/whatAreImpactWindows.php
High End Impact Windows & Doors Yes,https://www.impactwindowsndoors.com/?utm_source=google&utm_medium=organic&utm_campaign=gbp-pompano-beach&utm_id=local&utm_content=pompano-beach,impactwindowsndoors.com,"1472 S Dixie Hwy E, Pompano Beach, FL 33060, United States","1472 S Dixie Hwy E, Pompano Beach, FL 33060, United States",4.9,165,YES,insulated glass unit work; named window styles; window product line; window replacement/installation; windows & doors,False,BEACH COUNTIES High End Impact Windows & Doors specializes in impact resistant hurricane windows and doors replacement and installation service.,site scrape,YES,,https://www.impactwindowsndoors.com/ | https://www.impactwindowsndoors.com/wp-content/uploads/2025/04/high-end-impact-windows-and-doors-2025.mp4 | https://www.impactwindowsndoors.com/glass/ | https://www.impactwindowsndoors.com/products/
Flying Eagles- Home Remodeling Austin Texas Yes,http://flyingeaglesremodeling.com/,flyingeaglesremodeling.com,"14900 Avery Ranch Blvd, Austin, TX 78717, United States","14900 Avery Ranch Blvd, Austin, TX 78717, United States",5,27,YES,window product line; window replacement/installation,False,"Learn More Window Replacement Energy-efficient windows that combine beauty, functionality, and long-term value.",site scrape,YES,,https://flyingeaglesremodeling.com/ | https://flyingeaglesremodeling.com/services
AJ Your Handyman Yes,http://www.ajyourhandyman.com/,ajyourhandyman.com,"15009 Dexler Dr, Austin, TX 78734, United States","15009 Dexler Dr, Austin, TX 78734, United States",5,65,YES,insulated glass unit work,False,He will figure it out or tell you if he can’t.,site scrape,YES,,https://www.ajyourhandyman.com/
Metro Steel Doors Austin Yes,https://metrosteeldoors.com/,metrosteeldoors.com,"1501 Ranch Rd 620 N a, Lakeway, TX 78734, United States","1501 Ranch Rd 620 N a, Lakeway, TX 78734, United States",4.1,419,YES,insulated glass unit work; named window styles; pane glazing work; windows & doors,False,Metro Steel Windows & Doors - Modern Front Doors | Exterior Doors Skip to content Home Products METRO 200 METRO W-40,site scrape,YES,,https://www.metrosteeldoors.com/ | https://www.metrosteeldoors.com/windows/metro-steel-thermal-break/ | https://www.metrosteeldoors.com/wp-content/uploads/2024/05/Steel-Window-Warranty-2018-rev.pdf | https://www.metrosteeldoors.com/windows/
Fox Service Company Yes,https://www.foxservice.com/,foxservice.com,"1506 Ferguson Ln Ste 102, Austin, TX 78754, United States","1506 Ferguson Ln Ste 102, Austin, TX 78754, United States",4.8,5567,YES,insulated glass unit work,False,", as well as local building codes in the Austin area, so your new system is sized and configured to support consistent comfort.",site scrape,YES,,https://www.foxservice.com/ | https://www.foxservice.com/air-conditioning/ac-replacement-installation/ | https://www.foxservice.com/heating/furnace-replacement-installation/ | https://www.foxservice.com/service-areas/
Glass Rehab Yes,https://www.glassrehab.com/,glassrehab.com,"1506 S Congress Ave, Austin, TX 78704, United States","1506 S Congress Ave, Austin, TX 78704, United States",4.9,314,YES,broken window glass; building glass replacement; commercial storefront glazing; insulated glass unit work; pane glazing work; window product line; window replacement/installation,False,"n Glass Repair—Fast, Local Fixes | FREE Window Inspection Residential Commercial Services Window Glass Repair Foggy Window Repair Storefront Glass Glass Patio Doors Custom Mirrors Vinyl Beading Repla",site scrape,YES,,https://glassrehab.com/
Top Choice Yes,https://www.topchoiceaustin.com/,topchoiceaustin.com,"1508 Ferguson Ln, Austin, TX 78754, United States","1508 Ferguson Ln, Austin, TX 78754, United States",5,130,YES,insulated glass unit work,False,"-=� n���wj)�J ��R(XtUf�D5nԒ � �@���� �&� H�B�l""�D�h�O����q۠H�:=⑕�ei 0� �C݀�,���Iguʀ��bR-�4��M��àfa�Ҍ%�A�4��ݙ�FF�ȳ?",site scrape,YES,,https://www.topchoiceaustin.com/ | https://www.topchoiceaustin.com/landscaping-products/ | https://www.topchoiceaustin.com/wp-content/uploads/Service-area-2024.jpg
Zelaya Windows & Glass Yes,https://www.zelayawindows.com/?utm_source=google&utm_medium=wix_google_business_profile&utm_campaign=16006523137603938515,zelayawindows.com,"1510 Randolph St Ste 203, Carrollton, TX 75006, United States","1510 Randolph St Ste 203, Carrollton, TX 75006, United States",4.4,44147,YES,"Vinyl window replacement and installation, glass replacement, patio doors, storm windows; residential and business",False,"Angi listing for Zelaya Windows & Glass, Carrollton TX: 'quality Vinyl Windows, Glass, Patio Door replacements and installation... New Windows Service, Storm Windows - Install or Replace, Business Window Service'",web research (site unreachable),UNREACHABLE,,
Terrapin Electric Yes,https://terrapinelectric.com/?utm_source=google&utm_medium=organic&utm_campaign=google_business_profile&utm_term=austin&utm_id=gbp,terrapinelectric.com,"1514 Ed Bluestein Blvd Ste 301, Austin, TX 78721, United States","1514 Ed Bluestein Blvd Ste 301, Austin, TX 78721, United States",4.9,327,YES,insulated glass unit work,False,"systems due to higher voltage requirements, increased energy demands, and specialized configurations tailored to different business environments.",site scrape,YES,,https://terrapinelectric.com/ | https://terrapinelectric.com/services/commercial/ | https://terrapinelectric.com/services/commercial/diagnostic-services/ | https://terrapinelectric.com/services/commercial-fixture-installation/
Creative Gutter Yes,https://creativegutter.com/,creativegutter.com,"1515 Fuller Dr, Dallas, TX 75218, United States","1515 Fuller Dr, Dallas, TX 75218, United States",4.9,138,YES,commercial storefront glazing; insulated glass unit work,False,Copper instead of aluminum multiplies the whole figure.,site scrape,YES,YES,https://creativegutter.com/ | https://creativegutter.com/residential-gutter-installation/ | https://creativegutter.com/commercial-gutter-installation/ | https://creativegutter.com/gutter-installation-repair-dallas/
Gatsby Glass Yes,https://www.gatsbyglass.com/south-austin-tx/,gatsbyglass.com,"15210 Fitzhugh Rd Ste 902, Austin, TX 78736, United States","15210 Fitzhugh Rd Ste 902, Austin, TX 78736, United States",4.9,34,YES,"Residential glass repair and window replacement (incl. foggy/failed units), plus commercial glass and shower/mirror work",False,"gatsbyglass.com/east-dallas-tx/glass-services/ 'Glass Services in Dallas, TX' — services include residential glass repair, window replacement, shower glass, mirrors; Google review: 'windows at my house were getting more and more foggy... Gatsby charged $1,200 and did a great job with the installatio",web research (site unreachable),UNREACHABLE,,
CloudIT Austin Yes,https://www.clouditaustin.com/,clouditaustin.com,"15310 Storm Dr Unit 201, Austin, TX 78734, United States","15310 Storm Dr Unit 201, Austin, TX 78734, United States",5,37,YES,insulated glass unit work,False,"ice, antennas, and some other complicated devices that I wouldn't have ever been able to figure out!",site scrape,YES,,https://clouditaustin.com/ | https://clouditaustin.com/managed-it-services/ | https://clouditaustin.com/wifi-installation-management/ | https://clouditaustin.com/ubiquiti-products/
Marvin Design Gallery by Mountain West Windows and Doors Yes,https://mwwd.com/locations/az/scottsdale/?utm_source=google&utm_medium=organic&utm_campaign=gbp-profile,mwwd.com,"15507 N Scottsdale Rd, Scottsdale, AZ 85254, United States","15507 N Scottsdale Rd, Scottsdale, AZ 85254, United States",4.8,629,YES,commercial storefront glazing; installs/replaces windows; insulated glass unit work; named window styles; replacement windows; window product line; window replacement/installation; windows & doors,False,Options Limited Warranty All Products Service Close Service Open Service Request Service Window Replacement Door Replacement Request Service Window Replacement Door Replacement About Close About Open About Contact,site scrape,YES,,https://mwwd.com/ | https://mwwd.com/window-replacement/ | https://mwwd.com/products/windows/ | https://mwwd.com/wp-content/uploads/DoorsWindowsInCabin.jpg
Randy Palmeri & Son Inc Yes,https://www.randypalmeriandson.com/?utm_source=GMB_Listing&utm_medium=Organic&utm_campaign=Website_Button,randypalmeriandson.com,"1560 S Alpine Rd, Rockford, IL 61108, United States","1560 S Alpine Rd, Rockford, IL 61108, United States",4,72,YES,installs/replaces windows; replacement windows; window replacement/installation,False,"Randy Palmeri & Son Contracting is a fully licensed and insured contractor providing window replacement and repair services in Rockford, Illinois, Northern Illinois, and Wisconsin.",site scrape,YES,,https://www.randypalmeriandson.com/ | https://www.randypalmeriandson.com/what-we-do
Pro Lux Construction Yes,https://proluxcon.com/,proluxcon.com,"1560 Sawgrass Corporate Pkwy Ste 400, Sunrise, FL 33323, United States","1560 Sawgrass Corporate Pkwy Ste 400, Sunrise, FL 33323, United States",5,33,YES,named window styles; window product line; window replacement/installation,False,My wife wanted our windows replaced in our new home.,site scrape,YES,,https://proluxcon.com/ | https://proluxcon.com/impact-windows
Western Pacific Building Materials - Austin Yes,https://www.gowestpac.com/,gowestpac.com,"15855 Long Vista Dr #103, Austin, TX 78728, United States","15855 Long Vista Dr #103, Austin, TX 78728, United States",3.9,28,YES,insulated glass unit work; window product line; windows & doors,False,Why We’re Different Locations Continuous Improvement Join Us What We Do Products Windows Wood Windows Large Openings Skylights Exterior Doors Fiberglass Doors Wood Doors Interior Doors Paint,site scrape,YES,,https://gowestpac.com/ | https://gowestpac.com/products/windows/wood-windows/ | https://gowestpac.com/products/windows/ | https://gowestpac.com/products/windows/large-openings/
Hourglass Solutions LLC Yes,http://hourglassdfw.com/,hourglassdfw.com,"1612 Falcon Drive, Dallas, TX 75247, United States","1612 Falcon Drive, Dallas, TX 75247, United States",5,10,YES,commercial storefront glazing; insulated glass unit work; reglazing; window product line; window replacement/installation,False,"Whether you need an entire window replacement, reglazing, or a custom job we will both be there to help complete your project.",site scrape,YES,,https://www.hourglassdfw.com/ | https://www.hourglassdfw.com/residential | https://www.hourglassdfw.com/services | https://www.hourglassdfw.com/home-personal
Reliable Sliding Glass Door Repair Yes,http://www.reliabledoorrepair.com/,reliabledoorrepair.com,"1640 E Sunrise Blvd Unit 2304, Fort Lauderdale, FL 33304, United States","1640 E Sunrise Blvd Unit 2304, Fort Lauderdale, FL 33304, United States",4.8,133,YES,pane glazing work,False,"t all issues are as obvious as a damaged windowpane. Even in normal temperatures, if your double-pane windows appear milky or foggy, it may indicate a faulty seal, which means it’s time to re",site scrape,LIKELY,,https://reliabledoorrepair.com/ | https://reliabledoorrepair.com/broken-glass-replacement/
Texan Windows Yes,https://texanwindows.com/?utm_source=Ad+Pages&utm_id=Texan+Windows+SEO,texanwindows.com,+1 512-298-1051,"165 Tecon Cove, Buda, TX 78610, United States",4.5,75,YES,installs/replaces windows; named window styles; replacement windows; window product line; window replacement/installation,False,"Step 2: Choose Your Windows Replacement, in-stock, or new construction.",site scrape,YES,,https://texanwindows.com/en-us | https://texanwindows.com/en-us/products/ply-gem-1015-x-475-1100-white-vinyl-casement-window | https://texanwindows.com/en-us/products/ply-gem-175-x-235-1100-tan-vinyl-fixed-window | https://texanwindows.com/en-us/products/elevate-175-x-275-inspire-clay-vinyl-single-hung-window
Texas Windows Direct Yes,https://texaswindowsdirect.com/,texaswindowsdirect.com,"1710 Atlas Rd, Cedar Park, TX 78613, United States","1710 Atlas Rd, Cedar Park, TX 78613, United States",5,4960,YES,pane glazing work; window replacement/installation,False,"Window Installation in Cedar Park, TX | (512) 529-8612 Texas Windows Direct LLC Call Us Today!",site scrape,YES,,https://www.texaswindowsdirect.com/
Steinman Audio Yes,https://steinmanaudio.com/,steinmanaudio.com,"1719 E Riverside Blvd, Rockford, IL 61114, United States","1719 E Riverside Blvd, Rockford, IL 61114, United States",4.1,242,YES,insulated glass unit work,False,But they figured it out and are getting me squared away.,site scrape,YES,,https://steinmanaudio.com/ | https://steinmanaudio.com/services/
JCM Construction And Design Yes,http://jcmconstruction.andersenwindowscertifiedcontractors.com/,jcmconstruction.andersenwindowscertifiedcontractors.com,"17250 Dallas Pkwy, Dallas, TX 75248, United States","17250 Dallas Pkwy, Dallas, TX 75248, United States",5,507,YES,"Window installation and replacement, plus service and repair of windows - Andersen certified contractor",False,"Business listing for JCM Construction and Design, 17250 Dallas Pkwy, (214) 223-9151: 'The company specializes in General Contracting, Windows Installation, and Door Sales/Installation... they service and repair any door or window, especially Andersen windows and doors.' Site is hosted on Andersen's ",web research (site unreachable),UNREACHABLE,,
Affordable Windows Plus Exteriors Yes,https://www.affordablewindowsofaz.com/locations/gilbert-az,affordablewindowsofaz.com,"1730 W Sunrise Blvd #101-B, Gilbert, AZ 85233, United States","1730 W Sunrise Blvd #101-B, Gilbert, AZ 85233, United States",4.8,533,YES,installs/replaces windows; insulated glass unit work; named window styles; pane glazing work; replacement windows; window product line; window replacement/installation; windows & doors,False,Window Replacement Gilbert | Energy-Efficient Windows & Doors Home Service Locations Reviews Offers Contact,site scrape,YES,,https://www.affordablewindowsofaz.com/ | https://www.affordablewindowsofaz.com/service-areas | https://www.affordablewindowsofaz.com/windows | https://www.affordablewindowsofaz.com/2-lite-slider-windows
Sunny State Glass Yes,https://sunnystateglass.com/,sunnystateglass.com,"1734 W Williams Dr #8, Phoenix, AZ 85027, United States","1734 W Williams Dr #8, Phoenix, AZ 85027, United States",5,206,YES,commercial storefront glazing; installs/replaces windows; insulated glass unit work; named window styles; pane glazing work; reglazing; replacement windows; window product line; window replacement/installation; windows & doors,False,esidential) Multi-Family Projects (Apartment & HOA) Window & Door Brands High-Performance Window Glass Glass Repair & Custom Services Glass Replacement & Reglazing Window & Door Repairs Custom Glass & Mirr,site scrape,YES,,https://www.sunnystateglass.com/ | https://www.sunnystateglass.com/replacement-windows | https://www.sunnystateglass.com/window-and-door-brands | https://www.sunnystateglass.com/window-and-door-repairs
Bethany Windows Yes,http://bethanywindowstexas.com/,bethanywindowstexas.com,"1775 County Rd 279 A-104, Liberty Hill, TX 78642, United States","1775 County Rd 279 A-104, Liberty Hill, TX 78642, United States",5,84,YES,installs/replaces windows; replacement windows; windows & doors,False,"Bethany Windows - Replacement Windows in Austin, Round Rock, Georgetown, Texas Home About Us What's Special?",site scrape,YES,,https://bethanywindowstexas.com/ | https://bethanywindowstexas.com/about-us | https://bethanywindowstexas.com/special
Best Buy Windows and Siding Yes,https://www.bestbuywindowsandsiding.com/,bestbuywindowsandsiding.com,"1800 N Glenville Dr #102, Richardson, TX 75081, United States","1800 N Glenville Dr #102, Richardson, TX 75081, United States",4.4,375,YES,installs/replaces windows; named window styles; pane glazing work; replacement windows; window product line; window replacement/installation; windows & doors,False,sement Windows Specialty Windows Low-E Glass Windows Argon Gas-Filled Windows Energy Star Windows Custom Windows Replacement Windows Vinyl Siding Service Areas Open menu Collin County Dallas County Denton County Ro,site scrape,YES,,https://www.bestbuywindowsandsiding.com/ | https://www.bestbuywindowsandsiding.com/services/low-e-glass-windows/ | https://www.bestbuywindowsandsiding.com/services/replacement-windows/ | https://www.bestbuywindowsandsiding.com/window-replacement-southlake-tx/
Solar Service Yes,https://solarservice-tx.com/,solarservice-tx.com,"1801 E 51st St STE 365, #250, Austin, TX 78723, United States","1801 E 51st St STE 365, #250, Austin, TX 78723, United States",5,707,YES,insulated glass unit work,False,"the Team 2011 Brian and His Platoon Sergeant after their last Mission in Iraq. Brian Rodriguez Owner ✓ 4th Generation Veteran (9/11 Wars, Korea, WWII, WWI) ✓ Born & Raised In Texas ✓",site scrape,YES,,https://solarservice-tx.com/ | https://solarservice-tx.com/services/solar-panels-repairs-maintenance/battery-repair-and-installation/ | https://solarservice-tx.com/services/solar-panels-repairs-maintenance/monitoring-repair-installation/ | https://solarservice-tx.com/services/solar-panels-repairs-maintenance/solar-panel-removal-and-reinstall/
Ramos Windows Yes,http://ramoswindows.com/,ramoswindows.com,"1807 Joan Dr, Dallas, TX 75217, United States","1807 Joan Dr, Dallas, TX 75217, United States",5,6,YES,"Window installation and replacement, retrofit windows, fogged/damaged glass replacement, solar screens",False,"ramoswindows.com/services/ - 'Windows Installation & Replacement - their professional window handymen are qualified to install and replace any type of windows'; 'a lot of experience on retrofit windows, replacement damage fogged glass'",web research (site unreachable),UNREACHABLE,,
CountyLine Glass Yes,http://www.countylineglass.com/,countylineglass.com,"1819 Peters Rd #3, Irving, TX 75061, United States","1819 Peters Rd #3, Irving, TX 75061, United States",4.2,13,YES,commercial storefront glazing; insulated glass unit work; pane glazing work; window replacement/installation; windows & doors,False,"for homeowners and businesses throughout Dallas, Tarrant & Collin County Texas including window replacements, storefronts, shower enclosures, mirrors, and custom glass work designed to enhance safe",site scrape,YES,,https://countylineglass.com/ | https://countylineglass.com/windows/ | https://countylineglass.com/doors/
Grey & White Solutions Yes,http://greywhitewd.com/,greywhitewd.com,"1848 NW 38th Ave, Lauderhill, FL 33311, United States","1848 NW 38th Ave, Lauderhill, FL 33311, United States",5,32,YES,commercial storefront glazing; named window styles; pane glazing work; window product line; window replacement/installation; windows & doors,False,G WINDOWS CASEMENT WINDOWS COMMERCIAL WINDOWS HORIZONTAL ROLLER WINDOWS HOW TO START YOUR WINDOWS INSTALLATION STEP 1 CONSULTATION AND MEASUREMENT Free estimates for multi-window and large-scale proje,site scrape,YES,,https://www.greywhitewd.com/ | https://www.greywhitewd.com/commercial-windows | https://www.greywhitewd.com/impact-windows | https://www.greywhitewd.com/single-windows
ABA Sliding Glass Repairs Yes,http://fortlauderdaleslidingdoors.com/,fortlauderdaleslidingdoors.com,"1900 E Sunrise Blvd, Fort Lauderdale, FL 33304, United States","1900 E Sunrise Blvd, Fort Lauderdale, FL 33304, United States",5,5,YES,broken window glass; commercial storefront glazing; installs/replaces windows; insulated glass unit work; named window styles; pane glazing work; replacement windows; window product line; window replacement/installation,False,Weatherstripping Service Shower Door Repair Door Glass Repair Door Jamb Repair Patio Door Window Repair Interior Door Repair Front Door Replacement Service Barn Door Repair Garage Door Repair D,site scrape,YES,,https://www.fortlauderdaleslidingdoors.com/ | https://www.fortlauderdaleslidingdoors.com/window-repair-service-fort-lauderdale-fl/ | https://www.fortlauderdaleslidingdoors.com/window-glass-repair-fort-lauderdale-fl/ | https://www.fortlauderdaleslidingdoors.com/new-window-installation-fort-lauderdale-fl/
Window e-Store Yes,https://windowestore.com/,windowestore.com,"1912 W Anderson Ln. Ste 208B, Austin, TX 78757, United States","1912 W Anderson Ln. Ste 208B, Austin, TX 78757, United States",4.8,102,YES,installs/replaces windows; insulated glass unit work; named window styles; pane glazing work; replacement windows; window product line; window replacement/installation; windows & doors,True,"Because you will be buying directly, there is no need to worry about retail window replacement prices.",site scrape,YES,,https://windowestore.com/ | https://windowestore.com/diy-replacement-windows/ | https://windowestore.com/energy-efficient-windows/ | https://windowestore.com/eco-storm-coastal-windows/
Allied Door Repair Yes,http://www.allieddoorrepair.com/,allieddoorrepair.com,"1940 NW 1st Ave, Pompano Beach, FL 33060, United States","1940 NW 1st Ave, Pompano Beach, FL 33060, United States",4.9,183,YES,installs/replaces windows; replacement windows; window replacement/installation,False,Allied Sliding Glass Door & Window Repair Allied Sliding Glass Door & Window Repair Allied Sliding Glass Door & Window Repair Allie,site scrape,YES,,https://allieddoorrepair.com/ | https://allieddoorrepair.com/windows
Broward Impact Window & Door Yes,https://www.browardimpact.com/?utm_source=google&utm_medium=maps&utm_campaign=gmb,browardimpact.com,"1954 Tigertail Blvd, Dania Beach, FL 33004, United States","1954 Tigertail Blvd, Dania Beach, FL 33004, United States",4.6,246,YES,installs/replaces windows; replacement windows; window product line; window replacement/installation; windows & doors,False,"According to Broward Impact, residential impact window installations in Broward County range from $8,000 to $35,000.",site scrape,YES,,https://www.browardimpact.com/ | https://www.browardimpact.com/replacement-windows/ | https://www.browardimpact.com/impact-windows/
Glass Doctor of Dallas Metroplex Yes,https://glassdoctor.com/dallas?cid=LSTL_MGD000191&utm_source=gmb&utm_campaign=local&utm_medium=organic,glassdoctor.com,+1 972-437-8244,"2001 Midway Rd #121, Carrollton, TX 75006, United States",4.7,2942,YES,broken window glass; building glass replacement; commercial storefront glazing; installs/replaces windows; insulated glass unit work; named window styles; pane glazing work; replacement windows; window product line; window replacement/installation; windows & doors,True,ss Doctor Window and Door Services Window and Door Services back Window and Door Services Window Glass Repair and Replacement Window Installation and Replacement Patio Door Installation and Repair Wi,site scrape,YES,,https://glassdoctor.com/ | https://glassdoctor.com/home-glass/window-glass | https://glassdoctor.com/home-glass/windows-doors/window-screen-installation | https://glassdoctor.com/home-window-replacement
EcoView Windows & Doors Yes,https://www.ecoviewdfw.com/?utm_source=gbp&utm_medium=organic&utm_campaign=gbp-listing&utm_content=grand-prarie-office,ecoviewdfw.com,+1 972-247-2949,"2003 108th St #303, Grand Prairie, TX 75050, United States",4.9,348,YES,installs/replaces windows; insulated glass unit work; named window styles; pane glazing work; replacement windows; window product line; window replacement/installation; windows & doors,False,"coview Windows and Doors Dallas, Fort Worth, Austin, Waco, and Temple, Texas Our Services Window Replacement Door Replacement About Us Our Story Why Choose Us Meet The Team Our Process Resources Customer Reviews FAQ",site scrape,YES,,https://www.ecoviewdfw.com/ | https://www.ecoviewdfw.com/window-replacement | https://www.ecoviewdfw.com/window-replacement-in-austin-tx-why-who-measures-your-windows-actually-matters | https://www.ecoviewdfw.com/top-3-reasons-people-dont-replace-their-windows-in-texas-and-why-they-actually-should
Express Impact Glass Manufacturing Fort Lauderdale Yes,https://expressimpactglass.com/locations/fort-lauderdale/?utm_campaign=GBPwebsite&utm_medium=organic&utm_source=google,expressimpactglass.com,+1 954-507-2222,"2003 W Cypress Creek Rd Ste 109, Fort Lauderdale, FL 33309, United States",5,2,YES,insulated glass unit work; window product line; window replacement/installation,False,ances your home’s safety but can also save you money in the long run by preventing costly window replacements and repairs inside your home after a storm.,site scrape,YES,,https://expressimpactglass.com/ | https://expressimpactglass.com/products/hurricane-impact-windows/ | https://expressimpactglass.com/florida-hurricane-impact-windows-manufacturer-supplier-near-you/ | https://expressimpactglass.com/products/laminated-glass/interlayer-colored-glass/
Buckley Window Corporation Yes,https://www.buckleywindow.com/,buckleywindow.com,+1 954-396-4211,"201 NE 32nd St, Oakland Park, FL 33334, United States",4.7,172,YES,named window styles; window product line; window replacement/installation; windows & doors,False,"Energy Savings Warranty Protection Learn More → Commercial Services Large-scale impact window and door installations for commercial properties, office buildings, and retail spaces.",site scrape,YES,,https://buckleywindow.com/ | https://buckleywindow.com/services-products | https://buckleywindow.com/services/impact-windows | https://buckleywindow.com/services/residential
Ace Handyman Services West Austin Yes,https://www.acehandymanservices.com/offices/west-austin?utm_source=google&utm_medium=gbp,acehandymanservices.com,+1 512-366-3142,"201 Ranch Rd 620 S A, Lakeway, TX 78734, United States",4.9,501,YES,Window replacements and adjustments listed under installation services,False,"acehandymanservices.com/services/installation - 'expert installation for doors, windows, appliances and more'; installation list includes 'window replacements and adjustments for improved comfort and energy efficiency'.",web research (site unreachable),UNKNOWN,,https://www.acehandymanservices.com/
Luft Windows Yes,https://www.luftwindows.com/,luftwindows.com,+1 480-508-8958,"2010 E University Dr #25, Tempe, AZ 85281, United States",5,41,YES,installs/replaces windows; insulated glass unit work; named window styles; pane glazing work; window product line; window replacement/installation; windows & doors,False,"European Window Replacement Phoenix, AZ | Luft Windows 0 Skip to Content Home About Windows Picture Windows Specialty",site scrape,YES,,https://www.luftwindows.com/ | https://www.luftwindows.com/window-installation-phoenix | https://www.luftwindows.com/picture-windows-phoenix | https://www.luftwindows.com/specialty-windows-arizona
Windowmere Windows and Doors Yes,https://windormere-windows-doors.com/,windormere-windows-doors.com,+1 214-695-1335,"202 N West St A, Rockwall, TX 75087, United States",5,59,YES,installs/replaces windows; named window styles; pane glazing work; replacement windows; window product line; window replacement/installation; windows & doors,False,Door Installation & Replacement (469) 966-6397 Menu Call Now (469) 966-6397 Home Services Window Installation Replacement Windows Window Contractor Door Installation Door Replacement Patio Doors Attic Insulation,site scrape,YES,,https://windormere-windows-doors.com/ | https://windormere-windows-doors.com/Window-Installation.htm | https://windormere-windows-doors.com/Replacement-Windows.htm | https://windormere-windows-doors.com/Replacement-Windows_Rockwall_TX.htm
Window Replacement Yes,https://dallas-windows-doors.com/contact/,dallas-windows-doors.com,+1 972-640-7918,"2021 Cockrell Ave, Dallas, TX 75215, United States",5,503,YES,"Window installation and window replacement, plus door installation and replacement",False,"dallas-windows-doors.com/dallas/ titled 'The Best Window Replacement and Door Installation Dallas, TX'; Yelp listing 'Dallas Windows and Doors, 2021 Cockrell Ave' matches; 'specializes in window installation, window replacement, door installation, and door replacement for residential properties acro",web research (site unreachable),UNKNOWN,,https://dallas-windows-doors.com/
Quality Exteriors Yes,https://www.qualityexteriorsatx.com/,qualityexteriorsatx.com,+1 737-308-2035,"2021 Guadalupe St Ste 260, Austin, TX 78705, United States",5,454,YES,installs/replaces windows; replacement windows,False,Standing Seam & Metal Roofing Options Seamless Aluminum & Steel Gutters Energy-Efficient Replacement Windows High-Performance Exterior Paint Systems Check Out Our Services Roof Repair Roof Replaceme,site scrape,YES,,https://www.qualityexteriorsatx.com/ | https://www.qualityexteriorsatx.com/service-areas | https://www.qualityexteriorsatx.com/services | https://www.qualityexteriorsatx.com/roof-replacement
Vantage Windows LLC Yes,https://thevantagewindows.com/,thevantagewindows.com,+1 469-283-6744,"2100 Valley View Ln #301, Farmers Branch, TX 75234, United States",4.6,93,YES,named window styles; window product line; window replacement/installation; windows & doors,False,e Services About Financing Warranty Taxes Gallery 469-283-6744 Get Free Estimate #1 Rated Window Replacement in the Region Upgrade Your Home with Custom Windows Built for You Experience the perfect,site scrape,YES,,https://thevantagewindows.com/ | https://thevantagewindows.com/services | https://thevantagewindows.com/about
Modern Resolution Windows & Doors Yes,https://www.modernresolution.com/,modernresolution.com,+1 480-665-5732,"2105 S Hardy Dr #9, Tempe, AZ 85282, United States",4.9,162,YES,installs/replaces windows; insulated glass unit work; named window styles; pane glazing work; replacement windows; window product line; window replacement/installation; windows & doors,False,"perated Since 2018, our licensed, bonded, and insured Arizona company has provided expert window and door replacement services throughout Phoenix, Scottsdale, Mesa, Tempe, Chandler, Gilbert, Glendale, Peoria",site scrape,YES,,https://www.modernresolution.com/ | https://www.modernresolution.com/products/windows | https://www.modernresolution.com/window-academy | https://www.modernresolution.com/service-areas
Dagnon Building & Roofing Yes,http://www.dagnonroofing.com/,dagnonroofing.com,+1 815-633-4443,"2113 Rivington Rd, Loves Park, IL 61111, United States",4.9,33,YES,insulated glass unit work,False,tal Code Afghanistan Albania Algeria American Samoa Andorra Angola Anguilla Antarctica Antigua and Barbuda Argentina Armenia Aruba Australia Austria Azerbaijan Bahamas Bahrain Banglad,site scrape,YES,,https://www.dagnonroofing.com/ | https://www.dagnonroofing.com/new-roof-replacement/ | https://www.dagnonroofing.com/wp-content/uploads/2024/05/Roof-Replacement.jpg
Texas Mirrors & Doors LLC Yes,https://txmirrors.com/,txmirrors.com,+1 512-459-3553,"2115 Northland Dr, Austin, TX 78756, United States",4.8,25,YES,pane glazing work,False,"The project cost includes windows (18 double-pane with new trim), 1 framed shower and 1 frameless shower.",site scrape,LIKELY,,https://txmirrors.com/ | https://txmirrors.com/projects/6237100-commercial | https://txmirrors.com/projects/6237102-glass-railing
Blue Moon Glassworks Yes,https://www.bluemoonglassworks.com/,bluemoonglassworks.com,+1 512-380-0770,"2139 W Anderson Ln., Austin, TX 78757, United States",4.9,232,YES,window product line,False,Opens in a new window.,site scrape,LIKELY,,https://bluemoonglassworks.com/ | https://bluemoonglassworks.com/products/stained-glass-suncatcher-fall-foraging-september-20th | https://bluemoonglassworks.com/products/beginner-copper-foil-stained-glass-6-week-class-aug-sept-friday-night-session | https://bluemoonglassworks.com/products/beginner-copper-foil-stained-glass-6-week-class-aug-sept-wednesday-night-session
Everlasting Window & Door Yes,https://everlastingwindow.com/,everlastingwindow.com,+1 623-544-7128,"21602 N 3rd Ave, Phoenix, AZ 85027, United States",4.5,239,YES,installs/replaces windows; named window styles; replacement windows; window product line; window replacement/installation; windows & doors,False,About Contact Service Areas Request Service Phone (623) 544-7128 Schedule An Appointment Window Replacement Exterior Doors Windows & Doors One Day Baths Window & Door Replacement for Arizona Homes,site scrape,YES,,https://www.everlastingwindow.com/ | https://www.everlastingwindow.com/window-replacement | https://www.everlastingwindow.com/service-areas | https://www.everlastingwindow.com/customer-service
Western Architectural Openings Yes,https://www.westernwindowsystems.com/?utm_source=Google&utm_medium=GMB,westernwindowsystems.com,+1 877-268-1300,"2200 E Riverview Dr, Phoenix, AZ 85034, United States",3.4,91,YES,insulated glass unit work,False,"all Western products Where to Buy Locate an Authorized Western Dealer to collaborate, configure, and quote ‌ ‌ ‌ ‌ ‌ Footer menu Products Moving Glass Walls Doors Windows Info Dealer",site scrape,YES,,https://www.westernao.com/ | https://www.westernao.com/our-products
Oak Cliff Mirror & Glass Company Yes,http://glassnajiffy.com/,glassnajiffy.com,+1 214-747-4875,"2202 N Beckley Ave, Dallas, TX 75208, United States",3.9,91,YES,commercial storefront glazing; window replacement/installation,False,"We custom cut glass and mirrors to size, table tops, framed mirrors, plexiglass, window glass replacements, and door hardware.",site scrape,YES,,https://glassnajiffy.com/ | https://glassnajiffy.com/residential/ | https://glassnajiffy.com/commercial/
Econ Windows Yes,https://econwindows.com/,econwindows.com,+1 602-786-5286,"2209 W Potter Dr, Phoenix, AZ 85027, United States",4.9,83,YES,commercial storefront glazing; installs/replaces windows; insulated glass unit work; named window styles; pane glazing work; replacement windows; window product line; window replacement/installation; windows & doors,False,es All Services Residential Windows Commercial Windows Residential Doors Commercial Doors Window Replacement Window & Door Repair Glass & Mirrors Sunscreens Window Tint & Film Service Areas All Serv,site scrape,YES,,https://econwindows.com/ | https://econwindows.com/services/residential-windows/ | https://econwindows.com/services/commercial-windows/ | https://econwindows.com/services/window-replacement/
Statewide Remodeling - Austin Yes,https://www.statewideremodeling.com/texas/austin/?utm_source=GMB&utm_campaign=Austin&utm_medium=Organic%3Futm_source%3Dgmb&utm_medium=Yext&y_source=1_NjY1MDE5MjctNzE1LWxvY2F0aW9uLndlYnNpdGU%3D,statewideremodeling.com,+1 512-937-1529,"2209-A Rutland Dr #100, Austin, TX 78758, United States",4.4,600,YES,installs/replaces windows; named window styles; pane glazing work; replacement windows; window product line; window replacement/installation,False,wer Enclosures Tub to Shower Conversions Kohler LuxStone Showers Windows Energy Efficient Windows Replacement Windows Vinyl Windows Single Hung Windows Double Hung Windows Casement Windows Picture Wi,site scrape,YES,,https://www.statewideremodeling.com/ | https://www.statewideremodeling.com/windows/replacement-windows/ | https://www.statewideremodeling.com/windows/energy-efficient-windows/ | https://www.statewideremodeling.com/windows/vinyl-windows/
Empire Home Pros Yes,https://empirehomepros.com/?utm_source=omg-gbp&utm_medium=webclick,empirehomepros.com,+1 954-368-1415,"221 NE 44th St, Oakland Park, FL 33334, United States",4.9,196,YES,installs/replaces windows; insulated glass unit work; named window styles; window product line; window replacement/installation; windows & doors,False,"Empire Home Pros | Hurricane Impact Windows, Solar, Roofing & More Home Services Impact Windows Installation Solar Power Installation Roof Replacement Spray Foam Insulation Air Conditioning Repair C",site scrape,YES,,https://www.empirehomepros.com/ | https://www.empirehomepros.com/services/impact-windows-installation | https://www.empirehomepros.com/services/residential-and-commercial-professional-painters | https://www.empirehomepros.com/services/solar-power-installation
True View Windows & Glass Yes,https://www.trueviewglass.com/,trueviewglass.com,+1 602-431-8783,"2222 E Jones Ave, Phoenix, AZ 85040, United States",4.6,797,YES,broken window glass; building glass replacement; commercial storefront glazing; installs/replaces windows; insulated glass unit work; named window styles; reglazing; replacement windows; window product line; window replacement/installation; windows & doors,False,-8783 602-560-7028 Tucson 520-885-6010 520-987-8506 Denver 720-431-8783 720-575-8333 Menu Windows Replacement Windows Energy Efficient Windows Upgrade Your Windows Window & Door Brands Milgard IWC We,site scrape,YES,,https://www.trueviewglass.com/ | https://www.trueviewglass.com/services/replacement-windows/ | https://www.trueviewglass.com/services/upgrade-your-windows-without-breaking-the-bank/ | https://www.trueviewglass.com/services/window-repair/
BC Roofing Siding & Windows Yes,http://www.bcroof.com/,bcroof.com,+1 972-306-0215,"2300 Valley View Ln #107, Farmers Branch, TX 75234, United States",4.7,36,YES,installs/replaces windows; named window styles; pane glazing work; replacement windows; window product line; window replacement/installation,False,"ranch, TX Flower Mound, TX Frisco, TX Garland, TX Lewisville, TX Plano, TX Richardson, TX Windows Window Replacement Carrollton, TX Coppell, TX Dallas, TX Farmers Branch, TX Flower Mound, TX Frisco, TX Garl",site scrape,YES,,https://www.bcroof.com/ | https://www.bcroof.com/window-replacement/carrollton-tx | https://www.bcroof.com/window-replacement/coppell-tx | https://www.bcroof.com/window-replacement/dallas-tx
Old Soul Windows & Doors Yes,https://oldsoultx.com/,oldsoultx.com,+1 512-788-5093,"2303 Ranch Rd 620 S, Lakeway, TX 78734, United States",5,37,YES,installs/replaces windows; insulated glass unit work; named window styles; pane glazing work; reglazing; replacement windows; window product line; window replacement/installation; windows & doors,False,Home | Old Soul Windows & Doors | Austin TX Skip to content Home About Blog Services Window Replacement Vinyl Windows Fiberglass Windows Pella Windows Energy Efficient Windows Custom Windows Do,site scrape,YES,,https://oldsoultx.com/ | https://oldsoultx.com/window-replacement/ | https://oldsoultx.com/fiberglass-windows-austin/ | https://oldsoultx.com/vinyl-windows/
Window Zone Yes,https://windowzonedfw.com/,windowzonedfw.com,+1 469-557-6333,"2309 Springlake Rd #630, Farmers Branch, TX 75234, United States",4.9,40,YES,installs/replaces windows; insulated glass unit work; named window styles; pane glazing work; replacement windows; window product line; window replacement/installation; windows & doors,False,Window Zone - Dallas/Forth Worth Window Replacement 0% Financing Options Available.,site scrape,YES,,https://windowzonedfw.com/ | https://windowzonedfw.com/window-installation/ | https://windowzonedfw.com/window-replacement/ | https://windowzonedfw.com/products/double-hung-windows/
Flagstone Roofing & Exteriors Yes,https://flagstoneroofing.com/,flagstoneroofing.com,+1 512-225-0123,"2312 Western Trails Blvd Ste B201, Austin, TX 78745, United States",4.8,446,YES,installs/replaces windows; insulated glass unit work; named window styles; replacement windows; window product line; window replacement/installation,False,"mes to install your new siding , guttering installation , reroof shed, and window installation services are our employees and not a day laborer we picked up on the way to your home.",site scrape,YES,,https://flagstoneroofing.com/ | https://flagstoneroofing.com/other-services/windows/ | https://flagstoneroofing.com/residential-solar-services/ | https://flagstoneroofing.com/hardie-plank-replacement-siding-installers-san-antonio/
K&J Windows Yes,https://kjwindows.com/,kjwindows.com,+1 602-942-0954,"2331 W Royal Palm Rd Ste L, Phoenix, AZ 85021, United States",4.4,121,YES,installs/replaces windows; named window styles; replacement windows; window product line; window replacement/installation; windows & doors,False,"s can help! Over 100 Five Star Reviews on Google Request a Consultation Top Rated Phoenix Window Replacement Choose from a variety of brands including: Milgard, Simonton, Hy-Lite Held-Wen plus many",site scrape,YES,,https://kjwindows.com/ | https://kjwindows.com/phoenix-windows-doors/window-glass-phoenix/ | https://kjwindows.com/phoenix-windows-doors/arizona-windows/window-components/ | https://kjwindows.com/phoenix-windows-doors/arizona-windows/energy-efficient-window-phoenix/
Austin Windowerks Yes,http://windowerks.com/,windowerks.com,+1 512-837-7200,"2339 Kramer Ln, Austin, TX 78758, United States",4.3,28,YES,building glass replacement; commercial storefront glazing; installs/replaces windows; insulated glass unit work; replacement windows; window product line; window replacement/installation; windows & doors,False,"Window Installation Liberty Hill, TX | Round Rock, TX (512) 837-7200 Visit Us Contact Us Located In Austin, T",site scrape,YES,,https://www.windowerks.com/ | https://www.windowerks.com/commercial-windows-glass | https://www.windowerks.com/commercial-windows | https://www.windowerks.com/commercial-storefront-glass
Krasiva Windows and Doors Yes,https://krasivawindows.com/,krasivawindows.com,+1 602-678-3737,"2432 W Peoria Ave #1186, Phoenix, AZ 85029, United States",4.8,306,YES,installs/replaces windows; insulated glass unit work; named window styles; pane glazing work; replacement windows; window product line; window replacement/installation; windows & doors,False,"Window Replacement in Phoenix, AZ | Krasiva Windows & Doors The best window and door company in Phoenix, AZ",site scrape,YES,,https://krasivawindows.com/ | https://krasivawindows.com/windows/fiberglass-windows/ | https://krasivawindows.com/windows/vinyl-replacement-windows/ | https://krasivawindows.com/windows/aluminum-windows/
Sliding Doors Pro – Sliding Door & Window Repair Yes,https://slidingdoorsrepairpro.com/,slidingdoorsrepairpro.com,+1 888-818-1628,"2490 Griffin Rd, Fort Lauderdale, FL 33312, United States",4.8,643,YES,insulated glass unit work; pane glazing work; window replacement/installation; windows & doors,False,Replacement Sliding Door Track Repair Sliding Door Lock Repair Sliding Door Handle Repair Windows Repair Patio & Pool Enclosure Pocket Door Repair Testimonials Articles Common Sliding Door Probl,site scrape,YES,,https://slidingdoorsrepairpro.com/ | https://slidingdoorsrepairpro.com/broken-glass-replacement/ | https://slidingdoorsrepairpro.com/sliding-glass-door-roller-replacement-cost/
TruTec Electric Yes,https://www.trutecelectric.com/,trutecelectric.com,+1 512-641-5311,"2505 E 6th St Unit g, Austin, TX 78702, United States",4.9,1080,YES,insulated glass unit work,False,"esses expanding square footage or adding heavy equipment, including three-phase power configurations Commercial Wiring and Rewiring : New wiring for tenant improvement buildouts and r",site scrape,YES,,https://www.trutecelectric.com/ | https://www.trutecelectric.com/electrical-services/smoke-detector-installation/ | https://www.trutecelectric.com/electrical-services/commercial-electrician/ | https://www.trutecelectric.com/electrical-services/ceiling-fan-installation/
City Auto Glass Yes,https://www.cityautoglassrkfd.com/,cityautoglassrkfd.com,+1 815-242-1140,"2520 Broadway, Rockford, IL 61108, United States",4.7,47,YES,building glass replacement; commercial storefront glazing; installs/replaces windows; insulated glass unit work; pane glazing work; replacement windows; window product line; window replacement/installation,True,acement Repair and Maintenance Single-Pane Windows and Glass Thermopane Windows and Glass Window Glass Repair Window Glass Replacement Shower Door Glass Shower Door Replacement Shower Glass Repair Ab,site scrape,YES,,https://www.cityautoglassrkfd.com/ | https://www.cityautoglassrkfd.com/window-glass-replacement | https://www.cityautoglassrkfd.com/single-pane-windows-and-glass | https://www.cityautoglassrkfd.com/thermopane-windows-and-glass
Window World of Phoenix Yes,http://www.windowworldphoenix.com/,windowworldphoenix.com,+1 602-962-5164,"2530 W Holly St, Phoenix, AZ 85009, United States",4.1,279,YES,installs/replaces windows; insulated glass unit work; named window styles; replacement windows; window product line; window replacement/installation; windows & doors,False,Window Replacement Phoenix – Window World of Phoenix replacement windows phoenix › Proudly Serving Replaceme,site scrape,YES,,https://www.windowworldphoenix.com/ | https://www.windowworldphoenix.com/replacement-windows/window-world-windows/ | https://www.windowworldphoenix.com/replacement-windows/ | https://www.windowworldphoenix.com/replacement-windows/bay-bow-windows/
East Blue Windows & Doors Yes,http://www.eastbluewindowsdoors.com/,eastbluewindowsdoors.com,+1 754-244-5037,"2548 NW 9th Ct, Fort Lauderdale, FL 33311, United States",5,73,YES,insulated glass unit work; named window styles; window product line; window replacement/installation; windows & doors,False,s Home Windows & Doors Financing Warranty About us Contact Blog Articles More Menu Impact Windows and Doors Replacement in South Florida GET YOUR FREE ESTIMATE Licensed & Insured 26BS00028 25-WD-00127-X U-2277,site scrape,YES,,https://www.eastbluewindowsdoors.com/ | https://www.eastbluewindowsdoors.com/our-products/ | https://www.eastbluewindowsdoors.com/impact-windows-fort-lauderdale/ | https://www.eastbluewindowsdoors.com/impact-windows-pembroke-pines
Affordable Windows Plus Exteriors of Phoenix Yes,https://www.affordablewindowsofaz.com/locations/gilbert-az,affordablewindowsofaz.com,+1 480-736-2822,"2550 E Rose Garden Ln #72496, Phoenix, AZ 85050, United States",3.5,2,YES,installs/replaces windows; insulated glass unit work; named window styles; pane glazing work; replacement windows; window product line; window replacement/installation; windows & doors,False,Window Replacement Gilbert | Energy-Efficient Windows & Doors Home Service Locations Reviews Offers Contact,site scrape,YES,,https://www.affordablewindowsofaz.com/ | https://www.affordablewindowsofaz.com/service-areas | https://www.affordablewindowsofaz.com/windows | https://www.affordablewindowsofaz.com/2-lite-slider-windows
Cupcake Home Improvements Yes,https://www.callcupcake.com/?utm_source=google&utm_medium=organic&utm_campaign=gbp,callcupcake.com,+1 888-671-2686,"2601 Mc Hale Ct #145, Austin, TX 78758, United States",4.9,267,YES,installs/replaces windows; insulated glass unit work; named window styles; replacement windows; window product line; window replacement/installation,False,6 Services Roofing Asphalt Shingle Roofing Metal Roofing Roof Repair Roof Cost Calculator Windows Vinyl Replacement Windows Fiberglass Replacement Windows Aluminum Replacement Windows Wood Replacement Wind,site scrape,YES,,https://www.callcupcake.com/ | https://www.callcupcake.com/replacement-windows/materials/fiberglass/ | https://www.callcupcake.com/replacement-windows/materials/vinyl/ | https://www.callcupcake.com/replacement-windows/materials/aluminum/
Installation World Yes,https://installation-rockford.com/,installation-rockford.com,+1 815-904-9249,"2606 Broadway Ste 2 C, Rockford, IL 61108, United States",5,73,YES,installs/replaces windows; window product line; window replacement/installation,False,stallation Custom Projects Garage & Basement Finishing New Door or Window Opening Door or Window Replacement Bathroom Fixture Convert Breakfast Nook to Island Enclose Porch 4 Season Installation Kit,site scrape,YES,,https://installation-rockford.com/ | https://installation-rockford.com/handyman-services-rockford/door-window-replacement/ | https://installation-rockford.com/handyman-services-rockford/new-door-window-opening/ | https://installation-rockford.com/handyman-services-rockford/vinyl-floor-installation/
Desert King Windows Yes,http://www.desertkingwindows.com/?utm_campaign=gmb,desertkingwindows.com,+1 480-613-9943,"2615 S 21st St, Phoenix, AZ 85034, United States",4.8,702,YES,installs/replaces windows; insulated glass unit work; named window styles; pane glazing work; replacement windows; window product line; window replacement/installation; windows & doors,False,"Windows Installation - Energy Efficient Windows - Phoenix AZ, Tucson AZ, Las Vegas NV - Desert King Windows """,site scrape,YES,,https://desertkingwindows.com/ | https://desertkingwindows.com/custom-windows-and-door-replacement-and-installation/ | https://desertkingwindows.com/vinyl-window-installation/ | https://desertkingwindows.com/windows/
Express Glass & Board Up Sliding Glass Door & Window Repair Yes,https://expressglassfl.com/,expressglassfl.com,+1 954-707-6443,"2701 W Oakland Park Blvd Ste 225C, Fort Lauderdale, FL 33311, United States",4.3,55,YES,name states window installation/replacement/doors,False,,name/review keywords,UNREACHABLE,,
Designer Door and Window Yes,http://www.designerdw.com/,designerdw.com,+1 972-424-0031,"2707 Realty Rd #310, Carrollton, TX 75006, United States",4.9,140,YES,installs/replaces windows; replacement windows; window product line; window replacement/installation; windows & doors,False,31 Home About Our Process Green Shield Promise Ask The Expert Windows Anlin Windows Vinyl Windows Window Installation Window Gallery Ask The Expert Doors Exterior Doors Patio Doors Fiberglass Doors Wood Door,site scrape,YES,,https://designerdoorsandwindows.com | https://designerdoorsandwindows.com/windows/window-installation-process/ | https://designerdoorsandwindows.com/windows/vinyl-windows/ | https://designerdoorsandwindows.com/windows/
AC Glass and Mirror Yes,http://www.acglass.biz/,acglass.biz,+1 214-604-3394,"2708 Reynolds Ave, Dallas, TX 75232, United States",3.3,7,YES,"Window glass replacement, single and double pane, same/next-day",False,"acglass.biz — ""two divisions: Shower and Mirrors and Windows and Glass Replacement""; expertise includes ""window glass replacements in 24 hours or same day"" and ""window glass replacement (double pane and single pane)"".",web research (site unreachable),UNREACHABLE,,
VISION IMPACT WINDOWS & DOORS Yes,https://www.visionimpactwindowsanddoors.com/,visionimpactwindowsanddoors.com,+1 754-290-0123,"271 SW 33rd Ct #6, Fort Lauderdale, FL 33315, United States",0,0,YES,insulated glass unit work; named window styles; pane glazing work; window product line; window replacement/installation; windows & doors,False,"That mix drives constant demand for full-home impact-window replacements, laminated-glass sliders for canal-front living, and insurance-driven upgrades.",site scrape,YES,,https://www.visionimpactwindowsanddoors.com/ | https://www.visionimpactwindowsanddoors.com/impact-windows-fort-lauderdale.html | https://www.visionimpactwindowsanddoors.com/impact-windows-cost.html | https://www.visionimpactwindowsanddoors.com/noa-florida-product-approval.html
Genuine Texas Exteriors Yes,https://genuinetexasexteriors.com/,genuinetexasexteriors.com,+1 512-745-5676,"2720 Bee Caves Rd Ste 126, Austin, TX 78746, United States",4.9,172,YES,installs/replaces windows; named window styles; replacement windows; window product line; window replacement/installation,False,Appointment Copyright © 2026 Genuine Texas Exteriors | All Rights Reserved Residential Window Replacement and Installation Services 512-745-5676 contact@genuinetexasexteriors.,site scrape,YES,,https://genuinetexasexteriors.com/ | https://genuinetexasexteriors.com/windows-replacement-austin-tx/ | https://genuinetexasexteriors.com/roof-replacement-austin-tx/ | https://genuinetexasexteriors.com/siding-installation-austin-tx/
DAR Roofing General Contractors Yes,http://www.darroofinggc.com/,darroofinggc.com,+1 315-836-4542,"2727 Lyndon B Johnson Fwy Ste 785, Farmers Branch, TX 75234, United States",4.9,122,YES,Window replacement and repair offered among general contracting services,False,"darroofinggc.com service list - 'Roof Restoration and Replacement, Gutter Installation & Repair, Fence, Siding, Garage Door Installation and Repair, HVAC, Exterior & Interior Paint, and Window Replacement and Repair'; 'serving the entire DFW area with both residential and commercial applications'",web research (site unreachable),UNKNOWN,,https://darroofinggc.com/
All Florida Screens & Shutters Yes,http://www.webuildscreens.com/,webuildscreens.com,+1 954-254-6089,"2764 N Dixie Hwy, Wilton Manors, FL 33334, United States",4.8,69,YES,named window styles; window product line; windows & doors,False,Custom Enclosures & Hurricane Impact Windows | South Florida Skip to content Home Screen & Pool Enclosures Screen Room Impact Windows,site scrape,YES,,https://webuildscreens.com/ | https://webuildscreens.com/impact-windows-and-doors/ | https://webuildscreens.com/custom-built-impact-windows-wilton-manors/
Load Bearing Wall Pros - Austin Yes,https://www.loadbearingwall.com/,loadbearingwall.com,+1 737-252-8170,"2802 Flintrock Trace #201, Lakeway, TX 78738, United States",5,23,YES,insulated glass unit work; windows & doors,False,In most cases we can add on to your home like it was a brand new build with customizable windows and doors configuration.,site scrape,YES,,https://www.loadbearingwall.com/ | https://www.loadbearingwall.com/other-services/ | https://www.loadbearingwall.com/load-bearing-wall-removal/ | https://www.loadbearingwall.com/dfw-service-area/
Lake Travis Roofing Yes,https://www.laketravisroofing.com/,laketravisroofing.com,+1 512-886-5060,"2802 Flintrock Trace Suite 313, Austin, TX 78738, United States",4.9,57,YES,insulated glass unit work; pane glazing work; window replacement/installation,False,rs Custom Chimney Caps Emergency Roof Repair Fascia & Soffit Installation & Repair Door & Window Replacement Service Areas Austin TX Spicewood Bee Cave TX Lakeway TX Recent Projects FAQs Contact X G,site scrape,YES,,https://laketravisroofing.com/ | https://laketravisroofing.com/services/door-window-replacement/ | https://laketravisroofing.com/services/residential-roofing/ | https://laketravisroofing.com/services/commercial-roofing/
Royal Screen Solutions Yes,https://royalscreensolutions.com/,royalscreensolutions.com,+1 954-870-0878,"2805 E Oakland Park Blvd, Fort Lauderdale, FL 33306, United States",4.8,39,YES,named window styles,False,"Retractable screens, motorized screens, and retractable awnings – Royal Screen Solutions - Authorized Phantom Screens Dealer Skip to content HOME SCREEN",site scrape,LIKELY,,https://royalscreensolutions.com/
RCE Construction & Remodeling Yes,https://www.rceconstructionandremodeling.com/,rceconstructionandremodeling.com,+1 512-508-8476,"2823 E Martin Luther King Jr Blvd, Austin, TX 78702, United States",5,41,YES,windows & doors,False,— Windows & Doors: Energy-efficient upgrades that enhance both aesthetics and insulation.,site scrape,YES,,https://www.rceconstructionandremodeling.com/ | https://www.rceconstructionandremodeling.com/services | https://www.rceconstructionandremodeling.com/services/kitchens | https://www.rceconstructionandremodeling.com/services/bathrooms
G's Audio ATX Yes,https://www.facebook.com/GsAudioatx,facebook.com,+1 512-919-6639,"2825 E Hwy 71, Del Valle, TX 78617, United States",4.2,100,YES,Stocks windows and provides framing and installation services including window and door installations,False,"Oak Cliff Building Materials services page: 'Their extensive inventory includes lumber, sheathing, roofing products, windows, and more. They also provide professional framing and installation services, including window and door installations'; sells 'to contractors, builders and homeowners'",web research (site unreachable),UNREACHABLE,,
Window Depot Dallas /Plano Yes,https://windowdepotdallas.com/,windowdepotdallas.com,+1 214-399-9592,"2828 W Parker Rd Ste 203B, Plano, TX 75075, United States",4.9,38,YES,installs/replaces windows; insulated glass unit work; named window styles; pane glazing work; replacement windows; window product line; window replacement/installation; windows & doors,False,"-07-30 05:53:41 The Hidden Cost of Buying Cheap Replacement Windows in Dallas, Texas When Window Repair Is No Longer an Option in Dallas, Texas https://windowdepotdallas.",site scrape,YES,,https://windowdepotdallas.com/ | https://windowdepotdallas.com/windows/bay-bow-windows | https://windowdepotdallas.com/windows/casement-windows | https://windowdepotdallas.com/windows/double-hung-windows
Trustmark Exteriors Yes,https://www.trustmarkexteriors.com/?utm_source=google&utm_medium=gbp,trustmarkexteriors.com,+1 817-859-8369,"2832 SE Loop 820, Fort Worth, TX 76140, United States",5,14,YES,installs/replaces windows; insulated glass unit work; named window styles; window product line; window replacement/installation,False,"rs | Windows, Gutters & Roofing in Fort Worth Skip to content Labor Day Sale: Save 10% on Window Installation until 9/15 Get A Quote 24/7 Year-Round Emergency Service (877) 202-7663 Home About Us Abo",site scrape,YES,,https://www.trustmarkexteriors.com/ | https://www.trustmarkexteriors.com/services/window/ | https://www.trustmarkexteriors.com/windows/styles/double-hung-windows/ | https://www.trustmarkexteriors.com/windows/styles/single-hung-windows/
SOFLO IMPACT WINDOWS Yes,https://www.sofloimpactwindows.com/,sofloimpactwindows.com,+1 754-223-3700,"2895 NE 32nd St Apt 210, Fort Lauderdale, FL 33306, United States",5,73,YES,installs/replaces windows; insulated glass unit work; named window styles; window product line; window replacement/installation; windows & doors,False,"t Projects Visit our Recent Projects page, updated monthly, to view a selection of impact window and door installations recently completed by our team of experts.",site scrape,YES,,https://www.sofloimpactwindows.com/ | https://www.sofloimpactwindows.com/impact-windows | https://www.sofloimpactwindows.com/sliding-glass-doors | https://www.sofloimpactwindows.com/impact-entry-doors
NT Window Inc. Yes,http://www.ntwindow.com/,ntwindow.com,+1 800-969-8830,"2900 W Seminary Dr, Fort Worth, TX 76133, United States",4.5,144,YES,named window styles; window product line; windows & doors,False,Warranty Screens Blink Blinds Condensation Facts Cost VS Value Sound Transmission Ratings Impact Window Features Energy Star Flexscreen Installation Method Vividcolor Window Basics My Photos Co,site scrape,YES,,https://ntwindow.com/ | https://ntwindow.com/windows/specialty-products/ | https://ntwindow.com/our-company/windows-of-hope/ | https://ntwindow.com/impactwindow/
Window Nation Dallas Yes,https://www.windownation.com/locations/texas/grand-prairie?utm_code=CMP-08802-Y8W8G&utm_source=google&utm_medium=organic&utm_content=GMB_showroom,windownation.com,+1 972-332-5412,"2940 N Hwy 360 #300, Grand Prairie, TX 75050, United States",4.7,1057,YES,Replacement windows and doors with professional installation; national installer with Grand Prairie showroom,False,"'Grand Prairie, Texas Home Window Replacement Experts' — windownation.com/locations/texas/grand-prairie/; location page '2940 N Hwy 360 #300, Grand Prairie, TX 75050... (972) 332-5412', 'top-rated products, expert installation'",web research (site unreachable),UNREACHABLE,,
Florida Impactpro Windows and Doors LLC Yes,https://floridaimpactpro.com/,floridaimpactpro.com,+1 954-758-9465,"2974 Griffin Rd Ste 5, Fort Lauderdale, FL 33312, United States",4.8,59,YES,name states window installation/replacement/doors,False,,name/review keywords,UNKNOWN,,https://floridaimpactpro.com/
FX Remodeling & Exteriors Yes,http://sidingcontractordallastx.com/,sidingcontractordallastx.com,+1 469-351-4775,"3000 W Commerce St, Dallas, TX 75212, United States",4.3,437,YES,commercial storefront glazing; installs/replaces windows; insulated glass unit work; named window styles; pane glazing work; window product line; window replacement/installation; windows & doors,False,tters Skylight Installation Skylight Repair Vinyl Siding Installation Vinyl Siding Repair Window Cleaning Window Installation Window Repair Window Replacement View All Services Call Now (469) 351-4775 Tap to call no,site scrape,YES,,https://www.sidingcontractordallastx.com/ | https://www.sidingcontractordallastx.com/window-installation | https://www.sidingcontractordallastx.com/window-replacement | https://www.sidingcontractordallastx.com/window-cleaning
Capital State Remodel Yes,https://www.capitalstate.net/,capitalstate.net,+1 512-584-6649,"3006 Crosscreek Dr, Austin, TX 78757, United States",5,29,YES,window product line; window replacement/installation; windows & doors,False,Learn More → Windows & Doors Energy-efficient window replacement and door installation.,site scrape,YES,,https://capitalstate.net/ | https://capitalstate.net/services/ | https://capitalstate.net/service-areas/
Home Window Guy Yes,https://adamsexteriors.com/,adamsexteriors.com,+1 214-349-7283,"3010 Lyndon B Johnson Fwy, Dallas, TX 75234, United States",4.3,12,YES,installs/replaces windows; replacement windows; window replacement/installation,False,From energy-efficient replacement windows to roof repairs / replacements and all other exterior repairs.,site scrape,YES,,https://www.adamsexteriors.com/
Clear Innovations Yes,https://clear-innovate.com/,clear-innovate.com,+1 512-337-7272,"304 Hazelwood St #1, Leander, TX 78641, United States",5,14,YES,commercial storefront glazing; installs/replaces windows; named window styles; replacement windows; window product line; window replacement/installation; windows & doors,False,"t Austin, Leander, Cedar Park, Round Rock, Pflugerville, and Central Texas with top-rated window installation and replacement services, including services.",site scrape,YES,,https://clear-innovate.com/ | https://clear-innovate.com/window-installation/ | https://clear-innovate.com/products/all-fiberglass-doors/
Legacy Windows LLC Yes,https://thelegacywindows.com/,thelegacywindows.com,+1 480-448-2098,"3106 W Thomas Rd #1107, Phoenix, AZ 85017, United States",4.1,37,YES,installs/replaces windows; insulated glass unit work; pane glazing work; replacement windows; window product line; window replacement/installation; windows & doors,False,50% OFF When You Purchase 10 Windows or More! Get free Qoute (801) 335-6058 Home Services Window Replacement New Window Installation Custom Windows & Doors Energy-Efficient Windows Professional Inst,site scrape,YES,,https://thelegacywindows.com/ | https://thelegacywindows.com/window-replacement | https://thelegacywindows.com/new-window-installation | https://thelegacywindows.com/custom-windows-doors
WindowWall of Ft. Lauderdale Yes,https://windowwallfl.com/,windowwallfl.com,+1 954-945-8212,"3150 Prospect Rd Ste 350, Fort Lauderdale, FL 33309, United States",4.9,72,YES,installs/replaces windows; named window styles; replacement windows; window product line; window replacement/installation; windows & doors,False,"r Process Why WindowWall Financing Reviews Service Areas (813) 502-1343 Free Consultation Windows Replacement Window Styles for Florida Homes Compare impact, casement, hung, sliding, picture, bay and",site scrape,YES,,https://windowwallfl.com/ | https://windowwallfl.com/windows/ | https://windowwallfl.com/why-windowwall/ | https://windowwallfl.com/service-areas/
South Florida Windows & Doors Yes,http://myflwindows.com/?utm_source=google&utm_medium=organic&utm_campaign=gbp_pompano_beach_fl,myflwindows.com,+1 954-957-9763,"3195 N Powerline Rd Ste 112, Pompano Beach, FL 33069, United States",4.7,152,YES,commercial storefront glazing; installs/replaces windows; insulated glass unit work; named window styles; pane glazing work; replacement windows; window product line; window replacement/installation; windows & doors,True,ractors & DIY Project Gallery Refer & Earn Contact Us Home About Windows HURRICANE IMPACT WINDOWS REPLACEMENT WINDOWS Doors Commercial Buy Direct: Contractors & DIY Financing Service Areas Reviews Pr,site scrape,YES,,https://myflwindows.com/
Alpha Glass & Mirror Yes,http://www.alphaautoglass.com/,alphaautoglass.com,+1 954-564-6610,"3201 NE 2nd Ave, Fort Lauderdale, FL 33334, United States",4.8,180,YES,window product line; window replacement/installation,True,Find us on: Facebook Pinterest Instagram Mail Yelp Popular Services Glass Fort Lauderdale Window Repair Fort Lauderdale Glass Repair Fort Lauderdale Vanity Mirrors Tub Glass Enclosure Fort Laud,site scrape,YES,,https://www.alphaautoglass.com/ | https://www.alphaautoglass.com/decorative-glass/ | https://www.alphaautoglass.com/glass-tops-shelves/ | https://www.alphaautoglass.com/glass-hardware-supplies/
Draven Roofing + Construction Yes,https://dravenconstruction.com/,dravenconstruction.com,+1 682-200-9019,"321 Bright Sky Dr, Austin, TX 78737, United States",0,0,YES,window replacement/installation,False,oof Replacement & Repair Storm & Hail Damage Repair Commercial Roofing General Contractor Window Replacement Attic Ventilation Services Exterior Painting Fence Installation Gutter Installation Skyli,site scrape,YES,,https://dravenconstruction.com/ | https://dravenconstruction.com/fort-worth/window-replacement/ | https://dravenconstruction.com/window-leaks-causing-wall-roof-damage/ | https://dravenconstruction.com/services/
Crystalia Glass Yes,https://crystaliaglass.com/,crystaliaglass.com,+1 718-690-0258,"3214 Belt Line Rd Suite 458, Farmers Branch, TX 75234, United States",4.9,94,YES,insulated glass unit work; named window styles,False,8 Years on the US market 20000 Satisfied customers 97% Of clients recommend us System Configurations Prev.,site scrape,YES,,https://crystaliaglass.com/ | https://crystaliaglass.com/aluminum-framed-glass-partitions/ | https://crystaliaglass.com/custom-steel-glass-partitions/ | https://crystaliaglass.com/aluminum-glass-partitions/
The Window Source of DFW Yes,https://www.windowsourcedfw.com/,windowsourcedfw.com,+1 469-655-9148,"3216 Commander Dr Ste 101, Carrollton, TX 75006, United States",5,153,YES,installs/replaces windows; named window styles; replacement windows; window product line; window replacement/installation; windows & doors,False,ORS FRENCH DOORS SLIDING PATIO DOORS RESOURCES OUR MANUFACTURER LIFETIME LIMITED WARRANTY WINDOW SOURCE INSTALLATION PROCESS FAQs COMMUNITY OUTREACH SPECIAL OFFERS CONTACT US Select Page Replacement Windows,site scrape,YES,,https://windowsourcedfw.com/ | https://windowsourcedfw.com/window-source-installation-process/ | https://windowsourcedfw.com/architectural-windows-4/ | https://windowsourcedfw.com/awning-windows-4/
Vista Windows and Doors Yes,https://www.vistawindowsaz.com/,vistawindowsaz.com,+1 480-744-2884,"3225 N Arizona Ave Ste C13, Chandler, AZ 85225, United States",5,51,YES,name states window installation/replacement/doors,False,,name/review keywords,UNREACHABLE,,
JJ's Window Service Yes,http://www.jjswindowservice.com/,jjswindowservice.com,+1 972-479-1302,"3235 Skylane Dr Apt 115, Carrollton, TX 75006, United States",3.7,59,YES,broken window glass; installs/replaces windows; reglazing; window replacement/installation,False,"MESSAGE US TODAY Home About Residential Gallery Contact Search for: Window Replacement & Fogged Glass Repair in Carrollton, TX In Need Of Repair?",site scrape,YES,,https://jjswindowservice.com/ | https://jjswindowservice.com/residential/ | https://jjswindowservice.com/contact/
Window Rehab Yes,https://www.windowrehab.com/,windowrehab.com,+1 602-546-3200,"3250 N Colorado St, Chandler, AZ 85225, United States",5,45,YES,installs/replaces windows; named window styles; pane glazing work; replacement windows; window product line; window replacement/installation; windows & doors,False,"Window Replacement Phoenix, AZ | Window Rehab top of page Windows Doors Window Installation Our Story Servic",site scrape,YES,,https://www.windowrehab.com/ | https://www.windowrehab.com/window-installation | https://www.windowrehab.com/windows | https://www.windowrehab.com/service-areas
WCV Windows Yes,https://www.westcoastvinyl.com/about-us,westcoastvinyl.com,,"327 E Wildwood Dr, Phoenix, AZ 85048, United States",5,5065,YES,installs/replaces windows; insulated glass unit work; named window styles; replacement windows; window product line; window replacement/installation,False,Tacoma Vinyl Windows | Tacoma Replacement Windows | Window Replacement Home Windows Windows Sliders Picture Windows Single Hungs Double Hungs Casements Awnings,site scrape,YES,,https://www.westcoastvinyl.com | https://www.westcoastvinyl.com/window-replacement-tacoma-wa | https://www.westcoastvinyl.com/picture-windows-tacoma-wa | https://www.westcoastvinyl.com/installing-vinyl-windows-tacoma-wa
Rise Renovation - Austin Yes,https://riserenovation.com/,riserenovation.com,+1 737-205-6724,"3300 N Interstate Hwy 35 #700, Austin, TX 78705, United States",4.9,15,YES,installs/replaces windows; named window styles; pane glazing work; replacement windows; window product line; window replacement/installation; windows & doors,False,"ness Hours Monday - Saturday 8 AM–7 PM Closed Sunday Copyright © 2026 - Rise Renovation Window Replacement Denver, Colorado - Rise Renovation Skip to content Serving Denver, CO & Surrounding Areas",site scrape,YES,,https://riserenovation.com/ | https://riserenovation.com/window-replacement-denver-co/ | https://riserenovation.com/service-area/
Attack-A-Crack Glass Specialist Yes,http://attackacrackglassspecialist.com/,attackacrackglassspecialist.com,+1 512-995-2191,"3303 Peavy Dr, Austin, TX 78725, United States",4.8,44,YES,broken window glass; commercial storefront glazing; insulated glass unit work; pane glazing work; window replacement/installation,False,"in, Get 10% off this month on your frameless shower glass when you try our services! Home Window Glass Replacement Custom Wine Cellar Design Home Window Glass Replacement Custom Wine Cellar Design More Ho",site scrape,YES,,https://attackacrackglassspecialist.com/ | https://attackacrackglassspecialist.com/window-glass-replacement | https://attackacrackglassspecialist.com/custom-wine-cellar-design
Factory Direct Windows Yes,https://www.factorydirectwindows.com/,factorydirectwindows.com,+1 602-703-0131,"331 E Chilton Dr, Chandler, AZ 85225, United States",5,60,YES,window in name + review describes window work,False,,name/review keywords,UNKNOWN,,https://factorydirectwindows.com/
ASP Windows and Doors Yes,https://www.aspwindows.com/contact/doral-florida?utm_campaign=gmb,aspwindows.com,+1 786-751-5389,"3400 NW 114th Ave, Doral, FL 33178, United States",4.8,945,YES,broken window glass; commercial storefront glazing; insulated glass unit work; reglazing; window product line; window replacement/installation; windows & doors,False,Do you offer financing options for window and door installations?,site scrape,YES,,https://www.aspwindows.com/ | https://www.aspwindows.com/residential-service-parent | https://www.aspwindows.com/glass-glazing/doral-florida | https://www.aspwindows.com/commercial-services-parent
Prime Window Solutions Yes,https://primeshuttersllc.com/,primeshuttersllc.com,+1 469-457-4049,"3400 Silverstone Dr Ste 174, Plano, TX 75023, United States",5,110,YES,window in name + review describes window work,False,,name/review keywords,UNREACHABLE,,
TXFirstRemodel Yes,https://txfirstremodel.com/,txfirstremodel.com,+1 888-469-0049,"3423 N Winnetka Ave, Dallas, TX 75212, United States",5,70,YES,installs/replaces windows; pane glazing work; replacement windows; window product line; window replacement/installation,False,Driveways Contractors Exterior Painting Contractors Landscaping Services Roofing Services Window Installation Services Financing Contact Us OUR SOCIAL Google Yelp ADD SOME TEXT THROUGH CUSTOMIZER Hom,site scrape,YES,,https://txfirstremodel.com/ | https://txfirstremodel.com/window-installation-services/ | https://txfirstremodel.com/landscaping-services/ | https://txfirstremodel.com/roofing-services/
Sawgrass Windows and Doors Yes,http://sawgrasswindows.net/,sawgrasswindows.net,+1 954-742-7455,"3430 NW 16th St Bay 12, Lauderhill, FL 33311, United States",4.5,40,YES,name states window installation/replacement/doors,False,,name/review keywords,UNKNOWN,,https://go.yourhelper.org/gXPTMbwD?utm_source=sawgrasswindows.net
Bufalo Contracting Yes,http://www.bufalocontracting.com/,bufalocontracting.com,+1 779-368-0256,"3466 Colony Bay Dr, Rockford, IL 61109, United States",4.8,495,YES,installs/replaces windows; insulated glass unit work; replacement windows; window product line; window replacement/installation,False,Choose Bufalo Contracting for your next window installation or replacement project and experience the difference that professional quality and service can make.,site scrape,YES,,https://www.bufalocontracting.com/ | https://www.bufalocontracting.com/windows | https://www.bufalocontracting.com/commercial-roof-installation | https://www.bufalocontracting.com/commercial-roof-replacement
Gold Coast Windows and Doors Inc. Yes,http://www.goldcoastwindows.com/?utm_source=local&utm_medium=organic&utm_campaign=gmb,goldcoastwindows.com,+1 954-714-6800,"3517 NW 19th St, Lauderdale Lakes, FL 33311, United States",4.6,19,YES,commercial storefront glazing; installs/replaces windows; insulated glass unit work; named window styles; replacement windows; window product line; window replacement/installation; windows & doors,False,mmercial Door Replacement Office Doors High-Rise Doors Commercial Impact Doors Commercial Windows Commercial Window Replacement Commercial Window Installation High-Rise Windows Fixed-Glass Windows Architectural Window,site scrape,YES,,https://goldcoastwindows.com/ | https://goldcoastwindows.com/commercial-lauderdale-lakes-fl/commercial-windows/commercial-window-replacement/ | https://goldcoastwindows.com/commercial-lauderdale-lakes-fl/commercial-windows/commercial-window-installation/ | https://goldcoastwindows.com/commercial-lauderdale-lakes-fl/commercial-windows/fixed-glass-windows/
Reece Windows & Doors Yes,https://reecewindows.com/fort-lauderdale/,reecewindows.com,+1 866-717-8582,"3590 NW 54th St, Fort Lauderdale, FL 33309, United States",4.5,248,YES,installs/replaces windows; named window styles; pane glazing work; replacement windows; window product line; window replacement/installation; windows & doors,False,"meet your needs Specialty Windows Entry and sliding glass doors for your home During your window installation, you’ll have the option to upgrade the exterior doors at your home.",site scrape,YES,,https://reecewindows.com/ | https://reecewindows.com/replacement-windows/single-hung-windows/ | https://reecewindows.com/replacement-windows/double-hung-windows/ | https://reecewindows.com/replacement-windows/casement-windows/
Grand Openings Luxury Windows & Doors - Dallas Yes,http://www.grandopenings.com/,grandopenings.com,+1 214-956-7700,"3605 Inwood Rd, Dallas, TX 75209, United States",2.9,18,YES,named window styles; window product line; windows & doors,False,"Series was designed for versatility and durability. It can mimic the traditional style of wood windows and doors with a warm wood interior and intricate exterior trim details, or it can meet m",site scrape,YES,,https://grandopenings.com/ | https://grandopenings.com/products/western-window-systems/ | https://grandopenings.com/products/kolbe-windows-doors/ | https://grandopenings.com/products/
AMC Windows & Screens Yes,http://amcwindows.com/,amcwindows.com,+1 954-584-7171,"3608 W Broward Blvd, Fort Lauderdale, FL 33312, United States",3.8,39,YES,commercial storefront glazing; windows & doors,False,Storefronts Surrounding Glass for Wine Rooms High-Rise Glass Replacement Impact-Resistant Windows and Doors Interior Glass Dividers Bullet-Resistant Glass & Enclosures Glass Office Doors & Systems,site scrape,YES,,https://www.amcwindows.com/ | https://www.amcwindows.com/contact
Wyndoorco Yes,https://wyndoorco.com/,wyndoorco.com,+1 972-922-3578,"3626 N Hall St Ste 610, Dallas, TX 75219, United States",5,18,YES,installs/replaces windows; insulated glass unit work; replacement windows; window product line; window replacement/installation; windows & doors,False,"We specialize in expert window installation and retrofitting, combining beauty, energy efficiency, and lasting value.",site scrape,YES,,https://wyndoorco.com/ | https://wyndoorco.com/portfolio-category/windows/ | https://wyndoorco.com/services/
The Window Source of Miami Yes,https://windowsourcemiami.com/?utm_campaign=gmb,windowsourcemiami.com,+1 754-254-0150,"3708 NW 16th St, Lauderhill, FL 33311, United States",5,28,YES,commercial storefront glazing; installs/replaces windows; named window styles; replacement windows; window product line; window replacement/installation; windows & doors,False,Replacement Window Company - Impact Window and Door Services window replacement Door Replacement Commercial Projects Partition Wall Our Work Service Area See Our Work About Us Offers 754,site scrape,YES,,https://www.windowsourcemiami.com/ | https://www.windowsourcemiami.com/main-services/window-replacement | https://www.windowsourcemiami.com/main-services/door-replacement | https://www.windowsourcemiami.com/main-services/commercial-projects
Tex Land Construction LLC Yes,https://www.texlandconstruction.com/siding/siding-replacement-austin-tx/?utm_source=google&utm_medium=organic&ut%20m_campaign=gbp,texlandconstruction.com,+1 512-910-7852,"3709 Promontory Point Dr, Austin, TX 78744, United States",4.9,93,YES,installs/replaces windows; window product line; window replacement/installation,False,terior and Interior Home Painting Roof Replacement & Repairs Siding Replacement & Repairs Window Replacement Deck and Patio Cover Construction Foundation Repair Bathroom Remodeling See Our Work – Au,site scrape,YES,,https://www.texlandconstruction.com/ | https://www.texlandconstruction.com/post/best-energy-efficient-windows-texas | https://www.texlandconstruction.com/windows | https://www.texlandconstruction.com/services
Bangor Window Works Yes,https://hometrendyquote.com/,hometrendyquote.com,+1 254-489-8666,"3712 S Malcolm X Blvd, Dallas, TX 75215, United States",0,0,YES,installs/replaces windows; named window styles; replacement windows; window product line; window replacement/installation; windows & doors,False,â Home Trendy Quote gave me a fair estimate and delivered top-quality window replacements.,site scrape,YES,YES,https://hometrendyquote.com/ | https://hometrendyquote.com/window.html | https://hometrendyquote.com/electrical.html
VZ auto glass Yes,https://www.facebook.com/share/1BuZmxvmHM/,facebook.com,+1 469-279-6262,"3717 Woodbury Rd, Balch Springs, TX 75180, United States",5,150,YES,Stocks windows and provides framing and installation services including window and door installations,False,"Oak Cliff Building Materials services page: 'Their extensive inventory includes lumber, sheathing, roofing products, windows, and more. They also provide professional framing and installation services, including window and door installations'; sells 'to contractors, builders and homeowners'",web research (site unreachable),UNREACHABLE,,
Renuity Home Improvement of South Florida Yes,https://renuityhome.com/florida/fort-lauderdale-fl/?utm_source=gmb&utm_medium=Yext&y_source=1_NjY1MDE4ODgtNzE1LWxvY2F0aW9uLndlYnNpdGU%3D,renuityhome.com,+1 954-932-4667,"3801 SW 30th Ave, Fort Lauderdale, FL 33312, United States",4.5,3962,YES,installs/replaces windows; insulated glass unit work; named window styles; replacement windows; window product line; window replacement/installation,False,"on October 1, 2026 at 04:00 AM Offer expires: 0 d 0 h 0 m 0 s Take 70% OFF Labor for New Window Installations plus 12 months, no interest,no or low monthly payments claim offer Doors First impressio",site scrape,YES,,https://renuityhome.com/ | https://renuityhome.com/windows/ | https://renuityhome.com/windows/awnings/ | https://renuityhome.com/windows/bow/
Window Nation Austin Yes,https://www.windownation.com/locations/texas/san-marcos?utm_code=CMP-08802-Y8W8G&utm_source=google&utm_medium=organic&utm_content=GMB_showroom,windownation.com,+1 512-360-0899,"3813A Helios Way, Pflugerville, TX 78660, United States",4.6,168,YES,Replacement windows and doors with professional installation; national installer with Grand Prairie showroom,False,"'Grand Prairie, Texas Home Window Replacement Experts' — windownation.com/locations/texas/grand-prairie/; location page '2940 N Hwy 360 #300, Grand Prairie, TX 75050... (972) 332-5412', 'top-rated products, expert installation'",web research (site unreachable),UNREACHABLE,,
Panoramic Doors - Austin Yes,https://panoramicdoors.com/showrooms/austin-tx/,panoramicdoors.com,+1 210-239-7576,"3913 Todd Ln Ste 303, Austin, TX 78744, United States",3.8,6,YES,insulated glass unit work; pane glazing work; window product line,False,"rgy-saving performance. LEARN MORE Absolute Vinyl Door Perfectly Matching Your Vision and Vinyl Windows With the same clean design and modern beauty as our Signature Aluminum Doors, the Absolut",site scrape,YES,,https://panoramicdoors.com/ | https://panoramicdoors.com/stacking-windows/ | https://panoramicdoors.com/residential-solutions/ | https://panoramicdoors.com/commercial-spaces/
Shading Texas Yes,https://www.shadingtexas.com/?utm_source=localfx&utm_medium=organic&utm_campaign=gbp,shadingtexas.com,+1 512-264-1500,"3913 Todd Ln Suite 312, Austin, TX 78744, United States",5,144,YES,insulated glass unit work; named window styles,False,"e Patio Shades Our patio sun shades in Austin & San Antonio come in a wide variety of configurations to complement any home, and we’ll be happy to help you find a style selected to ma",site scrape,YES,,https://www.shadingtexas.com/ | https://www.shadingtexas.com/products/ | https://www.shadingtexas.com/products/sun-shades/ | https://www.shadingtexas.com/products/solar-shades/
City Sign Services Inc Yes,https://www.citysignservices.com/,citysignservices.com,+1 469-923-2091,"3914 Elm St, Dallas, TX 75226, United States",4.9,43,YES,commercial storefront glazing,False,"Quote-Signs Request Quote-Mobile Crane Services Serving Area Recent Blog Posts Why Every Storefront Needs a Professional Business Sign May 26, 2026 A professional business sign maximizes br",site scrape,YES,,https://www.citysignservices.com/ | https://www.citysignservices.com/sign-services | https://www.citysignservices.com/sign-installation | https://www.citysignservices.com/request-quote-mobile-crane-services
Optic-Kleer Auto Glass Yes,https://www.optic-kleer.com/southaustin,optic-kleer.com,+1 832-740-3695,"3994 US-290, Dripping Springs, TX 78620, United States",5,111,YES,building glass replacement; installs/replaces windows; replacement windows,True,View Service Door Motor and Regulator Replacement Windows not going up and down?,site scrape,YES,,https://optickleer.com/ | https://optickleer.com/fleet-commercial-vehicle-glass-replacement/ | https://optickleer.com/windshield-replacement/ | https://optickleer.com/sunroof-repair-replacement/
Town & Country Industries Yes,https://www.tc-alum.com/location/fort-lauderdale-FL-33309-2144/,tc-alum.com,+1 954-970-9999,"400 W McNab Rd, Fort Lauderdale, FL 33309, United States",4.3,97,YES,installs/replaces windows; replacement windows; window replacement/installation; windows & doors,False,"Solutions Sign-In Search Search Replacement Windows Home » Windows & Doors » Replacement Windows Replacement windows are an excellent upgrade for any home, offering a fresh new look and enhanced fun",site scrape,YES,,https://www.abcsupplyoutdoorsolutions.com/ | https://www.abcsupplyoutdoorsolutions.com/product/windows-doors/replacement-windows/ | https://www.abcsupplyoutdoorsolutions.com/product/windows-doors/new-construction-windows/ | https://www.abcsupplyoutdoorsolutions.com/product/windows-doors/
Noble Windows and Doors Yes,https://noblewindowsanddoors.com/window-installation-phoenix-arizona/,noblewindowsanddoors.com,+1 623-810-3460,"4001 E Broadway Rd Unit B-11, Phoenix, AZ 85040, United States",5,118,YES,installs/replaces windows; insulated glass unit work; named window styles; replacement windows; window product line; window replacement/installation; windows & doors,False,Door Installation Pivot Door Installation Wood Clad Exterior Door Barn Door Installation Windows Aluminum Window Installation Replacement Windows Energy Efficient Window Installation Window And Door Installation Vin,site scrape,YES,,https://noblewindowsanddoors.com/ | https://noblewindowsanddoors.com/windows/aluminum-windows/ | https://noblewindowsanddoors.com/window-replacement-phoenix-az/ | https://noblewindowsanddoors.com/windows/energy-efficient-windows/
Universal Door Repair Yes,https://universaldoorrepair.co/,universaldoorrepair.co,+1 214-529-3594,"4001 N Westmoreland Rd, Dallas, TX 75212, United States",5,0,YES,commercial storefront glazing; window replacement/installation,False,529-3594 Menu Menu DALLAS TEXAS COMMERCIAL DOOR REPAIR EMERGENCY COMMERCIAL DOOR REPAIR & WINDOW REPLACEMENT SERVICES Request a Free Inspection OUR SERVICES & REPAIRS Aluminum & Glass Storefront Aut,site scrape,YES,,https://universaldoorrepair.co/ | https://universaldoorrepair.co/dallas-door-repair-services/
Highline Building Supplies | Windows | Doors | Flooring | Roofing | Kitchen | Builders Source | Commercial Doors | Trims Yes,https://www.highlinesupplies.com/?utm_source=google&utm_medium=gbp&utm_campaign=business_profile,highlinesupplies.com,+1 214-718-0488,"4002 W Miller Rd STE# 100 & 120, Garland, TX 75041, United States",4.9,871,YES,insulated glass unit work; named window styles; window product line; windows & doors,False,aluminum windows — which should I choose?,site scrape,YES,,https://www.highlinesupplies.com | https://www.highlinesupplies.com/shop/category/windows-51 | https://www.highlinesupplies.com/shop/category/windows-51?category=51&search=&order=&attribute_value=223-864 | https://www.highlinesupplies.com/shop/category/windows-51?category=51&search=&order=&attribute_value=223-863
Discount Electronics - North Austin Yes,https://www.discountelectronics.com/,discountelectronics.com,+1 512-983-9989,"4005 W Parmer Ln, Austin, TX 78727, United States",4.7,2295,YES,insulated glass unit work,False,"Clearance stock is what’s on hand and nothing more — once a configuration sells out, it’s gone.",site scrape,YES,,https://discountelectronics.com/ | https://discountelectronics.com/brands/apple
Heritage Handyman LLC Yes,http://www.heritagehandyman.co/,heritagehandyman.co,+1 512-373-8686,"401 Woodward St, Austin, TX 78704, United States",5,49,YES,insulated glass unit work; window replacement/installation,False,"Get quote Doors & Windows Door repairs, locksets, hinges, thresholds, weatherstripping, screens, shades, and blinds.",site scrape,YES,,https://heritagehandyman.co/ | https://heritagehandyman.co/services/doors-windows | https://heritagehandyman.co/services
CG&S Design-Build Yes,http://www.cgsdb.com/,cgsdb.com,+1 512-444-1580,"402 Corral Ln, Austin, TX 78745, United States",4.8,58,YES,insulated glass unit work,False,to: Exterior design Outdoor living Garage apartments Second story additions Layout reconfiguration Home additions Exterior Design For all the remodeling work that gets done inside a,site scrape,YES,,https://www.cgsdb.com/ | https://www.cgsdb.com/services | https://www.cgsdb.com/services/renovation | https://www.cgsdb.com/services/architecture
MIW Roofing Yes,https://miwroofing.com/,miwroofing.com,+1 954-634-3838,"404 NE 38th St, Oakland Park, FL 33334, United States",5,404,YES,window product line; window replacement/installation; windows & doors,False,"MIW Roofing & Windows offers flexible financing options for roofing, window repairs, and new installations.",site scrape,YES,,https://miwroofing.com/ | https://miwroofing.com/services/impact-windows/ | https://miwroofing.com/wp-content/uploads/impact-window-installation-florida-miw-roofing-project-gallery-2.jpg | https://miwroofing.com/services/
Keenan Window & Door Yes,https://www.keenanwindow.com/,keenanwindow.com,+1 954-563-4900,"4050 NE 5th Terrace, Oakland Park, FL 33334, United States",4.7,82,YES,installs/replaces windows; replacement windows; window product line; window replacement/installation; windows & doors,False,dows Front Entry Doors Sliding Glass Doors & French Doors Commercial Window & Door Impact Windows Window Replacement Gallery Reviews About Why Choose Us?,site scrape,YES,,https://www.keenanwindow.com/ | https://www.keenanwindow.com/commercial-window-and-door | https://www.keenanwindow.com/window-replacement | https://www.keenanwindow.com/hurricane-windows
Fonte Windows And Doors Yes,http://fonteimpactwindows.com/,fonteimpactwindows.com,+1 954-900-2344,"4076 NE 8th Ave, Oakland Park, FL 33334, United States",4.9,74,YES,installs/replaces windows; insulated glass unit work; named window styles; window product line; window replacement/installation; windows & doors,False,"and impact doors in Broward, Palm Beach, and Miami-Dade counties. We specialize in expert window and door installation for residential homes, commercial buildings, and condominium properties, delivering super",site scrape,YES,,https://www.fonteimpactwindows.com/ | https://www.fonteimpactwindows.com/impact-windows/ | https://www.fonteimpactwindows.com/wp-content/uploads/2019/09/impact-windows-2.jpg
Adams Exteriors Yes,http://www.adamsexteriors.com/homewindowguy/,adamsexteriors.com,+1 214-349-7283,"410 S Willomet Ave, Dallas, TX 75208, United States",5,2,YES,installs/replaces windows; replacement windows; window replacement/installation,False,From energy-efficient replacement windows to roof repairs / replacements and all other exterior repairs.,site scrape,YES,,https://www.adamsexteriors.com/
Portella Steel Doors & Windows - Austin Yes,https://portella.com/,portella.com,+1 512-263-8851,"4111 Todd Ln Ste 1000, Austin, TX 78744, United States",4.1,9,YES,commercial storefront glazing; named window styles; window product line; windows & doors,False,ces Hardware Finishes Glass Steel Series Steel Doors Steel Windows Wood Series Wood Doors Wood Windows Aluminium Series Aluminum Doors Aluminum Windows Details and CAD Files CEU Courses NFRC R,site scrape,YES,,https://portella.com/ | https://portella.com/products/steel-windows/ | https://portella.com/products/wood-windows/ | https://portella.com/products/aluminum-windows/
Warner Roofing & Restoration Yes,https://www.warnerroofdog.com/,warnerroofdog.com,+1 815-877-7663,"417 S Winnebago St, Rockford, IL 61102, United States",4.8,222,YES,insulated glass unit work; pane glazing work; window product line; window replacement/installation,False,"Windows Energy-efficient window installations for a brighter, modern home.",site scrape,YES,,https://www.warnerroofdog.com/ | https://www.warnerroofdog.com/windows | https://www.warnerroofdog.com/residential-roofing | https://www.warnerroofdog.com/commercial-roofing
Eurotech Windows Yes,http://etiwindows.com/,etiwindows.com,+1 954-630-9967,"4201 NE 12th Terrace, Oakland Park, FL 33334, United States",4.6,56,YES,window product line; windows & doors,False,EuroTech Industries | Hurricane Impact Windows & Doors,site scrape,YES,,https://www.etiwindows.com/
BUENAVISTA WINDOWS Yes,https://www.buenavistawindows.net/,buenavistawindows.net,+1 469-805-8098,"4215 McEwen Rd, Dallas, TX 75244, United States",4.9,8,YES,insulated glass unit work; named window styles; pane glazing work; window product line; window replacement/installation,False,"en Rd Farmers Branch, TX 75244 469-805-8098 Socials Sitemap bottom of page Vinyl Custom Windows Replacement Series, Windows Supplier Dallas - BuenaVista Windows top of page Home Windows B-21 Series",site scrape,YES,,https://www.buenavistawindows.net/ | https://www.buenavistawindows.net/windows | https://www.buenavistawindows.net/b21series
Binswanger Glass Yes,https://www.binswangerglass.com/branch/dallas-tx-4222-harry-hines-blvd/,binswangerglass.com,+1 214-520-6583,"4222 Harry Hines Blvd, Dallas, TX 75219, United States",3.9,87,YES,building glass replacement; commercial storefront glazing; installs/replaces windows; insulated glass unit work; pane glazing work; reglazing; replacement windows; window replacement/installation,False,ion Request a Quote See Our Case Studies Residential Glass Residential Glass Shower Doors Window Glass Repair and Replacement Custom Mirrors Custom Glass Table Tops & Replacement Custom Glass Shelves,site scrape,YES,,https://www.binswangerglass.com/ | https://www.binswangerglass.com/residential-glass/windows-glass-repair-replacement/ | https://www.binswangerglass.com/commercial-glass/transaction-windows/ | https://www.binswangerglass.com/window-retrofits/
Performance Windows Dallas Yes,http://goperformancewindows.com/,goperformancewindows.com,+1 817-803-5965,"4225 Wingren Dr Ste 215, Irving, TX 75062, United States",4.8,300,YES,installs/replaces windows; named window styles; replacement windows; window product line; window replacement/installation,False,Window Replacement & Installation | Performance Windows Skip to content Contact Us For Our Holiday Sale Toda,site scrape,YES,,https://goperformancewindows.com/ | https://goperformancewindows.com/our-work | https://goperformancewindows.com/contact
G1 Window Tinting at Xspace Yes,http://www.g1windowtinting.com/,g1windowtinting.com,+1 512-789-5068,"4229 Ranch Rd 620 N Ste 128, Austin, TX 78734, United States",5,147,YES,commercial storefront glazing; installs/replaces windows; insulated glass unit work; pane glazing work,True,Does tinting a Rivian or Lucid glass roof void the manufacturer warranty? Professionally installed window film generally does not void your vehicle's factory warranty — a manufacturer would have,site scrape,YES,,https://www.g1windowtinting.com/
Vico Windows Inc Yes,http://www.vicowindows.com/,vicowindows.com,+1 954-563-5686,"4275 NE 6th Ave, Oakland Park, FL 33334, United States",4.3,61,YES,window in name + review describes window work,False,,name/review keywords,UNREACHABLE,,
Steiner Ranch Siding Experts Yes,https://steinerranchsidingexperts.com/,steinerranchsidingexperts.com,+1 512-580-8084,"4300 N Quinlan Park Rd #105, Austin, TX 78732, United States",5,2,YES,installs/replaces windows; insulated glass unit work; named window styles; replacement windows; window replacement/installation; windows & doors,False,"ce and help reduce long-term material deterioration caused by intense Texas sun exposure. Window Installation Services Windows play an important role in indoor comfort, energy efficiency, natural lig",site scrape,YES,,https://steinerranchsidingexperts.com/ | https://steinerranchsidingexperts.com/services/siding-installation-northwest-austin-tx/ | https://steinerranchsidingexperts.com/services/siding-replacement-northwest-austin-tx/ | https://steinerranchsidingexperts.com/services/
Pella Window and Door Office/Warehouse of Rockford Yes,https://www.pella.com/locations/chicago/?utm_source=organic&utm_medium=web&utm_campaign=gbp,pella.com,,"4301 11th St, Rockford, IL 61109, United States",4.6,728,YES,installs/replaces windows; insulated glass unit work; named window styles; pane glazing work; replacement windows; window product line; window replacement/installation; windows & doors,False,ow Inspiration By Color By Style By Room By Shape All Window Inspiration Window Resources Window Education Window Replacement Before & After Projects Ratings & Reviews Features & Options Window DIY Doors keyboard_ar,site scrape,YES,,https://www.pella.com/ | https://www.pella.com/ideas/windows/replacement/window-installation-what-to-expect/ | https://www.pella.com/ideas/windows/replacement/shopping-for-replacement-windows/ | https://www.pella.com/ideas/windows/replacement/
The Shutter Store of Florida Inc Yes,http://shutterstoreonline.com/,shutterstoreonline.com,+1 954-932-2352,"4308 NE 5th Terrace, Oakland Park, FL 33334, United States",4.4,67,YES,pane glazing work; window product line; window replacement/installation; windows & doors,False,How long does impact window installation take?,site scrape,YES,,https://www.shutterstoreonline.com/ | https://www.shutterstoreonline.com/impact-windows | https://www.shutterstoreonline.com/impact-window-installation-pompano-beach | https://www.shutterstoreonline.com/impact-window-installation-ft-lauderdale
Silverback Windows Yes,https://www.silverbackwindows.com/,silverbackwindows.com,+1 469-388-5175,"4329 McKinney Ave #19, Dallas, TX 75205, United States",5,48,YES,installs/replaces windows; replacement windows; window product line; window replacement/installation,False,Home | M&B Remodeling top of page Home Contact Black Windows Replacement Windows Sliding Glass Doors More Use tab to navigate through the menu items.,site scrape,YES,,https://www.silverbackwindows.com/ | https://www.silverbackwindows.com/replacement-windows | https://www.silverbackwindows.com/black-windows | https://www.silverbackwindows.com/sliding-glass-doors
Amazing Exteriors Yes,http://amazingexteriors.com/locations/dallas/,amazingexteriors.com,+1 817-761-4113,"4343 Sigma Rd Suite 100, Farmers Branch, TX 75244, United States",4.6,244,YES,installs/replaces windows; insulated glass unit work; named window styles; replacement windows; window product line; window replacement/installation; windows & doors,False,pe Windows Marvin Insert Windows Infinity Marvin Windows Why Fiberglass Windows? Guide to Window Replacement Energy Efficiency Siding James Hardie Siding Vinyl Siding Doors Infinity by Marvin Patio,site scrape,YES,,https://amazingexteriors.com/ | https://amazingexteriors.com/windows/fiberglass-replacement-windows/ | https://amazingexteriors.com/windows/window-guide/ | https://amazingexteriors.com/windows/marvin-windows/
Glass USA Yes,http://www.glassusainc.com/,glassusainc.com,+1 954-561-9216,"4372 NE 11th Ave, Oakland Park, FL 33334, United States",4.6,66,YES,broken window glass; building glass replacement; commercial storefront glazing; installs/replaces windows; insulated glass unit work; replacement windows; window replacement/installation,False,"Ave, Oakland Park, FL 33334 Call us today! 954-561-9216 Home Glass Repair and Replacement Window Glass Repair Patio Door Repairs Impact Glass Replacement Sliding Glass Door Repair Storefront Solution",site scrape,YES,,https://www.glassusainc.com/ | https://www.glassusainc.com/glass-replacement-store | https://www.glassusainc.com/glass-installation-store | https://www.glassusainc.com/custom-glass-and-accessories
WindowCraft Inc Yes,https://www.windowcraft.biz/,windowcraft.biz,+1 214-358-7110,"4412 W Lovers Ln, Dallas, TX 75209, United States",4.5,10,YES,commercial storefront glazing; installs/replaces windows; insulated glass unit work; named window styles; window product line; window replacement/installation; windows & doors,False,"ovider of custom windows and doors in Dallas, offering high-quality window and door installations for custom builders, architects, designers, remodeling contractors, and homeowners.",site scrape,YES,,https://windowcraftinc.com/ | https://windowcraftinc.com/windows/ | https://windowcraftinc.com/window-material/ | https://windowcraftinc.com/custom-windows-doors-in-westlake-tx/
Window Depot USA of Dallas Yes,https://windowdepotdallas.com/,windowdepotdallas.com,+1 214-399-9592,"4425 W Airport Fwy Ste 119, Irving, TX 75062, United States",4.8,205,YES,installs/replaces windows; insulated glass unit work; named window styles; pane glazing work; replacement windows; window product line; window replacement/installation; windows & doors,False,"-07-30 05:53:41 The Hidden Cost of Buying Cheap Replacement Windows in Dallas, Texas When Window Repair Is No Longer an Option in Dallas, Texas https://windowdepotdallas.",site scrape,YES,,https://windowdepotdallas.com/ | https://windowdepotdallas.com/windows/bay-bow-windows | https://windowdepotdallas.com/windows/casement-windows | https://windowdepotdallas.com/windows/double-hung-windows
Builders FirstSource Yes,https://www.bldr.com/contact/request-quote?utm_source=yext&utm_medium=listing&utm_campaign=requestquote&utm_content=AUSTTXYD,bldr.com,+1 512-444-3172,"4501 Burleson Rd, Austin, TX 78744, United States",2.9,104,YES,installs/replaces windows; window product line; window replacement/installation; windows & doors,False,"Reliable Service Count on competitive pricing, jobsite-ready deliveries, and skilled window replacement and installation if you need it.",site scrape,YES,,https://www.bldr.com/ | https://www.bldr.com/products/windows | https://www.bldr.com/services/window-door-specialists | https://www.bldr.com/services/installation
Honest View Windows Yes,https://honestviewwindows.com/,honestviewwindows.com,+1 480-550-1195,"4539 N 22nd St #4554, Phoenix, AZ 85016, United States",5,65,YES,window replacement/installation,False,Honest View Windows | Phoenix Window Replacements,site scrape,YES,,https://honestviewwindows.com/
Maverick Windows Yes,http://www.maverickwindows.com/,maverickwindows.com,+1 214-302-8541,"4552 Beltway Dr, Addison, TX 75001, United States",4.8,820,YES,installs/replaces windows; replacement windows; window product line; window replacement/installation; windows & doors,True,31 info@maverickwindows.com Free Estimate → About Us News Contact Us Careers 0 Items Home Windows Window Replacement Energy Efficient Windows Black Windows Alside Windows Andersen Windows NT Windows MI Wind,site scrape,YES,,https://maverickwindows.com/ | https://maverickwindows.com/window-replacement/ | https://maverickwindows.com/window-replacement-dallas/ | https://maverickwindows.com/window-replacement-houston/
Green Contractors FL Yes,https://www.greencontractorsfl.com/,greencontractorsfl.com,+1 786-519-0391,"4624 Hollywood Blvd #203, Hollywood, FL 33021, United States",5,46,YES,installs/replaces windows; insulated glass unit work; named window styles; pane glazing work; window product line; window replacement/installation; windows & doors,False,"ling Bathroom Remodeling Financing About Testimonials Contact Schedule Appointment IMPACT WINDOWS INSTALLATION We are a family-owned window and door replacement company, focused on eco-friendly, energ",site scrape,YES,,https://greencontractorsfl.com/ | https://greencontractorsfl.com/our-services/window-installation-service/ | https://greencontractorsfl.com/our-services/casement-window-installation-replacement/ | https://greencontractorsfl.com/our-services/storm-window-installation-replacement/
Vista Windows & Doors Yes,http://www.vistawd.com/,vistawd.com,+1 512-927-9011,"4715 S Lamar Blvd #101B, Sunset Valley, TX 78745, United States",3.6,10,YES,windows & doors,False,Transparency Experience Knowledge Our team of window and door experts is committed to providing an unparalleled client experience.,site scrape,YES,,https://www.vistawd.com/
Champion Glass Inc Yes,https://champion-glass.net/,champion-glass.net,+1 954-564-3435,"4720 NW 15th Ave #4A, Fort Lauderdale, FL 33309, United States",5,9,YES,commercial storefront glazing; insulated glass unit work; window product line; window replacement/installation,False,Once for simple repairs and another time for complete window replacement on our building.,site scrape,YES,,https://champion-glass.net/ | https://champion-glass.net/products/ | https://champion-glass.net/services/
New View Roofing Yes,https://newviewroofing.com/?utm_source=google&utm_medium=organic&utm_campaign=gmb,newviewroofing.com,+1 469-966-1196,"4722 Gaston Ave, Dallas, TX 75246, United States",4.9,698,YES,installs/replaces windows; named window styles; pane glazing work; window product line; window replacement/installation,False,allation Free Roof Inspection Roof Inspections for Home Buyers & Sellers Roof Maintenance Window Installation and Repair Commercial & Industrial Close Commercial & Industrial Open Commercial & Industrial Commer,site scrape,YES,,https://newviewroofing.com/ | https://newviewroofing.com/residential/window-installation/ | https://newviewroofing.com/commercial-industrial/roof-replacement/ | https://newviewroofing.com/residential/exterior-renovation-service/
Advanced Glass Industries Yes,http://advancedglassind.com/,advancedglassind.com,+1 954-588-1858,"4750 N Dixie Hwy #7, Fort Lauderdale, FL 33334, United States",5,171,YES,commercial storefront glazing; pane glazing work,False,"Design collaboration Shop drawings, physical samples and mock-ups before a single panel is fabricated.",site scrape,YES,,https://advancedglassind.com/ | https://advancedglassind.com/exclusive-services | https://advancedglassind.com/glass-entrances
Dr Impact Co Yes,https://www.drimpactco.com/,drimpactco.com,+1 954-508-2616,"4754 NE 12th Ave, Oakland Park, FL 33334, United States",5,132,YES,named window styles; window product line; window replacement/installation; windows & doors,False,"0, 2025 Impact Windows & Doors (Broward County Florida) Why Dr Impact Co Excels in Impact Window and Door Installations in Broward, Florida At Dr Impact Co, we pride ourselves on being Broward’s top choice fo",site scrape,YES,,https://drimpactco.com/ | https://drimpactco.com/services/impactwindowsdoors/ | https://drimpactco.com/2025/09/18/covert-your-screened-patio-with-acrylic-windows-making-a-weather-resistant-sunroom/ | https://drimpactco.com/2025/02/20/impact-windows-doors-broward-county-florida/
All Window & Door Repairs Inc Yes,https://impactshieldwindows.com/?utm_source=omg-gbp&utm_medium=webclick,impactshieldwindows.com,+1 954-400-1736,"4768 NE 12th Ave, Oakland Park, FL 33334, United States",4.8,421,YES,name states window installation/replacement/doors,False,,name/review keywords,UNKNOWN,,https://impactshieldwindows.com/
Glasshouse Yes,http://glasshouseproducts.com/?utm_source=google&utm_medium=Yext,glasshouseproducts.com,+1 214-761-1100,"4811 Lakawana St, Dallas, TX 75247, United States",4.3,6,YES,commercial storefront glazing; windows & doors,False,Featured Architectural Glass View Product Storefront Glazing View Product Seamless Glass Windows and Doors View Product Butt-glazed Glass View Product Steel Framed Glass View Product Glass Railing,site scrape,YES,,https://glasshouseproducts.com/ | https://glasshouseproducts.com/products/glass/ | https://glasshouseproducts.com/products/art-glass/ | https://glasshouseproducts.com/products/architectural-glass/
ABC Supply Co. Inc. Yes,https://www.abcsupply.com/locations/location?BranchNumber=041,abcsupply.com,+1 214-630-3940,"4833 Singleton Blvd, Dallas, TX 75212, United States",4.2,154,YES,installs/replaces windows; replacement windows; window replacement/installation; windows & doors,False,& Doors » Windows Windows ABC Supply is a wholesale distributor of both new construction windows and replacement windows.,site scrape,YES,,https://www.abcsupply.com/ | https://www.abcsupply.com/products/windows-doors/windows/ | https://www.abcsupply.com/products/windows-doors/ | https://www.abcsupply.com/products/windows-doors/entrance-doors/
Gatsby Glass of East Dallas Yes,https://www.gatsbyglass.com/east-dallas-tx/,gatsbyglass.com,+1 972-430-4390,"4845 Vicksburg St ste 100a, Dallas, TX 75207, United States",5,14,YES,"Residential glass repair and window replacement (incl. foggy/failed units), plus commercial glass and shower/mirror work",False,"gatsbyglass.com/east-dallas-tx/glass-services/ 'Glass Services in Dallas, TX' — services include residential glass repair, window replacement, shower glass, mirrors; Google review: 'windows at my house were getting more and more foggy... Gatsby charged $1,200 and did a great job with the installatio",web research (site unreachable),UNREACHABLE,,
All Impact Renovations Windows & Doors Yes,https://www.allimpactrenovations.com/,allimpactrenovations.com,+1 954-655-1527,"4866 NE 12th Ave, Oakland Park, FL 33334, United States",4.9,41,YES,named window styles; window product line; windows & doors,False,"Hurricane Resistant Impact Windows & Doors: Broward, FL Home Products Single Hung Windows Casement Windows Fixed Windows Sli",site scrape,YES,,https://www.allimpactrenovations.com/ | https://www.allimpactrenovations.com/single-hung-windows | https://www.allimpactrenovations.com/casement-windows | https://www.allimpactrenovations.com/fixed-windows
Star Customs Yes,https://www.starcustoms.com/,starcustoms.com,+1 512-280-2604,"4905 Commercial Park Dr, Austin, TX 78724, United States",4.5,63,YES,insulated glass unit work,False,The guys were very helpful in figuring out what we needed and answered all our questions about bedcovers (there were many!,site scrape,YES,,https://www.starcustoms.com/ | https://www.starcustoms.com/commercial-products | https://www.starcustoms.com/products
Cerv Property Solutions Austin Yes,https://www.cervpropertysolutions.com/?utm_source=google&utm_medium=organic&utm_campaign=gbp-austin,cervpropertysolutions.com,+1 737-286-9704,"4930 S Congress Ave #303C, Austin, TX 78745, United States",4.9,1250,YES,pane glazing work,False,REPORTED Single-pane visibility across the portfolio.,site scrape,LIKELY,,https://www.cervpropertysolutions.com/ | https://www.cervpropertysolutions.com/services-2 | https://www.cervpropertysolutions.com/services/landscape | https://www.cervpropertysolutions.com/services/janitorial
OMEGA GARAGE DOOR INC Yes,https://www.omegadoorsandwindows.com/,omegadoorsandwindows.com,+1 954-416-3020,"4972 SW 35th Terrace, Fort Lauderdale, FL 33312, United States",4.6,66,YES,commercial storefront glazing; installs/replaces windows; insulated glass unit work; named window styles; replacement windows; window product line; window replacement/installation; windows & doors,False,Door & Window Repair Experts in South Florida | Same-Day Service | Omega Doors Home About FAQ Services Service,site scrape,YES,,https://www.omegadoorsandwindows.com/ | https://www.omegadoorsandwindows.com/impact-resistant-doors | https://www.omegadoorsandwindows.com/impact-windows | https://www.omegadoorsandwindows.com/window-screen-replacement
Energy Window Solutions Yes,https://energywindowsolutions.com/,energywindowsolutions.com,+1 972-746-8195,"5000 Esquire Estates Rd, Mabank, TX 75156, United States",4.9,105,YES,installs/replaces windows; insulated glass unit work; named window styles; pane glazing work; replacement windows; window product line; window replacement/installation; windows & doors,False,Window Replacement & Installation Services in Texas - Energy Window Solutions Special financing available.,site scrape,YES,,https://energywindowsolutions.com/ | https://energywindowsolutions.com/windows/rehau-windows/ | https://energywindowsolutions.com/windows/triple-pane-windows/ | https://energywindowsolutions.com/windows/slimline-windows/
ProTex Remodeling Windows - Doors - Siding Yes,https://www.protexremodeling.com/,protexremodeling.com,+1 817-422-0552,"5001 FM1187 Ste 150, Burleson, TX 76028, United States",5,150,YES,installs/replaces windows; named window styles; pane glazing work; replacement windows; window product line; window replacement/installation; windows & doors,False,"Response from the owner: Walter, Thank you for trusting ProTex Remodeling with your window replacement project in Ft Worth, Texas.",site scrape,YES,,https://protexremodeling.com/ | https://protexremodeling.com/2025/07/18/5-ways-replacement-windows-save-you-money-true-costs-payback-and-benefits-for-texas-homeowners/ | https://protexremodeling.com/service-areas/window-replacement-arlington-texas/ | https://protexremodeling.com/service-areas/window-replacement-bedford-texas/
My Glass Shower Yes,https://myglassshower.com/,myglassshower.com,+1 954-707-0227,"511 SW 6th St, Fort Lauderdale, FL 33315, United States",4.9,108,YES,commercial storefront glazing; insulated glass unit work,False,"Custom-fabricated LED mirrors with backlit, front-lit and designed strip configurations—made to order and professionally installed.",site scrape,YES,,https://myglassshower.com/ | https://myglassshower.com/design-glass | https://myglassshower.com/service-areas | https://myglassshower.com/shower-glass
Avana Windows & Doors Yes,https://www.avanawindows.com/,avanawindows.com,+1 954-902-7815,"515 E Las Olas Blvd Suite 120, Fort Lauderdale, FL 33301, United States",4.9,11,YES,name states window installation/replacement/doors,False,,name/review keywords,UNKNOWN,,https://avanawindows.com/
Protech Sliding Door Repair Yes,https://www.protechslidingdoors.com/?utm_campaign=gmb,protechslidingdoors.com,+1 954-595-4460,"5369 SW 32nd Ave, Fort Lauderdale, FL 33312, United States",5,221,YES,installs/replaces windows; insulated glass unit work; named window styles; replacement windows; window replacement/installation,False,Retractable Awnings Retractable Screens Screens Doors Windows Screens Sliding Door Repair Window Repair Screen Enclosure All Type of Screen Repair Motorized Screens Repair Retractable Screens R,site scrape,YES,,https://protechslidingdoors.com/ | https://protechslidingdoors.com/windows-screens/ | https://protechslidingdoors.com/window-repair/ | https://protechslidingdoors.com/window-screens-repair/
Ameriglass & Mirror A Division of Rockford Auto Glass Yes,https://www.rockfordglass.com/,rockfordglass.com,+1 815-226-0560,"5401 E State St, Rockford, IL 61108, United States",3.4,5,YES,building glass replacement; commercial storefront glazing; installs/replaces windows; insulated glass unit work; pane glazing work; replacement windows; window product line; window replacement/installation; windows & doors,True,Phantom Shower Doors PRIVA-TECH Printed Privacy Shields Shower Door Brochures Residential Window Repair and Glass Replacement Thermal Pane Glass Replacement Window Frame Repair Window Glass Rep,site scrape,YES,,https://www.rockfordglass.com/ | https://www.rockfordglass.com/window-repair-glass-replacement | https://www.rockfordglass.com/window-glass-replacement | https://www.rockfordglass.com/window-screen-installation
Rockford Glass Yes,https://www.rockfordglass.com/,rockfordglass.com,+1 815-426-1162,"5401 E State St, Rockford, IL 61108, United States",4.3,152,YES,building glass replacement; commercial storefront glazing; installs/replaces windows; insulated glass unit work; pane glazing work; replacement windows; window product line; window replacement/installation; windows & doors,True,Phantom Shower Doors PRIVA-TECH Printed Privacy Shields Shower Door Brochures Residential Window Repair and Glass Replacement Thermal Pane Glass Replacement Window Frame Repair Window Glass Rep,site scrape,YES,,https://www.rockfordglass.com/ | https://www.rockfordglass.com/window-repair-glass-replacement | https://www.rockfordglass.com/window-glass-replacement | https://www.rockfordglass.com/window-screen-installation
Rockford Siding and Windows LLC Yes,http://rockford-siding.com/,rockford-siding.com,+1 815-214-9390,"5441 Forest Hills Ct, Loves Park, IL 61111, United States",4.4,83,YES,installs/replaces windows; replacement windows; window product line; window replacement/installation,False,"Windows For quality window installation you trust in Rockford, IL.",site scrape,YES,,https://www.rockford-siding.com/ | https://www.rockford-siding.com/window-installation
Handyman Connection of Austin-Westlake Yes,https://handymanconnection.com/austin-westlake/?utm_source=gbp&utm_medium=organic&utm_campaign=GBP-Website-Link,handymanconnection.com,+1 512-418-0800,"5450 Bee Caves Rd Ste 5c, Austin, TX 78746, United States",4.8,185,YES,installs/replaces windows; replacement windows; window replacement/installation,False,"ing installation Adding pet doors and storm doors Complete cabinet repairs or replacement Window installation or replacement Custom Carpentry Solutions Tailored to Your Home Every home is unique, which is why we of",site scrape,YES,,https://handymanconnection.com/ | https://handymanconnection.com/services/deck-repair-and-installation/ | https://handymanconnection.com/services/carpentry-services/ | https://handymanconnection.com/services/maintenance-installations/
Windows of Austin Yes,https://windowsofaustin.com/,windowsofaustin.com,+1 512-954-2100,"5524 Bee Caves Rd Ste B-3, Austin, TX 78746, United States",5,3,YES,windows & doors,False,Windows of Austin | Window & Door Installation Austin TX,site scrape,YES,,https://windowsofaustin.com/
Maison Janneau Yes,https://www.maison-janneau.com/,maison-janneau.com,+1 512-356-9276,"5555 N Lamar Blvd Suite L-125, Austin, TX 78751, United States",5,6,YES,installs/replaces windows; named window styles; replacement windows; window product line; windows & doors,False,steel windows are suitable for both new construction and timeless renovations – including replacement windows for properties with historic preservation requirements.,site scrape,YES,,https://www.maison-janneau.com/ | https://www.maison-janneau.com/window-maintenance-guide/ | https://www.maison-janneau.com/wood-windows/ | https://www.maison-janneau.com/steel-windows/
Reformed Roofing & Contracting Yes,http://www.reformed-roofing.com/,reformed-roofing.com,+1 972-946-1775,"5639 Dyer St Ste 200, Dallas, TX 75206, United States",5,73,YES,Energy-efficient window and door replacement,False,"reformed-roofing.com — ""a trusted name in residential and commercial roofing, siding, and energy-efficient window and door replacements""; described as ""Heart of Dallas roofing, siding, window experts"".",web research (site unreachable),UNREACHABLE,,
AM Gutter Services Yes,https://www.amgutterservices.com/,amgutterservices.com,+1 214-980-4366,"5641 SMU Boulevard #106, Dallas, TX 75206, United States",5,257,YES,installs/replaces windows; window replacement/installation,False,utter Downspouts Gutter Installation Other Services Roof Installation Siding Installation Window Installation Fence Installation Power Washing Business Hours Monday to Friday 7:00 am – 7:00 pm Saturday 8:00 am – 7:00 p,site scrape,YES,,https://amgutterservices.com/ | https://amgutterservices.com/services/window-installation | https://amgutterservices.com/services/gutter-installation | https://amgutterservices.com/services/gutter-replacement
AM Roofing Company Yes,https://amroofingcompany.com/?utm_source=Google_Maps&utm_medium=Website_Link-Click&utm_campaign=Google_Maps_Visits,amroofingcompany.com,+1 214-980-4366,"5641 SMU Boulevard #106, Dallas, TX 75206, United States",4.9,39,YES,"Window installation offered alongside roofing, gutters, siding, soffit & fascia",False,"Nextdoor/business listing for AM Roofing Company Dallas: 'roof repairs, installations, inspections, and gutter cleaning and installation... siding installation and window installation'; own site amroofingcompany.com lists /services/ pages for roofing and gutters",web research (site unreachable),UNREACHABLE,,
Radiant Windows & Glass Yes,https://www.radiantwindowsglass.com/?utm_source=gmb&utm_medium=organic&utm_campaign=Maps,radiantwindowsglass.com,+1 469-727-9745,"5730 Martel Ave #118, Dallas, TX 75206, United States",5,21,YES,broken window glass; installs/replaces windows; insulated glass unit work; pane glazing work; replacement windows; window product line; window replacement/installation,False,Professional Window Replacement Company In Southlake Skip to content Call Us (817) 565-3652 FREE ESTIMATE Main Menu Home,site scrape,YES,,https://www.radiantwindowsglass.com/ | https://www.radiantwindowsglass.com/service/window-replacement/ | https://www.radiantwindowsglass.com/service/glass-replacement/ | https://www.radiantwindowsglass.com/service/fogged-window-replacement/
JC GLASS & WINDOWS Yes,https://jcglass-windows.carrd.co/,jcglass-windows.carrd.co,+1 214-531-5904,"5738 Preston View Blvd, Dallas, TX 75240, United States",5,7,YES,insulated glass unit work; window product line; window replacement/installation,False,Glass Repair and Window Installation JC GLASS & WINDOWS Residential Contact Â· Joel Celis +1 (469) 661-5944 [email protected],site scrape,YES,,https://jcglass-windows.carrd.co/
Optimal Windows Yes,https://www.optimalwindows.com/?utm_source=google_business_profile&utm_medium=organic,optimalwindows.com,+1 972-768-1999,"5760 Legacy Dr b3366, Plano, TX 75024, United States",5,51,YES,installs/replaces windows; insulated glass unit work; named window styles; pane glazing work; replacement windows; window product line; window replacement/installation; windows & doors,False,Plano Window Replacement | FGIA Certified | Optimal Windows Skip to content CALL: (972) 768-1999 Windows Energy Ef,site scrape,YES,,https://www.optimalwindows.com/ | https://www.optimalwindows.com/window-replacement/ | https://www.optimalwindows.com/window-installation/ | https://www.optimalwindows.com/dallas-window-replacement-buyers-guide/
Energy One Windows of Dallas/Ft. Worth Yes,https://energyonewindows.com/,energyonewindows.com,+1 972-719-7801,"580 Decker Dr #125, Irving, TX 75062, United States",5,208,YES,installs/replaces windows; named window styles; pane glazing work; replacement windows; window product line; window replacement/installation,False,", NV 89120 View Now RALEIGH, NC 202 New Edition Ct Cary, NC 27511 View Now HOW ENERGY ONE WINDOW INSTALLATION WORKS Step 1.",site scrape,YES,,https://energyonewindows.com/ | https://energyonewindows.com/products/ | https://energyonewindows.com/service-request/ | https://energyonewindows.com/styles/
Tri-Supply - Austin Yes,https://trisupplyhome.com/,trisupplyhome.com,+1 512-916-9354,"5811 Trade Center Dr Building 7, Suite 100, Austin, TX 78744, United States",4.5,351,YES,insulated glass unit work; named window styles; window product line; windows & doors,False,Key Considerations for Building and Designing Multifamily Outdoor Living Spaces Read More Energy Efficient Windows for Texas Climates Read More View All Appliances Bathrooms Hardware Interior & Exterior D,site scrape,YES,,https://www.tri-supply.com/ | https://www.tri-supply.com/collections/category/windows | https://www.tri-supply.com/tips-and-trends?category=Windows | https://www.tri-supply.com/tips-and-trends/energy-efficient-windows-for-texas-climates
Window World of Austin Yes,https://www.windowworldaustin.com/,windowworldaustin.com,+1 512-383-1222,"5812 Trade Center Dr #300, Austin, TX 78744, United States",4.8,353,YES,installs/replaces windows; insulated glass unit work; named window styles; replacement windows; window product line; window replacement/installation; windows & doors,False,Window Replacement Company in Texas | Window World of Austin Skip to main content Service Areas Blog Reviews,site scrape,YES,,https://www.windowworldaustin.com/ | https://www.windowworldaustin.com/windows/installation/ | https://www.windowworldaustin.com/windows/picture-windows/ | https://www.windowworldaustin.com/service-areas/
Stephen Thomas Construction Yes,http://www.stcatx.com/,stcatx.com,+1 512-702-2267,"5900 Southwest Pkwy ste 5-520, Austin, TX 78735, United States",5,36,YES,commercial storefront glazing,False," Commercial From national chains to local family shops, partner with us to get your storefront up and running on time and on budget.",site scrape,YES,,https://stcatx.com/ | https://stcatx.com/commercial/
American Door Company Yes,https://www.americandoor.biz/,americandoor.biz,+1 754-345-8246,"595 Prospect Rd, Oakland Park, FL 33309, United States",3.6,56,YES,commercial storefront glazing; named window styles; window product line; window replacement/installation; windows & doors,False,andles Door Hinges Door Levers Window & Door Installation Impact Door Installation Impact Window Installation Door Permitting Impact Doors French Doors Pivot Entry Doors Pocket Doors Sliding Glass Do,site scrape,YES,,https://www.americandoor.biz/ | https://www.americandoor.biz/impact-window-installation | https://www.americandoor.biz/door-installation | https://www.americandoor.biz/impact-windows
Window World of Dallas-Fort Worth Yes,https://www.windowworlddfw.com/,windowworlddfw.com,+1 972-623-9993,"600 N Coit Rd Ste 2052, Richardson, TX 75080, United States",4.7,789,YES,installs/replaces windows; insulated glass unit work; named window styles; replacement windows; window product line; window replacement/installation; windows & doors,False,Window Replacement Company in Texas | Window World of Dallas Skip to main content Browse This Month’s Exclus,site scrape,YES,,https://www.windowworlddfw.com/ | https://www.windowworlddfw.com/commercial-services/ | https://www.windowworlddfw.com/windows/installation/ | https://www.windowworlddfw.com/windows/picture-windows/
Windowman of South Florida Yes,http://windowmanflorida.com/,windowmanflorida.com,+1 954-946-1553,"6001 Powerline Rd Ste A, Fort Lauderdale, FL 33309, United States",3.5,22,YES,window in name + review describes window work,False,,name/review keywords,UNREACHABLE,,
Florida Aluminum Products Yes,https://fapaluminum.com/,fapaluminum.com,+1 954-773-2898,"6001 Powerline Rd, Fort Lauderdale, FL 33309, United States",4.2,5,YES,windows & doors,False,Florida Aluminum Products | Wholesale Windows & Doors Supplier FL 0 Skip to Content Contact Us Products News Dealer Portal Open Menu Close Menu,site scrape,YES,,https://www.fapaluminum.com/ | https://www.fapaluminum.com/products
Window World of Rockford Yes,https://www.windowworldrockford.com/,windowworldrockford.com,+1 815-395-1333,"6010 Forest Hills Rd, Loves Park, IL 61111, United States",4.7,426,YES,installs/replaces windows; named window styles; replacement windows; window product line; window replacement/installation,False,Window Replacement Company in Illinois | Window World of Rockford Skip to main content Service Areas Blog Re,site scrape,YES,,https://www.windowworldrockford.com/ | https://www.windowworldrockford.com/windows/installation/ | https://www.windowworldrockford.com/windows/egress-windows/ | https://www.windowworldrockford.com/service-areas/
Martin Exteriors Roofing & Siding Yes,https://martinexteriors.com/,martinexteriors.com,+1 815-209-9054,"6019 Fincham Dr Ste 4, Rockford, IL 61108, United States",4.6,55,YES,installs/replaces windows; insulated glass unit work; named window styles; pane glazing work; replacement windows; window product line; window replacement/installation,False,nancing Options Roof Repair Roof Inspection Metal Roofing Asphalt Shingle Roofing Gutters Window Replacement Hail Damage Repair Wind Damage Repair TPO/Flat Commercial Emergency Roof Repair Free Insp,site scrape,YES,,https://martinexteriors.com/ | https://martinexteriors.com/services/window-replacement/ | https://martinexteriors.com/services/residential-roofing/ | https://martinexteriors.com/services/commercial-roofing/
Lynn Floyd Architectural Millwork Yes,https://lynnfloyd.com/,lynnfloyd.com,+1 972-335-1199,"6025 Owens St, Dallas, TX 75235, United States",5,404,YES,named window styles,False,st a Custom Window Custom Windows Custom Windows Window with drapery pocket Custom Window Casement Window Casement Window Window 7 Ornate Muntin Window 3 Window 5 Window 2 Window 6 Window,site scrape,LIKELY,,https://lynnfloyd.com/ | https://lynnfloyd.com/windows/
Dream Builders Construction Yes,https://www.bestglassflorida.com/?utm_source=google&utm_medium=wix_google_business_profile&utm_campaign=3795594895127369423,bestglassflorida.com,+1 754-257-0379,"6099 Stirling Rd Ste 103, Davie, FL 33314, United States",5,24,YES,window product line; window replacement/installation; windows & doors,False,"ons, offering top-tier products and expert installation. Our services include: ​ ✔ Impact Window and Door Installation We provide precise installation of high-quality impact windows and doors that offer super",site scrape,YES,,https://www.bestglassflorida.com/ | https://www.bestglassflorida.com/services | https://www.bestglassflorida.com/about
American Window Systems (A Window Inc.) Yes,https://www.americanwindowsystems.com/,americanwindowsystems.com,+1 817-654-9050,"6201 Dowdell Rd Unit c, Fort Worth, TX 76119, United States",4.1,67,YES,installs/replaces windows; insulated glass unit work; named window styles; pane glazing work; replacement windows; window product line; window replacement/installation,False,"rochures Knowledge Center Home Owners Guide ABOUT US Best Replacement Window Fort Worth - Window Installation Arlington - New Windows Denton Serving Dallas, Fort Worth, Arlington and more in the DFW",site scrape,YES,,https://www.americanwindowsystems.com/ | https://www.americanwindowsystems.com/window-installation.html | https://www.americanwindowsystems.com/window-sl3.html | https://www.americanwindowsystems.com/window-comparison.html
Omega Glass & Mirror Co Yes,http://omegaglassdallas.com/,omegaglassdallas.com,+1 214-821-8283,"6212 Mercedes Ave, Dallas, TX 75214, United States",4.7,37,YES,insulated glass unit work,False,ass and Mirror Services | DallasâFort Worth metroplex. Windows & Plate Glass Commercial Insulated Glass Door Repair Bevel & Glass Tops Tempered Safety Glass Store Fronts Door Glass Mirrors Welc,site scrape,YES,,https://omegaglassdallas.com/
NexGen Contracting Yes,https://www.nexgencontracting.com/,nexgencontracting.com,+1 815-756-0557,"6260 E Riverside Blvd Ste 225, Loves Park, IL 61111, United States",5,30,YES,installs/replaces windows; replacement windows; window product line; window replacement/installation,False,"ofing License # 104.019326 NexGen Contracting LLC.© 2024 All Rights Reserved. Share by: Window Replacement Services | NexGen Contracting LLC | Belvidere, IL Roofing Siding Windows Storm Damage Con",site scrape,YES,,https://www.nexgencontracting.com/ | https://www.nexgencontracting.com/Local-Window-Replacement-Company-Belvidere-Illinois
1st Home & Commercial Services Yes,https://www.1sthomeandcommercialservices.com/,1sthomeandcommercialservices.com,+1 512-282-7787,"630 Ralph Ablanedo Dr Bldg 1, Austin, TX 78748, United States",4.8,830,YES,windows & doors,False,Keeping windows and doors sealed to limit pollen and dust from entering your home.,site scrape,YES,,https://www.1sthomeandcommercialservices.com/ | https://www.1sthomeandcommercialservices.com/plumbing/gas-line-repair-replacement | https://www.1sthomeandcommercialservices.com/drains-sewers/sewer-line-replacement | https://www.1sthomeandcommercialservices.com/hvac/ac-replacement
Austin Glass & Mirror Inc Yes,http://www.austinglass.com/,austinglass.com,+1 512-928-9999,"6308 Decker Ln # A, Austin, TX 78724, United States",4.3,11,YES,commercial storefront glazing,False,"Austin Glass & Mirror, Inc. | Commercial Glazing Contractor | Austin Texas top of page HOME ABOUT PROJECTS SERVICES DESIGN ASSIST DRAFTING",site scrape,YES,,https://www.austinglass.com/ | https://www.austinglass.com/glass-replacements-gallery | https://www.austinglass.com/services
Ace Discount Glass & Door Yes,https://www.quickglassservice.com/,quickglassservice.com,+1 512-345-3105,"6308 Spicewood Springs Rd, Austin, TX 78759, United States",4.5,436,YES,broken window glass; building glass replacement; commercial storefront glazing; installs/replaces windows; pane glazing work; replacement windows; window replacement/installation; windows & doors,True,se Search Call Now Menu Auto Windshield Replacement Windshield Glass Chip Repair Car Door Window Repair Sunroof Repair & Window Trim Replacement Window Regulator Repair Liquidation Windshields Residential Hom,site scrape,YES,,https://www.quickglassservice.com/ | https://www.quickglassservice.com/home-window-repair-replacement-austin-tx/ | https://www.quickglassservice.com/car-window-repair-replacement-austin-tx/ | https://www.quickglassservice.com/double-paned-glass-windows-doors/
Regency Steel Doors and Windows Yes,https://doorsbyregency.com/,doorsbyregency.com,+1 512-964-6879,"6405 Aden Ln, Austin, TX 78739, United States",4.8,29,YES,commercial storefront glazing,False,"l front doors Energy-efficient steel windows Modern iron railings Garage doors Commercial storefront solutions Our products are crafted to enhance the aesthetic appeal, security, and functio",site scrape,YES,,https://doorsbyregency.com/ | https://doorsbyregency.com/steel-windows | https://doorsbyregency.com/glass-options
EuroCraft Exteriors Yes,http://www.eurocraftexteriors.com/,eurocraftexteriors.com,+1 512-657-6900,"6410 Johanne Ct, Austin, TX 78750, United States",5,42,YES,named window styles; window product line; window replacement/installation,False,"energy efficiency, and overall appearance At EuroCraft Exteriors, we provide professional window installation and replacement services throughout Austin, TX.",site scrape,YES,,https://eurocraftexteriors.com/ | https://eurocraftexteriors.com/windows
BlueCyclone Window A/C Services Yes,https://www.facebook.com/BlueCyclone-Handyman-Services-110902136913763/,facebook.com,+1 214-228-4363,"6423 S R L Thornton Fwy, Dallas, TX 75232, United States",3.6,5,YES,Stocks windows and provides framing and installation services including window and door installations,False,"Oak Cliff Building Materials services page: 'Their extensive inventory includes lumber, sheathing, roofing products, windows, and more. They also provide professional framing and installation services, including window and door installations'; sells 'to contractors, builders and homeowners'",web research (site unreachable),UNREACHABLE,,
Mr. Electric of Austin Yes,https://mrelectric.com/austin/?cid=LSTL_MRE000196&utm_source=gmb&utm_campaign=local&utm_medium=organic,mrelectric.com,+1 512-298-5153,"6448 US-290 Unit A-103, Austin, TX 78723, United States",4.8,492,YES,insulated glass unit work; window product line,False,Tell us where you’re located *Indicates a required field Find Nearest Location(opens in a new window) Choose a nearby location.,site scrape,YES,,https://mrelectric.com/ | https://mrelectric.com/residential/circuit-installation-service/subpanel-installation-service | https://mrelectric.com/residential/electric-vehicles/ev-charger-installation-replacement | https://mrelectric.com/commercial/circuit-installation-service/subpanel-installation-service
JVR Impact Windows & Doors Yes,https://www.jvrwindows.com/,jvrwindows.com,+1 954-902-4418,"650 NE 44th St, Oakland Park, FL 33334, United States",4.6,211,YES,named window styles; window product line; window replacement/installation; windows & doors,False,ws Picture Windows Project-Out Awning Windows Single-Hung Windows Hurricane Windows Storm Windows Window Repairs Properties Serviced Commercial Properties Condominiums Residential Homes Gallery Residen,site scrape,YES,,https://www.jvrwindows.com/ | https://www.jvrwindows.com/sliding-glass-doors | https://www.jvrwindows.com/impact-windows | https://www.jvrwindows.com/architectural-design-windows
Austin Residential Window Replacement Yes,https://austinresidentialwindowreplacement.com/,austinresidentialwindowreplacement.com,+1 512-379-6857,"6500 River Pl Blvd Building 7C, Austin, TX 78730, United States",0,0,YES,name states window installation/replacement/doors,False,,name/review keywords,UNKNOWN,,https://austinresidentialwindowreplacement.com/
Window Depot USA of Austin TX Yes,https://windowdepotaustin.com/,windowdepotaustin.com,+1 512-201-6447,"6514 McNeil Dr Ste 1-100, Austin, TX 78729, United States",4.2,17,YES,installs/replaces windows; insulated glass unit work; named window styles; pane glazing work; replacement windows; window product line; window replacement/installation; windows & doors,False,ed when so many others have come and gone. Learn More About Our History America’s Trusted Window Replacement Experts Windows Vinyl | Composite | Wood Entry Doors Fiberglass | Steel Patio Doors Slidi,site scrape,YES,,https://windowdepotusa.com | https://windowdepotusa.com/how-replacement-windows-are-installed-a-homeowners-guide-to-professional-installation/ | https://windowdepotusa.com/when-window-repair-is-no-longer-an-option-signs-you-need-window-replacement/ | https://windowdepotusa.com/our-products/windows/triple-pane-windows/
King's Window Services LLC Yes,https://www.kingswindowservices.com/?utm_medium=organic&utm_source=google&utm_campaign=gbp,kingswindowservices.com,+1 817-512-5714,"6515 Smithfield Rd c, North Richland Hills, TX 76182, United States",4.9,166,YES,installs/replaces windows; insulated glass unit work; named window styles; pane glazing work; replacement windows; window product line; window replacement/installation,False,"rvices in North Richland Hills, TX | King's Window Services Skip to content Home Services Window Replacement Glass Replacement Frameless Shower Enclosures Mirrors Window Screens & Accessories About FAQ Reviews Galler",site scrape,YES,,https://www.kingswindowservices.com/ | https://www.kingswindowservices.com/window-replacement/ | https://www.kingswindowservices.com/glass-replacement/ | https://www.kingswindowservices.com/window-screens-and-accessories/
Lone Star Glass and Aluminum Yes,https://lonestarglassandaluminum.com/,lonestarglassandaluminum.com,+1 972-748-9481,"6526 Maryibel Cir, Dallas, TX 75237, United States",4.6,14,YES,commercial storefront glazing; installs/replaces windows; insulated glass unit work; named window styles; pane glazing work; reglazing; replacement windows; window product line; window replacement/installation,False,"Home | Plano Window Installation, Window Replacement and Glass Replacement (972) 748-9481 Menu Home About Service Areas Se",site scrape,YES,,https://lonestarglassandaluminum.com/ | https://lonestarglassandaluminum.com/commercial-window-replacement/ | https://lonestarglassandaluminum.com/residential-window-replacement/ | https://lonestarglassandaluminum.com/replacement-glass/
ACP Construction & ECO-Energy Inc. Yes,https://acpconstructioninc.com/,acpconstructioninc.com,+1 561-232-2560,"6555 Powerline Rd #208, Fort Lauderdale, FL 33309, United States",4.7,46,YES,commercial storefront glazing; installs/replaces windows; named window styles; window product line; window replacement/installation; windows & doors,False,"Impact window installation offers extra security, durability, strength, and we provide custom options.",site scrape,YES,,https://acpconstructioninc.com/ | https://acpconstructioninc.com/impact-windows-doors-florida-acp-construction/ | https://acpconstructioninc.com/roofing-services-acp-construction/
Metroplex Door Repair LLC Yes,http://metroplexdoorrepair.llc/,metroplexdoorrepair.llc,+1 469-328-6628,"6611 Lockheed Ave, Dallas, TX 75209, United States",4.6,36,YES,commercial storefront glazing; window replacement/installation,False,lutions delivered Commercial and residential project proof Residential Glass High-rise window glass replacement Balcony glass and window panel replacement handled carefully on-site.,site scrape,YES,,https://metroplexdoorrepair.llc/
Austin Sliding Door and Window Repair Yes,https://austinslidingdoorrepair.com/,austinslidingdoorrepair.com,+1 512-621-5542,"6705 US-290 #502-278, Austin, TX 78735, United States",4.7,43,YES,commercial storefront glazing; named window styles; window product line; window replacement/installation,False,Home - Austin Sliding Door and Window Repair - AUSTIN TX Skip to content Give Us A Call Today!,site scrape,YES,,https://austinslidingdoorrepair.com/ | https://austinslidingdoorrepair.com/window-repair/ | https://austinslidingdoorrepair.com/about-austin-sliding-door-and-window-repair/ | https://austinslidingdoorrepair.com/sliding-door-window-repair-austin/
GM Door Window and Screen Yes,https://www.gmdoorwindowandscreen.com/?utm_source=NEXT&utm_medium=Google_website,gmdoorwindowandscreen.com,+1 954-797-0797,"6761 W Sunrise Blvd Unit 7, Plantation, FL 33313, United States",4.2,138,YES,installs/replaces windows; insulated glass unit work; named window styles; window product line; window replacement/installation; windows & doors,False,"m’s association office to install Windows and Doors? If the unit owner is responsible for window or door replacement, they will need written approval to replace their entrance doors, windows, and sliding gl",site scrape,YES,,https://www.gmdoorwindowandscreen.com | https://www.gmdoorwindowandscreen.com/since-1968-gm-door-window-and-screen-impact-windows-doors/ | https://www.gmdoorwindowandscreen.com/impact-windows/
Surface Specialists of Austin Yes,http://www.surfacespecialistsaustin.com/,surfacespecialistsaustin.com,+1 512-865-9516,"6808 Branrust Dr, Austin, TX 78744, United States",5,132,YES,window product line; window replacement/installation,False,/ Showers / Countertops About Repair Bathtub Repair Shower Repair Countertop Repair Vinyl Window Repair Refinish Bathtub Refinishing Shower Refinishing Countertop Resurfacing Tile Refinishing S,site scrape,YES,,https://surfacespecialistsaustin.com/ | https://surfacespecialistsaustin.com/vinyl-window-repair-in-austin | https://surfacespecialistsaustin.com/shower-repair-services-in-austin/ | https://surfacespecialistsaustin.com/?page_id=51(opens%20in%20a%20new%20tab)
LV Design & Build Yes,https://lvbuild.com/,lvbuild.com,+1 512-669-8838,"6901 Villita Cove, Austin, TX 78741, United States",4.9,36,YES,insulated glass unit work,False,LV Build and Design handles everything from interior reconfigurations to full home updates.,site scrape,YES,,https://lvbuild.com/ | https://lvbuild.com/services/ | https://lvbuild.com/austin-outdoor-living-services/ | https://lvbuild.com/custom-residential-framing/
Austin Glass & Doors Yes,https://austin-glass.ueniweb.com/?utm_campaign=gmb,austin-glass.ueniweb.com,+1 512-618-1305,"6903 Granger Dr, Austin, TX 78744, United States",2.3,233,YES,commercial storefront glazing,False,Austin Glass & Doors | Glazier in Austin About Us Amenities Services Location Opening Hours Contact Us Share : About Us,site scrape,YES,,https://austin-glass.ueniweb.com/ | https://austin-glass.ueniweb.com/services/glass-services/windows-26137064 | https://austin-glass.ueniweb.com/services/glass-services/mirrors-26137065 | https://austin-glass.ueniweb.com/services/glass-services/herculite-doors-26137066
Final Draft Construction Yes,http://finaldc.com/,finaldc.com,+1 512-559-7777,"6905 Beauford Dr, Austin, TX 78750, United States",5,105,YES,windows & doors,False,"CALL NOW Windows & Doors Premium Solutions Contact Us Austin, Texas Info@Finaldc.",site scrape,YES,,https://www.finaldc.com/ | https://www.finaldc.com/our-services
JCAB Enterprises - Impact Windows & Doors Yes,https://jcabinc.com/,jcabinc.com,+1 954-288-4798,"700 NE 40th Ct, Oakland Park, FL 33334, United States",4.9,70,YES,named window styles; window product line; window replacement/installation; windows & doors,False,"Enterprises. All Rights Reserved. Privacy Policy Sitemap Accessibility Statement Impact Window Installation, Miami-Dade, FL | JCAB Enterprises Skip to Content 954-247-8925 menu Impact Windows Impac",site scrape,YES,,https://www.jcabinc.com/ | https://www.jcabinc.com/impact-windows/ | https://www.jcabinc.com/accordion-shutters/ | https://www.jcabinc.com/impact-doors/
Foggy Window Repair Yes,https://www.foggywindowrepair.com/,foggywindowrepair.com,+1 972-693-6449,"700 Redbird Dr, Irving, TX 75061, United States",4.4,149,YES,installs/replaces windows; insulated glass unit work; named window styles; pane glazing work; replacement windows; window product line; window replacement/installation,False,Best Rated Foggy Window Repair Dallas TX Home > Services Foggy Window Repair Full Window Replacement Window Cleaning Sho,site scrape,YES,,https://foggywindowrepair.com/ | https://foggywindowrepair.com/window-glass-replacement | https://foggywindowrepair.com/full-window-replacement | https://foggywindowrepair.com/window-cleaning
Austin Window and Door Yes,https://austinwindowanddoor.com/,austinwindowanddoor.com,+1 844-578-3096,"701 Tillery St, Austin, TX 78702, United States",4.2,5,YES,name states window installation/replacement/doors,False,,name/review keywords,UNKNOWN,,https://austinwindowanddoor.com/
LOA Construction and Austin Roofing Yes,https://www.loaconstruction.com/austin/?utm_campaign=gmb&utm_medium=organic&utm_source=gmblisting,loaconstruction.com,+1 512-375-3654,"706 W Ben White Blvd Ste 200B, Austin, TX 78704, United States",5,991,YES,commercial storefront glazing; installs/replaces windows; named window styles; pane glazing work; replacement windows; window product line; window replacement/installation,False,uction • Siding & Let our general contractors be your Austin-based company for siding and window installation and contracting services.,site scrape,YES,,https://www.loaconstruction.com/ | https://www.loaconstruction.com/general-construction/siding-and-windows/ | https://www.loaconstruction.com/roof-services/residential-roofing/ | https://www.loaconstruction.com/commercial-roofing/commercial-roofing-portfolio/
Alamo Glass Yes,https://www.alamoaustin.com/,alamoaustin.com,+1 512-452-5731,"7123 N Lamar Blvd, Austin, TX 78752, United States",4.7,326,YES,building glass replacement; commercial storefront glazing; insulated glass unit work; pane glazing work; window product line; window replacement/installation,False,"day 8:00 am – 4:30 pm Sat – Sun Closed © 2025 Alamo Glass | Sitemap | Privacy Share by: Window Glass Replacement in Austin TX | Fast, Affordable Window Glass Repair Home Residential Window Glass Door Gl",site scrape,YES,,https://www.alamoaustin.com/ | https://www.alamoaustin.com/window-glass | https://www.alamoaustin.com/commercial-glass-repair | https://www.alamoaustin.com/commercial-glass
Midwest Seamless Gutters and Siding Yes,https://www.midwestseamlessguttersandsiding.com/,midwestseamlessguttersandsiding.com,+1 815-708-8113,"7194 Vandiver Rd, Rockford, IL 61112, United States",4.7,306,YES,commercial storefront glazing; installs/replaces windows; replacement windows; window product line; window replacement/installation,False,"older_footer_reserve5}} {{placeholder_footer_reserve6}} {{placeholder_footer_reserve7}} Window Installation and Repair Services | Rockford, IL Request an Estimate , ""When Your Home's In Need Of A Makeover, Ca",site scrape,YES,,https://www.midwestseamlessguttersandsiding.com/ | https://www.midwestseamlessguttersandsiding.com/windows | https://www.midwestseamlessguttersandsiding.com/gutters-our-services | https://www.midwestseamlessguttersandsiding.com/why-september-and-october-are-the-perfect-months-to-install-alu-rex-doublepro-gutter-leaf-guards-in-rockford-il
Apex Windows & Glass Yes,https://apexwindowstx.com/,apexwindowstx.com,+1 214-263-3008,"7200 W University Dr, McKinney, TX 75071, United States",5,61,YES,broken window glass; building glass replacement; commercial storefront glazing; insulated glass unit work; named window styles; pane glazing work; window product line; window replacement/installation,False,Window Replacement in Dallas-Fort Worth | Apex Windows ✦ Home Services About Areas We Serve Near Me Blog Gal,site scrape,YES,,https://apexwindowstx.com/ | https://apexwindowstx.com/services/commercial-glass | https://apexwindowstx.com/services/residential-windows | https://apexwindowstx.com/services/foggy-glass-repair
JDM Sliding Door & Window Repair Yes,https://slidingdoorrepairft.com/broward,slidingdoorrepairft.com,+1 954-689-2155,"721 NE 3rd Ave, Fort Lauderdale, FL 33304, United States",4.9,617,YES,commercial storefront glazing; installs/replaces windows; insulated glass unit work; named window styles; pane glazing work; replacement windows; window product line; window replacement/installation; windows & doors,False,tomatic Door Repair Storefront Door Repair ADA Door Repair Window & Glass Services Impact Window Installation Leaking Door & Window Repair View All Services Locations Florida Miami-Dade County Browar,site scrape,YES,,https://slidingdoorrepairft.com/ | https://slidingdoorrepairft.com/service/impact-window-installation/ | https://slidingdoorrepairft.com/service/leaking-door-and-window-repair/ | https://slidingdoorrepairft.com/service/commercial-door-services/
Radio Window Co. Yes,https://radiowindow.com/,radiowindow.com,+1 888-265-8205,"7210 E State St Ste 102, Rockford, IL 61108, United States",5,2,YES,installs/replaces windows; insulated glass unit work; named window styles; window product line,False,"e Missouri Ozarks — with a specialty in identifying and restoring roll-form aluminum-clad wood window systems, from the Queen City of the Ozarks south to the Branson and Table Rock Lake corri",site scrape,YES,,https://radiowindow.com/ | https://radiowindow.com/services/window-product-identification | https://radiowindow.com/services/window-system-evaluation | https://radiowindow.com/services/historical-window-identification
Surface Solutions - Commercial Window Cleaning Services Yes,https://surfacesolutionstx.com/,surfacesolutionstx.com,+1 512-926-7000,"7212 McNeil Dr Ste 205, Austin, TX 78729, United States",5,502,YES,commercial storefront glazing,False,Effective Acid Etch Graffiti Removal for Storefront Glass Graffiti can detract from the appeal of your storefront.,site scrape,YES,,https://surfacesolutionstx.com/ | https://surfacesolutionstx.com/glass-restoration/ | https://surfacesolutionstx.com/high-rise-window-cleaning/ | https://surfacesolutionstx.com/glass-restoration-service/
Elevate Windows Yes,https://www.goelevatewindows.com/,goelevatewindows.com,+1 480-934-0840,"7301 N 16th St Ste 102, Phoenix, AZ 85020, United States",4.9,94,YES,installs/replaces windows; named window styles; pane glazing work; replacement windows; window product line; window replacement/installation; windows & doors,False,we’re more than just another window company. Elevate your home with the leading choice in window replacements – we take pride in being the number one company that not only enhances your view but ele,site scrape,YES,,https://www.goelevatewindows.com/ | https://www.goelevatewindows.com/products | https://www.goelevatewindows.com/services
Sliding Door Repair Dallas Yes,https://slidingdoorsrepairdallas.com/,slidingdoorsrepairdallas.com,+1 346-353-2018,"7315 Gaston Ave, Dallas, TX 75214, United States",5,7,YES,window replacement/installation,False,placement Pocket Door Repair Screen Door Repair Glass Door Replacement Pocket Door Repair Window Installation Glass Door Replacement Glass Door Replacement Glass Door Replacement Glass Door Replaceme,site scrape,YES,,https://slidingdoorsrepairdallas.com/
Mr. Handyman of South Austin/Lakeway Yes,https://www.mrhandyman.com/south-austin-lakeway/?cid=LSTL_MHM000197&utm_source=gmb&utm_campaign=local&utm_medium=organic,mrhandyman.com,+1 512-456-3443,"7509 Menchaca Rd Unit 104, Austin, TX 78745, United States",4.9,264,YES,commercial storefront glazing; installs/replaces windows; named window styles; pane glazing work; replacement windows; window product line; window replacement/installation; windows & doors,False,stallation and Replacement Exhaust Fan Cleaning Exterior Repair Gutter Guard Installation Window Frame Repair Window and Door Weatherproofing Chimney Repair and Service Debris Removal Gutter Installa,site scrape,YES,,https://www.mrhandyman.com/ | https://www.mrhandyman.com/residential/windows-and-doors/window-and-door-services/other-windows-and-doors-services/ | https://www.mrhandyman.com/residential/windows-and-doors/window-and-door-services/ | https://www.mrhandyman.com/handyman-services/windows/window-repair/
Affluent Contractors Yes,http://www.affluentcontractors.com/,affluentcontractors.com,+1 512-299-0102,"7600 Chevy Chase Dr Bldg 2 suite 300, Austin, TX 78752, United States",3.9,14,YES,named window styles; window product line; window replacement/installation; windows & doors,False,xtdoor Copyright © 2018- 2026 Affluent Contractors | All Rights Reserved Privacy Policy Window Replacement in Texas | Affluent Contractors If your property was damaged by a hail or wind storm with,site scrape,YES,,https://affluentcontractors.com/ | https://affluentcontractors.com/service/windows/ | https://affluentcontractors.com/residential-customer/ | https://affluentcontractors.com/commercial-clients/
Arcadia Texas Inc. Yes,http://arcadiainc.com/,arcadiainc.com,+1 469-210-8245,"7601 Ambassador Row #102, Dallas, TX 75247, United States",4.4,449,YES,commercial storefront glazing; insulated glass unit work; named window styles; window product line,False,t Door Hardware Column 3 Windows Fixed – Projecting Hung Sliding Acoustic Ballistic Blast Impact Window Hardware & Accessories Column 4 Further Information Arcadia Product Brochures Request A Q,site scrape,YES,YES,https://arcadiainc.com/ | https://arcadiainc.com/products/windows/ | https://arcadiainc.com/products/steel-windows/ | https://arcadiainc.com/products/window-wall/
Amy's Home Services Yes,https://www.facebook.com/Amys-janitorial-services-1057382640944478/,facebook.com,+1 512-653-4582,"7601 Daffan Ln #125, Austin, TX 78724, United States",4.3,35,YES,Stocks windows and provides framing and installation services including window and door installations,False,"Oak Cliff Building Materials services page: 'Their extensive inventory includes lumber, sheathing, roofing products, windows, and more. They also provide professional framing and installation services, including window and door installations'; sells 'to contractors, builders and homeowners'",web research (site unreachable),UNREACHABLE,,
Arizona Window & Door Store Yes,https://azwds.com/?utm_source=google&utm_medium=organic&utm_campaign=gbp,azwds.com,+1 480-450-1953,"7625 E Redfield Rd #400, Scottsdale, AZ 85260, United States",4.9,1312,YES,name states window installation/replacement/doors,False,,name/review keywords,UNKNOWN,,https://azwds.com/
Septic Squad Yes,https://septicsquad.com/?utm_source=google&utm_medium=organic&utm_campaign=gbp,septicsquad.com,+1 737-289-4333,"7710 Rialto Blvd, Austin, TX 78735, United States",5,278,YES,insulated glass unit work,False,Domingo Rodriguez was a gentleman from his first greeting to his finishing of his job.,site scrape,YES,,https://www.septicsquad.com | https://www.septicsquad.com/septic-service-austin-texas | https://www.septicsquad.com/residential-septic-pumping | https://www.septicsquad.com/commercial-grease-trap-cleaning
Supreme Garage Door Repair Yes,https://www.supremegaragedoortx.com/,supremegaragedoortx.com,+1 214-915-0384,"7765 El Pensador Dr, Dallas, TX 75248, United States",4.9,698,YES,insulated glass unit work,False,"reventive inspections can identify loose hardware, worn rollers, cable damage, spring fatigue, poor balance, sensor problems, and opener strain before they cause a sudden breakdown.",site scrape,YES,,https://www.supremegaragedoortx.com/ | https://www.supremegaragedoortx.com/clopay-garage-doors/ | https://www.supremegaragedoortx.com/garage-door-services/ | https://www.supremegaragedoortx.com/garage-door-installation/
TJ Window & Door Repair Yes,https://tjwindowrepair.com/?utm_source=omg-gbp&utm_medium=webclick,tjwindowrepair.com,+1 954-765-6316,"784 NE 44th St, Oakland Park, FL 33334, United States",4.9,69,YES,installs/replaces windows; named window styles; window product line; window replacement/installation; windows & doors,False,"ews Contact Reliable Window & Door Services in Broward County, FL Your trusted experts in window and door installations, repairs, and glass installation.",site scrape,YES,,https://tjwindowrepair.com/ | https://tjwindowrepair.com/wp-content/uploads/2023/06/TJ-Window-Door-Repair-4-768x1024.jpg | https://tjwindowrepair.com/wp-content/uploads/2024/07/TJ-Window-hours-min-1024x768.webp | https://tjwindowrepair.com/wp-content/uploads/2023/06/TJ-Window-Door-Repair-1-768x1024.jpg
Super Car Audio and Tint Yes,http://supercaraudio.com/,supercaraudio.com,+1 214-398-8885,"7900 S Great Trinity Forest Way, Dallas, TX 75217, United States",4.8,455,YES,installs/replaces windows; window product line; window replacement/installation,True,Professional Window Tint Installation in Dallas Super Car Audio & Tint has served Dallas-area drivers for 15 years.,site scrape,YES,YES,https://supercaraudio.com/ | https://supercaraudio.com/pages/window-tint-dallas | https://supercaraudio.com/collections/budget-wiring-install-accessories | https://supercaraudio.com/pages/car-audio-installation-dallas
Clarity Windows and Doors Yes,http://www.claritywindows.com/,claritywindows.com,+1 972-393-3991,"800 Freeport Pkwy #150, Coppell, TX 75019, United States",4.9,580,YES,installs/replaces windows; insulated glass unit work; named window styles; replacement windows; window product line; window replacement/installation; windows & doors,False,Top-Quality Window and Door Replacement Services in North Texas Replacing your windows and doors is a big decision.,site scrape,YES,,https://claritywindows.com/ | https://claritywindows.com/services/replacement-windows | https://claritywindows.com/services | https://claritywindows.com/offers-and-promotions
Foster Windows and Doors Yes,https://fosterwindowsanddoors.com/,fosterwindowsanddoors.com,+1 954-566-6524,"800 NE 26th St, Wilton Manors, FL 33305, United States",3.5,17,YES,commercial storefront glazing; installs/replaces windows; named window styles; replacement windows; window product line; window replacement/installation; windows & doors,False,rst Last Email (Required) Phone (Required) Which service are you interested in (Required) Windows Installation Windows Repairs Select one or more repair services: Impact Glass Repairs Something else :) Comments CAPT,site scrape,YES,,https://fosterwindowsanddoors.com/ | https://fosterwindowsanddoors.com/professional-window-services/ | https://fosterwindowsanddoors.com/services/impact-glass-repairs/ | https://fosterwindowsanddoors.com/windows/
Glass Doctor of Fort Lauderdale Yes,https://glassdoctor.com/fort-lauderdale?cid=LSTL_MGD000191&utm_source=gmb&utm_campaign=local&utm_medium=organic,glassdoctor.com,+1 954-302-7909,"800 NE 45th St Bldg A, Oakland Park, FL 33334, United States",4.7,747,YES,broken window glass; building glass replacement; commercial storefront glazing; installs/replaces windows; insulated glass unit work; named window styles; pane glazing work; replacement windows; window product line; window replacement/installation; windows & doors,True,ss Doctor Window and Door Services Window and Door Services back Window and Door Services Window Glass Repair and Replacement Window Installation and Replacement Patio Door Installation and Repair Wi,site scrape,YES,,https://glassdoctor.com/ | https://glassdoctor.com/home-glass/window-glass | https://glassdoctor.com/home-glass/windows-doors/window-screen-installation | https://glassdoctor.com/home-window-replacement
Pella Doors and Windows of Phoenix Yes,https://www.pella.com/locations/az/phoenix/?utm_source=google&utm_medium=organic&utm_campaign=gbp,pella.com,+1 480-571-6199,"801 South 75th Avenue Ste 100, Phoenix, AZ 85043, United States",4.1,33,YES,installs/replaces windows; insulated glass unit work; named window styles; pane glazing work; replacement windows; window product line; window replacement/installation; windows & doors,False,ow Inspiration By Color By Style By Room By Shape All Window Inspiration Window Resources Window Education Window Replacement Before & After Projects Ratings & Reviews Features & Options Window DIY Doors keyboard_ar,site scrape,YES,,https://www.pella.com/ | https://www.pella.com/ideas/windows/replacement/window-installation-what-to-expect/ | https://www.pella.com/ideas/windows/replacement/shopping-for-replacement-windows/ | https://www.pella.com/ideas/windows/replacement/
Everglade Screen and Window Yes,https://evergladescreenandwindow.com/,evergladescreenandwindow.com,+1 954-371-0498,"807 NE 4th Ave, Fort Lauderdale, FL 33304, United States",4.9,101,YES,window replacement/installation,False,") 371-0498 (305) 280-7331 Email Copyright Privacy  Project Photos | Everglade Screen and Window Screen Enclosure Installation in South Florida Serving Broward county, Palm Beach county and Monroe county Services Rev",site scrape,YES,,https://evergladescreenandwindow.com/ | https://evergladescreenandwindow.com/gallery | https://evergladescreenandwindow.com/recent-projects
Pro Tech Construction Inc Yes,https://protechconst.net/,protechconst.net,+1 512-720-8303,"812 Farm to Market 1626, Austin, TX 78748, United States",4.7,83,YES,commercial storefront glazing,False,"Limewash works well on homes, storefronts, and large-scale commercial exteriors.",site scrape,YES,,https://protechconst.net/ | https://protechconst.net/service/austin-commercial-construction/ | https://protechconst.net/service/austin-design-services/ | https://protechconst.net/service/austin-general-contracting/
Texas Doors and Windows Yes,http://www.txdoorsandwindows.com/,txdoorsandwindows.com,+1 512-912-6898,"812 Tradesmens Park Loop, Hutto, TX 78634, United States",4.7,25,YES,installs/replaces windows; insulated glass unit work; replacement windows; window product line; window replacement/installation; windows & doors,False,"With our specialization in window and door replacements, we’ve built a reputation for delivering quality work at competitive prices.",site scrape,YES,,https://txdoorsandwindows.com/ | https://txdoorsandwindows.com/window-services/ | https://txdoorsandwindows.com/all-door-services/ | https://txdoorsandwindows.com/round-rock-services/
Don Young Co Yes,http://www.dycwindows.com/,dycwindows.com,+1 214-630-0934,"8181 Ambassador Row, Dallas, TX 75247, United States",4.2,60,YES,installs/replaces windows; named window styles; window product line; windows & doors,False,"For nearly 50 years, DYC has manufactured premium aluminum and vinyl windows and doors, engineered for the heat, storms, and pressure of Southern climates.",site scrape,YES,,https://www.dycwindows.com/
Valencia Remodeling and Construction Yes,http://www.valenciaremodeling.com/,valenciaremodeling.com,+1 469-656-5402,"8204 Elmbrook Dr #205, Dallas, TX 75247, United States",4.9,35,YES,window product line; windows & doors,False,""" Carolyn D Arlington, TX ""I got a great deal on new windows.",site scrape,YES,,https://www.valenciaremodeling.com/ | https://www.valenciaremodeling.com/services | https://www.valenciaremodeling.com/services/roofing-services | https://www.valenciaremodeling.com/services/kitchen-remodeling
Alside Yes,https://www.alside.com/,alside.com,+1 512-926-6249,"8301 Springdale Rd Ste 100, Austin, TX 78724, United States",4.1,28,YES,installs/replaces windows; insulated glass unit work; named window styles; replacement windows; window product line; window replacement/installation,False,tive Accents Exterior Accents Home > Products > Windows & Patio Doors > Vinyl Replacement Windows Vinyl Replacement Windows Vinyl replacement windows have emerged as a popular choice for homeowners seeking,site scrape,YES,,https://www.alside.com/ | https://www.alside.com/product-catalog/vinyl-replacement-windows/ | https://www.alside.com/product-catalog/windows-patio-doors/insulated-glass-packages-energy-star-rated-windows/ | https://www.alside.com/product-catalog/windows-patio-doors/
The Sliding Door Company Fort Lauderdale *Appointments Recommended* Yes,https://www.slidingdoorco.com/ft-lauderdale/,slidingdoorco.com,+1 954-923-7504,"850 NE 13th St A, Fort Lauderdale, FL 33304, United States",4.9,67,YES,window product line,False,ents. SUBMIT Call Now: 888.988.5033 Get a Quote BACK TO TOP LOCATIONS CATALOGS opens in a new window DESIGN YOUR OWN FINANCING Facebook-f Instagram Youtube X-twitter Linkedin-in Pinterest PR,site scrape,LIKELY,,https://www.slidingdoorco.com/ | https://www.slidingdoorco.com/service/ | https://www.slidingdoorco.com/commercial/ | https://www.slidingdoorco.com/residential/
Mr. Electric of Dallas Yes,https://www.mrelectricdallas.com/,mrelectricdallas.com,+1 469-634-0316,"8500 N Stemmons Fwy Suite #3024, Dallas, TX 75247, United States",4.8,1396,YES,insulated glass unit work,False,We don't send out technicians who need to figure things out as they go.,site scrape,YES,,https://www.mrelectricdallas.com/ | https://www.mrelectricdallas.com/commercial-service | https://www.mrelectricdallas.com/ceiling-fan-installation-repair-replacement-dallas-tx | https://www.mrelectricdallas.com/circuit-installation-and-upgrade-dallas-tx
Revive Film Solutions Yes,https://www.revivefilmsolutions.com/?utm_source=google&utm_medium=wix_google_business_profile&utm_campaign=2737260200148339736,revivefilmsolutions.com,+1 972-803-6048,"8607 Ambassador Row Ste 170a, Dallas, TX 75247, United States",5,4,YES,commercial storefront glazing,False,rformance Enhance architectural aesthetics 03 Interactive Retail Displays Create engaging storefront experiences Switch between transparent product showcases and opaque promotional displays,site scrape,YES,,https://revivefilmsolutions.com/ | https://revivefilmsolutions.com/smart-film-residential-solutions-smart-glass-technology-smart-windows/ | https://revivefilmsolutions.com/commercial-solutions-smart-glass-technolgy-in-dallas-texas/ | https://revivefilmsolutions.com/switchable-glass-technology-smart-glass-technology-smartfilm-nanofilm/
Epic Septic of Austin Yes,https://www.epicseptic.com/,epicseptic.com,+1 877-771-3742,"8626 Old Bee Caves Rd Unit A, Austin, TX 78735, United States",5,217,YES,insulated glass unit work,False,"04 Expert Installation Services Excavation, precise tank placement, drainfield configuration, and every connection dialed in.",site scrape,YES,,https://epicseptic.com/ | https://epicseptic.com/services/residential-septic-design-installations/ | https://epicseptic.com/services/commercial-septic-tank-installations/ | https://epicseptic.com/services/commercial-grinder-pump-service/
Legacy Exteriors Yes,https://www.legacyexteriors.com/,legacyexteriors.com,+1 817-751-4460,"8801 Davis Blvd Ste 2E, Keller, TX 76248, United States",4.9,63,YES,installs/replaces windows; pane glazing work; replacement windows; window product line; window replacement/installation,False,Window Replacement DFW: Upgrade Your Old Drafty Windows!,site scrape,YES,,https://www.legacyexteriors.com/
Thermal Windows Yes,http://www.thermalwindowsdfw.com/,thermalwindowsdfw.com,+1 214-630-5885,"8808 Empress Row, Dallas, TX 75247, United States",4.6,122,YES,installs/replaces windows; named window styles; replacement windows; window product line; windows & doors,False,"d Install DALLAS WINDOW COMPANY | TRULY FACTORY DIRECT WINDOWS Custom made to fit right replacement windows We make your replacement windows right here in our Dallas, Texas factory.",site scrape,YES,,https://www.thermalwindowsdfw.com/ | https://www.thermalwindowsdfw.com/fiberglass-windows/ | https://www.thermalwindowsdfw.com/replacement-windows/ | https://www.thermalwindowsdfw.com/fiberglass/
JP Exteriors Yes,https://jpexteriorstx.com/?utm_source=googlebusinessprofile&utm_medium=organic&promo=gbp,jpexteriorstx.com,+1 512-960-3191,"8906 Wall St #201, Austin, TX 78754, United States",4.9,619,YES,installs/replaces windows; insulated glass unit work; named window styles; pane glazing work; replacement windows; window product line; window replacement/installation; windows & doors,False,mes Hardie Siding Siding Replacement Costs Soffits & Fascia Windows Doors Windows & Doors Windows Window Replacement Window Styles Window Installation Cost of Window Replacement Andersen Windows Pella Windo,site scrape,YES,,https://www.jpexteriorstx.com/ | https://www.jpexteriorstx.com/windows/window-replacement/ | https://www.jpexteriorstx.com/windows/window-replacement-cost/ | https://www.jpexteriorstx.com/windows/installation/
Builders Bargain Yes,http://www.builders-bargain.com/,builders-bargain.com,+1 954-522-1900,"900 NE 3rd Ave, Fort Lauderdale, FL 33304, United States",4.2,245,YES,commercial storefront glazing; insulated glass unit work; named window styles; window product line; windows & doors,False,"surance premiums, giving homeowners peace of mind during storms or everyday use. Durable, Energy-Efficient Windows and Doors for Every Home In addition to enhancing the beauty and safety of your home, ins",site scrape,YES,,https://www.builders-bargain.com/ | https://www.builders-bargain.com/commercial-glass-doors | https://www.builders-bargain.com/about-commercial-windows-suppliers | https://www.builders-bargain.com/commercial-metal-doors-warehouse
Affordable Impact Windows Fort Lauderdale Yes,https://www.affordableimpactwindowsfl.com/,affordableimpactwindowsfl.com,+1 954-564-7375,"900 NE 3rd Ave, Fort Lauderdale, FL 33304, United States",4.6,4619,YES,window product line; windows & doors,True,"Impact Windows – Fort Lauderdale, FL – Affordable Impact Windows Fort Lauderdale HOME AFFORDABLE IMPACT",site scrape,YES,,https://www.affordableimpactwindowsfl.com/ | https://www.affordableimpactwindowsfl.com/affordable-impact-windows | https://www.affordableimpactwindowsfl.com/affordable-impact-doors
Atrium Windows & Doors - Cornerstone Building Brands Yes,http://www.atrium.com/,atrium.com,+1 800-846-9556,"9001 Ambassador Row, Dallas, TX 75247, United States",3.9,91,YES,installs/replaces windows; named window styles; replacement windows; window product line; windows & doors,False,"and door lineup through a curated collection of product videos. From new construction and replacement windows to sliding patio doors, each video highlights the thoughtful design, dependable performan",site scrape,YES,,https://www.atrium.com/ | https://www.atrium.com/windows/ | https://www.atrium.com/window-basics/windows-buyers-guide/ | https://www.atrium.com/our-story-atrium-windows-doors/
Ply Gem - Cornerstone Building Brands Yes,http://www.plygem.com/,plygem.com,+1 888-975-9436,"9001 Ambassador Row, Dallas, TX 75247, United States",1.6,54,YES,installs/replaces windows; insulated glass unit work; named window styles; replacement windows; window product line; window replacement/installation; windows & doors,False,Series 200 Vinyl Sliding Window Feature Sheet West Pro Series 700 Vinyl Casement & Awning Window Feature Sheet Installation Guides 1500 Series Mulling Instructions Beveled Frame 1500 Series Screen Kit Field Instal,site scrape,YES,YES,"https://www.plygem.com/ | https://www.plygem.com/product-literature/?sideid=mastic-installation-guides,variform-installation-guides,siding-installation-guides,windows-installation-guides,doors-installation-guides,stone-installation-guides,trim-installation-guides,fence-installation-guides,shutters-installation-guides,metal-installation-guides | https://www.plygem.com/product-literature?sideid=siding-installation-guides,mastic-installation-guides,variform-installation-guides,windows-installation-guides,doors-installation-guides,stone-installation-guides,trim-installation-guides,fence-installation-guides,shutters-installation-guides,metal-installation-guides | https://www.plygem.com/product-literature/?sideid=windows-installation-guides,doors-installation-guides,stone-installation-guides,trim-installation-guides,fence-installation-guides,shutters-installation-guides,metal-installation-guides"
Ross Revival Yes,https://rossrevival.com/,rossrevival.com,+1 469-212-0722,"9007 San Benito Way, Dallas, TX 75218, United States",0,0,YES,installs/replaces windows; pane glazing work; reglazing; replacement windows; window product line; window replacement/installation,False,s Outrageous Energy Costs Street Noise Inconsistent Temperatures Throughout The Year FULL WINDOW REPLACEMENT ISN’T YOUR ONLY OPTION!,site scrape,YES,,https://www.rossrevival.com/ | https://www.rossrevival.com/stormwindows | https://www.rossrevival.com/ourservices
Enso Homes Yes,https://ensohomes.com/,ensohomes.com,+1 512-888-7000,"9010 Circle Dr, Austin, TX 78736, United States",5,27,YES,windows & doors,False,"e whose backyard finally caught up: a shou sugi ban deck and fence, black steel windows and doors, the pool resurfaced in black stone, and prairie grass where irrigation used to be.",site scrape,YES,,https://ensohomes.com/ | https://ensohomes.com/project-stories/coming-soon/
ABC Home & Commercial Services Yes,https://www.abchomeandcommercial.com/austin/lawn-service/landscaping-design,abchomeandcommercial.com,+1 512-220-7705,"9016 Old Manor Rd, Austin, TX 78724, United States",4.9,876,YES,window product line,False,Awards & Expertise Opens in a new window.,site scrape,LIKELY,,https://www.abchomeandcommercial.com/ | https://www.abchomeandcommercial.com/commercial | https://www.abchomeandcommercial.com/austin
BrightWing Custom Exteriors Yes,http://www.brightwingcustom.com/,brightwingcustom.com,+1 512-323-0124,"9086 Jollyville Rd, Austin, TX 78759, United States",5,36,YES,installs/replaces windows; replacement windows; window product line; window replacement/installation; windows & doors,False,"nstallation to create a custom Hardie-Plank installation for your home. Learn More Austin Window Replacement & Installation If you are considering upgrading your windows to a modern, energy-efficien",site scrape,YES,,https://brightwingcustom.com/ | https://brightwingcustom.com/windows/
Smart Home Exteriors Yes,http://www.smarthomeexteriors.com/,smarthomeexteriors.com,+1 779-210-4096,"915 S Alpine Rd, Rockford, IL 61108, United States",4.6,4655,YES,installs/replaces windows; insulated glass unit work; named window styles; pane glazing work; replacement windows; window product line; window replacement/installation; windows & doors,False,Learn More Windows & Doors Energy-efficient window and door replacements for improved comfort and performance.,site scrape,YES,,https://smarthomeexteriors.com/home | https://smarthomeexteriors.com/services/windows-doors | https://smarthomeexteriors.com/services/roofing | https://smarthomeexteriors.com/service-area
Arrow Glass and Mirror Yes,https://glassgang.com/,glassgang.com,+1 512-339-4888,"9201 Brown Ln Suite 280, Austin, TX 78754, United States",4.3,33,YES,building glass replacement; commercial storefront glazing; window product line; window replacement/installation; windows & doors,False,"hower Enclosures to Insulated Window Glass See what we have to offer Custom Glass Showers Window Glass Replacement Mirrors and Vanity Glass Commercial Glass & Glazing Ground up construction, Remodel/Renov",site scrape,YES,,https://glassgang.com/ | https://glassgang.com/pages/insulated-window-glass-and-door-glass | https://glassgang.com/pages/commercial-glass-and-glazing
Quality Screen Co. Yes,https://www.qualitywindowscreen.com/,qualitywindowscreen.com,+1 469-342-1365,"9259 King Arthur Dr, Dallas, TX 75247, United States",3.9,46,YES,installs/replaces windows; replacement windows; window product line; window replacement/installation,False,Window Screen Replacements - Quality Screen Company Window And Solar Screen Replacements Supplier & Manufacturer of,site scrape,YES,YES,https://www.qualitywindowscreen.com/ | https://www.qualitywindowscreen.com/store/custom-fiberglass-window-screens-p-221.html | https://www.qualitywindowscreen.com/all-window-screens.html | https://www.qualitywindowscreen.com/store/custom-window-screens-c-100.html
Ideal Property Solutions Yes,https://www.ipsroofs.com/,ipsroofs.com,+1 815-597-0707,"929 S Alpine Rd #201, Rockford, IL 61108, United States",4.9,296,YES,installs/replaces windows; replacement windows; window product line; window replacement/installation,False,nsurance Restoration Insurance Claims Reviews Blog Contact Us Call Map Hours Professional Window Replacement Free Estimates | 30 Year Warranty We Work With Your Insurance Free Estimates Available Wi,site scrape,YES,,https://ipsroofs.com/ | https://ipsroofs.com/windows | https://ipsroofs.com/our-services
CUSTOM SECURITY DOORS / AAA CUSTOM WINDOWS Yes,https://customsecuritydoorsandwindows.com/,customsecuritydoorsandwindows.com,+1 214-340-0078,"9310 Forest Ln #206, Dallas, TX 75243, United States",4.7,18,YES,installs/replaces windows; insulated glass unit work; pane glazing work; replacement windows; window product line; window replacement/installation,False,ors Patio Doors Aluminum Storm Doors Entry Doors Steel Entry Doors Fiberglass Entry Doors WINDOWS Replacement Windows Vinyl Replacement Windows Aluminum Replacement Windows Storm Windows FOLDING GATE,site scrape,YES,,https://www.customsecuritydoorsandwindows.com/ | https://www.customsecuritydoorsandwindows.com/windows/replacement-windows | https://www.customsecuritydoorsandwindows.com/windows/replacement-windows/vinyl | https://www.customsecuritydoorsandwindows.com/windows/replacement-windows/aluminum
Burglar Bars in Dallas Yes,https://www.burglarbarsindallas.com/,burglarbarsindallas.com,+1 214-340-0078,"9310 Forest Ln #206, Dallas, TX 75243, United States",4.5,4,YES,installs/replaces windows; insulated glass unit work; pane glazing work; replacement windows; window product line; window replacement/installation,False,ors Patio Doors Aluminum Storm Doors Entry Doors Steel Entry Doors Fiberglass Entry Doors WINDOWS Replacement Windows Vinyl Replacement Windows Aluminum Replacement Windows Storm Windows FOLDING GATE,site scrape,YES,,https://www.customsecuritydoorsandwindows.com/ | https://www.customsecuritydoorsandwindows.com/windows/replacement-windows | https://www.customsecuritydoorsandwindows.com/windows/replacement-windows/vinyl | https://www.customsecuritydoorsandwindows.com/windows/replacement-windows/aluminum
Exclusive Windows & Doors Yes,http://www.exclusivewindowsanddoors.com/,exclusivewindowsanddoors.com,+1 512-341-9282,"9324 Neils Thompson Dr, Austin, TX 78758, United States",4.6,11,YES,insulated glass unit work; window product line; windows & doors,False,"lient aluminum cladding, or any number of various species of wood inside & out, we have a wood window for every home.",site scrape,YES,,https://www.exclusivewindowsanddoors.com/ | https://www.exclusivewindowsanddoors.com/our-services/
Woodruff Windows Yes,https://woodruffwindows.com/location/garland-texas/,woodruffwindows.com,+1 214-390-9426,"9330 Lyndon B Johnson Fwy #900, Dallas, TX 75243, United States",5,5,YES,installs/replaces windows; insulated glass unit work; named window styles; pane glazing work; replacement windows; window product line; window replacement/installation; windows & doors,False,Window & Door Replacement McKinney TX | Woodruff Services Windows & Doors Window Replacement Door Replacement Our Brands Pella NT Windows Burris Windows Other Services Wood Windows Custom Windows Com,site scrape,YES,,https://woodruffwindows.com/ | https://woodruffwindows.com/service/window-replacement-installation/ | https://woodruffwindows.com/service/door-replacement-and-installation/ | https://woodruffwindows.com/service/window-door-services/
T Rock Roofing & Contracting Yes,https://www.dallasroofer.com/,dallasroofer.com,+1 469-931-9867,"9330 Lyndon B Johnson Fwy #900, Dallas, TX 75243, United States",4.9,806,YES,insulated glass unit work; window replacement/installation,False,"handled all of my repairs from our tornado damage including damaged shingle replacement, window pane replacement, iron fence repair, exterior painting, and gutter install!",site scrape,YES,,https://dallasroofer.com/ | https://dallasroofer.com/roofingservices/ | https://dallasroofer.com/roof-replacement/ | https://dallasroofer.com/residentialrepairs/
Champion Replacement Windows of Austin Yes,https://www.championwindow.com/Austin/?utm_source=google&utm_medium=organic&utm_campaign=gmb_austin_localpage,championwindow.com,+1 512-961-8895,"9402 Business Dr, Austin, TX 78758, United States",4.2,94,YES,installs/replaces windows; insulated glass unit work; named window styles; replacement windows; window product line; window replacement/installation; windows & doors,False,chedule a Free Quote Call Us: 1-877-424-2674 Products Windows Sunrooms Vinyl Siding Doors Windows Replacement Windows Home Double-Hung Casement Sliding Bay & Bow Picture Garden Shaped Basement Hopper,site scrape,YES,,https://www.championwindow.com/ | https://www.championwindow.com/windows/styles/glass-block/ | https://www.championwindow.com/windows/installation/ | https://www.championwindow.com/windows/
The Window Source of Austin Yes,https://www.windowsourceaustin.com/,windowsourceaustin.com,+1 512-524-9455,"9415 Burnet Rd Ste 309A, Austin, TX 78758, United States",5,0,YES,installs/replaces windows; insulated glass unit work; named window styles; pane glazing work; replacement windows; window product line; window replacement/installation,False,Financing Resources Contact Us Menu Request a Quote Top Quality Free Consultation The #1 Window Replacement Company in Austin Schedule Your Free Home Assessment First Name Last Name Email Phone Sen,site scrape,YES,,https://windowsourceaustin.com/ | https://windowsourceaustin.com/replacement-windows/awning-window/ | https://windowsourceaustin.com/replacement-windows/casement-window/ | https://windowsourceaustin.com/replacement-windows/double-hung-window/
Austin sign depot Yes,https://austinsigndepotusa.com/,austinsigndepotusa.com,+1 512-835-7446,"9421 Burnet Rd # A, Austin, TX 78758, United States",5,62,YES,commercial storefront glazing,False,"From storefronts to banners, we ensure your brand stands out in the open.",site scrape,YES,,https://austinsigndepotusa.com/ | https://austinsigndepotusa.com/services/
ABC Home & Commercial - HVAC Services Department Yes,https://www.abchomeandcommercial.com/austin/hvac-repair?utm_source=gmb&utm_medium=organic&utm_campaign=aus-hvac,abchomeandcommercial.com,+1 512-220-7668,"9475 US-290, Austin, TX 78724, United States",4.9,996,YES,window product line,False,Awards & Expertise Opens in a new window.,site scrape,LIKELY,,https://www.abchomeandcommercial.com/ | https://www.abchomeandcommercial.com/commercial | https://www.abchomeandcommercial.com/austin
ABC Home & Commercial Services - Pest Control Department Yes,https://www.abchomeandcommercial.com/austin/pest-control?utm_source=gmb&utm_medium=organic&utm_campaign=austin-pest,abchomeandcommercial.com,+1 512-837-9500,"9475 US-290, Austin, TX 78724, United States",4.8,5140,YES,window product line,False,Awards & Expertise Opens in a new window.,site scrape,LIKELY,,https://www.abchomeandcommercial.com/ | https://www.abchomeandcommercial.com/commercial | https://www.abchomeandcommercial.com/austin
Sterling Construction Yes,https://sterlingconstruction.com/,sterlingconstruction.com,+1 954-668-0245,"951 NW 35th Ct, Oakland Park, FL 33309, United States",4.3,13,YES,installs/replaces windows; replacement windows; window product line; window replacement/installation; windows & doors,False,"We are a family-owned and operated business specializing in impact window and door installations and replacements for residential, commercial, and high-rise properties.",site scrape,YES,,https://sterlingconstruction.com/ | https://sterlingconstruction.com/about-us/ | https://sterlingconstruction.com/wp-content/uploads/2024/08/impact-windows-for-house.webp | https://sterlingconstruction.com/wp-content/uploads/2024/08/imapct-windows-1.webp
Luma Exteriors Yes,https://lumaexteriors.com/,lumaexteriors.com,+1 512-201-1818,"9600 Escarpment Blvd Ste 745-27, Austin, TX 78749, United States",5,29,YES,installs/replaces windows; pane glazing work; window product line; window replacement/installation; windows & doors,False,"terior Remodeling | Austin, Texas Skip to main content Show submenu for Services Services Window Replacement Door Replacement Siding Installation Roofing Gutter Installation Design Services About Us Blog Open main n",site scrape,YES,,https://lumaexteriors.com/ | https://lumaexteriors.com/window-replacement-austin-texas | https://lumaexteriors.com/window-replacement-austin-texas?hsLang=en | https://lumaexteriors.com/entry-door-installation-austin-texas
Paradigm Glass Yes,http://paradigmglass.com/,paradigmglass.com,+1 512-743-0207,"9603 Saunders Ln b2, Austin, TX 78758, United States",4.7,31,YES,commercial storefront glazing; installs/replaces windows; replacement windows; window product line; window replacement/installation,False,nt Windows Austin OUR SERVICES FREE ESTIMATE — Main Menu — HOME SERVICES - SHOWER DOORS - WINDOW INSTALLATION - REPLACEMENT WINDOWS - SERVICE & REPAIRS - - WINDOW REPAIR - - GLASS REPAIR - SMALL COMM,site scrape,YES,,https://paradigmglass.com/ | https://paradigmglass.com/services/window-installation/ | https://paradigmglass.com/services/replacement-windows/
Glass Doctor Home + Business of Austin Yes,https://glassdoctor.com/austin-tx-home-business?cid=LSTL_MGD000191&utm_source=gmb&utm_campaign=local&utm_medium=organic,glassdoctor.com,+1 512-782-8409,"9701 Dessau Rd Ste 805, Austin, TX 78754, United States",4.7,860,YES,broken window glass; building glass replacement; commercial storefront glazing; installs/replaces windows; insulated glass unit work; named window styles; pane glazing work; replacement windows; window product line; window replacement/installation; windows & doors,True,ss Doctor Window and Door Services Window and Door Services back Window and Door Services Window Glass Repair and Replacement Window Installation and Replacement Patio Door Installation and Repair Wi,site scrape,YES,,https://glassdoctor.com/ | https://glassdoctor.com/home-glass/window-glass | https://glassdoctor.com/home-glass/windows-doors/window-screen-installation | https://glassdoctor.com/home-window-replacement
Accolade Windows & Doors Replacement Yes,http://www.accoladewindows.com/,accoladewindows.com,+1 512-288-8354,"9705 Research Blvd Ste C2, Austin, TX 78759, United States",4.8,174,YES,installs/replaces windows; insulated glass unit work; named window styles; pane glazing work; replacement windows; window product line; window replacement/installation; windows & doors,False,ndows Vinyl Windows Doors Bifold Doors Sliding Glass Doors About Us Gallery Brands Alpine Windows Marvin Replacement Western Window Systems Jeld Wen Windows and Doors Sierra Pacific Alora Windows Doors Pell,site scrape,YES,,https://accoladewindows.com/ | https://accoladewindows.com/windows/ | https://accoladewindows.com/aluminum-windows/ | https://accoladewindows.com/vinyl-windows/
Arizona Glass & Door Connection Yes,https://www.azglassconnection.com/,azglassconnection.com,+1 602-375-2000,"9850 N 19th Dr #7, Phoenix, AZ 85021, United States",3.4,45,YES,building glass replacement; commercial storefront glazing; installs/replaces windows; insulated glass unit work; named window styles; replacement windows; window product line; window replacement/installation; windows & doors,False,Safety Glass Showcase Glass Sliding Glass Doors Storefront Glass Services Windows Garden windows Home Window Repair Onrate Glass Picture Windows Residential Windows Skylight Repair Weather Damage Window Re,site scrape,YES,,https://www.azglassconnection.com/ | https://www.azglassconnection.com/services/windows/ornate-glass-picture-windows/ | https://www.azglassconnection.com/services/windows/residential-windows/ | https://www.azglassconnection.com/services/windows/window-replacement/
Garage Tec Automatic Gates & Garage Door Repair Yes,https://garagetec.org/,garagetec.org,+1 469-589-1155,"9965 Royal Ln Ste 35, Dallas, TX 75231, United States",5,947,YES,commercial storefront glazing,False,"esting. Security Grilles and Rolling Shutters Open-pattern grilles and solid shutters for storefronts, parking garages, malls, and pharmacies, with the ease of operation needed for daily sec",site scrape,YES,YES,https://garagetec.org/ | https://garagetec.org/residential-garage-door-services/ | https://garagetec.org/garage-door-installation/ | https://garagetec.org/commercial-garage-door-services/
Boca Impact Window and Door Yes,https://www.bocaimpactwd.com/?utm_source=google&utm_medium=organic&utm_campaign=GBPListing-Boca-Raton-FL,bocaimpactwd.com,+1 561-556-4539,"Bay 17, 3601 N Dixie Hwy, Boca Raton, FL 33431, United States",5,68,YES,commercial storefront glazing; installs/replaces windows; insulated glass unit work; named window styles; replacement windows; window product line; window replacement/installation; windows & doors,False,t An Appointment (561) 556-4539 facebook Instagram rss Home Windows Back Hurricane Impact Windows Replacement Windows Architectural Windows Doors Back Impact Doors Fiberglass Entry Doors French Doors,site scrape,YES,,https://www.bocaimpactwd.com/ | https://www.bocaimpactwd.com/windows/replacement-windows/ | https://www.bocaimpactwd.com/windows/hurricane-impact-windows/ | https://www.bocaimpactwd.com/windows/architectural-windows/
"Taroja’s Prime Glass Yes Bliss, Victoria Hills, Bago Aplaya, Talomo, Davao City, 8000 Davao del Sur 0906 249 0862",https://www.facebook.com/share/14gsAoCquU/?mibextid=wwXIfr,facebook.com,,,5,0,YES,Stocks windows and provides framing and installation services including window and door installations,False,"Oak Cliff Building Materials services page: 'Their extensive inventory includes lumber, sheathing, roofing products, windows, and more. They also provide professional framing and installation services, including window and door installations'; sells 'to contractors, builders and homeowners'",web research (site unreachable),UNREACHABLE,,
Glacier glass and mirror Yes,http://glacierglassandmirror.com/,glacierglassandmirror.com,+1 945-268-0721,"Dallas, TX 75243, United States",5,2,YES,building glass replacement; pane glazing work; window replacement/installation,False,"268-0721 Our Specializations Professional, no-nonsense craftsmanship engineered to last. Window Repair & Foggy Glass Replacing broken glass and restoring clarity to double-pane windows with fa",site scrape,YES,,https://glacierglassandmirror.com/
Fx General Contractor Yes,https://fxgeneralcontractor.com/,fxgeneralcontractor.com,+1 682-330-1902,"Petain Ave, Dallas, TX 75227, United States",4.3,7,YES,commercial storefront glazing,False,A storefront or office space?,site scrape,YES,YES,https://fxgeneralcontractor.com/ | https://fxgeneralcontractor.com/services/residential-electrical-service/ | https://fxgeneralcontractor.com/services/commercial-painting/ | https://fxgeneralcontractor.com/services/residential-exterior-painting/
"RK Glass and Aluminum Works Yes purok 10, Poblacion, Valencia City, 8709 Bukidnon 0927 579 6033",https://www.facebook.com/RkGlassandAluminumWorks,facebook.com,,,5,2,YES,Stocks windows and provides framing and installation services including window and door installations,False,"Oak Cliff Building Materials services page: 'Their extensive inventory includes lumber, sheathing, roofing products, windows, and more. They also provide professional framing and installation services, including window and door installations'; sells 'to contractors, builders and homeowners'",web research (site unreachable),UNREACHABLE,,
Ringer Windows Yes,http://ringerwindows.com/?utm_source=GMB&utm_medium=Organic&utm_campaign=Austin,ringerwindows.com,+1 512-309-4624,"Sales Office Only by appointment only, 7901 Cameron Rd Bldg 1 Ste 112, Austin, TX 78754, United States",4,16,YES,installs/replaces windows; insulated glass unit work; named window styles; pane glazing work; replacement windows; window product line; window replacement/installation,False,"Our offerings include replacement windows with installation , patio doors , over 70 in-stock window options, and custom sizes .",site scrape,YES,,https://ringerwindows.com/ | https://ringerwindows.com/replacement-windows-austin-patio-doors/ | https://ringerwindows.com/thick-glass-windows/ | https://ringerwindows.com/replacement-window-installation-austin/
"Waseem doors Yes Tamen merdeka jalan m6, fasa 2, Jln Taman Merdeka, 75350 Melaka, Malaysia +60 11-1622 8673",http://waseemdoors.com/,waseemdoors.com,,,5,4,YES,installs/replaces windows; window replacement/installation,False,"do Office Commercial Property Other Message Send We provide reliable door and window installation, door lock installation, replacement, and repair services in Taman Merdeka, Melaka.",site scrape,YES,,https://waseemdoors.com/ | https://waseemdoors.com/services/
XLR8 Industries LLC Yes,https://xlr8ind.com/,xlr8ind.com,+1 214-457-2814,"W Kiest Blvd, Dallas, TX 75236, United States",5,5,YES,building glass replacement; commercial storefront glazing; window replacement/installation; windows & doors,False,"he issue quickly while maintaining a clean, professional result. Common services include: Window glass replacement Sliding glass door repair Broken or cracked glass panels Commercial glass repair We work",site scrape,YES,,https://xlr8industries.com/ | https://xlr8industries.com/glass-repair-dallas | https://xlr8industries.com/glass-partitions-dallas | https://xlr8industries.com/sliding-glass-doors-dallas
Creative Windows and Doors Inc.,,,+1 305-218-2841,"2421 Marina Bay Dr W suite 13-107, Fort Lauderdale, FL 33312, United States",4.3,3,YES,name states window installation/replacement/doors,False,,name/review keywords,NO_WEBSITE,,
Window Repair Dallas TX No,,,+1 972-607-4645,"100 Highland Park Village #200, Dallas, TX 75205, United States",0,0,YES,name states window installation/replacement/doors,False,,name/review keywords,NO_WEBSITE,,
Adame Windows & Doors No,,,+1 214-942-2254,"103 W 9th St, Dallas, TX 75208, United States",3.7,3,YES,name states window installation/replacement/doors,False,,name/review keywords,NO_WEBSITE,,
Sanders Glazing No,,,"1305 Burns Ave, Dallas, TX 75211, United States","1305 Burns Ave, Dallas, TX 75211, United States",4.6,4614,YES,name states window installation/replacement/doors,False,,name/review keywords,NO_WEBSITE,,
Ross Window & Door No,,,,"2101 Ross Ave, Dallas, TX 75201, United States",0,0,YES,name states window installation/replacement/doors,False,,name/review keywords,NO_WEBSITE,,
Butler Window & Door No,,,+1 214-217-7512,"2231 Butler St, Dallas, TX 75235, United States",0,0,YES,name states window installation/replacement/doors,False,,name/review keywords,NO_WEBSITE,,
Allco Siding & Window Replacement Contractors No,,,,"3810 Medical Pkwy, Austin, TX 78756, United States",4.7,3,YES,name states window installation/replacement/doors,False,,name/review keywords,NO_WEBSITE,,
A+ Windows & Doors No,,,+1 602-680-2581,"Phoenix, AZ 85003, United States",5,502,YES,name states window installation/replacement/doors,False,,name/review keywords,NO_WEBSITE,,
Builders Window Source Yes,,,+1 208-605-8003,,0,0,YES,name states window installation/replacement/doors,False,,name/review keywords,NO_WEBSITE,,
Scott Shofner Windows & Doors Yes,,,+1 469-628-8345,,4.7,13,YES,name states window installation/replacement/doors,False,,name/review keywords,NO_WEBSITE,,
TAJ Window & Door Design Yes,,,+1 512-222-3875,,0,0,YES,name states window installation/replacement/doors,False,,name/review keywords,NO_WEBSITE,,
Aztec empire windows and doors Yes,,,+1 561-223-9912,,5,0,YES,name states window installation/replacement/doors,False,,name/review keywords,NO_WEBSITE,,
Aztec Empire Windows And Doors LLC Yes,,,+1 954-356-3256,,5,0,YES,name states window installation/replacement/doors,False,,name/review keywords,NO_WEBSITE,,
GF Window Company Yes,,,"1323 29th St, Rockford, IL 61108, United States","1323 29th St, Rockford, IL 61108, United States",3,2,YES,name states window installation/replacement/doors,False,,name/review keywords,NO_WEBSITE,,
Doc Window Installation Yes,,,+1 737-391-0324,"2700 W Pecan St Unit 121, Pflugerville, TX 78660, United States",5,4,YES,name states window installation/replacement/doors,False,,name/review keywords,NO_WEBSITE,,
TruView Windows and Doors Yes,,,+1 945-382-4402,"2703 Chalk Hill Rd, Dallas, TX 75212, United States",0,0,YES,name states window installation/replacement/doors,False,,name/review keywords,NO_WEBSITE,,
Integrity Window Replacement Austin Yes,,,+1 512-737-2975,"2901 Medical Arts St Ste.108, Austin, TX 78705, United States",5,2,YES,name states window installation/replacement/doors,False,,name/review keywords,NO_WEBSITE,,
Dave Windows & Doors Yes,,,+1 786-947-5050,"3107 Stirling Rd #205, Fort Lauderdale, FL 33312, United States",4.6,4619,YES,name states window installation/replacement/doors,False,,name/review keywords,NO_WEBSITE,,
Major Window Installation Yes,,,+1 754-327-7825,"900 NW 6th St #111, Fort Lauderdale, FL 33311, United States",5,2,YES,name states window installation/replacement/doors,False,,name/review keywords,NO_WEBSITE,,
