company_name,website,domain,city,state,phone,address,rating,review_count,status,basis,confidence,source
Radiant Plumbing Air Conditioning & Electrical Yes,https://radiantplumbing.com/austin/?utm_source=google&utm_medium=businesslisting&utm_campaign=atx-brand_gmb_1023&utm_content=atx-brand,radiantplumbing.com,Austin,TX,+1 512-690-4935,"901 Reinli St, Austin, TX 78751, United States",4.8,17779,NO,"unrelated trade, no window signal",high,name + review keyword filter
SONIQ Windows and Doors Austin,https://soniqwindows.com/,soniqwindows.com,,,+1 512-256-1734,,5,2,YES,name states window installation/replacement/doors,high,name + review keyword filter
Jacquelyn Bilek Design Build Austin,http://www.jbilek.com/,jbilek.com,Austin,TX,+1 512-915-4416,"8000 US-290, Austin, TX 78736, United States",5,15,NEEDS_SITE_CHECK,"glass shop or building contractor, window scope unknown",,name + review keyword filter
Shine of Greater Ft Lauderdale Boca Raton & Delray,https://www.shine-windowcleaning.com/fort-lauderdale/?utm_source=GMB&utm_medium=organic&utm_campaign=FortLauderdale,shine-windowcleaning.com,,,+1 954-881-0031,,5,154,NO,"Window cleaning, pressure washing, gutter cleaning, holiday lighting franchise",high,verified last run (web search)
Royal Renovations Contractors,http://www.royal-renovations.com/,royal-renovations.com,Dallas,TX,+1 888-899-3368,"1111 W Mockingbird Ln Ste 1360, Dallas, TX 75247, United States",4.8,101,YES,"Windows listed among residential services (painting, siding, roofing, gutters, windows, additions)",high,verified last run (web search)
CAT Exteriors Dallas,https://www.catexteriors.pro/,catexteriors.pro,Dallas,TX,+1 833-444-4228,"9865 Chartwell Dr, Dallas, TX 75243, United States",4.4,47,YES,"Replacement windows (double-hung, single-hung, picture, geometric); Anlin gold star dealer with installation",high,verified last run (web search)
LockTight Impact Windows Doors & Roofing Yes,https://locktightimpact.com/?utm_source=omg-gbp&utm_medium=webclick,locktightimpact.com,Fort Lauderdale,FL,+1 954-500-5625,"2200 SW 45th St #101, Fort Lauderdale, FL 33312, United States",4.8,2215,YES,window in name + review describes window work,high,name + review keyword filter
American Strong Windows Doors & Roofs Inc Yes,https://americanstrong1.com/,americanstrong1.com,Fort Lauderdale,FL,+1 954-245-1744,"966 NW 51st Pl, Fort Lauderdale, FL 33309, United States",5,10,NEEDS_SITE_CHECK,window in name but service type unconfirmed,,name + review keyword filter
Surplus Building Materials (SBMTX) | Home Improvement Doors Kitchens Floors & Installation Experts in Texas Yes,https://sbmtx.com/,sbmtx.com,Farmers Branch,TX,+1 972-241-4444,"3404 Belt Line Rd, Farmers Branch, TX 75234, United States",4.3,483,YES,"Carries windows in a 150,000 sq ft showroom/warehouse and offers window replacement service alongside door, flooring and cabinet installation",medium,verified last run (web search)
MR GLAZIER - Windows Doors Shower Enclosures No,https://mrglazier.com/fl-fort-lauderdale/,mrglazier.com,Fort Lauderdale,FL,+1 954-504-6501,"217 S Federal Hwy, Fort Lauderdale, FL 33301, United States",0,0,YES,name states window installation/replacement/doors,high,name + review keyword filter
Michaels Windows Doors & More,http://michaelswindowsdoorsandmore.com/,michaelswindowsdoorsandmore.com,,,+1 815-217-8429,,5,22,NEEDS_SITE_CHECK,window in name but service type unconfirmed,,name + review keyword filter
Republic Windows Doors & Roofing,https://www.republicwindow.com/,republicwindow.com,Fort Lauderdale,FL,+1 754-800-4115,"1541 E Commercial Blvd, Fort Lauderdale, FL 33334, United States",4.8,228,NEEDS_SITE_CHECK,window in name but service type unconfirmed,,name + review keyword filter
Advanced Windows Doors and More,https://advancedwindowsdoorsandmore.com/,advancedwindowsdoorsandmore.com,,,+1 469-678-0401,,5,30,YES,"Window installation and replacement, glass replacement; also doors and siding",high,verified last run (web search)
Titan Builders Impact Windows Doors and Roofing,https://www.titanbuilders.us/,titanbuilders.us,Fort Lauderdale,FL,+1 561-768-4826,"718 NW 8th Ave, Fort Lauderdale, FL 33311, United States",5,50,NEEDS_SITE_CHECK,window in name but service type unconfirmed,,name + review keyword filter
Andy's Sprinkler Drainage & Lighting,https://sprinklerdrainage.com/location/austin/?utm_source=gbp&utm_medium=organic&utm_campaign=gbp-listing&utm_content=austin-branch,sprinklerdrainage.com,Austin,TX,+1 866-717-0318,"9729 N Interstate Hwy 35, Austin, TX 78753, United States",4.8,883,NEEDS_SITE_CHECK,insufficient signal,,name + review keyword filter
Tukuran Glass & Aluminum Supply | Glass Door Installer,,,,,,,5,501,NEEDS_SITE_CHECK,"glass shop or building contractor, window scope unknown",,name + review keyword filter
HomePro Contracting Handyman Dallas Licensed General Contractors in Dallas. Yes,http://homeproservicesdfw.com/,homeproservicesdfw.com,Dallas,TX,+1 214-886-3326,"3100 Commerce St Ste 101, Dallas, TX 75226, United States",4.2,57,NO,Handyman services and licensed general contracting (same website/company as ID 463),medium,verified last run (web search)
Southwest Exteriors Inc,http://www.sweaustin.com/,sweaustin.com,,,+1 512-844-1882,,0,0,NEEDS_SITE_CHECK,insufficient signal,,name + review keyword filter
Modern Aluminum Products Inc,https://www.modernaluminumproducts.com/,modernaluminumproducts.com,Fort Lauderdale,FL,+1 954-522-3825,"2020 W McNab Rd bay F-13, Fort Lauderdale, FL 33309, United States",4.4,7,NEEDS_SITE_CHECK,insufficient signal,,name + review keyword filter
Windows & More Solutions Inc,http://www.windowsmoresolutions.com/,windowsmoresolutions.com,Fort Lauderdale,FL,+1 954-534-1960,"4875 Volunteer Rd, Fort Lauderdale, FL 33330, United States",5,7,NEEDS_SITE_CHECK,window in name but service type unconfirmed,,name + review keyword filter
Baker Roofing & Construction Inc,https://baker-roofing.com/,baker-roofing.com,Dallas,TX,+1 855-766-3777,"6507 Trammel Dr, Dallas, TX 75214, United States",4.9,62,YES,"Replacement windows, window screens, cracked/broken window glass repair; window installation as part of construction services",high,verified last run (web search)
Elite Remodeling Group Inc. No,https://www.eliteremodelinggroup.com/,eliteremodelinggroup.com,Rockford,IL,+1 815-977-9685,"5411 E State St, Rockford, IL 61108, United States",5,4353,YES,review explicitly describes window install/replacement,high,name + review keyword filter
WindowCraft Inc. No,https://windowcraftinc.com/,windowcraftinc.com,Gainesville,TX,+1 940-726-5008,"6441 I-35 Frontage Rd, Gainesville, TX 76240, United States",3.5,8,YES,Sale and installation of windows and doors for new construction and remodeling - Gainesville showroom of the same company as ID 136,high,verified last run (web search)
Action Window & Glass Inc.,http://actionwindowfl.com/,actionwindowfl.com,,,+1 754-293-7026,,4.8,59,YES,window in name + review describes window work,high,name + review keyword filter
All Season Remodeling Inc.,http://www.allseasonremodelinginc.com/,allseasonremodelinginc.com,,,+1 815-988-1375,,0,0,NEEDS_SITE_CHECK,insufficient signal,,name + review keyword filter
Lakeland Glass Inc.,https://maps.gstatic.com/tactile/pane/default_geocode-1x.png,maps.gstatic.com,,,+1 630-994-6878,,,,NEEDS_SITE_CHECK,"glass shop or building contractor, window scope unknown",,name + review keyword filter
SG Installations AZ Inc.,https://www.tvmountingaz.com/,tvmountingaz.com,,,+1 480-686-1896,,4.9,1155,NEEDS_SITE_CHECK,insufficient signal,,name + review keyword filter
Texas Door & Trim Inc.,http://www.tdt-inc.com/,tdt-inc.com,Dallas,TX,+1 214-342-9393,"11220 Petal St, Dallas, TX 75238, United States",2.8,24,YES,"Sells Andersen/Parrett/Eagle/Atrium/Velux windows with a full-time window specialist, and offers on-site window installation, staging, screen and tune services",medium,verified last run (web search)
Scratch Removal Specialists Inc.,http://www.srsscratch.com/,srsscratch.com,Fort Lauderdale,FL,+1 800-806-8807,"1140 NE 7th Ave Unit 5, Fort Lauderdale, FL 33304, United States",5,65,NEEDS_SITE_CHECK,insufficient signal,,name + review keyword filter
The Door Doctor of South Florida Inc.,https://www.thedoordoctor.net/,thedoordoctor.net,Oakland Park,FL,+1 954-491-0039,"1188 NE 47th St, Oakland Park, FL 33334, United States",4.9,331,NEEDS_SITE_CHECK,insufficient signal,,name + review keyword filter
East Coast Windows & Doors Inc.,https://eastcoastwindows.com/,eastcoastwindows.com,Pompano Beach,FL,+1 954-946-3697,"1711 SW 7th Ave, Pompano Beach, FL 33060, United States",4.5,110,YES,name states window installation/replacement/doors,high,name + review keyword filter
Austin Retrofit Inc.,http://www.austinretrofit.com/,austinretrofit.com,Austin,TX,+1 512-926-6665,"1834 Ferguson Ln Bldg 1300, Austin, TX 78754, United States",4.5,30,YES,review explicitly describes window install/replacement,high,name + review keyword filter
Creative Windows and Doors Inc.,https://www.google.com/maps/vt/pb=!1m4!1m3!1i17!2i36345!3i55688!2m3!1e0!2sm!3i793559766!2m2!1e2!2sspotlit!3m8!2sen!3sph!5e1105!12m4!1e68!2m2!1sset!2sRoadmap!4e0!5m1!1e0!23i1368782!23i1368785!23i4861626!23i10211310!23i1381938!23i47054629!23i47029525!23i72272233!23i72272234!23i72272236!23i72458815!23i94243289!23i94255677!23i72860224!23i10211515!23i94260020!23i100799651!23i72549439!27m15!299174093m14!14m13!1m8!1m2!1y9860913563660247961!2y1166371562866519408!2s%2Fg%2F1v2f19j1!4m2!1x260918035!2x3493246800!15sgcid%3Awindow_installation_service!2b0!3b0!6b0!8b0,google.com,Fort Lauderdale,FL,+1 305-218-2841,"2421 Marina Bay Dr W suite 13-107, Fort Lauderdale, FL 33312, United States",,,YES,name states window installation/replacement/doors,high,name + review keyword filter
Windows of Texas Inc.,https://windowsoftexas.com/,windowsoftexas.com,Grapevine,TX,+1 682-201-5645,"312 W Northwest Hwy, Grapevine, TX 76051, United States",4.8,21,YES,New and replacement windows and doors for DFW homes; window installation and repair via partner suppliers/installers,high,verified last run (web search)
Xtreme Auto Detail Inc.,https://xadetail.com/,xadetail.com,Austin,TX,,"4509 Hudson Bend Rd #200, Austin, TX 78734, United States",4.8,232,NO,"vehicle/automotive business, no glass or window signal",high,name + review keyword filter
SunStorm Construction Inc.,https://www.sunstormconstruction.com/,sunstormconstruction.com,Fort Lauderdale,FL,+1 954-398-5060,"501 E Las Olas Blvd Ste 200 & 300, Fort Lauderdale, FL 33301, United States",5,7,NEEDS_SITE_CHECK,"glass shop or building contractor, window scope unknown",,name + review keyword filter
All American Windows and Doors Inc.,http://www.aawimpact.com/,aawimpact.com,Fort Lauderdale,FL,+1 954-786-8525,"6001 Powerline Rd Ste B, Fort Lauderdale, FL 33309, United States",3.6,77,YES,name states window installation/replacement/doors,high,name + review keyword filter
Top Notch Roofing & Exteriors INC.,http://topnotchroofing.net/,topnotchroofing.net,Loves Park,IL,+1 815-721-4666,"7703 Forest Hills Rd, Loves Park, IL 61111, United States",4.9,115,NEEDS_SITE_CHECK,"glass shop or building contractor, window scope unknown",,name + review keyword filter
Jim Connelly Masonry Inc.,https://www.jcmiaustin.com/,jcmiaustin.com,Austin,TX,+1 512-288-2368,"7804 Thomas Springs Rd B, Austin, TX 78736, United States",5,10,NEEDS_SITE_CHECK,insufficient signal,,name + review keyword filter
Bliss Window & Screen Inc.,https://www.blisswindow.com/?utm_source=google&utm_medium=organic&utm_campaign=gbp-fort-lauderdale&utm_id=local&utm_content=fort-fauderdale,blisswindow.com,Fort Lauderdale,FL,+1 954-763-5086,"815 N Andrews Ave, Fort Lauderdale, FL 33311, United States",4.4,77,NEEDS_SITE_CHECK,window in name but service type unconfirmed,,name + review keyword filter
Ripley's Blind & Drapery L.L.C.,https://ripleysblinds.com/,ripleysblinds.com,Austin,TX,+1 512-402-1999,"12400 State Hwy 71 #240, Austin, TX 78738, United States",4,14,NO,blinds/shades/shutters/drapery (window treatments),high,name + review keyword filter
Affordable Screens & Glass L.L.C.,,,Austin,TX,+1 512-358-1560,"16238 N FM 620 Ste F-362, Austin, TX 78717, United States",4.7,14,NEEDS_SITE_CHECK,"glass shop or building contractor, window scope unknown",,name + review keyword filter
SERVPRO of North Dallas Lake Highlands,https://www.servpro.com/locations/tx/servpro-of-north-dallas-lake-highlands?utm_medium=organic&utm_source=gbp,servpro.com,Dallas,TX,+1 214-667-3908,"10280 Miller Rd, Dallas, TX 75238, United States",5,39,NEEDS_SITE_CHECK,insufficient signal,,name + review keyword filter
Kb Contractors TX LLC No,http://www.kbcontractorstx.com/,kbcontractorstx.com,Austin,TX,+1 512-294-2027,"2500 S Hwy 183 Unit 130, Austin, TX 78744, United States",4.8,18,NEEDS_SITE_CHECK,insufficient signal,,name + review keyword filter
Window Kingdom LLC No,https://streetviewpixels-pa.googleapis.com/v1/thumbnail?panoid=RY8HQC08RTbcWC1gh4PvHw&cb_client=search.gws-prod.gps&w=408&h=240&yaw=223.04764&pitch=0&thumbfov=100,streetviewpixels-pa.googleapis.com,Dallas,TX,+1 888-839-6326,"3010 Lyndon B Johnson Fwy, Dallas, TX 75234, United States",,,NEEDS_SITE_CHECK,window in name but service type unconfirmed,,name + review keyword filter
ATX Imperial Auto Glass LLC No,http://atximperialautoglass.com/,atximperialautoglass.com,Austin,TX,+1 512-579-1998,"505 W Slaughter Ln, Austin, TX 78747, United States",1.4,9,NEEDS_SITE_CHECK,"auto-glass name, but may also do building glass — must verify",,name + review keyword filter
Solid Exteriors LLC,http://solid-exteriors.com/?utm_source=google&utm_medium=wix_google_business_profile&utm_campaign=16700656850061699214,solid-exteriors.com,,,+1 469-520-0466,,4.7,16,YES,"Windows listed as a service alongside James Hardie siding, doors and gutters",high,verified last run (web search)
Trusted Window and Gutter Cleaning LLC,http://www.trustedwgc.com/,trustedwgc.com,,,+1 336-337-7175,,5,34,NO,"Window and gutter cleaning, pressure washing",high,verified last run (web search)
Eridion Glass LLC,http://eridionglass.com/,eridionglass.com,,,+1 844-374-3466,,5,17,NO,"Custom specialty glass subcontractor — frameless showers, mirrors, railings",medium,verified last run (web search)
MVS Plus Remodeling LLC,https://mvsplusremodelingllc.com/,mvsplusremodelingllc.com,,,+1 469-934-3821,,5,2,NO,Interior/exterior painting and drywall with light remodeling,high,verified last run (web search)
Legacy Crown Exteriors LLC,http://www.legacycrownexteriors.com/,legacycrownexteriors.com,,,+1 903-312-4574,,5,18,YES,Window installation as a listed service of the general contractor,high,verified last run (web search)
Kirk Windows LLC,http://www.kirkwindows.com/,kirkwindows.com,,,+1 972-977-7292,,4.8,47,YES,"Replacement windows, custom windows, egress windows, window installation (Pella)",high,verified last run (web search)
Pasadena Building Solutions LLC,https://www.pasabuilds.com/,pasabuilds.com,,,+1 469-620-0921,,5,5,YES,Complete window replacement on homes; also HVAC and other building repairs,medium,verified last run (web search)
Moran General Contractor LLC,http://www.morangeneralcontractor.com/,morangeneralcontractor.com,,,+1 512-227-3940,,5,4,NEEDS_SITE_CHECK,"glass shop or building contractor, window scope unknown",,name + review keyword filter
KGK Home Improvements LLC,https://www.google.com/maps/vt/pb=!1m4!1m3!1i10!2i231!3i420!2m3!1e0!2sm!3i793559730!2m2!1e2!2sspotlit!3m8!2sen!3sph!5e1105!12m4!1e68!2m2!1sset!2sRoadmap!4e0!5m1!1e0!23i1368782!23i1368785!23i4861626!23i10211310!23i1381938!23i47054629!23i47029525!23i72272233!23i72272234!23i72272236!23i72458815!23i94243289!23i94255677!23i72860224!23i10212435!23i10211515!23i94260020!23i100799651!23i72549439!27m22!299174093m21!14m20!1m15!1m2!1y9675083416099311729!2y12730194686347896928!2s%2Fg%2F11g19q10nj!4m2!1x303879910!2x3317254716!12m6!1m2!1x303783654!2x3317094642!2m2!1x303976156!2x3317414790!15sgcid%3Awindow_installation_service!2b0!3b0!6b0!8b0,google.com,,,+1 512-998-3678,,,,NEEDS_SITE_CHECK,insufficient signal,,name + review keyword filter
WIL AND FAYE INTERIORS LLC,https://www.wilandfaye.com/,wilandfaye.com,,,+1 325-450-9781,,5,40,NEEDS_SITE_CHECK,insufficient signal,,name + review keyword filter
Rocket Contracting LLC,http://www.rocketcontracting.com/,rocketcontracting.com,,,+1 888-514-3222,,5,5,NEEDS_SITE_CHECK,insufficient signal,,name + review keyword filter
Invesgrow LLC,https://www.invesgrowllc.com/,invesgrowllc.com,,,+1 512-537-2267,,5,7,NEEDS_SITE_CHECK,insufficient signal,,name + review keyword filter
Envision Staging & Design LLC,https://www.envisionstagingdesign.com/,envisionstagingdesign.com,,,+1 512-923-9111,,5,14,NEEDS_SITE_CHECK,insufficient signal,,name + review keyword filter
Dependable Window Cleaning Service LLC,https://www.google.com/maps/vt/pb=!1m4!1m3!1i12!2i933!3i1686!2m3!1e0!2sm!3i793559730!2m2!1e2!2sspotlit!3m8!2sen!3sph!5e1105!12m4!1e68!2m2!1sset!2sRoadmap!4e0!5m1!1e0!23i1368782!23i1368785!23i4861626!23i10211310!23i1381938!23i47054629!23i47029525!23i72272233!23i72272234!23i72272236!23i72458815!23i94243289!23i94255677!23i72860224!23i10211515!23i94260020!23i100799651!23i72549439!23i100760045!27m22!299174093m21!14m20!1m15!1m2!1y9681411340319250735!2y605868161767396380!2s%2Fg%2F11btt8xgj5!4m2!1x303313476!2x3315950395!12m6!1m2!1x303217164!2x3315790321!2m2!1x303409778!2x3316110469!15sgcid%3Awindow_cleaning_service!2b0!3b0!6b0!8b0,google.com,,,+1 512-657-7130,,,,NO,window cleaning/washing,high,name + review keyword filter
GRC Residential Construction LLC,https://grc-constructionllc.net/?utm_source=google&utm_medium=business_profile&utm_campaign=website,grc-constructionllc.net,,,+1 737-382-5662,,5,16,NEEDS_SITE_CHECK,"glass shop or building contractor, window scope unknown",,name + review keyword filter
Diamond Home Designs LLC,https://www.diamondatx.com/,diamondatx.com,,,+1 512-586-6088,,5,31,NEEDS_SITE_CHECK,insufficient signal,,name + review keyword filter
Over and Above Contracting LLC,https://overandabovecontracting.com/,overandabovecontracting.com,,,+1 737-230-7099,,4.9,96,NEEDS_SITE_CHECK,insufficient signal,,name + review keyword filter
Sullivan Home Improvement Solutions LLC,http://www.sullivanhomeimprovementsolutions.com/,sullivanhomeimprovementsolutions.com,,,+1 815-234-0688,,5,50,NEEDS_SITE_CHECK,"glass shop or building contractor, window scope unknown",,name + review keyword filter
PCC Roofing & Construction LLC,https://www.pccroofs.com/,pccroofs.com,,,+1 602-529-3332,,5,60,NEEDS_SITE_CHECK,"glass shop or building contractor, window scope unknown",,name + review keyword filter
Wow Windows & Glass LLC,http://www.wowwindowsglass.com/,wowwindowsglass.com,Carrollton,TX,+1 469-892-6662,"1201 Walnut Ave #6, Carrollton, TX 75006, United States",5,488,YES,"Vinyl replacement windows, broken/foggy glass repair, glass replacement, screens, shower enclosures",high,verified last run (web search)
1st Responder Exterior Solutions LLC,,,Dallas,TX,+1 469-498-7911,"1341 W Mockingbird Ln Suit 600W, Dallas, TX 75247, United States",5,11,NEEDS_SITE_CHECK,"glass shop or building contractor, window scope unknown",,name + review keyword filter
Dent Touch LLC,http://www.denttouch.com/,denttouch.com,Dallas,TX,+1 469-432-8072,"13502 Floyd Cir Ste 103, Dallas, TX 75243, United States",4.9,57,NO,Automotive paintless dent repair / vehicle hail damage,high,verified last run (web search)
Harris Home Exteriors LLC,https://harrishomeexteriors.com/,harrishomeexteriors.com,Austin,TX,+1 512-736-4289,"15005 Gebron Dr, Austin, TX 78734, United States",4.9,110,NEEDS_SITE_CHECK,insufficient signal,,name + review keyword filter
Tovar Auto Glass LLC,https://www.tovarautoglass.com/,tovarautoglass.com,Pflugerville,TX,+1 512-775-4572,"1503 Three Points Rd, Pflugerville, TX 78660, United States",4.9,492,NEEDS_SITE_CHECK,"auto-glass name, but may also do building glass — must verify",,name + review keyword filter
Trusted Heating and Cooling LLC,https://trustedacaustin.com/?utm_source=gmb&utm_medium=organic&utm_campaign=gmb,trustedacaustin.com,Austin,TX,+1 512-881-7484,"16238 Ranch to Market Rd 620 f396, Austin, TX 78717, United States",4.9,702,NO,"unrelated trade, no window signal",high,name + review keyword filter
Build it ATX LLC,https://builditatx.com/?utm_campaign=gmb,builditatx.com,Austin,TX,+1 737-260-5099,"2203 Palmera Cove, Austin, TX 78744, United States",5,104,NEEDS_SITE_CHECK,insufficient signal,,name + review keyword filter
AZ Valley Windows LLC,https://azvalleywindows.com/,azvalleywindows.com,Phoenix,AZ,+1 623-516-7800,"2501 W Behrend Dr Suite B-21, Phoenix, AZ 85027, United States",4.4,101,NEEDS_SITE_CHECK,window in name but service type unconfirmed,,name + review keyword filter
Xtreme Autoglass Pros LLC,https://www.xtremeautoglasspros.com/,xtremeautoglasspros.com,Dallas,TX,+1 817-932-0303,"2650 Lombardy Ln Ste g, Dallas, TX 75220, United States",4.8,316,NO,Auto glass replacement and automotive window tint,high,verified last run (web search)
Zeus Exteriors LLC,http://www.zeusexteriors.com/,zeusexteriors.com,Dallas,TX,+1 469-771-0988,"2815 Valley View Ln #210, Dallas, TX 75234, United States",5,181,YES,Window replacement,high,verified last run (web search)
Assured Contracting LLC,https://assured-contracting.com/,assured-contracting.com,Oakland Park,FL,+1 954-652-1098,"3553 NW 10th Ave, Oakland Park, FL 33309, United States",4.1,56,NEEDS_SITE_CHECK,insufficient signal,,name + review keyword filter
Phoenix Window & Door Llc,http://www.phoenixwindowdoor.com/,phoenixwindowdoor.com,Phoenix,AZ,+1 602-633-1279,"4022 S 20th St, Phoenix, AZ 85040, United States",0,0,YES,name states window installation/replacement/doors,high,name + review keyword filter
Advantage Glaziers Supply LLC,https://advantageglazierssupply.com/,advantageglazierssupply.com,Austin,TX,+1 512-443-5678,"4211 Todd Ln Bldg 1, Austin, TX 78744, United States",4.7,44,NEEDS_SITE_CHECK,insufficient signal,,name + review keyword filter
Auto Film Pros LLC,https://www.autofilmprosllc.com/,autofilmprosllc.com,Rockford,IL,+1 779-770-2222,"4788 Colt Rd, Rockford, IL 61109, United States",5,169,NEEDS_SITE_CHECK,insufficient signal,,name + review keyword filter
JM Construction Group LLC,https://www.jmconstructiongroupllc.com/,jmconstructiongroupllc.com,Rockford,IL,+1 815-315-4388,"4915 Auburn St, Rockford, IL 61101, United States",4.6,75,NEEDS_SITE_CHECK,"glass shop or building contractor, window scope unknown",,name + review keyword filter
C & A Mobile Auto Glass LLC,,,Phoenix,AZ,+1 602-515-3480,"529 W Pima St, Phoenix, AZ 85003, United States",4.1,9,NEEDS_SITE_CHECK,"auto-glass name, but may also do building glass — must verify",,name + review keyword filter
Lask Exterior Solutions LLC,https://www.laskexteriorsolutions.com/,laskexteriorsolutions.com,Loves Park,IL,+1 815-964-2220,"530 Windsor Rd, Loves Park, IL 61111, United States",3.6,42,NEEDS_SITE_CHECK,"glass shop or building contractor, window scope unknown",,name + review keyword filter
United Roofing Services LLC,https://www.unitedroofservicesllc.com/,unitedroofservicesllc.com,Dallas,TX,+1 214-677-2987,"6742 La Grange Dr, Dallas, TX 75241, United States",4.8,39,YES,"""Window and Door Services"" listed alongside roofing, gutters and skylights",medium,verified last run (web search)
Kelley Barnett Interior Design LLC,https://www.kelleybarnett.com/,kelleybarnett.com,Austin,TX,+1 210-408-1300,"6804 Covered Bridge Dr, Austin, TX 78736, United States",5,21,NEEDS_SITE_CHECK,insufficient signal,,name + review keyword filter
Smarty Impact LLC,https://smartyclosets.com/,smartyclosets.com,Fort Lauderdale,FL,+1 954-837-8007,"700 NW 57th Pl #8, Fort Lauderdale, FL 33309, United States",5,501,NEEDS_SITE_CHECK,insufficient signal,,name + review keyword filter
Rhino General Contracting LLC,http://rhinoroofingtx.com/,rhinoroofingtx.com,Austin,TX,+1 512-766-5489,"7703 N Lamar Blvd Ste 110, Austin, TX 78752, United States",4.9,72,NEEDS_SITE_CHECK,insufficient signal,,name + review keyword filter
Sanders Roofing & Exteriors LLC,https://www.sandersroofs.com/,sandersroofs.com,Austin,TX,+1 512-590-0748,"7801 N Lamar Blvd Ste F8-S, Austin, TX 78752, United States",5,2,NEEDS_SITE_CHECK,"glass shop or building contractor, window scope unknown",,name + review keyword filter
Resilience Heating and Cooling LLC,http://www.resiliencehvac.com/,resiliencehvac.com,Austin,TX,+1 512-994-9692,"9301 Old Bee Caves Rd, Austin, TX 78735, United States",5,163,NO,"unrelated trade, no window signal",high,name + review keyword filter
290 Graphics Texas LLC,https://290graphicsjesustint.com/,290graphicsjesustint.com,Austin,TX,+1 512-271-4531,"9530 US-290, Austin, TX 78724, United States",4.4,98,NEEDS_SITE_CHECK,insufficient signal,,name + review keyword filter
Clarke's Clear Revival LLC,https://streetviewpixels-pa.googleapis.com/v1/thumbnail?panoid=iNlrKde56twi5KMTt3v9Bg&cb_client=search.gws-prod.gps&w=408&h=240&yaw=332.52155&pitch=0&thumbfov=100,streetviewpixels-pa.googleapis.com,Austin,TX,+1 512-906-5413,"9812 Quercia Dr, Austin, TX 78717, United States",,,NEEDS_SITE_CHECK,insufficient signal,,name + review keyword filter
PGW Auto Glass LLC - DALLAS -,http://www.pgwautoglass.com/,pgwautoglass.com,Dallas,TX,+1 214-744-1495,"9009 Directors Row, Dallas, TX 75247, United States",4.3,34,NO,wholesale distributor of automotive replacement glass and shop supplies,high,verified last run (web search)
In Charge Electrical Services LLC (Texas Electrician Services),https://inchargeelectricalservices.com/,inchargeelectricalservices.com,Austin,TX,+1 512-778-6240,"12357 Riata Trace Pkwy Bldg 7 Suite 150, Austin, TX 78727, United States",4.6,542,NEEDS_SITE_CHECK,insufficient signal,,name + review keyword filter
Jesus Window Tint LLC. No,https://jesuswindowtint.com/about-us/,jesuswindowtint.com,Austin,TX,+1 512-675-2272,"9530 US-290, Austin, TX 78724, United States",5,6,NO,window tint/film only,high,name + review keyword filter
Shipley Electric LLC.,http://www.shipleyelectric.services/,shipleyelectric.services,,,+1 512-652-5733,,5,167,NO,"unrelated trade, no window signal",high,name + review keyword filter
Brothers Custom Glass and Mirrors LLC.,https://brotherscustomglas.wixsite.com/website,brotherscustomglas.wixsite.com,,,+1 512-593-3865,,3.8,13,NEEDS_SITE_CHECK,"glass shop or building contractor, window scope unknown",,name + review keyword filter
RC Construction - Texas LLC.,https://rcconstructionco.com/,rcconstructionco.com,,,+1 512-638-2237,,4.3,6,YES,review explicitly describes window install/replacement,high,name + review keyword filter
Sunbelt Waterproofing & Restoration LLC.,http://www.sunbeltllc.com/,sunbeltllc.com,Dallas,TX,+1 972-681-6222,"7318 Ferguson Rd, Dallas, TX 75228, United States",4.4,17,YES,Window glazing and glass replacement on commercial buildings; sealant/caulking replacement,high,verified last run (web search)
Austin Nails It LLC. MA HIC# 216498,https://www.austinnailsit.com/,austinnailsit.com,,,+1 512-470-5017,,5,23,NEEDS_SITE_CHECK,insufficient signal,,name + review keyword filter
Centex Sash and Door LP,http://centexsashanddoor.com/,centexsashanddoor.com,Cedar Park,TX,+1 512-251-9290,"2000 Windy Terrace #14B, Cedar Park, TX 78613, United States",5,3,NEEDS_SITE_CHECK,insufficient signal,,name + review keyword filter
Window Repair Dallas TX No,https://streetviewpixels-pa.googleapis.com/v1/thumbnail?panoid=elqEnSzXOzpG0jsh9mFmzQ&cb_client=search.gws-prod.gps&w=408&h=240&yaw=85.40448&pitch=0&thumbfov=100,streetviewpixels-pa.googleapis.com,Dallas,TX,+1 972-607-4645,"100 Highland Park Village #200, Dallas, TX 75205, United States",,,YES,name states window installation/replacement/doors,high,name + review keyword filter
Replacement Windows Austin No,https://streetviewpixels-pa.googleapis.com/v1/thumbnail?panoid=vt8QAdXsqXQNVCvjmSDnOA&cb_client=search.gws-prod.gps&w=408&h=240&yaw=304.74292&pitch=0&thumbfov=100,streetviewpixels-pa.googleapis.com,Austin,TX,,"1005 Guadalupe St, Austin, TX 78701, United States",,,NEEDS_SITE_CHECK,window in name but service type unconfirmed,,name + review keyword filter
Adame Windows & Doors No,https://streetviewpixels-pa.googleapis.com/v1/thumbnail?panoid=I8_OoGZckCOB-hKz1bEzZw&cb_client=search.gws-prod.gps&w=408&h=240&yaw=2.8170514&pitch=0&thumbfov=100,streetviewpixels-pa.googleapis.com,Dallas,TX,+1 214-942-2254,"103 W 9th St, Dallas, TX 75208, United States",,,YES,name states window installation/replacement/doors,high,name + review keyword filter
C&C Exteriors No,http://www.exteriorscc.net/,exteriorscc.net,Dallas,TX,+1 469-291-7039,"10420 Plano Rd #112, Dallas, TX 75238, United States",5,28,YES,Window replacement offered as part of full exterior packages,high,verified last run (web search)
Top of the line trim and glass No,,,Austin,TX,+1 512-968-0671,"10807 Thaxton Rd, Austin, TX 78747, United States",5,10,NEEDS_SITE_CHECK,"glass shop or building contractor, window scope unknown",,name + review keyword filter
Cardinal Glass No,https://www.cardinalcorp.com/,cardinalcorp.com,Rockford,IL,+1 815-394-1400,"1087 Research Pkwy, Rockford, IL 61109, United States",4.3,41,NEEDS_SITE_CHECK,"glass shop or building contractor, window scope unknown",,name + review keyword filter
Brother Window Tint No,,,Austin,TX,+1 512-836-8468,"11114 N Lamar Blvd C, Austin, TX 78753, United States",4.8,95,NO,window tint/film only,high,name + review keyword filter
Gatewood Aluminum No,https://streetviewpixels-pa.googleapis.com/v1/thumbnail?panoid=7wkvr-_0pPjAX8AqWWwMHQ&cb_client=search.gws-prod.gps&w=408&h=240&yaw=100.351006&pitch=0&thumbfov=100,streetviewpixels-pa.googleapis.com,Rockford,IL,+1 815-399-7666,"1112 22nd St, Rockford, IL 61108, United States",,,NEEDS_SITE_CHECK,insufficient signal,,name + review keyword filter
Statewide Energy Solutions No,https://statewideenergysolutions.com/about-us/,statewideenergysolutions.com,Dallas,TX,+1 800-339-4326,"11520 N Central Expy, Dallas, TX 75243, United States",5,5021,YES,"Energy-efficient replacement windows, locally manufactured and installed; lifetime transferable warranty including glass breakage and labor",high,verified last run (web search)
Sanders Glazing No,https://streetviewpixels-pa.googleapis.com/v1/thumbnail?panoid=WUurzXbDJM1CHYKJA7K8cA&cb_client=search.gws-prod.gps&w=408&h=240&yaw=271.8194&pitch=0&thumbfov=100,streetviewpixels-pa.googleapis.com,Dallas,TX,+1 469-323-5043,"1305 Burns Ave, Dallas, TX 75211, United States",,,YES,name states window installation/replacement/doors,high,name + review keyword filter
Commercial No,https://martinroofing.us/,martinroofing.us,Dallas,TX,+1 972-200-2744,"1341 W Mockingbird Ln Suit 600W, Dallas, TX 75247, United States",5,14,NO,Commercial roofing contractor (TPO/PVC/flat/metal),medium,verified last run (web search)
Dallas Window & Glass No,https://streetviewpixels-pa.googleapis.com/v1/thumbnail?panoid=kivFAOuROlRWO36wcaYLFw&cb_client=search.gws-prod.gps&w=408&h=240&yaw=110.93927&pitch=0&thumbfov=100,streetviewpixels-pa.googleapis.com,Dallas,TX,+1 972-690-8088,"13520 Vargon St, Dallas, TX 75243, United States",,,NEEDS_SITE_CHECK,window in name but service type unconfirmed,,name + review keyword filter
Omniview Window and Door Dallas No,http://omniview.us/,omniview.us,Farmers Branch,TX,+1 972-701-0844,"13615 Inwood Rd #120, Farmers Branch, TX 75244, United States",4.8,6,YES,"Custom window sales, installation and replacement - Dallas showroom of the same company as ID 78",high,verified last run (web search)
McCoy Customs No,http://mccoycustoms.com/,mccoycustoms.com,Austin,TX,+1 512-833-3333,"13713 Maye Pl, Austin, TX 78728, United States",4.4,47,NEEDS_SITE_CHECK,insufficient signal,,name + review keyword filter
Rock Valley Glass No,https://rockvalleyglass.com/,rockvalleyglass.com,Cherry Valley,IL,+1 815-332-1868,"1398 Huntwood Dr, Cherry Valley, IL 61016, United States",4.5,8,NEEDS_SITE_CHECK,"glass shop or building contractor, window scope unknown",,name + review keyword filter
van Enter Studio No,https://www.vanenterstudio.com/contact-us,vanenterstudio.com,Dallas,TX,+1 214-515-9948,"1415 Fairview Ave, Dallas, TX 75223, United States",5,2,NEEDS_SITE_CHECK,insufficient signal,,name + review keyword filter
UV MOBILE WINDOW TINT No,,,Austin,TX,+1 737-203-0983,"15402 Connie St, Austin, TX 78728, United States",0,0,NO,window tint/film only,high,name + review keyword filter
US Window Fashion Supply No,https://streetviewpixels-pa.googleapis.com/v1/thumbnail?panoid=_hh-8UjicTm_BwK5IRJAtQ&cb_client=search.gws-prod.gps&w=408&h=240&yaw=215.38037&pitch=0&thumbfov=100,streetviewpixels-pa.googleapis.com,Austin,TX,+1 866-908-8800,"15407 Long Vista Dr, Austin, TX 78728, United States",,,NO,blinds/shades/shutters/drapery (window treatments),high,name + review keyword filter
StrongFrame Siding No,https://strongframesiding.repair/,strongframesiding.repair,Austin,TX,+1 512-881-1351,"1555 Bastrop Hwy, Austin, TX 78742, United States",0,0,NEEDS_SITE_CHECK,"glass shop or building contractor, window scope unknown",,name + review keyword filter
SFL Impact & Windows No,https://sflimpact.com/about-us/,sflimpact.com,Fort Lauderdale,FL,+1 954-603-2475,"1710 NE 8th St, Fort Lauderdale, FL 33304, United States",5,501,NEEDS_SITE_CHECK,window in name but service type unconfirmed,,name + review keyword filter
The Gutters Wizards | Dallas No,https://gutterswizard.com/,gutterswizard.com,Dallas,TX,+1 469-246-3135,"1720 Regal Row suite 322, Dallas, TX 75235, United States",5,6,NO,"Gutter cleaning, repair and installation",high,verified last run (web search)
Preferred Glass DFW No,https://www.preferredglassdfw.com/contact-us,preferredglassdfw.com,Dallas,TX,+1 682-808-8690,"1750 Empire Central Dr, Dallas, TX 75235, United States",4.6,8,NO,Custom frameless shower and mirror installer,medium,verified last run (web search)
Window Cleaners of Austin No,http://www.windowcleanersaustin.com/,windowcleanersaustin.com,Austin,TX,+1 512-580-7084,"1779 Wells Branch Pkwy Ste 110 b 204, Austin, TX 78728, United States",5,6,NEEDS_SITE_CHECK,insufficient signal,,name + review keyword filter
Precision Mobile Tint No,http://precisionmobiletint.com/,precisionmobiletint.com,Round Rock,TX,+1 512-940-8745,"1942 Picadilly Dr, Round Rock, TX 78664, United States",4.3,28,NEEDS_SITE_CHECK,insufficient signal,,name + review keyword filter
PARK WINDOW COVERINGS No,https://streetviewpixels-pa.googleapis.com/v1/thumbnail?panoid=Hg6QB8gSL9HuIQ5y0Q8ZIA&cb_client=search.gws-prod.gps&w=408&h=240&yaw=217.81598&pitch=0&thumbfov=100,streetviewpixels-pa.googleapis.com,Dallas,TX,+1 214-347-0692,"2101 Cedar Springs Rd Ste 1050, Dallas, TX 75201, United States",,,NEEDS_SITE_CHECK,window in name but service type unconfirmed,,name + review keyword filter
Ross Window & Door No,,,Dallas,TX,,"2101 Ross Ave, Dallas, TX 75201, United States",0,0,YES,name states window installation/replacement/doors,high,name + review keyword filter
Premier Sash & Door Ltd No,,,Dallas,TX,+1 972-484-3020,"2104 French Settlement Rd, Dallas, TX 75212, United States",1,9,YES,review explicitly describes window install/replacement,high,name + review keyword filter
Home Craftman No,http://www.homecraftsman.net/,homecraftsman.net,Dallas,TX,+1 214-239-0585,"2150 French Settlement Rd, Dallas, TX 75212, United States",4,4510,YES,Vinyl replacement windows and doors — energy-efficient replacement window products for Dallas homes,low,verified last run (web search)
Butler Window & Door No,https://streetviewpixels-pa.googleapis.com/v1/thumbnail?panoid=H6gRChgEEKDPTEGTKwbCtg&cb_client=search.gws-prod.gps&w=408&h=240&yaw=28.95156&pitch=0&thumbfov=100,streetviewpixels-pa.googleapis.com,Dallas,TX,+1 214-217-7512,"2231 Butler St, Dallas, TX 75235, United States",,,YES,name states window installation/replacement/doors,high,name + review keyword filter
Shoredomub No,https://streetviewpixels-pa.googleapis.com/v1/thumbnail?panoid=3z1UIdVfntbmkvZWbD4G0w&cb_client=search.gws-prod.gps&w=408&h=240&yaw=84.3994&pitch=0&thumbfov=100,streetviewpixels-pa.googleapis.com,Austin,TX,,"2305 Via Cordova Ct, Austin, TX 78732, United States",,,NEEDS_SITE_CHECK,insufficient signal,,name + review keyword filter
Mygrant Glass Co No,https://www.mygrantglassonline.com/,mygrantglassonline.com,Austin,TX,+1 512-527-3848,"2311 Ambition Wy #100, Austin, TX 78754, United States",4.4,9,NEEDS_SITE_CHECK,"glass shop or building contractor, window scope unknown",,name + review keyword filter
Solar Style Home and Commercial Tinting No,https://www.austinhomewindowtinting.com/,austinhomewindowtinting.com,Austin,TX,+1 512-991-3506,"2438 W Anderson Ln. #64, Austin, TX 78757, United States",5,3,NO,window tint/film only,high,name + review keyword filter
the window experts No,http://www.thewindowexperts.com/about-us/,thewindowexperts.com,Dallas,TX,+1 214-865-6565,"25 Highland Park Village, Dallas, TX 75205, United States",0,0,YES,"Replacement windows and doors from 12+ brands, including aluminum replacement windows",high,verified last run (web search)
Trendy Home Quotes No,https://hometrendyquote.com/,hometrendyquote.com,Dallas,TX,+1 225-384-1090,"2525 Inwood Rd ste 133, Dallas, TX 75235, United States",0,0,NO,"Multi-vertical home-services quote / lead-generation site (HVAC, pest control, solar, kitchen remodel, home warranty, porta potty rentals)",medium,verified last run (web search)
MMC Sliding Windows Repair & Sliding Doors Repair Service of FL No,https://streetviewpixels-pa.googleapis.com/v1/thumbnail?panoid=YMbB8sWNVKF9wzx_yhFQgg&cb_client=search.gws-prod.gps&w=408&h=240&yaw=349.39474&pitch=0&thumbfov=100,streetviewpixels-pa.googleapis.com,Lauderdale-By-The-Sea,FL,+1 239-457-1325,"259 E Commercial Blvd # A, Lauderdale-By-The-Sea, FL 33308, United States",,,NEEDS_SITE_CHECK,window in name but service type unconfirmed,,name + review keyword filter
Aguila Tint & Tire No,http://aguila-tint-tire.poi.place/,aguila-tint-tire.poi.place,Austin,TX,+1 512-966-2131,"2605 S I-35 Frontage Rd, Austin, TX 78741, United States",3.1,249,NO,"vehicle/automotive business, no glass or window signal",high,name + review keyword filter
RTC Restoration and Glass No,https://rtcrg.com/contact-us-version-1/,rtcrg.com,Austin,TX,+1 972-446-2211,"2711 Daisy Dr, Austin, TX 78724, United States",4.4,4428,NEEDS_SITE_CHECK,"glass shop or building contractor, window scope unknown",,name + review keyword filter
J&J Home Improvements No,,,Rockford,IL,+1 815-997-4158,"2713 20th St, Rockford, IL 61109, United States",4.3,6,NEEDS_SITE_CHECK,insufficient signal,,name + review keyword filter
Portella Steel Doors & Windows No,https://streetviewpixels-pa.googleapis.com/v1/thumbnail?panoid=U3IThgL6l_T-pvFd-p6HiQ&cb_client=search.gws-prod.gps&w=408&h=240&yaw=319.37177&pitch=0&thumbfov=100,streetviewpixels-pa.googleapis.com,Dallas,TX,+1 214-484-3134,"2727 W Mockingbird Ln, Dallas, TX 75235, United States",,,NEEDS_SITE_CHECK,window in name but service type unconfirmed,,name + review keyword filter
Precision tints & more No,,,Dallas,TX,+1 469-449-2237,"2745 Kavasar Dr, Dallas, TX 75241, United States",5,0,NEEDS_SITE_CHECK,insufficient signal,,name + review keyword filter
Guardian Roofing No,http://guardianroofing.org/contact-us/,guardianroofing.org,Austin,TX,+1 833-763-7663,"2900 N Quinlan Park Rd, Austin, TX 78732, United States",3,2,NEEDS_SITE_CHECK,"glass shop or building contractor, window scope unknown",,name + review keyword filter
Dh&McBella Glass and Mirrors No,http://dhmcbellaglassandmirrors.com/,dhmcbellaglassandmirrors.com,Lancaster,TX,+1 682-323-5309,"3146 Springfield Ave, Lancaster, TX 75134, United States",4.8,21,NO,"Custom shower door, mirror and interior glass fabricator",medium,verified last run (web search)
MP GLASS AND ALUMINUM SUPPLY FATIMA BRANCH,,,,,,,5,2,NEEDS_SITE_CHECK,"glass shop or building contractor, window scope unknown",,name + review keyword filter
REOD Construction & Facilities Maintenance No,,,Dallas,TX,+1 469-537-5318,"3506 McBroom St, Dallas, TX 75212, United States",4.6,13,NEEDS_SITE_CHECK,"glass shop or building contractor, window scope unknown",,name + review keyword filter
DVation Auto Design No,https://streetviewpixels-pa.googleapis.com/v1/thumbnail?panoid=nBqLyxR5HYw1RVKGMsXJGg&cb_client=search.gws-prod.gps&w=408&h=240&yaw=202.34749&pitch=0&thumbfov=100,streetviewpixels-pa.googleapis.com,Austin,TX,,"3601 W Parmer Ln, Austin, TX 78727, United States",,,NEEDS_SITE_CHECK,insufficient signal,,name + review keyword filter
Andersen Windows No,https://www.andersenwindows.com/,andersenwindows.com,Garland,TX,+1 214-221-9500,"3801 Regency Crest Dr, Garland, TX 75041, United States",4.1,59,YES,Window manufacturer that also sells and installs direct to homeowners (Renewal by Andersen); this Garland address is its DFW distribution center,medium,verified last run (web search)
Able Glass No,https://streetviewpixels-pa.googleapis.com/v1/thumbnail?panoid=RH8E0HgOsGBD9F9rYWGuZQ&cb_client=search.gws-prod.gps&w=408&h=240&yaw=294.80557&pitch=0&thumbfov=100,streetviewpixels-pa.googleapis.com,Dallas,TX,+1 214-207-4421,"381 Casa Linda Plaza, Dallas, TX 75218, United States",,,NEEDS_SITE_CHECK,"glass shop or building contractor, window scope unknown",,name + review keyword filter
Allco Siding & Window Replacement Contractors No,https://streetviewpixels-pa.googleapis.com/v1/thumbnail?panoid=NVhVsBFYkcNXAtxLCLVKaA&cb_client=search.gws-prod.gps&w=408&h=240&yaw=298.5075&pitch=0&thumbfov=100,streetviewpixels-pa.googleapis.com,Austin,TX,,"3810 Medical Pkwy, Austin, TX 78756, United States",,,YES,name states window installation/replacement/doors,high,name + review keyword filter
Window Tint Polarizado No,,,Dallas,TX,+1 214-714-4543,"3932 W Davis St, Dallas, TX 75211, United States",4.4,94,NO,window tint/film only,high,name + review keyword filter
Krestmark Industries LP No,https://rymap.org/business/krestmark-industries-lp-pnjjdt,rymap.org,Dallas,TX,+1 214-237-5055,"3950 Bastille Rd #100, Dallas, TX 75212, United States",2.2,70,NO,Vinyl/aluminium window manufacturer (now part of Westlake Royal Windows Solutions),high,verified last run (web search)
Windows Installation No,https://maps.gstatic.com/tactile/pane/default_geocode-1x.png,maps.gstatic.com,Dallas,TX,+1 214-760-4545,"401 Tom Landry Fwy, Dallas, TX 75260, United States",,,NEEDS_SITE_CHECK,window in name but service type unconfirmed,,name + review keyword filter
Window Car- Pancho No,https://streetviewpixels-pa.googleapis.com/v1/thumbnail?panoid=UNAC_bGipDjxGvvaD1-QNQ&cb_client=search.gws-prod.gps&w=408&h=240&yaw=235.32901&pitch=0&thumbfov=100,streetviewpixels-pa.googleapis.com,Dallas,TX,,"4215 Parry Ave, Dallas, TX 75223, United States",,,NEEDS_SITE_CHECK,window in name but service type unconfirmed,,name + review keyword filter
Coleman Windshield No,http://colemanwindshield.com/,colemanwindshield.com,Dallas,TX,+1 972-646-6412,"4428 Main St, Dallas, TX 75226, United States",4.8,4818,NO,Mobile auto glass / windshield replacement,high,verified last run (web search)
My Auto Glass Shop No,http://myautoglassshop.com/,myautoglassshop.com,Dallas,TX,+1 214-390-4263,"4445 Rock Quarry Rd #400 #400, Dallas, TX 75211, United States",5,501,NO,mobile auto glass / windshield replacement,medium,verified last run (web search)
Emiliani Window Tint No,https://streetviewpixels-pa.googleapis.com/v1/thumbnail?panoid=pOriOwGA_RZ2aplvzP3hvQ&cb_client=search.gws-prod.gps&w=408&h=240&yaw=337.86615&pitch=0&thumbfov=100,streetviewpixels-pa.googleapis.com,Garland,TX,+1 8882000,"4517 Forest Ln, Garland, TX 75042, United States",,,NO,window tint/film only,high,name + review keyword filter
Trinity Glazing Contractors No,https://www.trinityglazing.com/,trinityglazing.com,Dallas,TX,+1 214-339-6444,"4520 Mint Way #1, Dallas, TX 75236, United States",4.9,10,YES,name states window installation/replacement/doors,high,name + review keyword filter
Windows Server No,https://www.mightydfw.com/Contact,mightydfw.com,Austin,TX,+1 800-545-4412,"4911 E 7th St, Austin, TX 78702, United States",4.1,4132,NEEDS_SITE_CHECK,window in name but service type unconfirmed,,name + review keyword filter
The Glass House Inc No,http://www.glasshousetexas.com/,glasshousetexas.com,Austin,TX,+1 512-632-4656,"501 W Powell Ln #211, Austin, TX 78753, United States",2.5,2,NEEDS_SITE_CHECK,"glass shop or building contractor, window scope unknown",,name + review keyword filter
C&C Remodeling Services No,https://maps.gstatic.com/tactile/pane/default_geocode-1x.png,maps.gstatic.com,Del Valle,TX,+1 512-563-4134,"5120 E Hwy 71, Del Valle, TX 78617, United States",,,YES,review explicitly describes window install/replacement,high,name + review keyword filter
Fort Lauderdale Impact No,https://fortlauderdaleimpact.com/,fortlauderdaleimpact.com,Fort Lauderdale,FL,+1 888-417-8676,"5272 NW 36th Way, Fort Lauderdale, FL 33309, United States",5,4941,NEEDS_SITE_CHECK,insufficient signal,,name + review keyword filter
Express Window No,https://streetviewpixels-pa.googleapis.com/v1/thumbnail?panoid=-gtt4v0nkbn_XSIYE-m3Rw&cb_client=search.gws-prod.gps&w=408&h=240&yaw=145.29532&pitch=0&thumbfov=100,streetviewpixels-pa.googleapis.com,Dallas,TX,,"5502 Harry Hines Blvd, Dallas, TX 75235, United States",,,NEEDS_SITE_CHECK,window in name but service type unconfirmed,,name + review keyword filter
Window tint No,https://streetviewpixels-pa.googleapis.com/v1/thumbnail?panoid=4m6YikRu0iN81VjZlCOX5g&cb_client=search.gws-prod.gps&w=408&h=240&yaw=292.45914&pitch=0&thumbfov=100,streetviewpixels-pa.googleapis.com,Austin,TX,+1 737-359-7462,"5804 S Congress Ave, Austin, TX 78745, United States",,,NO,window tint/film only,high,name + review keyword filter
Mediterranean Impact Windows No,http://www.medimpactwindow.com/,medimpactwindow.com,Pompano Beach,FL,+1 954-990-8363,"601 SW 8th St, Pompano Beach, FL 33060, United States",3.8,33,NEEDS_SITE_CHECK,window in name but service type unconfirmed,,name + review keyword filter
América Window Tint No,https://www.facebook.com/Am%C3%A9rica-window-Tint-328436710858099/?hc_ref=ARTjVdKHK5N2_sv64OVf44MLky-4iIxSKM1rf2Poc74ddu2G0q1XtRAPENE0qKlibK8,facebook.com,Austin,TX,+1 512-317-1811,"6215 Daniel Alexander Wy, Austin, TX 78744, United States",4.8,17,YES,Stocks windows and provides framing and installation services including window and door installations,medium,verified last run (web search)
"Jm's Glass and Aluminum Services No 62HX+V2C, National Highway, Purok Pag.asa II, Brgy, Polomolok, 9504 South Cotabato 1 302",https://streetviewpixels-pa.googleapis.com/v1/thumbnail?panoid=2NRZPCLG02PHH6m09rdkBQ&cb_client=search.gws-prod.gps&w=408&h=240&yaw=29.133322&pitch=0&thumbfov=100,streetviewpixels-pa.googleapis.com,,,,,,,NEEDS_SITE_CHECK,"glass shop or building contractor, window scope unknown",,name + review keyword filter
Infinity Window Doors No,https://streetviewpixels-pa.googleapis.com/v1/thumbnail?panoid=IUYHjWs--v-dU5oK7_lFNQ&cb_client=search.gws-prod.gps&w=408&h=240&yaw=212.05954&pitch=0&thumbfov=100,streetviewpixels-pa.googleapis.com,Fort Lauderdale,FL,+1 234-832-0404,"6301 NW 5th Way, Fort Lauderdale, FL 33309, United States",,,NEEDS_SITE_CHECK,window in name but service type unconfirmed,,name + review keyword filter
Windows of Fort Lauderdale No,https://windowsoffortlauderdale.com/,windowsoffortlauderdale.com,Fort Lauderdale,FL,+1 754-354-7816,"6330 N Andrews Ave, Fort Lauderdale, FL 33309, United States",4.4,12,NEEDS_SITE_CHECK,window in name but service type unconfirmed,,name + review keyword filter
Texas Screen Medic No,https://streetviewpixels-pa.googleapis.com/v1/thumbnail?panoid=Gcg3lRaG2e1FieO6m5FTjw&cb_client=search.gws-prod.gps&w=408&h=240&yaw=304.9084&pitch=0&thumbfov=100,streetviewpixels-pa.googleapis.com,Austin,TX,+1 512-962-4069,"6712 Broad Brook Dr, Austin, TX 78747, United States",,,NEEDS_SITE_CHECK,insufficient signal,,name + review keyword filter
Glass Installation No,http://psfipro.com/contact/,psfipro.com,Austin,TX,+1 844-773-4776,"6800 West Gate Blvd, Austin, TX 78745, United States",2.5,252,NEEDS_SITE_CHECK,"glass shop or building contractor, window scope unknown",,name + review keyword filter
The Burke Company No,http://theburkecompany.com/,theburkecompany.com,Dallas,TX,+1 214-887-0005,"722 Paulus Ave, Dallas, TX 75214, United States",4.7,6,NO,High-end design-build remodeling firm and custom home builder,medium,verified last run (web search)
Arganisetes No,https://streetviewpixels-pa.googleapis.com/v1/thumbnail?panoid=goBglvWmEiFXEmkl0_xgsg&cb_client=search.gws-prod.gps&w=408&h=240&yaw=201.34904&pitch=0&thumbfov=100,streetviewpixels-pa.googleapis.com,Dallas,TX,,"7610 N Stemmons Fwy, Dallas, TX 75247, United States",,,NEEDS_SITE_CHECK,insufficient signal,,name + review keyword filter
Hunter Auto Performance No,,,Dallas,TX,+1 214-919-5136,"7801 Villa Cliff Dr, Dallas, TX 75228, United States",4.7,15,NEEDS_SITE_CHECK,insufficient signal,,name + review keyword filter
Budget Auto Glass No,https://windshielddfw.com/,windshielddfw.com,Richardson,TX,+1 972-994-9657,"809 S Sherman St, Richardson, TX 75081, United States",4.5,55,NO,Auto glass and windshield company,high,verified last run (web search)
Vinyl Siding Austin No,https://www.sidingcontractoraustin.com/contact,sidingcontractoraustin.com,Austin,TX,+1 512-607-7837,"8100 Cross Park Dr, Austin, TX 78754, United States",4.9,49179,NEEDS_SITE_CHECK,"glass shop or building contractor, window scope unknown",,name + review keyword filter
Southwest Exteriors Inc No,http://www.sweaustin.com/,sweaustin.com,Austin,TX,+1 512-844-1882,"8210 Bent Tree Rd #220, Austin, TX 78759, United States",5,502,NEEDS_SITE_CHECK,insufficient signal,,name + review keyword filter
Mirror Gallery Inc No,http://www.mirrorgallery.com/,mirrorgallery.com,Austin,TX,+1 512-660-5105,"8313 State Hwy 71, Austin, TX 78735, United States",4.1,13,NEEDS_SITE_CHECK,"glass shop or building contractor, window scope unknown",,name + review keyword filter
Fast Glass Service No,http://www.fastglassservice.com/,fastglassservice.com,Austin,TX,+1 512-836-4947,"837 Sagebrush Dr, Austin, TX 78758, United States",4.3,6,NEEDS_SITE_CHECK,"glass shop or building contractor, window scope unknown",,name + review keyword filter
Presidio No,http://presidiodoors.com/,presidiodoors.com,Austin,TX,+1 512-524-6060,"8651 Old Bee Caves Rd, Austin, TX 78735, United States",5,4,NEEDS_SITE_CHECK,insufficient signal,,name + review keyword filter
Alpha Glass & Mirror Co No,http://www.agmglass-dfw.com/,agmglass-dfw.com,Dallas,TX,+1 214-637-5500,"8901 Sovereign Row, Dallas, TX 75247, United States",3.7,9,YES,"Commercial and retail glass/window replacement, wet sealing",high,verified last run (web search)
Atrium Aluminum Products No,http://www.atrium.com/,atrium.com,Dallas,TX,+1 214-331-3870,"9001 Ambassador Row, Dallas, TX 75247, United States",4.3,91,NEEDS_SITE_CHECK,insufficient signal,,name + review keyword filter
historic restoration experts No,https://streetviewpixels-pa.googleapis.com/v1/thumbnail?panoid=izpIm4a6VlGv6gTdqt1ycg&cb_client=search.gws-prod.gps&w=408&h=240&yaw=133.66278&pitch=0&thumbfov=100,streetviewpixels-pa.googleapis.com,Dallas,TX,+1 469-493-3709,"9008 San Benito Way, Dallas, TX 75218, United States",,,NEEDS_SITE_CHECK,"glass shop or building contractor, window scope unknown",,name + review keyword filter
Rhino Austin LLC No,https://streetviewpixels-pa.googleapis.com/v1/thumbnail?panoid=bxgGh1QVY8J5el3gyPKSXg&cb_client=search.gws-prod.gps&w=408&h=240&yaw=180.77106&pitch=0&thumbfov=100,streetviewpixels-pa.googleapis.com,Austin,TX,+1 512-374-1008,"916 Springdale Rd Bldg 5, Suite 101, Austin, TX 78702, United States",,,NEEDS_SITE_CHECK,insufficient signal,,name + review keyword filter
D a Shade LLC No,,,Austin,TX,+1 512-876-4909,"9601 N Interstate Hwy 35, Austin, TX 78753, United States",3.3,46,NO,blinds/shades/shutters/drapery (window treatments),high,name + review keyword filter
"DAGUMAN GLASS SHOP No Bunawan, Davao City, Davao del Sur (082) 236 3681 5 2 Sunday: Closed, Monday: 8 AM–5 PM, Tuesday: 8 AM–5 PM, Wednesday: 8 AM–5 PM, Thursday: 8 AM–5 PM, Friday: 8 AM–5 PM, Saturday: 8 AM–5 PM",https://streetviewpixels-pa.googleapis.com/v1/thumbnail?panoid=myqyCPwHXnb3MOohLjAFBw&cb_client=search.gws-prod.gps&w=408&h=240&yaw=159.87184&pitch=0&thumbfov=100,streetviewpixels-pa.googleapis.com,,,,,,,NEEDS_SITE_CHECK,"glass shop or building contractor, window scope unknown",,name + review keyword filter
"Highway Glass & Aluminum Installation Services No Cagayan De Oro City, Misamis Oriental 5 0",https://streetviewpixels-pa.googleapis.com/v1/thumbnail?panoid=E2hUWwYCClcgTLhQ1H818Q&cb_client=search.gws-prod.gps&w=408&h=240&yaw=144.57707&pitch=0&thumbfov=100,streetviewpixels-pa.googleapis.com,,,,,,,NEEDS_SITE_CHECK,"glass shop or building contractor, window scope unknown",,name + review keyword filter
G and J Glass Installation Services,,,,,,,3.4,347,NEEDS_SITE_CHECK,"glass shop or building contractor, window scope unknown",,name + review keyword filter
"Jb Glass & Aluminum Installation & Services No Dipolog City, Zamboanga del Norte 4 2",https://streetviewpixels-pa.googleapis.com/v1/thumbnail?panoid=-7_FFd67CpgEUMPESDcFFg&cb_client=search.gws-prod.gps&w=408&h=240&yaw=114.116104&pitch=0&thumbfov=100,streetviewpixels-pa.googleapis.com,,,,,,,NEEDS_SITE_CHECK,"glass shop or building contractor, window scope unknown",,name + review keyword filter
"New-O glass and aluminum services No P7, Impasug-ong, 8702 Bukidnon 0936 924 6079 3 302",https://maps.gstatic.com/tactile/pane/default_geocode-1x.png,maps.gstatic.com,,,,,,,NEEDS_SITE_CHECK,"glass shop or building contractor, window scope unknown",,name + review keyword filter
A+ Windows & Doors No,https://streetviewpixels-pa.googleapis.com/v1/thumbnail?panoid=pBn3rTfshwqcsQxO9PgVqg&cb_client=search.gws-prod.gps&w=408&h=240&yaw=178.44156&pitch=0&thumbfov=100,streetviewpixels-pa.googleapis.com,,,+1 602-680-2581,"Phoenix, AZ 85003, United States",,,YES,name states window installation/replacement/doors,high,name + review keyword filter
"ALUMINUM GLASS FABRICATION & INSTALLATION No Poblacion District, Davao City, Davao del Sur 0 0",https://streetviewpixels-pa.googleapis.com/v1/thumbnail?panoid=13HvHXTUn7qnZBhh_q-t7Q&cb_client=search.gws-prod.gps&w=408&h=240&yaw=56.28541&pitch=0&thumbfov=100,streetviewpixels-pa.googleapis.com,,,,,,,NEEDS_SITE_CHECK,"glass shop or building contractor, window scope unknown",,name + review keyword filter
"Dodong Glass And Aluminum Installer No Polomolok, South Cotabato 5 502",https://streetviewpixels-pa.googleapis.com/v1/thumbnail?panoid=umZsGrEtAP_UWJfnDBAs6Q&cb_client=search.gws-prod.gps&w=408&h=240&yaw=42.43218&pitch=0&thumbfov=100,streetviewpixels-pa.googleapis.com,,,,,,,NEEDS_SITE_CHECK,"glass shop or building contractor, window scope unknown",,name + review keyword filter
Doy-Doy Glass Installation And Hollowblocks,,,,,,,5,2,NEEDS_SITE_CHECK,"glass shop or building contractor, window scope unknown",,name + review keyword filter
Zandro Glass And Aluminium Works,,,,,,,1,0,NEEDS_SITE_CHECK,"glass shop or building contractor, window scope unknown",,name + review keyword filter
Keron Glass and Aluminum Supply,,,,,,,5,5,NEEDS_SITE_CHECK,"glass shop or building contractor, window scope unknown",,name + review keyword filter
21st Century Painting Roofing & Siding of Austin Yes,https://www.21stcenturytexas.com/,21stcenturytexas.com,Austin,TX,+1 512-219-0342,"9811-A, Beck Cir, Austin, TX 78758, United States",5,518,NEEDS_SITE_CHECK,"glass shop or building contractor, window scope unknown",,name + review keyword filter
Alpine Exteriors Siding Roofing & Windows,https://alpineexteriorstx.com/,alpineexteriorstx.com,Dallas,TX,+1 214-537-9454,"5960 Berkshire Ln Ste 100, Dallas, TX 75225, United States",5,13,YES,Window replacement and installation; authorized Milgard and Andersen window supplier and installer,high,verified last run (web search)
Louver Shop Shutters of Austin Round Rock & Georgetown,https://www.louvershop.com/locations/louver-shop-of-austin/?utm_source=1751&utm_medium=internet&utm_campaign=gmb-licensee&ls=582,louvershop.com,,,+1 512-746-7165,,5,7,NO,blinds/shades/shutters/drapery (window treatments),high,name + review keyword filter
WINDO – European Aluminum Windows & Doors by Reynaers Schueco Aluprof Alumil & Cortizo Yes,https://windo.io/,windo.io,Austin,TX,+1 512-738-0330,"7801 N Lamar Blvd B 156, Austin, TX 78752, United States",5,9,YES,name states window installation/replacement/doors,high,name + review keyword filter
Love is Blinds-Custom Blinds Shades Shutters Yes,https://www.loveisblindstx.com/window-treatments/austin-tx,loveisblindstx.com,Austin,TX,+1 512-886-8604,"13785 Research Blvd Ste 125, #317, Austin, TX 78750, United States",5,4,NO,"Custom blinds, shades, shutters dealer/installer",high,verified last run (web search)
Sunburst Shutters Shades & Blinds Dallas,https://www.sunburstshuttersdallas.com/?utm_source=google&utm_medium=organic&utm_campaign=gmb&utm_term=website,sunburstshuttersdallas.com,Dallas,TX,+1 214-301-5066,"10990 Petal St Ste 100, Dallas, TX 75238, United States",5,127,NO,"Plantation shutters, blinds and shades",high,verified last run (web search)
Blind Outfitters: Blinds Austin Shutters Shades Yes,http://www.blindoutfitters.com/,blindoutfitters.com,Austin,TX,+1 512-331-8380,"10503 Yucca Dr, Austin, TX 78759, United States",4.9,116,NO,blinds/shades/shutters/drapery (window treatments),high,name + review keyword filter
Feldco Windows Siding Doors & Roofing of Rockford Yes,https://www.4feldco.com/locations/rockford?utm_source=GBP&utm_medium=organic&utm_campaign=rockford,4feldco.com,Rockford,IL,+1 866-433-5326,"4322 Maray Dr, Rockford, IL 61107, United States",4.7,443,NEEDS_SITE_CHECK,window in name but service type unconfirmed,,name + review keyword filter
Allco Contractor - Windows Siding & Patios,http://allcocontractor.com/,allcocontractor.com,,,+1 512-845-6606,,0,0,NEEDS_SITE_CHECK,window in name but service type unconfirmed,,name + review keyword filter
M&M Roofing Siding & Windows,https://www.mmroofsiding.com/,mmroofsiding.com,,,+1 214-381-0600,,4.4,7,YES,"Replacement windows as part of exterior home improvement (roofing, siding, windows, doors, radiant barriers, gutters)",high,verified last run (web search)
Austin Window Siding and Roofing,https://austinwindowssidingroofing.com/,austinwindowssidingroofing.com,Austin,TX,+1 512-645-1088,"901 S MoPac Expy, Austin, TX 78746, United States",4.8,267,NEEDS_SITE_CHECK,window in name but service type unconfirmed,,name + review keyword filter
Shades of Texas - Windows Tint & Shades - Austin,https://shadesoftx.com/austin?utm_source=gmb&utm_medium=local&utm_campaign=austin,shadesoftx.com,Cedar Park,TX,+1 512-991-8781,"1612 Shenandoah Dr, Cedar Park, TX 78613, United States",4.8,466,NO,blinds/shades/shutters/drapery (window treatments),high,name + review keyword filter
Cover Glass USA - Lakeway TX,https://coverglassusa.com/texas/,coverglassusa.com,,,+1 888-457-3667,,0,0,NEEDS_SITE_CHECK,"glass shop or building contractor, window scope unknown",,name + review keyword filter
Window Gang - Austin TX,https://www.windowgang.com/pages/austin-tx,windowgang.com,Cedar Park,TX,+1 512-259-7979,"1320 Arrow Point Dr Ste 501 #TW140, Cedar Park, TX 78613, United States",4.9,441,NO,window cleaning/washing,high,name + review keyword filter
Empire Today - Austin TX,https://www.empiretoday.com/locations/san-antonio?CID=gbp,empiretoday.com,Austin,TX,+1 726-222-0009,"2301 E St Elmo Rd Suite: 106, Austin, TX 78744, United States",4.6,923,NEEDS_SITE_CHECK,insufficient signal,,name + review keyword filter
Sol Solutions - Custom Windows and Doors Estimate - Dallas TX,https://ntxsol.com/,ntxsol.com,Dallas,TX,+1 469-708-8151,"6750 Hillcrest Plaza Dr #214, Dallas, TX 75230, United States",5,35,YES,"Window installation and replacement (Low-E vinyl / Milgard), plus doors, patio doors and seamless gutters",high,verified last run (web search)
Pella Windows and Doors Showroom of Austin TX,https://www.pella.com/locations/tx/austin/?utm_source=google&utm_medium=organic&utm_campaign=gbp,pella.com,Austin,TX,+1 512-339-6601,"9222 Burnet Rd #105, Austin, TX 78758, United States",4.5,587,YES,Replacement window and door sales and installation,high,verified last run (web search)
FASTSIGNS of Dallas TX - Love Field,https://www.fastsigns.com/west-dallas-tx/,fastsigns.com,Dallas,TX,+1 214-646-3869,"1555 Prudential Dr, Dallas, TX 75235, United States",4.9,83,NEEDS_SITE_CHECK,insufficient signal,,name + review keyword filter
Dynamic PPF & Tint - PPF Window Tint Ceramic Coatings Yes,https://dynamicppfandtint.com/,dynamicppfandtint.com,Austin,TX,+1 512-609-9586,"6814 Boggy Creek Dr, Austin, TX 78744, United States",5,39,NEEDS_SITE_CHECK,"auto-glass name, but may also do building glass — must verify",,name + review keyword filter
Pro Step LLC | European Custom Cabinetry Windows Doors Yes,https://prostepstudio.com/,prostepstudio.com,,,+1 512-766-9573,,5,7,NEEDS_SITE_CHECK,window in name but service type unconfirmed,,name + review keyword filter
Titan Siding Windows & Roofing,https://titansiding.com/,titansiding.com,Austin,TX,+1 512-944-8029,"12112 Anderson Mill Rd Bldg 11a, Austin, TX 78726, United States",4.9,456,YES,window in name + review describes window work,high,name + review keyword filter
Austin Pro Siding Windows & Roofing,https://www.austinprosiding.com/,austinprosiding.com,Austin,TX,+1 512-550-0000,"7801 N Lamar Blvd Ste C70, Austin, TX 78752, United States",4.9,467,NEEDS_SITE_CHECK,window in name but service type unconfirmed,,name + review keyword filter
SunSmart Windows of Dallas Yes,http://dallas.sunsmarthome.com/,dallas.sunsmarthome.com,,,,,0,0,YES,Custom energy-efficient window installation and replacement plus door installation; commercial and residential window replacement,high,verified last run (web search)
Restore Your Door Dallas Yes,https://dallasdoorrefinishing.com/,dallasdoorrefinishing.com,,,,,3.3,3,NO,Door refinishing and restoration (plus door install/repair),high,verified last run (web search)
Vista Home Solutions Yes,https://vistahomesolutions.org/,vistahomesolutions.org,,,,,5,9,NO,"Window washing, power washing, gutter cleaning",high,verified last run (web search)
Pane Clinic Window Cleaning Yes,https://paneclinicwindowcleaning.com/,paneclinicwindowcleaning.com,,,,,5,4,NO,Window cleaning,medium,verified last run (web search)
All Clear Here Window Cleaning,,,,,,,4.9,30,NO,window cleaning/washing,high,name + review keyword filter
BrightPath Windows Yes,https://brightpathwindows.com/,brightpathwindows.com,,,,,0,0,NEEDS_SITE_CHECK,window in name but service type unconfirmed,,name + review keyword filter
jman glass,,,,,,,0,0,NEEDS_SITE_CHECK,"glass shop or building contractor, window scope unknown",,name + review keyword filter
Screw It All Assembly Yes,http://screwitallassembly.com/,screwitallassembly.com,,,,,5,49,NEEDS_SITE_CHECK,insufficient signal,,name + review keyword filter
Dallas home exterior Yes 0 0,https://maps.gstatic.com/tactile/pane/default_geocode-1x.png,maps.gstatic.com,,,,,,,NEEDS_SITE_CHECK,"glass shop or building contractor, window scope unknown",,name + review keyword filter
Trim Star Austin,,,,,,,5,30,NEEDS_SITE_CHECK,insufficient signal,,name + review keyword filter
MIKA Studio Yes,https://www.mikastudio.online/,mikastudio.online,,,,,5,7,NEEDS_SITE_CHECK,insufficient signal,,name + review keyword filter
Atex Window Services Yes,https://atexwindowservices.com/,atexwindowservices.com,,,,,5,42,NO,window cleaning/washing,high,name + review keyword filter
CTRL Auto Tint Yes,https://www.instagram.com/ctrl_auto_tinting/,instagram.com,,,,,5,3,YES,"Window installation in and around Dallas; products include low-e windows, tempered glass, aluminum window products; also shower glass and mirrors",medium,verified last run (web search)
South Austin Handyman Yes,http://www.southaustinhm.com/,southaustinhm.com,,,,,5,123,NEEDS_SITE_CHECK,"glass shop or building contractor, window scope unknown",,name + review keyword filter
Binky's Window LLC,,,,,,,0,0,NEEDS_SITE_CHECK,window in name but service type unconfirmed,,name + review keyword filter
4Family Construction,,,,,,,5,2,NEEDS_SITE_CHECK,"glass shop or building contractor, window scope unknown",,name + review keyword filter
Builders Window Source Yes,https://maps.gstatic.com/tactile/pane/default_geocode-1x.png,maps.gstatic.com,,,+1 208-605-8003,,,,YES,name states window installation/replacement/doors,high,name + review keyword filter
All Shades of Texas Yes,https://www.allshadesoftx.net/,allshadesoftx.net,,,+1 210-440-0007,,5,74,NO,blinds/shades/shutters/drapery (window treatments),high,name + review keyword filter
Robles Remodeling Austin Yes,https://roblesremodelingaustintx.com/,roblesremodelingaustintx.com,,,+1 210-761-7526,,4.9,124,NEEDS_SITE_CHECK,insufficient signal,,name + review keyword filter
Zip Roofing Yes,,,,,+1 214-200-6008,,5,0,NEEDS_SITE_CHECK,"glass shop or building contractor, window scope unknown",,name + review keyword filter
Propertifix Handyman & Renovation Services Yes,https://propertifix.com/,propertifix.com,,,+1 214-210-1111,,4.8,207,YES,"Door and window repairs, window restoration (arched window repair/refinishing) and window/door water-damage reconstruction; full window replacement not confirmed",low,verified last run (web search)
Dallas Door Installation and Repair Service Yes,https://dallasdoorinstallationandrepairservice.com/,dallasdoorinstallationandrepairservice.com,,,+1 214-223-1966,,5,46,NEEDS_SITE_CHECK,insufficient signal,,name + review keyword filter
H&H Remodeling Yes,https://hh-remodeling.com/,hh-remodeling.com,,,+1 214-223-8258,,5,11,YES,Window replacement (argon gas insulated windows); also installs custom solar screens,high,verified last run (web search)
Window Broker DFW Yes,,,,,+1 214-225-0816,,5,3,YES,window in name + review describes window work,high,name + review keyword filter
Delightful Designs Yes,http://www.delightfuldesigns.net/,delightfuldesigns.net,,,+1 214-226-7840,,5,38,NO,"Custom window treatments (shades, shutters, patio screens)",high,verified last run (web search)
Dennis Glass & Mirror Yes,,,,,+1 214-228-8593,,5,3,NEEDS_SITE_CHECK,"glass shop or building contractor, window scope unknown",,name + review keyword filter
weinstallwindows.com Yes,https://weinstallwindows.com/,weinstallwindows.com,,,+1 214-239-9108,,0,0,NEEDS_SITE_CHECK,insufficient signal,,name + review keyword filter
Tricityrenovation Yes,http://tricityrenovation.com/,tricityrenovation.com,,,+1 214-244-2901,,5,2,YES,Doors & windows listed as a service,medium,verified last run (web search)
Texas Finest Glass & More LLC Yes,,,,,+1 214-253-3270,,5,0,NEEDS_SITE_CHECK,"glass shop or building contractor, window scope unknown",,name + review keyword filter
Snappy Window Cleaners Yes,,,,,+1 214-270-5587,,5,22,NEEDS_SITE_CHECK,insufficient signal,,name + review keyword filter
Texas Pride Mirror & Glass LLC Yes,https://texaspridemirrornglass.com/,texaspridemirrornglass.com,,,+1 214-281-6638,,5,11,YES,"Window replacement, window installation and window leak repair",high,verified last run (web search)
Luna Glass and Mirror Yes,https://lunaglassmirror.com/,lunaglassmirror.com,,,+1 214-284-1397,,5,4,YES,Residential window replacement and window glass repair; also commercial glass repair and emergency board-up (plus shower glass/mirrors),medium,verified last run (web search)
Portal Pros - Dallas Dog Door Installation Yes,https://portalprosdallas.com/,portalprosdallas.com,,,+1 214-307-2503,,5,3,NO,Pet door (dog/cat door) installation specialist,medium,verified last run (web search)
Dallas Window Film Yes,https://denverwindowfilm.com/,denverwindowfilm.com,,,+1 214-329-9603,,4.5,2,NO,Window film / tinting contractor,medium,verified last run (web search)
Super Cars Auto Glass Yes,,,,,+1 214-336-6413,,3.3,3,NEEDS_SITE_CHECK,"auto-glass name, but may also do building glass — must verify",,name + review keyword filter
Professional Window Tint of Dallas Yes,https://www.glasstinting.com/,glasstinting.com,,,+1 214-348-1234,,4.9,238,NO,Window film / tint and glass frosting installer (residential + commercial),high,verified last run (web search)
Mobile Glass Yes,,,,,+1 214-382-9105,,4.4,149,NEEDS_SITE_CHECK,"glass shop or building contractor, window scope unknown",,name + review keyword filter
Abbey Rowe Auto Glass of Dallas Yes,,,,,+1 214-382-9379,,4.4,16,NEEDS_SITE_CHECK,"auto-glass name, but may also do building glass — must verify",,name + review keyword filter
828 Windows & Doors Yes,http://828windowsanddoors.com/,828windowsanddoors.com,,,+1 214-389-2828,,3.3,333,YES,Window and door replacement,medium,verified last run (web search)
Contact Window Cleaning Yes,https://contactwindowcleaning.com/,contactwindowcleaning.com,,,+1 214-390-5774,,5,203,NO,Residential and commercial window cleaning,high,verified last run (web search)
Lone Star Home Pro Yes,https://lonestarhomepro.com/,lonestarhomepro.com,,,+1 214-417-6390,,4.8,22,YES,Window installation and replacement services for energy efficiency and curb appeal,high,verified last run (web search)
Trejos Texas Tint Yes,http://trejostexastint.com/,trejostexastint.com,,,+1 214-431-8715,,5,5,NEEDS_SITE_CHECK,insufficient signal,,name + review keyword filter
Lava Auto Glass Yes,https://www.lavaautoglass.com/?utm_source=google&utm_medium=wix_google_business_profile&utm_campaign=16940981642018246518,lavaautoglass.com,,,+1 214-436-1325,,4.9,120,NO,mobile auto glass / windshield replacement,high,verified last run (web search)
Zen Windows Dallas Yes,https://zenwindows.com/dallas/?utm_source=google&utm_medium=organic&utm_campaign=maps_dallas,zenwindows.com,,,+1 214-447-3199,,5,4,YES,"Whole-window replacement and installation (vinyl, bay, etc.) plus doors; no repairs",high,verified last run (web search)
Victory Auto glass Yes,,,,,+1 214-462-2782,,4.4,7,NEEDS_SITE_CHECK,"auto-glass name, but may also do building glass — must verify",,name + review keyword filter
J Conns Windows & Gutter Cleaning Service Yes,,,,,+1 214-466-3215,,5,2,NEEDS_SITE_CHECK,window in name but service type unconfirmed,,name + review keyword filter
Budget Blinds Yes,http://budgetblinds.com/parkcities,budgetblinds.com,,,+1 214-503-0151,,5,48,NO,blinds/shades/shutters/drapery (window treatments),high,name + review keyword filter
Nova View Installations LLC Yes,https://www.windowinstallationdallastx.com/,windowinstallationdallastx.com,,,+1 214-506-8288,,0,0,YES,Window installation and replacement — energy-efficient replacement windows across the DFW area,medium,verified last run (web search)
Fresh Start Yes,http://www.thedamage.repair/,thedamage.repair,,,+1 214-563-5040,,4.8,20,YES,Insurance restoration rebuild work including window replacement after fire/water/storm damage,medium,verified last run (web search)
Mario's Window Cleaning Yes,,,,,+1 214-577-1751,,0,0,NO,window cleaning/washing,high,name + review keyword filter
Amazing Glare LLC. Yes,,,,,+1 214-586-6242,,0,0,NEEDS_SITE_CHECK,insufficient signal,,name + review keyword filter
Dallas Windows and Gutter Cleaning Yes,https://bestwindowcleanerdallas.com/,bestwindowcleanerdallas.com,,,+1 214-597-3248,,4.9,189,NO,Window and gutter cleaning,high,verified last run (web search)
Excelsior Glass and Mirror LLC Yes,http://excelsiorglass.co/,excelsiorglass.co,,,+1 214-622-3021,,4.4,20,YES,Residential window installation and window repair/replacement; commercial storefronts,high,verified last run (web search)
jm residential glass Yes,https://maps.gstatic.com/tactile/pane/default_geocode-1x.png,maps.gstatic.com,,,+1 214-635-7808,,,,NEEDS_SITE_CHECK,"glass shop or building contractor, window scope unknown",,name + review keyword filter
Detail Lounge & Window Tinting Yes,,,,,+1 214-646-3147,,4.5,2,NO,window tint/film only,high,name + review keyword filter
Urban Pioneer Construction & Remodeling Yes,https://urbanpioneerconstruction.org/,urbanpioneerconstruction.org,,,+1 214-682-4564,,5,0,YES,"Window installation, window repair and replacement; doors and windows work",medium,verified last run (web search)
Blade Glazing LLC Yes,http://bladeglazingllc.com/,bladeglazingllc.com,,,+1 214-687-1216,,5,9,YES,"Broken window glass repair/replacement, storefront glass installation, floor-to-ceiling glass walls",high,verified last run (web search)
McBain's Windows and Doors LLC Yes,https://mcbainswindowsanddoors.com/,mcbainswindowsanddoors.com,,,+1 214-702-3818,,5,28,YES,"Window replacement and window repair, glass repair including single damaged units, old double windows and whole-house projects; also doors and solar screens",high,verified last run (web search)
Poiema Construction Yes,http://www.poiemaconstruction.com/,poiemaconstruction.com,,,+1 214-702-6789,,4.7,18,NO,"General contractor - residential remodels, roofing and insurance/storm restoration",medium,verified last run (web search)
ClearVue Solutions Yes,https://clearvue.solutions/,clearvue.solutions,,,+1 214-704-2531,,5,49,NO,Window cleaning and pressure washing,medium,verified last run (web search)
DFW J&A EXPERT GLASS REPAIRS Yes,,,,,+1 214-718-8816,,5,52,NEEDS_SITE_CHECK,"glass shop or building contractor, window scope unknown",,name + review keyword filter
DFW Doors LLC. Yes,http://dfwdoorinstallations.com/,dfwdoorinstallations.com,,,+1 214-725-1557,,4.9,70,NO,Door installation and repair only,high,verified last run (web search)
Mr Quick Fix Yes,https://www.mrquickfix.net/,mrquickfix.net,,,+1 214-734-6293,,3.5,21,YES,"Doors & windows service line: glass pane replacement (single and double), window sash or frame repair, full replacement of frames or glass, seal-failure/condensation fixes",medium,verified last run (web search)
Certified Window & Door Yes,http://www.remodelcwd.com/,remodelcwd.com,,,+1 214-736-3935,,4,2,YES,"Custom window and door supply, design and installation for builders, remodelers and homeowners",high,verified last run (web search)
City Renovations Llc Yes,,,,,+1 214-753-9461,,5,5,NEEDS_SITE_CHECK,insufficient signal,,name + review keyword filter
Dynasty Windshield Repair Yes,http://dynastywindshield.com/,dynastywindshield.com,,,+1 214-753-9892,,0,0,NO,"vehicle/automotive business, no glass or window signal",high,name + review keyword filter
DFW Mobile Window Tint Yes,http://www.dfwmobilewindowtint.com/,dfwmobilewindowtint.com,,,+1 214-757-6411,,4.8,252,NO,window tint/film only,high,name + review keyword filter
Sun & Sound Windows - DFW Yes,https://sunandsoundwindows.com/,sunandsoundwindows.com,,,+1 214-771-9544,,4.2,10,YES,"Custom-makes and installs laminated-glass soundproof window inserts (secondary glazing) into existing windows and doors — measuring, manufacturing and installation; not full window replacement",low,verified last run (web search)
RH IMPRESS EXTERIOR CLEANING SOLUTIONS Yes,,,,,+1 214-791-1944,,5,23,NEEDS_SITE_CHECK,"glass shop or building contractor, window scope unknown",,name + review keyword filter
Express Autoglass DFW Yes,,,,,+1 214-815-4866,,5,2,NO,"vehicle/automotive business, no glass or window signal",high,name + review keyword filter
Nc auto glass Yes,,,,,+1 214-815-8014,,5,0,NEEDS_SITE_CHECK,"auto-glass name, but may also do building glass — must verify",,name + review keyword filter
Southern Living Windows Yes,http://slivingwindows.com/,slivingwindows.com,,,+1 214-833-8286,,5,67,NEEDS_SITE_CHECK,window in name but service type unconfirmed,,name + review keyword filter
Custom Drapery Dallas Yes,http://www.draperydallas.net/,draperydallas.net,,,+1 214-838-5102,,5,0,NO,Custom drapery / window treatments,low,verified last run (web search)
BullDozier Window Service Yes,,,,,+1 214-861-7679,,0,0,NEEDS_SITE_CHECK,window in name but service type unconfirmed,,name + review keyword filter
Blessed by the Best Yes,http://blessedbythebest214.com/,blessedbythebest214.com,,,+1 214-863-8266,,5,10,NO,Window cleaning service,medium,verified last run (web search)
LOOK Cleaning Services Yes,http://www.lookwindowservice.com/,lookwindowservice.com,,,+1 214-864-0812,,5,67,NO,"Window cleaning, power washing, gutter cleaning",high,verified last run (web search)
Speed Auto Glass Yes,http://speedautoglass.online/,speedautoglass.online,,,+1 214-876-2838,,5,10,NEEDS_SITE_CHECK,"auto-glass name, but may also do building glass — must verify",,name + review keyword filter
Quality Window Tint | Same Day Home Service Yes,https://qualitywindowstint.com/,qualitywindowstint.com,,,+1 214-882-7145,,4.1,73,NO,Auto and home window tint film application,high,verified last run (web search)
Windows by Will Yes,https://www.windowsbywill.com/,windowsbywill.com,,,+1 214-926-7474,,5,0,NO,Residential window cleaning,high,verified last run (web search)
Reflections Window Cleaning Yes,,,,,+1 214-927-2489,,5,68,NO,window cleaning/washing,high,name + review keyword filter
ELEVATED WINDOWS COVERINGS Yes,http://elevatedwindowsdfw.com/,elevatedwindowsdfw.com,,,+1 214-940-0279,,5,11,NO,"Blinds, shutters and motorized shades dealer",high,verified last run (web search)
Anchor Windows Yes,,,,,+1 214-952-1829,,0,0,NEEDS_SITE_CHECK,window in name but service type unconfirmed,,name + review keyword filter
Statewide Energy Solutions Inc. Yes,https://statewideenergysolutions.com/,statewideenergysolutions.com,,,+1 214-960-2798,,4.7,115,YES,"Energy-efficient replacement windows, locally manufactured and installed; lifetime transferable warranty including glass breakage and labor",high,verified last run (web search)
The Glassinator Yes,,,,,+1 214-960-6730,,5,0,NEEDS_SITE_CHECK,insufficient signal,,name + review keyword filter
DF Windows Cleaning Yes,https://windowcleaningsvcdallas.com/,windowcleaningsvcdallas.com,,,+1 214-962-7954,,4,4,NEEDS_SITE_CHECK,window in name but service type unconfirmed,,name + review keyword filter
Pink's Windows Dallas Yes,https://pinkswindows.com/dallas,pinkswindows.com,,,+1 214-974-5643,,5,342,NO,Window cleaning and pressure washing,high,verified last run (web search)
Fiesta Autoglass Yes,http://fiestaautoglassdfw.com/,fiestaautoglassdfw.com,,,+1 214-986-1374,,5,133,NO,Auto glass / windshield installation and repair,medium,verified last run (web search)
GM PRO AUTOGLASS Yes,https://www.instagram.com/gmaut_oglass?igsh=MW92d2VkbzZtd2FwZQ==,instagram.com,,,+1 214-989-5806,,5,2,YES,"Window installation in and around Dallas; products include low-e windows, tempered glass, aluminum window products; also shower glass and mirrors",medium,verified last run (web search)
Shine Window cleaning of Dallas Highland Park Yes,https://shine-windowcleaning.com/location/highland-park/,shine-windowcleaning.com,,,+1 214-991-0183,,5,221,NO,"Window cleaning, pressure washing, gutter cleaning, holiday lighting franchise",high,verified last run (web search)
LuxVue Pros Yes,https://www.luxvuepros.com/,luxvuepros.com,,,+1 214-995-6140,,5,6,YES,"Replacement window installation (plus entry, interior, French and sliding patio doors, siding, trim, remodeling)",high,verified last run (web search)
K n B Door and Glass Yes,https://maps.gstatic.com/tactile/pane/default_geocode-1x.png,maps.gstatic.com,,,+1 219-712-7404,,,,NEEDS_SITE_CHECK,"glass shop or building contractor, window scope unknown",,name + review keyword filter
Lakeway Blinds and Shutters Yes,https://lakewayblinds.com/?utm_source=google&utm_medium=organic&utm_campaign=gbp,lakewayblinds.com,,,+1 254-527-5225,,5,8,NO,blinds/shades/shutters/drapery (window treatments),high,name + review keyword filter
Hart Construction Services Group Yes,,,,,+1 254-681-0648,,4.4,5,NEEDS_SITE_CHECK,"glass shop or building contractor, window scope unknown",,name + review keyword filter
Yacht Windows FL Yes,https://yachtwindowfl.com/,yachtwindowfl.com,,,+1 305-497-7723,,5,0,NEEDS_SITE_CHECK,window in name but service type unconfirmed,,name + review keyword filter
Fenstermann LLC Yes,https://fenstermann.com/,fenstermann.com,,,+1 305-746-0603,,0,0,NEEDS_SITE_CHECK,insufficient signal,,name + review keyword filter
Platinum Shine Window Cleaning Yes,https://www.platinumshinewc.com/,platinumshinewc.com,,,+1 308-660-6473,,5,0,NO,Window and gutter cleaning,high,verified last run (web search)
Glass Zone Yes,http://www.glasszone.net/,glasszone.net,,,+1 310-863-8846,,5,9,YES,"Residential windows, skylights, patio glass, foggy glass repair; commercial storefronts, window installation and repair, glass replacement",high,verified last run (web search)
Chicago Mobile Glass Repair Yes,https://www.windshieldreplacementchicago.net/,windshieldreplacementchicago.net,,,+1 312-854-7037,,5,9,NEEDS_SITE_CHECK,"glass shop or building contractor, window scope unknown",,name + review keyword filter
Paugh Handyman Service Dallas Yes,https://handymanservicedallastx.com/,handymanservicedallastx.com,,,+1 316-371-7048,,5,20,NEEDS_SITE_CHECK,"glass shop or building contractor, window scope unknown",,name + review keyword filter
All-Star Window Cleaning Yes,https://www.allstarwindowcleaning.net/,allstarwindowcleaning.net,,,+1 325-320-3065,,5,13,NO,window cleaning/washing,high,name + review keyword filter
Himes Remodeling and Renovation Yes,http://www.mrhaustin.com/,mrhaustin.com,,,+1 330-749-5662,,5,12,NEEDS_SITE_CHECK,insufficient signal,,name + review keyword filter
River City Blinds Yes,https://www.rivercityblindsaustin.com/,rivercityblindsaustin.com,,,+1 346-338-9262,,5,43,NO,blinds/shades/shutters/drapery (window treatments),high,name + review keyword filter
Pine Window Cleaning Yes,https://www.pineatx.com/,pineatx.com,,,+1 346-697-3867,,5,7,NO,window cleaning/washing,high,name + review keyword filter
LaRK Design House Yes,https://larkdesignhouse.com/,larkdesignhouse.com,,,+1 405-640-7855,,5,15,NO,Architecture and interior design studio,high,verified last run (web search)
Alltex Roofing Systems Yes,https://www.alltexroofingsystems.com/,alltexroofingsystems.com,,,+1 409-281-5868,,4.9,31,NO,Roofing contractor (residential and commercial),medium,verified last run (web search)
Skye Glass Yes,https://www.facebook.com/share/1AtPaKYrkH/?mibextid=wwXIfr,facebook.com,,,+1 430-346-5920,,5,34,YES,Stocks windows and provides framing and installation services including window and door installations,medium,verified last run (web search)
Frontstar Construction LLC Yes,https://frontstarco.com/,frontstarco.com,,,+1 469-213-6659,,5,68,YES,Window replacements as part of exterior renovation,high,verified last run (web search)
Razor Mirror and Glass Yes,https://www.razormirrorandglass.com/,razormirrorandglass.com,,,+1 469-258-0821,,0,0,NEEDS_SITE_CHECK,"glass shop or building contractor, window scope unknown",,name + review keyword filter
Clearview Custom Windows Yes,http://www.clearviewcw.com/,clearviewcw.com,,,+1 469-268-1330,,5,4,YES,window in name + review describes window work,high,name + review keyword filter
Clear Advantage Window Service Yes,http://clearwindowservice.net/,clearwindowservice.net,,,+1 469-289-7556,,3.6,18,YES,"Residential window repair and full window replacement, broken glass replacement, foggy window repair, glazing bead repair, skylight repair",high,verified last run (web search)
Prolific Home Pros Yes,,,,,+1 469-307-6644,,5,5,NO,window cleaning/washing,high,name + review keyword filter
Royal Blue Exterior Services Yes,http://www.royalblueexteriors.com/,royalblueexteriors.com,,,+1 469-324-9762,,5,38,NO,"Exterior cleaning: window cleaning, pressure washing, soft washing",high,verified last run (web search)
Premier Washing Solutions Yes,,,,,+1 469-349-4732,,5,8,NEEDS_SITE_CHECK,insufficient signal,,name + review keyword filter
DFW Residential P Remodeling Yes,https://dfwresidentialremodeling.com/,dfwresidentialremodeling.com,,,+1 469-359-3851,,5,19,YES,Windows & Doors is a listed service category; installs replacement windows,high,verified last run (web search)
DFW Window Guy LLC Yes,,,,,+1 469-401-9433,,5,20,NEEDS_SITE_CHECK,window in name but service type unconfirmed,,name + review keyword filter
Stone Built Construction & Development Yes,http://stonebuiltcd.com/,stonebuiltcd.com,,,+1 469-404-4714,,5,22,NO,"Custom builds and remodeling, hardscape/landscape, plus residential window cleaning",medium,verified last run (web search)
Preservan Dallas Yes,https://preservan.com/locations/dallas/?utm_source=GMBlisting&utm_medium=organic,preservan.com,,,+1 469-415-1631,,4.9,43,NO,"Epoxy wood rot repair around windows, doors, siding and decks",medium,verified last run (web search)
Nat's Luxury Services Yes,https://www.facebook.com/servicesbyNat/,facebook.com,,,+1 469-431-1968,,5,3,YES,Stocks windows and provides framing and installation services including window and door installations,medium,verified last run (web search)
Pegasus Window Washing Yes,http://pegasuswindowwashing.com/,pegasuswindowwashing.com,,,+1 469-439-1749,,5,60,NO,Window washing,high,verified last run (web search)
Fix & Build LLC Yes,https://www.fixandbuildllc.com/,fixandbuildllc.com,,,+1 469-443-2786,,5,12,YES,"Window and door replacement, custom window installation",high,verified last run (web search)
DFW window specialist Yes,http://dfwwindowspecialist.com/,dfwwindowspecialist.com,,,+1 469-478-9395,,4.8,37,YES,"Window repair and replacement, glass repair, solar screens, plus shower enclosures",high,verified last run (web search)
Los 3 guerreros Yes,,,,,+1 469-490-4004,,5,2,NEEDS_SITE_CHECK,insufficient signal,,name + review keyword filter
Super Star Auto Glass Yes,https://superstarautoglassus.com/contact/,superstarautoglassus.com,,,+1 469-505-3604,,5,0,NO,Mobile auto glass repair and replacement,medium,verified last run (web search)
United Window Services LLC Yes,https://unitedwindowservicesllc.net/,unitedwindowservicesllc.net,,,+1 469-509-5909,,5,6,YES,"Window repair and replacement — glass and mechanism repairs, full window installation",medium,verified last run (web search)
FoGlass Window Replacement Yes,http://www.foglasswindow.com/,foglasswindow.com,,,+1 469-509-9932,,4.9,69,YES,"Window replacement, broken/single-pane glass replacement, foggy window repair, sliding patio door replacement, commercial storefront glass",high,verified last run (web search)
SWP GLOBAL LLC Yes,https://swpgloballlc.com/contact-us,swpgloballlc.com,,,+1 469-514-1415,,4.2,5,YES,Security storefronts and curtain wall installation; commercial door and window replacement,high,verified last run (web search)
Plano Home Window Replacement Yes,https://planohomewindowreplacement.com/,planohomewindowreplacement.com,,,+1 469-551-4499,,0,0,YES,"Home window replacement and new window installation, plus sliding glass doors",high,verified last run (web search)
Prestige Painting And Drywall Yes,https://prestigepaintingdrywall.com/,prestigepaintingdrywall.com,,,+1 469-551-4609,,5,17,NO,Residential and commercial painting and drywall,high,verified last run (web search)
North Mesquite Window & Gutter Cleaning Yes,,,,,+1 469-556-9164,,5,8,NO,window cleaning/washing,high,name + review keyword filter
Tejeda Glass Solutions Yes,,,,,+1 469-580-4123,,5,0,NEEDS_SITE_CHECK,"glass shop or building contractor, window scope unknown",,name + review keyword filter
Pristine Exterior Services Yes,http://pristinedfw.com/,pristinedfw.com,,,+1 469-586-9371,,5,21,NO,Pressure washing and exterior cleaning,high,verified last run (web search)
Texas Window & Door Yes,https://twdremodeling.com/,twdremodeling.com,,,+1 469-588-4890,,5,82,YES,"Custom window installation and replacement (picture, awning, French, patio) plus doors",high,verified last run (web search)
Garland Home Window Replacement Yes,https://garlandhomewindowreplacement.com/,garlandhomewindowreplacement.com,,,+1 469-599-4956,,5,8,YES,"Window installation, repair and replacement (vinyl, casement, custom), plus door installation; also offers screens/film",high,verified last run (web search)
Veteran Windows and Glass Yes,,,,,+1 469-614-9600,,5,2,NEEDS_SITE_CHECK,window in name but service type unconfirmed,,name + review keyword filter
Scott Shofner Windows & Doors Yes,,,,,+1 469-628-8345,,4.7,13,YES,name states window installation/replacement/doors,high,name + review keyword filter
Pasadena Views Co. Yes,https://www.pasadenaviews.co/,pasadenaviews.co,,,+1 469-630-2049,,5,4,YES,Window installation in homes,medium,verified last run (web search)
Rodeo Glass Yes,,,,,+1 469-632-2464,,0,0,NEEDS_SITE_CHECK,"glass shop or building contractor, window scope unknown",,name + review keyword filter
Dallas Window Butler Yes,http://dallaswindowbutler.com/,dallaswindowbutler.com,,,+1 469-640-8551,,4.8,21,YES,"Vinyl replacement window sales & installation, glass replacement, foggy/IGU repair, weatherproofing; also doors",high,verified last run (web search)
Miller Windows Yes,https://www.facebook.com/Miller-Windows-107200627981549/,facebook.com,,,+1 469-709-0668,,0,0,YES,Stocks windows and provides framing and installation services including window and door installations,medium,verified last run (web search)
Love is Blinds-Highland Park Yes,https://www.loveisblindstx.com/window-treatments/highland-park-tx,loveisblindstx.com,,,+1 469-715-3316,,5,4,NO,"Custom blinds, shades, shutters dealer/installer",high,verified last run (web search)
West Love Glass Yes,,,,,+1 469-737-0671,,5,2,NEEDS_SITE_CHECK,"glass shop or building contractor, window scope unknown",,name + review keyword filter
iDEAL GLASS DFW Yes,http://idealglassdfw.com/,idealglassdfw.com,,,+1 469-745-2626,,4.4,7,YES,Insulated glass units and aluminum storefront glazing,medium,verified last run (web search)
DFW Ceramic Window Tint Service Yes,https://maps.gstatic.com/tactile/pane/default_geocode-1x.png,maps.gstatic.com,,,+1 469-777-0890,,,,NO,window tint/film only,high,name + review keyword filter
Five star renovations & remodeling llc Yes,http://five-star-renovations-remodeling-llc.com/,five-star-renovations-remodeling-llc.com,,,+1 469-797-6485,,5,8,NEEDS_SITE_CHECK,insufficient signal,,name + review keyword filter
Minerva Site Services LLC Yes,http://booking.minervasvc.com/,booking.minervasvc.com,,,+1 469-799-9752,,5,2,NO,"Property make-ready services: junk removal, painting, power washing, cleaning",high,verified last run (web search)
Shaheen Auto Glass Mobile Serivce Yes,http://www.shaheenautoglass.com/,shaheenautoglass.com,,,+1 469-805-1339,,5,114,NEEDS_SITE_CHECK,"auto-glass name, but may also do building glass — must verify",,name + review keyword filter
Texas Quick Construction Yes,http://www.txquickconstruction.com/,txquickconstruction.com,,,+1 469-817-9329,,4.7,19,YES,Energy-efficient window installation — dedicated Dallas window installation service page,high,verified last run (web search)
Professions Window Cleaning Yes,,,,,+1 469-835-0742,,5,3,NO,window cleaning/washing,high,name + review keyword filter
Dallas Shutters Yes,http://dallasshutters.info/,dallasshutters.info,,,+1 469-855-8086,,0,0,NO,Plantation shutters / window coverings dealer (A Blind Decision),medium,verified last run (web search)
J-Flip LLC Yes,,,,,+1 469-881-4990,,5,5,NEEDS_SITE_CHECK,insufficient signal,,name + review keyword filter
Aquamarine Windows and Doors Yes,https://aquamarinewindows.com/,aquamarinewindows.com,,,+1 469-887-0015,,5,9,YES,"Window replacement (estimate, measuring, window style selection) per customer reviews",low,verified last run (web search)
Home Window Replacement Dallas Yes,https://homewindowsdallas.com/,homewindowsdallas.com,,,+1 469-908-3363,,5,4,YES,"Home window replacement and installation (double-hung, slider, awning, bow/bay, vinyl, custom); also doors and siding",high,verified last run (web search)
2 guys home repair LLC. Yes,,,,,+1 469-927-4674,,4.8,12,NEEDS_SITE_CHECK,insufficient signal,,name + review keyword filter
Twins Glass Yes,,,,,+1 469-939-2674,,5,0,NEEDS_SITE_CHECK,"glass shop or building contractor, window scope unknown",,name + review keyword filter
Ortega Glass & Welding Yes,https://ortegabry12.wixsite.com/ortegaglassandwelder,ortegabry12.wixsite.com,,,+1 469-939-2674,,5,2,NEEDS_SITE_CHECK,"glass shop or building contractor, window scope unknown",,name + review keyword filter
Spotlite Outdoor Services Yes,https://www.spotliteservices.com/,spotliteservices.com,,,+1 469-966-8777,,5,4,NO,"Power washing, fence staining, artificial turf maintenance",high,verified last run (web search)
Salazar & Sons Window Co. Yes,https://salazarandsonswindow.com/,salazarandsonswindow.com,,,+1 469-994-9236,,5,7,YES,"Window installation (new construction), window replacement (energy-efficient upgrades), and window repair (broken glass, failed seals, damaged frames)",high,verified last run (web search)
Vision Windows LLC Yes,https://www.azvisionwindow.com/,azvisionwindow.com,,,+1 480-217-0151,,5,149,NEEDS_SITE_CHECK,window in name but service type unconfirmed,,name + review keyword filter
Smart Plus Auto Glass LLC Yes,https://smartplusautoglass.com/,smartplusautoglass.com,,,+1 480-243-4348,,5,4,NEEDS_SITE_CHECK,"auto-glass name, but may also do building glass — must verify",,name + review keyword filter
Affordable Blinds and Shutters Yes,https://affordableblindandshutter.com/,affordableblindandshutter.com,,,+1 480-286-1866,,4.7,12,NO,blinds/shades/shutters/drapery (window treatments),high,name + review keyword filter
Superior Replacement Windows Yes,https://replacementwindowstempe.net/,replacementwindowstempe.net,,,+1 480-339-0985,,3.7,3,NEEDS_SITE_CHECK,window in name but service type unconfirmed,,name + review keyword filter
Duarte Glass LLC. Yes,https://sitios.endigital.com/duarte-glass-llc/window-installation-contractors/phoenix/,sitios.endigital.com,,,+1 480-504-8071,,5,103,NEEDS_SITE_CHECK,"glass shop or building contractor, window scope unknown",,name + review keyword filter
Commercial Panes Yes,https://www.mycommercialpanes.com/,mycommercialpanes.com,,,+1 480-540-8166,,5,0,NEEDS_SITE_CHECK,insufficient signal,,name + review keyword filter
Tempe Windshield Replacement Yes,https://www.tempewindshields.com/,tempewindshields.com,,,+1 480-605-0839,,5,29,NO,"vehicle/automotive business, no glass or window signal",high,name + review keyword filter
Squeaky Clean Window Washing Yes,https://www.squeakycleantexas.com/,squeakycleantexas.com,,,+1 512-200-2160,,5,6,NO,window cleaning/washing,high,name + review keyword filter
Budget Blinds of Austin South Yes,https://budgetblinds.com/austinsouth/,budgetblinds.com,,,+1 512-201-4124,,4.8,16,NO,blinds/shades/shutters/drapery (window treatments),high,name + review keyword filter
CM Remodeling & Construction LLC Yes,https://cmremodelingco.com/,cmremodelingco.com,,,+1 512-202-0030,,4.8,25,NEEDS_SITE_CHECK,"glass shop or building contractor, window scope unknown",,name + review keyword filter
Fix Masters LLC Yes,https://www.fixmasterstx.com/,fixmasterstx.com,,,+1 512-202-8461,,5,24,NEEDS_SITE_CHECK,insufficient signal,,name + review keyword filter
Gutter Tex Yes,https://guttertex.com/?utm_source=google&utm_medium=organic&utm_campaign=gmb-listing-cedar-park,guttertex.com,,,+1 512-213-1677,,5,53,NEEDS_SITE_CHECK,insufficient signal,,name + review keyword filter
TAJ Window & Door Design Yes,,,,,+1 512-222-3875,,0,0,YES,name states window installation/replacement/doors,high,name + review keyword filter
Colt’s Window Services Yes,https://www.coltswindows.com/,coltswindows.com,,,+1 512-222-7705,,5,6,NEEDS_SITE_CHECK,insufficient signal,,name + review keyword filter
MirageWindowFilm Yes,,,,,+1 512-225-4772,,4.9,47,NEEDS_SITE_CHECK,insufficient signal,,name + review keyword filter
Y21 GLASS Yes,http://y21glass.com/?utm_source=gmb&utm_medium=referral,y21glass.com,,,+1 512-227-1975,,5,22,NEEDS_SITE_CHECK,"glass shop or building contractor, window scope unknown",,name + review keyword filter
Peace Love & Windows Yes,https://peacelovewindows.com/,peacelovewindows.com,,,+1 512-233-8489,,5,2,NEEDS_SITE_CHECK,window in name but service type unconfirmed,,name + review keyword filter
L J Auto Glass Yes,,,,,+1 512-233-8648,,5,2,NEEDS_SITE_CHECK,"auto-glass name, but may also do building glass — must verify",,name + review keyword filter
TRC Window Cleaning Yes,http://www.trcwindowcleaning.com/,trcwindowcleaning.com,,,+1 512-240-2564,,5,14,NO,window cleaning/washing,high,name + review keyword filter
One Stop Window Shop LLC Yes,,,,,+1 512-243-4873,,2.3,9,NEEDS_SITE_CHECK,window in name but service type unconfirmed,,name + review keyword filter
Technik Enterprises LLC Yes,http://www.technikent.com/,technikent.com,,,+1 512-243-8007,,5,21,NEEDS_SITE_CHECK,insufficient signal,,name + review keyword filter
Action Auto Glass Yes,http://actionautomobileglass.com/?utm_source=gmb&utm_medium=referral,actionautomobileglass.com,,,+1 512-247-8230,,0,0,NEEDS_SITE_CHECK,"auto-glass name, but may also do building glass — must verify",,name + review keyword filter
Premier Stone Installations Yes,https://www.premierstoneinstallations.com/,premierstoneinstallations.com,,,+1 512-247-8872,,5,28,NEEDS_SITE_CHECK,insufficient signal,,name + review keyword filter
Stellar Window Films Yes,https://austinstellar.com/,austinstellar.com,,,+1 512-261-4046,,5,22,NEEDS_SITE_CHECK,window in name but service type unconfirmed,,name + review keyword filter
A & A Specialty Window Cleaning Yes,http://www.specialtywindowcleaning.com/,specialtywindowcleaning.com,,,+1 512-263-1886,,5,21,NO,window cleaning/washing,high,name + review keyword filter
Cantera Doors Yes,https://www.canteradoors.com/,canteradoors.com,,,+1 512-263-8881,,4.7,30,YES,"Custom steel, iron and Reynaers aluminium windows - fabricated and installed",high,verified last run (web search)
Hill Country Blinds Yes,https://www.hillcountryblinds.com/?utm_source=gmb&utm_medium=organic&utm_campaign=Listing,hillcountryblinds.com,,,+1 512-264-8844,,5,51,NO,blinds/shades/shutters/drapery (window treatments),high,name + review keyword filter
Sloan Hollace Hill Country Interiors Yes,https://sloanhollace.com/,sloanhollace.com,,,+1 512-265-1381,,5,16,NEEDS_SITE_CHECK,insufficient signal,,name + review keyword filter
Portal Pros - Austin Dog Door Installation Yes,https://portalprosaustin.com/,portalprosaustin.com,,,+1 512-270-1104,,5,12,NO,"unrelated trade, no window signal",high,name + review keyword filter
Eastside Siding Pros Yes,https://eastsidesidingpros.com/,eastsidesidingpros.com,,,+1 512-271-4385,,0,0,NEEDS_SITE_CHECK,"glass shop or building contractor, window scope unknown",,name + review keyword filter
Georgetown Window Replacement Company Yes,https://georgetownwindowreplacementcompany.com/,georgetownwindowreplacementcompany.com,,,+1 512-271-5046,,5,3,YES,name states window installation/replacement/doors,high,name + review keyword filter
Pink's Windows South Austin Yes,https://www.pinkswindows.com/south-austin,pinkswindows.com,,,+1 512-273-7353,,5,160,NO,Window cleaning and pressure washing,high,verified last run (web search)
Austin Door and Window Yes,,,,,+1 512-277-7727,,3.7,3,NEEDS_SITE_CHECK,window in name but service type unconfirmed,,name + review keyword filter
Lakeway Blinds & Shutters Yes,http://lakewayblinds.com/,lakewayblinds.com,,,+1 512-284-8496,,5,25,NO,blinds/shades/shutters/drapery (window treatments),high,name + review keyword filter
Lupe's Auto Glass Service Yes,,,,,+1 512-296-7345,,5,7,NEEDS_SITE_CHECK,"auto-glass name, but may also do building glass — must verify",,name + review keyword filter
FHY Construction Yes,http://www.fhyconstruction.com/,fhyconstruction.com,,,+1 512-296-9908,,5,13,NEEDS_SITE_CHECK,"glass shop or building contractor, window scope unknown",,name + review keyword filter
Pablo Rios & Sons LLC Yes,,,,,+1 512-299-5234,,5,3,NEEDS_SITE_CHECK,insufficient signal,,name + review keyword filter
Ironside Improvements Yes,,,,,+1 512-300-7979,,5,6,NEEDS_SITE_CHECK,insufficient signal,,name + review keyword filter
Wilco Windows & Siding Yes,https://www.wilcodesign.co/,wilcodesign.co,,,+1 512-316-7526,,5,100,YES,window in name + review describes window work,high,name + review keyword filter
Smart Glass Tech Yes,https://smglasstech.com/,smglasstech.com,,,+1 512-317-5858,,5,3,NEEDS_SITE_CHECK,"glass shop or building contractor, window scope unknown",,name + review keyword filter
Alpha Window Cleaning 25 % OFF Residential Window Cleaning Yes,https://maps.gstatic.com/tactile/pane/default_geocode-1x.png,maps.gstatic.com,,,+1 512-318-5213,,,,NO,window cleaning/washing,high,name + review keyword filter
Fast & Fair Windshield Repair Yes,,,,,+1 512-333-2030,,3.6,17,NO,"vehicle/automotive business, no glass or window signal",high,name + review keyword filter
Rae's Custom Home Services Yes,https://raescustomhomeservices.com/,raescustomhomeservices.com,,,+1 512-336-9305,,5,3,NEEDS_SITE_CHECK,insufficient signal,,name + review keyword filter
Austin tint solutions Yes,,,,,+1 512-336-9754,,5,0,NEEDS_SITE_CHECK,insufficient signal,,name + review keyword filter
Dr House Wash Yes,https://www.google.com/maps/vt/pb=!1m4!1m3!1i10!2i233!3i422!2m3!1e0!2sm!3i793559676!2m2!1e2!2sspotlit!3m8!2sen!3sph!5e1105!12m4!1e68!2m2!1sset!2sRoadmap!4e0!5m1!1e0!23i1368782!23i1368785!23i4861626!23i10211310!23i1381938!23i47054629!23i47029525!23i72272233!23i72272234!23i72272236!23i72458815!23i94243289!23i94255677!23i72860224!23i10212435!23i10211515!23i94260020!23i100799651!23i72549439!27m22!299174093m21!14m20!1m15!1m2!1y9681391312297393129!2y9918453858782218028!2s%2Fg%2F11hcjwm2tm!4m2!1x301903465!2x3316631601!12m6!1m2!1x301807015!2x3316471527!2m2!1x301999905!2x3316791675!15sgcid%3Awindow_cleaning_service!2b0!3b0!6b0!8b0,google.com,,,+1 512-337-3269,,,,NEEDS_SITE_CHECK,insufficient signal,,name + review keyword filter
Key Lime Construction Yes,https://keylimeaustin.com/?utm_source=gbp&utm_medium=website-button,keylimeaustin.com,,,+1 512-337-3738,,5,33,NEEDS_SITE_CHECK,"glass shop or building contractor, window scope unknown",,name + review keyword filter
Lone Star Balcony Service Yes,https://www.lonestarbalcony.com/,lonestarbalcony.com,,,+1 512-350-6964,,5,29,NEEDS_SITE_CHECK,insufficient signal,,name + review keyword filter
Nightfall Reimagined Yes,https://www.nightfallreimagined.com/,nightfallreimagined.com,,,+1 512-351-5788,,0,0,NEEDS_SITE_CHECK,insufficient signal,,name + review keyword filter
1st Capital Certified Roofing Yes,https://roofingcompanyaustin.com/,roofingcompanyaustin.com,,,+1 512-358-1300,,4.9,87,NEEDS_SITE_CHECK,"glass shop or building contractor, window scope unknown",,name + review keyword filter
Shining Image of Texas Yes,https://shiningimage.com/,shiningimage.com,,,+1 512-358-4784,,4.7,141,NO,window cleaning/washing,high,name + review keyword filter
Robin Bond Interiors Yes,https://www.robinbondinteriors.com/,robinbondinteriors.com,,,+1 512-358-7200,,0,0,NEEDS_SITE_CHECK,insufficient signal,,name + review keyword filter
Four Seasons Auto Glass LLC Yes,,,,,+1 512-365-9178,,5,2,NEEDS_SITE_CHECK,"auto-glass name, but may also do building glass — must verify",,name + review keyword filter
MNP Window and Door Yes,https://mnpwindowanddoor.com/,mnpwindowanddoor.com,,,+1 512-368-8845,,5,26,YES,name states window installation/replacement/doors,high,name + review keyword filter
Windows & Doors by James Yes,https://www.windowsanddoorsbyjames.com/,windowsanddoorsbyjames.com,,,+1 512-379-1652,,4.4,7,YES,name states window installation/replacement/doors,high,name + review keyword filter
O DOUBLE G OUTDOORS Yes,http://odoublegoutdoors.com/,odoublegoutdoors.com,,,+1 512-387-2068,,4.9,30,NEEDS_SITE_CHECK,insufficient signal,,name + review keyword filter
Nuvidro Window Cleaning - Austin Yes,,,,,+1 512-387-4711,,5,0,NO,window cleaning/washing,high,name + review keyword filter
Austin Handyman 512 Yes,http://ahm512.com/,ahm512.com,,,+1 512-412-5719,,4.8,204,NEEDS_SITE_CHECK,"glass shop or building contractor, window scope unknown",,name + review keyword filter
Davidson Window Cleaning Yes,https://davidsonwindowcleaningllc.com/,davidsonwindowcleaningllc.com,,,+1 512-413-7227,,5,11,NO,window cleaning/washing,high,name + review keyword filter
Windowpros LLC Yes,https://austinwindowpros.com/,austinwindowpros.com,,,+1 512-422-1907,,5,12,YES,window in name + review describes window work,high,name + review keyword filter
Franklin’s Property Services Yes,,,,,+1 512-423-6268,,5,20,NEEDS_SITE_CHECK,insufficient signal,,name + review keyword filter
Reformation Roofing Yes,https://maps.gstatic.com/tactile/pane/default_geocode-1x.png,maps.gstatic.com,,,+1 512-430-0195,,,,NEEDS_SITE_CHECK,"glass shop or building contractor, window scope unknown",,name + review keyword filter
LoneStar Glass Replacement Yes,https://glassreplacementaustin.com/,glassreplacementaustin.com,,,+1 512-431-7056,,4.1,14,NEEDS_SITE_CHECK,"glass shop or building contractor, window scope unknown",,name + review keyword filter
Lakeway Home & Commercial Services Yes,,,,,+1 512-434-0481,,0,0,NEEDS_SITE_CHECK,insufficient signal,,name + review keyword filter
Reyna Foundation Repair Yes,https://www.reynafoundationrepair.com/,reynafoundationrepair.com,,,+1 512-450-2533,,4.9,27,NEEDS_SITE_CHECK,insufficient signal,,name + review keyword filter
Lakeway Windows and Doors Yes,https://www.lakewaywindowsanddoors.com/,lakewaywindowsanddoors.com,,,+1 512-456-3539,,5,0,YES,name states window installation/replacement/doors,high,name + review keyword filter
Wood & Stone Homes Yes,http://www.woodandstonehomes.com/,woodandstonehomes.com,,,+1 512-460-0094,,4.5,23,NEEDS_SITE_CHECK,insufficient signal,,name + review keyword filter
Christen Ales Interiors Yes,https://www.christenalesinteriors.com/,christenalesinteriors.com,,,+1 512-468-3585,,5,13,NEEDS_SITE_CHECK,insufficient signal,,name + review keyword filter
Home Improvement and Repair Yes,http://www.homeimprovementsandrepair.com/,homeimprovementsandrepair.com,,,+1 512-483-1115,,5,6,NEEDS_SITE_CHECK,"glass shop or building contractor, window scope unknown",,name + review keyword filter
Streamline Construction & Austin Roofing Yes,https://streamlineroofingtexas.com/?utm_source=google&utm_medium=organic&utm_campaign=google_business_profile,streamlineroofingtexas.com,,,+1 512-489-7663,,5,34,NEEDS_SITE_CHECK,"glass shop or building contractor, window scope unknown",,name + review keyword filter
Grace Remodeling & Construction Yes,,,,,+1 512-497-1529,,5,60,NEEDS_SITE_CHECK,"glass shop or building contractor, window scope unknown",,name + review keyword filter
Austin Tiny Homes Yes,https://www.myatxtinyhouse.com/,myatxtinyhouse.com,,,+1 512-497-5988,,4.9,22,NEEDS_SITE_CHECK,insufficient signal,,name + review keyword filter
Sparkle Squad of South Austin-Kyle-New Braunfels Yes,https://sparklesquad.com/south-austin-tx/?utm_source=googlebusinessprofile&utm_medium=organic&utm_campaign=Qiigo,sparklesquad.com,,,+1 512-503-8402,,5,75,NEEDS_SITE_CHECK,insufficient signal,,name + review keyword filter
EcoView Windows & Doors of Austin Texas Yes,http://www.ecoviewwindows.com/austin-texas/,ecoviewwindows.com,,,+1 512-505-8839,,5,0,YES,name states window installation/replacement/doors,high,name + review keyword filter
Technology Guru Yes,http://mytechguru.biz/,mytechguru.biz,,,+1 512-516-2096,,5,20,NEEDS_SITE_CHECK,insufficient signal,,name + review keyword filter
Regal Home Service Yes,https://myrhrepairs.com/,myrhrepairs.com,,,+1 512-517-1037,,5,2,NEEDS_SITE_CHECK,insufficient signal,,name + review keyword filter
Focal Point Designs Yes,https://www.hirefocalpointdesigns.com/,hirefocalpointdesigns.com,,,+1 512-522-1252,,4.9,34,NEEDS_SITE_CHECK,insufficient signal,,name + review keyword filter
Clean Solutions Yes,https://www.cleansolutionsusa.com/?utm_source=google&utm_medium=business_profile&utm_campaign=website,cleansolutionsusa.com,,,+1 512-522-4134,,5,132,NO,window cleaning/washing,high,name + review keyword filter
Lakefront Windows Roofing Siding Yes,,,,,+1 512-522-6647,,5,11,NEEDS_SITE_CHECK,window in name but service type unconfirmed,,name + review keyword filter
Pioneer Window Cleaning LLC Yes,http://cleanwindowsaustin.com/,cleanwindowsaustin.com,,,+1 512-522-8286,,5,23,NO,window cleaning/washing,high,name + review keyword filter
Bobbitt Glass Co Yes,,,,,+1 512-523-5629,,0,0,NEEDS_SITE_CHECK,"glass shop or building contractor, window scope unknown",,name + review keyword filter
Rocky Glass Yes,,,,,+1 512-524-7336,,5,0,NEEDS_SITE_CHECK,"glass shop or building contractor, window scope unknown",,name + review keyword filter
ReaI Window SoIutions Yes,https://realwindowsolutions.com/,realwindowsolutions.com,,,+1 512-535-5160,,5,8,NEEDS_SITE_CHECK,window in name but service type unconfirmed,,name + review keyword filter
LIME Shine Yes,http://limeshinewc.com/,limeshinewc.com,,,+1 512-537-7024,,5,0,NEEDS_SITE_CHECK,insufficient signal,,name + review keyword filter
Stained Glass Austin Yes,http://www.stainedglassaustin.com/,stainedglassaustin.com,,,+1 512-539-0432,,0,0,NEEDS_SITE_CHECK,"glass shop or building contractor, window scope unknown",,name + review keyword filter
Up and Down Blind Yes,http://www.upanddownblind.com/,upanddownblind.com,,,+1 512-550-8910,,5,6,NO,blinds/shades/shutters/drapery (window treatments),high,name + review keyword filter
Waterloo Windows Yes,https://waterloowindows.myshopify.com/,waterloowindows.myshopify.com,,,+1 512-554-6054,,4.8,57,NEEDS_SITE_CHECK,window in name but service type unconfirmed,,name + review keyword filter
Seven Auto Glass Yes,http://www.sevenautoglass.com/,sevenautoglass.com,,,+1 512-565-8292,,5,188,NEEDS_SITE_CHECK,"auto-glass name, but may also do building glass — must verify",,name + review keyword filter
Lakeway Roofing & Water Damage | WDR Yes,https://lakewayroofingandwaterdamage.com/,lakewayroofingandwaterdamage.com,,,+1 512-566-5512,,5,227,NEEDS_SITE_CHECK,"glass shop or building contractor, window scope unknown",,name + review keyword filter
Screens By Eric Yes,https://screensbyeric.com/,screensbyeric.com,,,+1 512-567-3452,,0,0,NEEDS_SITE_CHECK,insufficient signal,,name + review keyword filter
ClearCrew Yes,https://clearcrew.us/,clearcrew.us,,,+1 512-567-3798,,5,10,NEEDS_SITE_CHECK,insufficient signal,,name + review keyword filter
Austin Clear Exterior Cleaning Yes,http://atxclear.com/,atxclear.com,,,+1 512-571-3477,,5,3,NEEDS_SITE_CHECK,"glass shop or building contractor, window scope unknown",,name + review keyword filter
Window Hero Austin Yes,https://windowhero.com/locations/austin/,windowhero.com,,,+1 512-572-5583,,5,11,NEEDS_SITE_CHECK,insufficient signal,,name + review keyword filter
Shine On Window Cleaning Yes,http://www.facbook.com/ShineonwindowcleaningTX,facbook.com,,,+1 512-574-2869,,5,5,NO,window cleaning/washing,high,name + review keyword filter
AAA Window Washing Yes,https://www.aaawindowwashing.com/,aaawindowwashing.com,,,+1 512-577-3053,,0,0,NO,window cleaning/washing,high,name + review keyword filter
Xpress Auto Glass Yes,,,,,+1 512-580-6995,,5,2,NEEDS_SITE_CHECK,"auto-glass name, but may also do building glass — must verify",,name + review keyword filter
R S Remodeling Austin Yes,http://rsremodelingaustin.com/,rsremodelingaustin.com,,,+1 512-584-3274,,5,19,NEEDS_SITE_CHECK,insufficient signal,,name + review keyword filter
Pace Home & Commercial Services Yes,,,,,+1 512-584-3936,,5,56,NO,window cleaning/washing,high,name + review keyword filter
Cooper Doors Yes,http://www.cooperdoorstx.com/,cooperdoorstx.com,,,+1 512-588-0622,,5,13,NEEDS_SITE_CHECK,insufficient signal,,name + review keyword filter
WL Window Cleaning Yes,,,,,+1 512-596-6899,,0,0,NO,window cleaning/washing,high,name + review keyword filter
Garage Doors Heavy Duty LLC Yes,https://garagedoorsheavydutyllc.com/,garagedoorsheavydutyllc.com,,,+1 512-596-9592,,5,39,NEEDS_SITE_CHECK,insufficient signal,,name + review keyword filter
GNZ BUILDERS LLC Yes,http://gnzbuilders.com/,gnzbuilders.com,,,+1 512-608-0523,,5,15,NEEDS_SITE_CHECK,insufficient signal,,name + review keyword filter
Austin Window and Doors Yes,https://austinwindowanddoors.andersenwindowscertifiedcontractors.com/,austinwindowanddoors.andersenwindowscertifiedcontractors.com,,,+1 512-612-1829,,0,0,NEEDS_SITE_CHECK,window in name but service type unconfirmed,,name + review keyword filter
Quality One Windows Yes,,,,,+1 512-620-2420,,5,0,NEEDS_SITE_CHECK,window in name but service type unconfirmed,,name + review keyword filter
Rosy Service Cleaning LLC Yes,https://www.rosyservicecleaning.com/,rosyservicecleaning.com,,,+1 512-621-1306,,5,0,NEEDS_SITE_CHECK,insufficient signal,,name + review keyword filter
Dynamic Visions Yes,,,,,+1 512-623-9442,,0,0,NEEDS_SITE_CHECK,insufficient signal,,name + review keyword filter
Glass Savers (Glass Resurfacing) Yes,https://sdglassrestoration.com/austin-texas/,sdglassrestoration.com,,,+1 512-626-1270,,5,6,NEEDS_SITE_CHECK,"glass shop or building contractor, window scope unknown",,name + review keyword filter
TG Carpentry Austin TX Yes,http://tgcarpentryaustintx.com/,tgcarpentryaustintx.com,,,+1 512-626-7321,,5,15,NEEDS_SITE_CHECK,insufficient signal,,name + review keyword filter
Sparkle Squad of Austin–Dripping Springs-Spicewood Yes,https://sparklesquad.com/austin-tx/?utm_source=googlebusinessprofile&utm_medium=organic&utm_campaign=Qiigo,sparklesquad.com,,,+1 512-631-2334,,5,180,NEEDS_SITE_CHECK,insufficient signal,,name + review keyword filter
Haysco Siding & Windows Yes,https://hayscosiding.com/,hayscosiding.com,,,+1 512-638-6665,,5,8,YES,window in name + review describes window work,high,name + review keyword filter
Gloria Bonita Welding & Fabrication Yes,https://sites.google.com/view/gloriabonitawelding/work,sites.google.com,,,+1 512-638-6818,,5,6,NEEDS_SITE_CHECK,insufficient signal,,name + review keyword filter
Window Film Austin Yes,http://www.windowfilmaustin.net/,windowfilmaustin.net,,,+1 512-643-0038,,0,0,NO,window tint/film only,high,name + review keyword filter
Round Rock Window Replacement Company Yes,https://www.roundrockwindowreplacementcompany.com/,roundrockwindowreplacementcompany.com,,,+1 512-643-5836,,4.2,5,YES,name states window installation/replacement/doors,high,name + review keyword filter
Austin Siding and Windows Company Yes,https://maps.gstatic.com/tactile/pane/default_geocode-1x.png,maps.gstatic.com,,,+1 512-643-9862,,,,NEEDS_SITE_CHECK,window in name but service type unconfirmed,,name + review keyword filter
FOG GONE GLASS Yes,https://foggoneglass.com/,foggoneglass.com,,,+1 512-653-7785,,5,0,NEEDS_SITE_CHECK,"glass shop or building contractor, window scope unknown",,name + review keyword filter
Summit Surface Solutions Yes,https://summitsurfacesolution.com/,summitsurfacesolution.com,,,+1 512-659-7674,,5,8,NEEDS_SITE_CHECK,insufficient signal,,name + review keyword filter
Rosso Custom Window Coverings & Installations Yes,http://www.rossoinstallations.com/,rossoinstallations.com,,,+1 512-659-9402,,0,0,NEEDS_SITE_CHECK,window in name but service type unconfirmed,,name + review keyword filter
Windows N More Yes,http://www.windowsnmore.biz/,windowsnmore.biz,,,+1 512-663-4717,,5,4,NEEDS_SITE_CHECK,window in name but service type unconfirmed,,name + review keyword filter
Kevin's Glass & Roofing Yes,http://kevinsglassandroofing.com/,kevinsglassandroofing.com,,,+1 512-671-8740,,4.9,85,NEEDS_SITE_CHECK,"glass shop or building contractor, window scope unknown",,name + review keyword filter
American Security Screens Austin Yes,https://www.securityscreensaustin.com/,securityscreensaustin.com,,,+1 512-676-5819,,5,18,NEEDS_SITE_CHECK,insufficient signal,,name + review keyword filter
Drippin' Clean LLC Yes,,,,,+1 512-676-9514,,0,0,NEEDS_SITE_CHECK,insufficient signal,,name + review keyword filter
Wash and Glow Yes,https://washandglowcleaning.com/,washandglowcleaning.com,,,+1 512-688-7956,,5,80,NEEDS_SITE_CHECK,insufficient signal,,name + review keyword filter
Select Lawnscapes LLC Yes,https://selectlawnscapes.com/,selectlawnscapes.com,,,+1 512-689-0170,,5,33,NEEDS_SITE_CHECK,insufficient signal,,name + review keyword filter
Austin Doors & Trim Yes,,,,,+1 512-694-6067,,5,9,NEEDS_SITE_CHECK,insufficient signal,,name + review keyword filter
CR Window Coverings Yes,https://crwindowcoverings.com/,crwindowcoverings.com,,,+1 512-698-8216,,5,9,NEEDS_SITE_CHECK,window in name but service type unconfirmed,,name + review keyword filter
Reverse Remodeling Yes,,,,,+1 512-710-7004,,0,0,NEEDS_SITE_CHECK,insufficient signal,,name + review keyword filter
Goliath Auto Glass Yes,https://www.goliathautoglass.com/,goliathautoglass.com,,,+1 512-710-8746,,4.9,141,NEEDS_SITE_CHECK,"auto-glass name, but may also do building glass — must verify",,name + review keyword filter
I Gotta Guy 4 That Yes,http://www.igottaguy4that.com/,igottaguy4that.com,,,+1 512-715-4997,,5,18,NEEDS_SITE_CHECK,insufficient signal,,name + review keyword filter
Legacy Glass & Mirror Yes,,,,,+1 512-717-2576,,4,4,NEEDS_SITE_CHECK,"glass shop or building contractor, window scope unknown",,name + review keyword filter
EZ Slide Austin Yes,https://sliderrepairaustin.com/,sliderrepairaustin.com,,,+1 512-721-8274,,4.8,11,NEEDS_SITE_CHECK,insufficient signal,,name + review keyword filter
Legacy DCS Yes,http://www.legacydcs.com/,legacydcs.com,,,+1 512-726-0500,,4,21,NEEDS_SITE_CHECK,insufficient signal,,name + review keyword filter
Mercury Exteriors Yes,https://mercuryexteriors.com/,mercuryexteriors.com,,,+1 512-729-7663,,5,79,NEEDS_SITE_CHECK,insufficient signal,,name + review keyword filter
AL DEX Renovation LLC Yes,,,,,+1 512-740-7370,,5,24,NEEDS_SITE_CHECK,insufficient signal,,name + review keyword filter
AWE Build Yes,https://www.mywindowexpert.com/,mywindowexpert.com,,,+1 512-755-5582,,5,10,NEEDS_SITE_CHECK,insufficient signal,,name + review keyword filter
Austin Window Screens Yes,http://www.austinwindowscreens.com/,austinwindowscreens.com,,,+1 512-757-9267,,5,129,NEEDS_SITE_CHECK,window in name but service type unconfirmed,,name + review keyword filter
Bluebonnet Windows and Installation Yes,http://bluebonnetwindows.com/,bluebonnetwindows.com,,,+1 512-757-9733,,5,5,YES,window in name + review describes window work,high,name + review keyword filter
Over-All Construction Services Yes,,,,,+1 512-758-1550,,5,5,NEEDS_SITE_CHECK,"glass shop or building contractor, window scope unknown",,name + review keyword filter
Austin Remarkable Shine Yes,https://www.austinremarkableshinetx.com/,austinremarkableshinetx.com,,,+1 512-762-7392,,5,60,NEEDS_SITE_CHECK,insufficient signal,,name + review keyword filter
Crystal Clear Window Washing Yes,http://mycrystalclearwindow.com/,mycrystalclearwindow.com,,,+1 512-769-5938,,5,61,NO,window cleaning/washing,high,name + review keyword filter
Austin Pronto Auto Glass Yes,https://windshieldreplacementsalado.com/,windshieldreplacementsalado.com,,,+1 512-774-0072,,4.9,27,NEEDS_SITE_CHECK,"auto-glass name, but may also do building glass — must verify",,name + review keyword filter
EnLight.Energy Yes,http://www.enlight.energy/,enlight.energy,,,+1 512-774-4633,,5,2,NEEDS_SITE_CHECK,insufficient signal,,name + review keyword filter
Layne Home Improvement Specialists LLC Yes,https://www.laynepropertysolutions.com/,laynepropertysolutions.com,,,+1 512-775-1090,,0,0,NEEDS_SITE_CHECK,"glass shop or building contractor, window scope unknown",,name + review keyword filter
Texas Elite Windows Yes,http://txelitewindows.com/,txelitewindows.com,,,+1 512-775-7226,,5,3,NEEDS_SITE_CHECK,window in name but service type unconfirmed,,name + review keyword filter
BlindsOnTime Yes,https://www.blindsontime.com/About-us/,blindsontime.com,,,+1 512-777-1767,,0,0,NEEDS_SITE_CHECK,insufficient signal,,name + review keyword filter
Shine of Lakeway Yes,https://shine-windowcleaning.com/location/lakeway/?utm_source=GMB&utm_medium=organic&utm_campaign=Lakeway,shine-windowcleaning.com,,,+1 512-784-9680,,4.9,424,NO,"Window cleaning, pressure washing, gutter cleaning, holiday lighting franchise",high,verified last run (web search)
Lara's Installers Yes,,,,,+1 512-785-3651,,0,0,NEEDS_SITE_CHECK,insufficient signal,,name + review keyword filter
K&L Services Group - Austin Cleaning Services Yes,http://klservicegroup.com/,klservicegroup.com,,,+1 512-786-2296,,5,9,NEEDS_SITE_CHECK,insufficient signal,,name + review keyword filter
Precise Acquisition Yes,https://www.preciseremodelingatx.com/,preciseremodelingatx.com,,,+1 512-788-7693,,5,11,NEEDS_SITE_CHECK,insufficient signal,,name + review keyword filter
IN STYLE PAINTING SOLUTIONS Yes,http://www.instylepaintingaustin.com/,instylepaintingaustin.com,,,+1 512-800-4011,,5,23,NEEDS_SITE_CHECK,insufficient signal,,name + review keyword filter
Rainwater Restoration & Waterproofing Yes,https://waterproofingaustin.com/,waterproofingaustin.com,,,+1 512-801-7276,,4.7,26,NEEDS_SITE_CHECK,"glass shop or building contractor, window scope unknown",,name + review keyword filter
DC window tint Yes,http://jim.com/a/dcwindowtint.com,jim.com,,,+1 512-801-9662,,5,2,NO,window tint/film only,high,name + review keyword filter
Elite Window Cleaning Yes,,,,,+1 512-806-1053,,5,2,NO,window cleaning/washing,high,name + review keyword filter
Rigdon Inc Yes,https://www.rigdoninc.com/,rigdoninc.com,,,+1 512-806-7100,,4.9,273,NEEDS_SITE_CHECK,insufficient signal,,name + review keyword filter
West Austin Window Cleaning Yes,https://westaustinwindowcleaning.com/,westaustinwindowcleaning.com,,,+1 512-808-0860,,5,106,NO,window cleaning/washing,high,name + review keyword filter
Toms Touch Window Cleaning Yes,,,,,+1 512-809-1539,,5,2,NO,window cleaning/washing,high,name + review keyword filter
Capital Siding and Roofing Contractors Yes,https://capitalsidingroofing.com/,capitalsidingroofing.com,,,+1 512-810-0937,,4.8,32,NEEDS_SITE_CHECK,"glass shop or building contractor, window scope unknown",,name + review keyword filter
Unison Way Yes,https://unisonway.com/,unisonway.com,,,+1 512-810-6256,,5,5,NEEDS_SITE_CHECK,insufficient signal,,name + review keyword filter
Will's Remodeling Service Yes,https://willsremodelingservices.com/wp/,willsremodelingservices.com,,,+1 512-810-6474,,5,79,NEEDS_SITE_CHECK,insufficient signal,,name + review keyword filter
Monarch Cleaning Solutions Yes,http://www.monarchsolutionstx.com/,monarchsolutionstx.com,,,+1 512-810-9840,,4.9,83,NO,window cleaning/washing,high,name + review keyword filter
EZ Pro Services Yes,https://eztakesitdown.com/,eztakesitdown.com,,,+1 512-815-6950,,5,13,NEEDS_SITE_CHECK,insufficient signal,,name + review keyword filter
The Lock Lab USA Yes,http://thelocklabusa.com/,thelocklabusa.com,,,+1 512-817-1106,,5,169,NEEDS_SITE_CHECK,insufficient signal,,name + review keyword filter
American Glass and Waterproof Yes,https://agwatx.com/,agwatx.com,,,+1 512-817-7246,,5,2,NEEDS_SITE_CHECK,"glass shop or building contractor, window scope unknown",,name + review keyword filter
Accurate Roofing Austin Yes,http://www.accurateroofingaustin.com/,accurateroofingaustin.com,,,+1 512-821-1910,,0,0,NEEDS_SITE_CHECK,"glass shop or building contractor, window scope unknown",,name + review keyword filter
Ad's window tint Yes,,,,,+1 512-825-9784,,5,3,NO,window tint/film only,high,name + review keyword filter
Pure Window Washing Yes,,,,,+1 512-829-5533,,0,0,NO,window cleaning/washing,high,name + review keyword filter
Independent Auto Glass Yes,https://independentautoglass.co/,independentautoglass.co,,,+1 512-839-7715,,4.8,261,NEEDS_SITE_CHECK,"auto-glass name, but may also do building glass — must verify",,name + review keyword filter
Inside Out Construction And Design Yes,http://www.iorconstruction.com/,iorconstruction.com,,,+1 512-842-9961,,4.7,18,NEEDS_SITE_CHECK,"glass shop or building contractor, window scope unknown",,name + review keyword filter
Clean’Em Windows Yes,https://cleanemwindows.com/,cleanemwindows.com,,,+1 512-848-3681,,5,10,NEEDS_SITE_CHECK,insufficient signal,,name + review keyword filter
Roosa Fence & Deck Yes,https://roosafenceanddeck.com/,roosafenceanddeck.com,,,+1 512-866-0752,,4.9,84,NO,"unrelated trade, no window signal",high,name + review keyword filter
Fresh Coat Painters of Southwest Austin Yes,https://freshcoatpainters.com/locations/sw-austin/?utm_campaign=gmb/,freshcoatpainters.com,,,+1 512-866-8361,,5,140,NEEDS_SITE_CHECK,insufficient signal,,name + review keyword filter
Spindler Construction Yes,http://www.spindler-construction.com/,spindler-construction.com,,,+1 512-872-6869,,4.8,19,NEEDS_SITE_CHECK,"glass shop or building contractor, window scope unknown",,name + review keyword filter
Sun & Sound Windows - Austin Yes,https://sunandsoundwindows.com/,sunandsoundwindows.com,,,+1 512-879-6055,,3.4,13,YES,"Custom-makes and installs laminated-glass soundproof window inserts (secondary glazing) into existing windows and doors — measuring, manufacturing and installation; not full window replacement",low,verified last run (web search)
Giant Window Cleaning Yes,https://giantwindowcleaning.com/,giantwindowcleaning.com,,,+1 512-880-1838,,4.9,47,NO,window cleaning/washing,high,name + review keyword filter
Youngs HVAC Pros Yes,http://www.keepatxcool.com/,keepatxcool.com,,,+1 512-881-2527,,4.9,361,NO,"unrelated trade, no window signal",high,name + review keyword filter
Austin Painting & Drywall LLC Yes,https://www.atxgc.com/?utm_campaign=gmb,atxgc.com,,,+1 512-881-7203,,5,63,NEEDS_SITE_CHECK,insufficient signal,,name + review keyword filter
JC Painting & Drywall Specialists Yes,https://jcpaintingusa.com/,jcpaintingusa.com,,,+1 512-883-2999,,5,126,NEEDS_SITE_CHECK,insufficient signal,,name + review keyword filter
Nine Construction Remodeling Yes,http://nineconstructionaustin.com/,nineconstructionaustin.com,,,+1 512-884-1881,,5,16,NEEDS_SITE_CHECK,"glass shop or building contractor, window scope unknown",,name + review keyword filter
The Handy Hippie Yes,https://www.thehandyhippie.com/,thehandyhippie.com,,,+1 512-888-2173,,4.9,52,NEEDS_SITE_CHECK,insufficient signal,,name + review keyword filter
Dripping Springs Blinds and Drapery Yes,http://dsblindsanddrapery.com/,dsblindsanddrapery.com,,,+1 512-894-2181,,5,3,NO,blinds/shades/shutters/drapery (window treatments),high,name + review keyword filter
Draped Yes,http://www.drapedaustin.com/,drapedaustin.com,,,+1 512-900-2588,,5,4943,NEEDS_SITE_CHECK,insufficient signal,,name + review keyword filter
Texas Direct Shutters Yes,http://www.txdirectshutters.com/,txdirectshutters.com,,,+1 512-900-7620,,5,2,NO,blinds/shades/shutters/drapery (window treatments),high,name + review keyword filter
MDRN RENOVATIONS Yes,,,,,+1 512-902-3266,,4.4,7,NEEDS_SITE_CHECK,insufficient signal,,name + review keyword filter
Anthony's Custom Shutters Yes,,,,,+1 512-906-4148,,4.5,8,NO,blinds/shades/shutters/drapery (window treatments),high,name + review keyword filter
Hill Country Handyman Yes,https://hillcountryhandyman.com/,hillcountryhandyman.com,,,+1 512-909-1096,,5,11,NEEDS_SITE_CHECK,"glass shop or building contractor, window scope unknown",,name + review keyword filter
Prime Auto Glass LLC Yes,,,,,+1 512-909-5962,,5,24,NEEDS_SITE_CHECK,"auto-glass name, but may also do building glass — must verify",,name + review keyword filter
Lake Travis Overhead Doors Yes,https://laketravisgaragedoors.com/,laketravisgaragedoors.com,,,+1 512-910-3667,,5,336,NEEDS_SITE_CHECK,insufficient signal,,name + review keyword filter
Fresher Screens Yes,https://fresherscreens.com/,fresherscreens.com,,,+1 512-910-4374,,5,4,NEEDS_SITE_CHECK,insufficient signal,,name + review keyword filter
Kstylez Roofing & Construction Yes,https://kstylezrc.com/,kstylezrc.com,,,+1 512-910-8009,,4.8,85,NEEDS_SITE_CHECK,"glass shop or building contractor, window scope unknown",,name + review keyword filter
TX Handyman Here Yes,https://txhandymanhere.com/,txhandymanhere.com,,,+1 512-920-0487,,5,28,NEEDS_SITE_CHECK,"glass shop or building contractor, window scope unknown",,name + review keyword filter
By Loredo Construction LLC Yes,https://www.loredoconstruction.com/,loredoconstruction.com,,,+1 512-923-9218,,0,0,NEEDS_SITE_CHECK,"glass shop or building contractor, window scope unknown",,name + review keyword filter
id Window Cleaning Yes,,,,,+1 512-924-5476,,5,0,NO,window cleaning/washing,high,name + review keyword filter
Local Contracting LLC Yes,https://texaslocalcontracting.com/,texaslocalcontracting.com,,,+1 512-924-7179,,4.9,35,NEEDS_SITE_CHECK,insufficient signal,,name + review keyword filter
Sparkling Clean Window Company Yes,http://www.sparklingcleanwindow.com/,sparklingcleanwindow.com,,,+1 512-926-7000,,4.9,8,YES,name states window installation/replacement/doors,high,name + review keyword filter
Beacon Blinds Yes,https://beaconblinds.com/,beaconblinds.com,,,+1 512-930-1188,,5,79,NO,blinds/shades/shutters/drapery (window treatments),high,name + review keyword filter
Austin’s Best Window Installer’s Yes,http://austinbestcontract.wix.com/windows,austinbestcontract.wix.com,,,+1 512-934-3979,,4.4,9,NEEDS_SITE_CHECK,window in name but service type unconfirmed,,name + review keyword filter
Safe Space Construction Yes,https://safespaceconstruction.com/,safespaceconstruction.com,,,+1 512-937-7899,,5,19,NEEDS_SITE_CHECK,"glass shop or building contractor, window scope unknown",,name + review keyword filter
DiamondPoint Contractors Yes,https://www.diamondpointcontractors.com/,diamondpointcontractors.com,,,+1 512-945-8877,,4.9,517,NEEDS_SITE_CHECK,insufficient signal,,name + review keyword filter
Pressure & Panes Yes,http://pressureandpanes.com/,pressureandpanes.com,,,+1 512-956-9767,,5,14,NEEDS_SITE_CHECK,insufficient signal,,name + review keyword filter
Orbit Roofing Yes,https://www.orbitroofs.com/,orbitroofs.com,,,+1 512-957-0155,,5,13,NEEDS_SITE_CHECK,"glass shop or building contractor, window scope unknown",,name + review keyword filter
Custom Glass Design LLC Yes,http://www.mycustomglassdesign.com/,mycustomglassdesign.com,,,+1 512-960-5260,,5,24,NEEDS_SITE_CHECK,"glass shop or building contractor, window scope unknown",,name + review keyword filter
Atlas Gutters Austin | Seamless Rain Gutters Yes,https://austingutters.net/,austingutters.net,,,+1 512-961-3383,,4,4,NEEDS_SITE_CHECK,insufficient signal,,name + review keyword filter
The Door Man Yes,,,,,+1 512-964-8664,,0,0,NEEDS_SITE_CHECK,insufficient signal,,name + review keyword filter
Cooper Constructs Yes,https://www.cooperconstructs.com/,cooperconstructs.com,,,+1 512-965-0960,,5,2,NEEDS_SITE_CHECK,insufficient signal,,name + review keyword filter
Aeromass Glass Yes,https://www.aeromassglass.com/,aeromassglass.com,,,+1 512-968-4047,,5,12,NEEDS_SITE_CHECK,"glass shop or building contractor, window scope unknown",,name + review keyword filter
PrimePoint Service Yes,https://maps.gstatic.com/tactile/pane/default_geocode-1x.png,maps.gstatic.com,,,+1 512-975-1509,,,,NEEDS_SITE_CHECK,insufficient signal,,name + review keyword filter
Next Level Services Yes,https://www.nextlevelservicesatx.com/,nextlevelservicesatx.com,,,+1 512-975-1616,,5,16,NEEDS_SITE_CHECK,insufficient signal,,name + review keyword filter
Austin Mounting Pro - Precision Drapery and Fine Art Installation. Yes,https://austinmountingpro.com/,austinmountingpro.com,,,+1 512-975-3216,,5,19,NO,blinds/shades/shutters/drapery (window treatments),high,name + review keyword filter
Hillco Metal Roofing & Construction LLC Yes,https://www.hillcountryroofs.com/,hillcountryroofs.com,,,+1 512-982-6441,,5,25,NEEDS_SITE_CHECK,"glass shop or building contractor, window scope unknown",,name + review keyword filter
Austin Mobile Glass Yes,,,,,+1 512-983-4527,,4.7,188,NEEDS_SITE_CHECK,"glass shop or building contractor, window scope unknown",,name + review keyword filter
Flyside Service Yes,https://flysideservice.com/,flysideservice.com,,,+1 512-987-4157,,5,46,NEEDS_SITE_CHECK,insufficient signal,,name + review keyword filter
Austin Custom Homes LLC Yes,http://www.atxgc.com/,atxgc.com,,,+1 512-993-0948,,5,0,NEEDS_SITE_CHECK,insufficient signal,,name + review keyword filter
Loyal Home Concierge Yes,https://www.loyalhomeconcierge.com/,loyalhomeconcierge.com,,,+1 512-994-0072,,5,42,NEEDS_SITE_CHECK,insufficient signal,,name + review keyword filter
ATX Window Shades Yes,https://atxwindowshades.com/,atxwindowshades.com,,,+1 512-998-1961,,5,0,NO,blinds/shades/shutters/drapery (window treatments),high,name + review keyword filter
All Trades Austin Contracting Co. Yes,,,,,+1 512-999-1587,,5,10,NEEDS_SITE_CHECK,insufficient signal,,name + review keyword filter
Austin’s BEST Windows and Siding Co Yes,https://austinsbestwindowsandsiding.com/,austinsbestwindowsandsiding.com,,,+1 512-999-8569,,5,5,YES,window in name + review describes window work,high,name + review keyword filter
Frank of all Trades LLC Yes,https://frankofalltrades.com/,frankofalltrades.com,,,+1 513-404-7082,,5,2,NO,Real estate home staging and interior design,high,verified last run (web search)
Clear Choice Exteriors Yes,https://replacement-windows-desmoines.com/?utm_source=localiq&utm_medium=listings,replacement-windows-desmoines.com,,,+1 515-277-6256,,0,0,NEEDS_SITE_CHECK,insufficient signal,,name + review keyword filter
Limelight Windows LLC Yes,http://limelightwindowstx.com/,limelightwindowstx.com,,,+1 520-301-9089,,5,26,NO,"Window cleaning, gutter cleaning, pressure washing and screen repair",high,verified last run (web search)
Kiss My Glass ATX Yes,,,,,+1 530-925-2912,,4.4,7,NEEDS_SITE_CHECK,"glass shop or building contractor, window scope unknown",,name + review keyword filter
Aztec empire windows and doors Yes,,,,,+1 561-223-9912,,5,0,YES,name states window installation/replacement/doors,high,name + review keyword filter
Jay's Shower Doors and more Yes,http://jaysshowerdoorsandmore.com/?utm_source=gmb&utm_medium=referral,jaysshowerdoorsandmore.com,,,+1 561-572-7599,,5,213,NEEDS_SITE_CHECK,insufficient signal,,name + review keyword filter
Hannigan & Co. Exterior Cleaning Yes,https://www.hannigancompany.com/,hannigancompany.com,,,+1 586-360-7249,,5,11,NEEDS_SITE_CHECK,"glass shop or building contractor, window scope unknown",,name + review keyword filter
Portal Pros - Phoenix Dog Door Installation Yes,https://portalprosphoenix.com/,portalprosphoenix.com,,,+1 602-345-0669,,5,9,NO,"unrelated trade, no window signal",high,name + review keyword filter
Remodel Experts Yes,https://remodelexpertsaz.com/,remodelexpertsaz.com,,,+1 602-418-8260,,4.9,47,NEEDS_SITE_CHECK,"glass shop or building contractor, window scope unknown",,name + review keyword filter
Vision Windows & Doors Yes,http://windowanddoorco.com/,windowanddoorco.com,,,+1 602-430-7614,,5,96,YES,name states window installation/replacement/doors,high,name + review keyword filter
Superior Window Tinting Yes,,,,,+1 602-487-5915,,4,95,NO,window tint/film only,high,name + review keyword filter
Arizona Glass and Repair LLC Yes,https://maps.gstatic.com/tactile/pane/default_geocode-1x.png,maps.gstatic.com,,,+1 602-518-6412,,,,YES,review explicitly describes window install/replacement,high,name + review keyword filter
L.J. Neal & Sons Yes,https://bestwindowreplacement.com/,bestwindowreplacement.com,,,+1 602-661-6852,,4.8,22,YES,review explicitly describes window install/replacement,high,name + review keyword filter
Desert View Arizona Yes,https://desertviewaz.com/,desertviewaz.com,,,+1 602-687-3939,,5,7,NEEDS_SITE_CHECK,insufficient signal,,name + review keyword filter
Windows Direct Yes,http://www.windowsdirectarizona.com/,windowsdirectarizona.com,,,+1 602-698-5580,,5,4,YES,window in name + review describes window work,high,name + review keyword filter
Noble General Contracting Yes,https://maps.gstatic.com/tactile/pane/default_geocode-1x.png,maps.gstatic.com,,,+1 602-820-5935,,,,NEEDS_SITE_CHECK,insufficient signal,,name + review keyword filter
Arizona Breeze Retractable Screen Doors Yes,https://www.retractablescreensarizona.com/,retractablescreensarizona.com,,,+1 602-837-5792,,4.9,150,NEEDS_SITE_CHECK,insufficient signal,,name + review keyword filter
PHX West Valley Barn Doors Yes,,,,,+1 602-919-9549,,4.2,26,NEEDS_SITE_CHECK,insufficient signal,,name + review keyword filter
Final Touch Property Services Yes,https://finaltouch-ps.com/,finaltouch-ps.com,,,+1 603-809-2847,,5,8,NO,window cleaning/washing,high,name + review keyword filter
Window Wizard ATX Yes,https://windowwizardatx.com/,windowwizardatx.com,,,+1 608-547-6426,,5,6,NO,window cleaning/washing,high,name + review keyword filter
Le Mans Window Services Yes,,,,,+1 615-601-2599,,5,8,NEEDS_SITE_CHECK,insufficient signal,,name + review keyword filter
Fenstermann Austin Yes,https://fenstermann.com/,fenstermann.com,,,+1 619-665-9446,,0,0,NEEDS_SITE_CHECK,insufficient signal,,name + review keyword filter
Better View Window Systems Yes,,,,,+1 623-323-8959,,5,15,NEEDS_SITE_CHECK,window in name but service type unconfirmed,,name + review keyword filter
THE WINDOW RANGERS LLC Yes,http://thewindowrangers.com/,thewindowrangers.com,,,+1 623-414-2899,,5,2,NEEDS_SITE_CHECK,window in name but service type unconfirmed,,name + review keyword filter
Elevate Pressure Washing & Window Cleaning LLC. Yes,https://elevatehomeservicesil.com/,elevatehomeservicesil.com,,,+1 630-465-6236,,5,12,NO,window cleaning/washing,high,name + review keyword filter
First Due Window Cleaning Yes,,,,,+1 630-730-2356,,5,3,NO,window cleaning/washing,high,name + review keyword filter
The Glass Guy Glass Repair Yes,https://www.theglassguytx.com/,theglassguytx.com,,,+1 682-216-5638,,5,180,YES,"Window and door glass replacement, double-pane/IGU glass, emergency glass repair, solar screens (same business as ID 415)",high,verified last run (web search)
The Glass Guy Tx Yes,https://www.theglassguytx.com/,theglassguytx.com,,,+1 682-216-5638,,0,0,YES,"Window and door glass replacement, double-pane/IGU glass, emergency glass repair, solar screens (same business as ID 415)",high,verified last run (web search)
Adan Only Glass Services Yes,https://www.onlyglassservices.com/,onlyglassservices.com,,,+1 682-241-3379,,0,0,NEEDS_SITE_CHECK,"glass shop or building contractor, window scope unknown",,name + review keyword filter
Eric's Home Renovations Yes,http://ericshomerenovation.com/,ericshomerenovation.com,,,+1 682-318-4710,,4.9,96,YES,Door and window replacements,medium,verified last run (web search)
Heavens Door And Window Yes,https://heavensdoor-window.com/,heavensdoor-window.com,,,+1 682-503-1144,,5,20,YES,Replacement window and door sales plus professional installation (Pella and other brands) across DFW,high,verified last run (web search)
Montgomery Glass LLC Yes,http://montgomeryglassllc.com/,montgomeryglassllc.com,,,+1 682-715-2323,,5,17,YES,Repairs cracked and foggy window panes (IGU) alongside custom glass work,medium,verified last run (web search)
Ez fix remodeling & renovations Yes,,,,,+1 682-785-9074,,5,20,NEEDS_SITE_CHECK,insufficient signal,,name + review keyword filter
The Window Guys of Texas Yes,https://windowguystx.com/,windowguystx.com,,,+1 682-842-8489,,5,19,NEEDS_SITE_CHECK,window in name but service type unconfirmed,,name + review keyword filter
DoorTheory Yes,https://www.doortheory.com/,doortheory.com,,,+1 714-388-7054,,0,0,NEEDS_SITE_CHECK,insufficient signal,,name + review keyword filter
Uncle Eddie's Contracting Yes,http://uncle-eddie.com/,uncle-eddie.com,,,+1 720-919-0984,,5,13,NEEDS_SITE_CHECK,insufficient signal,,name + review keyword filter
Revival Restoration ATX of Steiner Ranch Yes,https://revivalrestorationatx.com/,revivalrestorationatx.com,,,+1 737-204-1475,,5,6,NEEDS_SITE_CHECK,"glass shop or building contractor, window scope unknown",,name + review keyword filter
Lopez Auto Glass Yes,,,,,+1 737-210-2525,,4.8,46,NEEDS_SITE_CHECK,"auto-glass name, but may also do building glass — must verify",,name + review keyword filter
House Beautiful Home Services Yes,https://housebeautifulhomeservices.com/,housebeautifulhomeservices.com,,,+1 737-214-9755,,5,99,NEEDS_SITE_CHECK,insufficient signal,,name + review keyword filter
ATX Window Cleaning Yes,https://www.austintxwindowcleaners.com/,austintxwindowcleaners.com,,,+1 737-217-0720,,5,11,NO,window cleaning/washing,high,name + review keyword filter
The Black Sheep Window Care Yes,https://theblacksheepwindowcare.jobbersites.com/,theblacksheepwindowcare.jobbersites.com,,,+1 737-256-0072,,5,3,NO,window cleaning/washing,high,name + review keyword filter
Picasso Design and Remodeling Yes,https://picassodesignremodel.com/,picassodesignremodel.com,,,+1 737-256-8038,,5,70,NEEDS_SITE_CHECK,insufficient signal,,name + review keyword filter
J&M Pro Remodeling Yes,,,,,+1 737-267-6053,,5,9,NEEDS_SITE_CHECK,insufficient signal,,name + review keyword filter
Sharp Window Care Yes,https://sharpwindowcare.com/,sharpwindowcare.com,,,+1 737-277-5060,,5,56,NEEDS_SITE_CHECK,window in name but service type unconfirmed,,name + review keyword filter
Hill Country Window Coverings Yes,https://www.hillcountrywindowcoverings.com/,hillcountrywindowcoverings.com,,,+1 737-280-5115,,0,0,NEEDS_SITE_CHECK,window in name but service type unconfirmed,,name + review keyword filter
Capital Windshield Repair Yes,,,,,+1 737-291-7074,,5,9,NO,"vehicle/automotive business, no glass or window signal",high,name + review keyword filter
ATX Home Beautification Yes,https://atxhomebeautification.com/,atxhomebeautification.com,,,+1 737-331-1843,,5,20,NO,window cleaning/washing,high,name + review keyword filter
Urban Glaze Construction Yes,https://urbanglazeconstruction.com/,urbanglazeconstruction.com,,,+1 737-333-1058,,5,8,NEEDS_SITE_CHECK,"glass shop or building contractor, window scope unknown",,name + review keyword filter
Energywise windows Yes,http://energywisewindows.com/,energywisewindows.com,,,+1 737-333-9082,,4.8,23,NEEDS_SITE_CHECK,window in name but service type unconfirmed,,name + review keyword filter
Sigala Company Yes,https://sigalacompany.com/,sigalacompany.com,,,+1 737-347-2665,,5,5,YES,review explicitly describes window install/replacement,high,name + review keyword filter
Austin Eco Windows Yes,https://eco-windowsaustin.com/,eco-windowsaustin.com,,,+1 737-355-5640,,0,0,NEEDS_SITE_CHECK,window in name but service type unconfirmed,,name + review keyword filter
Dooreum Yes,https://dooreum.com/,dooreum.com,,,+1 737-363-6226,,0,0,NEEDS_SITE_CHECK,insufficient signal,,name + review keyword filter
Tee Time Exteriors Yes,https://teetimeexteriors.com/,teetimeexteriors.com,,,+1 737-367-7321,,5,35,NEEDS_SITE_CHECK,insufficient signal,,name + review keyword filter
House Doctors of Austin Yes,https://housedoctors.com/austin/,housedoctors.com,,,+1 737-371-8827,,4.9,92,NEEDS_SITE_CHECK,insufficient signal,,name + review keyword filter
Replace RV Windows Yes,https://www.replacervwindows.com/,replacervwindows.com,,,+1 737-379-1460,,5,3,NEEDS_SITE_CHECK,window in name but service type unconfirmed,,name + review keyword filter
Groovy Hues Painting of Cedar Park Yes,https://www.groovyhues.com/cedar-park-tx,groovyhues.com,,,+1 737-387-5908,,4.9,35,NEEDS_SITE_CHECK,insufficient signal,,name + review keyword filter
Armadillo Handyman Solutions LLC Yes,https://www.armadillohandymansolutions.com/,armadillohandymansolutions.com,,,+1 737-403-4552,,5,8,NEEDS_SITE_CHECK,"glass shop or building contractor, window scope unknown",,name + review keyword filter
Pristine Yes,https://www.wepristine.com/,wepristine.com,,,+1 737-444-9339,,5,12,NEEDS_SITE_CHECK,insufficient signal,,name + review keyword filter
Haag Roofing Diversified - Austin Yes,https://haagtexasroofing.com/,haagtexasroofing.com,,,+1 737-587-5980,,5,26,NEEDS_SITE_CHECK,"glass shop or building contractor, window scope unknown",,name + review keyword filter
IQ Smart Handyman Yes,https://iqsmarthandyman.com/,iqsmarthandyman.com,,,+1 737-704-7478,,5,33,NEEDS_SITE_CHECK,"glass shop or building contractor, window scope unknown",,name + review keyword filter
Lauderdale Lakes FL Window Pros Yes,https://maps.gstatic.com/tactile/pane/default_geocode-1x.png,maps.gstatic.com,,,+1 754-212-9652,,,,NEEDS_SITE_CHECK,window in name but service type unconfirmed,,name + review keyword filter
Apex Total Construction LLC Yes,,,,,+1 754-289-2673,,5,2,NEEDS_SITE_CHECK,"glass shop or building contractor, window scope unknown",,name + review keyword filter
Marine Windows Solutions Yes,http://marinewindowssolutions.com/,marinewindowssolutions.com,,,+1 754-325-1470,,5,21,NEEDS_SITE_CHECK,window in name but service type unconfirmed,,name + review keyword filter
Powerwash N Windows Yes,http://powerwashnwindows.com/,powerwashnwindows.com,,,+1 754-333-0044,,5,8,NEEDS_SITE_CHECK,window in name but service type unconfirmed,,name + review keyword filter
Pro Window Replacement Yes,https://statewidewindowhomeimprovco.com/,statewidewindowhomeimprovco.com,,,+1 754-342-7631,,5,2,YES,name states window installation/replacement/doors,high,name + review keyword filter
Window Installation Fort Lauderdale Yes,https://smart-impact-window-installation.com/,smart-impact-window-installation.com,,,+1 754-551-5551,,5,5,YES,name states window installation/replacement/doors,high,name + review keyword filter
windows stock market Yes,https://windowsstockmarket.com/,windowsstockmarket.com,,,+1 754-707-3281,,5,5,NEEDS_SITE_CHECK,window in name but service type unconfirmed,,name + review keyword filter
Your Window Solutions Yes,https://yourwindowsolution.webflow.io/,yourwindowsolution.webflow.io,,,+1 754-715-6017,,5,6,NEEDS_SITE_CHECK,window in name but service type unconfirmed,,name + review keyword filter
Rockford Windows & Doors Yes,https://rockfordwindowsanddoors.com/,rockfordwindowsanddoors.com,,,+1 779-249-7282,,5,3,YES,name states window installation/replacement/doors,high,name + review keyword filter
Three Strong Restoration Yes,https://threestrongrestoration.com/,threestrongrestoration.com,,,+1 779-970-1989,,5,8,NEEDS_SITE_CHECK,"glass shop or building contractor, window scope unknown",,name + review keyword filter
Evolution Doors Yes,https://evolution-doors.com/,evolution-doors.com,,,+1 786-374-3444,,5,34,NEEDS_SITE_CHECK,insufficient signal,,name + review keyword filter
Smart Glass Technologies - Austin Yes,https://www.smartglasstech.us/city/austin-smart-glass-landing/,smartglasstech.us,,,+1 786-460-6762,,4.5,14,NEEDS_SITE_CHECK,"glass shop or building contractor, window scope unknown",,name + review keyword filter
U.S. Window Specialists LLC Yes,https://uswindowspecialists.com/,uswindowspecialists.com,,,+1 800-223-8099,,0,0,NEEDS_SITE_CHECK,window in name but service type unconfirmed,,name + review keyword filter
Midwest Wholesale Glass & Shower Doors Yes,http://www.midwestwholesaleglass.com/,midwestwholesaleglass.com,,,+1 800-593-9812,,4.9,7,NEEDS_SITE_CHECK,"glass shop or building contractor, window scope unknown",,name + review keyword filter
Mccubbin industries Yes,https://www.mccubbin-industries.com/,mccubbin-industries.com,,,+1 801-623-0863,,5,24,NEEDS_SITE_CHECK,insufficient signal,,name + review keyword filter
Superior Roof Repair of Rockford Yes,https://www.superiorroofingil.com/,superiorroofingil.com,,,+1 815-313-4220,,4.9,46,NEEDS_SITE_CHECK,insufficient signal,,name + review keyword filter
Raintree Siding and Windows Yes,https://maps.gstatic.com/tactile/pane/default_geocode-1x.png,maps.gstatic.com,,,+1 815-509-6101,,,,NEEDS_SITE_CHECK,window in name but service type unconfirmed,,name + review keyword filter
Homeland Exteriors Yes,http://homelandexteriors.com/,homelandexteriors.com,,,+1 815-601-5522,,5,5,NEEDS_SITE_CHECK,insufficient signal,,name + review keyword filter
Windowpane Yes,,,,,+1 815-621-1095,,5,2,NEEDS_SITE_CHECK,window in name but service type unconfirmed,,name + review keyword filter
Master Carpenter Contracting Yes,,,,,+1 815-621-1987,,5,0,NEEDS_SITE_CHECK,insufficient signal,,name + review keyword filter
Drummond Window Cleaning Yes,http://www.rockfordwindowcleaningcompany.com/,rockfordwindowcleaningcompany.com,,,+1 815-654-7661,,4.9,34,NO,window cleaning/washing,high,name + review keyword filter
SIDEWERKZ Yes,,,,,+1 815-668-6441,,5,5,NEEDS_SITE_CHECK,insufficient signal,,name + review keyword filter
Area Construction & Renovation Yes,http://areaconstructionrockford.com/,areaconstructionrockford.com,,,+1 815-980-1710,,5,19,YES,review explicitly describes window install/replacement,high,name + review keyword filter
Oceanview Window Cleaning Yes,http://oceanviewtx.com/,oceanviewtx.com,,,+1 817-205-6916,,5,10,NO,Window cleaning,high,verified last run (web search)
J Wales Home Solutions Yes,,,,,+1 817-310-8885,,0,0,NEEDS_SITE_CHECK,insufficient signal,,name + review keyword filter
A auto glass Yes,,,,,+1 817-701-5738,,5,32,NEEDS_SITE_CHECK,"auto-glass name, but may also do building glass — must verify",,name + review keyword filter
Hello Shades LLC Yes,https://www.hello-shades.com/,hello-shades.com,,,+1 817-945-4303,,5,16,NO,blinds/shades/shutters/drapery (window treatments),high,name + review keyword filter
Precision Exterior & Services Yes,https://www.precisionexteriorservice.com/,precisionexteriorservice.com,,,+1 817-964-1364,,5,6,NO,"Exterior cleaning - window cleaning, pressure washing, gutter cleaning",high,verified last run (web search)
It's So Clean Yes,https://itssoclean.net/,itssoclean.net,,,+1 830-613-7712,,4.9,47,NO,window cleaning/washing,high,name + review keyword filter
Drapery Haven Yes,https://www.draperyhaven.com/,draperyhaven.com,,,+1 832-266-1214,,4.7,15,NO,blinds/shades/shutters/drapery (window treatments),high,name + review keyword filter
Glassly Yes,https://maps.gstatic.com/tactile/pane/default_geocode-1x.png,maps.gstatic.com,,,+1 832-280-5893,,,,NEEDS_SITE_CHECK,insufficient signal,,name + review keyword filter
C-TEX Glass And Door LLC Yes,http://ctexglassanddoor.com/,ctexglassanddoor.com,,,+1 832-579-7053,,0,0,YES,Window glass and door glass; commercial storefront glass installation,medium,verified last run (web search)
Majestic Shield Roofing Yes,https://majesticshieldroofing.net/,majesticshieldroofing.net,,,+1 832-764-4090,,4.9,35,NEEDS_SITE_CHECK,"glass shop or building contractor, window scope unknown",,name + review keyword filter
Window Universe Austin Yes,https://windowuniverseaustin.com/,windowuniverseaustin.com,,,+1 844-983-9773,,0,0,NEEDS_SITE_CHECK,window in name but service type unconfirmed,,name + review keyword filter
Furst Home Repair Yes,https://fursthomerepair.com/,fursthomerepair.com,,,+1 847-789-7733,,0,0,NEEDS_SITE_CHECK,insufficient signal,,name + review keyword filter
3 Day Blinds Yes,https://www.3dayblinds.com/landing-page-002/?adkey=MC23023&utm_source=google&utm_medium=seo&utm_term=none&utm_content=save20&utm_campaign=3db_seo_google_googlemybusiness_202304_save20_dac,3dayblinds.com,,,+1 866-327-2441,,3.6,32,NO,blinds/shades/shutters/drapery (window treatments),high,name + review keyword filter
Custom Shade and Shutter Yes,http://www.customshadeandshutter.com/,customshadeandshutter.com,,,+1 866-412-8898,,4.6,102,NO,"Motorized roller shades, plantation shutters, patio shutters",high,verified last run (web search)
Safelite AutoGlass Yes,https://www.safelite.com/stores/dallas-inwood?utm_source=yext&utm_medium=list&utm_campaign=local&y_source=1_NzU2NjkwMDgtNzE1LWxvY2F0aW9uLndlYnNpdGU%3D,safelite.com,,,+1 877-664-8932,,4.5,297,NO,National auto glass chain - windshield repair and replacement,high,verified last run (web search)
Admiral Windows USA Yes,,,,,+1 888-236-2317,,5,7,YES,window in name + review describes window work,high,name + review keyword filter
American Unlimited Roofing Yes,http://americanunlimitedroofing.com/,americanunlimitedroofing.com,,,+1 888-237-9871,,4.2,10,NEEDS_SITE_CHECK,"glass shop or building contractor, window scope unknown",,name + review keyword filter
Cover Glass Dallas Yes,,,,,+1 888-457-3667,,0,0,NEEDS_SITE_CHECK,"glass shop or building contractor, window scope unknown",,name + review keyword filter
Kings Sliding Door Yes,http://arizona.kingsslidingdoorrepair.com/,arizona.kingsslidingdoorrepair.com,,,+1 888-664-5553,,5,26,NEEDS_SITE_CHECK,insufficient signal,,name + review keyword filter
Unrated Auto Spa Yes,https://unratedautospa.com/,unratedautospa.com,,,+1 901-581-1069,,5,58,NO,"unrelated trade, no window signal",high,name + review keyword filter
Ranger Glass and Mirror Yes,http://www.rangerglassandmirror.shop/,rangerglassandmirror.shop,,,+1 903-423-0536,,4.3,6,YES,"Window installation, window glass repair and replacement",high,verified last run (web search)
Innovative Car Sound & Security Yes,,,,,+1 903-804-7661,,4.6,36,NEEDS_SITE_CHECK,insufficient signal,,name + review keyword filter
Renew Rekindle Yes,https://www.renewrekindle.com/,renewrekindle.com,,,+1 917-445-5000,,5,2,NEEDS_SITE_CHECK,insufficient signal,,name + review keyword filter
Apex Home Improvement Solutions Yes,https://apexatx.com/,apexatx.com,,,+1 918-946-6815,,5,352,NEEDS_SITE_CHECK,"glass shop or building contractor, window scope unknown",,name + review keyword filter
Double M Glass Yes,https://maps.gstatic.com/tactile/pane/default_geocode-1x.png,maps.gstatic.com,,,+1 928-522-3667,,,,NEEDS_SITE_CHECK,"glass shop or building contractor, window scope unknown",,name + review keyword filter
8WS Construction Yes,https://commercialconstructionaustin.com/,commercialconstructionaustin.com,,,+1 936-298-4902,,5,2,NEEDS_SITE_CHECK,"glass shop or building contractor, window scope unknown",,name + review keyword filter
Wally Fixx Yes,https://wallyfixx.com/,wallyfixx.com,,,+1 945-299-9999,,5,31,NO,"Iron door restoration and refinishing (paint, rust removal, coating)",high,verified last run (web search)
Skylinq Home Yes,https://www.skylinqhome.com/,skylinqhome.com,,,+1 945-352-2008,,5,32,YES,"Windows listed as one of the home upgrade lines they design, permit and oversee installation for",medium,verified last run (web search)
Pink's Windows Downtown Fort Lauderdale Yes,https://pinkswindows.com/downtown-fort-lauderdale,pinkswindows.com,,,+1 954-231-2960,,5,91,NO,Window cleaning and pressure washing,high,verified last run (web search)
Florida Design & Associates Yes,https://floridadesignassociates.com/,floridadesignassociates.com,,,+1 954-274-7873,,4.9,43,NEEDS_SITE_CHECK,insufficient signal,,name + review keyword filter
RoofPros & Windows Yes,https://www.roofingsst.com/,roofingsst.com,,,+1 954-302-3753,,4.7,23,YES,window in name + review describes window work,high,name + review keyword filter
Amazing Window & Pressure Cleaning Yes,http://www.amazingwindowpressurecleaning.com/,amazingwindowpressurecleaning.com,,,+1 954-328-3788,,4.9,63,NEEDS_SITE_CHECK,insufficient signal,,name + review keyword filter
Murphy's Glass and Mirrors LLC Yes,http://www.murphysglass.com/,murphysglass.com,,,+1 954-336-6822,,4.9,40,NEEDS_SITE_CHECK,"glass shop or building contractor, window scope unknown",,name + review keyword filter
Aztec Empire Windows And Doors LLC Yes,,,,,+1 954-356-3256,,5,0,YES,name states window installation/replacement/doors,high,name + review keyword filter
Reliance Window Systems Yes,https://www.reliancewindowsystems.com/,reliancewindowsystems.com,,,+1 954-393-5646,,4.8,51,NEEDS_SITE_CHECK,window in name but service type unconfirmed,,name + review keyword filter
Pro Auto Glass Solutions Llc Yes,http://www.pagsolutionsllc.com/,pagsolutionsllc.com,,,+1 954-444-5832,,5,124,NEEDS_SITE_CHECK,"auto-glass name, but may also do building glass — must verify",,name + review keyword filter
The Original Frameless Shower Doors - Fort Lauderdale Yes,https://www.framelessshowerdoors.com/local_franchisee/ft-lauderdale/,framelessshowerdoors.com,,,+1 954-510-9680,,5,83,NEEDS_SITE_CHECK,insufficient signal,,name + review keyword filter
So Flo Best Price Autoglass Yes,https://autoglassrepairfortlauderdale.com/,autoglassrepairfortlauderdale.com,,,+1 954-553-6154,,4.7,248,NO,"vehicle/automotive business, no glass or window signal",high,name + review keyword filter
TM Pro Service Yes,http://tmproservice.com/,tmproservice.com,,,+1 954-734-0257,,5,45,NEEDS_SITE_CHECK,insufficient signal,,name + review keyword filter
Smooth Sliders Yes,https://smoothsliders.com/,smoothsliders.com,,,+1 954-818-9607,,4.9,129,NEEDS_SITE_CHECK,insufficient signal,,name + review keyword filter
Budget Blinds of Fort Lauderdale Yes,https://budgetblinds.com/FortLauderdale/,budgetblinds.com,,,+1 954-837-0601,,4.9,192,NO,blinds/shades/shutters/drapery (window treatments),high,name + review keyword filter
ProLift Garage Doors of Fort Lauderdale Yes,https://www.proliftdoors.com/fort-lauderdale/?utm_campaign=google&utm_medium=organic&utm_source=google_business_profile,proliftdoors.com,,,+1 954-852-2521,,5,68,NEEDS_SITE_CHECK,insufficient signal,,name + review keyword filter
Davie Windows and Custom Doors Yes,http://daviewindows.com/,daviewindows.com,,,+1 954-873-1980,,5,30,YES,window in name + review describes window work,high,name + review keyword filter
Affordable Installations Yes,http://www.affordableinstalls.com/,affordableinstalls.com,,,+1 954-882-9702,,5,45,NEEDS_SITE_CHECK,insufficient signal,,name + review keyword filter
Soflo Hurricane Windows and Doors Yes,http://soflohurricane.com/,soflohurricane.com,,,+1 954-900-9693,,5,5,YES,name states window installation/replacement/doors,high,name + review keyword filter
USA Impact Windows and Doors Yes,https://www.usawindowsanddoors.com/impact-windows-davie/,usawindowsanddoors.com,,,+1 954-951-4623,,4.3,201,YES,name states window installation/replacement/doors,high,name + review keyword filter
Roa Industries Yes,,,,,+1 956-264-0888,,4.3,11,NEEDS_SITE_CHECK,insufficient signal,,name + review keyword filter
Wrapped Up ATX Yes,,,,,+1 970-590-3674,,5,10,NEEDS_SITE_CHECK,insufficient signal,,name + review keyword filter
Solar Screens Plus Dallas Yes,,,,,+1 972-200-1712,,5,0,NEEDS_SITE_CHECK,insufficient signal,,name + review keyword filter
Jon Wright Industries Yes,https://www.jonwrightroofing.com/,jonwrightroofing.com,,,+1 972-251-1818,,4.7,38,YES,Energy-efficient replacement windows; added windows to their service lines in 1995,high,verified last run (web search)
Morning Dew Window Cleaning Yes,https://morningdewwindowcleaning.jobbersites.com/,morningdewwindowcleaning.jobbersites.com,,,+1 972-261-6998,,5,0,NO,Window washing,high,verified last run (web search)
David Smith Glass Yes,https://www.davidsmithglass.com/,davidsmithglass.com,,,+1 972-289-4999,,5,0,YES,"Residential window replacement, double pane and window glass repair, storefront glass/doors, patio doors, solar screens",high,verified last run (web search)
Prime Windows Yes,,,,,+1 972-299-0193,,1,0,NEEDS_SITE_CHECK,window in name but service type unconfirmed,,name + review keyword filter
Windows Heaven Yes,http://windowsheaven.net/,windowsheaven.net,,,+1 972-332-1133,,5,293,NO,"Window cleaning, gutter cleaning and pressure washing",high,verified last run (web search)
Jurassic Windows and more LLC Yes,https://www.facebook.com/profile.php?id=61555207653139,facebook.com,,,+1 972-351-6397,,5,22,YES,Stocks windows and provides framing and installation services including window and door installations,medium,verified last run (web search)
Lakeside Roofing Co Yes,https://lakesideroofco.com/,lakesideroofco.com,,,+1 972-365-1216,,5,31,YES,"Window replacement listed alongside roofing, siding and gutters",medium,verified last run (web search)
My Safe Auto Glass Repair & Replacement Dallas Yes,http://autoglassrepairtx.com/,autoglassrepairtx.com,,,+1 972-366-5054,,4.9,250,YES,"Commercial glass: storefront glass, doors, interior office glass, security glass and emergency board-up for DFW businesses",medium,verified last run (web search)
Planet Glass & Mirror LLC Yes,https://planetglasstx.com/,planetglasstx.com,,,+1 972-415-1222,,5,5,YES,"Window glass replacement and full window replacement, plus shower glass and mirrors",high,verified last run (web search)
Doug Does Windows Yes,https://dougdoeswindows.com/,dougdoeswindows.com,,,+1 972-423-9454,,4.9,62,NO,"Window cleaning, gutter cleaning and pressure washing",high,verified last run (web search)
Brennan Enterprises Yes,https://www.brennancorp.com/?utm_source=google&utm_medium=organic&utm_campaign=gmb&utm_term=dallas,brennancorp.com,,,+1 972-619-9281,,0,0,YES,"Turnkey full window replacement, adding window openings, window-to-door conversions; also supplies windows to trade pros",high,verified last run (web search)
North Star Glass LLC Yes,https://www.northstarglasstexas.com/,northstarglasstexas.com,,,+1 972-639-7196,,5,12,YES,"Window glass replacement — single and double pane; patio door and French door glass/hardware; screens (plus shower doors, mirrors, table tops)",high,verified last run (web search)
Acme Glass and Tinting Yes,https://911window.com/,911window.com,,,+1 972-677-7172,,4.5,49,YES,Replacement windows and sliding doors; fogged and broken window glass repair (5-yr seal-failure warranty),high,verified last run (web search)
POLAR CLEAR GLASS REPAIR Yes,http://polarclearwindows.com/,polarclearwindows.com,,,+1 972-765-5762,,4.8,544,YES,"Window repair and replacement, double-pane/foggy IGU glass repair, energy-efficient windows, patio doors",high,verified last run (web search)
DTX Handyman Services Yes,https://www.dtxhandymanservices.com/,dtxhandymanservices.com,,,+1 972-813-9474,,4.8,81,NO,Veteran-owned handyman / small home repair company,medium,verified last run (web search)
DFW Window Tinting Yes,https://dfwwindowtinting.com/,dfwwindowtinting.com,,,+1 972-846-8464,,5,40,NO,Residential/commercial window film (tint) installation,high,verified last run (web search)
Ocean Glass DFW Yes,https://www.oceanglassdfw.com/,oceanglassdfw.com,,,+1 972-854-3425,,5,47,YES,"New vinyl window installation, window repair, storefront glass",high,verified last run (web search)
Jerris Construction Yes,https://maps.gstatic.com/tactile/pane/default_geocode-1x.png,maps.gstatic.com,,,+1 972-854-8011,,,,NEEDS_SITE_CHECK,"glass shop or building contractor, window scope unknown",,name + review keyword filter
Pink's Windows Frisco - Plano Yes,https://pinkswindows.com/frisco-plano,pinkswindows.com,,,+1 972-884-5462,,5,52,NO,Window cleaning and pressure washing,high,verified last run (web search)
Allied Exteriors Yes,https://alliedexteriors.com/,alliedexteriors.com,,,+1 972-888-9988,,4.4,174,YES,review explicitly describes window install/replacement,high,name + review keyword filter
DFW Glass Mart Yes,http://dfwglassmart.com/,dfwglassmart.com,,,+1 972-900-3117,,5,110,YES,Residential and commercial glass replacement (plus auto glass); dedicated residential page,high,verified last run (web search)
Lazy Dog Window Washing Yes,http://lazydogwindows.com/,lazydogwindows.com,,,+1 972-900-5817,,5,19,NO,Residential and commercial window cleaning,high,verified last run (web search)
Dallas Glass and Auto Yes,http://dallasglassandauto.com/,dallasglassandauto.com,,,+1 972-900-7194,,5,95,YES,Residential glass repair and replacement - broken/cracked home windows - alongside its auto glass work,medium,verified last run (web search)
Glass Replacement Pros Yes,http://glassreplacementpros.com/,glassreplacementpros.com,,,+1 972-900-7559,,5,10,YES,"Home window replacement and custom glass installation, alongside auto glass and windshield work",medium,verified last run (web search)
Camey Xteriors Yes,http://www.cameyxteriors.com/,cameyxteriors.com,,,+1 972-900-8969,,5,0,YES,"Window repair and replacement for homes (exterior contractor, insurance work)",medium,verified last run (web search)
Jr & Sr Auto Glass Yes,,,,,+1 972-916-0298,,5,23,NEEDS_SITE_CHECK,"auto-glass name, but may also do building glass — must verify",,name + review keyword filter
921 Roof Yes,https://www.921roof.com/,921roof.com,,,+1 972-921-7663,,5,18,YES,Window replacements as part of their exteriors division,high,verified last run (web search)
The Window Connection Yes,https://dallaswindows.com/,dallaswindows.com,,,+1 972-951-6120,,5,69,YES,"Replacement window installation - vinyl, fiberglass, composite, aluminum and wood; plus sliding, French and entry doors",high,verified last run (web search)
GlassLogic Windshield Repair Yes,https://www.glasslogicwindshieldrepair.com/,glasslogicwindshieldrepair.com,,,+1 972-983-8571,,4.8,327,NO,Auto glass / windshield repair and replacement,high,verified last run (web search)
Model Glass & Shower Doors Yes,https://modelglassatx.com/?utm_source=google&utm_medium=organic&utm_campaign=gbp,modelglassatx.com,,,+1 979-587-2334,,5,59,NEEDS_SITE_CHECK,"glass shop or building contractor, window scope unknown",,name + review keyword filter
Zen Windows Austin Yes,https://zenwindows.com/?utm_source=google&utm_medium=organic&utm_campaign=maps_austin,zenwindows.com,Round Rock,TX,+1 512-647-1707,"1 Chisholm Trail Rd Ste 450, Round Rock, TX 78681, United States",4.7,33,YES,"Whole-window replacement and installation (vinyl, bay, etc.) plus doors; no repairs",high,verified last run (web search)
Blake Construction Blake Construction Yes,http://www.blake-construction.com/contact-us/,blake-construction.com,Dallas,TX,+1 214-563-5035,"100 S Glasgow Dr, Dallas, TX 75214, United States",5,5017,YES,Replacement windows as a listed remodeling service,medium,verified last run (web search)
Together Exterior & Outdoor Remodeling Yes,https://together-exterior.com/,together-exterior.com,Austin,TX,+1 833-400-3760,"1000 E 50th St C, Austin, TX 78751, United States",5,38,NEEDS_SITE_CHECK,"glass shop or building contractor, window scope unknown",,name + review keyword filter
Sutton Roofing Yes,https://www.suttonroofinginc.com/?utm_source=google&utm_medium=organic&utm_campaign=gbp-listing,suttonroofinginc.com,Austin,TX,+1 512-394-9801,"10012 Old Lockhart Rd Ste 5A, Austin, TX 78747, United States",5,76,NEEDS_SITE_CHECK,"glass shop or building contractor, window scope unknown",,name + review keyword filter
Proline Services Yes,https://www.prolinecentral.com/,prolinecentral.com,Austin,TX,+1 512-551-9064,"10012 Old Lockhart Rd, Austin, TX 78747, United States",4.3,23,NEEDS_SITE_CHECK,insufficient signal,,name + review keyword filter
Bert Roofing Inc. Yes,https://bertroofing.com/?utm_campaign=gmb,bertroofing.com,Dallas,TX,+1 469-382-9436,"10021 Cayuga Dr, Dallas, TX 75228, United States",4.8,136,YES,"Window repair and replacement, plus window screens",high,verified last run (web search)
D & K Contracting Yes,https://dkcontracting.pro/,dkcontracting.pro,Dallas,TX,+1 469-964-3653,"10029 Cayuga Dr, Dallas, TX 75228, United States",5,38,YES,Window replacement listed among services,high,verified last run (web search)
Top Choice Lawn Care Yes,http://www.topchoiceaustin.com/,topchoiceaustin.com,Austin,TX,+1 512-291-7050,"10081 Schmidt Ln, Austin, TX 78737, United States",4.8,631,NO,"unrelated trade, no window signal",high,name + review keyword filter
TC Paint Protection film - Distribution & Training Center Yes,https://tcfilmprotection.com/,tcfilmprotection.com,Lakeway,TX,+1 305-813-7380,"1009 Ranch Rd 620 N Unit 610, Lakeway, TX 78734, United States",5,4,NO,"vehicle/automotive business, no glass or window signal",high,name + review keyword filter
Grand Openings Luxury Windows & Doors - Austin Yes,http://www.grandopenings.com/,grandopenings.com,Austin,TX,+1 512-989-9400,"1009 W 6th St #140, Austin, TX 78703, United States",2.7,7,YES,"Custom/luxury window and door sales to homeowners, builders and architects (Kolbe, Marvin, Quaker, Western, LaCantina); showroom + field service on installed windows",medium,verified last run (web search)
We are Sliding Door Repair Yes,https://slidingdoorsrepairfl.com/,slidingdoorsrepairfl.com,Fort Lauderdale,FL,+1 954-412-0101,"101 NE 3rd Ave #1500, Fort Lauderdale, FL 33301, United States",5,43,YES,review explicitly describes window install/replacement,high,name + review keyword filter
In Home Assister Yes,http://www.inhomeassister.com/,inhomeassister.com,Fort Lauderdale,FL,+1 754-247-6518,"101 NE 3rd Ave #1566, Fort Lauderdale, FL 33301, United States",4.6,13,NEEDS_SITE_CHECK,insufficient signal,,name + review keyword filter
Urgent Foundation Repair LLC. Yes,https://www.urgentfoundationrepairtx.com/,urgentfoundationrepairtx.com,Austin,TX,+1 737-241-2324,"1016 701 Tillery St #12, Austin, TX 78702, United States",5,21,NEEDS_SITE_CHECK,insufficient signal,,name + review keyword filter
A & D Window Cleaning & Window Repair Yes,https://aanddwindows.com/,aanddwindows.com,Lakeway,TX,+1 512-918-2676,"1017 Ranch Rd 620 S #210, Lakeway, TX 78734, United States",4.6,58,YES,name states window installation/replacement/doors,high,name + review keyword filter
Austin Glass Guys Yes,http://austinglassguys.com/,austinglassguys.com,Lakeway,TX,+1 737-260-7555,"1017 Ranch Rd 620 S #210, Lakeway, TX 78734, United States",5,6,NEEDS_SITE_CHECK,"glass shop or building contractor, window scope unknown",,name + review keyword filter
Bedrock Foundation Repair LLC Yes,https://bedrockfoundationrepair.com/,bedrockfoundationrepair.com,Dallas,TX,+1 214-824-1211,"1018 Fletcher St, Dallas, TX 75223, United States",4.3,131,NO,"Dog boarding, daycare and bathing",high,verified last run (web search)
Bloomin' Blinds of North Austin Yes,https://www.bloominblindsnorthaustin.com/?utm_source=GMB&utm_medium=organic&utm_campaign=pflugerville,bloominblindsnorthaustin.com,Pflugerville,TX,+1 512-402-3588,"1019 S Heatherwilde Blvd Unit 140, Pflugerville, TX 78660, United States",4.9,523,NO,blinds/shades/shutters/drapery (window treatments),high,name + review keyword filter
JC'S WINDOW TINT & CAR AUDIO Yes,https://www.jcswindowtint.net/,jcswindowtint.net,Austin,TX,+1 512-299-7027,"10200 N Lamar Blvd Ste. 202, Austin, TX 78753, United States",4.7,344,NEEDS_SITE_CHECK,"auto-glass name, but may also do building glass — must verify",,name + review keyword filter
R. Patrick Carroll III Circle C Handyman Services Yes,https://www.im-handy-af.com/,im-handy-af.com,Austin,TX,+1 512-983-5679,"10212 Cama Valley Cove, Austin, TX 78739, United States",5,19,NEEDS_SITE_CHECK,"glass shop or building contractor, window scope unknown",,name + review keyword filter
Winscreen Products Yes,https://streetviewpixels-pa.googleapis.com/v1/thumbnail?panoid=3b-P5oOU8uRsW0rI2JuCFg&cb_client=search.gws-prod.gps&w=408&h=240&yaw=300.88354&pitch=0&thumbfov=100,streetviewpixels-pa.googleapis.com,Dallas,TX,+1 214-321-6356,"10217 Garland Rd, Dallas, TX 75218, United States",,,NEEDS_SITE_CHECK,insufficient signal,,name + review keyword filter
Peque's Auto Mechanic Yes,,,Dallas,TX,+1 214-454-7964,"10220 Forest Ln, Dallas, TX 75243, United States",4.8,129,NEEDS_SITE_CHECK,insufficient signal,,name + review keyword filter
WINDOW TINT PORALIZADO EXPRESS CERAMIC Yes,https://expresswindowtint.company.site/,expresswindowtint.company.site,Dallas,TX,+1 469-263-0712,"10222 Harry Hines Blvd, Dallas, TX 75220, United States",4.6,444,NO,Window tint / film application (automotive plus buildings),high,verified last run (web search)
Mr. Home Remodel Yes,http://www.mrhomeremodel.com/,mrhomeremodel.com,Dallas,TX,+1 214-267-9339,"10228 E NW Hwy #1071, Dallas, TX 75238, United States",5,35,NO,"Home remodeling and general contracting (interiors plus siding, brick repair, exterior paint)",medium,verified last run (web search)
New Image Autosports & Window Tint Yes,https://newimageautosports.com/service-areas/dallas-garland-rd-tx/,newimageautosports.com,Dallas,TX,+1 214-272-8300,"10236 Garland Rd, Dallas, TX 75218, United States",5,136,NO,"Car audio, vehicle electronics and automotive window film",high,verified last run (web search)
Southwest Door & Window Yes,https://southwestdw.com/?utm_source=google&utm_medium=organic&utm_campaign=gbp-dallas&utm_id=local&utm_content=dallas,southwestdw.com,Dallas,TX,+1 214-341-2212,"10255 Miller Rd, Dallas, TX 75238, United States",4.2,68,YES,"Exterior window installation and replacement (vinyl and aluminum windows) plus entry and patio doors, for builders and homeowners",high,verified last run (web search)
Spaulding Decon Austin Yes,https://www.spauldingdecon.com/city/austin-tx?utm_source=gmb&utm_medium=organic&utm_campaign=gmb-listing,spauldingdecon.com,Austin,TX,+1 512-842-4770,"1029 Reinli St Bldg 109, Austin, TX 78723, United States",5,30,NEEDS_SITE_CHECK,insufficient signal,,name + review keyword filter
Windshield Go Yes,https://windshieldgo.com/our-locations/auto-glass-dallas-tx/,windshieldgo.com,Dallas,TX,+1 214-851-3788,"10300 N Central Expy #293, Dallas, TX 75231, United States",5,16,NO,Auto glass shop / mobile windshield replacement,high,verified last run (web search)
Prius World of Austin LLC Yes,http://priusworldofaustin.com/,priusworldofaustin.com,Austin,TX,+1 512-828-2934,"10309 S Hwy 183, Austin, TX 78747, United States",4.9,235,NEEDS_SITE_CHECK,insufficient signal,,name + review keyword filter
Active Austin Handyman Yes,http://activeaustinhandyman.com/,activeaustinhandyman.com,Austin,TX,+1 512-850-5407,"10320 Boulder Ln, Austin, TX 78726, United States",5,16,NEEDS_SITE_CHECK,"glass shop or building contractor, window scope unknown",,name + review keyword filter
Mighty Handy Inc Yes,https://www.mightyhandyinc.com/,mightyhandyinc.com,Austin,TX,+1 512-905-9250,"1033 E 43rd St, Austin, TX 78751, United States",4.7,4738,NEEDS_SITE_CHECK,insufficient signal,,name + review keyword filter
Tip Top Window Cleaning LLC Yes,,,Austin,TX,+1 512-969-7392,"10413 Snapdragon Dr, Austin, TX 78739, United States",5,5,NO,window cleaning/washing,high,name + review keyword filter
Revive & Renew Remodeling LLC Yes,https://rr-remo.com/,rr-remo.com,Dallas,TX,+1 469-750-3466,"10420 Plano Rd Ste 110, Dallas, TX 75238, United States",5,28,NO,"Design-build remodeling firm - high-end interiors, kitchens, baths, additions, outdoor living",medium,verified last run (web search)
Full Color Cleaners Yes,https://fullcolorcleaners.com/?utm_source=google&utm_medium=organic&utm_campaign=google_business_profile,fullcolorcleaners.com,Austin,TX,+1 512-883-2807,"1044 Camino La Costa Ste 2102, Austin, TX 78752, United States",5,351,NEEDS_SITE_CHECK,insufficient signal,,name + review keyword filter
Ideal Siding Dallas Yes,https://idealsiding.com/us/locations/siding-dallas/,idealsiding.com,Dallas,TX,+1 682-688-9923,"10440 N Central Expy #800, Dallas, TX 75231, United States",4.9,51,NO,"Siding contractor (vinyl, Hardie, cedar, metal)",medium,verified last run (web search)
Special Truck and Auto Salvage Yes,http://www.specialautosalvage.com/,specialautosalvage.com,Austin,TX,+1 512-243-2020,"10462 FM812, Austin, TX 78719, United States",4.1,491,NEEDS_SITE_CHECK,insufficient signal,,name + review keyword filter
Tint City and Wraps Yes,https://tintcityandwraps.com/,tintcityandwraps.com,Fort Lauderdale,FL,+1 954-533-3171,"1050 W Commercial Blvd, Fort Lauderdale, FL 33309, United States",4.9,900,NEEDS_SITE_CHECK,insufficient signal,,name + review keyword filter
Graphics Guys Yes,https://graphicsguys.com/,graphicsguys.com,Austin,TX,+1 512-595-3102,"10509 Circle Dr #1310, Austin, TX 78736, United States",4.7,112,NEEDS_SITE_CHECK,insufficient signal,,name + review keyword filter
Frameless Glass Company Yes,https://framelessglasstx.com/?utm_source=gmb&utm_medium=referral,framelessglasstx.com,Austin,TX,+1 512-400-2949,"10509 Circle Dr, Austin, TX 78736, United States",4.9,329,NEEDS_SITE_CHECK,"glass shop or building contractor, window scope unknown",,name + review keyword filter
Alamo Glass & Mirror Yes,https://www.alamoglassco.com/,alamoglassco.com,Dallas,TX,+1 214-821-2886,"10510 Olympic Dr, Dallas, TX 75220, United States",3.9,38,YES,Window glass repair and replacement; commercial storefronts and curtainwall,high,verified last run (web search)
Low Price Auto Glass of South Austin Yes,http://www.lpagatx.com/,lpagatx.com,Austin,TX,+1 512-339-6555,"10516 Menchaca Rd Ste 200, Austin, TX 78748, United States",4.8,276,NEEDS_SITE_CHECK,"auto-glass name, but may also do building glass — must verify",,name + review keyword filter
Scott Roofing & Exteriors Yes,https://www.scottexteriors.com/,scottexteriors.com,Dallas,TX,+1 214-503-7663,"10561 New Church Rd, Dallas, TX 75238, United States",4.4,95,YES,Replacement windows and window installation,high,verified last run (web search)
Castle Contracting Yes,http://www.castleexteriors.net/?utm_source=Google&utm_medium=Organic&utm_campaign=GBP,castleexteriors.net,Machesney Park,IL,+1 877-512-4207,"10565 Product Dr Ste A1, Machesney Park, IL 61115, United States",4.9,155,NEEDS_SITE_CHECK,insufficient signal,,name + review keyword filter
Chenault window services Yes,https://chenaultswindowservices.net/,chenaultswindowservices.net,Dallas,TX,+1 972-783-9572,"10605 Boomer Cir #107, Dallas, TX 75238, United States",4.1,29,YES,"Window installation and replacement (vinyl, wood, aluminum), glass replacement, skylights, doors, screens",high,verified last run (web search)
Hector's Solar Screens & Blinds Yes,,,Dallas,TX,+1 469-233-6294,"107 Triumph Rd, Dallas, TX 75241, United States",4.2,5,NO,blinds/shades/shutters/drapery (window treatments),high,name + review keyword filter
Top Notch Window Cleaning Yes,http://chimneycleaning.store/,chimneycleaning.store,Austin,TX,+1 512-743-1899,"10701 I-35 #2015, Austin, TX 78747, United States",5,0,NO,window cleaning/washing,high,name + review keyword filter
All Pro Windows and Doors Yes,http://www.allprowindowsanddoors.com/,allprowindowsanddoors.com,Fort Lauderdale,FL,+1 954-771-0071,"1071 NW 53rd St, Fort Lauderdale, FL 33309, United States",3.5,17,YES,name states window installation/replacement/doors,high,name + review keyword filter
Solaris Window Tinting Yes,http://solaristinting.com/,solaristinting.com,Austin,TX,+1 512-956-2425,"10713 N FM 620 Bldg E Ste 525, Austin, TX 78726, United States",4.9,33,NO,window tint/film only,high,name + review keyword filter
Pro Car Audio Yes,http://www.procaraudio.com/,procaraudio.com,Austin,TX,+1 512-366-7888,"10715 N Lamar Blvd, Austin, TX 78753, United States",4.9,615,NO,"vehicle/automotive business, no glass or window signal",high,name + review keyword filter
Bold Roofing - DFW's Best Roofing Contractor Yes,https://boldroofing.com/,boldroofing.com,Dallas,TX,+1 972-380-9300,"10720 Miller Rd #303, Dallas, TX 75238, United States",4.7,623,YES,"Windows listed as a service alongside gutters, siding, fencing under general contracting / storm restoration",medium,verified last run (web search)
Low Price Auto Glass North Lamar Yes,https://www.lpagnl.com/,lpagnl.com,Austin,TX,+1 512-339-0555,"10720 N Lamar Blvd, Austin, TX 78753, United States",4.8,397,NEEDS_SITE_CHECK,"auto-glass name, but may also do building glass — must verify",,name + review keyword filter
A.M Windows And Doors Yes,https://amwindowsandoors.com/,amwindowsandoors.com,Plantation,FL,+1 561-639-9752,"10749 Cleary Blvd, Plantation, FL 33324, United States",4.6,174,YES,name states window installation/replacement/doors,high,name + review keyword filter
Piper-Weatherford Co Yes,http://www.piperweatherford.com/,piperweatherford.com,Dallas,TX,+1 214-343-9000,"10755 Rockwall Rd, Dallas, TX 75238, United States",5,13,NO,"Commercial architectural hardware, hollow metal and wood door/frame distributor",medium,verified last run (web search)
Texas AirZone LLC Yes,https://www.texasairzone.com/?utm_source=Google&utm_medium=GBP&utm_campaign=Organic_GBP_TAZ,texasairzone.com,Dallas,TX,+1 214-851-3886,"10763 Mapleridge Dr, Dallas, TX 75238, United States",4.9,892,NEEDS_SITE_CHECK,insufficient signal,,name + review keyword filter
First Floors Carpet One Floor & Home Yes,https://www.ffc1.com/?utm_source=google&utm_medium=organic&utm_campaign=gbp-listing&utm_content=Dallas-showroom,ffc1.com,Dallas,TX,+1 972-590-6835,"10771 Estate Ln, Dallas, TX 75238, United States",4.3,121,NO,"unrelated trade, no window signal",high,name + review keyword filter
Glass & Storefront Solutions Inc. Yes,http://www.solutionsstorefront.com/,solutionsstorefront.com,Dallas,TX,+1 214-489-2361,"108 N Marsalis Ave Ste a, Dallas, TX 75203, United States",5,507,NEEDS_SITE_CHECK,"glass shop or building contractor, window scope unknown",,name + review keyword filter
Lion Windows Yes,https://lionwindows.com/,lionwindows.com,West Lake Hills,TX,+1 512-940-6000,"108 Wild Basin Rd S Suite 250, West Lake Hills, TX 78746, United States",4.6,30,NEEDS_SITE_CHECK,window in name but service type unconfirmed,,name + review keyword filter
Lon Smith Roofing Yes,https://www.lonsmith.com/,lonsmith.com,Dallas,TX,+1 214-221-1400,"10821 Sanden Dr, Dallas, TX 75238, United States",4.6,113,NO,Large residential/commercial roofing company,high,verified last run (web search)
Dallas Window Tint Yes,http://www.dallaswindowtint.com/,dallaswindowtint.com,Dallas,TX,+1 214-553-5938,"10825 Plano Rd #4, Dallas, TX 75238, United States",4.8,141,NO,"Auto, commercial and residential window tinting",high,verified last run (web search)
Raesz Custom Floors and Lighting Yes,https://www.austincustomfloors.com/,austincustomfloors.com,Austin,TX,+1 512-301-5580,"10827 US-290 Ste 100, Austin, TX 78736, United States",3.9,20,NEEDS_SITE_CHECK,insufficient signal,,name + review keyword filter
Stork's Home Services Yes,https://storkheatingandair.com/?utm_source=google&utm_medium=organic&utm_campaign=gbp,storkheatingandair.com,Dallas,TX,+1 972-421-8000,"10840 Switzer Ave #101, Dallas, TX 75238, United States",5,61,NO,HVAC and electrical contractor,high,verified last run (web search)
Quality 1 Energy Systems Heating & Air Conditioning Yes,https://www.q1es.com/,q1es.com,Dallas,TX,+1 214-856-6489,"10870 Plano Rd C, Dallas, TX 75238, United States",4.9,398,YES,Residential window installation / replacement for energy efficiency,high,verified last run (web search)
Armoured Exteriors Yes,http://www.armouredexteriors.com/?utm_campaign=gmb,armouredexteriors.com,Rockford,IL,+1 779-423-7831,"109 N Alpine Rd, Rockford, IL 61107, United States",4.9,22,NEEDS_SITE_CHECK,insufficient signal,,name + review keyword filter
G TEK AUTOGLASS LLC Yes,https://g-tekautoglassllc.godaddysites.com/?fbclid=IwZXh0bgNhZW0CMTAAAR0Sovmlp_Zvohu-xxiT0VfwrcKAjOtUT_5IhWJwl5wz6ioXYMmEzUig4lU_aem_AeIN6euQO5JEMTfhQbTS-k1hSavnQHdmTpGLrf9aOTDdEgmwkT4al-ABJHaFejyUN7_hznnNe9bL6ErfmxFFQvMq,g-tekautoglassllc.godaddysites.com,Austin,TX,+1 512-630-8737,"10908 FM 969, Austin, TX 78724, United States",4.9,12,NO,"vehicle/automotive business, no glass or window signal",high,name + review keyword filter
Euro Wholesale Windows Yes,https://europawindows.com/,europawindows.com,Austin,TX,+1 512-938-8588,"10923 Sierra Oaks, Austin, TX 78759, United States",1,4939,NEEDS_SITE_CHECK,window in name but service type unconfirmed,,name + review keyword filter
TrueSafe Renovations Yes,http://www.truesaferenovations.com/,truesaferenovations.com,Dallas,TX,+1 972-330-3906,"10925 Estate Ln Ste 214, Dallas, TX 75238, United States",5,53,YES,Window replacement - installs Ply Gem windows and doors,high,verified last run (web search)
Sali's Roofing Yes,https://salisroofing.com/?utm_source=google&utm_medium=organic&utm_campaign=gbp_listing&utm_content=salis_roofing,salisroofing.com,Dallas,TX,+1 469-677-0239,"10930 Switzer Ave #123, Dallas, TX 75238, United States",5,109,NO,"Roofing contractor (residential + commercial), insurance claims",medium,verified last run (web search)
LUX EcoShades LLC Yes,http://www.luxecoshades.com/,luxecoshades.com,Dallas,TX,+1 214-620-8102,"10945 Estate Ln Ste E155, Dallas, TX 75238, United States",5,13,NO,Custom roller shades and window film,high,verified last run (web search)
Performance Windows Dallas East Yes,https://goperformancewindows.com/tx/dallas-east/,goperformancewindows.com,Dallas,TX,+1 682-349-7949,"10945 Estate Ln Ste E255, Dallas, TX 75238, United States",4.8,5,YES,Residential replacement window installation,high,verified last run (web search)
Austin Home Systems Yes,https://austinhomesystems.com/,austinhomesystems.com,Austin,TX,+1 512-293-3179,"1102 W Koenig Ln, Austin, TX 78756, United States",4.9,237,NEEDS_SITE_CHECK,insufficient signal,,name + review keyword filter
Apollo Window Film Yes,https://apollowindowfilm.com/,apollowindowfilm.com,Dallas,TX,+1 844-537-7786,"11035 Harry Hines Blvd Ste 213, Dallas, TX 75229, United States",5,12,NO,window tint/film only,high,name + review keyword filter
Discount Glass Texas Yes,http://discountglasstexas.com/,discountglasstexas.com,Dallas,TX,+1 972-900-8748,"11063 Dennis Rd, Dallas, TX 75229, United States",4.9,1497,YES,"Window replacement and repair, storefront windows, commercial glass across Dallas/Carrollton",high,verified last run (web search)
Metal-Craft Products Co Yes,https://www.metalcraftdoors.com/,metalcraftdoors.com,Dallas,TX,+1 214-357-9431,"11071 Denton Dr, Dallas, TX 75229, United States",4.7,32,NO,"Manufacturer of custom aluminum sliding doors, pass-through service windows and display cases",medium,verified last run (web search)
Holden Roofing Austin Yes,https://holdenroofing.com/contact-us/austin-roofing/,holdenroofing.com,Austin,TX,+1 512-750-0523,"111 W Anderson Ln. Ste E360A, Austin, TX 78752, United States",4.6,379,NEEDS_SITE_CHECK,"glass shop or building contractor, window scope unknown",,name + review keyword filter
XPEL Austin Yes,https://www.austinclearbra.com/,austinclearbra.com,Austin,TX,+1 512-220-2009,"11100 Metric Blvd Ste 200A, Austin, TX 78758, United States",4.9,302,NEEDS_SITE_CHECK,insufficient signal,,name + review keyword filter
Austin Window Fashions Yes,https://austinwindowfashions.com/?utm_source=google&utm_medium=organic&utm_campaign=my+business+location+page,austinwindowfashions.com,Austin,TX,+1 512-360-9297,"11100 Metric Blvd Ste 700, Austin, TX 78758, United States",5,909,NEEDS_SITE_CHECK,window in name but service type unconfirmed,,name + review keyword filter
Park Cities Gutter and Window Cleaning Co Yes,,,Dallas,TX,+1 214-696-1917,"1111 W Mockingbird Ln Unit 7-3, Dallas, TX 75247, United States",5,29,NO,window cleaning/washing,high,name + review keyword filter
Star Glass Aluminum Yes,https://starglassaluminum.com/,starglassaluminum.com,Dallas,TX,+1 972-464-6007,"11111 Ables Ln #124, Dallas, TX 75229, United States",4.9,126,YES,"Residential and commercial window glass installation and repair, storefront glass and curtain-type systems",high,verified last run (web search)
Nick's Door Company Yes,https://www.nickslocksmith.com/?utm_source=omg-gbp&utm_medium=webclick,nickslocksmith.com,Austin,TX,+1 737-299-7426,"11116 Middle Fiskville Rd # B, Austin, TX 78753, United States",5,229,NEEDS_SITE_CHECK,insufficient signal,,name + review keyword filter
At Auto Glass Yes,,,Austin,TX,+1 512-865-9400,"11116 Middle Fiskville Rd STE C, Austin, TX 78753, United States",4.7,12,NEEDS_SITE_CHECK,"auto-glass name, but may also do building glass — must verify",,name + review keyword filter
W Tint X - Car Window Tinting Yes,https://wtintx.com/,wtintx.com,Austin,TX,+1 512-979-0143,"11116 Middle Fiskville Rd Ste g, Austin, TX 78753, United States",4.9,63,NO,window tint/film only,high,name + review keyword filter
Lucky's Mobile Auto Glass Yes,https://streetviewpixels-pa.googleapis.com/v1/thumbnail?panoid=VzCC-aAeW68NhRrTgGFarA&cb_client=search.gws-prod.gps&w=408&h=240&yaw=4.6840415&pitch=0&thumbfov=100,streetviewpixels-pa.googleapis.com,Rockford,IL,+1 815-985-8259,"1112 10th Ave, Rockford, IL 61104, United States",,,NEEDS_SITE_CHECK,"auto-glass name, but may also do building glass — must verify",,name + review keyword filter
A1 General Contracting LLC Yes,,,Austin,TX,+1 844-349-4821,"11125 Cherisse Dr, Austin, TX 78739, United States",3.5,11,NEEDS_SITE_CHECK,insufficient signal,,name + review keyword filter
Mighty Dog Roofing of North Austin Yes,http://www.mightydogroofing.com/north-austin-tx,mightydogroofing.com,Austin,TX,+1 512-957-2963,"11126 Jollyville Rd Suite C Room B, Austin, TX 78759, United States",4.9,36,NO,"unrelated trade, no window signal",high,name + review keyword filter
Abaco Auto Glass Yes,http://www.abacoautoglass.com/,abacoautoglass.com,Dallas,TX,+1 214-457-6837,"11147 Harry Hines Blvd, Dallas, TX 75229, United States",4.7,102,NO,Auto glass / windshield replacement and repair,high,verified last run (web search)
All Glass Installation Yes,http://dallasfortworthglass.com/,dallasfortworthglass.com,Dallas,TX,+1 972-234-5678,"11180 Denton Dr, Dallas, TX 75229, United States",4.9,145,NO,Auto glass / windshield replacement,medium,verified last run (web search)
The Glass Guru Yes,https://www.theglassguru.com/locations/austin-south-tx/?utm_source=GMB&utm_medium=profile_website_link,theglassguru.com,Austin,TX,+1 512-862-9406,"11190 Circle Dr #490, Austin, TX 78736, United States",4.9,828,NEEDS_SITE_CHECK,"glass shop or building contractor, window scope unknown",,name + review keyword filter
S&R Impact Windows and Doors Yes,http://srimpactwindowsanddoors.com/,srimpactwindowsanddoors.com,Fort Lauderdale,FL,+1 954-616-7121,"1120 NW 55th St, Fort Lauderdale, FL 33309, United States",4.7,32,YES,name states window installation/replacement/doors,high,name + review keyword filter
The Up and Up Garage Doors - Garage Door Service in Austin Texas Yes,https://theupandupdoors.com/,theupandupdoors.com,Austin,TX,+1 512-707-9494,"11203 Ranch to Market Rd 2222, Austin, TX 78730, United States",5,101,NO,"unrelated trade, no window signal",high,name + review keyword filter
Shutter Solutions Inc Yes,https://streetviewpixels-pa.googleapis.com/v1/thumbnail?panoid=-Og4-kIzZiIgJD5dDM1stg&cb_client=search.gws-prod.gps&w=408&h=240&yaw=276.8221&pitch=0&thumbfov=100,streetviewpixels-pa.googleapis.com,Dallas,TX,+1 972-243-6222,"11211 Gemini Ln, Dallas, TX 75229, United States",,,NO,blinds/shades/shutters/drapery (window treatments),high,name + review keyword filter
JK Glass Yes,,,Dallas,TX,+1 972-484-8892,"11220 Goodnight Ln, Dallas, TX 75229, United States",4.5,33,YES,review explicitly describes window install/replacement,high,name + review keyword filter
Alvarez Glass and Mirror LLC Yes,http://www.alvarezglass.com/,alvarezglass.com,Dallas,TX,+1 214-906-3955,"11227 Goodnight Ln #905, Dallas, TX 75229, United States",3.7,3,YES,Complete window replacement (vinyl / thermally broken) and window glass replacement; storefront glazing,high,verified last run (web search)
Kerygma Glass Yes,,,Dallas,TX,+1 469-223-0458,"11227 Goodnight Ln, Dallas, TX 75229, United States",2.2,9,NEEDS_SITE_CHECK,"glass shop or building contractor, window scope unknown",,name + review keyword filter
Dallas Door Designs Yes,https://www.dallasdoorservices.com/,dallasdoorservices.com,Dallas,TX,+1 214-973-0373,"11239 Leo Ln, Dallas, TX 75229, United States",4.5,101,YES,Sells and installs windows alongside doors (sliding glass doors & windows); door and window replacement/installation,medium,verified last run (web search)
Dallas Glass and Mirror Yes,https://www.dallasglassandmirror.net/,dallasglassandmirror.net,Dallas,TX,+1 469-737-5374,"11245 Goodnight Ln #19, Dallas, TX 75229, United States",4.9,473,YES,"Window repair and replacement, 24-hour glass replacement, emergency board-up",high,verified last run (web search)
North Dallas Window Cleaning Yes,http://northdallaswindowcleaning.com/?utm_campaign=gmb,northdallaswindowcleaning.com,Dallas,TX,+1 469-871-5448,"11259 Goodnight Ln #1122, Dallas, TX 75229, United States",4.9,519,NO,"Window cleaning, pressure washing, gutter cleaning, holiday lights",high,verified last run (web search)
Florida Impact Windows & Doors Yes,https://floridaimpact.com/,floridaimpact.com,Deerfield Beach,FL,+1 954-822-0867,"1126 S Powerline Rd, Deerfield Beach, FL 33442, United States",4.1,87,YES,name states window installation/replacement/doors,high,name + review keyword filter
New Edge Renovation Yes,https://www.newedgeren.com/,newedgeren.com,Austin,TX,+1 737-359-1475,"1127 Eleanor St, Austin, TX 78721, United States",4.8,88,NEEDS_SITE_CHECK,insufficient signal,,name + review keyword filter
Mila Auto Repair Yes,https://milaautogroup.com/,milaautogroup.com,Dallas,TX,+1 972-677-7753,"11310 Plano Rd Ste c, Dallas, TX 75243, United States",5,93,NEEDS_SITE_CHECK,insufficient signal,,name + review keyword filter
Bonnie & Clyde Car Stereo & Window Tinting Yes,http://bncstereo.com/,bncstereo.com,Dallas,TX,+1 972-241-1187,"11311 Harry Hines Blvd #104, Dallas, TX 75229, United States",4.8,1731,NO,"Car audio/stereo, auto security and automotive window tint",high,verified last run (web search)
Signature Steel Doors and Windows Yes,,,Austin,TX,+1 512-608-3498,"11400 Naples Cove, Austin, TX 78739, United States",4.8,4829,NEEDS_SITE_CHECK,window in name but service type unconfirmed,,name + review keyword filter
Pink's Windows Four Points - Lakeway Yes,https://pinkswindows.com/four-points-lakeway,pinkswindows.com,Austin,TX,+1 512-253-4731,"11402 Farm to Market Rd 2222, Austin, TX 78726, United States",5,250,NO,Window cleaning and pressure washing,high,verified last run (web search)
Azorean Mirror Inc Yes,http://azoreanmirror.com/,azoreanmirror.com,Fort Lauderdale,FL,+1 954-764-3613,"1141 NE 7th Ave, Fort Lauderdale, FL 33304, United States",4.8,18,NEEDS_SITE_CHECK,"glass shop or building contractor, window scope unknown",,name + review keyword filter
Window Cleaner Pros Yes,https://windowcleanerpros.com/,windowcleanerpros.com,Farmers Branch,TX,+1 469-515-5212,"11410 Mathis Ave, Farmers Branch, TX 75234, United States",5,145,NO,"Window cleaning, gutter cleaning, pressure washing",high,verified last run (web search)
Daltex Glass & Aluminum Inc Yes,https://daltexglass.com/,daltexglass.com,Farmers Branch,TX,+1 214-865-9961,"11419 Ferrell Dr #108, Farmers Branch, TX 75234, United States",4.4,49,YES,"Supplies, fabricates and installs custom windows and storefronts",high,verified last run (web search)
AJ Window Solutions LLC Yes,https://ajwindowsolutions.com/,ajwindowsolutions.com,Farmers Branch,TX,+1 972-207-1560,"11419 Mathis Ave Ste 211, Farmers Branch, TX 75234, United States",4.3,13,YES,"Repair, replacement and installation of windows and glass (plus screens, blinds, shutters)",high,verified last run (web search)
J.P Glass LLC Yes,,,Dallas,TX,+1 214-863-9214,"11453 Newkirk St, Dallas, TX 75229, United States",4.6,10,NEEDS_SITE_CHECK,"glass shop or building contractor, window scope unknown",,name + review keyword filter
Pro-Install Yes,https://www.proinstall.pro/,proinstall.pro,Fort Lauderdale,FL,+1 754-207-4133,"1150 NW 54th St, Fort Lauderdale, FL 33309, United States",4.8,94,YES,review explicitly describes window install/replacement,high,name + review keyword filter
Premium Texas Tint Yes,,,Dallas,TX,+1 469-706-9845,"11504 Garland Rd, Dallas, TX 75218, United States",5,4,NEEDS_SITE_CHECK,insufficient signal,,name + review keyword filter
EXPERT WINDOW TINT WRAP Yes,https://expertwindowtint.godaddysites.com/,expertwindowtint.godaddysites.com,Dallas,TX,+1 214-407-0238,"11507 Harry Hines Blvd, Dallas, TX 75229, United States",4.9,82,NO,window tint/film only,high,name + review keyword filter
My Uncle Gus Yes,https://myunclegus.com/contact-us/,myunclegus.com,Austin,TX,+1 512-765-5349,"11509 January Dr, Austin, TX 78753, United States",5,4,NEEDS_SITE_CHECK,insufficient signal,,name + review keyword filter
Franck Construction and Services Yes,https://streetviewpixels-pa.googleapis.com/v1/thumbnail?panoid=5FYHjNf9v8s2jDaQvVF_Gw&cb_client=search.gws-prod.gps&w=408&h=240&yaw=115.749344&pitch=0&thumbfov=100,streetviewpixels-pa.googleapis.com,Austin,TX,+1 830-371-6861,"11511 Metric Blvd, Austin, TX 78758, United States",,,NEEDS_SITE_CHECK,"glass shop or building contractor, window scope unknown",,name + review keyword filter
Sidingrepairservicesanleanna Yes,https://streetviewpixels-pa.googleapis.com/v1/thumbnail?panoid=0S6fSXJaAsHVcjlPbTOn8A&cb_client=search.gws-prod.gps&w=408&h=240&yaw=109.58424&pitch=0&thumbfov=100,streetviewpixels-pa.googleapis.com,Austin,TX,+1 213-578-5957,"11601 Circle Dr, Austin, TX 78748, United States",,,NEEDS_SITE_CHECK,insufficient signal,,name + review keyword filter
Green Mainland Yes,https://www.greenmainland.com/,greenmainland.com,Dallas,TX,+1 945-351-7511,"11610 Harry Hines Blvd #120, Dallas, TX 75229, United States",5,38,YES,"Sells and installs European-style aluminum windows (casement, tilt-turn, pivot, hopper, bifold, fixed) plus full-house glazing",high,verified last run (web search)
Pitch's Window Tinting & Auto Glass Yes,http://www.pitchswindowtinting.com/,pitchswindowtinting.com,Dallas,TX,+1 972-768-8264,"11634 Harry Hines Blvd, Dallas, TX 75229, United States",4.6,50,NO,"window tint film installation (auto, plus residential/commercial film) and auto glass replacement",high,verified last run (web search)
CB Anderson Shutter Co Yes,https://www.cbandersonshutterco.com/,cbandersonshutterco.com,Dallas,TX,+1 469-386-6011,"11649 Chairman Dr Ste 2, Dallas, TX 75243, United States",5,31,NO,Custom exterior/interior shutter manufacture and installation,high,verified last run (web search)
Blackbird Custom Exterior Shutters Yes,https://blackbirdshutters.com/,blackbirdshutters.com,Dallas,TX,+1 972-365-4943,"11649 Chairman Dr Ste 2, Dallas, TX 75243, United States",5,15,NO,Custom exterior (decorative) shutters,medium,verified last run (web search)
Sunbusters Window Tinting Yes,https://sunbusterstint.com/?utm_source=google&utm_medium=gbp&utm_campaign=researchblvd,sunbusterstint.com,Austin,TX,+1 512-794-8468,"11655 Research Blvd Ste c, Austin, TX 78759, United States",4.9,630,NO,window tint/film only,high,name + review keyword filter
B&B Plate Glass Yes,https://www.austintxglass.net/,austintxglass.net,Austin,TX,+1 512-825-3738,"11707 N Lamar Blvd, Austin, TX 78753, United States",4.9,533,NEEDS_SITE_CHECK,"glass shop or building contractor, window scope unknown",,name + review keyword filter
Capitol City Wood Works LLC Yes,https://capitolcitywoodworks.com/,capitolcitywoodworks.com,Austin,TX,+1 512-673-2119,"11717 Blackhawk Dr, Austin, TX 78759, United States",5,42,NEEDS_SITE_CHECK,insufficient signal,,name + review keyword filter
Bluesky Building Supplies LLC Yes,https://www.blueskysupplies.net/,blueskysupplies.net,Dallas,TX,+1 469-451-9521,"11720 Chairman Dr #108, Dallas, TX 75243, United States",4.7,87,YES,Supplies custom-size windows and doors and provides window installation service,medium,verified last run (web search)
Shade-Outdoor Living Solutions Yes,https://www.shadeandmore.com/,shadeandmore.com,Austin,TX,+1 512-872-2880,"11782 Jollyville Rd, Austin, TX 78759, United States",4.7,30,NO,blinds/shades/shutters/drapery (window treatments),high,name + review keyword filter
McCoy's Building Supply Yes,https://www.mccoys.com/stores/austin-290-west-tx,mccoys.com,Austin,TX,+1 512-288-3313,"11811 US-290, Austin, TX 78737, United States",4.6,201,NEEDS_SITE_CHECK,insufficient signal,,name + review keyword filter
Transom Windows and Doors Yes,https://transomwindowsanddoors.com/,transomwindowsanddoors.com,Dallas,TX,+1 214-205-0903,"11837 Judd Ct #112, Dallas, TX 75243, United States",5,3,YES,"Window and door installation and replacement (Andersen, Pella); vinyl and composite replacement windows; also fiber cement siding",high,verified last run (web search)
Transom Remodeling Yes,https://transomremodeling.com/,transomremodeling.com,Dallas,TX,+1 469-818-0134,"11837 Judd Ct #112, Dallas, TX 75243, United States",5,28,NEEDS_SITE_CHECK,insufficient signal,,name + review keyword filter
WJ Window Tint Yes,https://www.tintwindowpro.com/,tintwindowpro.com,Dallas,TX,+1 214-426-4067,"11838 E NW Hwy, Dallas, TX 75218, United States",5,2,NO,Automotive/residential/commercial window tinting,high,verified last run (web search)
101% AUTO WORKS DALLAS Yes,http://101autowork.com/,101autowork.com,Dallas,TX,+1 903-257-8996,"11857 Judd Ct #200, Dallas, TX 75243, United States",4.9,173,NEEDS_SITE_CHECK,insufficient signal,,name + review keyword filter
Vivero Growers Nursery Yes,http://viverogrowers.com/,viverogrowers.com,Austin,TX,+1 512-587-4476,"12000 US-290, Austin, TX 78737, United States",4.8,210,NEEDS_SITE_CHECK,insufficient signal,,name + review keyword filter
Conservation Construction of Dallas Yes,https://conservationconstructionofdallas.com/,conservationconstructionofdallas.com,Grand Prairie,TX,+1 817-416-8005,"1201 E Avenue J, Grand Prairie, TX 75050, United States",4.5,231,YES,"Energy-efficient vinyl replacement windows, impact-resistant storm windows, patio doors — professionally installed",high,verified last run (web search)
US Custom Shades Yes,http://www.us-customshades.com/,us-customshades.com,Fort Lauderdale,FL,+1 954-388-5014,"1201 NW 65th Pl, Fort Lauderdale, FL 33309, United States",4.1,13,NO,blinds/shades/shutters/drapery (window treatments),high,name + review keyword filter
Total Glassworks Yes,https://www.totalglassworks.net/,totalglassworks.net,Austin,TX,+1 512-831-7065,"12010 US-290 Ste 140, Austin, TX 78737, United States",5,11,NEEDS_SITE_CHECK,insufficient signal,,name + review keyword filter
Hill Country Awnings & Shades of Texas Yes,https://retractablesolarscreens.com/,retractablesolarscreens.com,Austin,TX,+1 512-288-7512,"12010 US-290 Ste 220, Austin, TX 78737, United States",5,34,NO,blinds/shades/shutters/drapery (window treatments),high,name + review keyword filter
Precision Garage Door of Dallas Yes,https://precisiondoordallas.com/?utm_source=google&utm_medium=gmb&utm_campaign=GMB+Dallas,precisiondoordallas.com,Dallas,TX,+1 214-919-9992,"12021 S Plano Rd Ste 110, Dallas, TX 75243, United States",4.8,790,NO,Garage door and opener repair/installation franchise,high,verified last run (web search)
E & D Auto Works Yes,https://www.endautoworks.com/,endautoworks.com,Dallas,TX,+1 214-425-1070,"12022 Garland Rd, Dallas, TX 75218, United States",4.9,54,NEEDS_SITE_CHECK,insufficient signal,,name + review keyword filter
Infinity Replacement by Marvin Yes,https://install.infinitywindows.com/locations/texas/dallas/?utm_source=gmb&utm_medium=organic&utm_campaign=dfw,install.infinitywindows.com,Grand Prairie,TX,+1 866-922-2119,"1205 E Avenue J, Grand Prairie, TX 75050, United States",4.8,261,YES,Full-frame and insert replacement windows and patio doors (fiberglass),high,verified last run (web search)
Energy Shield Window & Door Company Yes,https://energyshieldwindowsanddoors.com/,energyshieldwindowsanddoors.com,Avondale,AZ,+1 623-231-2451,"1205 N Eliseo Felix Jr Way B103, Avondale, AZ 85323, United States",4.7,365,YES,name states window installation/replacement/doors,high,name + review keyword filter
Driven By Design Yes,https://www.drivenbydesignatx.com/,drivenbydesignatx.com,Austin,TX,+1 512-494-5000,"12100 RM 1826 Ste 950, Austin, TX 78737, United States",5,41,NEEDS_SITE_CHECK,insufficient signal,,name + review keyword filter
Austin Blind Faith Window Coverings Yes,http://www.austinblindfaith.com/,austinblindfaith.com,Austin,TX,+1 512-373-3630,"12100 RM 1826 Unit 2, Austin, TX 78737, United States",4.4,7,NO,blinds/shades/shutters/drapery (window treatments),high,name + review keyword filter
Caliber Auto Glass Yes,https://www.caliber.com/find-a-location/dallas-self-plaza-dr-glass-75218?utm_source=google&utm_medium=gbp-profile&utm_campaign=webform-GBPwebsite&utm_content=&utm_term=&utm_id=0967,caliber.com,Dallas,TX,+1 888-461-0010,"12101 Self Plaza Dr, Dallas, TX 75218, United States",4.7,47373,NO,"National auto glass / collision chain (windshield repair & replacement, ADAS calibration)",high,verified last run (web search)
Christian Brothers Automotive White Rock Yes,https://www.cbac.com/white-rock/?utm_source=GMB&utm_medium=organic&utm_campaign=white-rock&utm_content=website-cta,cbac.com,Dallas,TX,+1 214-444-7954,"12124 McCree Rd, Dallas, TX 75238, United States",4.6,435,NO,"vehicle/automotive business, no glass or window signal",high,name + review keyword filter
Window & Door Hilt LLC Yes,https://windowanddoorhilt.com/,windowanddoorhilt.com,Rockwall,TX,+1 361-563-9230,"1213 Marilyn Jayne Ln, Rockwall, TX 75087, United States",0,0,YES,Energy-efficient replacement window systems (ThermaLast) and doors for Dallas/Rockwall homes,high,verified last run (web search)
HD Roofing and Repairs Yes,https://www.hdroofingandrepairs.com/?utm_source=google&utm_medium=Organic&utm_campaign=gbp,hdroofingandrepairs.com,Austin,TX,+1 512-458-6800,"12131 Pecan St, Austin, TX 78727, United States",4.9,333,NEEDS_SITE_CHECK,"glass shop or building contractor, window scope unknown",,name + review keyword filter
Renewal by Andersen Window Replacement Yes,https://renewalbyandersenreplacement.com/locations/tx/dallas/?utm_source=googlebusinessprofile&utm_medium=organic,renewalbyandersenreplacement.com,Carrollton,TX,+1 469-699-8381,"1215 W Crosby Rd #180, Carrollton, TX 75006, United States",4.8,2988,YES,Full-service replacement window and patio/entry door installation,high,verified last run (web search)
Dallas Frameless Glass Yes,http://www.dallasframeless.com/,dallasframeless.com,Farmers Branch,TX,+1 469-781-7675,"12200 N Stemmons Fwy, Farmers Branch, TX 75234, United States",4.3,18,NO,Frameless shower door and enclosure company,medium,verified last run (web search)
Wolfpack Roofing & Exteriors Yes,https://wolfpackrfg.com/?utm_source=google&utm_medium=organic&utm_campaign=gmb,wolfpackrfg.com,Austin,TX,+1 512-790-7663,"12201 Alcanza Dr, Austin, TX 78739, United States",4.9,90,NEEDS_SITE_CHECK,"glass shop or building contractor, window scope unknown",,name + review keyword filter
Nations Auto Glass - North Austin Yes,https://nationsautoglass.com/austin-texas-124/,nationsautoglass.com,Austin,TX,+1 512-960-4046,"12212 Ranch Rd 620 N, Austin, TX 78750, United States",4.9,46,NEEDS_SITE_CHECK,"auto-glass name, but may also do building glass — must verify",,name + review keyword filter
Guido Materials Yes,https://www.guidomaterials.com/,guidomaterials.com,Bee Cave,TX,+1 737-520-3166,"12225 Bee Caves Rd Ste 200, Bee Cave, TX 78738, United States",4.1,41122,NEEDS_SITE_CHECK,insufficient signal,,name + review keyword filter
PERTEX Roofing & Construction Yes,https://pertexroofing.com/?utm_source=omg-gbp&utm_medium=webclick,pertexroofing.com,Dallas,TX,+1 214-734-6270,"12225 Greenville Ave Ste 732, Dallas, TX 75243, United States",4.9,30,NEEDS_SITE_CHECK,"glass shop or building contractor, window scope unknown",,name + review keyword filter
Austin Gutterman Yes,http://www.austingutterman.com/,austingutterman.com,Austin,TX,+1 512-450-1821,"12229 Roxie Dr, Austin, TX 78729, United States",4.9,178,NEEDS_SITE_CHECK,insufficient signal,,name + review keyword filter
A&M Glass Service Yes,http://www.amglassservice.com/,amglassservice.com,Dallas,TX,+1 214-327-9988,"12243 Shiloh Rd, Dallas, TX 75228, United States",4.9,93,NO,Mobile auto glass / windshield repair and replacement,high,verified last run (web search)
DARKLIGHT WINDOW SERVICES Yes,https://darklightwindowservices.godaddysites.com/,darklightwindowservices.godaddysites.com,Dallas,TX,+1 281-698-7365,"12301 N Central Expy, Dallas, TX 75243, United States",3,2,NO,Commercial/residential window tinting and security film; also gutters,high,verified last run (web search)
Fish Window Cleaning Yes,https://www.fishwindowcleaning.com/Austin-TX-440/,fishwindowcleaning.com,Austin,TX,+1 512-302-5522,"12307 Roxie Dr Ste 101, Austin, TX 78729, United States",4.7,23,NO,window cleaning/washing,high,name + review keyword filter
HRS Window Cleaning LLC Yes,http://hrswindowcleaning.com/,hrswindowcleaning.com,Austin,TX,+1 512-638-1467,"12307 Roxie Dr Ste 102, Austin, TX 78729, United States",5,21,NO,window cleaning/washing,high,name + review keyword filter
Driftwood Builders Roofing Yes,https://driftwoodbuildersroofing.com/?utm_campaign=gmb,driftwoodbuildersroofing.com,Manchaca,TX,+1 512-894-0129,"12308 Twin Creek Rd Ste 101A, Manchaca, TX 78652, United States",5,258,NEEDS_SITE_CHECK,"glass shop or building contractor, window scope unknown",,name + review keyword filter
JASB Roofing & Exterior Remodeling Yes,https://www.jasbsolutions.com/?utm_source=omg-gbp&utm_medium=webclick,jasbsolutions.com,Austin,TX,+1 512-961-1421,"12325 Hymeadow Dr Ste 1-103, Austin, TX 78750, United States",4.7,117,NEEDS_SITE_CHECK,"glass shop or building contractor, window scope unknown",,name + review keyword filter
Wolfman Chimney & Fireplace Yes,https://wolfmanchimneyfireplace.com/austin-tx/,wolfmanchimneyfireplace.com,Austin,TX,+1 512-866-9917,"12345 Pauls Valley Rd Ste D-2, Austin, TX 78737, United States",4.9,130,NO,"unrelated trade, no window signal",high,name + review keyword filter
Alumiglass and Windows LLC Yes,https://alumiglassandwindows.com/,alumiglassandwindows.com,Frisco,TX,+1 972-658-2192,"1235 Tree Top Dr, Frisco, TX 75033, United States",5,76,YES,"Window and glass installation/repair, energy-efficient windows, storefronts, board-up; residential and commercial",high,verified last run (web search)
Monty's Handyman & Remodeling Services Yes,https://getmontys.com/,getmontys.com,Austin,TX,+1 737-285-4072,"12357 Riata Trace Pkwy Ste 200, Austin, TX 78727, United States",4.9,135,NEEDS_SITE_CHECK,"glass shop or building contractor, window scope unknown",,name + review keyword filter
That 1 Painter Austin Yes,https://that1painter.com/austin,that1painter.com,Austin,TX,+1 512-373-0002,"12357 Riata Trace Pkwy, Austin, TX 78727, United States",4.8,1085,NEEDS_SITE_CHECK,insufficient signal,,name + review keyword filter
Stateline Windows & Doors Yes,https://www.statelinewd.com/,statelinewd.com,Machesney Park,IL,+1 779-210-3123,"1240 Shappert Dr, Machesney Park, IL 61115, United States",5,5,YES,name states window installation/replacement/doors,high,name + review keyword filter
The Blind Lady Yes,http://www.blindlady.com/,blindlady.com,Bee Cave,TX,+1 512-736-2500,"12400 State Hwy 71, Bee Cave, TX 78738, United States",5,8,NO,blinds/shades/shutters/drapery (window treatments),high,name + review keyword filter
Austin Auto Finishes Yes,https://www.austinautofinishes.com/,austinautofinishes.com,Austin,TX,+1 512-716-1431,"12406 Technology Blvd, Austin, TX 78727, United States",4.8,406,NEEDS_SITE_CHECK,insufficient signal,,name + review keyword filter
Variety Blinds and Shutters Yes,http://www.varietyblinds.com/,varietyblinds.com,Austin,TX,+1 512-558-1196,"12408 Altamira St, Austin, TX 78748, United States",4.8,37,NO,blinds/shades/shutters/drapery (window treatments),high,name + review keyword filter
Sunset Auto Glass Solutions Yes,http://sunsetautoglass.net/,sunsetautoglass.net,Austin,TX,+1 737-610-3781,"12410 Alameda Trace Cir, Austin, TX 78727, United States",5,51,NEEDS_SITE_CHECK,"auto-glass name, but may also do building glass — must verify",,name + review keyword filter
Vana Homes Yes,https://www.vanahomes.com/,vanahomes.com,Austin,TX,+1 512-890-2872,"1250 S Capital of Texas Hwy Bldg 3 suite 450, Austin, TX 78746, United States",5,17,NEEDS_SITE_CHECK,insufficient signal,,name + review keyword filter
Century Outdoor Services Yes,https://centuryoutdoor.com/,centuryoutdoor.com,Austin,TX,+1 512-786-1694,"12507 Pauls Valley Rd Bldg 2, Austin, TX 78737, United States",4.9,208,NEEDS_SITE_CHECK,insufficient signal,,name + review keyword filter
😎 Austin Sunshades Tint & Sound Yes,https://www.austinsunshades.com/,austinsunshades.com,Austin,TX,+1 512-249-8468,"12538 Research Blvd # B, Austin, TX 78759, United States",4.7,372,NEEDS_SITE_CHECK,insufficient signal,,name + review keyword filter
Fiducia Roofing & Restoration Yes,https://fiduciarestoration.com/,fiduciarestoration.com,Austin,TX,+1 512-524-7085,"12600 Hill Country Blvd R-275, Austin, TX 78738, United States",5,56,NEEDS_SITE_CHECK,"glass shop or building contractor, window scope unknown",,name + review keyword filter
Austin Shower Glass Yes,https://www.austinshowerglass.com/,austinshowerglass.com,Bee Cave,TX,+1 737-465-3141,"12600 Hill Country Blvd R-275, Bee Cave, TX 78738, United States",5,171,NEEDS_SITE_CHECK,"glass shop or building contractor, window scope unknown",,name + review keyword filter
Mt. Zion Auto Glass Yes,https://www.mtzionautoglass.org/,mtzionautoglass.org,Bee Cave,TX,+1 512-980-0299,"12600 Hill Country Blvd Ste R-130, Bee Cave, TX 78738, United States",0,0,NEEDS_SITE_CHECK,"auto-glass name, but may also do building glass — must verify",,name + review keyword filter
TWT Exteriors & Roofing Yes,https://twtexteriors.com/,twtexteriors.com,Bee Cave,TX,+1 512-878-3892,"12600 Hill Country Blvd Ste R-275 #191, Bee Cave, TX 78738, United States",5,62,NEEDS_SITE_CHECK,"glass shop or building contractor, window scope unknown",,name + review keyword filter
Carpet now - South Austin Carpet Installation Yes,https://carpetnow.com/texas-locations/south-austin-carpet-installation,carpetnow.com,Bee Cave,TX,+1 512-641-8387,"12600 Hill Country Blvd Suite R-275 - #919, Bee Cave, TX 78738, United States",5,160,NO,"unrelated trade, no window signal",high,name + review keyword filter
Lowe's Home Improvement Yes,https://www.lowes.com/store/TX-Bee-Cave/1948?cm_mmc=lod-_-c-_-lcl-_-awr-_-yxt-_-go-_-1948-_-na-_-0-_-0&y_source=1_MTE4MzQ3Ni03MTUtbG9jYXRpb24ud2Vic2l0ZQ%3D%3D,lowes.com,Bee Cave,TX,+1 512-634-4432,"12611 Suite 100 Shops Pkwy, Bee Cave, TX 78738, United States",4.1,964,NEEDS_SITE_CHECK,"glass shop or building contractor, window scope unknown",,name + review keyword filter
American Tornado Master Yes,http://www.tornadomaster.com/,tornadomaster.com,Dallas,TX,+1 972-686-7733,"12640 Northwest Hwy, Dallas, TX 75228, United States",3.9,11,NO,Storm/tornado shelter manufacturer and installer,high,verified last run (web search)
Shower Doors of Austin Yes,https://www.goframelessaustin.com/,goframelessaustin.com,Austin,TX,+1 512-831-3651,"12707 Nutty Brown Rd Bldg D, Austin, TX 78737, United States",4.8,64,NEEDS_SITE_CHECK,insufficient signal,,name + review keyword filter
Sicara Design Yes,http://www.sicaradesign.com/,sicaradesign.com,Bee Cave,TX,+1 832-692-4228,"12820 Hill Country Blvd Ste E-120, Bee Cave, TX 78738, United States",5,23,NEEDS_SITE_CHECK,insufficient signal,,name + review keyword filter
The Broken Window Yes,https://streetviewpixels-pa.googleapis.com/v1/thumbnail?panoid=5axdaQXINlAW6mYM79_1wg&cb_client=search.gws-prod.gps&w=408&h=240&yaw=96.992905&pitch=0&thumbfov=100,streetviewpixels-pa.googleapis.com,Austin,TX,+1 737-231-6177,"12831 Meehan Dr, Austin, TX 78727, United States",,,NEEDS_SITE_CHECK,window in name but service type unconfirmed,,name + review keyword filter
NewSouth Window Solutions Yes,https://newsouthwindow.com/location-austin-tx/,newsouthwindow.com,Austin,TX,+1 737-334-2023,"12901 I-35 Bldg 6, Unit 600, Austin, TX 78753, United States",5,34,YES,window in name + review describes window work,high,name + review keyword filter
Austintatious Blinds & Shutters Yes,https://www.austintatiousblinds.com/,austintatiousblinds.com,Austin,TX,+1 512-608-0302,"12918 Shops Pkwy #700, Austin, TX 78738, United States",4.8,83,NO,blinds/shades/shutters/drapery (window treatments),high,name + review keyword filter
Alfa Romeo of Austin Service Yes,https://www.alfaromeoaustin.com/service/center.htm?utm_source=google&utm_medium=organic&utm_campaign=gbp+service,alfaromeoaustin.com,Austin,TX,+1 737-241-3708,"12925 Pond Springs Rd, Austin, TX 78729, United States",4.9,410,NEEDS_SITE_CHECK,insufficient signal,,name + review keyword filter
Mend Services Yes,https://mendservices.com/,mendservices.com,Buda,TX,+1 737-251-6467,"12951 Wright Rd, Buda, TX 78610, United States",4.9,596,NEEDS_SITE_CHECK,insufficient signal,,name + review keyword filter
Art's Door & Window Replacement Yes,https://artswindowreplacement.com/,artswindowreplacement.com,Belvidere,IL,+1 779-363-0284,"130 S State St #410, Belvidere, IL 61008, United States",5,5,YES,name states window installation/replacement/doors,high,name + review keyword filter
Precision Garage Door of Austin Yes,https://precisiondooraustin.com/?utm_source=gmb&utm_medium=location_austin&utm_campaign=website,precisiondooraustin.com,Austin,TX,+1 737-212-9367,"1300 Smith Rd #105, Austin, TX 78721, United States",4.9,1774,NO,"unrelated trade, no window signal",high,name + review keyword filter
PORTEUSA Yes,http://porteusa.com/,porteusa.com,Austin,TX,+1 512-696-6212,"1300 W Anderson Ln., Austin, TX 78757, United States",5,50137,NEEDS_SITE_CHECK,insufficient signal,,name + review keyword filter
Custom Sounds & Tint - Research Yes,https://www.customsounds.com/locations/13026-research-blvd-austin-tx-78750,customsounds.com,Austin,TX,+1 512-298-6998,"13026 Research Blvd, Austin, TX 78750, United States",4.5,284,NEEDS_SITE_CHECK,insufficient signal,,name + review keyword filter
Southern Windows and Doors Yes,https://slwindowsdfw.com/,slwindowsdfw.com,Richardson,TX,+1 214-499-5095,"1303 Columbia Dr Ste. 207, Richardson, TX 75081, United States",4.7,30,YES,"Replacement window installation (vinyl, aluminum, slimline; double-hung, casement, bay), fogged window replacement, entry and patio doors",high,verified last run (web search)
AC Superheroes Yes,https://www.acsuperheroestx.com/?utm_source=google&utm_medium=organic&utm_campaign=local+listings,acsuperheroestx.com,Austin,TX,+1 512-734-4507,"1305 Buffalo Gap Rd, Austin, TX 78734, United States",4.9,313,NEEDS_SITE_CHECK,insufficient signal,,name + review keyword filter
Round Rock Window Tinting Yes,https://roundrockwindowtinting.com/,roundrockwindowtinting.com,Round Rock,TX,+1 512-296-2213,"1310 Chisholm Valley Dr Suite 403, Round Rock, TX 78681, United States",5,473,NO,window tint/film only,high,name + review keyword filter
Well Done Screen Repair Yes,http://welldonescreenrepair.com/,welldonescreenrepair.com,Austin,TX,+1 512-771-9910,"13102 Lubbock Ln, Austin, TX 78729, United States",5,25,YES,review explicitly describes window install/replacement,high,name + review keyword filter
ATX Electrical Services Yes,http://atxelectricalservices.com/?utm_source=google&utm_medium=wix_google_business_profile&utm_campaign=2542670404864221154,atxelectricalservices.com,Austin,TX,+1 512-739-9213,"13110 West Highway 290 #11, Austin, TX 78737, United States",5,95,NEEDS_SITE_CHECK,insufficient signal,,name + review keyword filter
Austin Jones Company Yes,http://austinjonescompany.com/,austinjonescompany.com,Austin,TX,+1 512-633-2605,"13119 Green River Trail, Austin, TX 78729, United States",4.8,94,NEEDS_SITE_CHECK,insufficient signal,,name + review keyword filter
Bargain Blinds KC Yes,http://bargainblinds.shop/,bargainblinds.shop,Fort Lauderdale,FL,+1 954-893-2723,"1314 E Las Olas Blvd Suite 1667, Fort Lauderdale, FL 33301, United States",4.7,51,NO,blinds/shades/shutters/drapery (window treatments),high,name + review keyword filter
EcoStar Remodeling & Construction Yes,https://ecosremodeling.com/,ecosremodeling.com,Dallas,TX,+1 866-227-1298,"13140 Coit Rd Ste 340, Dallas, TX 75240, United States",4.6,323,YES,Window installation; 'raise the value and comfort of your home with new windows',high,verified last run (web search)
Metroplex Gutter and Windows Yes,https://metroplexgutters.com/,metroplexgutters.com,Dallas,TX,+1 214-306-4665,"1315 S Akard St, Dallas, TX 75215, United States",5,7,YES,"Replacement vinyl and aluminum windows (NT Window products), plus specialty bay, garden and glass block windows and patio doors — alongside seamless gutters",high,verified last run (web search)
Cothron's Safe & Lock Yes,https://www.cothrons.com/,cothrons.com,Austin,TX,+1 512-447-1883,"1315 W Ben White Blvd, Austin, TX 78704, United States",4.6,126,NEEDS_SITE_CHECK,insufficient signal,,name + review keyword filter
Design Skylights Yes,https://www.designskylightsatx.com/,designskylightsatx.com,Austin,TX,+1 512-626-5285,"13200 Pond Springs Rd I-73, Austin, TX 78729, United States",4.8,43,NEEDS_SITE_CHECK,insufficient signal,,name + review keyword filter
Longhorn Glass Yes,http://longhornglass.net/,longhornglass.net,Austin,TX,+1 512-443-9000,"13216 Pond Springs Rd, Austin, TX 78729, United States",4.4,77,NEEDS_SITE_CHECK,"glass shop or building contractor, window scope unknown",,name + review keyword filter
Love That Door Yes,https://www.lovethatdoor.com/?utm_campaign=gmbdallas,lovethatdoor.com,Dallas,TX,+1 214-891-3003,"1322 Round Table Dr, Dallas, TX 75247, United States",5,95,YES,"Aluminum windows (design, manufacture and installation) alongside iron/aluminum doors and curtain walls",medium,verified last run (web search)
GF Window Company Yes,https://streetviewpixels-pa.googleapis.com/v1/thumbnail?panoid=TwlQMXRGQfmkuxxwlZ2wvg&cb_client=search.gws-prod.gps&w=408&h=240&yaw=273.25677&pitch=0&thumbfov=100,streetviewpixels-pa.googleapis.com,Rockford,IL,+1 815-547-0159,"1323 29th St, Rockford, IL 61108, United States",,,YES,name states window installation/replacement/doors,high,name + review keyword filter
Hardy Windows of Texas Yes,https://hardytexas.com/?utm_source=google&utm_medium=organic&utm_campaign=gbp-austin&utm_id=local&utm_content=austin,hardytexas.com,Austin,TX,+1 833-427-3989,"13240 Pond Springs Rd, Austin, TX 78729, United States",5,14,NEEDS_SITE_CHECK,window in name but service type unconfirmed,,name + review keyword filter
Storm Guard Roofing of Austin Yes,https://www.stormguardrc.com/tx/austin-southwest/?utm_campaign=gmb&utm_medium=organic&utm_source=gbp,stormguardrc.com,Austin,TX,+1 512-882-1844,"13284 Pond Springs Rd #303, Austin, TX 78729, United States",5,265,NEEDS_SITE_CHECK,"glass shop or building contractor, window scope unknown",,name + review keyword filter
GF your Home Exterior Experts since 1974 Yes,,,Rockford,IL,+1 815-547-0159,"1329 29th St, Rockford, IL 61108, United States",3.7,3,NEEDS_SITE_CHECK,"glass shop or building contractor, window scope unknown",,name + review keyword filter
Chapos auto glass replacement Yes,,,Rockford,IL,+1 312-619-1708,"1331 Geneva Ave, Rockford, IL 61108, United States",4.5,19,NEEDS_SITE_CHECK,"auto-glass name, but may also do building glass — must verify",,name + review keyword filter
Salted Interiors Yes,https://www.saltedinteriors.com/,saltedinteriors.com,Austin,TX,+1 512-547-8683,"13341 W U.S. 290 Bldg 2, Austin, TX 78737, United States",4.7,10,NEEDS_SITE_CHECK,insufficient signal,,name + review keyword filter
Mister Glass Yes,https://www.misterglassinc.com/?utm_source=gmb&utm_medium=organic&utm_campaign=DALLAS,misterglassinc.com,Dallas,TX,+1 972-669-0951,"13342 Floyd Cir, Dallas, TX 75243, United States",4.9,3629,YES,"Residential home window glass repair and replacement, plus commercial storefront glass, office partitions and doors; Google review describes replacing glass in two large fogged-up windows (IGU replacement)",high,verified last run (web search)
Windowpros Window Replacement Yes,http://austinwindowpros.com/,austinwindowpros.com,Austin,TX,+1 512-422-1907,"13359 N N Hwy 183 Suite 406-520, Austin, TX 78750, United States",4.9,39,YES,name states window installation/replacement/doors,high,name + review keyword filter
Dayton Co. Roofing & Renovation Yes,http://daytoncontractingaustin.com/?utm_source=google&utm_medium=organic&utm_campaign=google-business-profile&utm_content=website,daytoncontractingaustin.com,Austin,TX,+1 512-316-3908,"13363 Pond Springs Rd, Austin, TX 78729, United States",5,191,NEEDS_SITE_CHECK,"glass shop or building contractor, window scope unknown",,name + review keyword filter
RAM Windows & Doors Yes,https://ramwindows.com/,ramwindows.com,Dallas,TX,+1 469-520-7866,"134 Oak Lawn Ave, Dallas, TX 75207, United States",4,31,YES,"Thermally-broken aluminum windows manufactured, plus installation, repair and replacement",high,verified last run (web search)
CrystalFlow Gutter Services Yes,http://gulfcoastgutterpros.com/,gulfcoastgutterpros.com,Dallas,TX,+1 972-808-6904,"1341 W Mockingbird Ln Ste 1088, Dallas, TX 75247, United States",5,2,NEEDS_SITE_CHECK,insufficient signal,,name + review keyword filter
Pella Windows and Doors of Dallas Yes,https://pellaofnorthtexas.com/Dallas,pellaofnorthtexas.com,Dallas,TX,+1 214-295-7989,"135 Payne St, Dallas, TX 75207, United States",4.7,135,YES,Replacement and new-construction window sales and installation,high,verified last run (web search)
Foster Exteriors Window Company Yes,https://www.fosterexteriors.com/?utm_source=google&utm_medium=organic&utm_campaign=gbp-dallas&utm_id=local&utm_content=dallas,fosterexteriors.com,Dallas,TX,+1 214-319-8400,"1350 N Buckner Blvd #216, Dallas, TX 75218, United States",4.9,135,YES,"Energy-efficient vinyl/aluminum replacement window installation, sliding patio doors, storm doors",high,verified last run (web search)
moonshadow of dallas Yes,,,Dallas,TX,+1 469-324-7427,"13540 Vargon St, Dallas, TX 75243, United States",4.3,6,NEEDS_SITE_CHECK,insufficient signal,,name + review keyword filter
Landmark Building Co. Yes,https://www.landmarkbuildingco.com/,landmarkbuildingco.com,Dallas,TX,+1 214-727-0201,"13590 Floyd Cir Ste 110, Dallas, TX 75243, United States",5,23,YES,Sells and professionally installs windows (aluminum fixed windows and others) alongside sliding/bifold/iron doors,medium,verified last run (web search)
Bennett MotorWerks Yes,https://bennettmotorwerks.com/?utm_campaign=gmb&utm_medium=gmb&utm_source=google,bennettmotorwerks.com,Dallas,TX,+1 972-776-2442,"13595 Floyd Cir Ste 400, Dallas, TX 75243, United States",4.8,162,NEEDS_SITE_CHECK,insufficient signal,,name + review keyword filter
Continuum Restoration - Dallas Yes,,,Dallas,TX,+1 866-430-3813,"13659 Jupiter Rd #200, Dallas, TX 75238, United States",5,67,NEEDS_SITE_CHECK,"glass shop or building contractor, window scope unknown",,name + review keyword filter
Cool View Window Tint Yes,https://www.coolviewwindowtint.com/,coolviewwindowtint.com,Austin,TX,+1 512-522-9009,"13713 Maye Pl, Austin, TX 78728, United States",5,23,NO,window tint/film only,high,name + review keyword filter
Showroom Windows & Doors Yes,https://www.showroomwindows.com/?utm_source=GMB&utm_medium=local,showroomwindows.com,Austin,TX,+1 512-777-0461,"13717 Burnet Rd #350A, Austin, TX 78727, United States",5,138,YES,name states window installation/replacement/doors,high,name + review keyword filter
SKM Performance Yes,http://skmperformance.com/,skmperformance.com,Dallas,TX,+1 682-718-6024,"13717 Floyd Cir, Dallas, TX 75243, United States",4.8,151,NEEDS_SITE_CHECK,insufficient signal,,name + review keyword filter
USA Windows and Doors Yes,https://www.usawindowsanddoors.com/?utm_campaign=gmb,usawindowsanddoors.com,Sunrise,FL,+1 954-289-9590,"13800 NW 2nd St Unit 140, Sunrise, FL 33325, United States",4.9,868,YES,name states window installation/replacement/doors,high,name + review keyword filter
Comanche Roofing Yes,https://www.comancheroofing.com/,comancheroofing.com,Austin,TX,,"13804 Turbine Dr B, Austin, TX 78728, United States",4.9,55,NEEDS_SITE_CHECK,"glass shop or building contractor, window scope unknown",,name + review keyword filter
Premium Siding and Painting Yes,https://pspcompany.com/,pspcompany.com,Austin,TX,+1 512-997-9613,"13806 Ann Pl Bldg 2, Austin, TX 78728, United States",4.9,180,NEEDS_SITE_CHECK,"glass shop or building contractor, window scope unknown",,name + review keyword filter
Guardian Bastille Window Film Solutions Yes,http://www.guardianbastille.com/,guardianbastille.com,Austin,TX,+1 844-703-8468,"13809 Research Blvd 5th Floor, Austin, TX 78729, United States",5,5058,NO,window tint/film only,high,name + review keyword filter
Clearly Yes,https://streetviewpixels-pa.googleapis.com/v1/thumbnail?panoid=mkxsuy5dvbEL0TiWPcOpwQ&cb_client=search.gws-prod.gps&w=408&h=240&yaw=242.32205&pitch=0&thumbfov=100,streetviewpixels-pa.googleapis.com,Austin,TX,+1 512-525-8673,"13809 Research Blvd, Austin, TX 78750, United States",,,NEEDS_SITE_CHECK,insufficient signal,,name + review keyword filter
Expo Home Improvement Yes,https://www.expohomeimprovement.com/,expohomeimprovement.com,Farmers Branch,TX,+1 972-486-9166,"13859 Diplomat Dr Ste 180, Farmers Branch, TX 75234, United States",4.9,2657,YES,"Replacement window installation - double-hung, sliding, casement, awning, picture, bay/bow, specialty shapes",high,verified last run (web search)
Shade Shop Window Tinting & Paint Protection Yes,http://windowtintingservicesaustin.com/,windowtintingservicesaustin.com,Austin,TX,+1 512-444-8468,"139 E St Elmo Rd #101, Austin, TX 78745, United States",4.9,412,NEEDS_SITE_CHECK,"auto-glass name, but may also do building glass — must verify",,name + review keyword filter
Dr home solutions group llc Yes,https://www.drhomesolutinshroup.com/,drhomesolutinshroup.com,Fort Lauderdale,FL,+1 754-444-6715,"14 SE 25th St, Fort Lauderdale, FL 33316, United States",4.9,45,NEEDS_SITE_CHECK,insufficient signal,,name + review keyword filter
Remodel Boutique Yes,http://www.remodelboutique.com/,remodelboutique.com,Austin,TX,+1 737-747-3305,"1401 Meander Dr, Austin, TX 78721, United States",4.6,14,NEEDS_SITE_CHECK,"glass shop or building contractor, window scope unknown",,name + review keyword filter
Sidingrepairservicewinsdorpark Yes,https://streetviewpixels-pa.googleapis.com/v1/thumbnail?panoid=Bx_P3V1pofLr5dTF3ACHYA&cb_client=search.gws-prod.gps&w=408&h=240&yaw=35.690746&pitch=0&thumbfov=100,streetviewpixels-pa.googleapis.com,Austin,TX,+1 229-749-4441,"1404 Hillcrest Dr, Austin, TX 78723, United States",,,NEEDS_SITE_CHECK,insufficient signal,,name + review keyword filter
Performance Windows Austin Yes,https://www.goperformancewindows.com/,goperformancewindows.com,Cedar Park,TX,+1 737-231-0710,"1405 Arrow Point Dr Bldg 11 Ste 1108, Cedar Park, TX 78613, United States",4.6,379,YES,Residential replacement window installation,high,verified last run (web search)
Ranger Window and Door Co. Yes,https://www.rangerwd.com/,rangerwd.com,Austin,TX,+1 512-574-0014,"14155 W U.S. 290 Ste 340, Austin, TX 78737, United States",5,0,YES,name states window installation/replacement/doors,high,name + review keyword filter
Century Glass & Mirror Inc. of Dallas Yes,http://www.centuryglassdallas.com/,centuryglassdallas.com,Dallas,TX,+1 214-823-7773,"1417 N Washington Ave, Dallas, TX 75204, United States",4.9,87,YES,"Plate & window glass repair and replacement, insulated glass replacement, storefront glass; residential and commercial new installations, replacements and repairs",high,verified last run (web search)
Solara Custom Living - Showroom Yes,https://solaracustomliving.com/,solaracustomliving.com,Dallas,TX,+1 214-744-9900,"142 Howell St, Dallas, TX 75207, United States",4.7,30,YES,"Custom steel/iron and thermally broken aluminium windows and doors, made to order and installed for end customers",medium,verified last run (web search)
Priority Roofing Yes,https://priorityroofs.com/location/dallas/,priorityroofs.com,Dallas,TX,+1 469-615-8193,"1420 W Mockingbird Ln Ste 540, Dallas, TX 75247, United States",5,986,NO,"Multi-location residential and commercial roofing contractor (roof inspection, storm damage, replacement)",medium,verified last run (web search)
Peak Roofing and Construction Yes,https://www.peakroofingconstruction.com/,peakroofingconstruction.com,Austin,TX,+1 512-415-6888,"14205 N Mopac Expy 5th Floor, Austin, TX 78728, United States",5,29,NEEDS_SITE_CHECK,"glass shop or building contractor, window scope unknown",,name + review keyword filter
CastleRock Foundation Repair Excavation Yes,https://www.castlerockfr.com/,castlerockfr.com,Austin,TX,+1 512-436-8662,"14205 N Mopac Expy Ste 504, Austin, TX 78728, United States",4.9,73,NEEDS_SITE_CHECK,insufficient signal,,name + review keyword filter
Metroplex windows & Glass Yes,https://mydallaswindows.com/,mydallaswindows.com,Carrollton,TX,+1 972-323-5200,"1425 Century Dr, Carrollton, TX 75006, United States",4.8,809,YES,"Premium window replacement and installation, window repair, custom glass; commercial windows and doors installer",high,verified last run (web search)
AG Window Services Yes,http://www.agwindowservice.com/,agwindowservice.com,Garland,TX,+1 214-856-2935,"1426 Cedar Crest Dr, Garland, TX 75042, United States",5,64,NEEDS_SITE_CHECK,window in name but service type unconfirmed,,name + review keyword filter
Capstone Window Replacement & Doors Yes,https://www.capstonephoenix.com/,capstonephoenix.com,Scottsdale,AZ,+1 480-800-8444,"14301 N 87th St Ste 205 Ste 205, Scottsdale, AZ 85260, United States",4.9,128,YES,name states window installation/replacement/doors,high,name + review keyword filter
Window Universe Dallas Ft Worth Yes,https://windowuniversedfw.com/,windowuniversedfw.com,Irving,TX,+1 844-983-9773,"1431 Greenway Dr Ste 80042, Irving, TX 75038, United States",4.8,48205,YES,"Replacement and custom-made windows plus doors, sold and installed for DFW homeowners; 10 window lines from 3 US manufacturers",high,verified last run (web search)
Nova Window Replacement Yes,http://replacementwindowsalgonquin.com/,replacementwindowsalgonquin.com,Algonquin,IL,+1 224-689-8046,"1435 Geringer Rd, Algonquin, IL 60102, United States",5,61,YES,name states window installation/replacement/doors,high,name + review keyword filter
D&D Contracting Yes,http://www.ddtxcontracting.com/,ddtxcontracting.com,Austin,TX,+1 512-905-8501,"14425 Falcon Head Blvd Bldg E Suite 100, Austin, TX 78738, United States",5,23,NEEDS_SITE_CHECK,insufficient signal,,name + review keyword filter
Absolute Auto Glass Mobile Service Yes,https://atxautoglass.com/?utm_source=GMBlisting&utm_medium=organic,atxautoglass.com,Austin,TX,+1 512-577-5720,"14503 State Hwy 71, Austin, TX 78738, United States",4.9,45,NEEDS_SITE_CHECK,"auto-glass name, but may also do building glass — must verify",,name + review keyword filter
SMART REPLACE CORP Yes,http://www.smartreplacecorp.com/,smartreplacecorp.com,Fort Lauderdale,FL,+1 954-658-4298,"1451 W Cypress Creek Rd #300, Fort Lauderdale, FL 33309, United States",4.7,41,YES,review explicitly describes window install/replacement,high,name + review keyword filter
Universoul Window Tinting Yes,,,Fort Lauderdale,FL,+1 561-591-4970,"1451 W Cypress Creek Rd Ste 300, Fort Lauderdale, FL 33309, United States",4,429,NO,window tint/film only,high,name + review keyword filter
Texas Sun and Shade Yes,http://www.txsunandshade.com/,txsunandshade.com,Austin,TX,+1 512-402-0990,"14510 Fitzhugh Rd Building 11, Austin, TX 78736, United States",4.4,122,NO,blinds/shades/shutters/drapery (window treatments),high,name + review keyword filter
TemperaturePro Austin Yes,https://temperatureproaustin.com/?utm_source=google&utm_medium=organic&utm_campaign=gbp,temperatureproaustin.com,Austin,TX,+1 512-515-9807,"14707 Fitzhugh Rd, Austin, TX 78736, United States",4.9,361,NEEDS_SITE_CHECK,insufficient signal,,name + review keyword filter
High End Impact Windows & Doors Yes,https://www.impactwindowsndoors.com/?utm_source=google&utm_medium=organic&utm_campaign=gbp-pompano-beach&utm_id=local&utm_content=pompano-beach,impactwindowsndoors.com,Pompano Beach,FL,+1 954-782-7100,"1472 S Dixie Hwy E, Pompano Beach, FL 33060, United States",4.9,165,YES,name states window installation/replacement/doors,high,name + review keyword filter
CheckMark Roofing and Exteriors Yes,https://checkmarkexteriors.com/,checkmarkexteriors.com,Austin,TX,+1 512-897-2040,"14900 Avery Ranch Blvd Suite C200, Austin, TX 78717, United States",4.9,47,NEEDS_SITE_CHECK,"glass shop or building contractor, window scope unknown",,name + review keyword filter
Flying Eagles- Home Remodeling Austin Texas Yes,http://flyingeaglesremodeling.com/,flyingeaglesremodeling.com,Austin,TX,+1 512-210-5738,"14900 Avery Ranch Blvd, Austin, TX 78717, United States",5,27,NEEDS_SITE_CHECK,insufficient signal,,name + review keyword filter
Huracán Nero Auto Spa Austin Yes,https://www.huracannero.com/austin-tx,huracannero.com,Austin,TX,+1 737-387-5997,"14911 Oklahoma St, Austin, TX 78734, United States",5,773,NO,"unrelated trade, no window signal",high,name + review keyword filter
Ross Howard Designs Yes,https://rosshoward.com/,rosshoward.com,Dallas,TX,+1 972-490-0088,"14999 Preston Rd a460, Dallas, TX 75254, United States",5,103,NO,"Hunter Douglas window coverings, interior design and window film",high,verified last run (web search)
AJ Your Handyman Yes,http://www.ajyourhandyman.com/,ajyourhandyman.com,Austin,TX,+1 512-409-5630,"15009 Dexler Dr, Austin, TX 78734, United States",5,65,NEEDS_SITE_CHECK,"glass shop or building contractor, window scope unknown",,name + review keyword filter
Metro Steel Doors Austin Yes,https://metrosteeldoors.com/,metrosteeldoors.com,Lakeway,TX,+1 512-402-6881,"1501 Ranch Rd 620 N a, Lakeway, TX 78734, United States",4.1,419,NEEDS_SITE_CHECK,insufficient signal,,name + review keyword filter
HOME HERO REPAIR Yes,https://homeherorepair.com/,homeherorepair.com,Rockford,IL,+1 779-348-5373,"1503 Benton St, Rockford, IL 61107, United States",5,22,NEEDS_SITE_CHECK,insufficient signal,,name + review keyword filter
Fox Service Company Yes,https://www.foxservice.com/,foxservice.com,Austin,TX,+1 512-488-1120,"1506 Ferguson Ln Ste 102, Austin, TX 78754, United States",4.8,5567,NEEDS_SITE_CHECK,insufficient signal,,name + review keyword filter
Glass Rehab Yes,https://www.glassrehab.com/,glassrehab.com,Austin,TX,+1 737-409-2508,"1506 S Congress Ave, Austin, TX 78704, United States",4.9,314,YES,review explicitly describes window install/replacement,high,name + review keyword filter
Top Choice Yes,https://www.topchoiceaustin.com/,topchoiceaustin.com,Austin,TX,+1 512-910-7510,"1508 Ferguson Ln, Austin, TX 78754, United States",5,130,NEEDS_SITE_CHECK,insufficient signal,,name + review keyword filter
Zelaya Windows & Glass Yes,https://www.zelayawindows.com/?utm_source=google&utm_medium=wix_google_business_profile&utm_campaign=16006523137603938515,zelayawindows.com,Carrollton,TX,+1 469-544-1045,"1510 Randolph St Ste 203, Carrollton, TX 75006, United States",4.4,44147,YES,"Vinyl window replacement and installation, glass replacement, patio doors, storm windows; residential and business",medium,verified last run (web search)
Terrapin Electric Yes,https://terrapinelectric.com/?utm_source=google&utm_medium=organic&utm_campaign=google_business_profile&utm_term=austin&utm_id=gbp,terrapinelectric.com,Austin,TX,+1 512-548-2587,"1514 Ed Bluestein Blvd Ste 301, Austin, TX 78721, United States",4.9,327,NO,"unrelated trade, no window signal",high,name + review keyword filter
Creative Gutter Yes,https://creativegutter.com/,creativegutter.com,Dallas,TX,+1 214-324-4674,"1515 Fuller Dr, Dallas, TX 75218, United States",4.9,138,NO,Residential and commercial gutter contractor (since 1984),high,verified last run (web search)
XPEL Dallas Yes,https://www.dfwclearbra.com/,dfwclearbra.com,Dallas,TX,+1 214-339-9735,"1517 Prudential Dr, Dallas, TX 75235, United States",4.9,242,NO,"Paint protection film, ceramic coating and window film installer",high,verified last run (web search)
RABS Cleaning Yes,,,Lancaster,TX,+1 469-224-0763,"1520 Dewberry Blvd #202, Lancaster, TX 75134, United States",4.8,4,NEEDS_SITE_CHECK,insufficient signal,,name + review keyword filter
Austin Windshields Yes,https://austinwindshields.net/auto-glass-austin-tx/,austinwindshields.net,Austin,TX,+1 512-692-7672,"15203 Sophie Dr, Austin, TX 78734, United States",5,342,NEEDS_SITE_CHECK,insufficient signal,,name + review keyword filter
APS Window Tint & PPF Yes,https://www.apsolutionstx.com/,apsolutionstx.com,Austin,TX,+1 512-740-5059,"15210 Fitzhugh Rd #304, Austin, TX 78736, United States",5,80,NEEDS_SITE_CHECK,"auto-glass name, but may also do building glass — must verify",,name + review keyword filter
Gatsby Glass Yes,https://www.gatsbyglass.com/south-austin-tx/,gatsbyglass.com,Austin,TX,+1 737-302-5023,"15210 Fitzhugh Rd Ste 902, Austin, TX 78736, United States",4.9,34,YES,"Residential glass repair and window replacement (incl. foggy/failed units), plus commercial glass and shower/mirror work",high,verified last run (web search)
Treaty Oak Shade Co. Yes,https://treatyoakshade.com/,treatyoakshade.com,Austin,TX,+1 512-939-3446,"15218 Nightingale Ln, Austin, TX 78734, United States",4.9,57,NO,blinds/shades/shutters/drapery (window treatments),high,name + review keyword filter
Custom Sounds & Tint Yes,https://www.customsounds.com/locations/15301-n-ih-35-pflugerville-texas-78660,customsounds.com,Pflugerville,TX,+1 512-910-4880,"15301 N Interstate Hwy 35 c2, Pflugerville, TX 78660, United States",4.5,294,NEEDS_SITE_CHECK,insufficient signal,,name + review keyword filter
CloudIT Austin Yes,https://www.clouditaustin.com/,clouditaustin.com,Austin,TX,+1 716-525-8272,"15310 Storm Dr Unit 201, Austin, TX 78734, United States",5,37,NEEDS_SITE_CHECK,insufficient signal,,name + review keyword filter
Cooler Green Solutions Yes,http://www.coolergreensolutions.com/,coolergreensolutions.com,Austin,TX,+1 512-845-2940,"15406 Checotah Dr, Austin, TX 78734, United States",5,128,NEEDS_SITE_CHECK,insufficient signal,,name + review keyword filter
Marvin Design Gallery by Mountain West Windows and Doors Yes,https://mwwd.com/locations/az/scottsdale/?utm_source=google&utm_medium=organic&utm_campaign=gbp-profile,mwwd.com,Scottsdale,AZ,+1 480-355-3260,"15507 N Scottsdale Rd, Scottsdale, AZ 85254, United States",4.8,629,YES,name states window installation/replacement/doors,high,name + review keyword filter
Custom FX Window Tinting Yes,http://www.customfxtint.com/,customfxtint.com,Pflugerville,TX,+1 512-990-8468,"15533 N Interstate 35 Frontage Rd #1, Pflugerville, TX 78660, United States",4.9,255,NO,window tint/film only,high,name + review keyword filter
Randy Palmeri & Son Inc Yes,https://www.randypalmeriandson.com/?utm_source=GMB_Listing&utm_medium=Organic&utm_campaign=Website_Button,randypalmeriandson.com,Rockford,IL,+1 833-725-6374,"1560 S Alpine Rd, Rockford, IL 61108, United States",4,72,NEEDS_SITE_CHECK,insufficient signal,,name + review keyword filter
Pro Lux Construction Yes,https://proluxcon.com/,proluxcon.com,Sunrise,FL,+1 954-231-2329,"1560 Sawgrass Corporate Pkwy Ste 400, Sunrise, FL 33323, United States",5,33,NEEDS_SITE_CHECK,"glass shop or building contractor, window scope unknown",,name + review keyword filter
Western Pacific Building Materials - Austin Yes,https://www.gowestpac.com/,gowestpac.com,Austin,TX,+1 512-989-1445,"15855 Long Vista Dr #103, Austin, TX 78728, United States",3.9,28,NEEDS_SITE_CHECK,insufficient signal,,name + review keyword filter
Auto Tinting Austin LLC Yes,https://autotintingaustin.com/auto-tinting-austin-d/,autotintingaustin.com,Austin,TX,+1 512-956-8468,"1601 Bench Mark Dr Ste C, Austin, TX 78728, United States",4.9,280,NO,window tint/film only,high,name + review keyword filter
Frameless glass and Windows Yes,,,Austin,TX,+1 512-543-6428,"1601 E Slaughter Ln, Austin, TX 78747, United States",2.3,3,NEEDS_SITE_CHECK,window in name but service type unconfirmed,,name + review keyword filter
Chorus Security Yes,https://callchorus.com/locations/austin-tx-home-security/?utm_source=google&utm_medium=gmb&utm_campaign=austin_home_security,callchorus.com,Austin,TX,+1 512-213-4494,"1601 Rutherford Ln, Austin, TX 78754, United States",4.7,130,NEEDS_SITE_CHECK,insufficient signal,,name + review keyword filter
Tex Siding & Windows Yes,,,Austin,TX,+1 512-298-2050,"1607 Chelsea Ln, Austin, TX 78704, United States",5,2,NEEDS_SITE_CHECK,window in name but service type unconfirmed,,name + review keyword filter
Absolute Auto Glass Yes,http://www.atxautoglass.com/,atxautoglass.com,Austin,TX,+1 512-577-5720,"1607 Cuernavaca Dr N #400, Austin, TX 78733, United States",5,8,NEEDS_SITE_CHECK,"auto-glass name, but may also do building glass — must verify",,name + review keyword filter
Closets by Design - Austin Yes,https://austin.closetsbydesign.com/?source=gmap,austin.closetsbydesign.com,Austin,TX,+1 512-271-6945,"1611 Headway Cir Building 3, Austin, TX 78754, United States",4.8,596,NEEDS_SITE_CHECK,insufficient signal,,name + review keyword filter
Hourglass Solutions LLC Yes,http://hourglassdfw.com/,hourglassdfw.com,Dallas,TX,+1 469-677-5738,"1612 Falcon Drive, Dallas, TX 75247, United States",5,10,YES,"Insulated/tempered/laminated glass supply plus installation and replacement, incl. IGU replacement in existing window frames",high,verified last run (web search)
Window Works Window Cleaning Yes,,,Rockford,IL,+1 815-977-0899,"1614 N Bell School Rd, Rockford, IL 61107, United States",5,16,NO,window cleaning/washing,high,name + review keyword filter
Diamond Collision Glass & Fleet Yes,https://www.dcgf512.com/,dcgf512.com,Austin,TX,+1 512-547-8551,"1618 Future Dr, Austin, TX 78754, United States",5,130,NEEDS_SITE_CHECK,"auto-glass name, but may also do building glass — must verify",,name + review keyword filter
Michael's Keys Locksmith Yes,https://michaelskeyslocksmith.com/locations/michaels-keys-dallas/?utm_source=google-business-listing&utm_medium=organic&utm_campaign=dallas_gbl_profile,michaelskeyslocksmith.com,Dallas,TX,+1 972-498-1021,"1625 W Mockingbird Ln Ste 208, Dallas, TX 75235, United States",4.6,158,NO,"Locksmith and security (key cutting, rekeying, safes, access control, cameras)",high,verified last run (web search)
Auto Enhancements Yes,https://www.autoenhancementsatx.com/,autoenhancementsatx.com,Pflugerville,TX,+1 512-873-9919,"16300 Central Commerce Dr Bldg 3, Pflugerville, TX 78660, United States",4.6,78,NEEDS_SITE_CHECK,insufficient signal,,name + review keyword filter
Reliable Sliding Glass Door Repair Yes,http://www.reliabledoorrepair.com/,reliabledoorrepair.com,Fort Lauderdale,FL,+1 954-401-3715,"1640 E Sunrise Blvd Unit 2304, Fort Lauderdale, FL 33304, United States",4.8,133,NEEDS_SITE_CHECK,"glass shop or building contractor, window scope unknown",,name + review keyword filter
Texan Windows Yes,https://texanwindows.com/?utm_source=Ad+Pages&utm_id=Texan+Windows+SEO,texanwindows.com,Buda,TX,+1 512-298-1051,"165 Tecon Cove, Buda, TX 78610, United States",4.5,75,YES,window in name + review describes window work,high,name + review keyword filter
Covert CDJR Bee Cave Yes,https://www.covertcdjrbeecave.com/?utm_source=google&utm_medium=organic&utm_campaign=google_business_profile,covertcdjrbeecave.com,Austin,TX,+1 512-900-6192,"16501 Sweetwater Vlg Dr Bldg 3, Austin, TX 78738, United States",4.8,1856,NEEDS_SITE_CHECK,insufficient signal,,name + review keyword filter
Covert Cadillac Bee Cave Yes,https://www.covertbeecavecadillac.com/?utm_source=google&utm_medium=organic&utm_campaign=google_my_business,covertbeecavecadillac.com,Austin,TX,+1 512-900-7062,"16501 Sweetwater Vlg Dr Building 2, Austin, TX 78738, United States",4.7,1600,NEEDS_SITE_CHECK,insufficient signal,,name + review keyword filter
Covert Bee Cave Yes,https://www.covertbeecave.com/,covertbeecave.com,Austin,TX,+1 512-954-9290,"16501 Sweetwater Vlg Dr, Austin, TX 78738, United States",4.9,22,NEEDS_SITE_CHECK,insufficient signal,,name + review keyword filter
Sky West Builders Yes,http://www.skywestbuilders.com/,skywestbuilders.com,Austin,TX,+1 512-801-1536,"16505 Westview Trail, Austin, TX 78737, United States",5,12,NEEDS_SITE_CHECK,insufficient signal,,name + review keyword filter
Gator Garage Door Repair Yes,https://gatorgaragedoorrepair.com/service-areas/round-rock-tx?utm_source=google&utm_medium=organic&utm_campaign=GMB-78664,gatorgaragedoorrepair.com,Round Rock,TX,+1 512-518-5544,"16713 Joe Barbee Dr, Round Rock, TX 78664, United States",5,3266,NO,"unrelated trade, no window signal",high,name + review keyword filter
West Austin Siding Solutions Yes,https://westaustinsidingsolutions.com/,westaustinsidingsolutions.com,Lakeway,TX,+1 512-960-3710,"1700 Ranch Rd 620 S, Lakeway, TX 78734, United States",3.7,3,NEEDS_SITE_CHECK,"glass shop or building contractor, window scope unknown",,name + review keyword filter
Austin Home Additions and ADUs Yes,https://austinhomeadditions.com/,austinhomeadditions.com,Austin,TX,+1 512-937-5593,"1700 S Lamar Blvd #338, Austin, TX 78704, United States",5,35,NEEDS_SITE_CHECK,insufficient signal,,name + review keyword filter
Sun Tint Yes,http://www.suntint.com/,suntint.com,Austin,TX,+1 512-467-6767,"1700 W Koenig Ln, Austin, TX 78756, United States",4.8,224,NEEDS_SITE_CHECK,insufficient signal,,name + review keyword filter
Clearview Austin Yes,,,Austin,TX,+1 270-790-2335,"1700 Willow Creek Dr, Austin, TX 78741, United States",5,6,NO,window cleaning/washing,high,name + review keyword filter
Consider it Done - GARSC - Greater Austin Residential Service Company Yes,http://www.garsc.com/,garsc.com,Austin,TX,+1 512-360-0480,"1704, 1/2 S Congress Ave Suite F, Austin, TX 78704, United States",5,191,NEEDS_SITE_CHECK,insufficient signal,,name + review keyword filter
Sunn Home Services Yes,http://sunnhomeservices.com/,sunnhomeservices.com,Austin,TX,+1 512-490-6633,"1706 Dungan Ln A-104, Austin, TX 78754, United States",4.7,35,NEEDS_SITE_CHECK,insufficient signal,,name + review keyword filter
Gate Doctors Yes,https://www.austingatedoctors.com/,austingatedoctors.com,Austin,TX,+1 512-693-4445,"1706 Dungan Ln STE B-104, Austin, TX 78754, United States",4.9,285,NEEDS_SITE_CHECK,insufficient signal,,name + review keyword filter
Texas Discount Siding & Windows Yes,https://streetviewpixels-pa.googleapis.com/v1/thumbnail?panoid=szkjMeJ81sxJB4v66iEUvA&cb_client=search.gws-prod.gps&w=408&h=240&yaw=27.257582&pitch=0&thumbfov=100,streetviewpixels-pa.googleapis.com,Austin,TX,+1 512-469-0200,"1708 Canterbury St, Austin, TX 78702, United States",,,NEEDS_SITE_CHECK,window in name but service type unconfirmed,,name + review keyword filter
Infinity AC of Austin Yes,http://infinityairco.com/austin,infinityairco.com,Austin,TX,+1 512-377-6755,"171 Preslar Cir, Austin, TX 78736, United States",5,325,NEEDS_SITE_CHECK,insufficient signal,,name + review keyword filter
Texas Windows Direct Yes,https://texaswindowsdirect.com/,texaswindowsdirect.com,Cedar Park,TX,+1 512-529-8612,"1710 Atlas Rd, Cedar Park, TX 78613, United States",5,4960,NEEDS_SITE_CHECK,window in name but service type unconfirmed,,name + review keyword filter
Custom Stereos Monterrey Yes,,,Dallas,TX,+1 214-337-8833,"1716 S Westmoreland Rd, Dallas, TX 75211, United States",4.2,44,NEEDS_SITE_CHECK,insufficient signal,,name + review keyword filter
Steinman Audio Yes,https://steinmanaudio.com/,steinmanaudio.com,Rockford,IL,+1 815-378-3296,"1719 E Riverside Blvd, Rockford, IL 61114, United States",4.1,242,NEEDS_SITE_CHECK,insufficient signal,,name + review keyword filter
Brightside Windows DFW Yes,https://www.brightsidewindowsdfw.com/,brightsidewindowsdfw.com,Dallas,TX,+1 469-662-6279,"17250 Dallas Pkwy Ste 220, Dallas, TX 75248, United States",5,4,NO,Window and solar-panel cleaning service,high,verified last run (web search)
JCM Construction And Design Yes,http://jcmconstruction.andersenwindowscertifiedcontractors.com/,jcmconstruction.andersenwindowscertifiedcontractors.com,Dallas,TX,+1 214-223-9151,"17250 Dallas Pkwy, Dallas, TX 75248, United States",5,507,YES,"Window installation and replacement, plus service and repair of windows - Andersen certified contractor",high,verified last run (web search)
Affordable Windows Plus Exteriors Yes,https://www.affordablewindowsofaz.com/locations/gilbert-az,affordablewindowsofaz.com,Gilbert,AZ,+1 480-736-2822,"1730 W Sunrise Blvd #101-B, Gilbert, AZ 85233, United States",4.8,533,YES,window in name + review describes window work,high,name + review keyword filter
Sunny State Glass Yes,https://sunnystateglass.com/,sunnystateglass.com,Phoenix,AZ,+1 480-526-9044,"1734 W Williams Dr #8, Phoenix, AZ 85027, United States",5,206,NEEDS_SITE_CHECK,"glass shop or building contractor, window scope unknown",,name + review keyword filter
Gino’s Mobile Window Tinting Yes,https://ginosmobiletinting.com/,ginosmobiletinting.com,Fort Lauderdale,FL,+1 954-818-6453,"1748 SW 4th St, Fort Lauderdale, FL 33312, United States",4.9,160,NO,window tint/film only,high,name + review keyword filter
Nunez Home’s Renovation Yes,https://nunezhomerenovation.com/,nunezhomerenovation.com,Loves Park,IL,+1 779-333-0832,"1752 Windsor Rd #108, Loves Park, IL 61111, United States",4.6,73,NEEDS_SITE_CHECK,insufficient signal,,name + review keyword filter
Discount Home Warehouse Yes,http://www.dhwsalvage.com/,dhwsalvage.com,Dallas,TX,+1 214-631-2755,"1768 Empire Central Dr, Dallas, TX 75235, United States",4.6,145,NO,Architectural salvage / reclaimed building materials retail store,medium,verified last run (web search)
Bethany Windows Yes,http://bethanywindowstexas.com/,bethanywindowstexas.com,Liberty Hill,TX,+1 512-876-0590,"1775 County Rd 279 A-104, Liberty Hill, TX 78642, United States",5,84,NEEDS_SITE_CHECK,window in name but service type unconfirmed,,name + review keyword filter
BlueStar | Window Cleaning & Surface Protection | DFW's Best Yes,https://bluestar.co/,bluestar.co,Dallas,TX,+1 888-258-3042,"17811 Davenport Rd Ste 25, Dallas, TX 75252, United States",5,20,NO,window cleaning/washing,high,name + review keyword filter
Best Buy Windows and Siding Yes,https://www.bestbuywindowsandsiding.com/,bestbuywindowsandsiding.com,Richardson,TX,+1 469-946-3697,"1800 N Glenville Dr #102, Richardson, TX 75081, United States",4.4,375,YES,"Custom replacement window installation - vinyl, double/triple-pane, sliding, picture, casement, specialty",high,verified last run (web search)
Storey Construction Yes,http://storeybuilders.com/,storeybuilders.com,Austin,TX,+1 512-850-4370,"1801 E 51st St Ste 365-413, Austin, TX 78723, United States",3,2,NEEDS_SITE_CHECK,"glass shop or building contractor, window scope unknown",,name + review keyword filter
Solar Service Yes,https://solarservice-tx.com/,solarservice-tx.com,Austin,TX,+1 512-537-0459,"1801 E 51st St STE 365, #250, Austin, TX 78723, United States",5,707,NEEDS_SITE_CHECK,insufficient signal,,name + review keyword filter
Capitol Blind & Drapery Co Yes,http://capitolblind.net/,capitolblind.net,Austin,TX,+1 512-990-8033,"1801 Hydro Dr, Austin, TX 78728, United States",2.8,4,NO,blinds/shades/shutters/drapery (window treatments),high,name + review keyword filter
Mission Home Builders Yes,http://missionhomebuilders.com/,missionhomebuilders.com,Austin,TX,+1 512-394-3559,"1801 S MoPac Expy #100, Austin, TX 78746, United States",5,13,NEEDS_SITE_CHECK,insufficient signal,,name + review keyword filter
Vivax Pros Yes,https://www.vivaxpros.com/,vivaxpros.com,Austin,TX,+1 512-668-9443,"1804 Ulit Ave, Austin, TX 78702, United States",4.9,1197,NEEDS_SITE_CHECK,insufficient signal,,name + review keyword filter
Ramos Windows Yes,http://ramoswindows.com/,ramoswindows.com,Dallas,TX,+1 469-235-4392,"1807 Joan Dr, Dallas, TX 75217, United States",5,6,YES,"Window installation and replacement, retrofit windows, fogged/damaged glass replacement, solar screens",high,verified last run (web search)
A+ Window Cleaning Services LLC Yes,https://www.apluswcs.com/,apluswcs.com,Cedar Park,TX,+1 512-535-4308,"1814 Conn Creek Rd, Cedar Park, TX 78613, United States",5,830,NO,window cleaning/washing,high,name + review keyword filter
Keystone Siding Yes,https://keystonecrestsiding.repair/,keystonecrestsiding.repair,Austin,TX,+1 512-710-0623,"1818 Simond Ave, Austin, TX 78723, United States",0,0,NEEDS_SITE_CHECK,"glass shop or building contractor, window scope unknown",,name + review keyword filter
CountyLine Glass Yes,http://www.countylineglass.com/,countylineglass.com,Irving,TX,+1 972-438-5719,"1819 Peters Rd #3, Irving, TX 75061, United States",4.2,13,YES,"Window glass replacement, double pane / insulated glass units, storefront glass, plus shower doors and mirrors",high,verified last run (web search)
IFIXHUB Computer Repair Dallas Yes,https://ifixhub.com/,ifixhub.com,Dallas,TX,+1 972-200-4445,"1820 W Mockingbird Ln, Dallas, TX 75235, United States",4.7,250,NO,"unrelated trade, no window signal",high,name + review keyword filter
Quick Roofing - Austin Yes,https://www.quickroofing.com/,quickroofing.com,Austin,TX,+1 512-609-8675,"1834 Ferguson Ln #1400, Austin, TX 78754, United States",4.9,196,NEEDS_SITE_CHECK,"glass shop or building contractor, window scope unknown",,name + review keyword filter
EPC Glass Yes,,,Austin,TX,+1 832-997-7408,"1834 Ferguson Ln, Austin, TX 78754, United States",5,6,NEEDS_SITE_CHECK,"glass shop or building contractor, window scope unknown",,name + review keyword filter
Guaranteed Tire & Auto Repair Yes,https://www.guaranteedtireauto.com/,guaranteedtireauto.com,Dallas,TX,+1 214-452-2773,"1835 Empire Central Dr # B, Dallas, TX 75235, United States",5,18,NO,auto repair shop and tire store,high,verified last run (web search)
AK Calibration & Auto Glass Yes,https://akcalibrationautoglass.com/,akcalibrationautoglass.com,Dallas,TX,+1 972-779-0011,"1835 Empire Central Dr Ste I, Dallas, TX 75235, United States",4.8,18,NO,Auto glass replacement and ADAS windshield calibration,high,verified last run (web search)
Bimmer Connection llc Yes,https://www.bimmerconex.com/,bimmerconex.com,Dallas,TX,+1 469-207-8323,"1835 Empire Central Dr Ste:J, Dallas, TX 75235, United States",5,105,NO,BMW and Mini Cooper auto repair shop,high,verified last run (web search)
Grey & White Solutions Yes,http://greywhitewd.com/,greywhitewd.com,Lauderhill,FL,+1 954-900-2071,"1848 NW 38th Ave, Lauderhill, FL 33311, United States",5,32,YES,review explicitly describes window install/replacement,high,name + review keyword filter
ABA Sliding Glass Repairs Yes,http://fortlauderdaleslidingdoors.com/,fortlauderdaleslidingdoors.com,Fort Lauderdale,FL,+1 754-285-5380,"1900 E Sunrise Blvd, Fort Lauderdale, FL 33304, United States",5,5,NEEDS_SITE_CHECK,"glass shop or building contractor, window scope unknown",,name + review keyword filter
Diamond Auto Glass Yes,https://diamondautoglassdfw.com/,diamondautoglassdfw.com,Irving,TX,+1 972-579-7400,"1905 E Shady Grove Rd, Irving, TX 75060, United States",4.3,144,NEEDS_SITE_CHECK,"auto-glass name, but may also do building glass — must verify",,name + review keyword filter
Superior Auto Glass Yes,,,Dallas,TX,+1 817-908-6133,"1908 W Mockingbird Ln, Dallas, TX 75235, United States",5,43114,NEEDS_SITE_CHECK,"auto-glass name, but may also do building glass — must verify",,name + review keyword filter
Lake Travis Mobile Glass Yes,,,Lakeway,TX,+1 512-240-9121,"1909 Ranch Rd 620 N #3d, Lakeway, TX 78734, United States",4.5,39,NEEDS_SITE_CHECK,"glass shop or building contractor, window scope unknown",,name + review keyword filter
WindshieldHUB Yes,https://www.windshieldhub.com/texas/dallas?utm_medium=local&utm_source=google&utm_campaign=gbp&utm_term=dallas,windshieldhub.com,Dallas,TX,+1 214-225-2468,"1910 Pacific Ave Suit 2000, Dallas, TX 75201, United States",4.9,194,NO,Mobile auto glass services,high,verified last run (web search)
Window e-Store Yes,https://windowestore.com/,windowestore.com,Austin,TX,+1 855-290-6366,"1912 W Anderson Ln. Ste 208B, Austin, TX 78757, United States",4.8,102,NEEDS_SITE_CHECK,window in name but service type unconfirmed,,name + review keyword filter
Greyhammer - Roofing & Construction Yes,,,Dallas,TX,+1 855-505-4739,"1920 McKinney Ave #700, Dallas, TX 75201, United States",4.6,11,NEEDS_SITE_CHECK,"glass shop or building contractor, window scope unknown",,name + review keyword filter
Pegasus Exotic Auto Solutions Yes,http://pegasusautosolutions.com/,pegasusautosolutions.com,Dallas,TX,+1 214-954-7065,"1938 Singleton Blvd, Dallas, TX 75212, United States",5,0,NEEDS_SITE_CHECK,insufficient signal,,name + review keyword filter
Allied Door Repair Yes,http://www.allieddoorrepair.com/,allieddoorrepair.com,Pompano Beach,FL,+1 954-552-2474,"1940 NW 1st Ave, Pompano Beach, FL 33060, United States",4.9,183,NEEDS_SITE_CHECK,insufficient signal,,name + review keyword filter
Infinity Conversions Yes,http://www.icatx.com/,icatx.com,Round Rock,TX,+1 512-252-7778,"1942 Picadilly Dr, Round Rock, TX 78664, United States",4.5,63,NEEDS_SITE_CHECK,insufficient signal,,name + review keyword filter
Broward Impact Window & Door Yes,https://www.browardimpact.com/?utm_source=google&utm_medium=maps&utm_campaign=gmb,browardimpact.com,Dania Beach,FL,+1 954-922-0606,"1954 Tigertail Blvd, Dania Beach, FL 33004, United States",4.6,246,YES,name states window installation/replacement/doors,high,name + review keyword filter
Scorpio Auto Glass Yes,http://www.scorpioautoglass.com/,scorpioautoglass.com,Dallas,TX,+1 214-393-7152,"2 Westside Dr, Dallas, TX 75209, United States",4.6,117,NO,Auto glass / windshield repair and replacement (mobile),high,verified last run (web search)
Refined Shade Solutions Yes,https://streetviewpixels-pa.googleapis.com/v1/thumbnail?panoid=eKRwWZDHmackEZx73D79uw&cb_client=search.gws-prod.gps&w=408&h=240&yaw=351.43268&pitch=0&thumbfov=100,streetviewpixels-pa.googleapis.com,Rockford,IL,+1 414-249-0038,"200 Prairie St, Rockford, IL 61107, United States",,,NO,blinds/shades/shutters/drapery (window treatments),high,name + review keyword filter
DW Distribution Door Fabrication - Lancaster Yes,https://www.dwdistribution.com/,dwdistribution.com,Lancaster,TX,+1 214-381-2200,"2001 Danieldale Rd, Lancaster, TX 75134, United States",3.9,26,NO,"Two-step wholesale distributor of building materials and millwork (doors, jambs, glass, mouldings)",high,verified last run (web search)
Glass Doctor of Dallas Metroplex Yes,https://glassdoctor.com/dallas?cid=LSTL_MGD000191&utm_source=gmb&utm_campaign=local&utm_medium=organic,glassdoctor.com,Carrollton,TX,+1 972-437-8244,"2001 Midway Rd #121, Carrollton, TX 75006, United States",4.7,2942,YES,review explicitly describes window install/replacement,high,name + review keyword filter
Downtown Dallas Auto Glass Yes,https://downtowndallasautoglass.com/,downtowndallasautoglass.com,Dallas,TX,+1 469-888-9193,"2001 Ross Ave, Dallas, TX 75201, United States",5,3,NO,Auto glass / windshield repair and replacement,high,verified last run (web search)
EcoView Windows & Doors Yes,https://www.ecoviewdfw.com/?utm_source=gbp&utm_medium=organic&utm_campaign=gbp-listing&utm_content=grand-prarie-office,ecoviewdfw.com,Grand Prairie,TX,+1 972-247-2949,"2003 108th St #303, Grand Prairie, TX 75050, United States",4.9,348,YES,Energy Star replacement window units plus installation; also doors and siding,high,verified last run (web search)
Express Impact Glass Manufacturing Fort Lauderdale Yes,https://expressimpactglass.com/locations/fort-lauderdale/?utm_campaign=GBPwebsite&utm_medium=organic&utm_source=google,expressimpactglass.com,Fort Lauderdale,FL,+1 954-507-2222,"2003 W Cypress Creek Rd Ste 109, Fort Lauderdale, FL 33309, United States",5,2,NEEDS_SITE_CHECK,"glass shop or building contractor, window scope unknown",,name + review keyword filter
Cedar Park Overhead Doors - Lakeway Yes,https://www.cedarparkgaragedoors.com/locations/lakeway/,cedarparkgaragedoors.com,Lakeway,TX,+1 512-955-5162,"2009 Ranch Rd 620 N #140, Lakeway, TX 78734, United States",5,981,NEEDS_SITE_CHECK,insufficient signal,,name + review keyword filter
City Limit Construction LLC Yes,https://citylimitconstruction.com/,citylimitconstruction.com,Austin,TX,+1 512-729-3300,"2009 Ranch Rd 620 N Bldg 3 suite 310, Austin, TX 78734, United States",4.9,69,NEEDS_SITE_CHECK,"glass shop or building contractor, window scope unknown",,name + review keyword filter
AV Automation Yes,http://www.avautomation.com/,avautomation.com,Lakeway,TX,+1 512-795-4242,"2009 Ranch Rd 620 N Ste 130, Lakeway, TX 78734, United States",4.2,5,NEEDS_SITE_CHECK,insufficient signal,,name + review keyword filter
Buckley Window Corporation Yes,https://www.buckleywindow.com/,buckleywindow.com,Oakland Park,FL,+1 954-396-4211,"201 NE 32nd St, Oakland Park, FL 33334, United States",4.7,172,YES,window in name + review describes window work,high,name + review keyword filter
Ace Handyman Services West Austin Yes,https://www.acehandymanservices.com/offices/west-austin?utm_source=google&utm_medium=gbp,acehandymanservices.com,Lakeway,TX,+1 512-366-3142,"201 Ranch Rd 620 S A, Lakeway, TX 78734, United States",4.9,501,YES,Window replacements and adjustments listed under installation services,medium,verified last run (web search)
Luft Windows Yes,https://www.luftwindows.com/,luftwindows.com,Tempe,AZ,+1 480-508-8958,"2010 E University Dr #25, Tempe, AZ 85281, United States",5,41,NEEDS_SITE_CHECK,window in name but service type unconfirmed,,name + review keyword filter
Tints By Medina Yes,https://tintsxmedina.square.site/,tintsxmedina.square.site,Rockford,IL,+1 779-970-6726,"2013 Harrison Ave, Rockford, IL 61104, United States",5,11,NEEDS_SITE_CHECK,insufficient signal,,name + review keyword filter
Windowmere Windows and Doors Yes,https://windormere-windows-doors.com/,windormere-windows-doors.com,Rockwall,TX,+1 214-695-1335,"202 N West St A, Rockwall, TX 75087, United States",5,59,YES,New window installation and premium vinyl window replacement; exterior door installation/replacement,high,verified last run (web search)
Window Replacement Yes,https://dallas-windows-doors.com/contact/,dallas-windows-doors.com,Dallas,TX,+1 972-640-7918,"2021 Cockrell Ave, Dallas, TX 75215, United States",5,503,YES,"Window installation and window replacement, plus door installation and replacement",high,verified last run (web search)
Quality Exteriors Yes,https://www.qualityexteriorsatx.com/,qualityexteriorsatx.com,Austin,TX,+1 737-308-2035,"2021 Guadalupe St Ste 260, Austin, TX 78705, United States",5,454,NEEDS_SITE_CHECK,insufficient signal,,name + review keyword filter
DJJD Window Tint LLC Austin Texas Yes,https://djjdwindowtint.com/,djjdwindowtint.com,Austin,TX,+1 737-802-0782,"2039 Airport Blvd, Austin, TX 78722, United States",4.8,37,NO,window tint/film only,high,name + review keyword filter
Vantage Windows LLC Yes,https://thevantagewindows.com/,thevantagewindows.com,Farmers Branch,TX,+1 469-283-6744,"2100 Valley View Ln #301, Farmers Branch, TX 75234, United States",4.6,93,YES,"Residential window replacement, installation and repair; custom vinyl windows; authorized Alside dealer; also doors",high,verified last run (web search)
Modern Resolution Windows & Doors Yes,https://www.modernresolution.com/,modernresolution.com,Tempe,AZ,+1 480-665-5732,"2105 S Hardy Dr #9, Tempe, AZ 85282, United States",4.9,162,YES,name states window installation/replacement/doors,high,name + review keyword filter
Dagnon Building & Roofing Yes,http://www.dagnonroofing.com/,dagnonroofing.com,Loves Park,IL,+1 815-633-4443,"2113 Rivington Rd, Loves Park, IL 61111, United States",4.9,33,NEEDS_SITE_CHECK,"glass shop or building contractor, window scope unknown",,name + review keyword filter
Texas Mirrors & Doors LLC Yes,https://txmirrors.com/,txmirrors.com,Austin,TX,+1 512-459-3553,"2115 Northland Dr, Austin, TX 78756, United States",4.8,25,NEEDS_SITE_CHECK,insufficient signal,,name + review keyword filter
ZNL Window Coverings Inc. Yes,https://www.znlwindowcoverings.com/,znlwindowcoverings.com,Loves Park,IL,+1 815-855-2007,"2120 Harlem Rd, Loves Park, IL 61111, United States",4.9,34,NEEDS_SITE_CHECK,window in name but service type unconfirmed,,name + review keyword filter
Austin C﻿om﻿mer﻿ci﻿al﻿ W﻿indow T﻿inti﻿ng Yes,https://www.commercialwindowtintingaustin.com/,commercialwindowtintingaustin.com,Austin,TX,+1 512-872-4772,"2121 E 6th St, Austin, TX 78702, United States",5,2,NEEDS_SITE_CHECK,insufficient signal,,name + review keyword filter
Imperial Auto Glass Yes,,,Dallas,TX,+1 214-630-6724,"2130 Quarry St, Dallas, TX 75212, United States",4.8,22,NEEDS_SITE_CHECK,"auto-glass name, but may also do building glass — must verify",,name + review keyword filter
Blue Moon Glassworks Yes,https://www.bluemoonglassworks.com/,bluemoonglassworks.com,Austin,TX,+1 512-380-0770,"2139 W Anderson Ln., Austin, TX 78757, United States",4.9,232,NEEDS_SITE_CHECK,insufficient signal,,name + review keyword filter
SoFresh Exterior Yes,http://sofreshexterior.com/,sofreshexterior.com,Austin,TX,+1 512-778-0448,"2147 Barton Hills Dr, Austin, TX 78704, United States",5,22,NEEDS_SITE_CHECK,"glass shop or building contractor, window scope unknown",,name + review keyword filter
Ultimate Auto Glass & Electronics Yes,https://ultimateautoglass.com/,ultimateautoglass.com,Austin,TX,+1 737-270-7459,"215 Ralph Ablanedo Dr Ste. 100, Austin, TX 78748, United States",1.4,149,NEEDS_SITE_CHECK,"auto-glass name, but may also do building glass — must verify",,name + review keyword filter
Everlasting Window & Door Yes,https://everlastingwindow.com/,everlastingwindow.com,Phoenix,AZ,+1 623-544-7128,"21602 N 3rd Ave, Phoenix, AZ 85027, United States",4.5,239,YES,name states window installation/replacement/doors,high,name + review keyword filter
Wilson Roofing Yes,https://www.wilsonroofing.com/,wilsonroofing.com,Austin,TX,+1 512-263-3157,"217-A Commons Ford Rd, Austin, TX 78733, United States",4.7,303,NEEDS_SITE_CHECK,"glass shop or building contractor, window scope unknown",,name + review keyword filter
Auto Glass Specialists Yes,https://sflautoglass.com/,sflautoglass.com,Oakland Park,FL,+1 954-566-3625,"220 NE 44th St, Oakland Park, FL 33334, United States",4.9,205,NEEDS_SITE_CHECK,"auto-glass name, but may also do building glass — must verify",,name + review keyword filter
Western Architectural Openings Yes,https://www.westernwindowsystems.com/?utm_source=Google&utm_medium=GMB,westernwindowsystems.com,Phoenix,AZ,+1 877-268-1300,"2200 E Riverview Dr, Phoenix, AZ 85034, United States",3.4,91,NEEDS_SITE_CHECK,insufficient signal,,name + review keyword filter
Glass America Yes,https://www.glassusa.com/locations/tx/?utm_source=google_gbp&utm_medium=organic&utm_campaign=normal&utm_content=austin_tx,glassusa.com,Austin,TX,+1 254-556-4145,"2201 S Pleasant Valley Rd, Austin, TX 78741, United States",0,0,NO,National auto glass replacement and repair chain,high,verified last run (web search)
Oak Cliff Mirror & Glass Company Yes,http://glassnajiffy.com/,glassnajiffy.com,Dallas,TX,+1 214-747-4875,"2202 N Beckley Ave, Dallas, TX 75208, United States",3.9,91,YES,Installs glass windowalls/curtainwalls and aluminum storefronts; cut-to-size glass,high,verified last run (web search)
Arrington Roofing Yes,https://arringtonroofing.com/?utm_campaign=gmb&utm_medium=organic&utm_source=gbp,arringtonroofing.com,Dallas,TX,+1 214-774-1972,"2203 Obenchain St, Dallas, TX 75208, United States",4.9,356,NEEDS_SITE_CHECK,"glass shop or building contractor, window scope unknown",,name + review keyword filter
Econ Windows Yes,https://econwindows.com/,econwindows.com,Phoenix,AZ,+1 602-786-5286,"2209 W Potter Dr, Phoenix, AZ 85027, United States",4.9,83,NEEDS_SITE_CHECK,window in name but service type unconfirmed,,name + review keyword filter
Statewide Remodeling - Austin Yes,https://www.statewideremodeling.com/texas/austin/?utm_source=GMB&utm_campaign=Austin&utm_medium=Organic%3Futm_source%3Dgmb&utm_medium=Yext&y_source=1_NjY1MDE5MjctNzE1LWxvY2F0aW9uLndlYnNpdGU%3D,statewideremodeling.com,Austin,TX,+1 512-937-1529,"2209-A Rutland Dr #100, Austin, TX 78758, United States",4.4,600,NEEDS_SITE_CHECK,insufficient signal,,name + review keyword filter
Empire Home Pros Yes,https://empirehomepros.com/?utm_source=omg-gbp&utm_medium=webclick,empirehomepros.com,Oakland Park,FL,+1 954-368-1415,"221 NE 44th St, Oakland Park, FL 33334, United States",4.9,196,YES,review explicitly describes window install/replacement,high,name + review keyword filter
Axiom customs Yes,https://axiomaustin.com/,axiomaustin.com,Austin,TX,+1 817-716-6356,"2211 W Parmer Ln Ste b, Austin, TX 78727, United States",5,7,NEEDS_SITE_CHECK,insufficient signal,,name + review keyword filter
FoggyGlassFix Yes,,,Garland,TX,+1 214-771-5267,"2212 Stanford St, Garland, TX 75041, United States",3.3,3,YES,review explicitly describes window install/replacement,high,name + review keyword filter
Texas Audio Customs & Window Tint Yes,http://www.texasaudiocustoms.com/,texasaudiocustoms.com,Garland,TX,+1 972-840-2606,"2218 S Jupiter Rd Ste 104, Garland, TX 75041, United States",4.8,522,NO,"Car audio, vehicle wrap and auto window tint",high,verified last run (web search)
True View Windows & Glass Yes,https://www.trueviewglass.com/,trueviewglass.com,Phoenix,AZ,+1 602-431-8783,"2222 E Jones Ave, Phoenix, AZ 85040, United States",4.6,797,YES,window in name + review describes window work,high,name + review keyword filter
Hurricane solutions Yes,http://www.hurricane-solutions.com/,hurricane-solutions.com,Fort Lauderdale,FL,+1 754-269-5577,"224 SW 25th St, Fort Lauderdale, FL 33315, United States",5,32,NEEDS_SITE_CHECK,insufficient signal,,name + review keyword filter
Skylight Solutions Yes,https://www.skylightsolutions.com/,skylightsolutions.com,Dallas,TX,+1 972-263-6033,"2276 Larson Ln, Dallas, TX 75229, United States",4.9,73,YES,"Skylight and roof-window installation, replacement and repair (VELUX), plus sun tunnels/solar tubes — roof glazing only, no vertical/wall window replacement found",low,verified last run (web search)
BC Roofing Siding & Windows Yes,http://www.bcroof.com/,bcroof.com,Farmers Branch,TX,+1 972-306-0215,"2300 Valley View Ln #107, Farmers Branch, TX 75234, United States",4.7,36,YES,Energy-efficient vinyl replacement windows (Burris) sold and installed alongside roofing and siding,high,verified last run (web search)
Old Soul Windows & Doors Yes,https://oldsoultx.com/,oldsoultx.com,Lakeway,TX,+1 512-788-5093,"2303 Ranch Rd 620 S, Lakeway, TX 78734, United States",5,37,YES,name states window installation/replacement/doors,high,name + review keyword filter
Floor Masters ATX Yes,https://www.floormastersatx.com/,floormastersatx.com,Austin,TX,+1 512-865-4934,"2305 W Parmer Ln, Austin, TX 78727, United States",4.9,150,NEEDS_SITE_CHECK,insufficient signal,,name + review keyword filter
LFM Construction & Remodeling Yes,https://lfmremodeling.com/go/gbp-austin,lfmremodeling.com,Austin,TX,+1 512-277-6108,"2307 Thornton Rd #103, Austin, TX 78704, United States",4.9,194,NEEDS_SITE_CHECK,"glass shop or building contractor, window scope unknown",,name + review keyword filter
Rolli Shades Yes,https://www.rollishades.com/,rollishades.com,Austin,TX,+1 833-447-6554,"2307 Thornton Rd #108-1, Austin, TX 78704, United States",4.9,32,NO,blinds/shades/shutters/drapery (window treatments),high,name + review keyword filter
Window Zone Yes,https://windowzonedfw.com/,windowzonedfw.com,Farmers Branch,TX,+1 469-557-6333,"2309 Springlake Rd #630, Farmers Branch, TX 75234, United States",4.9,40,YES,"Custom-manufactured replacement windows (double-hung, casement etc.) installed by certified crews",high,verified last run (web search)
Flash Autoglass LLC. Yes,https://flash-autoglass.com/?utm_campaign=gbp,flash-autoglass.com,Dallas,TX,+1 469-923-1614,"2309 W Clarendon Dr, Dallas, TX 75208, United States",4.8,413,NO,Mobile auto glass repair and replacement,high,verified last run (web search)
APEX Building Supply | windows | Doors | Flooring | Trims Yes,https://apex-buildingsupply.com/,apex-buildingsupply.com,Austin,TX,+1 512-877-4591,"2310 Donley Dr Ste D, Austin, TX 78758, United States",5,108,NEEDS_SITE_CHECK,window in name but service type unconfirmed,,name + review keyword filter
Flagstone Roofing & Exteriors Yes,https://flagstoneroofing.com/,flagstoneroofing.com,Austin,TX,+1 512-225-0123,"2312 Western Trails Blvd Ste B201, Austin, TX 78745, United States",4.8,446,NEEDS_SITE_CHECK,"glass shop or building contractor, window scope unknown",,name + review keyword filter
Regal Home services Yes,https://www.myrhrepairs.com/contact-us,myrhrepairs.com,Austin,TX,+1 512-517-1037,"2317 S Pleasant Valley Rd, Austin, TX 78741, United States",5,2,NEEDS_SITE_CHECK,insufficient signal,,name + review keyword filter
K&J Windows Yes,https://kjwindows.com/,kjwindows.com,Phoenix,AZ,+1 602-942-0954,"2331 W Royal Palm Rd Ste L, Phoenix, AZ 85021, United States",4.4,121,NEEDS_SITE_CHECK,window in name but service type unconfirmed,,name + review keyword filter
Lone Star Solar Screens Yes,http://lonestarsolarscreens.com/,lonestarsolarscreens.com,Irving,TX,+1 972-445-0856,"2334 Hinton Dr, Irving, TX 75061, United States",3.9,181,NO,Custom solar screen manufacture and installation,high,verified last run (web search)
Austin Windowerks Yes,http://windowerks.com/,windowerks.com,Austin,TX,+1 512-837-7200,"2339 Kramer Ln, Austin, TX 78758, United States",4.3,28,NEEDS_SITE_CHECK,window in name but service type unconfirmed,,name + review keyword filter
Emerson Hardwood Flooring LLC Yes,http://www.emersonhardwoodflooringllc.com/,emersonhardwoodflooringllc.com,Dallas,TX,+1 469-939-4901,"2339 Little Pocket Rd, Dallas, TX 75228, United States",5,10,NEEDS_SITE_CHECK,insufficient signal,,name + review keyword filter
Moore Construction Co. Yes,https://mooreconstructionco.com/,mooreconstructionco.com,Carrollton,TX,+1 972-820-5950,"2340 E Trinity Mls Rd Ste 300, Carrollton, TX 75006, United States",4.4,127,NEEDS_SITE_CHECK,"glass shop or building contractor, window scope unknown",,name + review keyword filter
Window Wizards Yes,http://www.windowwizards.com/,windowwizards.com,Garland,TX,+1 214-559-8787,"2363 Merritt Dr #300, Garland, TX 75041, United States",4.7,47,NO,"Window cleaning, gutter cleaning and pressure washing",high,verified last run (web search)
uBreakiFix - Phone and Computer Repair Yes,https://www.ubreakifix.com/locations/westparmer?utm_source=google&utm_medium=gmb&utm_campaign=westparmer,ubreakifix.com,Austin,TX,+1 512-215-9590,"2406 W Parmer Ln #102, Austin, TX 78727, United States",4.6,1224,NO,"unrelated trade, no window signal",high,name + review keyword filter
Motorized Blinds and Window Shades Expert - Window Shader Yes,http://www.windowshader.com/,windowshader.com,Fort Lauderdale,FL,+1 954-470-1274,"2425 E Commercial Blvd Ste 407, Fort Lauderdale, FL 33308, United States",5,47,NO,blinds/shades/shutters/drapery (window treatments),high,name + review keyword filter
JJ Glass & Mirror LLC Yes,,,Dallas,TX,+1 214-970-2387,"2426 Merrell Rd Ste 102, Dallas, TX 75229, United States",4.2,5,NEEDS_SITE_CHECK,"glass shop or building contractor, window scope unknown",,name + review keyword filter
Krasiva Windows and Doors Yes,https://krasivawindows.com/,krasivawindows.com,Phoenix,AZ,+1 602-678-3737,"2432 W Peoria Ave #1186, Phoenix, AZ 85029, United States",4.8,306,YES,name states window installation/replacement/doors,high,name + review keyword filter
Paneless Home Services Yes,https://panelesshomeservices.com/,panelesshomeservices.com,Dallas,TX,+1 214-662-2300,"2435 Squire Pl Ste 200, Dallas, TX 75234, United States",5,359,NO,"Deep cleaning: windows, carpet, tile, pressure washing",high,verified last run (web search)
Florida Impact Protection Yes,https://floridaimpactprotection.com/,floridaimpactprotection.com,Fort Lauderdale,FL,+1 954-501-9441,"2435 Stirling Rd, Fort Lauderdale, FL 33312, United States",4.6,19,NEEDS_SITE_CHECK,insufficient signal,,name + review keyword filter
More Space Place Yes,https://www.morespaceplaceaustin.com/?utm_source=google&utm_medium=googlebusinessprofile_austin&utm_campaign=googlebusinessprofile_austin,morespaceplaceaustin.com,Austin,TX,+1 512-399-0490,"2438 W Anderson Ln. Ste C-7, Austin, TX 78757, United States",4.9,174,NEEDS_SITE_CHECK,insufficient signal,,name + review keyword filter
Picture Perfect Glass | Window Cleaning Dallas Yes,https://pictureperfectglass.com/,pictureperfectglass.com,Dallas,TX,+1 972-798-9455,"2453 Glenda Ln Ste 2, Dallas, TX 75229, United States",5,473,NO,Window cleaning and exterior cleaning (despite the 'Glass' name),high,verified last run (web search)
Sliding Doors Pro – Sliding Door & Window Repair Yes,https://slidingdoorsrepairpro.com/,slidingdoorsrepairpro.com,Fort Lauderdale,FL,+1 888-818-1628,"2490 Griffin Rd, Fort Lauderdale, FL 33312, United States",4.8,643,YES,name states window installation/replacement/doors,high,name + review keyword filter
TX TINT & PPF Yes,http://txtint.com/,txtint.com,Austin,TX,+1 512-552-7717,"2500 S Hwy 183 Bldg 3 Unit 330, Austin, TX 78744, United States",5,214,NO,"vehicle/automotive business, no glass or window signal",high,name + review keyword filter
Austin Cut Glass Yes,,,Austin,TX,+1 210-838-3230,"2501 De Soto Dr, Austin, TX 78733, United States",5,73,NEEDS_SITE_CHECK,"glass shop or building contractor, window scope unknown",,name + review keyword filter
TruTec Electric Yes,https://www.trutecelectric.com/,trutecelectric.com,Austin,TX,+1 512-641-5311,"2505 E 6th St Unit g, Austin, TX 78702, United States",4.9,1080,NO,"unrelated trade, no window signal",high,name + review keyword filter
GAAAP Glass & Windows Yes,https://www.google.com/maps/vt/pb=!1m4!1m3!1i17!2i30291!3i52884!2m3!1e0!2sm!3i793559676!2m2!1e2!2sspotlit!3m8!2sen!3sph!5e1105!12m4!1e68!2m2!1sset!2sRoadmap!4e0!5m1!1e0!23i1368782!23i1368785!23i4861626!23i10211310!23i1381938!23i47054629!23i47029525!23i72272233!23i72272234!23i72272236!23i72458815!23i94243289!23i94255677!23i72860224!23i10211515!23i94260020!23i100799651!23i72549439!23i100760045!27m15!299174093m14!14m13!1m8!1m2!1y9677841193239123897!2y15171682501839137046!2s%2Fg%2F11z73z6x8n!4m2!1x327947064!2x3326959698!15sgcid%3Awindow_supplier!2b0!3b0!6b0!8b0,google.com,Dallas,TX,+1 424-557-9767,"2508 State St, Dallas, TX 75201, United States",,,NEEDS_SITE_CHECK,window in name but service type unconfirmed,,name + review keyword filter
Inzhagy Auto glass Yes,https://www.inzhagyautoglass.com/,inzhagyautoglass.com,Dallas,TX,+1 945-264-0080,"2509 Quincy St, Dallas, TX 75212, United States",4.8,64,NO,mobile auto glass / windshield replacement,high,verified last run (web search)
Bello Remodeling Yes,https://bello-remodeling.com/,bello-remodeling.com,Austin,TX,+1 512-663-8573,"2517 Berkeley Ave, Austin, TX 78745, United States",5,53,NEEDS_SITE_CHECK,insufficient signal,,name + review keyword filter
Cla Exteriors Yes,https://www.claexteriors.com/,claexteriors.com,Rockford,IL,+1 855-252-8800,"2519 Tanglewood Ln, Rockford, IL 61114, United States",4.1,14,NEEDS_SITE_CHECK,insufficient signal,,name + review keyword filter
City Auto Glass Yes,https://www.cityautoglassrkfd.com/,cityautoglassrkfd.com,Rockford,IL,+1 815-242-1140,"2520 Broadway, Rockford, IL 61108, United States",4.7,47,NEEDS_SITE_CHECK,"auto-glass name, but may also do building glass — must verify",,name + review keyword filter
Window World of Phoenix Yes,http://www.windowworldphoenix.com/,windowworldphoenix.com,Phoenix,AZ,+1 602-962-5164,"2530 W Holly St, Phoenix, AZ 85009, United States",4.1,279,YES,name states window installation/replacement/doors,high,name + review keyword filter
Eva's Draperies & Home Decor Yes,http://www.evasdrapes.com/,evasdrapes.com,Dallas,TX,+1 214-995-2628,"2532 Converse St, Dallas, TX 75207, United States",4.9,22,NO,Custom drapery and home decor workroom,high,verified last run (web search)
Metro Garage Door Repair Yes,https://www.metrogaragedoor.net/,metrogaragedoor.net,Dallas,TX,+1 972-391-3610,"2544 Southwell Rd, Dallas, TX 75229, United States",5,409,NO,Garage door and gate repair,high,verified last run (web search)
East Blue Windows & Doors Yes,http://www.eastbluewindowsdoors.com/,eastbluewindowsdoors.com,Fort Lauderdale,FL,+1 754-244-5037,"2548 NW 9th Ct, Fort Lauderdale, FL 33311, United States",5,73,YES,name states window installation/replacement/doors,high,name + review keyword filter
Affordable Windows Plus Exteriors of Phoenix Yes,https://www.affordablewindowsofaz.com/locations/gilbert-az,affordablewindowsofaz.com,Phoenix,AZ,+1 480-736-2822,"2550 E Rose Garden Ln #72496, Phoenix, AZ 85050, United States",3.5,2,NEEDS_SITE_CHECK,window in name but service type unconfirmed,,name + review keyword filter
Vertex Roofers and General Contractors Yes,https://vertexroofers.com/,vertexroofers.com,Dallas,TX,+1 214-206-5123,"2550 Pacific Ave Ste 844, Dallas, TX 75226, United States",4.9,76,YES,Window replacement listed among their general contracting/storm restoration services,medium,verified last run (web search)
Tint Authority Yes,https://tintauthority.biz/,tintauthority.biz,The Hills,TX,+1 512-956-2995,"26 Glen Rock Dr, The Hills, TX 78738, United States",5,2,NEEDS_SITE_CHECK,insufficient signal,,name + review keyword filter
Cupcake Home Improvements Yes,https://www.callcupcake.com/?utm_source=google&utm_medium=organic&utm_campaign=gbp,callcupcake.com,Austin,TX,+1 888-671-2686,"2601 Mc Hale Ct #145, Austin, TX 78758, United States",4.9,267,NEEDS_SITE_CHECK,insufficient signal,,name + review keyword filter
Installation World Yes,https://installation-rockford.com/,installation-rockford.com,Rockford,IL,+1 815-904-9249,"2606 Broadway Ste 2 C, Rockford, IL 61108, United States",5,73,NEEDS_SITE_CHECK,insufficient signal,,name + review keyword filter
Dallas Maids Yes,https://dallasmaids.com/,dallasmaids.com,Dallas,TX,+1 469-487-6669,"2606 Manor Way, Dallas, TX 75235, United States",4.9,499,NO,Residential house cleaning / maid service,high,verified last run (web search)
Mobile Window Tint WJ Dallas Yes,https://www.windowmobiletint.com/,windowmobiletint.com,Dallas,TX,+1 214-772-5971,"2607 Rampart St, Dallas, TX 75235, United States",5,139,NO,"Mobile window tinting / window film (auto, residential, commercial)",high,verified last run (web search)
Master Builders Remodelers & Guaranteed Foundation Repairs Yes,http://www.mbrgfr.com/,mbrgfr.com,Dallas,TX,+1 817-469-1090,"2607 Vinson St, Dallas, TX 75212, United States",4.5,131,NEEDS_SITE_CHECK,insufficient signal,,name + review keyword filter
Home Services at The Home Depot Yes,https://www.homedepot.com/l/Oak-Cliff/TX/Dallas/75211/6816/services?emt=HSGoogleMaps,homedepot.com,Dallas,TX,+1 844-476-2140,"2610 Fort Worth Ave, Dallas, TX 75211, United States",3.6,11,NEEDS_SITE_CHECK,insufficient signal,,name + review keyword filter
Desert King Windows Yes,http://www.desertkingwindows.com/?utm_campaign=gmb,desertkingwindows.com,Phoenix,AZ,+1 480-613-9943,"2615 S 21st St, Phoenix, AZ 85034, United States",4.8,702,YES,window in name + review describes window work,high,name + review keyword filter
Ready My Property Yes,https://www.readymyproperty.com/,readymyproperty.com,Dallas,TX,+1 469-680-8602,"2626 Cole Ave suit 300, Dallas, TX 75204, United States",4.7,44,NEEDS_SITE_CHECK,insufficient signal,,name + review keyword filter
Glaziers Consulting LLC Yes,https://www.glaziersconsulting.com/?utm_source=google&utm_medium=organic&utm_campaign=gbp,glaziersconsulting.com,Fort Lauderdale,FL,+1 609-992-4102,"2630 W Broward Blvd, Fort Lauderdale, FL 33312, United States",5,17,NEEDS_SITE_CHECK,insufficient signal,,name + review keyword filter
Star Glass Auto Glass Repair & Replacement Yes,,,Dallas,TX,+1 682-460-3555,"2636 Walnut Hill Ln Ste 110, Dallas, TX 75220, United States",4.4,29,NEEDS_SITE_CHECK,"auto-glass name, but may also do building glass — must verify",,name + review keyword filter
Tritek Window Tinting & Paint Protection Yes,https://tritektinting.com/,tritektinting.com,Garland,TX,+1 972-926-5666,"2638 National Dr, Garland, TX 75041, United States",5,3695,NO,Auto/residential/commercial window film and paint protection,high,verified last run (web search)
Doc Window Installation Yes,,,Pflugerville,TX,+1 737-391-0324,"2700 W Pecan St Unit 121, Pflugerville, TX 78660, United States",5,4,YES,name states window installation/replacement/doors,high,name + review keyword filter
Express Glass & Board Up Sliding Glass Door & Window Repair Yes,https://expressglassfl.com/,expressglassfl.com,Fort Lauderdale,FL,+1 954-707-6443,"2701 W Oakland Park Blvd Ste 225C, Fort Lauderdale, FL 33311, United States",4.3,55,YES,name states window installation/replacement/doors,high,name + review keyword filter
TruView Windows and Doors Yes,https://streetviewpixels-pa.googleapis.com/v1/thumbnail?panoid=dY_AYZz7el6DX4XbwGzhqQ&cb_client=search.gws-prod.gps&w=408&h=240&yaw=246.48436&pitch=0&thumbfov=100,streetviewpixels-pa.googleapis.com,Dallas,TX,+1 945-382-4402,"2703 Chalk Hill Rd, Dallas, TX 75212, United States",,,YES,name states window installation/replacement/doors,high,name + review keyword filter
Designer Door and Window Yes,http://www.designerdw.com/,designerdw.com,Carrollton,TX,+1 972-424-0031,"2707 Realty Rd #310, Carrollton, TX 75006, United States",4.9,140,YES,"Design, build and installation of energy-efficient windows (Anlin dealer) plus exterior doors",high,verified last run (web search)
AC Glass and Mirror Yes,http://www.acglass.biz/,acglass.biz,Dallas,TX,+1 214-604-3394,"2708 Reynolds Ave, Dallas, TX 75232, United States",3.3,7,YES,"Window glass replacement, single and double pane, same/next-day",high,verified last run (web search)
VISION IMPACT WINDOWS & DOORS Yes,https://www.visionimpactwindowsanddoors.com/,visionimpactwindowsanddoors.com,Fort Lauderdale,FL,+1 754-290-0123,"271 SW 33rd Ct #6, Fort Lauderdale, FL 33315, United States",0,0,YES,name states window installation/replacement/doors,high,name + review keyword filter
K&M Steam Cleaning Yes,http://www.kandmsteamcleaning.com/?utm_source=GBP_listing&utm_medium=organic&utm_campaign=listing,kandmsteamcleaning.com,Austin,TX,+1 512-648-2473,"2711 Daisy Dr Bldg 1, # 100, Austin, TX 78727, United States",4.7,1999,NEEDS_SITE_CHECK,insufficient signal,,name + review keyword filter
Austin Dream Remodeling Bathroom & Kitchen Yes,https://austindreamremodeling.com/?utm_source=google&utm_medium=GBP&utm_campaign=seo,austindreamremodeling.com,Austin,TX,+1 512-778-0791,"2713 Bristol Dr #2, Austin, TX 78723, United States",4.9,88,NEEDS_SITE_CHECK,insufficient signal,,name + review keyword filter
Time 2 Shine PPF and Tint Detailing Studio Yes,https://www.dallasppfandceramic.com/,dallasppfandceramic.com,Dallas,TX,+1 214-377-1577,"2717 Egan Ave, Dallas, TX 75235, United States",5,501,NO,"Auto detailing, paint protection film, ceramic coating and auto tint",high,verified last run (web search)
Genuine Texas Exteriors Yes,https://genuinetexasexteriors.com/,genuinetexasexteriors.com,Austin,TX,+1 512-745-5676,"2720 Bee Caves Rd Ste 126, Austin, TX 78746, United States",4.9,172,NEEDS_SITE_CHECK,insufficient signal,,name + review keyword filter
DAR Roofing General Contractors Yes,http://www.darroofinggc.com/,darroofinggc.com,Farmers Branch,TX,+1 315-836-4542,"2727 Lyndon B Johnson Fwy Ste 785, Farmers Branch, TX 75234, United States",4.9,122,YES,Window replacement and repair offered among general contracting services,high,verified last run (web search)
Fifty Shades and Blinds Yes,https://www.fiftyshadesandblinds.com/,fiftyshadesandblinds.com,Fort Lauderdale,FL,+1 954-882-5009,"2755 E Oakland Park Blvd Ste 103, Fort Lauderdale, FL 33306, United States",4.9,310,NO,blinds/shades/shutters/drapery (window treatments),high,name + review keyword filter
All Florida Screens & Shutters Yes,http://www.webuildscreens.com/,webuildscreens.com,Wilton Manors,FL,+1 954-254-6089,"2764 N Dixie Hwy, Wilton Manors, FL 33334, United States",4.8,69,NO,blinds/shades/shutters/drapery (window treatments),high,name + review keyword filter
Ceramic Window Tint Polarizado and Auto Detailing Yes,,,Dallas,TX,+1 469-878-4363,"2802 Cartwright St, Dallas, TX 75212, United States",4.5,24,NO,window tint/film only,high,name + review keyword filter
Yazmin Autoglass Inc Yes,https://yazminautoglasstx.com/,yazminautoglasstx.com,Dallas,TX,+1 817-298-0078,"2802 Cartwright St, Dallas, TX 75212, United States",4.8,881,NO,Auto glass shop / windshield replacement,high,verified last run (web search)
Load Bearing Wall Pros - Austin Yes,https://www.loadbearingwall.com/,loadbearingwall.com,Lakeway,TX,+1 737-252-8170,"2802 Flintrock Trace #201, Lakeway, TX 78738, United States",5,23,NEEDS_SITE_CHECK,insufficient signal,,name + review keyword filter
Lake Travis Roofing Yes,https://www.laketravisroofing.com/,laketravisroofing.com,Austin,TX,+1 512-886-5060,"2802 Flintrock Trace Suite 313, Austin, TX 78738, United States",4.9,57,NEEDS_SITE_CHECK,"glass shop or building contractor, window scope unknown",,name + review keyword filter
Royal Screen Solutions Yes,https://royalscreensolutions.com/,royalscreensolutions.com,Fort Lauderdale,FL,+1 954-870-0878,"2805 E Oakland Park Blvd, Fort Lauderdale, FL 33306, United States",4.8,39,NEEDS_SITE_CHECK,insufficient signal,,name + review keyword filter
RCE Construction & Remodeling Yes,https://www.rceconstructionandremodeling.com/,rceconstructionandremodeling.com,Austin,TX,+1 512-508-8476,"2823 E Martin Luther King Jr Blvd, Austin, TX 78702, United States",5,41,NEEDS_SITE_CHECK,"glass shop or building contractor, window scope unknown",,name + review keyword filter
SABINAS AUTOMOTIVE & STATE INSPECTION Yes,,,Dallas,TX,+1 214-634-8112,"2823 N Hampton Rd, Dallas, TX 75212, United States",4.5,55,NO,"vehicle/automotive business, no glass or window signal",high,name + review keyword filter
G's Audio ATX Yes,https://www.facebook.com/GsAudioatx,facebook.com,Del Valle,TX,+1 512-919-6639,"2825 E Hwy 71, Del Valle, TX 78617, United States",4.2,100,YES,Stocks windows and provides framing and installation services including window and door installations,medium,verified last run (web search)
Window Depot Dallas /Plano Yes,https://windowdepotdallas.com/,windowdepotdallas.com,Plano,TX,+1 214-399-9592,"2828 W Parker Rd Ste 203B, Plano, TX 75075, United States",4.9,38,YES,Replacement windows with in-house certified installation; siding and entry/patio doors,high,verified last run (web search)
Trustmark Exteriors Yes,https://www.trustmarkexteriors.com/?utm_source=google&utm_medium=gbp,trustmarkexteriors.com,Fort Worth,TX,+1 817-859-8369,"2832 SE Loop 820, Fort Worth, TX 76140, United States",5,14,YES,Window installation and window repair,high,verified last run (web search)
Tints and Wraps Pitcrew Yes,,,Tamarac,FL,+1 954-348-5650,"2855 W Commercial Blvd, Tamarac, FL 33309, United States",4.9,64,NEEDS_SITE_CHECK,insufficient signal,,name + review keyword filter
FG Installation Services Yes,http://www.fginstallationservices.com/,fginstallationservices.com,Fort Lauderdale,FL,+1 954-496-5159,"2880 NE 32nd St, Fort Lauderdale, FL 33306, United States",5,12,NEEDS_SITE_CHECK,insufficient signal,,name + review keyword filter
Custom Design Windows Yes,http://www.customdesignwindows.com/,customdesignwindows.com,Fort Lauderdale,FL,+1 954-654-0821,"2881 NE 33rd Ct APT 3C, Fort Lauderdale, FL 33306, United States",4.5,8,NEEDS_SITE_CHECK,window in name but service type unconfirmed,,name + review keyword filter
SOFLO IMPACT WINDOWS Yes,https://www.sofloimpactwindows.com/,sofloimpactwindows.com,Fort Lauderdale,FL,+1 754-223-3700,"2895 NE 32nd St Apt 210, Fort Lauderdale, FL 33306, United States",5,73,NEEDS_SITE_CHECK,window in name but service type unconfirmed,,name + review keyword filter
Gwyndow's Window Cleaning Yes,http://gwyndows.com/,gwyndows.com,Austin,TX,+1 512-444-1954,"2900 W Anderson Ln. STE C200-350, Austin, TX 78757, United States",4.9,658,NO,window cleaning/washing,high,name + review keyword filter
NT Window Inc. Yes,http://www.ntwindow.com/,ntwindow.com,Fort Worth,TX,+1 800-969-8830,"2900 W Seminary Dr, Fort Worth, TX 76133, United States",4.5,144,YES,Manufactures custom vinyl and aluminum windows for replacement and new construction; installation crews replace whole-home window sets,medium,verified last run (web search)
Integrity Window Replacement Austin Yes,,,Austin,TX,+1 512-737-2975,"2901 Medical Arts St Ste.108, Austin, TX 78705, United States",5,2,YES,name states window installation/replacement/doors,high,name + review keyword filter
Verde Builders Custom Homes Yes,https://verdebuildersaustin.com/?utm_source=google&utm_medium=local&utm_campaign=gbp,verdebuildersaustin.com,Austin,TX,+1 512-653-2522,"2931 E 12th St Suite 102, Austin, TX 78702, United States",4.9,45,NEEDS_SITE_CHECK,insufficient signal,,name + review keyword filter
NTX HANDYMAN & CONTRACTORS LLC Yes,,,Dallas,TX,+1 214-284-3115,"2934 N Bend Dr, Dallas, TX 75229, United States",5,57,NEEDS_SITE_CHECK,"glass shop or building contractor, window scope unknown",,name + review keyword filter
Window Nation Dallas Yes,https://www.windownation.com/locations/texas/grand-prairie?utm_code=CMP-08802-Y8W8G&utm_source=google&utm_medium=organic&utm_content=GMB_showroom,windownation.com,Grand Prairie,TX,+1 972-332-5412,"2940 N Hwy 360 #300, Grand Prairie, TX 75050, United States",4.7,1057,YES,Replacement windows and doors with professional installation; national installer with Grand Prairie showroom,high,verified last run (web search)
Florida Impactpro Windows and Doors LLC Yes,https://floridaimpactpro.com/,floridaimpactpro.com,Fort Lauderdale,FL,+1 954-758-9465,"2974 Griffin Rd Ste 5, Fort Lauderdale, FL 33312, United States",4.8,59,YES,name states window installation/replacement/doors,high,name + review keyword filter
FX Remodeling & Exteriors Yes,http://sidingcontractordallastx.com/,sidingcontractordallastx.com,Dallas,TX,+1 469-351-4775,"3000 W Commerce St, Dallas, TX 75212, United States",4.3,437,NEEDS_SITE_CHECK,insufficient signal,,name + review keyword filter
Capital State Remodel Yes,https://www.capitalstate.net/,capitalstate.net,Austin,TX,+1 512-584-6649,"3006 Crosscreek Dr, Austin, TX 78757, United States",5,29,NEEDS_SITE_CHECK,"glass shop or building contractor, window scope unknown",,name + review keyword filter
Specialty Exterior Works Yes,http://specialtyexteriorworks.com/,specialtyexteriorworks.com,Austin,TX,+1 512-400-3478,"3008 Salvidar Bend, Austin, TX 78728, United States",4.9,55,NEEDS_SITE_CHECK,"glass shop or building contractor, window scope unknown",,name + review keyword filter
m1 auto glass Yes,https://streetviewpixels-pa.googleapis.com/v1/thumbnail?panoid=YmYSdf3GbjyKBzdD0OXxDw&cb_client=search.gws-prod.gps&w=408&h=240&yaw=230.63695&pitch=0&thumbfov=100,streetviewpixels-pa.googleapis.com,Dallas,TX,+1 214-463-0709,"301 S Carroll Ave, Dallas, TX 75226, United States",,,NEEDS_SITE_CHECK,"auto-glass name, but may also do building glass — must verify",,name + review keyword filter
Home Window Guy Yes,https://adamsexteriors.com/,adamsexteriors.com,Dallas,TX,+1 214-349-7283,"3010 Lyndon B Johnson Fwy, Dallas, TX 75234, United States",4.3,12,YES,"Energy-efficient vinyl replacement window supply and installation (Pella, Andersen, Simonton, Alside, Don Young); also siding and roofing",high,verified last run (web search)
Texas Audio Car Stereo & Security Yes,https://www.texasaudio.com/,texasaudio.com,Garland,TX,+1 972-864-2114,"3035 S Shiloh Rd #135, Garland, TX 75041, United States",4.9,662,NO,"Mobile/automotive audio, video, security and window tint installer",high,verified last run (web search)
Clear Innovations Yes,https://clear-innovate.com/,clear-innovate.com,Leander,TX,+1 512-337-7272,"304 Hazelwood St #1, Leander, TX 78641, United States",5,14,YES,review explicitly describes window install/replacement,high,name + review keyword filter
Allies Roofing and Construction LLC Yes,https://alliesrc.com/,alliesrc.com,Austin,TX,+1 512-504-7405,"305 E Huntland Dr #610, Austin, TX 78752, United States",4.9,69,NEEDS_SITE_CHECK,"glass shop or building contractor, window scope unknown",,name + review keyword filter
Glass America - Auto Glass & Windshield Replacement Yes,https://glassusa.com/locations/tx/?utm_source=google_gbp&utm_medium=organic&utm_campaign=local&utm_content=austin_tx,glassusa.com,Austin,TX,+1 512-270-6579,"306 E 6th St, Austin, TX 78701, United States",4.6,27,NO,National auto glass replacement and repair chain,high,verified last run (web search)
Empire Sound & Security Car audio / Window tinting Yes,http://www.empiresoundandsecurity.com/,empiresoundandsecurity.com,Dallas,TX,+1 972-406-8880,"3068 Forest Ln #219, Dallas, TX 75234, United States",4.7,294,NO,"Car audio, vehicle alarms/security and automotive window tint",high,verified last run (web search)
Better View Windows Installation Yes,,,Tamarac,FL,+1 754-336-5336,"3100-4661 W Commercial Blvd #173, Tamarac, FL 33309, United States",5,0,NEEDS_SITE_CHECK,window in name but service type unconfirmed,,name + review keyword filter
Budget Blinds of Austin & Hill Country Yes,https://www.budgetblinds.com/austin/,budgetblinds.com,Austin,TX,+1 512-593-5505,"3105 Scott Dr, Austin, TX 78734, United States",4.9,494,NO,blinds/shades/shutters/drapery (window treatments),high,name + review keyword filter
Legacy Windows LLC Yes,https://thelegacywindows.com/,thelegacywindows.com,Phoenix,AZ,+1 480-448-2098,"3106 W Thomas Rd #1107, Phoenix, AZ 85017, United States",4.1,37,YES,window in name + review describes window work,high,name + review keyword filter
Dave Windows & Doors Yes,https://streetviewpixels-pa.googleapis.com/v1/thumbnail?panoid=39MPlfD8oeTktvugffDu_w&cb_client=search.gws-prod.gps&w=408&h=240&yaw=347.97153&pitch=0&thumbfov=100,streetviewpixels-pa.googleapis.com,Fort Lauderdale,FL,+1 786-947-5050,"3107 Stirling Rd #205, Fort Lauderdale, FL 33312, United States",,,YES,name states window installation/replacement/doors,high,name + review keyword filter
Galaxy Design Yes,https://www.galaxy-design.com/,galaxy-design.com,Dallas,TX,+1 866-215-3173,"3121 Main St #310, Dallas, TX 75226, United States",5,6,NO,Luxury custom draperies and window treatments,high,verified last run (web search)
Glass Solution LLC Yes,,,Dallas,TX,+1 469-329-9481,"3136 O Bannon Dr, Dallas, TX 75224, United States",5,501,NEEDS_SITE_CHECK,"glass shop or building contractor, window scope unknown",,name + review keyword filter
Spoiled Luxuries Yes,https://www.spoiledluxuries.com/,spoiledluxuries.com,Dallas,TX,+1 214-210-7402,"3141 Irving Blvd Ste 210, Dallas, TX 75247, United States",5,45,NO,"Automotive paint protection film, ceramic coating and vehicle window tint",high,verified last run (web search)
WindowWall of Ft. Lauderdale Yes,https://windowwallfl.com/,windowwallfl.com,Fort Lauderdale,FL,+1 954-945-8212,"3150 Prospect Rd Ste 350, Fort Lauderdale, FL 33309, United States",4.9,72,YES,window in name + review describes window work,high,name + review keyword filter
South Florida Windows & Doors Yes,http://myflwindows.com/?utm_source=google&utm_medium=organic&utm_campaign=gbp_pompano_beach_fl,myflwindows.com,Pompano Beach,FL,+1 954-957-9763,"3195 N Powerline Rd Ste 112, Pompano Beach, FL 33069, United States",4.7,152,YES,name states window installation/replacement/doors,high,name + review keyword filter
Attila Auto Glass Yes,https://autoglassserviceaustin.com/,autoglassserviceaustin.com,Austin,TX,+1 737-510-2169,"3201 Century Park Blvd, Austin, TX 78727, United States",5,11,NEEDS_SITE_CHECK,"auto-glass name, but may also do building glass — must verify",,name + review keyword filter
Alpha Glass & Mirror Yes,http://www.alphaautoglass.com/,alphaautoglass.com,Fort Lauderdale,FL,+1 954-564-6610,"3201 NE 2nd Ave, Fort Lauderdale, FL 33334, United States",4.8,180,NEEDS_SITE_CHECK,"glass shop or building contractor, window scope unknown",,name + review keyword filter
Sidingrepairservicecentral austin Yes,https://streetviewpixels-pa.googleapis.com/v1/thumbnail?panoid=JfK_cWlkfEUOlnJRxuY-oA&cb_client=search.gws-prod.gps&w=408&h=240&yaw=305.5245&pitch=0&thumbfov=100,streetviewpixels-pa.googleapis.com,Austin,TX,+1 839-318-8537,"3204 Tom Green St, Austin, TX 78705, United States",,,NEEDS_SITE_CHECK,insufficient signal,,name + review keyword filter
Draven Roofing + Construction Yes,https://dravenconstruction.com/,dravenconstruction.com,Austin,TX,+1 682-200-9019,"321 Bright Sky Dr, Austin, TX 78737, United States",0,0,NEEDS_SITE_CHECK,"glass shop or building contractor, window scope unknown",,name + review keyword filter
Premium Roofing Solutions LLC Yes,https://premiumroofsllc.com/?utm_source=google&utm_medium=organic&utm_campaign=GMB,premiumroofsllc.com,Rockford,IL,+1 815-296-1306,"321 W State St #201, Rockford, IL 61101, United States",5,81,NEEDS_SITE_CHECK,"glass shop or building contractor, window scope unknown",,name + review keyword filter
Crystalia Glass Yes,https://crystaliaglass.com/,crystaliaglass.com,Farmers Branch,TX,+1 718-690-0258,"3214 Belt Line Rd Suite 458, Farmers Branch, TX 75234, United States",4.9,94,YES,"Double glazing, glass installation, curtain walls and storefronts — designed and installed",high,verified last run (web search)
The Window Source of DFW Yes,https://www.windowsourcedfw.com/,windowsourcedfw.com,Carrollton,TX,+1 469-655-9148,"3216 Commander Dr Ste 101, Carrollton, TX 75006, United States",5,153,YES,"Custom-fit, locally manufactured replacement windows plus exterior and sliding door replacement",high,verified last run (web search)
Vista Windows and Doors Yes,https://www.vistawindowsaz.com/,vistawindowsaz.com,Chandler,AZ,+1 480-744-2884,"3225 N Arizona Ave Ste C13, Chandler, AZ 85225, United States",5,51,YES,name states window installation/replacement/doors,high,name + review keyword filter
AARON AUTO GLASS ROCKFORD Yes,http://www.aaronglass.com/rockford?utm_source=google&utm_medium=wix_google_business_profile&utm_campaign=6738074601005883374,aaronglass.com,Rockford,IL,+1 815-967-6000,"3227 Auburn St, Rockford, IL 61101, United States",4.9,1758,NEEDS_SITE_CHECK,"auto-glass name, but may also do building glass — must verify",,name + review keyword filter
JJ's Window Service Yes,http://www.jjswindowservice.com/,jjswindowservice.com,Carrollton,TX,+1 972-479-1302,"3235 Skylane Dr Apt 115, Carrollton, TX 75006, United States",3.7,59,YES,"Window replacement and fogged/failed insulated glass repair (broken glass, moisture between panes, broken seals)",high,verified last run (web search)
Window Rehab Yes,https://www.windowrehab.com/,windowrehab.com,Chandler,AZ,+1 602-546-3200,"3250 N Colorado St, Chandler, AZ 85225, United States",5,45,NEEDS_SITE_CHECK,window in name but service type unconfirmed,,name + review keyword filter
Advantage Roofing Company Yes,http://www.advantageroofingcompany.com/,advantageroofingcompany.com,Austin,TX,+1 512-633-7372,"3267 Bee Caves Rd, Austin, TX 78746, United States",5,25,NEEDS_SITE_CHECK,"glass shop or building contractor, window scope unknown",,name + review keyword filter
WCV Windows Yes,https://www.westcoastvinyl.com/about-us,westcoastvinyl.com,Phoenix,AZ,,"327 E Wildwood Dr, Phoenix, AZ 85048, United States",5,5065,NEEDS_SITE_CHECK,window in name but service type unconfirmed,,name + review keyword filter
Dr Sound Yes,http://www.windowtintinginfortlauderdalefl.com/,windowtintinginfortlauderdalefl.com,Fort Lauderdale,FL,+1 754-300-5193,"3291 W Sunrise Blvd, Fort Lauderdale, FL 33311, United States",4.8,2624,NEEDS_SITE_CHECK,insufficient signal,,name + review keyword filter
Shutter Guy Austin Yes,http://shutterguyaustin.com/,shutterguyaustin.com,Austin,TX,+1 512-608-3970,"330 Abbey Dr, Austin, TX 78737, United States",5,134,NO,blinds/shades/shutters/drapery (window treatments),high,name + review keyword filter
Habitat Haus Yes,https://habitathaus.com/,habitathaus.com,Austin,TX,+1 210-237-6328,"3300 Bee Caves Rd #650, Austin, TX 78746, United States",4.8,31,NEEDS_SITE_CHECK,insufficient signal,,name + review keyword filter
Twin Pro Roofers Yes,https://twinproroofers.com/,twinproroofers.com,West Lake Hills,TX,+1 512-831-7714,"3300 Bee Caves Rd, West Lake Hills, TX 78746, United States",5,0,NEEDS_SITE_CHECK,insufficient signal,,name + review keyword filter
Rise Renovation - Austin Yes,https://riserenovation.com/,riserenovation.com,Austin,TX,+1 737-205-6724,"3300 N Interstate Hwy 35 #700, Austin, TX 78705, United States",4.9,15,NEEDS_SITE_CHECK,insufficient signal,,name + review keyword filter
Attack-A-Crack Glass Specialist Yes,http://attackacrackglassspecialist.com/,attackacrackglassspecialist.com,Austin,TX,+1 512-995-2191,"3303 Peavy Dr, Austin, TX 78725, United States",4.8,44,NEEDS_SITE_CHECK,"glass shop or building contractor, window scope unknown",,name + review keyword filter
Factory Direct Windows Yes,https://www.factorydirectwindows.com/,factorydirectwindows.com,Chandler,AZ,+1 602-703-0131,"331 E Chilton Dr, Chandler, AZ 85225, United States",5,60,YES,window in name + review describes window work,high,name + review keyword filter
Godly Windows & Wash Co. Fort Lauderdale Yes,http://godlywindows.com/fort-lauderdale,godlywindows.com,Fort Lauderdale,FL,+1 954-852-5326,"3315 E Oakland Park Blvd #204, Fort Lauderdale, FL 33308, United States",5,90,NO,window cleaning/washing,high,name + review keyword filter
Florida Elite Glass Yes,https://fleliteglass.com/,fleliteglass.com,Fort Lauderdale,FL,+1 786-981-8455,"333 N New River Dr E, Fort Lauderdale, FL 33301, United States",4.6,13,NEEDS_SITE_CHECK,"glass shop or building contractor, window scope unknown",,name + review keyword filter
ASP Windows and Doors Yes,https://www.aspwindows.com/contact/doral-florida?utm_campaign=gmb,aspwindows.com,Doral,FL,+1 786-751-5389,"3400 NW 114th Ave, Doral, FL 33178, United States",4.8,945,YES,name states window installation/replacement/doors,high,name + review keyword filter
Prime Window Solutions Yes,https://primeshuttersllc.com/,primeshuttersllc.com,Plano,TX,+1 469-457-4049,"3400 Silverstone Dr Ste 174, Plano, TX 75023, United States",5,110,YES,window in name + review describes window work,high,name + review keyword filter
TXFirstRemodel Yes,https://txfirstremodel.com/,txfirstremodel.com,Dallas,TX,+1 888-469-0049,"3423 N Winnetka Ave, Dallas, TX 75212, United States",5,70,NEEDS_SITE_CHECK,insufficient signal,,name + review keyword filter
Sawgrass Windows and Doors Yes,http://sawgrasswindows.net/,sawgrasswindows.net,Lauderhill,FL,+1 954-742-7455,"3430 NW 16th St Bay 12, Lauderhill, FL 33311, United States",4.5,40,YES,name states window installation/replacement/doors,high,name + review keyword filter
Carefree Windows Yes,https://www.enjoytheviewnow.com/,enjoytheviewnow.com,Rockford,IL,+1 815-242-1822,"3442 Colony Bay Dr, Rockford, IL 61109, United States",4.8,88,NO,window cleaning/washing,high,name + review keyword filter
Bufalo Contracting Yes,http://www.bufalocontracting.com/,bufalocontracting.com,Rockford,IL,+1 779-368-0256,"3466 Colony Bay Dr, Rockford, IL 61109, United States",4.8,495,NEEDS_SITE_CHECK,insufficient signal,,name + review keyword filter
Electric Blinds and Shades Fort Lauderdale Yes,https://www.electricshadesftlauderdale.com/,electricshadesftlauderdale.com,Fort Lauderdale,FL,+1 954-900-7483,"347 N New River Dr E Ste 2500, Fort Lauderdale, FL 33301, United States",5,6,NO,blinds/shades/shutters/drapery (window treatments),high,name + review keyword filter
Clean Time Softwash Yes,,,Austin,TX,,"3500 Del Robles Dr, Austin, TX 78727, United States",5,80,NEEDS_SITE_CHECK,insufficient signal,,name + review keyword filter
Lake Travis Power Washing Yes,http://www.laketravispowerwashing.com/,laketravispowerwashing.com,Bee Cave,TX,+1 512-201-0327,"3501 Ranch Rd 620 S, Bee Cave, TX 78738, United States",5,40,NO,window cleaning/washing,high,name + review keyword filter
Tint on 7th st Yes,https://streetviewpixels-pa.googleapis.com/v1/thumbnail?panoid=vsSC6B7xZcH2zcKDOtlfhg&cb_client=search.gws-prod.gps&w=408&h=240&yaw=33.80517&pitch=0&thumbfov=100,streetviewpixels-pa.googleapis.com,Austin,TX,,"3508 E 7th St B, Austin, TX 78702, United States",,,NEEDS_SITE_CHECK,insufficient signal,,name + review keyword filter
Armadillo Auto Glass Yes,http://www.austinwindshieldreplacement.com/,austinwindshieldreplacement.com,Austin,TX,+1 512-554-2234,"3512 Guadalupe St, Austin, TX 78705, United States",4.8,111,NEEDS_SITE_CHECK,"auto-glass name, but may also do building glass — must verify",,name + review keyword filter
Gold Coast Windows and Doors Inc. Yes,http://www.goldcoastwindows.com/?utm_source=local&utm_medium=organic&utm_campaign=gmb,goldcoastwindows.com,Lauderdale Lakes,FL,+1 954-714-6800,"3517 NW 19th St, Lauderdale Lakes, FL 33311, United States",4.6,19,YES,name states window installation/replacement/doors,high,name + review keyword filter
Da Spot 214 LLC Yes,https://www.daspot214.com/,daspot214.com,Dallas,TX,,"3534 Beall St, Dallas, TX 75223, United States",4.8,136,NO,"Automotive window tinting, wraps and detailing",high,verified last run (web search)
Jimmy’s Windshield Repair Yes,https://streetviewpixels-pa.googleapis.com/v1/thumbnail?panoid=7tHhktu4zugdcYSLDj4LCQ&cb_client=search.gws-prod.gps&w=408&h=240&yaw=359.64224&pitch=0&thumbfov=100,streetviewpixels-pa.googleapis.com,Dallas,TX,+1 346-235-3106,"3550 E Overton Rd #1229, Dallas, TX 75216, United States",,,NO,"vehicle/automotive business, no glass or window signal",high,name + review keyword filter
Tito's Sound Yes,https://titossound.com/,titossound.com,Fort Lauderdale,FL,+1 954-709-9236,"3581 W Sunrise Blvd, Fort Lauderdale, FL 33311, United States",4.9,6305,NEEDS_SITE_CHECK,insufficient signal,,name + review keyword filter
United Built Homes Yes,https://www.ubh.com/design-center/austin-tx/?utm_source=google&utm_medium=organic&utm_campaign=google_business_profile_round_rock_tx&utm_content=website_button,ubh.com,Round Rock,TX,+1 512-252-1040,"3590 Greenlawn Blvd #100, Round Rock, TX 78681, United States",4.4,81,NEEDS_SITE_CHECK,insufficient signal,,name + review keyword filter
Reece Windows & Doors Yes,https://reecewindows.com/fort-lauderdale/,reecewindows.com,Fort Lauderdale,FL,+1 866-717-8582,"3590 NW 54th St, Fort Lauderdale, FL 33309, United States",4.5,248,YES,name states window installation/replacement/doors,high,name + review keyword filter
Stellar Energy Solutions LLC Yes,http://www.austinstellar.com/,austinstellar.com,Austin,TX,+1 512-261-4046,"36 Cypress Knee Ln, Austin, TX 78734, United States",4.6,11,NEEDS_SITE_CHECK,insufficient signal,,name + review keyword filter
QXO Yes,https://locations.qxo.com/TX/Austin/Austin-TX-78744-611?utm_source=Google+Business&utm_medium=gmb&utm_term=na&utm_content=-Austin-TX-611&utm_campaign=Locations,locations.qxo.com,Austin,TX,+1 512-672-0022,"3601 Silver Dollar Cir, Austin, TX 78744, United States",3.5,33,NEEDS_SITE_CHECK,insufficient signal,,name + review keyword filter
Grand Openings Luxury Windows & Doors - Dallas Yes,http://www.grandopenings.com/,grandopenings.com,Dallas,TX,+1 214-956-7700,"3605 Inwood Rd, Dallas, TX 75209, United States",2.9,18,YES,"Custom/luxury window and door sales to homeowners, builders and architects (Kolbe, Marvin, Quaker, Western, LaCantina); showroom + field service on installed windows",medium,verified last run (web search)
AMC Windows & Screens Yes,http://amcwindows.com/,amcwindows.com,Fort Lauderdale,FL,+1 954-584-7171,"3608 W Broward Blvd, Fort Lauderdale, FL 33312, United States",3.8,39,NEEDS_SITE_CHECK,window in name but service type unconfirmed,,name + review keyword filter
A & M Remodel and Construction Yes,,,Dallas,TX,+1 972-809-3528,"3619 Brandon St, Dallas, TX 75211, United States",4.4,7,NEEDS_SITE_CHECK,"glass shop or building contractor, window scope unknown",,name + review keyword filter
Wyndoorco Yes,https://wyndoorco.com/,wyndoorco.com,Dallas,TX,+1 972-922-3578,"3626 N Hall St Ste 610, Dallas, TX 75219, United States",5,18,YES,"New and retrofit window installation (remove/replace), doors, moving glass walls",high,verified last run (web search)
Shine of Westlake and Downtown Austin Yes,https://shine-windowcleaning.com/location/westlake/?utm_source=GMB&utm_medium=organic&utm_campaign=Westlake,shine-windowcleaning.com,Austin,TX,+1 512-757-1157,"3636 Bee Caves Rd Suite 315, Austin, TX 78746, United States",5,381,NO,"Window cleaning, pressure washing, gutter cleaning, holiday lighting franchise",high,verified last run (web search)
Top A1 Contracting Yes,http://topa1contracting.com/,topa1contracting.com,Rockford,IL,+1 833-867-2100,"3701 E State St Unit G, Rockford, IL 61108, United States",4.7,73,NEEDS_SITE_CHECK,insufficient signal,,name + review keyword filter
Specialty Automotive Treatments Yes,http://satreatments.com/,satreatments.com,Tamarac,FL,+1 954-728-1234,"3705 W Commercial Blvd, Tamarac, FL 33309, United States",4.5,194,NO,"vehicle/automotive business, no glass or window signal",high,name + review keyword filter
Precision Garage Door of Austin (Dripping Springs) Yes,https://precisiondooraustin.com/?utm_source=gmb&utm_medium=location_drippingsprings&utm_campaign=website,precisiondooraustin.com,Dripping Springs,TX,+1 737-212-9799,"3707 US-290 #6, Dripping Springs, TX 78620, United States",4.9,500,NO,"unrelated trade, no window signal",high,name + review keyword filter
The Window Source of Miami Yes,https://windowsourcemiami.com/?utm_campaign=gmb,windowsourcemiami.com,Lauderhill,FL,+1 754-254-0150,"3708 NW 16th St, Lauderhill, FL 33311, United States",5,28,YES,name states window installation/replacement/doors,high,name + review keyword filter
Tex Land Construction LLC Yes,https://www.texlandconstruction.com/siding/siding-replacement-austin-tx/?utm_source=google&utm_medium=organic&ut%20m_campaign=gbp,texlandconstruction.com,Austin,TX,+1 512-910-7852,"3709 Promontory Point Dr, Austin, TX 78744, United States",4.9,93,NEEDS_SITE_CHECK,"glass shop or building contractor, window scope unknown",,name + review keyword filter
Discount construction Materials Yes,,,Dallas,TX,+1 214-638-8786,"3711 Singleton Blvd, Dallas, TX 75212, United States",4.1,286,NEEDS_SITE_CHECK,"glass shop or building contractor, window scope unknown",,name + review keyword filter
Bangor Window Works Yes,https://hometrendyquote.com/,hometrendyquote.com,Dallas,TX,+1 254-489-8666,"3712 S Malcolm X Blvd, Dallas, TX 75215, United States",0,0,NO,"Multi-vertical home-services quote / lead-generation site (HVAC, pest control, solar, kitchen remodel, home warranty, porta potty rentals)",medium,verified last run (web search)
VZ auto glass Yes,https://www.facebook.com/share/1BuZmxvmHM/,facebook.com,Balch Springs,TX,+1 469-279-6262,"3717 Woodbury Rd, Balch Springs, TX 75180, United States",5,150,YES,Stocks windows and provides framing and installation services including window and door installations,medium,verified last run (web search)
Dot Exterior Cleaning Yes,https://dotexteriorcleaning.jobbersites.com/,dotexteriorcleaning.jobbersites.com,Rockford,IL,+1 815-323-2156,"3775 Modesto Dr, Rockford, IL 61114, United States",4.9,65,NEEDS_SITE_CHECK,"glass shop or building contractor, window scope unknown",,name + review keyword filter
Lazarus Remodel Yes,https://lazarusremodel.com/,lazarusremodel.com,Manchaca,TX,+1 512-550-5518,"3800 Bliss Spillar Rd, Manchaca, TX 78652, United States",5,17,NEEDS_SITE_CHECK,"glass shop or building contractor, window scope unknown",,name + review keyword filter
Renuity Home Improvement of South Florida Yes,https://renuityhome.com/florida/fort-lauderdale-fl/?utm_source=gmb&utm_medium=Yext&y_source=1_NjY1MDE4ODgtNzE1LWxvY2F0aW9uLndlYnNpdGU%3D,renuityhome.com,Fort Lauderdale,FL,+1 954-932-4667,"3801 SW 30th Ave, Fort Lauderdale, FL 33312, United States",4.5,3962,NEEDS_SITE_CHECK,"glass shop or building contractor, window scope unknown",,name + review keyword filter
Diamond Customs ATX - Auto Accessories & Suspension Lift Specialist Yes,,,Austin,TX,+1 512-757-7719,"3802 Houston St, Austin, TX 78734, United States",5,31,NEEDS_SITE_CHECK,insufficient signal,,name + review keyword filter
Window Nation Austin Yes,https://www.windownation.com/locations/texas/san-marcos?utm_code=CMP-08802-Y8W8G&utm_source=google&utm_medium=organic&utm_content=GMB_showroom,windownation.com,Pflugerville,TX,+1 512-360-0899,"3813A Helios Way, Pflugerville, TX 78660, United States",4.6,168,YES,Replacement windows and doors with professional installation; national installer with Grand Prairie showroom,high,verified last run (web search)
Superior Showers Yes,http://www.superiorshowers.com/,superiorshowers.com,Tamarac,FL,+1 561-914-5277,"3819 NW 49th St, Tamarac, FL 33309, United States",4.6,444,NEEDS_SITE_CHECK,insufficient signal,,name + review keyword filter
American Windshield West Lake Yes,https://www.americaswindshield.com/stores/west-lake-hills-tx,americaswindshield.com,Austin,TX,+1 512-710-2062,"3825 Bee Caves Rd, Austin, TX 78746, United States",1,3356,NO,"vehicle/automotive business, no glass or window signal",high,name + review keyword filter
WETINT WINDOWS Yes,https://www.wetintwindows.net/,wetintwindows.net,Dallas,TX,+1 214-225-0509,"3880 W Ledbetter Dr, Dallas, TX 75233, United States",4.7,4725,NO,Window tinting shop,medium,verified last run (web search)
Custom Sounds & Tint - Fiesta Yes,https://www.customsounds.com/locations/3909-ih35-austin-tx-78722,customsounds.com,Austin,TX,+1 512-910-4877,"3909 N Interstate Hwy 35, Austin, TX 78722, United States",4.4,116,NEEDS_SITE_CHECK,insufficient signal,,name + review keyword filter
Panoramic Doors - Austin Yes,https://panoramicdoors.com/showrooms/austin-tx/,panoramicdoors.com,Austin,TX,+1 210-239-7576,"3913 Todd Ln Ste 303, Austin, TX 78744, United States",3.8,6,YES,"Manufactures and sells panoramic wide-panel windows and glass wall systems for homes and businesses, sold direct to end customers",medium,verified last run (web search)
Shading Texas Yes,https://www.shadingtexas.com/?utm_source=localfx&utm_medium=organic&utm_campaign=gbp,shadingtexas.com,Austin,TX,+1 512-264-1500,"3913 Todd Ln Suite 312, Austin, TX 78744, United States",5,144,NEEDS_SITE_CHECK,insufficient signal,,name + review keyword filter
City Sign Services Inc Yes,https://www.citysignservices.com/,citysignservices.com,Dallas,TX,+1 469-923-2091,"3914 Elm St, Dallas, TX 75226, United States",4.9,43,NO,"unrelated trade, no window signal",high,name + review keyword filter
1st Choice Energy Yes,http://www.1stchoiceenergy.com/,1stchoiceenergy.com,Austin,TX,+1 512-345-0956,"3915 Becker Ave, Austin, TX 78751, United States",4.9,65,NEEDS_SITE_CHECK,insufficient signal,,name + review keyword filter
Titan Armor-Coat Exteriors Yes,http://www.asktitangroup.com/,asktitangroup.com,Rockford,IL,+1 815-323-5976,"3924 N Alpine Rd, Rockford, IL 61114, United States",3.6,26,NEEDS_SITE_CHECK,insufficient signal,,name + review keyword filter
Expert Electronics Yes,,,Rockford,IL,+1 779-423-0383,"3940 Broadway, Rockford, IL 61108, United States",4.6,194,NEEDS_SITE_CHECK,insufficient signal,,name + review keyword filter
Optic-Kleer Auto Glass Yes,https://www.optic-kleer.com/southaustin,optic-kleer.com,Dripping Springs,TX,+1 832-740-3695,"3994 US-290, Dripping Springs, TX 78620, United States",5,111,NEEDS_SITE_CHECK,"auto-glass name, but may also do building glass — must verify",,name + review keyword filter
DaBella Yes,https://dabella.us/location/austin/?utm_source=GBP&utm_medium=link&utm_campaign=austinGBP&utm_id=Google+Business+Profile+Clicks,dabella.us,Austin,TX,+1 512-402-3655,"400 E Anderson Ln, Austin, TX 78752, United States",4.6,529,NEEDS_SITE_CHECK,insufficient signal,,name + review keyword filter
Town & Country Industries Yes,https://www.tc-alum.com/location/fort-lauderdale-FL-33309-2144/,tc-alum.com,Fort Lauderdale,FL,+1 954-970-9999,"400 W McNab Rd, Fort Lauderdale, FL 33309, United States",4.3,97,NEEDS_SITE_CHECK,insufficient signal,,name + review keyword filter
Noble Windows and Doors Yes,https://noblewindowsanddoors.com/window-installation-phoenix-arizona/,noblewindowsanddoors.com,Phoenix,AZ,+1 623-810-3460,"4001 E Broadway Rd Unit B-11, Phoenix, AZ 85040, United States",5,118,YES,name states window installation/replacement/doors,high,name + review keyword filter
Universal Door Repair Yes,https://universaldoorrepair.co/,universaldoorrepair.co,Dallas,TX,+1 214-529-3594,"4001 N Westmoreland Rd, Dallas, TX 75212, United States",5,0,YES,Aluminum & glass storefront repair and glass replacement on commercial buildings,medium,verified last run (web search)
Kir Remodeling Yes,https://kirremodeling.com/,kirremodeling.com,Round Rock,TX,+1 512-850-4075,"4002 Springwillow Ln, Round Rock, TX 78681, United States",5,16,NEEDS_SITE_CHECK,insufficient signal,,name + review keyword filter
Dripping Springs Foundation Repair Company Yes,https://drippingspringsfoundationrepaircompany.com/,drippingspringsfoundationrepaircompany.com,Dripping Springs,TX,+1 512-883-7253,"4002 US-290 Unit a7, Dripping Springs, TX 78620, United States",5,16,NEEDS_SITE_CHECK,insufficient signal,,name + review keyword filter
Highline Building Supplies | Windows | Doors | Flooring | Roofing | Kitchen | Builders Source | Commercial Doors | Trims Yes,https://www.highlinesupplies.com/?utm_source=google&utm_medium=gbp&utm_campaign=business_profile,highlinesupplies.com,Garland,TX,+1 214-718-0488,"4002 W Miller Rd STE# 100 & 120, Garland, TX 75041, United States",4.9,871,YES,"Supplies and installs windows (interior/exterior commercial doors and windows) for builders, contractors and homeowners",high,verified last run (web search)
Small House Solutions Yes,https://buyasmallhouse.com/,buyasmallhouse.com,Austin,TX,+1 512-696-7684,"4005 W Parmer Ln, Austin, TX 78727, United States",4.7,75,NEEDS_SITE_CHECK,insufficient signal,,name + review keyword filter
Discount Electronics - North Austin Yes,https://www.discountelectronics.com/,discountelectronics.com,Austin,TX,+1 512-983-9989,"4005 W Parmer Ln, Austin, TX 78727, United States",4.7,2295,NEEDS_SITE_CHECK,insufficient signal,,name + review keyword filter
Pink's Windows Austin Yes,https://www.pinkswindows.com/austin,pinkswindows.com,Austin,TX,+1 512-766-1976,"4008 N Lamar Blvd, Austin, TX 78756, United States",4.9,496,NO,Window cleaning and pressure washing,high,verified last run (web search)
Heritage Handyman LLC Yes,http://www.heritagehandyman.co/,heritagehandyman.co,Austin,TX,+1 512-373-8686,"401 Woodward St, Austin, TX 78704, United States",5,49,NEEDS_SITE_CHECK,"glass shop or building contractor, window scope unknown",,name + review keyword filter
Local Door & Glass LLC Yes,http://localdoorglass.com/,localdoorglass.com,Phoenix,AZ,+1 480-709-6772,"4012 E Broadway Rd #309, Phoenix, AZ 85040, United States",5,16,NEEDS_SITE_CHECK,"glass shop or building contractor, window scope unknown",,name + review keyword filter
Budget Blinds of East Fort Lauderdale & Boca Yes,https://www.budgetblinds.com/EastFortLauderdale/?utm_source=gbp&utm_medium=listing&utm_campaign=lam-listing-gbp-sf,budgetblinds.com,Oakland Park,FL,+1 954-636-8222,"4013 NE 6th Ave, Oakland Park, FL 33334, United States",4.9,209,NO,blinds/shades/shutters/drapery (window treatments),high,name + review keyword filter
CG&S Design-Build Yes,http://www.cgsdb.com/,cgsdb.com,Austin,TX,+1 512-444-1580,"402 Corral Ln, Austin, TX 78745, United States",4.8,58,NEEDS_SITE_CHECK,insufficient signal,,name + review keyword filter
Glass Enhancements Yes,http://glassenhancements.com/,glassenhancements.com,Loves Park,IL,+1 815-296-1206,"4020 McFarland Rd, Loves Park, IL 61111, United States",4.6,42,NEEDS_SITE_CHECK,"glass shop or building contractor, window scope unknown",,name + review keyword filter
KJ&M Glass Works Yes,https://dfwwindowrepairservice.com/contact/,dfwwindowrepairservice.com,Dallas,TX,+1 214-994-2580,"4022 Altoona Dr, Dallas, TX 75233, United States",4.9,57,YES,"Window glass repair and replacement — single and double pane insulated glass, low-E, tempered; full window replacement; also insect/solar screens",high,verified last run (web search)
MIW Roofing Yes,https://miwroofing.com/,miwroofing.com,Oakland Park,FL,+1 954-634-3838,"404 NE 38th St, Oakland Park, FL 33334, United States",5,404,YES,review explicitly describes window install/replacement,high,name + review keyword filter
Keenan Window & Door Yes,https://www.keenanwindow.com/,keenanwindow.com,Oakland Park,FL,+1 954-563-4900,"4050 NE 5th Terrace, Oakland Park, FL 33334, United States",4.7,82,YES,name states window installation/replacement/doors,high,name + review keyword filter
XPEL South Austin Yes,http://www.xpel.com/,xpel.com,Austin,TX,+1 512-254-2271,"407 Radam Ln Bldg c, Austin, TX 78745, United States",5,59,NEEDS_SITE_CHECK,insufficient signal,,name + review keyword filter
Fonte Windows And Doors Yes,http://fonteimpactwindows.com/,fonteimpactwindows.com,Oakland Park,FL,+1 954-900-2344,"4076 NE 8th Ave, Oakland Park, FL 33334, United States",4.9,74,YES,name states window installation/replacement/doors,high,name + review keyword filter
Adams Exteriors Yes,http://www.adamsexteriors.com/homewindowguy/,adamsexteriors.com,Dallas,TX,+1 214-349-7283,"410 S Willomet Ave, Dallas, TX 75208, United States",5,2,YES,"Energy-efficient vinyl replacement window supply and installation (Pella, Andersen, Simonton, Alside, Don Young); also siding and roofing",high,verified last run (web search)
Ja-Mar Roofing & Sheet Metal - Austin Yes,https://jamarroofing.com/?utm_source=google&utm_medium=gbp&utm_campaign=Austin,jamarroofing.com,Austin,TX,+1 512-441-8437,"4101 Parkstone Heights Dr Ste 250, Austin, TX 78746, United States",4.9,668,NEEDS_SITE_CHECK,"glass shop or building contractor, window scope unknown",,name + review keyword filter
Stone Systems of Central Texas Yes,https://www.stone-systems.com/about-us/?utm_source=G&utm_medium=Local&utm_campaign=Google-Local,stone-systems.com,Austin,TX,+1 512-295-2950,"4101 Smith School Rd Ste #200 Bld. 2, Suite 100, Austin, TX 78744, United States",2.8,74,NEEDS_SITE_CHECK,insufficient signal,,name + review keyword filter
Portella Steel Doors & Windows - Austin Yes,https://portella.com/,portella.com,Austin,TX,+1 512-263-8851,"4111 Todd Ln Ste 1000, Austin, TX 78744, United States",4.1,9,NEEDS_SITE_CHECK,window in name but service type unconfirmed,,name + review keyword filter
ABC Blind & Drapery ATX LLC Yes,https://www.abcblind.com/,abcblind.com,Austin,TX,+1 512-459-6561,"4115 Freidrich Ln Suite 200, Austin, TX 78744, United States",4.9,247,NO,blinds/shades/shutters/drapery (window treatments),high,name + review keyword filter
Prestige Steel Doors and Windows Yes,http://www.prestigedoorsandwindows.com/,prestigedoorsandwindows.com,Austin,TX,+1 512-666-9676,"4125 Todd Ln A, Austin, TX 78744, United States",4.6,113,NEEDS_SITE_CHECK,window in name but service type unconfirmed,,name + review keyword filter
KobyCo Door & Window Yes,https://www.kobycowindow.com/?utm_campaign=gmb,kobycowindow.com,Loves Park,IL,+1 815-270-5484,"4131 N Perryville Rd, Loves Park, IL 61111, United States",4.7,170,NEEDS_SITE_CHECK,window in name but service type unconfirmed,,name + review keyword filter
Lifetime Home Remodeling Yes,http://www.lifetimewindows.com/,lifetimewindows.com,Phoenix,AZ,+1 480-550-9993,"4141 S 36th St, Phoenix, AZ 85040, United States",4.8,1049,NEEDS_SITE_CHECK,insufficient signal,,name + review keyword filter
New Image Autosports Yes,https://newimageautosports.com/service-areas/dallas-carroll-ave-tx/,newimageautosports.com,Dallas,TX,+1 214-827-6000,"415 S Carroll Ave, Dallas, TX 75223, United States",4.9,684,NO,"Car audio, vehicle electronics and automotive window film",high,verified last run (web search)
Warner Roofing & Restoration Yes,https://www.warnerroofdog.com/,warnerroofdog.com,Rockford,IL,+1 815-877-7663,"417 S Winnebago St, Rockford, IL 61102, United States",4.8,222,NEEDS_SITE_CHECK,"glass shop or building contractor, window scope unknown",,name + review keyword filter
Eurotech Windows Yes,http://etiwindows.com/,etiwindows.com,Oakland Park,FL,+1 954-630-9967,"4201 NE 12th Terrace, Oakland Park, FL 33334, United States",4.6,56,NEEDS_SITE_CHECK,window in name but service type unconfirmed,,name + review keyword filter
Austin Window Tint Yes,http://www.austinwindowtint.net/,austinwindowtint.net,Austin,TX,+1 512-554-7276,"4208 S 1st St, Austin, TX 78745, United States",4.7,193,NO,window tint/film only,high,name + review keyword filter
BUENAVISTA WINDOWS Yes,https://www.buenavistawindows.net/,buenavistawindows.net,Dallas,TX,+1 469-805-8098,"4215 McEwen Rd, Dallas, TX 75244, United States",4.9,8,YES,window in name + review describes window work,high,name + review keyword filter
Auto Glass Shop Yes,https://autoglass-shop.com/,autoglass-shop.com,Dallas,TX,+1 214-245-6293,"4215 Parry Ave, Dallas, TX 75223, United States",4.4,126,NO,Auto glass repair shop,medium,verified last run (web search)
AAA Countertops Yes,http://aaacountertops.com/,aaacountertops.com,Austin,TX,+1 512-243-6821,"4216 Felter Ln, Austin, TX 78744, United States",4.9,242,NEEDS_SITE_CHECK,insufficient signal,,name + review keyword filter
On Time Mobile Car Detailing of Hudson Bend - TX Yes,https://ontimemobilecardetailingatx.com/hudson-bend,ontimemobilecardetailingatx.com,Austin,TX,+1 737-205-1324,"4221 Ranch Rd 620 N, Austin, TX 78734, United States",5,12,NEEDS_SITE_CHECK,insufficient signal,,name + review keyword filter
Holloway's Custom Upholstery Yes,http://www.hollowayscustomupholstery.com/,hollowayscustomupholstery.com,Dallas,TX,+1 214-823-5888,"4221 Ross Ave, Dallas, TX 75204, United States",4.7,50,NO,"unrelated trade, no window signal",high,name + review keyword filter
Binswanger Glass Yes,https://www.binswangerglass.com/branch/dallas-tx-4222-harry-hines-blvd/,binswangerglass.com,Dallas,TX,+1 214-520-6583,"4222 Harry Hines Blvd, Dallas, TX 75219, United States",3.9,87,YES,"Residential window glass repair and replacement incl. foggy insulated-glass (IG) units; commercial storefronts, curtain wall, entrance systems and glass partitions",high,verified last run (web search)
Performance Windows Dallas Yes,http://goperformancewindows.com/,goperformancewindows.com,Irving,TX,+1 817-803-5965,"4225 Wingren Dr Ste 215, Irving, TX 75062, United States",4.8,300,YES,Residential replacement window installation,high,verified last run (web search)
Dixie Tint Pros Yes,http://www.dixietintpros.com/?utm_campaign=gmb,dixietintpros.com,Austin,TX,+1 512-574-1350,"4229 N FM 620 #301, Austin, TX 78734, United States",5,193,NEEDS_SITE_CHECK,insufficient signal,,name + review keyword filter
GT Wraps & PPF Yes,http://gtwraps.com/,gtwraps.com,Austin,TX,+1 512-785-9361,"4229 N FM 620 Suite 215, Austin, TX 78734, United States",4.8,51,NO,"vehicle/automotive business, no glass or window signal",high,name + review keyword filter
G1 Window Tinting at Xspace Yes,http://www.g1windowtinting.com/,g1windowtinting.com,Austin,TX,+1 512-789-5068,"4229 Ranch Rd 620 N Ste 128, Austin, TX 78734, United States",5,147,NO,window tint/film only,high,name + review keyword filter
City Wide Building Services Yes,https://citywidebuildingservices.com/,citywidebuildingservices.com,Dallas,TX,+1 214-358-4547,"425 W Mockingbird Ln, Dallas, TX 75247, United States",4.6,45,NO,Commercial building maintenance / high-rise window cleaning,high,verified last run (web search)
Vico Windows Inc Yes,http://www.vicowindows.com/,vicowindows.com,Oakland Park,FL,+1 954-563-5686,"4275 NE 6th Ave, Oakland Park, FL 33334, United States",4.3,61,YES,window in name + review describes window work,high,name + review keyword filter
Steiner Ranch Siding Experts Yes,https://steinerranchsidingexperts.com/,steinerranchsidingexperts.com,Austin,TX,+1 512-580-8084,"4300 N Quinlan Park Rd #105, Austin, TX 78732, United States",5,2,NEEDS_SITE_CHECK,"glass shop or building contractor, window scope unknown",,name + review keyword filter
Pella Window and Door Office/Warehouse of Rockford Yes,https://www.pella.com/locations/chicago/?utm_source=organic&utm_medium=web&utm_campaign=gbp,pella.com,Rockford,IL,,"4301 11th St, Rockford, IL 61109, United States",4.6,728,YES,Replacement window and door sales and installation,high,verified last run (web search)
ATX Lighting LLC Yes,http://atxlighting.com/,atxlighting.com,Austin,TX,+1 512-537-4442,"4306 N Quinlan Park Rd, Austin, TX 78732, United States",4.6,120,NEEDS_SITE_CHECK,insufficient signal,,name + review keyword filter
Uptown Auto Care Yes,,,Dallas,TX,+1 214-370-0376,"4307 Main St, Dallas, TX 75226, United States",5,7,NEEDS_SITE_CHECK,insufficient signal,,name + review keyword filter
The Shutter Store of Florida Inc Yes,http://shutterstoreonline.com/,shutterstoreonline.com,Oakland Park,FL,+1 954-932-2352,"4308 NE 5th Terrace, Oakland Park, FL 33334, United States",4.4,67,NO,blinds/shades/shutters/drapery (window treatments),high,name + review keyword filter
Open House Interiors Yes,https://www.ohifl.com/,ohifl.com,Fort Lauderdale,FL,+1 954-533-7445,"4312 N Federal Hwy, Fort Lauderdale, FL 33308, United States",3.4,31,NEEDS_SITE_CHECK,insufficient signal,,name + review keyword filter
Pro Wallpaper Hanger Yes,https://prowallpaperhanger.com/?utm_source=GMB&utm_id=GMB,prowallpaperhanger.com,Dallas,TX,+1 469-904-0674,"4315 S Lancaster Rd, Dallas, TX 75216, United States",5,19,NO,Wallpaper and wallcovering installation,high,verified last run (web search)
Silverback Windows Yes,https://www.silverbackwindows.com/,silverbackwindows.com,Dallas,TX,+1 469-388-5175,"4329 McKinney Ave #19, Dallas, TX 75205, United States",5,48,YES,Replacement windows (aluminum and vinyl) and doors,high,verified last run (web search)
Amazing Exteriors Yes,http://amazingexteriors.com/locations/dallas/,amazingexteriors.com,Farmers Branch,TX,+1 817-761-4113,"4343 Sigma Rd Suite 100, Farmers Branch, TX 75244, United States",4.6,244,YES,"Replacement windows (Marvin dealer/installer), entry doors, siding",high,verified last run (web search)
Glass USA Yes,http://www.glassusainc.com/,glassusainc.com,Oakland Park,FL,+1 954-561-9216,"4372 NE 11th Ave, Oakland Park, FL 33334, United States",4.6,66,NEEDS_SITE_CHECK,"glass shop or building contractor, window scope unknown",,name + review keyword filter
Texas Paint & Wallpaper Yes,http://www.texaspaint.com/,texaspaint.com,Dallas,TX,+1 214-824-4574,"4410 Ross Ave, Dallas, TX 75204, United States",4.6,99,NEEDS_SITE_CHECK,insufficient signal,,name + review keyword filter
WindowCraft Inc Yes,https://www.windowcraft.biz/,windowcraft.biz,Dallas,TX,+1 214-358-7110,"4412 W Lovers Ln, Dallas, TX 75209, United States",4.5,10,YES,"Custom wood, metal and vinyl windows and doors for new construction or replacement (Loewen dealer)",high,verified last run (web search)
Geek Window Cleaning Yes,https://geekwindowcleaning.com/locations/services-austin/,geekwindowcleaning.com,Austin,TX,+1 512-270-7555,"4413 Spicewood Springs Rd Ste 212, Austin, TX 78759, United States",4.9,32,NO,window cleaning/washing,high,name + review keyword filter
Window Depot USA of Dallas Yes,https://windowdepotdallas.com/,windowdepotdallas.com,Irving,TX,+1 214-399-9592,"4425 W Airport Fwy Ste 119, Irving, TX 75062, United States",4.8,205,YES,Replacement windows with in-house certified installation; siding and entry/patio doors,high,verified last run (web search)
Premier Truck Group Dallas Area Collision Center Yes,https://premiertruck.com/locations/premier-truck-group-dallas-area-collision-center,premiertruck.com,Dallas,TX,+1 214-261-2400,"4500 Langdon Rd, Dallas, TX 75241, United States",4.8,19,NO,Heavy-duty truck collision repair and service centre,high,verified last run (web search)
Texas Reliable Auto Glass Yes,https://texasreliableautoglass.com/,texasreliableautoglass.com,Austin,TX,+1 737-346-1350,"4500 Steiner Ranch Blvd #2405, Austin, TX 78732, United States",4.9,221,NEEDS_SITE_CHECK,"auto-glass name, but may also do building glass — must verify",,name + review keyword filter
Builders FirstSource Yes,https://www.bldr.com/contact/request-quote?utm_source=yext&utm_medium=listing&utm_campaign=requestquote&utm_content=AUSTTXYD,bldr.com,Austin,TX,+1 512-444-3172,"4501 Burleson Rd, Austin, TX 78744, United States",2.9,104,YES,review explicitly describes window install/replacement,high,name + review keyword filter
Ishtar auto glass Yes,https://ishtarautoglass.com/,ishtarautoglass.com,Austin,TX,+1 512-657-2995,"4508 Brandt Rd, Austin, TX 78744, United States",5,32,NEEDS_SITE_CHECK,"auto-glass name, but may also do building glass — must verify",,name + review keyword filter
Sidingrepairservicemueller Yes,https://streetviewpixels-pa.googleapis.com/v1/thumbnail?panoid=_olb6L_Efq7coWHafgXIJg&cb_client=search.gws-prod.gps&w=408&h=240&yaw=269.34293&pitch=0&thumbfov=100,streetviewpixels-pa.googleapis.com,Austin,TX,+1 864-701-3883,"4508 Kocurek St, Austin, TX 78723, United States",,,NEEDS_SITE_CHECK,insufficient signal,,name + review keyword filter
The Shade Store Yes,https://www.theshadestore.com/showrooms/texas/dallas?utm_source=google&utm_medium=organic&utm_content=dallas&utm_campaign=gmb-listing%C2%A0,theshadestore.com,Dallas,TX,+1 469-619-4942,"4516 McKinney Ave, Dallas, TX 75205, United States",4.2,47,NO,"National custom shades, blinds and drapery retailer",high,verified last run (web search)
Woodbridge Home Solutions Yes,https://www.woodbridgehomesolutions.com/service-area/dallas-tx/?utm_source=google&utm_medium=organic&utm_campaign=GMBListing-Dallas-TX,woodbridgehomesolutions.com,Dallas,TX,+1 855-907-4299,"4519 Sigma Rd, Dallas, TX 75244, United States",4.3,760,NEEDS_SITE_CHECK,insufficient signal,,name + review keyword filter
SkyGlass Yes,,,Austin,TX,+1 512-535-0172,"4528 Senda Ln, Austin, TX 78725, United States",5,3,NEEDS_SITE_CHECK,insufficient signal,,name + review keyword filter
Ultimate ATX LLC Yes,,,Austin,TX,+1 512-563-3683,"4534 Doss Rd, Austin, TX 78734, United States",4.4,36,NEEDS_SITE_CHECK,insufficient signal,,name + review keyword filter
Honest View Windows Yes,https://honestviewwindows.com/,honestviewwindows.com,Phoenix,AZ,+1 480-550-1195,"4539 N 22nd St #4554, Phoenix, AZ 85016, United States",5,65,NEEDS_SITE_CHECK,window in name but service type unconfirmed,,name + review keyword filter
Exotic Shades & Draperies Yes,https://www.exoticshades.com/?utm_source=listings&utm_medium=referral&utm_campaign=local,exoticshades.com,Fort Lauderdale,FL,+1 954-881-9331,"4539 Powerline Rd, Fort Lauderdale, FL 33309, United States",5,121,NO,blinds/shades/shutters/drapery (window treatments),high,name + review keyword filter
H&M Designs LLC Yes,https://hmdesignstx.com/,hmdesignstx.com,Dallas,TX,+1 469-989-3200,"4549 S Westmoreland Rd, Dallas, TX 75237, United States",5,41,NO,"Custom window coverings (blinds, shades, shutters)",high,verified last run (web search)
Maverick Windows Yes,http://www.maverickwindows.com/,maverickwindows.com,Addison,TX,+1 214-302-8541,"4552 Beltway Dr, Addison, TX 75001, United States",4.8,820,YES,"Energy-efficient replacement window installation (custom-made to existing openings), plus door replacement and siding",high,verified last run (web search)
K K ATX AUTO GLASS LLC Yes,,,Austin,TX,+1 918-886-5009,"4600 Elmont Dr, Austin, TX 78741, United States",5,16,NEEDS_SITE_CHECK,"auto-glass name, but may also do building glass — must verify",,name + review keyword filter
FlexPainters Yes,https://flexpainterstexas.com/,flexpainterstexas.com,Austin,TX,+1 512-487-7015,"4602 Everest Ln, Austin, TX 78727, United States",5,19,NEEDS_SITE_CHECK,insufficient signal,,name + review keyword filter
Icon Home Builders & Remodeling Yes,https://www.iconhomebuildersatx.com/,iconhomebuildersatx.com,Austin,TX,+1 512-777-0280,"4602 Everest Ln, Austin, TX 78727, United States",4.9,25,NEEDS_SITE_CHECK,insufficient signal,,name + review keyword filter
Green Contractors FL Yes,https://www.greencontractorsfl.com/,greencontractorsfl.com,Hollywood,FL,+1 786-519-0391,"4624 Hollywood Blvd #203, Hollywood, FL 33021, United States",5,46,NEEDS_SITE_CHECK,insufficient signal,,name + review keyword filter
Brunos Mirrors & Glass Inc Yes,https://www.brunosglass.com/,brunosglass.com,Fort Lauderdale,FL,+1 954-224-4254,"4638 NW 8th Terrace, Fort Lauderdale, FL 33309, United States",5,2,NEEDS_SITE_CHECK,"glass shop or building contractor, window scope unknown",,name + review keyword filter
Williams Windows Yes,,,Farmers Branch,TX,+1 817-944-6268,"4653 Nall Rd D5, Farmers Branch, TX 75244, United States",4.6,29,NEEDS_SITE_CHECK,window in name but service type unconfirmed,,name + review keyword filter
Johnson Energy Solutions Yes,http://www.impact-florida.com/,impact-florida.com,Oakland Park,FL,+1 954-214-1217,"4700 Powerline Rd, Oakland Park, FL 33309, United States",1,4656,NEEDS_SITE_CHECK,insufficient signal,,name + review keyword filter
Everest Roofing Yes,https://everestroofingil.com/,everestroofingil.com,Rockford,IL,+1 779-368-0826,"4701 Hydraulic Rd, Rockford, IL 61108, United States",4.8,79,NEEDS_SITE_CHECK,"glass shop or building contractor, window scope unknown",,name + review keyword filter
A Plus Sealants Yes,http://www.aplussealants.com/,aplussealants.com,Austin,TX,+1 512-454-3388,"4709 Airport Blvd, Austin, TX 78751, United States",5,2,NEEDS_SITE_CHECK,insufficient signal,,name + review keyword filter
Vista Windows & Doors Yes,http://www.vistawd.com/,vistawd.com,Sunset Valley,TX,+1 512-927-9011,"4715 S Lamar Blvd #101B, Sunset Valley, TX 78745, United States",3.6,10,YES,name states window installation/replacement/doors,high,name + review keyword filter
Champion Glass Inc Yes,https://champion-glass.net/,champion-glass.net,Fort Lauderdale,FL,+1 954-564-3435,"4720 NW 15th Ave #4A, Fort Lauderdale, FL 33309, United States",5,9,NEEDS_SITE_CHECK,"glass shop or building contractor, window scope unknown",,name + review keyword filter
New View Roofing Yes,https://newviewroofing.com/?utm_source=google&utm_medium=organic&utm_campaign=gmb,newviewroofing.com,Dallas,TX,+1 469-966-1196,"4722 Gaston Ave, Dallas, TX 75246, United States",4.9,698,YES,"New window installation and window replacement/repair for homes; part of their exterior renovation offering (painting, siding, windows, fencing)",high,verified last run (web search)
Mighty Auto Glass Yes,,,Dallas,TX,+1 469-879-2036,"4722 Maple Ave, Dallas, TX 75219, United States",1,3,NEEDS_SITE_CHECK,"auto-glass name, but may also do building glass — must verify",,name + review keyword filter
Accent Auto Yes,http://www.accentauto.com/,accentauto.com,Austin,TX,+1 512-444-7777,"4749 E Ben White Blvd Ste A, Austin, TX 78741, United States",4.5,295,NEEDS_SITE_CHECK,insufficient signal,,name + review keyword filter
Advanced Glass Industries Yes,http://advancedglassind.com/,advancedglassind.com,Fort Lauderdale,FL,+1 954-588-1858,"4750 N Dixie Hwy #7, Fort Lauderdale, FL 33334, United States",5,171,NEEDS_SITE_CHECK,"glass shop or building contractor, window scope unknown",,name + review keyword filter
eurostyle impact window Yes,http://eurostyleimpactwindows.com/,eurostyleimpactwindows.com,Oakland Park,FL,+1 954-668-0701,"4750 N Dixie Hwy Unit 2, Oakland Park, FL 33334, United States",4.2,19,NEEDS_SITE_CHECK,window in name but service type unconfirmed,,name + review keyword filter
Dr Impact Co Yes,https://www.drimpactco.com/,drimpactco.com,Oakland Park,FL,+1 954-508-2616,"4754 NE 12th Ave, Oakland Park, FL 33334, United States",5,132,NEEDS_SITE_CHECK,insufficient signal,,name + review keyword filter
Mid Cities Auto Glass Yes,https://midcitiesautoglass.com/auto-glass/,midcitiesautoglass.com,Dallas,TX,+1 210-401-1110,"4755 Algiers St, Dallas, TX 75207, United States",4.8,5,YES,"Glass repair and replacement for residential and commercial windows and doors, alongside their auto glass work (same company/domain as ID 188, different Dallas location)",medium,verified last run (web search)
All Window & Door Repairs Inc Yes,https://impactshieldwindows.com/?utm_source=omg-gbp&utm_medium=webclick,impactshieldwindows.com,Oakland Park,FL,+1 954-400-1736,"4768 NE 12th Ave, Oakland Park, FL 33334, United States",4.8,421,YES,name states window installation/replacement/doors,high,name + review keyword filter
Dominguez Supplies Yes,,,Dallas,TX,+1 469-774-5948,"4771 Scyene Rd, Dallas, TX 75210, United States",4.4,55,NEEDS_SITE_CHECK,insufficient signal,,name + review keyword filter
M E Gene Johnson Garage Yes,http://www.megjgarage.com/,megjgarage.com,Austin,TX,+1 512-453-7376,"4801 Airport Blvd, Austin, TX 78751, United States",4.7,405,NEEDS_SITE_CHECK,insufficient signal,,name + review keyword filter
ProReal Yes,http://www.prorealdfw.com/,prorealdfw.com,Dallas,TX,+1 214-769-8729,"4803 Reiger Ave, Dallas, TX 75246, United States",4.8,47,NO,Bathroom and kitchen remodeling contractor,medium,verified last run (web search)
Balance de Terra LLC Yes,http://www.balancedeterra.com/,balancedeterra.com,Dallas,TX,+1 972-613-8833,"4810 Philip Ave, Dallas, TX 75223, United States",5,30,NO,"Custom fencing, gates and outdoor living (decks, patios, pergolas)",high,verified last run (web search)
Glasshouse Yes,http://glasshouseproducts.com/?utm_source=google&utm_medium=Yext,glasshouseproducts.com,Dallas,TX,+1 214-761-1100,"4811 Lakawana St, Dallas, TX 75247, United States",4.3,6,YES,Produces and installs custom windows and storefront glass,high,verified last run (web search)
Latitude Windows Yes,http://www.latitudewindows.com/,latitudewindows.com,Oakland Park,FL,+1 954-451-5601,"4816 NE 10th Ave, Oakland Park, FL 33334, United States",4,23,NEEDS_SITE_CHECK,window in name but service type unconfirmed,,name + review keyword filter
"Elefant Xterior"" Experts"" Yes",https://austinelefant.com/,austinelefant.com,Austin,TX,+1 512-786-1211,"4825 Weidemar Ln Ste 300, Austin, TX 78745, United States",4.9,340,NO,window cleaning/washing,high,name + review keyword filter
ABC Supply Co. Inc. Yes,https://www.abcsupply.com/locations/location?BranchNumber=041,abcsupply.com,Dallas,TX,+1 214-630-3940,"4833 Singleton Blvd, Dallas, TX 75212, United States",4.2,154,NEEDS_SITE_CHECK,insufficient signal,,name + review keyword filter
Universal Windows Direct Phoenix Yes,,,Phoenix,AZ,+1 480-634-8100,"4836 E McDowell Rd #101, Phoenix, AZ 85008, United States",3.6,39,NEEDS_SITE_CHECK,window in name but service type unconfirmed,,name + review keyword filter
Universal Window Coverings Yes,http://www.universalwindow.net/,universalwindow.net,Dallas,TX,+1 214-905-0011,"4839 Cash Rd, Dallas, TX 75247, United States",5,2,NO,Plantation shutters and custom wood window treatments,high,verified last run (web search)
Gatsby Glass of East Dallas Yes,https://www.gatsbyglass.com/east-dallas-tx/,gatsbyglass.com,Dallas,TX,+1 972-430-4390,"4845 Vicksburg St ste 100a, Dallas, TX 75207, United States",5,14,YES,"Residential glass repair and window replacement (incl. foggy/failed units), plus commercial glass and shower/mirror work",high,verified last run (web search)
All Impact Renovations Windows & Doors Yes,https://www.allimpactrenovations.com/,allimpactrenovations.com,Oakland Park,FL,+1 954-655-1527,"4866 NE 12th Ave, Oakland Park, FL 33334, United States",4.9,41,YES,name states window installation/replacement/doors,high,name + review keyword filter
The Brothers That Just Do Gutters Yes,https://central-dfw.brothersgutters.com/,central-dfw.brothersgutters.com,Dallas,TX,+1 972-957-7598,"4900 Calvert St Unit B106, Dallas, TX 75247, United States",4.9,532,NO,"Gutter installation, repair and cleaning franchise",high,verified last run (web search)
Huskie Exteriors Inc Yes,https://huskieexteriors.com/,huskieexteriors.com,Rockford,IL,+1 815-519-3237,"4901 W State St, Rockford, IL 61102, United States",4.9,184,NEEDS_SITE_CHECK,insufficient signal,,name + review keyword filter
Star Customs Yes,https://www.starcustoms.com/,starcustoms.com,Austin,TX,+1 512-280-2604,"4905 Commercial Park Dr, Austin, TX 78724, United States",4.5,63,NEEDS_SITE_CHECK,insufficient signal,,name + review keyword filter
Cerv Property Solutions Austin Yes,https://www.cervpropertysolutions.com/?utm_source=google&utm_medium=organic&utm_campaign=gbp-austin,cervpropertysolutions.com,Austin,TX,+1 737-286-9704,"4930 S Congress Ave #303C, Austin, TX 78745, United States",4.9,1250,NEEDS_SITE_CHECK,insufficient signal,,name + review keyword filter
Secured Storefronts Glass Repair & Security Bars Yes,https://streetviewpixels-pa.googleapis.com/v1/thumbnail?panoid=mpGYMQ291IPnvvxT6tGBNQ&cb_client=search.gws-prod.gps&w=408&h=240&yaw=281.13153&pitch=0&thumbfov=100,streetviewpixels-pa.googleapis.com,Dallas,TX,+1 469-751-7601,"4949 Beeman Ave #102, Dallas, TX 75223, United States",,,NEEDS_SITE_CHECK,"glass shop or building contractor, window scope unknown",,name + review keyword filter
OMEGA GARAGE DOOR INC Yes,https://www.omegadoorsandwindows.com/,omegadoorsandwindows.com,Fort Lauderdale,FL,+1 954-416-3020,"4972 SW 35th Terrace, Fort Lauderdale, FL 33312, United States",4.6,66,NO,"unrelated trade, no window signal",high,name + review keyword filter
Energy Window Solutions Yes,https://energywindowsolutions.com/,energywindowsolutions.com,Mabank,TX,+1 972-746-8195,"5000 Esquire Estates Rd, Mabank, TX 75156, United States",4.9,105,YES,"Custom window manufacture plus window installation and replacement; also siding, gutters, doors",high,verified last run (web search)
ProTex Remodeling Windows - Doors - Siding Yes,https://www.protexremodeling.com/,protexremodeling.com,Burleson,TX,+1 817-422-0552,"5001 FM1187 Ste 150, Burleson, TX 76028, United States",5,150,YES,"Replacement window installation, custom and egress windows, solar tubes; also doors and siding",high,verified last run (web search)
Budget Blinds of Rockford & Sycamore Yes,http://www.budgetblinds.com/Rockford/?utm_source=Internet&utm_medium=Directory&utm_campaign=GOOGLE-PLACES,budgetblinds.com,Loves Park,IL,+1 815-636-1250,"5004 N 2nd St, Loves Park, IL 61111, United States",4.6,18,NO,blinds/shades/shutters/drapery (window treatments),high,name + review keyword filter
Smart Services and Sales LLC Yes,https://smartapplianceaustin.com/?utm_campaign=gmb,smartapplianceaustin.com,Austin,TX,+1 512-705-5020,"5006 Watusi Bend, Austin, TX 78732, United States",4.9,241,NEEDS_SITE_CHECK,insufficient signal,,name + review keyword filter
TLV Sliding fort lauderdale Yes,https://streetviewpixels-pa.googleapis.com/v1/thumbnail?panoid=oXRc3UtOU5QAvYFBHSUcRw&cb_client=search.gws-prod.gps&w=408&h=240&yaw=19.85221&pitch=0&thumbfov=100,streetviewpixels-pa.googleapis.com,Oakland Park,FL,+1 954-860-2873,"501 NE 33rd St, Oakland Park, FL 33334, United States",,,NEEDS_SITE_CHECK,insufficient signal,,name + review keyword filter
Home Shield Shutter Group INC Yes,https://homeshieldshutter.com/,homeshieldshutter.com,Fort Lauderdale,FL,+1 954-380-2398,"501 SW 21st Terrace, Fort Lauderdale, FL 33312, United States",5,16,NO,blinds/shades/shutters/drapery (window treatments),high,name + review keyword filter
Austin Tint Yes,http://www.austintinting.com/,austintinting.com,Austin,TX,+1 512-452-8468,"501 W Powell Ln Ste A208, Austin, TX 78753, United States",5,111,NEEDS_SITE_CHECK,insufficient signal,,name + review keyword filter
Window Tint By Merle Yes,https://streetviewpixels-pa.googleapis.com/v1/thumbnail?panoid=huVUVOsNfZj1jRroIz8NeQ&cb_client=search.gws-prod.gps&w=408&h=240&yaw=3.8861043&pitch=0&thumbfov=100,streetviewpixels-pa.googleapis.com,Rockford,IL,+1 815-742-4846,"5046 Bent Tree Ct, Rockford, IL 61114, United States",,,NO,window tint/film only,high,name + review keyword filter
Probuilt Construction Yes,,,Irving,TX,+1 469-359-0324,"509 Abraham Ct, Irving, TX 75060, United States",4.9,31,NEEDS_SITE_CHECK,"glass shop or building contractor, window scope unknown",,name + review keyword filter
Reveles Roofing Yes,http://www.revelesroofing.com/,revelesroofing.com,Dallas,TX,+1 214-900-8930,"5101 Parry Ave, Dallas, TX 75223, United States",5,218,NO,Roofing contractor,medium,verified last run (web search)
My Glass Shower Yes,https://myglassshower.com/,myglassshower.com,Fort Lauderdale,FL,+1 954-707-0227,"511 SW 6th St, Fort Lauderdale, FL 33315, United States",4.9,108,NEEDS_SITE_CHECK,"glass shop or building contractor, window scope unknown",,name + review keyword filter
Campus Auto Glass Yes,https://www.campusautoglass.com/,campusautoglass.com,Austin,TX,+1 737-423-2463,"5119 E 7th St, Austin, TX 78702, United States",4.3,95,NEEDS_SITE_CHECK,"auto-glass name, but may also do building glass — must verify",,name + review keyword filter
Avana Windows & Doors Yes,https://www.avanawindows.com/,avanawindows.com,Fort Lauderdale,FL,+1 954-902-7815,"515 E Las Olas Blvd Suite 120, Fort Lauderdale, FL 33301, United States",4.9,11,YES,name states window installation/replacement/doors,high,name + review keyword filter
Area Wide Auto Glass Yes,https://areawideautoglass.com/windshield-replacement-austin-tx/,areawideautoglass.com,Austin,TX,+1 830-609-8555,"516 Old Pecan St, Austin, TX 78701, United States",4.9,65,NEEDS_SITE_CHECK,"auto-glass name, but may also do building glass — must verify",,name + review keyword filter
Atlas Glass Austin - Auto Glass Services Yes,https://www.atlasglassaustin.com/,atlasglassaustin.com,Austin,TX,+1 737-348-0909,"517 Thompson Ln Ste 2, Austin, TX 78742, United States",4.7,12,NEEDS_SITE_CHECK,"auto-glass name, but may also do building glass — must verify",,name + review keyword filter
Optic Auto Glass Yes,https://advancedcar.net/,advancedcar.net,Rockford,IL,+1 815-514-7844,"5197 27th Ave, Rockford, IL 61109, United States",5,8,NEEDS_SITE_CHECK,"auto-glass name, but may also do building glass — must verify",,name + review keyword filter
Reinhardts Glass Company Yes,,,Austin,TX,+1 512-892-2230,"5206 US-290, Austin, TX 78735, United States",4.5,22,NEEDS_SITE_CHECK,"glass shop or building contractor, window scope unknown",,name + review keyword filter
Dan White's Screens & Things Yes,https://www.danwhitesscreens.com/?utm_source=GMBlisting&utm_medium=organic,danwhitesscreens.com,Austin,TX,+1 512-892-2150,"5210 W US Hwy 290 Service Rd, Austin, TX 78735, United States",4.8,73,NEEDS_SITE_CHECK,insufficient signal,,name + review keyword filter
Alpha Glass Company Yes,http://alphaglassco.com/,alphaglassco.com,Austin,TX,+1 512-792-9234,"5214 Burleson Rd #501, Austin, TX 78744, United States",4,22,NEEDS_SITE_CHECK,"glass shop or building contractor, window scope unknown",,name + review keyword filter
Royal Auto Finishes Yes,https://www.royal-auto-finishes.com/,royal-auto-finishes.com,Austin,TX,+1 512-888-9949,"5214 Burleson Rd Ste 412, Austin, TX 78744, United States",5,400,NEEDS_SITE_CHECK,insufficient signal,,name + review keyword filter
Well Connected Life Apple Mac Repair Yes,https://www.wellconnectedlife.com/,wellconnectedlife.com,Dallas,TX,+1 214-232-1013,"5225 Maple Ave Appointment Required, 5225 Maple Ave, Dallas, TX 75235, United States",4.9,52,NO,Apple Mac computer repair and tutoring,high,verified last run (web search)
Sidingrepairservicelost creek Yes,https://streetviewpixels-pa.googleapis.com/v1/thumbnail?panoid=aJibQx1dOxFeGCKPeIPtRg&cb_client=search.gws-prod.gps&w=408&h=240&yaw=306.3391&pitch=0&thumbfov=100,streetviewpixels-pa.googleapis.com,Austin,TX,+1 215-771-7950,"524 Beardsley Ln, Austin, TX 78746, United States",,,NEEDS_SITE_CHECK,insufficient signal,,name + review keyword filter
RiKo Exterior Solutions Yes,http://rikosolutions.net/,rikosolutions.net,Lakeway,TX,+1 512-270-0030,"526 Cutty Trail, Lakeway, TX 78734, United States",5,72,NO,window cleaning/washing,high,name + review keyword filter
Faith Auto Glass Yes,https://www.faithautoglassdallas.com/,faithautoglassdallas.com,Dallas,TX,+1 214-421-1575,"5301 S Second Ave, Dallas, TX 75210, United States",4.8,670,NO,Auto glass / windshield replacement,high,verified last run (web search)
Local Pro Construction Yes,,,Austin,TX,+1 512-902-6560,"5305 Hudson Bend Rd, Austin, TX 78734, United States",5,27,NEEDS_SITE_CHECK,"glass shop or building contractor, window scope unknown",,name + review keyword filter
J1 Auto Glass Yes,https://j1autoglass.net/,j1autoglass.net,Austin,TX,+1 512-828-9781,"5310-D S Pleasant Valley Rd, Austin, TX 78744, United States",4.8,172,NEEDS_SITE_CHECK,"auto-glass name, but may also do building glass — must verify",,name + review keyword filter
Garcias roofing & siding Inc Yes,https://brand.site/garciasroofingsidinginc,brand.site,Rockford,IL,+1 815-505-9684,"533 Division St, Rockford, IL 61104, United States",3.8,10,NEEDS_SITE_CHECK,"glass shop or building contractor, window scope unknown",,name + review keyword filter
Laurel Haven Homes Yes,http://www.laurelhavenhomes.com/,laurelhavenhomes.com,Austin,TX,+1 512-261-4663,"5348 Pedernales Summit Pkwy, Austin, TX 78738, United States",4.6,22,NEEDS_SITE_CHECK,insufficient signal,,name + review keyword filter
Protech Sliding Door Repair Yes,https://www.protechslidingdoors.com/?utm_campaign=gmb,protechslidingdoors.com,Fort Lauderdale,FL,+1 954-595-4460,"5369 SW 32nd Ave, Fort Lauderdale, FL 33312, United States",5,221,NEEDS_SITE_CHECK,insufficient signal,,name + review keyword filter
Sierra Blinds Yes,https://www.sierrablinds.com/,sierrablinds.com,Dallas,TX,+1 800-732-3150,"539 W Commerce St #1658, Dallas, TX 75208, United States",4.8,38,NO,"Custom blinds, shutters and screens dealer",high,verified last run (web search)
Ameriglass & Mirror A Division of Rockford Auto Glass Yes,https://www.rockfordglass.com/,rockfordglass.com,Rockford,IL,+1 815-226-0560,"5401 E State St, Rockford, IL 61108, United States",3.4,5,NEEDS_SITE_CHECK,"auto-glass name, but may also do building glass — must verify",,name + review keyword filter
Rockford Glass Yes,https://www.rockfordglass.com/,rockfordglass.com,Rockford,IL,+1 815-426-1162,"5401 E State St, Rockford, IL 61108, United States",4.3,152,NEEDS_SITE_CHECK,"glass shop or building contractor, window scope unknown",,name + review keyword filter
Advanced Window Systems Yes,https://www.advancedwindowrockford.com/,advancedwindowrockford.com,Rockford,IL,+1 815-654-4200,"5401 E State St, Rockford, IL 61108, United States",5,0,NEEDS_SITE_CHECK,window in name but service type unconfirmed,,name + review keyword filter
Craddock Lumber Co Yes,http://craddocklumber.com/,craddocklumber.com,Dallas,TX,+1 214-631-5200,"5422 Harry Hines Blvd, Dallas, TX 75235, United States",4.5,33,NEEDS_SITE_CHECK,insufficient signal,,name + review keyword filter
Rockford Siding and Windows LLC Yes,http://rockford-siding.com/,rockford-siding.com,Loves Park,IL,+1 815-214-9390,"5441 Forest Hills Ct, Loves Park, IL 61111, United States",4.4,83,YES,window in name + review describes window work,high,name + review keyword filter
Mcgregor Léveillé Contracting inc MLCI Yes,,,Fort Lauderdale,FL,+1 954-882-6314,"5444 SW 24th Ave, Fort Lauderdale, FL 33312, United States",5,2,NEEDS_SITE_CHECK,insufficient signal,,name + review keyword filter
Handyman Connection of Austin-Westlake Yes,https://handymanconnection.com/austin-westlake/?utm_source=gbp&utm_medium=organic&utm_campaign=GBP-Website-Link,handymanconnection.com,Austin,TX,+1 512-418-0800,"5450 Bee Caves Rd Ste 5c, Austin, TX 78746, United States",4.8,185,NEEDS_SITE_CHECK,"glass shop or building contractor, window scope unknown",,name + review keyword filter
DuSouth Rovr Yes,https://www.dusouthrovr.com/?utm_campaign=gmb,dusouthrovr.com,Dallas,TX,+1 214-382-0036,"5454 Maple Ave, Dallas, TX 75235, United States",4.8,208,NO,Independent Land Rover / Jaguar auto service and repair shop,high,verified last run (web search)
Carter's General Contracting Yes,https://streetviewpixels-pa.googleapis.com/v1/thumbnail?panoid=YJs1qOwjStTaqEVgMzW6dg&cb_client=search.gws-prod.gps&w=408&h=240&yaw=317.18814&pitch=0&thumbfov=100,streetviewpixels-pa.googleapis.com,Dallas,TX,+1 214-758-9519,"5515 Gaston Ave, Dallas, TX 75214, United States",,,NEEDS_SITE_CHECK,insufficient signal,,name + review keyword filter
Wrap Daddy’s Yes,https://wrapdaddysdfw.com/,wrapdaddysdfw.com,Dallas,TX,+1 214-764-1586,"5521 Maple Ave, Dallas, TX 75235, United States",5,433,NEEDS_SITE_CHECK,insufficient signal,,name + review keyword filter
Windows of Austin Yes,https://windowsofaustin.com/,windowsofaustin.com,Austin,TX,+1 512-954-2100,"5524 Bee Caves Rd Ste B-3, Austin, TX 78746, United States",5,3,YES,window in name + review describes window work,high,name + review keyword filter
Smarter Homes Yes,https://www.smarterhomesaustin.com/,smarterhomesaustin.com,West Lake Hills,TX,+1 512-775-6101,"5524 Bee Caves Rd Unit J8, West Lake Hills, TX 78746, United States",5,160,NEEDS_SITE_CHECK,insufficient signal,,name + review keyword filter
Giem Glass and Aluminum Fabrication,,,,,,,5,501,NEEDS_SITE_CHECK,"glass shop or building contractor, window scope unknown",,name + review keyword filter
Window Contractors Yes,,,Austin,TX,,"5555 N Lamar Blvd Ste L-125, Austin, TX 78751, United States",2.3,3,NEEDS_SITE_CHECK,window in name but service type unconfirmed,,name + review keyword filter
Maison Janneau Yes,https://www.maison-janneau.com/,maison-janneau.com,Austin,TX,+1 512-356-9276,"5555 N Lamar Blvd Suite L-125, Austin, TX 78751, United States",5,6,NEEDS_SITE_CHECK,insufficient signal,,name + review keyword filter
Reformed Roofing & Contracting Yes,http://www.reformed-roofing.com/,reformed-roofing.com,Dallas,TX,+1 972-946-1775,"5639 Dyer St Ste 200, Dallas, TX 75206, United States",5,73,YES,Energy-efficient window and door replacement,high,verified last run (web search)
AM Gutter Services Yes,https://www.amgutterservices.com/,amgutterservices.com,Dallas,TX,+1 214-980-4366,"5641 SMU Boulevard #106, Dallas, TX 75206, United States",5,257,YES,"Window installation offered as a specialty service alongside gutters, roofing and siding",medium,verified last run (web search)
AM Roofing Company Yes,https://amroofingcompany.com/?utm_source=Google_Maps&utm_medium=Website_Link-Click&utm_campaign=Google_Maps_Visits,amroofingcompany.com,Dallas,TX,+1 214-980-4366,"5641 SMU Boulevard #106, Dallas, TX 75206, United States",4.9,39,YES,"Window installation offered alongside roofing, gutters, siding, soffit & fascia",medium,verified last run (web search)
Nicky B's Auto Glass Yes,https://www.google.com/maps/vt/pb=!1m4!1m3!1i17!2i33129!3i48494!2m3!1e0!2sm!3i793559766!2m2!1e2!2sspotlit!3m8!2sen!3sph!5e1105!12m4!1e68!2m2!1sset!2sRoadmap!4e0!5m1!1e0!23i1368782!23i1368785!23i4861626!23i10211310!23i1381938!23i47054629!23i47029525!23i72272233!23i72272234!23i72272236!23i72458815!23i94243289!23i94255677!23i72860224!23i10211515!23i94260020!23i100799651!23i72549439!27m15!299174093m14!14m13!1m8!1m2!1y9802288748341600639!2y7721616229815518678!2s%2Fg%2F1tmklk7m!4m2!1x423286444!2x3404925637!15sgcid%3Aauto_glass_shop!2b0!3b0!6b0!8b0,google.com,Loves Park,IL,+1 815-519-9404,"5691 Covey Ridge Trail, Loves Park, IL 61111, United States",,,NEEDS_SITE_CHECK,"auto-glass name, but may also do building glass — must verify",,name + review keyword filter
H&H Home Services Yes,http://homeservicesbyhh.com/,homeservicesbyhh.com,Austin,TX,+1 512-693-8084,"5700 Driftwood Dr, Austin, TX 78731, United States",5,54,NO,window cleaning/washing,high,name + review keyword filter
Radiant Windows & Glass Yes,https://www.radiantwindowsglass.com/?utm_source=gmb&utm_medium=organic&utm_campaign=Maps,radiantwindowsglass.com,Dallas,TX,+1 469-727-9745,"5730 Martel Ave #118, Dallas, TX 75206, United States",5,21,YES,"Energy-efficient replacement windows, window repair, window glass replacement (also shower glass, mirrors, window cleaning)",high,verified last run (web search)
JC GLASS & WINDOWS Yes,https://jcglass-windows.carrd.co/,jcglass-windows.carrd.co,Dallas,TX,+1 214-531-5904,"5738 Preston View Blvd, Dallas, TX 75240, United States",5,7,YES,"Window installation, broken window glass repair, energy-efficient pane replacement, custom screens",high,verified last run (web search)
Optimal Windows Yes,https://www.optimalwindows.com/?utm_source=google_business_profile&utm_medium=organic,optimalwindows.com,Plano,TX,+1 972-768-1999,"5760 Legacy Dr b3366, Plano, TX 75024, United States",5,51,YES,"Window and patio door replacement/installation - vinyl, fiberglass, aluminum-clad wood (Burris, Pella, Lincoln, WinDor)",high,verified last run (web search)
Energy One Windows of Dallas/Ft. Worth Yes,https://energyonewindows.com/,energyonewindows.com,Irving,TX,+1 972-719-7801,"580 Decker Dr #125, Irving, TX 75062, United States",5,208,YES,Replacement window and patio/sliding glass door installation for homeowners,high,verified last run (web search)
Strand Brothers Service Experts Yes,https://www.serviceexperts.com/austin-tx/?utm_source=gbp&utm_medium=organic&utm_campaign=brand,serviceexperts.com,Austin,TX,+1 512-598-6625,"5811 Techni Center Dr, Austin, TX 78721, United States",4.8,7565,NEEDS_SITE_CHECK,insufficient signal,,name + review keyword filter
Tri-Supply - Austin Yes,https://trisupplyhome.com/,trisupplyhome.com,Austin,TX,+1 512-916-9354,"5811 Trade Center Dr Building 7, Suite 100, Austin, TX 78744, United States",4.5,351,NEEDS_SITE_CHECK,insufficient signal,,name + review keyword filter
Window World of Austin Yes,https://www.windowworldaustin.com/,windowworldaustin.com,Austin,TX,+1 512-383-1222,"5812 Trade Center Dr #300, Austin, TX 78744, United States",4.8,353,YES,name states window installation/replacement/doors,high,name + review keyword filter
Stephen Thomas Construction Yes,http://www.stcatx.com/,stcatx.com,Austin,TX,+1 512-702-2267,"5900 Southwest Pkwy ste 5-520, Austin, TX 78735, United States",5,36,NEEDS_SITE_CHECK,"glass shop or building contractor, window scope unknown",,name + review keyword filter
Sunshine Window Tint Yes,https://sunshinewindowtint.com/swt/,sunshinewindowtint.com,Fort Lauderdale,FL,+1 954-699-6246,"5921 Ravenswood Rd, Fort Lauderdale, FL 33312, United States",4.9,190,NO,window tint/film only,high,name + review keyword filter
American Door Company Yes,https://www.americandoor.biz/,americandoor.biz,Oakland Park,FL,+1 754-345-8246,"595 Prospect Rd, Oakland Park, FL 33309, United States",3.6,56,NEEDS_SITE_CHECK,insufficient signal,,name + review keyword filter
Window World of Dallas-Fort Worth Yes,https://www.windowworlddfw.com/,windowworlddfw.com,Richardson,TX,+1 972-623-9993,"600 N Coit Rd Ste 2052, Richardson, TX 75080, United States",4.7,789,YES,"Vinyl replacement window installation, plus doors and siding (Richardson location of the same DFW franchise)",high,verified last run (web search)
Malachi Roofing Yes,https://www.malachiroofing.com/,malachiroofing.com,Cedar Park,TX,+1 512-996-0255,"600 S Bell Blvd Ste 212, Cedar Park, TX 78613, United States",4.9,138,NEEDS_SITE_CHECK,"glass shop or building contractor, window scope unknown",,name + review keyword filter
Bumble Bee Blinds of Austin Yes,https://www.bumblebeeblinds.com/austin/,bumblebeeblinds.com,Austin,TX,+1 512-846-9922,"6000 Menchaca Rd Bldg 2, Suite 2, Austin, TX 78745, United States",5,221,NO,blinds/shades/shutters/drapery (window treatments),high,name + review keyword filter
Windowman of South Florida Yes,http://windowmanflorida.com/,windowmanflorida.com,Fort Lauderdale,FL,+1 954-946-1553,"6001 Powerline Rd Ste A, Fort Lauderdale, FL 33309, United States",3.5,22,YES,window in name + review describes window work,high,name + review keyword filter
Florida Aluminum Products Yes,https://fapaluminum.com/,fapaluminum.com,Fort Lauderdale,FL,+1 954-773-2898,"6001 Powerline Rd, Fort Lauderdale, FL 33309, United States",4.2,5,NEEDS_SITE_CHECK,insufficient signal,,name + review keyword filter
CTX Facility Services Yes,http://www.ctxfacilityservices.com/,ctxfacilityservices.com,Austin,TX,+1 512-270-1291,"6001 W Parmer Ln #370, Austin, TX 78727, United States",5,6,NEEDS_SITE_CHECK,insufficient signal,,name + review keyword filter
Capital Clean Solutions Yes,https://capitalcleansolutions.co.site/,capitalcleansolutions.co.site,Austin,TX,+1 512-920-0639,"6001 W Parmer Ln, Austin, TX 78727, United States",4.9,15,NEEDS_SITE_CHECK,insufficient signal,,name + review keyword filter
Andyman Home Improvement LLC Yes,http://andymanhi.com/,andymanhi.com,Austin,TX,+1 737-328-7624,"6001 W Parmer Ln, Austin, TX 78727, United States",5,27,NEEDS_SITE_CHECK,"glass shop or building contractor, window scope unknown",,name + review keyword filter
Drapes & Shades Custom Window Designs Yes,https://dscustomwindowdesigns.com/,dscustomwindowdesigns.com,Fort Lauderdale,FL,+1 954-289-3311,"6003 NW 31st Ave C, Fort Lauderdale, FL 33309, United States",4.9,72,NO,blinds/shades/shutters/drapery (window treatments),high,name + review keyword filter
Arnie’s Yes,http://arnies.biz/,arnies.biz,Rockford,IL,+1 779-348-2360,"601 W Jefferson St, Rockford, IL 61103, United States",5,40,NEEDS_SITE_CHECK,insufficient signal,,name + review keyword filter
Window World of Rockford Yes,https://www.windowworldrockford.com/,windowworldrockford.com,Loves Park,IL,+1 815-395-1333,"6010 Forest Hills Rd, Loves Park, IL 61111, United States",4.7,426,YES,name states window installation/replacement/doors,high,name + review keyword filter
Rockford Blinds Yes,https://rockfordblinds.com/,rockfordblinds.com,Loves Park,IL,+1 815-957-6652,"6010 Forest Hills Rd, Loves Park, IL 61111, United States",5,16,NO,blinds/shades/shutters/drapery (window treatments),high,name + review keyword filter
Martin Exteriors Roofing & Siding Yes,https://martinexteriors.com/,martinexteriors.com,Rockford,IL,+1 815-209-9054,"6019 Fincham Dr Ste 4, Rockford, IL 61108, United States",4.6,55,NEEDS_SITE_CHECK,"glass shop or building contractor, window scope unknown",,name + review keyword filter
Window Yes,https://streetviewpixels-pa.googleapis.com/v1/thumbnail?panoid=nAbM2KHS52aXjyxjGp9r0A&cb_client=search.gws-prod.gps&w=408&h=240&yaw=123.570114&pitch=0&thumbfov=100,streetviewpixels-pa.googleapis.com,Dallas,TX,,"6025 Hunters View Ln, Dallas, TX 75232, United States",,,YES,window in name + review describes window work,high,name + review keyword filter
Mother's Window Tint Yes,http://motherswindowtint.com/,motherswindowtint.com,Austin,TX,+1 512-323-5325,"6025 N Interstate Hwy 35, Austin, TX 78723, United States",4.7,207,NO,window tint/film only,high,name + review keyword filter
ACM MIllwork Yes,https://acmus.com/,acmus.com,Dallas,TX,+1 214-350-1341,"6025 Owens St, Dallas, TX 75235, United States",4.5,67,NO,Specialty lumberyard / millwork supplier (windows and doors by special order),medium,verified last run (web search)
Lynn Floyd Architectural Millwork Yes,https://lynnfloyd.com/,lynnfloyd.com,Dallas,TX,+1 972-335-1199,"6025 Owens St, Dallas, TX 75235, United States",5,404,NEEDS_SITE_CHECK,insufficient signal,,name + review keyword filter
Elevated Autoworks Yes,http://www.elevatedautoworks.com/,elevatedautoworks.com,Austin,TX,+1 512-840-1223,"606 W Slaughter Ln W, Austin, TX 78748, United States",4.9,269,NEEDS_SITE_CHECK,insufficient signal,,name + review keyword filter
Made in the Shade Yes,https://mitsnorthcentraldallas.com/?utm_source=gbp,mitsnorthcentraldallas.com,Dallas,TX,+1 469-523-6587,"6060 N Central Expy Suite 500, Dallas, TX 75206, United States",5,92,NO,"Custom blinds, shades, shutters and drapery franchise",high,verified last run (web search)
Lakeway Roofing Yes,https://lakewayroofing.com/,lakewayroofing.com,Lakeway,TX,+1 512-270-8084,"607 Sunfish St, Lakeway, TX 78734, United States",5,39,NEEDS_SITE_CHECK,"glass shop or building contractor, window scope unknown",,name + review keyword filter
Dream Builders Construction Yes,https://www.bestglassflorida.com/?utm_source=google&utm_medium=wix_google_business_profile&utm_campaign=3795594895127369423,bestglassflorida.com,Davie,FL,+1 754-257-0379,"6099 Stirling Rd Ste 103, Davie, FL 33314, United States",5,24,YES,review explicitly describes window install/replacement,high,name + review keyword filter
Glass Genie Yes,https://glass-genie.com/,glass-genie.com,Dallas,TX,+1 469-200-4801,"6101 E Mockingbird Ln, Dallas, TX 75214, United States",4.3,114,NEEDS_SITE_CHECK,"glass shop or building contractor, window scope unknown",,name + review keyword filter
The Home Depot Yes,https://www.homedepot.com/l/Lemmon-Avenue/TX/Dallas/75209/589?emt=MSGoogleMaps,homedepot.com,Dallas,TX,+1 214-654-9939,"6110 Lemmon Ave, Dallas, TX 75209, United States",4.2,2536,NEEDS_SITE_CHECK,insufficient signal,,name + review keyword filter
Comfort 1st Insulation Yes,https://www.comfort1stinsulation.com/,comfort1stinsulation.com,Rockford,IL,+1 833-244-7283,"612 Harrison Ave, Rockford, IL 61104, United States",4.9,303,NEEDS_SITE_CHECK,insufficient signal,,name + review keyword filter
Your New Door Yes,https://www.yournewdoor.com/?utm_medium=organic&utm_source=google&utm_campaign=gbp_richardson,yournewdoor.com,Richardson,TX,+1 214-785-0588,"620 N Coit Rd, Richardson, TX 75080, United States",4.9,64,NO,"Residential door installation, repair and replacement",medium,verified last run (web search)
American Window Systems (A Window Inc.) Yes,https://www.americanwindowsystems.com/,americanwindowsystems.com,Fort Worth,TX,+1 817-654-9050,"6201 Dowdell Rd Unit c, Fort Worth, TX 76119, United States",4.1,67,NEEDS_SITE_CHECK,window in name but service type unconfirmed,,name + review keyword filter
Omega Glass & Mirror Co Yes,http://omegaglassdallas.com/,omegaglassdallas.com,Dallas,TX,+1 214-821-8283,"6212 Mercedes Ave, Dallas, TX 75214, United States",4.7,37,YES,"Windows, plate glass and insulated glass supply and installation; storefronts",high,verified last run (web search)
Fred's Screens Yes,,,Dallas,TX,+1 469-730-0292,"622 S Westmoreland Rd, Dallas, TX 75211, United States",4,3,NEEDS_SITE_CHECK,insufficient signal,,name + review keyword filter
NexGen Contracting Yes,https://www.nexgencontracting.com/,nexgencontracting.com,Loves Park,IL,+1 815-756-0557,"6260 E Riverside Blvd Ste 225, Loves Park, IL 61111, United States",5,30,NEEDS_SITE_CHECK,insufficient signal,,name + review keyword filter
MRC Water Restoration & Construction Yes,http://mrcusa.com/,mrcusa.com,Dallas,TX,+1 214-809-7350,"6271 Highland Hills Dr, Dallas, TX 75241, United States",5,109,NEEDS_SITE_CHECK,"glass shop or building contractor, window scope unknown",,name + review keyword filter
Premier General Contractor Yes,http://www.premiergeneralcontractoril.com/,premiergeneralcontractoril.com,Rockford,IL,+1 815-398-4568,"628 Shaw St, Rockford, IL 61104, United States",4.8,57,NEEDS_SITE_CHECK,"glass shop or building contractor, window scope unknown",,name + review keyword filter
PAW Copper Awnings Gutters Yes,http://rfcopperawningsgutters.com/,rfcopperawningsgutters.com,Rockford,IL,+1 779-545-2497,"63 Spring Brook Rd, Rockford, IL 61114, United States",5,24,NEEDS_SITE_CHECK,insufficient signal,,name + review keyword filter
1st Home & Commercial Services Yes,https://www.1sthomeandcommercialservices.com/,1sthomeandcommercialservices.com,Austin,TX,+1 512-282-7787,"630 Ralph Ablanedo Dr Bldg 1, Austin, TX 78748, United States",4.8,830,NEEDS_SITE_CHECK,insufficient signal,,name + review keyword filter
Austin Glass & Mirror Inc Yes,http://www.austinglass.com/,austinglass.com,Austin,TX,+1 512-928-9999,"6308 Decker Ln # A, Austin, TX 78724, United States",4.3,11,NEEDS_SITE_CHECK,"glass shop or building contractor, window scope unknown",,name + review keyword filter
Ace Discount Glass & Door Yes,https://www.quickglassservice.com/,quickglassservice.com,Austin,TX,+1 512-345-3105,"6308 Spicewood Springs Rd, Austin, TX 78759, United States",4.5,436,NEEDS_SITE_CHECK,"glass shop or building contractor, window scope unknown",,name + review keyword filter
FORT LAUDERDALE CONSTRUCTION LLC Yes,https://streetviewpixels-pa.googleapis.com/v1/thumbnail?panoid=RvAR-k964dsOj2gy3hx-pw&cb_client=search.gws-prod.gps&w=408&h=240&yaw=284.65402&pitch=0&thumbfov=100,streetviewpixels-pa.googleapis.com,Fort Lauderdale,FL,,"6311 NE 20th Terrace, Fort Lauderdale, FL 33308, United States",,,NEEDS_SITE_CHECK,"glass shop or building contractor, window scope unknown",,name + review keyword filter
Texas Home Improvement Yes,https://texashomeimprovement.com/,texashomeimprovement.com,Austin,TX,+1 737-361-1532,"6320 E Stassney Ln Suite 100, Austin, TX 78744, United States",4.7,577,NEEDS_SITE_CHECK,"glass shop or building contractor, window scope unknown",,name + review keyword filter
The Window Tint Experts Yes,https://thewindowtintexperts.com/?utm_source=google&utm_medium=organic&utm_campaign=google_business_profile,thewindowtintexperts.com,Fort Lauderdale,FL,+1 305-748-8946,"6330 N Andrews Ave #282, Fort Lauderdale, FL 33309, United States",5,44,NO,window tint/film only,high,name + review keyword filter
Carvana Chrysler Dodge Jeep RAM FIAT - Service Yes,https://www.carvanacdjrofparkcities.com/service,carvanacdjrofparkcities.com,Dallas,TX,+1 469-806-0516,"6350 Denton Dr, Dallas, TX 75235, United States",3,2,NEEDS_SITE_CHECK,insufficient signal,,name + review keyword filter
Integrity 1st Car Pros Yes,https://www.integrity1auto.com/,integrity1auto.com,Dallas,TX,+1 469-949-4979,"6359 Belmont Ave, Dallas, TX 75214, United States",4.9,689,NO,full-service automotive repair shop,high,verified last run (web search)
Regency Steel Doors and Windows Yes,https://doorsbyregency.com/,doorsbyregency.com,Austin,TX,+1 512-964-6879,"6405 Aden Ln, Austin, TX 78739, United States",4.8,29,NEEDS_SITE_CHECK,window in name but service type unconfirmed,,name + review keyword filter
EuroCraft Exteriors Yes,http://www.eurocraftexteriors.com/,eurocraftexteriors.com,Austin,TX,+1 512-657-6900,"6410 Johanne Ct, Austin, TX 78750, United States",5,42,NEEDS_SITE_CHECK,insufficient signal,,name + review keyword filter
BlueCyclone Window A/C Services Yes,https://www.facebook.com/BlueCyclone-Handyman-Services-110902136913763/,facebook.com,Dallas,TX,+1 214-228-4363,"6423 S R L Thornton Fwy, Dallas, TX 75232, United States",3.6,5,YES,Stocks windows and provides framing and installation services including window and door installations,medium,verified last run (web search)
Signature Auto Solutions LLC Yes,http://windowtintingrockford.com/,windowtintingrockford.com,Rockford,IL,+1 815-319-9994,"644 Larnell Pkwy, Rockford, IL 61101, United States",5,312,NEEDS_SITE_CHECK,insufficient signal,,name + review keyword filter
All About The Window Yes,https://allaboutthewindow.com/,allaboutthewindow.com,Dallas,TX,+1 214-683-9770,"6445 Cedar Springs Rd Unit 112, Dallas, TX 75235, United States",0,0,NO,"Custom window treatments (draperies, roller/roman shades, shutters)",high,verified last run (web search)
Mr. Electric of Austin Yes,https://mrelectric.com/austin/?cid=LSTL_MRE000196&utm_source=gmb&utm_campaign=local&utm_medium=organic,mrelectric.com,Austin,TX,+1 512-298-5153,"6448 US-290 Unit A-103, Austin, TX 78723, United States",4.8,492,NO,"unrelated trade, no window signal",high,name + review keyword filter
D&A Auto Glass Yes,http://dandaautoglass.com/,dandaautoglass.com,Austin,TX,+1 737-238-3327,"6448 US-290 Unit B-104, Austin, TX 78723, United States",4.6,101,NEEDS_SITE_CHECK,"auto-glass name, but may also do building glass — must verify",,name + review keyword filter
JVR Impact Windows & Doors Yes,https://www.jvrwindows.com/,jvrwindows.com,Oakland Park,FL,+1 954-902-4418,"650 NE 44th St, Oakland Park, FL 33334, United States",4.6,211,YES,name states window installation/replacement/doors,high,name + review keyword filter
Glass America - Mobile Auto Glass & Windshield Replacement Yes,https://glassusa.com/locations/tx/?utm_source=google_gbp&utm_medium=organic&utm_campaign=local&utm_content=dallas_tx,glassusa.com,Dallas,TX,+1 817-548-1993,"650 S Griffin St, Dallas, TX 75202, United States",4.8,122,NO,National auto glass replacement and repair chain,high,verified last run (web search)
Secure Window Solutions Yes,http://www.securewindowsolutions.com/,securewindowsolutions.com,Fort Lauderdale,FL,+1 954-586-4217,"6500 NW 12th Ave #118, Fort Lauderdale, FL 33309, United States",5,83,NEEDS_SITE_CHECK,window in name but service type unconfirmed,,name + review keyword filter
Austin Residential Window Replacement Yes,https://austinresidentialwindowreplacement.com/,austinresidentialwindowreplacement.com,Austin,TX,+1 512-379-6857,"6500 River Pl Blvd Building 7C, Austin, TX 78730, United States",0,0,YES,name states window installation/replacement/doors,high,name + review keyword filter
Window Depot USA of Austin TX Yes,https://windowdepotaustin.com/,windowdepotaustin.com,Austin,TX,+1 512-201-6447,"6514 McNeil Dr Ste 1-100, Austin, TX 78729, United States",4.2,17,YES,name states window installation/replacement/doors,high,name + review keyword filter
Promising Auto Glass Yes,http://promising-auto-glass.com/,promising-auto-glass.com,Austin,TX,+1 737-888-0000,"6515 Burnet Rd Ste B, Austin, TX 78757, United States",5,12,NEEDS_SITE_CHECK,"auto-glass name, but may also do building glass — must verify",,name + review keyword filter
King's Window Services LLC Yes,https://www.kingswindowservices.com/?utm_medium=organic&utm_source=google&utm_campaign=gbp,kingswindowservices.com,North Richland Hills,TX,+1 817-512-5714,"6515 Smithfield Rd c, North Richland Hills, TX 76182, United States",4.9,166,YES,"Full window replacement, window repair, foggy glass repair (also window cleaning and screen repair)",high,verified last run (web search)
Lone Star Glass and Aluminum Yes,https://lonestarglassandaluminum.com/,lonestarglassandaluminum.com,Dallas,TX,+1 972-748-9481,"6526 Maryibel Cir, Dallas, TX 75237, United States",4.6,14,YES,"Window installation and glass replacement, commercial window replacement, aluminum storefront/storefront glass windows, 24/7 emergency glass replacement and board-up",high,verified last run (web search)
Sun Stop Window Tinting Yes,https://www.sunstopatx.com/,sunstopatx.com,Austin,TX,+1 512-296-8788,"6546 Burnet Rd, Austin, TX 78757, United States",4.7,17,NO,window tint/film only,high,name + review keyword filter
New Leaf Remodeling Yes,https://www.newleafremodeling.com/,newleafremodeling.com,Rockford,IL,+1 815-904-6006,"6551 E Riverside Blvd Suite 110, Rockford, IL 61114, United States",4.3,53,NEEDS_SITE_CHECK,insufficient signal,,name + review keyword filter
ACP Construction & ECO-Energy Inc. Yes,https://acpconstructioninc.com/,acpconstructioninc.com,Fort Lauderdale,FL,+1 561-232-2560,"6555 Powerline Rd #208, Fort Lauderdale, FL 33309, United States",4.7,46,NEEDS_SITE_CHECK,"glass shop or building contractor, window scope unknown",,name + review keyword filter
EDL Electronic Door Lift / Gate Masters Yes,https://www.edl-gm.com/,edl-gm.com,Fort Lauderdale,FL,+1 954-972-9300,"6601 NW 15th Ave, Fort Lauderdale, FL 33309, United States",4.7,273,NEEDS_SITE_CHECK,insufficient signal,,name + review keyword filter
Metroplex Door Repair LLC Yes,http://metroplexdoorrepair.llc/,metroplexdoorrepair.llc,Dallas,TX,+1 469-328-6628,"6611 Lockheed Ave, Dallas, TX 75209, United States",4.6,36,YES,"Commercial and residential glass installation/replacement including windows, storefront glass, partitions and facades",high,verified last run (web search)
The Great Curtain Company Yes,https://www.austincurtains.com/,austincurtains.com,Austin,TX,+1 512-535-3482,"6611 S MoPac Expy #200a, Austin, TX 78749, United States",4.9,43,NO,blinds/shades/shutters/drapery (window treatments),high,name + review keyword filter
Austin Sliding Door and Window Repair Yes,https://austinslidingdoorrepair.com/,austinslidingdoorrepair.com,Austin,TX,+1 512-621-5542,"6705 US-290 #502-278, Austin, TX 78735, United States",4.7,43,YES,name states window installation/replacement/doors,high,name + review keyword filter
GM Door Window and Screen Yes,https://www.gmdoorwindowandscreen.com/?utm_source=NEXT&utm_medium=Google_website,gmdoorwindowandscreen.com,Plantation,FL,+1 954-797-0797,"6761 W Sunrise Blvd Unit 7, Plantation, FL 33313, United States",4.2,138,NEEDS_SITE_CHECK,window in name but service type unconfirmed,,name + review keyword filter
Ridgewood Home & Commercial Services Yes,,,Austin,TX,+1 512-998-4184,"6804 Covered Bridge Dr, Austin, TX 78736, United States",4.7,3,NEEDS_SITE_CHECK,insufficient signal,,name + review keyword filter
Surface Specialists of Austin Yes,http://www.surfacespecialistsaustin.com/,surfacespecialistsaustin.com,Austin,TX,+1 512-865-9516,"6808 Branrust Dr, Austin, TX 78744, United States",5,132,NEEDS_SITE_CHECK,insufficient signal,,name + review keyword filter
MC Tintz Yes,https://www.mctintz.com/,mctintz.com,Loves Park,IL,+1 815-540-0297,"6810 Forest Hills Rd, Loves Park, IL 61111, United States",4.9,340,NEEDS_SITE_CHECK,insufficient signal,,name + review keyword filter
Shine of Austin The Four Points Yes,https://shine-windowcleaning.com/location/austin-four-points/?utm_source=GMB&utm_medium=organic&utm_campaign=Austin_Four_Points,shine-windowcleaning.com,Austin,TX,+1 512-915-0600,"6811 Ranch Rd 620 N, Austin, TX 78732, United States",4.8,57,NO,"Window cleaning, pressure washing, gutter cleaning, holiday lighting franchise",high,verified last run (web search)
Franks Pressure Washing Yes,https://frankspressurewashing.com/,frankspressurewashing.com,Austin,TX,+1 512-883-2456,"6812 Hanover Ln, Austin, TX 78723, United States",5,33,NEEDS_SITE_CHECK,insufficient signal,,name + review keyword filter
Window Treatment Plus Yes,,,Fort Lauderdale,FL,+1 954-709-3273,"6854 NW 20th Ave, Fort Lauderdale, FL 33309, United States",5,4,NO,blinds/shades/shutters/drapery (window treatments),high,name + review keyword filter
N&M Remodeling Yes,,,Austin,TX,+1 512-429-9269,"6855 E Hwy 290 #169, Austin, TX 78723, United States",3,2,NEEDS_SITE_CHECK,insufficient signal,,name + review keyword filter
Fast Glass Guys Yes,http://fastglassguys.com/,fastglassguys.com,Fort Lauderdale,FL,+1 954-969-9888,"6874 NW 20th Ave, Fort Lauderdale, FL 33309, United States",4.9,80,NEEDS_SITE_CHECK,"glass shop or building contractor, window scope unknown",,name + review keyword filter
Impact Hail Solutions Yes,https://impacthail.com/,impacthail.com,Dallas,TX,+1 469-498-2150,"6901 Maple Ave, Dallas, TX 75235, United States",5,32,NO,Auto body shop / paintless dent repair for vehicle hail damage,high,verified last run (web search)
LV Design & Build Yes,https://lvbuild.com/,lvbuild.com,Austin,TX,+1 512-669-8838,"6901 Villita Cove, Austin, TX 78741, United States",4.9,36,NEEDS_SITE_CHECK,insufficient signal,,name + review keyword filter
Austin Glass & Doors Yes,https://austin-glass.ueniweb.com/?utm_campaign=gmb,austin-glass.ueniweb.com,Austin,TX,+1 512-618-1305,"6903 Granger Dr, Austin, TX 78744, United States",2.3,233,NEEDS_SITE_CHECK,"glass shop or building contractor, window scope unknown",,name + review keyword filter
Final Draft Construction Yes,http://finaldc.com/,finaldc.com,Austin,TX,+1 512-559-7777,"6905 Beauford Dr, Austin, TX 78750, United States",5,105,NEEDS_SITE_CHECK,"glass shop or building contractor, window scope unknown",,name + review keyword filter
Azaz auto glass and tinting Yes,https://azazautoaustin.com/,azazautoaustin.com,Austin,TX,+1 512-825-7430,"6907 Windrift Way, Austin, TX 78745, United States",4.9,492,NEEDS_SITE_CHECK,"auto-glass name, but may also do building glass — must verify",,name + review keyword filter
Vested Roofing Services Yes,,,Dallas,TX,+1 214-334-2954,"6912 Sweet Sue Ln, Dallas, TX 75241, United States",4,5,NEEDS_SITE_CHECK,"glass shop or building contractor, window scope unknown",,name + review keyword filter
J&J Home Maintenance LLC Yes,https://jjhomesmaintenance.com/,jjhomesmaintenance.com,Loves Park,IL,+1 779-335-4133,"6914 Forest Hills Rd A, Loves Park, IL 61111, United States",0,0,NEEDS_SITE_CHECK,insufficient signal,,name + review keyword filter
JCAB Enterprises - Impact Windows & Doors Yes,https://jcabinc.com/,jcabinc.com,Oakland Park,FL,+1 954-288-4798,"700 NE 40th Ct, Oakland Park, FL 33334, United States",4.9,70,YES,name states window installation/replacement/doors,high,name + review keyword filter
Foggy Window Repair Yes,https://www.foggywindowrepair.com/,foggywindowrepair.com,Irving,TX,+1 972-693-6449,"700 Redbird Dr, Irving, TX 75061, United States",4.4,149,YES,"Foggy/failed insulated glass unit replacement, window glass installation, replacement and repair",high,verified last run (web search)
Revival Restoration ATX Yes,https://www.revivalrestorationatx.com/,revivalrestorationatx.com,Austin,TX,+1 737-204-1475,"7009 Woodhue Dr B, Austin, TX 78745, United States",5,379,NEEDS_SITE_CHECK,"glass shop or building contractor, window scope unknown",,name + review keyword filter
AutoGlass Rehab Yes,https://www.myautoglassrehab.com/?utm_campaign=gmb,myautoglassrehab.com,Dallas,TX,+1 214-393-5972,"701 Commerce St, Dallas, TX 75202, United States",4.7,250,NO,Mobile auto glass repair and replacement,high,verified last run (web search)
Southern Star Mobile Auto Glass Specialist Austin Yes,https://southernstarautoglassspecialist.com/austin/,southernstarautoglassspecialist.com,Austin,TX,+1 737-352-5241,"701 Driskill St, Austin, TX 78701, United States",0,0,NO,Mobile auto glass specialist,low,verified last run (web search)
FastFrame & The Westlake Gallery Yes,https://fastframewestlake.com/?utm_source=google&utm_medium=local&utm_campaign=gmb,fastframewestlake.com,Austin,TX,+1 512-306-0999,"701 S Capital of Texas Hwy Ste D-460, Austin, TX 78746, United States",4.8,92,NEEDS_SITE_CHECK,insufficient signal,,name + review keyword filter
Ideal Siding Austin Yes,https://idealsiding.com/us/locations/siding-austin/,idealsiding.com,Austin,TX,+1 737-259-6365,"701 Tillery St #12, Austin, TX 78702, United States",5,31,NO,"Siding contractor (vinyl, Hardie, cedar, metal)",medium,verified last run (web search)
Thrive Outdoor Solutions of Austin Yes,https://www.thriveoutdoorsolutions.com/,thriveoutdoorsolutions.com,Austin,TX,+1 877-317-1914,"701 Tillery St #12, Austin, TX 78702, United States",4.9,141,NEEDS_SITE_CHECK,insufficient signal,,name + review keyword filter
Reclamation Design Studio Yes,https://reclamationatx.com/,reclamationatx.com,Austin,TX,+1 720-299-5906,"701 Tillery St, Austin, TX 78702, United States",5,35,NEEDS_SITE_CHECK,insufficient signal,,name + review keyword filter
Austin Window and Door Yes,https://austinwindowanddoor.com/,austinwindowanddoor.com,Austin,TX,+1 844-578-3096,"701 Tillery St, Austin, TX 78702, United States",4.2,5,YES,name states window installation/replacement/doors,high,name + review keyword filter
Window Solar Screens Yes,https://www.windowsolarscreenss.com/,windowsolarscreenss.com,Dallas,TX,+1 214-482-3098,"7010 Benning Ave, Dallas, TX 75227, United States",5,16,NO,Solar screen and window screen fabrication and installation,high,verified last run (web search)
GP Drapery Yes,http://www.gpdrapery.com/,gpdrapery.com,Dallas,TX,+1 214-856-8482,"7015 Twin Hills Ave #145, Dallas, TX 75231, United States",4.7,13,NO,Custom drapery and motorized window treatments,high,verified last run (web search)
Solar screen savers Yes,,,Dallas,TX,+1 972-679-0133,"7019 Bates St, Dallas, TX 75227, United States",4.9,107,NO,window tint/film only,high,name + review keyword filter
Excellence Appliance Repair Yes,https://excellenceappliancerepair.com/austin/,excellenceappliancerepair.com,Austin,TX,+1 512-548-2059,"7035 Bee Caves Rd Ste 102, Austin, TX 78746, United States",5,254,NO,"unrelated trade, no window signal",high,name + review keyword filter
LOA Construction and Austin Roofing Yes,https://www.loaconstruction.com/austin/?utm_campaign=gmb&utm_medium=organic&utm_source=gmblisting,loaconstruction.com,Austin,TX,+1 512-375-3654,"706 W Ben White Blvd Ste 200B, Austin, TX 78704, United States",5,991,NEEDS_SITE_CHECK,"glass shop or building contractor, window scope unknown",,name + review keyword filter
Austin Auto Glass Yes,https://www.austinautoglasstexas.com/,austinautoglasstexas.com,Austin,TX,+1 512-523-5512,"7103 Meador Ave, Austin, TX 78752, United States",4.6,21,NEEDS_SITE_CHECK,"auto-glass name, but may also do building glass — must verify",,name + review keyword filter
Alamo Glass Yes,https://www.alamoaustin.com/,alamoaustin.com,Austin,TX,+1 512-452-5731,"7123 N Lamar Blvd, Austin, TX 78752, United States",4.7,326,NEEDS_SITE_CHECK,"glass shop or building contractor, window scope unknown",,name + review keyword filter
Sidingrepairservicewestlakehills Yes,https://streetviewpixels-pa.googleapis.com/v1/thumbnail?panoid=St04GcOPTVi4Q9k-4KzWIw&cb_client=search.gws-prod.gps&w=408&h=240&yaw=179.23833&pitch=0&thumbfov=100,streetviewpixels-pa.googleapis.com,West Lake Hills,TX,+1 582-285-5078,"715 Windsong Trail, West Lake Hills, TX 78746, United States",,,NEEDS_SITE_CHECK,insufficient signal,,name + review keyword filter
Midwest Seamless Gutters and Siding Yes,https://www.midwestseamlessguttersandsiding.com/,midwestseamlessguttersandsiding.com,Rockford,IL,+1 815-708-8113,"7194 Vandiver Rd, Rockford, IL 61112, United States",4.7,306,NEEDS_SITE_CHECK,"glass shop or building contractor, window scope unknown",,name + review keyword filter
Texas Window Store of Austin Yes,https://www.texaswindowstore.com/austin/,texaswindowstore.com,Cedar Park,TX,+1 512-360-0612,"720 S Bell Blvd Bldg 7D, Cedar Park, TX 78613, United States",4.9,60,NEEDS_SITE_CHECK,window in name but service type unconfirmed,,name + review keyword filter
Apex Windows & Glass Yes,https://apexwindowstx.com/,apexwindowstx.com,McKinney,TX,+1 214-263-3008,"7200 W University Dr, McKinney, TX 75071, United States",5,61,YES,"Foggy glass replacement, double-pane window repair, insulated glass unit (IGU) replacement",high,verified last run (web search)
JDM Sliding Door & Window Repair Yes,https://slidingdoorrepairft.com/broward,slidingdoorrepairft.com,Fort Lauderdale,FL,+1 954-689-2155,"721 NE 3rd Ave, Fort Lauderdale, FL 33304, United States",4.9,617,YES,name states window installation/replacement/doors,high,name + review keyword filter
All Star Window Tint Yes,,,Rockford,IL,+1 815-243-6247,"721 Tamarack Ln, Rockford, IL 61107, United States",4.9,77,NO,window tint/film only,high,name + review keyword filter
Radio Window Co. Yes,https://radiowindow.com/,radiowindow.com,Rockford,IL,+1 888-265-8205,"7210 E State St Ste 102, Rockford, IL 61108, United States",5,2,NEEDS_SITE_CHECK,window in name but service type unconfirmed,,name + review keyword filter
Surface Solutions - Commercial Window Cleaning Services Yes,https://surfacesolutionstx.com/,surfacesolutionstx.com,Austin,TX,+1 512-926-7000,"7212 McNeil Dr Ste 205, Austin, TX 78729, United States",5,502,NO,window cleaning/washing,high,name + review keyword filter
Capitol City Tint / Mobile Service Yes,http://austintz.com/,austintz.com,Austin,TX,+1 512-865-9703,"730 Gunter St, Austin, TX 78702, United States",4.7,4717,NEEDS_SITE_CHECK,insufficient signal,,name + review keyword filter
Elevate Windows Yes,https://www.goelevatewindows.com/,goelevatewindows.com,Phoenix,AZ,+1 480-934-0840,"7301 N 16th St Ste 102, Phoenix, AZ 85020, United States",4.9,94,NEEDS_SITE_CHECK,window in name but service type unconfirmed,,name + review keyword filter
Sliding Door Repair Dallas Yes,https://slidingdoorsrepairdallas.com/,slidingdoorsrepairdallas.com,Dallas,TX,+1 346-353-2018,"7315 Gaston Ave, Dallas, TX 75214, United States",5,7,YES,Window installation and broken-glass repair alongside sliding/patio door repair and glass door replacement,medium,verified last run (web search)
Crane's Home Repair Yes,,,Rockford,IL,+1 815-243-2152,"732 S Horace Ave, Rockford, IL 61102, United States",1,104,NEEDS_SITE_CHECK,insufficient signal,,name + review keyword filter
787 Construction Yes,http://www.787construction.com/,787construction.com,Austin,TX,+1 512-240-6738,"7415 Southwest Pkwy Bldg 6 Ste 500, Austin, TX 78735, United States",5,110,NEEDS_SITE_CHECK,"glass shop or building contractor, window scope unknown",,name + review keyword filter
Pecos Builders Yes,https://pecosbuilders.com/,pecosbuilders.com,Austin,TX,+1 512-766-5564,"7415 Southwest Pkwy, Austin, TX 78735, United States",5,9,NEEDS_SITE_CHECK,insufficient signal,,name + review keyword filter
Torres Window Tint (Mobile service) Yes,https://torreswindowtinttx.com/,torreswindowtinttx.com,Dallas,TX,+1 214-469-6265,"7423 Cortland Ave, Dallas, TX 75235, United States",4.9,87,NO,"Mobile window tinting, PPF and ceramic coating",high,verified last run (web search)
Ivory Maids Yes,http://ivorymaids.com/,ivorymaids.com,Dallas,TX,+1 214-833-8822,"7425 La Vista Dr, Dallas, TX 75214, United States",5,20,NEEDS_SITE_CHECK,insufficient signal,,name + review keyword filter
MOE'S TIRES & AUTO REPAIR Yes,http://moeautorepair.com/,moeautorepair.com,Dallas,TX,+1 682-557-1846,"7458 S Lancaster Rd, Dallas, TX 75241, United States",4.8,502,NO,tire shop and general auto repair,high,verified last run (web search)
Elite Roofing LLC Yes,https://www.eliteroofpro.com/areas-we-serve/leading-roofer-in-austin,eliteroofpro.com,Austin,TX,+1 512-379-7663,"7500 Rialto Blvd #250, Austin, TX 78735, United States",4.9,287,NEEDS_SITE_CHECK,"glass shop or building contractor, window scope unknown",,name + review keyword filter
Mr. Handyman of South Austin/Lakeway Yes,https://www.mrhandyman.com/south-austin-lakeway/?cid=LSTL_MHM000197&utm_source=gmb&utm_campaign=local&utm_medium=organic,mrhandyman.com,Austin,TX,+1 512-456-3443,"7509 Menchaca Rd Unit 104, Austin, TX 78745, United States",4.9,264,NEEDS_SITE_CHECK,"glass shop or building contractor, window scope unknown",,name + review keyword filter
Amazin tints Yes,http://www.amazintints.com/,amazintints.com,Fort Lauderdale,FL,+1 754-307-4233,"751 NW 57th St Unit 1, Fort Lauderdale, FL 33309, United States",4.9,62,NEEDS_SITE_CHECK,insufficient signal,,name + review keyword filter
GreenTex Home Improvement Yes,https://greentexwindows.com/,greentexwindows.com,Leander,TX,+1 512-900-5946,"751 Silver Creek Dr, Leander, TX 78641, United States",5,44,NEEDS_SITE_CHECK,"glass shop or building contractor, window scope unknown",,name + review keyword filter
Tony's painting and remodeling Llc Yes,http://www.tonyspaintingandremodelingllc.com/,tonyspaintingandremodelingllc.com,Dallas,TX,+1 214-815-8085,"7544 Marietta Ln, Dallas, TX 75241, United States",4.9,111,NO,Painting and remodeling contractor,medium,verified last run (web search)
Greenline Remodeling Yes,https://greenlineremodeling.com/,greenlineremodeling.com,Fort Lauderdale,FL,+1 954-840-8844,"760 NW 7th Terrace, Fort Lauderdale, FL 33311, United States",5,167,NEEDS_SITE_CHECK,insufficient signal,,name + review keyword filter
Window Genie of W Austin San Marcos and Dripping Springs Yes,https://www.windowgenie.com/west-austin/?cid=LSTL_WDG000206&utm_source=gmb&utm_campaign=local&utm_medium=organic,windowgenie.com,Austin,TX,+1 512-649-7288,"7600 Burnet Rd, Austin, TX 78757, United States",4.8,401,NEEDS_SITE_CHECK,window in name but service type unconfirmed,,name + review keyword filter
Affluent Contractors Yes,http://www.affluentcontractors.com/,affluentcontractors.com,Austin,TX,+1 512-299-0102,"7600 Chevy Chase Dr Bldg 2 suite 300, Austin, TX 78752, United States",3.9,14,NEEDS_SITE_CHECK,insufficient signal,,name + review keyword filter
Arcadia Texas Inc. Yes,http://arcadiainc.com/,arcadiainc.com,Dallas,TX,+1 469-210-8245,"7601 Ambassador Row #102, Dallas, TX 75247, United States",4.4,449,NO,"Manufacturer/supplier of architectural aluminum framing systems (curtain wall, storefront, windows)",medium,verified last run (web search)
Amy's Home Services Yes,https://www.facebook.com/Amys-janitorial-services-1057382640944478/,facebook.com,Austin,TX,+1 512-653-4582,"7601 Daffan Ln #125, Austin, TX 78724, United States",4.3,35,YES,Stocks windows and provides framing and installation services including window and door installations,medium,verified last run (web search)
Arizona Window & Door Store Yes,https://azwds.com/?utm_source=google&utm_medium=organic&utm_campaign=gbp,azwds.com,Scottsdale,AZ,+1 480-450-1953,"7625 E Redfield Rd #400, Scottsdale, AZ 85260, United States",4.9,1312,YES,name states window installation/replacement/doors,high,name + review keyword filter
Austin's Custom Tops Yes,http://www.austinscustomtops.com/,austinscustomtops.com,Austin,TX,+1 512-501-5750,"7700 State Hwy 71 #130, Austin, TX 78735, United States",5,25,NEEDS_SITE_CHECK,insufficient signal,,name + review keyword filter
Power Home Remodeling Yes,https://powerhrg.com/,powerhrg.com,Austin,TX,+1 512-961-4491,"7701 Metropolis Dr Bldg 12 suite 300, Austin, TX 78744, United States",4.5,2223,NEEDS_SITE_CHECK,insufficient signal,,name + review keyword filter
Septic Squad Yes,https://septicsquad.com/?utm_source=google&utm_medium=organic&utm_campaign=gbp,septicsquad.com,Austin,TX,+1 737-289-4333,"7710 Rialto Blvd, Austin, TX 78735, United States",5,278,NO,"unrelated trade, no window signal",high,name + review keyword filter
DFW Window Film Inc Yes,https://www.dfwwindowfilm.com/,dfwwindowfilm.com,Dallas,TX,+1 214-888-3456,"7712 Meadowhaven Dr, Dallas, TX 75254, United States",5,109,NO,Residential and commercial window film installer,high,verified last run (web search)
Homeva Yes,http://www.thehomeva.com/,thehomeva.com,Austin,TX,+1 512-253-2283,"7727 Burnet Rd, Austin, TX 78757, United States",5,31,NEEDS_SITE_CHECK,insufficient signal,,name + review keyword filter
Supreme Garage Door Repair Yes,https://www.supremegaragedoortx.com/,supremegaragedoortx.com,Dallas,TX,+1 214-915-0384,"7765 El Pensador Dr, Dallas, TX 75248, United States",4.9,698,NO,"unrelated trade, no window signal",high,name + review keyword filter
Sunsational Solutions Yes,http://sunsationalsolutions.com/,sunsationalsolutions.com,Austin,TX,+1 512-246-8468,"7801 N Lamar Blvd c63, Austin, TX 78752, United States",4.9,41,NEEDS_SITE_CHECK,insufficient signal,,name + review keyword filter
TJ Window & Door Repair Yes,https://tjwindowrepair.com/?utm_source=omg-gbp&utm_medium=webclick,tjwindowrepair.com,Oakland Park,FL,+1 954-765-6316,"784 NE 44th St, Oakland Park, FL 33334, United States",4.9,69,YES,name states window installation/replacement/doors,high,name + review keyword filter
Super Car Audio and Tint Yes,http://supercaraudio.com/,supercaraudio.com,Dallas,TX,+1 214-398-8885,"7900 S Great Trinity Forest Way, Dallas, TX 75217, United States",4.8,455,NO,"Car audio installation, car alarms and automotive window tint",high,verified last run (web search)
April Building Services Yes,https://aprilservices.com/,aprilservices.com,Dallas,TX,+1 214-630-7215,"7929 Brookriver Dr Ste. 325, Dallas, TX 75247, United States",3.8,12,NO,"Commercial high-rise window cleaning, waterproofing and building restoration",high,verified last run (web search)
Window Craft Interiors Yes,https://streetviewpixels-pa.googleapis.com/v1/thumbnail?panoid=4gyqmLeNlV6yLoi0ZkLfpw&cb_client=search.gws-prod.gps&w=408&h=240&yaw=0.084245965&pitch=0&thumbfov=100,streetviewpixels-pa.googleapis.com,Rockford,IL,+1 931-584-1872,"7th St, Rockford, IL 61104, United States",,,NEEDS_SITE_CHECK,window in name but service type unconfirmed,,name + review keyword filter
Clarity Windows and Doors Yes,http://www.claritywindows.com/,claritywindows.com,Coppell,TX,+1 972-393-3991,"800 Freeport Pkwy #150, Coppell, TX 75019, United States",4.9,580,YES,"Window installation, window repair, storm windows, door installation",high,verified last run (web search)
Wise Glass Yes,https://wiseglassllc.net/near-me/plano-tx-glass-shower-doors/?utm_source=gmb&utm_medium=referral,wiseglassllc.net,Plano,TX,+1 945-322-4706,"800 Fulgham Rd Suite 5, Plano, TX 75093, United States",5,101,NO,Custom frameless shower door company (4 DFW showrooms),high,verified last run (web search)
Foster Windows and Doors Yes,https://fosterwindowsanddoors.com/,fosterwindowsanddoors.com,Wilton Manors,FL,+1 954-566-6524,"800 NE 26th St, Wilton Manors, FL 33305, United States",3.5,17,YES,name states window installation/replacement/doors,high,name + review keyword filter
Glass Doctor of Fort Lauderdale Yes,https://glassdoctor.com/fort-lauderdale?cid=LSTL_MGD000191&utm_source=gmb&utm_campaign=local&utm_medium=organic,glassdoctor.com,Oakland Park,FL,+1 954-302-7909,"800 NE 45th St Bldg A, Oakland Park, FL 33334, United States",4.7,747,YES,review explicitly describes window install/replacement,high,name + review keyword filter
Blind Tech LLC Yes,https://streetviewpixels-pa.googleapis.com/v1/thumbnail?panoid=P6o7EkSIkINJ6uuu6zajfQ&cb_client=search.gws-prod.gps&w=408&h=240&yaw=293.38916&pitch=0&thumbfov=100,streetviewpixels-pa.googleapis.com,Austin,TX,+1 512-339-3697,"801 Glen Rd, Austin, TX 78753, United States",,,NO,blinds/shades/shutters/drapery (window treatments),high,name + review keyword filter
Pella Doors and Windows of Phoenix Yes,https://www.pella.com/locations/az/phoenix/?utm_source=google&utm_medium=organic&utm_campaign=gbp,pella.com,Phoenix,AZ,+1 480-571-6199,"801 South 75th Avenue Ste 100, Phoenix, AZ 85043, United States",4.1,33,YES,Replacement window and door sales and installation,high,verified last run (web search)
Austin Roofing Company Yes,https://austinroofingcompany.com/,austinroofingcompany.com,Austin,TX,+1 512-640-2658,"807 Brazos St #403, Austin, TX 78701, United States",5,62,NEEDS_SITE_CHECK,"glass shop or building contractor, window scope unknown",,name + review keyword filter
Everglade Screen and Window Yes,https://evergladescreenandwindow.com/,evergladescreenandwindow.com,Fort Lauderdale,FL,+1 954-371-0498,"807 NE 4th Ave, Fort Lauderdale, FL 33304, United States",4.9,101,NEEDS_SITE_CHECK,window in name but service type unconfirmed,,name + review keyword filter
Closet Factory Yes,https://www.closetfactory.com/locations/austin/?utm_source=google&utm_medium=organic&utm_campaign=google_business_profile&utm_content=austin_tx,closetfactory.com,Austin,TX,+1 512-541-1314,"8112 Ferguson Cutoff, Austin, TX 78724, United States",4.8,88,NEEDS_SITE_CHECK,insufficient signal,,name + review keyword filter
Pro Tech Construction Inc Yes,https://protechconst.net/,protechconst.net,Austin,TX,+1 512-720-8303,"812 Farm to Market 1626, Austin, TX 78748, United States",4.7,83,NEEDS_SITE_CHECK,"glass shop or building contractor, window scope unknown",,name + review keyword filter
Texas Doors and Windows Yes,http://www.txdoorsandwindows.com/,txdoorsandwindows.com,Hutto,TX,+1 512-912-6898,"812 Tradesmens Park Loop, Hutto, TX 78634, United States",4.7,25,NEEDS_SITE_CHECK,window in name but service type unconfirmed,,name + review keyword filter
Don Young Co Yes,http://www.dycwindows.com/,dycwindows.com,Dallas,TX,+1 214-630-0934,"8181 Ambassador Row, Dallas, TX 75247, United States",4.2,60,YES,"Manufactures aluminum and vinyl replacement/new-construction windows; company-owned branches handle retail sales and installation, and they list homeowners among customers served",low,verified last run (web search)
Tintxpress Mobile Tinting Yes,http://tintxpress.square.site/,tintxpress.square.site,Austin,TX,+1 512-695-8983,"8201 Cross Park Dr, Austin, TX 78754, United States",4.8,41,NO,window tint/film only,high,name + review keyword filter
Peaceful Hill Motors Yes,,,Austin,TX,+1 512-291-3001,"8201 Peaceful Hill Ln, Austin, TX 78748, United States",4.9,49,NEEDS_SITE_CHECK,insufficient signal,,name + review keyword filter
Valencia Remodeling and Construction Yes,http://www.valenciaremodeling.com/,valenciaremodeling.com,Dallas,TX,+1 469-656-5402,"8204 Elmbrook Dr #205, Dallas, TX 75247, United States",4.9,35,YES,"Energy-efficient Low-E window sales and installation, plus glass replacements",high,verified last run (web search)
Tableaux Architectural Panels Yes,https://tableaux.com/,tableaux.com,Austin,TX,+1 512-926-6346,"8212 Bagby Dr, Austin, TX 78724, United States",5,51,NEEDS_SITE_CHECK,insufficient signal,,name + review keyword filter
Austinstx.com Yes,https://austinstx.com/,austinstx.com,Austin,TX,+1 512-865-9703,"8216 Georgian Dr, Austin, TX 78753, United States",4.6,4621,NEEDS_SITE_CHECK,insufficient signal,,name + review keyword filter
Snyder Commercial Glass Yes,,,Austin,TX,+1 512-833-5118,"8222 Jamestown Dr C122, Austin, TX 78758, United States",4.4,28,NEEDS_SITE_CHECK,"glass shop or building contractor, window scope unknown",,name + review keyword filter
Austin Roofing Company & Handyman Yes,https://austinlocalroofing.com/,austinlocalroofing.com,Austin,TX,+1 512-259-5265,"823 Congress Ave Ste 300, Austin, TX 78701, United States",4.9,48,NEEDS_SITE_CHECK,"glass shop or building contractor, window scope unknown",,name + review keyword filter
Custom Sounds & Tint - Burnet Rd Yes,https://www.customsounds.com/locations/8241-burnet-rd-austin-tx-78757,customsounds.com,Austin,TX,+1 512-380-1444,"8241 Burnet Rd, Austin, TX 78757, United States",4,398,NEEDS_SITE_CHECK,insufficient signal,,name + review keyword filter
The Audio Group Yes,,,Dallas,TX,+1 214-575-6322,"8282 Spring Valley Rd #100, Dallas, TX 75240, United States",4.6,85,NEEDS_SITE_CHECK,insufficient signal,,name + review keyword filter
HD shower Glass & Mari Glass Yes,,,Dallas,TX,+1 512-698-8466,"8290 S Central Expy, Dallas, TX 75241, United States",5,7,NEEDS_SITE_CHECK,"glass shop or building contractor, window scope unknown",,name + review keyword filter
Luxury Auto Works Yes,https://luxuryautoworks.com/location-austin/?utm_campaign=gmb&utm_medium=organic&utm_source=google,luxuryautoworks.com,Austin,TX,+1 512-881-8376,"8300 N Lamar Blvd #100, Austin, TX 78753, United States",4.7,861,NEEDS_SITE_CHECK,insufficient signal,,name + review keyword filter
Alside Yes,https://www.alside.com/,alside.com,Austin,TX,+1 512-926-6249,"8301 Springdale Rd Ste 100, Austin, TX 78724, United States",4.1,28,YES,review explicitly describes window install/replacement,high,name + review keyword filter
All City Cleaning Yes,https://verdesolutions.squarespace.com/,verdesolutions.squarespace.com,Austin,TX,+1 737-291-5208,"8303 Cedar Elm Trail, Austin, TX 78735, United States",5,2,NEEDS_SITE_CHECK,insufficient signal,,name + review keyword filter
Sidingrepairserviceoak hill Yes,https://streetviewpixels-pa.googleapis.com/v1/thumbnail?panoid=VlSmDtfJkppwCKKD_6cmgg&cb_client=search.gws-prod.gps&w=408&h=240&yaw=209.26262&pitch=0&thumbfov=100,streetviewpixels-pa.googleapis.com,Austin,TX,+1 269-460-8945,"8305 Red Willow Dr, Austin, TX 78736, United States",,,NEEDS_SITE_CHECK,insufficient signal,,name + review keyword filter
7 Stars European Auto Yes,https://7starseuropeanauto.com/,7starseuropeanauto.com,Dallas,TX,+1 214-242-9420,"8330 Harry Hines Blvd, Dallas, TX 75235, United States",5,48,NO,"European car repair shop (BMW, Mercedes, Audi, Porsche)",high,verified last run (web search)
Green Bear Solutions Yes,https://www.greenbearsolutions.com/,greenbearsolutions.com,Dallas,TX,+1 888-455-4220,"8330 Lyndon B Johnson Fwy #500, Dallas, TX 75243, United States",4.5,46,NEEDS_SITE_CHECK,insufficient signal,,name + review keyword filter
Blue Hammer Roofing Yes,https://bluehammerroofing.com/areas-served/dallas/?utm_campaign=gmb&utm_medium=organic&utm_source=google,bluehammerroofing.com,Dallas,TX,+1 469-564-8357,"8330 Lyndon B Johnson Fwy B604, Dallas, TX 75243, United States",4.9,1307,YES,Window services listed alongside roofing/gutters; a customer review describes a side window replaced with the roof,low,verified last run (web search)
JUST ROOF GENERAL CONTRACTORS LLC Yes,https://roofremodelingsolution.com/,roofremodelingsolution.com,Dallas,TX,+1 469-797-6747,"8330 Lyndon B Johnson Fwy Ste 678, Dallas, TX 75243, United States",4.8,77,YES,Window replacement as part of exterior remodeling,high,verified last run (web search)
UrbanCraft Exterior Yes,,,Austin,TX,+1 737-309-3794,"8403 Gallatin Dr, Austin, TX 78736, United States",0,0,NEEDS_SITE_CHECK,"glass shop or building contractor, window scope unknown",,name + review keyword filter
Rodriguez Water Damage Services Yes,,,Dallas,TX,+1 972-332-5117,"8427 Marigold Dr, Dallas, TX 75241, United States",4.5,18,NEEDS_SITE_CHECK,insufficient signal,,name + review keyword filter
The Sliding Door Company Fort Lauderdale *Appointments Recommended* Yes,https://www.slidingdoorco.com/ft-lauderdale/,slidingdoorco.com,Fort Lauderdale,FL,+1 954-923-7504,"850 NE 13th St A, Fort Lauderdale, FL 33304, United States",4.9,67,NEEDS_SITE_CHECK,insufficient signal,,name + review keyword filter
Mr. Electric of Dallas Yes,https://www.mrelectricdallas.com/,mrelectricdallas.com,Dallas,TX,+1 469-634-0316,"8500 N Stemmons Fwy Suite #3024, Dallas, TX 75247, United States",4.8,1396,NO,"unrelated trade, no window signal",high,name + review keyword filter
North Face Exterior Yes,https://northfaceexterior.com/,northfaceexterior.com,Austin,TX,+1 512-893-8354,"8600 N FM 620 Ste.2845, Austin, TX 78726, United States",5,52,NEEDS_SITE_CHECK,"glass shop or building contractor, window scope unknown",,name + review keyword filter
Tint World Yes,http://www.tintworld.com/locations/tx/austin-043/,tintworld.com,Austin,TX,+1 512-593-5000,"8605 Burnet Rd STE 200, Austin, TX 78757, United States",4.8,665,NO,"Auto styling franchise: window tint, wraps, detailing, car audio",high,verified last run (web search)
PeakLine Siding Yes,https://peaklinesiding.repair/,peaklinesiding.repair,Austin,TX,+1 512-982-9819,"8605 Cureton Cove, Austin, TX 78747, United States",5,2,NEEDS_SITE_CHECK,"glass shop or building contractor, window scope unknown",,name + review keyword filter
Revive Film Solutions Yes,https://www.revivefilmsolutions.com/?utm_source=google&utm_medium=wix_google_business_profile&utm_campaign=2737260200148339736,revivefilmsolutions.com,Dallas,TX,+1 972-803-6048,"8607 Ambassador Row Ste 170a, Dallas, TX 75247, United States",5,4,NEEDS_SITE_CHECK,insufficient signal,,name + review keyword filter
ARS / Rescue Rooter Yes,https://www.ars.com/austin?utm_source=google&utm_medium=gbp&utm_campaign=local_seo&utm_content=gbp_website_click,ars.com,Austin,TX,+1 254-434-2444,"8619 Wall St Ste 600, Austin, TX 78754, United States",4.4,5192,NEEDS_SITE_CHECK,insufficient signal,,name + review keyword filter
Eddy window tint Yes,,,Austin,TX,+1 512-804-6949,"8624 FM812, Austin, TX 78719, United States",5,5,NO,window tint/film only,high,name + review keyword filter
Epic Septic of Austin Yes,https://www.epicseptic.com/,epicseptic.com,Austin,TX,+1 877-771-3742,"8626 Old Bee Caves Rd Unit A, Austin, TX 78735, United States",5,217,NO,"unrelated trade, no window signal",high,name + review keyword filter
Door Outlet Yes,http://www.dooroutlet.biz/,dooroutlet.biz,Austin,TX,+1 512-551-2904,"8701 Research Blvd, Austin, TX 78758, United States",4.1,79,NEEDS_SITE_CHECK,insufficient signal,,name + review keyword filter
Austin Film Solutions Yes,https://www.austinfilmsolutions.com/,austinfilmsolutions.com,Austin,TX,+1 737-610-4426,"8711 Burnet Rd Ste B33, Austin, TX 78757, United States",5,58,NEEDS_SITE_CHECK,insufficient signal,,name + review keyword filter
Capitol Company Yes,http://www.capitolcompany.com/,capitolcompany.com,Austin,TX,+1 512-836-9654,"8723 N Lamar Blvd, Austin, TX 78753, United States",4.9,111,NEEDS_SITE_CHECK,insufficient signal,,name + review keyword filter
Gerber Collision & Glass Yes,https://www.gerbercollision.com/locations/dallas-king-george-dr-tx?utm_source=SEO_Local&utm_medium=SEO_Local_Snack_Pack&utm_campaign=TX&utm_content=Dallas-King-George,gerbercollision.com,Dallas,TX,+1 214-396-8510,"8730 King George Dr, Dallas, TX 75235, United States",4.1,119,NEEDS_SITE_CHECK,"auto-glass name, but may also do building glass — must verify",,name + review keyword filter
LJ Auto Glass Yes,,,Austin,TX,+1 512-233-8648,"8800 N Interstate Hwy 35, Austin, TX 78753, United States",5,34,NEEDS_SITE_CHECK,"auto-glass name, but may also do building glass — must verify",,name + review keyword filter
Legacy Exteriors Yes,https://www.legacyexteriors.com/,legacyexteriors.com,Keller,TX,+1 817-751-4460,"8801 Davis Blvd Ste 2E, Keller, TX 76248, United States",4.9,63,YES,"Custom energy-efficient replacement window and door installation, free in-home estimates, lifetime craftsmanship warranty",high,verified last run (web search)
Solar Screens by Josh Yes,https://solarscreensbyjosh.info/,solarscreensbyjosh.info,Austin,TX,+1 512-876-8102,"8803 Tallwood Dr, Austin, TX 78759, United States",5,56,NEEDS_SITE_CHECK,insufficient signal,,name + review keyword filter
Thermal Windows Yes,http://www.thermalwindowsdfw.com/,thermalwindowsdfw.com,Dallas,TX,+1 214-630-5885,"8808 Empress Row, Dallas, TX 75247, United States",4.6,122,YES,"Manufactures and installs vinyl, thermally-broken aluminum and fiberglass replacement windows",high,verified last run (web search)
A+ Renovations Yes,https://aplusrenovations.org/,aplusrenovations.org,Austin,TX,+1 512-351-8360,"8818 Shoal Creek Blvd, Austin, TX 78757, United States",4.5,31,NEEDS_SITE_CHECK,insufficient signal,,name + review keyword filter
Alamo Austin Air Conditioning & Heating Yes,https://www.alamoaustinair.com/?utm_source=google+business+listing&utm_medium=organic&utm_campaign=click+to+website,alamoaustinair.com,Austin,TX,+1 512-537-0108,"8819 Jim Davis Pl, Austin, TX 78736, United States",5,1190,NO,"unrelated trade, no window signal",high,name + review keyword filter
Jacobs Low Price Auto Glass Yes,https://lowpriceautoglass49.com/,lowpriceautoglass49.com,Dallas,TX,+1 214-372-9300,"8835 S Central Expy, Dallas, TX 75241, United States",4.8,750,NO,auto glass / windshield replacement shop,high,verified last run (web search)
Total Home Technologies Yes,https://www.totalhometx.com/,totalhometx.com,Austin,TX,+1 512-991-0567,"8900 Shoal Creek Blvd Ste 111, Austin, TX 78757, United States",4.9,9,NEEDS_SITE_CHECK,insufficient signal,,name + review keyword filter
Shades Austin Yes,https://www.shadesaustin.com/,shadesaustin.com,Austin,TX,+1 512-991-2024,"8900 Shoal Creek Blvd Ste 111, Austin, TX 78757, United States",5,10,NO,blinds/shades/shutters/drapery (window treatments),high,name + review keyword filter
JP Exteriors Yes,https://jpexteriorstx.com/?utm_source=googlebusinessprofile&utm_medium=organic&promo=gbp,jpexteriorstx.com,Austin,TX,+1 512-960-3191,"8906 Wall St #201, Austin, TX 78754, United States",4.9,619,NEEDS_SITE_CHECK,insufficient signal,,name + review keyword filter
Miracle Method Surface Refinishing Yes,https://www.miraclemethod.com/austin?utm_source=gmb&utm_medium=organic,miraclemethod.com,Austin,TX,+1 512-588-5693,"8906 Wall St #501, Austin, TX 78754, United States",4.9,394,NEEDS_SITE_CHECK,insufficient signal,,name + review keyword filter
Accurate Auto Glass Yes,http://pflugervillecarwindows.com/,pflugervillecarwindows.com,Austin,TX,+1 512-961-9432,"8906 Wall St Ste 807, Austin, TX 78754, United States",5,2,NEEDS_SITE_CHECK,"auto-glass name, but may also do building glass — must verify",,name + review keyword filter
Chip Happens Windshield Repair Yes,http://chiphappensatx.com/,chiphappensatx.com,Austin,TX,+1 737-326-3477,"8912 Schick Rd A, Austin, TX 78729, United States",5,15,NO,"vehicle/automotive business, no glass or window signal",high,name + review keyword filter
Tiny Homes ATX Yes,https://www.tinyhomesatx.com/,tinyhomesatx.com,Austin,TX,+1 737-208-1055,"8925 FM973, Austin, TX 78719, United States",5,16,NEEDS_SITE_CHECK,insufficient signal,,name + review keyword filter
AAPEX Garage Door Repair Services Yes,https://aapexgaterepair.com/,aapexgaterepair.com,Dallas,TX,+1 469-573-1089,"8985 Vantage Point Dr, Dallas, TX 75243, United States",4.7,57,NO,Garage door and gate repair/installation,high,verified last run (web search)
Builders Bargain Yes,http://www.builders-bargain.com/,builders-bargain.com,Fort Lauderdale,FL,+1 954-522-1900,"900 NE 3rd Ave, Fort Lauderdale, FL 33304, United States",4.2,245,NEEDS_SITE_CHECK,insufficient signal,,name + review keyword filter
Affordable Impact Windows Fort Lauderdale Yes,https://www.affordableimpactwindowsfl.com/,affordableimpactwindowsfl.com,Fort Lauderdale,FL,+1 954-564-7375,"900 NE 3rd Ave, Fort Lauderdale, FL 33304, United States",4.6,4619,NEEDS_SITE_CHECK,window in name but service type unconfirmed,,name + review keyword filter
Major Window Installation Yes,,,Fort Lauderdale,FL,+1 754-327-7825,"900 NW 6th St #111, Fort Lauderdale, FL 33311, United States",5,2,YES,name states window installation/replacement/doors,high,name + review keyword filter
Atrium Windows & Doors - Cornerstone Building Brands Yes,http://www.atrium.com/,atrium.com,Dallas,TX,+1 800-846-9556,"9001 Ambassador Row, Dallas, TX 75247, United States",3.9,91,YES,name states window installation/replacement/doors,high,name + review keyword filter
Ply Gem - Cornerstone Building Brands Yes,http://www.plygem.com/,plygem.com,Dallas,TX,+1 888-975-9436,"9001 Ambassador Row, Dallas, TX 75247, United States",1.6,54,NO,Windows/doors and exterior products manufacturer,high,verified last run (web search)
Ross Revival Yes,https://rossrevival.com/,rossrevival.com,Dallas,TX,+1 469-212-0722,"9007 San Benito Way, Dallas, TX 75218, United States",0,0,YES,"Historic wooden sash window restoration and repair: cosmetic to full sash restoration, reglazing windows, over-window flashing, custom-fabricated storm windows",high,verified last run (web search)
Enso Homes Yes,https://ensohomes.com/,ensohomes.com,Austin,TX,+1 512-888-7000,"9010 Circle Dr, Austin, TX 78736, United States",5,27,NEEDS_SITE_CHECK,insufficient signal,,name + review keyword filter
ABC Home & Commercial Services Yes,https://www.abchomeandcommercial.com/austin/lawn-service/landscaping-design,abchomeandcommercial.com,Austin,TX,+1 512-220-7705,"9016 Old Manor Rd, Austin, TX 78724, United States",4.9,876,NEEDS_SITE_CHECK,insufficient signal,,name + review keyword filter
HG&Co Home Improvement Yes,https://hgcompany.net/,hgcompany.net,Dallas,TX,+1 214-660-7663,"9019 Garland Rd, Dallas, TX 75218, United States",5,86,NEEDS_SITE_CHECK,"glass shop or building contractor, window scope unknown",,name + review keyword filter
RSJ Window Tint Yes,http://rsjwindowtint.com/,rsjwindowtint.com,Dallas,TX,+1 469-855-7636,"902 S Peak St Ste c, Dallas, TX 75223, United States",4.9,123,NO,Automotive window tinting shop,high,verified last run (web search)
OnCall Home and Commercial Services Yes,http://www.oncallaustin.com/,oncallaustin.com,Austin,TX,+1 512-703-7302,"9029 Research Blvd #500, Austin, TX 78758, United States",5,22,NEEDS_SITE_CHECK,insufficient signal,,name + review keyword filter
BrightWing Custom Exteriors Yes,http://www.brightwingcustom.com/,brightwingcustom.com,Austin,TX,+1 512-323-0124,"9086 Jollyville Rd, Austin, TX 78759, United States",5,36,YES,review explicitly describes window install/replacement,high,name + review keyword filter
Lakewood Window Cleaning Yes,https://lakewoodwindowcleaning.com/,lakewoodwindowcleaning.com,Dallas,TX,+1 214-223-8846,"9105 Westglen Dr, Dallas, TX 75228, United States",4.8,163,NO,"Window cleaning, gutter cleaning, pressure washing",high,verified last run (web search)
Smart Home Exteriors Yes,http://www.smarthomeexteriors.com/,smarthomeexteriors.com,Rockford,IL,+1 779-210-4096,"915 S Alpine Rd, Rockford, IL 61108, United States",4.6,4655,NEEDS_SITE_CHECK,insufficient signal,,name + review keyword filter
Arrow Glass and Mirror Yes,https://glassgang.com/,glassgang.com,Austin,TX,+1 512-339-4888,"9201 Brown Ln Suite 280, Austin, TX 78754, United States",4.3,33,YES,review explicitly describes window install/replacement,high,name + review keyword filter
The Front Door Company Yes,https://thefrontdoorco.com/,thefrontdoorco.com,Austin,TX,+1 512-459-9034,"9222 Burnet Rd #104, Austin, TX 78758, United States",4.7,126,NEEDS_SITE_CHECK,insufficient signal,,name + review keyword filter
Quality Screen Co. Yes,https://www.qualitywindowscreen.com/,qualitywindowscreen.com,Dallas,TX,+1 469-342-1365,"9259 King Arthur Dr, Dallas, TX 75247, United States",3.9,46,NO,"Window screen and solar screen manufacturer/supplier (incl. DIY kits, nationwide shipping)",high,verified last run (web search)
Ideal Property Solutions Yes,https://www.ipsroofs.com/,ipsroofs.com,Rockford,IL,+1 815-597-0707,"929 S Alpine Rd #201, Rockford, IL 61108, United States",4.9,296,NEEDS_SITE_CHECK,insufficient signal,,name + review keyword filter
Prestige auto repairs & tires Fort Lauderdale Yes,https://www.prestige.tires/,prestige.tires,Fort Lauderdale,FL,+1 954-562-8045,"930 NE 4th Ave, Fort Lauderdale, FL 33304, United States",4.9,134,NEEDS_SITE_CHECK,insufficient signal,,name + review keyword filter
All Nation Restoration Yes,https://www.allnationrestoration.com/?utm_source=GMB,allnationrestoration.com,Austin,TX,+1 512-540-8434,"9301 US-290 Ste 104, Austin, TX 78736, United States",4.9,267,NEEDS_SITE_CHECK,"glass shop or building contractor, window scope unknown",,name + review keyword filter
CUSTOM SECURITY DOORS / AAA CUSTOM WINDOWS Yes,https://customsecuritydoorsandwindows.com/,customsecuritydoorsandwindows.com,Dallas,TX,+1 214-340-0078,"9310 Forest Ln #206, Dallas, TX 75243, United States",4.7,18,YES,"Vinyl and aluminum replacement windows and storm windows, single/double hung, professional installation since 1981",high,verified last run (web search)
Burglar Bars in Dallas Yes,https://www.burglarbarsindallas.com/,burglarbarsindallas.com,Dallas,TX,+1 214-340-0078,"9310 Forest Ln #206, Dallas, TX 75243, United States",4.5,4,YES,"Replacement windows (incl. vinyl replacement windows) sold and installed, alongside burglar bars and security doors",high,verified last run (web search)
Westlake Power Washing Yes,https://westlakepowerwashing.com/,westlakepowerwashing.com,Austin,TX,+1 512-280-1649,"9313 Circle Dr Suite A, Austin, TX 78736, United States",4.9,210,NEEDS_SITE_CHECK,insufficient signal,,name + review keyword filter
Exclusive Windows & Doors Yes,http://www.exclusivewindowsanddoors.com/,exclusivewindowsanddoors.com,Austin,TX,+1 512-341-9282,"9324 Neils Thompson Dr, Austin, TX 78758, United States",4.6,11,YES,name states window installation/replacement/doors,high,name + review keyword filter
Woodruff Windows Yes,https://woodruffwindows.com/location/garland-texas/,woodruffwindows.com,Dallas,TX,+1 214-390-9426,"9330 Lyndon B Johnson Fwy #900, Dallas, TX 75243, United States",5,5,YES,"Custom-built replacement windows and doors, in-house install crews; Garland/DFW",high,verified last run (web search)
Window Film Depot - Home & Commercial Window Tint Yes,https://www.windowfilmdepot.com/locations/texas/dallas-fort-worth/,windowfilmdepot.com,Dallas,TX,+1 469-607-1480,"9330 Lyndon B Johnson Fwy #900, Dallas, TX 75243, United States",5,3,NO,"National 3M window film installer (security, solar, graphics)",high,verified last run (web search)
T Rock Roofing & Contracting Yes,https://www.dallasroofer.com/,dallasroofer.com,Dallas,TX,+1 469-931-9867,"9330 Lyndon B Johnson Fwy #900, Dallas, TX 75243, United States",4.9,806,NEEDS_SITE_CHECK,"glass shop or building contractor, window scope unknown",,name + review keyword filter
Main Autoglass LLC Yes,https://www.mainautoglass.com/,mainautoglass.com,Austin,TX,+1 512-698-2931,"937 Reinli St Ste 17, Austin, TX 78751, United States",4.2,60,NO,"vehicle/automotive business, no glass or window signal",high,name + review keyword filter
Sunn Window Cleaning Co Yes,https://www.sunnwindowcleaning.com/,sunnwindowcleaning.com,Austin,TX,+1 512-444-5505,"937 Reinli St, Austin, TX 78751, United States",3,2,NO,window cleaning/washing,high,name + review keyword filter
Champion Replacement Windows of Austin Yes,https://www.championwindow.com/Austin/?utm_source=google&utm_medium=organic&utm_campaign=gmb_austin_localpage,championwindow.com,Austin,TX,+1 512-961-8895,"9402 Business Dr, Austin, TX 78758, United States",4.2,94,NEEDS_SITE_CHECK,window in name but service type unconfirmed,,name + review keyword filter
Austin Custom Screens Yes,https://www.austinscreenshop.com/,austinscreenshop.com,Austin,TX,+1 512-837-7081,"9407 Brown Ln, Austin, TX 78754, United States",4.8,26,NEEDS_SITE_CHECK,insufficient signal,,name + review keyword filter
The Window Source of Austin Yes,https://www.windowsourceaustin.com/,windowsourceaustin.com,Austin,TX,+1 512-524-9455,"9415 Burnet Rd Ste 309A, Austin, TX 78758, United States",5,0,YES,name states window installation/replacement/doors,high,name + review keyword filter
Austin sign depot Yes,https://austinsigndepotusa.com/,austinsigndepotusa.com,Austin,TX,+1 512-835-7446,"9421 Burnet Rd # A, Austin, TX 78758, United States",5,62,NO,"unrelated trade, no window signal",high,name + review keyword filter
Pebblestone Homes Yes,http://www.pebblestonehomes.com/,pebblestonehomes.com,Dallas,TX,+1 469-426-7839,"9460 Waterview Rd, Dallas, TX 75218, United States",5,19,NEEDS_SITE_CHECK,insufficient signal,,name + review keyword filter
ABC Home & Commercial - HVAC Services Department Yes,https://www.abchomeandcommercial.com/austin/hvac-repair?utm_source=gmb&utm_medium=organic&utm_campaign=aus-hvac,abchomeandcommercial.com,Austin,TX,+1 512-220-7668,"9475 US-290, Austin, TX 78724, United States",4.9,996,NO,"unrelated trade, no window signal",high,name + review keyword filter
ABC Home & Commercial Services - Pest Control Department Yes,https://www.abchomeandcommercial.com/austin/pest-control?utm_source=gmb&utm_medium=organic&utm_campaign=austin-pest,abchomeandcommercial.com,Austin,TX,+1 512-837-9500,"9475 US-290, Austin, TX 78724, United States",4.8,5140,NO,"unrelated trade, no window signal",high,name + review keyword filter
Sterling Construction Yes,https://sterlingconstruction.com/,sterlingconstruction.com,Oakland Park,FL,+1 954-668-0245,"951 NW 35th Ct, Oakland Park, FL 33309, United States",4.3,13,NEEDS_SITE_CHECK,"glass shop or building contractor, window scope unknown",,name + review keyword filter
A1 Gutters Cleaning & Services Yes,http://a1gutterscleaningservices.com/,a1gutterscleaningservices.com,Dallas,TX,+1 972-882-6108,"9550 Forest Ln Ste 717b, Dallas, TX 75243, United States",5,4,NEEDS_SITE_CHECK,insufficient signal,,name + review keyword filter
Luma Exteriors Yes,https://lumaexteriors.com/,lumaexteriors.com,Austin,TX,+1 512-201-1818,"9600 Escarpment Blvd Ste 745-27, Austin, TX 78749, United States",5,29,YES,review explicitly describes window install/replacement,high,name + review keyword filter
Strategic Air Services Yes,https://strategicairservices.com/?utm_source=google&utm_medium=organic&utm_campaign=local,strategicairservices.com,Austin,TX,+1 512-253-4773,"9600 US-290, Austin, TX 78736, United States",5,586,NEEDS_SITE_CHECK,insufficient signal,,name + review keyword filter
Austin Hi-Tech Restoration Yes,http://www.austinhi-tech.com/?utm_source=google&utm_medium=gbp,austinhi-tech.com,Austin,TX,+1 737-677-3763,"9601 Dessau Rd Bldg 2, STE#207, Austin, TX 78754, United States",4.6,136,NEEDS_SITE_CHECK,"glass shop or building contractor, window scope unknown",,name + review keyword filter
Joshhobbs.com Solar Screens Yes,http://www.joshhobbs.com/,joshhobbs.com,Austin,TX,+1 512-351-5762,"9603 Saunders Ln B-1A, Austin, TX 78758, United States",5,171,NEEDS_SITE_CHECK,insufficient signal,,name + review keyword filter
Paradigm Glass Yes,http://paradigmglass.com/,paradigmglass.com,Austin,TX,+1 512-743-0207,"9603 Saunders Ln b2, Austin, TX 78758, United States",4.7,31,NEEDS_SITE_CHECK,"glass shop or building contractor, window scope unknown",,name + review keyword filter
Risner Roofing Yes,https://www.risnerroofing.com/?utm_source=google&utm_medium=organic&utm_campaign=gbp,risnerroofing.com,Austin,TX,+1 512-210-1122,"9701 Brown Ln B206, Austin, TX 78754, United States",5,98,NEEDS_SITE_CHECK,"glass shop or building contractor, window scope unknown",,name + review keyword filter
Glass Doctor Home + Business of Austin Yes,https://glassdoctor.com/austin-tx-home-business?cid=LSTL_MGD000191&utm_source=gmb&utm_campaign=local&utm_medium=organic,glassdoctor.com,Austin,TX,+1 512-782-8409,"9701 Dessau Rd Ste 805, Austin, TX 78754, United States",4.7,860,YES,review explicitly describes window install/replacement,high,name + review keyword filter
Auto Glass Solutions Inc Yes,http://autoglasssolutionsinc.com/,autoglasssolutionsinc.com,Austin,TX,+1 512-241-1211,"9705 Burnet Rd #309, Austin, TX 78758, United States",4.8,640,NEEDS_SITE_CHECK,"auto-glass name, but may also do building glass — must verify",,name + review keyword filter
Window Tint of Austin / Sun Stoppers Austin Yes,https://windowtintofaustin.com/,windowtintofaustin.com,Austin,TX,+1 512-661-6152,"9705 Burnet Rd #501, Austin, TX 78758, United States",4.9,44,NO,window tint/film only,high,name + review keyword filter
Accolade Windows & Doors Replacement Yes,http://www.accoladewindows.com/,accoladewindows.com,Austin,TX,+1 512-288-8354,"9705 Research Blvd Ste C2, Austin, TX 78759, United States",4.8,174,YES,name states window installation/replacement/doors,high,name + review keyword filter
No Salesperson Remodeling Yes,https://www.nosalespersonremodeling.com/,nosalespersonremodeling.com,Austin,TX,+1 512-844-5858,"9711 Gray Blvd, Austin, TX 78758, United States",5,3,NEEDS_SITE_CHECK,insufficient signal,,name + review keyword filter
Turbo Tint Yes,https://southaustin.turbotint.com/,southaustin.turbotint.com,Austin,TX,+1 512-615-1525,"9711 Menchaca Rd, Austin, TX 78748, United States",4.9,462,NEEDS_SITE_CHECK,insufficient signal,,name + review keyword filter
Auto Glass Garland Yes,https://autoglassgarland.com/,autoglassgarland.com,Dallas,TX,+1 214-884-9999,"9837 Walnut St, Dallas, TX 75243, United States",4.7,67,NO,Auto glass / windshield repair and replacement,high,verified last run (web search)
NuevaVista Windows Yes,,,Dallas,TX,+1 945-232-1378,"9848 Monroe Dr office b, Dallas, TX 75220, United States",4.7,9,YES,window in name + review describes window work,high,name + review keyword filter
Arizona Glass & Door Connection Yes,https://www.azglassconnection.com/,azglassconnection.com,Phoenix,AZ,+1 602-375-2000,"9850 N 19th Dr #7, Phoenix, AZ 85021, United States",3.4,45,NEEDS_SITE_CHECK,"glass shop or building contractor, window scope unknown",,name + review keyword filter
Flooring Direct Yes,https://www.flooringdirectdfw.com/?utm_source=gbp,flooringdirectdfw.com,Dallas,TX,+1 469-949-3873,"9886 Chartwell Dr, Dallas, TX 75243, United States",4.7,773,NEEDS_SITE_CHECK,insufficient signal,,name + review keyword filter
Rapid Glass Atx Yes,https://rapidglassatx.com/,rapidglassatx.com,Austin,TX,+1 512-222-7369,"9901 N Capital of Texas Hwy #220, Austin, TX 78759, United States",4.9,77,NEEDS_SITE_CHECK,"glass shop or building contractor, window scope unknown",,name + review keyword filter
RainTight General Contracting Yes,http://www.raintight.net/,raintight.net,Dallas,TX,+1 214-693-6196,"9903 Carnegie Dr, Dallas, TX 75228, United States",4.8,20,YES,Window installation; windows are a headline service alongside roofing and gutters,high,verified last run (web search)
Stellrr Insulation & Spray Foam Yes,https://landing.stellrr.com/,landing.stellrr.com,Austin,TX,+1 512-710-2839,"9926 Vikki Terrace, Austin, TX 78736, United States",4.7,99,NEEDS_SITE_CHECK,insufficient signal,,name + review keyword filter
Den Defenders Security Doors Yes,https://dendefenders.com/texas/dallas-security-doors/?utm_source=google&utm_medium=gbp&utm_campaign=dallas-security,dendefenders.com,Dallas,TX,+1 214-814-1374,"9959 Royal Ln Unit 10, Dallas, TX 75231, United States",5,15,NO,Custom security screen doors and security window screens,high,verified last run (web search)
Garage Tec Automatic Gates & Garage Door Repair Yes,https://garagetec.org/,garagetec.org,Dallas,TX,+1 469-589-1155,"9965 Royal Ln Ste 35, Dallas, TX 75231, United States",5,947,NO,Garage door and automatic gate repair/installation,high,verified last run (web search)
Adrielisha Glass and Installation Services,,,,,,,5,501,NEEDS_SITE_CHECK,"glass shop or building contractor, window scope unknown",,name + review keyword filter
Boca Impact Window and Door Yes,https://www.bocaimpactwd.com/?utm_source=google&utm_medium=organic&utm_campaign=GBPListing-Boca-Raton-FL,bocaimpactwd.com,Boca Raton,FL,+1 561-556-4539,"Bay 17, 3601 N Dixie Hwy, Boca Raton, FL 33431, United States",5,68,YES,name states window installation/replacement/doors,high,name + review keyword filter
A to Z GC - Home Remodeling Yes,https://atoz-gc.com/,atoz-gc.com,Fort Lauderdale,FL,+1 954-280-2848,"BB3, 5933 Ravenswood Rd BB3, Fort Lauderdale, FL 33312, United States",4.3,271,NEEDS_SITE_CHECK,insufficient signal,,name + review keyword filter
"Taroja’s Prime Glass Yes Bliss, Victoria Hills, Bago Aplaya, Talomo, Davao City, 8000 Davao del Sur 0906 249 0862",https://www.facebook.com/share/14gsAoCquU/?mibextid=wwXIfr,facebook.com,,,,,5,0,YES,Stocks windows and provides framing and installation services including window and door installations,medium,verified last run (web search)
ISLA GLASS Doors & Windows Glass and Aluminum Fabrication & Installation Services,,,,,,,1,385,NEEDS_SITE_CHECK,window in name but service type unconfirmed,,name + review keyword filter
Supreme Shades Yes,https://www.supremeshades.com/,supremeshades.com,Austin,TX,+1 512-758-2577,"Building 1, 901 S MoPac Expy Ste 300, Austin, TX 78746, United States",4.9,78,NO,blinds/shades/shutters/drapery (window treatments),high,name + review keyword filter
Glacier glass and mirror Yes,http://glacierglassandmirror.com/,glacierglassandmirror.com,,,+1 945-268-0721,"Dallas, TX 75243, United States",5,2,YES,Same-day broken window glass repair/replacement; glass office door installation,low,verified last run (web search)
Autograph Construction Yes,https://autographconstruction.com/,autographconstruction.com,,,+1 214-210-0202,"Dallas, TX 75372, United States",4.8,145,YES,"Window installation listed as a service alongside roofing, siding, gutters and patio covers",high,verified last run (web search)
JB Glass And Aluminum Services,,,,,,,5,501,NEEDS_SITE_CHECK,"glass shop or building contractor, window scope unknown",,name + review keyword filter
Southern Star Mobile Auto Glass Specialist Dallas Yes,https://southernstarautoglassspecialist.com/,southernstarautoglassspecialist.com,Dallas,TX,+1 469-498-2244,"HilltopSecurities Tower, 717 N Harwood St #90, Dallas, TX 75201, United States",5,19,NO,Mobile auto glass specialist,low,verified last run (web search)
Axis Contracting Yes,https://axiscontract.com/?utm_source=google&utm_medium=organic&utm_campaign=gmb-primary-link,axiscontract.com,Rockford,IL,+1 888-409-0441,"One Court Pl Ste 101, Rockford, IL 61101, United States",4.6,100,NEEDS_SITE_CHECK,insufficient signal,,name + review keyword filter
Fx General Contractor Yes,https://fxgeneralcontractor.com/,fxgeneralcontractor.com,Dallas,TX,+1 682-330-1902,"Petain Ave, Dallas, TX 75227, United States",4.3,7,NO,"General contractor focused on painting, drywall and siding",medium,verified last run (web search)
"RK Glass and Aluminum Works Yes purok 10, Poblacion, Valencia City, 8709 Bukidnon 0927 579 6033",https://www.facebook.com/RkGlassandAluminumWorks,facebook.com,,,,,5,2,YES,Stocks windows and provides framing and installation services including window and door installations,medium,verified last run (web search)
Ringer Windows Yes,http://ringerwindows.com/?utm_source=GMB&utm_medium=Organic&utm_campaign=Austin,ringerwindows.com,Austin,TX,+1 512-309-4624,"Sales Office Only by appointment only, 7901 Cameron Rd Bldg 1 Ste 112, Austin, TX 78754, United States",4,16,YES,window in name + review describes window work,high,name + review keyword filter
ENG CLEANING SOLUTIONS Yes,http://engcleaningsolutions.com/,engcleaningsolutions.com,Austin,TX,+1 512-822-2282,"Sta #2, 7901 Cameron Rd #130a, Austin, TX 78754, United States",5,3,NEEDS_SITE_CHECK,insufficient signal,,name + review keyword filter
"Waseem doors Yes Tamen merdeka jalan m6, fasa 2, Jln Taman Merdeka, 75350 Melaka, Malaysia +60 11-1622 8673",http://waseemdoors.com/,waseemdoors.com,,,,,5,4,NEEDS_SITE_CHECK,insufficient signal,,name + review keyword filter
independentautoglass.co Yes,https://austinmobileautoglass.com/,austinmobileautoglass.com,Austin,TX,+1 512-839-7715,"Texas Ave, Austin, TX 78705, United States",0,0,NEEDS_SITE_CHECK,insufficient signal,,name + review keyword filter
Driftwood Steel Co Yes,https://driftwoodsteelco.com/,driftwoodsteelco.com,Austin,TX,+1 512-270-1199,"US-290, Austin, TX 78737, United States",5,2,NEEDS_SITE_CHECK,insufficient signal,,name + review keyword filter
XLR8 Industries LLC Yes,https://xlr8ind.com/,xlr8ind.com,Dallas,TX,+1 214-457-2814,"W Kiest Blvd, Dallas, TX 75236, United States",5,5,YES,"Window glass replacement, broken/cracked glass panel repair, sliding glass door repair, commercial glass repair, emergency board-up",high,verified last run (web search)
