company_name,website,domain,city,state,phone,address,rating,review_count,status,basis,confidence,source
SONIQ Windows and Doors Austin,https://soniqwindows.com/,soniqwindows.com,,,+1 512-256-1734,,5,2,YES,name states window installation/replacement/doors,high,name + review keyword filter
Royal Renovations Contractors,http://www.royal-renovations.com/,royal-renovations.com,Dallas,TX,+1 888-899-3368,"1111 W Mockingbird Ln Ste 1360, Dallas, TX 75247, United States",4.8,101,YES,"Windows listed among residential services (painting, siding, roofing, gutters, windows, additions)",high,verified last run (web search)
CAT Exteriors Dallas,https://www.catexteriors.pro/,catexteriors.pro,Dallas,TX,+1 833-444-4228,"9865 Chartwell Dr, Dallas, TX 75243, United States",4.4,47,YES,"Replacement windows (double-hung, single-hung, picture, geometric); Anlin gold star dealer with installation",high,verified last run (web search)
LockTight Impact Windows Doors & Roofing Yes,https://locktightimpact.com/?utm_source=omg-gbp&utm_medium=webclick,locktightimpact.com,Fort Lauderdale,FL,+1 954-500-5625,"2200 SW 45th St #101, Fort Lauderdale, FL 33312, United States",4.8,2215,YES,window in name + review describes window work,high,name + review keyword filter
Surplus Building Materials (SBMTX) | Home Improvement Doors Kitchens Floors & Installation Experts in Texas Yes,https://sbmtx.com/,sbmtx.com,Farmers Branch,TX,+1 972-241-4444,"3404 Belt Line Rd, Farmers Branch, TX 75234, United States",4.3,483,YES,"Carries windows in a 150,000 sq ft showroom/warehouse and offers window replacement service alongside door, flooring and cabinet installation",medium,verified last run (web search)
MR GLAZIER - Windows Doors Shower Enclosures No,https://mrglazier.com/fl-fort-lauderdale/,mrglazier.com,Fort Lauderdale,FL,+1 954-504-6501,"217 S Federal Hwy, Fort Lauderdale, FL 33301, United States",0,0,YES,name states window installation/replacement/doors,high,name + review keyword filter
Advanced Windows Doors and More,https://advancedwindowsdoorsandmore.com/,advancedwindowsdoorsandmore.com,,,+1 469-678-0401,,5,30,YES,"Window installation and replacement, glass replacement; also doors and siding",high,verified last run (web search)
Baker Roofing & Construction Inc,https://baker-roofing.com/,baker-roofing.com,Dallas,TX,+1 855-766-3777,"6507 Trammel Dr, Dallas, TX 75214, United States",4.9,62,YES,"Replacement windows, window screens, cracked/broken window glass repair; window installation as part of construction services",high,verified last run (web search)
Elite Remodeling Group Inc. No,https://www.eliteremodelinggroup.com/,eliteremodelinggroup.com,Rockford,IL,+1 815-977-9685,"5411 E State St, Rockford, IL 61108, United States",5,4353,YES,review explicitly describes window install/replacement,high,name + review keyword filter
WindowCraft Inc. No,https://windowcraftinc.com/,windowcraftinc.com,Gainesville,TX,+1 940-726-5008,"6441 I-35 Frontage Rd, Gainesville, TX 76240, United States",3.5,8,YES,Sale and installation of windows and doors for new construction and remodeling - Gainesville showroom of the same company as ID 136,high,verified last run (web search)
Action Window & Glass Inc.,http://actionwindowfl.com/,actionwindowfl.com,,,+1 754-293-7026,,4.8,59,YES,window in name + review describes window work,high,name + review keyword filter
Texas Door & Trim Inc.,http://www.tdt-inc.com/,tdt-inc.com,Dallas,TX,+1 214-342-9393,"11220 Petal St, Dallas, TX 75238, United States",2.8,24,YES,"Sells Andersen/Parrett/Eagle/Atrium/Velux windows with a full-time window specialist, and offers on-site window installation, staging, screen and tune services",medium,verified last run (web search)
East Coast Windows & Doors Inc.,https://eastcoastwindows.com/,eastcoastwindows.com,Pompano Beach,FL,+1 954-946-3697,"1711 SW 7th Ave, Pompano Beach, FL 33060, United States",4.5,110,YES,name states window installation/replacement/doors,high,name + review keyword filter
Austin Retrofit Inc.,http://www.austinretrofit.com/,austinretrofit.com,Austin,TX,+1 512-926-6665,"1834 Ferguson Ln Bldg 1300, Austin, TX 78754, United States",4.5,30,YES,review explicitly describes window install/replacement,high,name + review keyword filter
Creative Windows and Doors Inc.,https://www.google.com/maps/vt/pb=!1m4!1m3!1i17!2i36345!3i55688!2m3!1e0!2sm!3i793559766!2m2!1e2!2sspotlit!3m8!2sen!3sph!5e1105!12m4!1e68!2m2!1sset!2sRoadmap!4e0!5m1!1e0!23i1368782!23i1368785!23i4861626!23i10211310!23i1381938!23i47054629!23i47029525!23i72272233!23i72272234!23i72272236!23i72458815!23i94243289!23i94255677!23i72860224!23i10211515!23i94260020!23i100799651!23i72549439!27m15!299174093m14!14m13!1m8!1m2!1y9860913563660247961!2y1166371562866519408!2s%2Fg%2F1v2f19j1!4m2!1x260918035!2x3493246800!15sgcid%3Awindow_installation_service!2b0!3b0!6b0!8b0,google.com,Fort Lauderdale,FL,+1 305-218-2841,"2421 Marina Bay Dr W suite 13-107, Fort Lauderdale, FL 33312, United States",,,YES,name states window installation/replacement/doors,high,name + review keyword filter
Windows of Texas Inc.,https://windowsoftexas.com/,windowsoftexas.com,Grapevine,TX,+1 682-201-5645,"312 W Northwest Hwy, Grapevine, TX 76051, United States",4.8,21,YES,New and replacement windows and doors for DFW homes; window installation and repair via partner suppliers/installers,high,verified last run (web search)
All American Windows and Doors Inc.,http://www.aawimpact.com/,aawimpact.com,Fort Lauderdale,FL,+1 954-786-8525,"6001 Powerline Rd Ste B, Fort Lauderdale, FL 33309, United States",3.6,77,YES,name states window installation/replacement/doors,high,name + review keyword filter
Solid Exteriors LLC,http://solid-exteriors.com/?utm_source=google&utm_medium=wix_google_business_profile&utm_campaign=16700656850061699214,solid-exteriors.com,,,+1 469-520-0466,,4.7,16,YES,"Windows listed as a service alongside James Hardie siding, doors and gutters",high,verified last run (web search)
Legacy Crown Exteriors LLC,http://www.legacycrownexteriors.com/,legacycrownexteriors.com,,,+1 903-312-4574,,5,18,YES,Window installation as a listed service of the general contractor,high,verified last run (web search)
Kirk Windows LLC,http://www.kirkwindows.com/,kirkwindows.com,,,+1 972-977-7292,,4.8,47,YES,"Replacement windows, custom windows, egress windows, window installation (Pella)",high,verified last run (web search)
Pasadena Building Solutions LLC,https://www.pasabuilds.com/,pasabuilds.com,,,+1 469-620-0921,,5,5,YES,Complete window replacement on homes; also HVAC and other building repairs,medium,verified last run (web search)
Wow Windows & Glass LLC,http://www.wowwindowsglass.com/,wowwindowsglass.com,Carrollton,TX,+1 469-892-6662,"1201 Walnut Ave #6, Carrollton, TX 75006, United States",5,488,YES,"Vinyl replacement windows, broken/foggy glass repair, glass replacement, screens, shower enclosures",high,verified last run (web search)
Zeus Exteriors LLC,http://www.zeusexteriors.com/,zeusexteriors.com,Dallas,TX,+1 469-771-0988,"2815 Valley View Ln #210, Dallas, TX 75234, United States",5,181,YES,Window replacement,high,verified last run (web search)
Phoenix Window & Door Llc,http://www.phoenixwindowdoor.com/,phoenixwindowdoor.com,Phoenix,AZ,+1 602-633-1279,"4022 S 20th St, Phoenix, AZ 85040, United States",0,0,YES,name states window installation/replacement/doors,high,name + review keyword filter
United Roofing Services LLC,https://www.unitedroofservicesllc.com/,unitedroofservicesllc.com,Dallas,TX,+1 214-677-2987,"6742 La Grange Dr, Dallas, TX 75241, United States",4.8,39,YES,"""Window and Door Services"" listed alongside roofing, gutters and skylights",medium,verified last run (web search)
RC Construction - Texas LLC.,https://rcconstructionco.com/,rcconstructionco.com,,,+1 512-638-2237,,4.3,6,YES,review explicitly describes window install/replacement,high,name + review keyword filter
Sunbelt Waterproofing & Restoration LLC.,http://www.sunbeltllc.com/,sunbeltllc.com,Dallas,TX,+1 972-681-6222,"7318 Ferguson Rd, Dallas, TX 75228, United States",4.4,17,YES,Window glazing and glass replacement on commercial buildings; sealant/caulking replacement,high,verified last run (web search)
Window Repair Dallas TX No,https://streetviewpixels-pa.googleapis.com/v1/thumbnail?panoid=elqEnSzXOzpG0jsh9mFmzQ&cb_client=search.gws-prod.gps&w=408&h=240&yaw=85.40448&pitch=0&thumbfov=100,streetviewpixels-pa.googleapis.com,Dallas,TX,+1 972-607-4645,"100 Highland Park Village #200, Dallas, TX 75205, United States",,,YES,name states window installation/replacement/doors,high,name + review keyword filter
Adame Windows & Doors No,https://streetviewpixels-pa.googleapis.com/v1/thumbnail?panoid=I8_OoGZckCOB-hKz1bEzZw&cb_client=search.gws-prod.gps&w=408&h=240&yaw=2.8170514&pitch=0&thumbfov=100,streetviewpixels-pa.googleapis.com,Dallas,TX,+1 214-942-2254,"103 W 9th St, Dallas, TX 75208, United States",,,YES,name states window installation/replacement/doors,high,name + review keyword filter
C&C Exteriors No,http://www.exteriorscc.net/,exteriorscc.net,Dallas,TX,+1 469-291-7039,"10420 Plano Rd #112, Dallas, TX 75238, United States",5,28,YES,Window replacement offered as part of full exterior packages,high,verified last run (web search)
Statewide Energy Solutions No,https://statewideenergysolutions.com/about-us/,statewideenergysolutions.com,Dallas,TX,+1 800-339-4326,"11520 N Central Expy, Dallas, TX 75243, United States",5,5021,YES,"Energy-efficient replacement windows, locally manufactured and installed; lifetime transferable warranty including glass breakage and labor",high,verified last run (web search)
Sanders Glazing No,https://streetviewpixels-pa.googleapis.com/v1/thumbnail?panoid=WUurzXbDJM1CHYKJA7K8cA&cb_client=search.gws-prod.gps&w=408&h=240&yaw=271.8194&pitch=0&thumbfov=100,streetviewpixels-pa.googleapis.com,Dallas,TX,+1 469-323-5043,"1305 Burns Ave, Dallas, TX 75211, United States",,,YES,name states window installation/replacement/doors,high,name + review keyword filter
Omniview Window and Door Dallas No,http://omniview.us/,omniview.us,Farmers Branch,TX,+1 972-701-0844,"13615 Inwood Rd #120, Farmers Branch, TX 75244, United States",4.8,6,YES,"Custom window sales, installation and replacement - Dallas showroom of the same company as ID 78",high,verified last run (web search)
Ross Window & Door No,,,Dallas,TX,,"2101 Ross Ave, Dallas, TX 75201, United States",0,0,YES,name states window installation/replacement/doors,high,name + review keyword filter
Premier Sash & Door Ltd No,,,Dallas,TX,+1 972-484-3020,"2104 French Settlement Rd, Dallas, TX 75212, United States",1,9,YES,review explicitly describes window install/replacement,high,name + review keyword filter
Home Craftman No,http://www.homecraftsman.net/,homecraftsman.net,Dallas,TX,+1 214-239-0585,"2150 French Settlement Rd, Dallas, TX 75212, United States",4,4510,YES,Vinyl replacement windows and doors — energy-efficient replacement window products for Dallas homes,low,verified last run (web search)
Butler Window & Door No,https://streetviewpixels-pa.googleapis.com/v1/thumbnail?panoid=H6gRChgEEKDPTEGTKwbCtg&cb_client=search.gws-prod.gps&w=408&h=240&yaw=28.95156&pitch=0&thumbfov=100,streetviewpixels-pa.googleapis.com,Dallas,TX,+1 214-217-7512,"2231 Butler St, Dallas, TX 75235, United States",,,YES,name states window installation/replacement/doors,high,name + review keyword filter
the window experts No,http://www.thewindowexperts.com/about-us/,thewindowexperts.com,Dallas,TX,+1 214-865-6565,"25 Highland Park Village, Dallas, TX 75205, United States",0,0,YES,"Replacement windows and doors from 12+ brands, including aluminum replacement windows",high,verified last run (web search)
Andersen Windows No,https://www.andersenwindows.com/,andersenwindows.com,Garland,TX,+1 214-221-9500,"3801 Regency Crest Dr, Garland, TX 75041, United States",4.1,59,YES,Window manufacturer that also sells and installs direct to homeowners (Renewal by Andersen); this Garland address is its DFW distribution center,medium,verified last run (web search)
Allco Siding & Window Replacement Contractors No,https://streetviewpixels-pa.googleapis.com/v1/thumbnail?panoid=NVhVsBFYkcNXAtxLCLVKaA&cb_client=search.gws-prod.gps&w=408&h=240&yaw=298.5075&pitch=0&thumbfov=100,streetviewpixels-pa.googleapis.com,Austin,TX,,"3810 Medical Pkwy, Austin, TX 78756, United States",,,YES,name states window installation/replacement/doors,high,name + review keyword filter
Trinity Glazing Contractors No,https://www.trinityglazing.com/,trinityglazing.com,Dallas,TX,+1 214-339-6444,"4520 Mint Way #1, Dallas, TX 75236, United States",4.9,10,YES,name states window installation/replacement/doors,high,name + review keyword filter
C&C Remodeling Services No,https://maps.gstatic.com/tactile/pane/default_geocode-1x.png,maps.gstatic.com,Del Valle,TX,+1 512-563-4134,"5120 E Hwy 71, Del Valle, TX 78617, United States",,,YES,review explicitly describes window install/replacement,high,name + review keyword filter
América Window Tint No,https://www.facebook.com/Am%C3%A9rica-window-Tint-328436710858099/?hc_ref=ARTjVdKHK5N2_sv64OVf44MLky-4iIxSKM1rf2Poc74ddu2G0q1XtRAPENE0qKlibK8,facebook.com,Austin,TX,+1 512-317-1811,"6215 Daniel Alexander Wy, Austin, TX 78744, United States",4.8,17,YES,Stocks windows and provides framing and installation services including window and door installations,medium,verified last run (web search)
Alpha Glass & Mirror Co No,http://www.agmglass-dfw.com/,agmglass-dfw.com,Dallas,TX,+1 214-637-5500,"8901 Sovereign Row, Dallas, TX 75247, United States",3.7,9,YES,"Commercial and retail glass/window replacement, wet sealing",high,verified last run (web search)
A+ Windows & Doors No,https://streetviewpixels-pa.googleapis.com/v1/thumbnail?panoid=pBn3rTfshwqcsQxO9PgVqg&cb_client=search.gws-prod.gps&w=408&h=240&yaw=178.44156&pitch=0&thumbfov=100,streetviewpixels-pa.googleapis.com,,,+1 602-680-2581,"Phoenix, AZ 85003, United States",,,YES,name states window installation/replacement/doors,high,name + review keyword filter
Alpine Exteriors Siding Roofing & Windows,https://alpineexteriorstx.com/,alpineexteriorstx.com,Dallas,TX,+1 214-537-9454,"5960 Berkshire Ln Ste 100, Dallas, TX 75225, United States",5,13,YES,Window replacement and installation; authorized Milgard and Andersen window supplier and installer,high,verified last run (web search)
WINDO – European Aluminum Windows & Doors by Reynaers Schueco Aluprof Alumil & Cortizo Yes,https://windo.io/,windo.io,Austin,TX,+1 512-738-0330,"7801 N Lamar Blvd B 156, Austin, TX 78752, United States",5,9,YES,name states window installation/replacement/doors,high,name + review keyword filter
M&M Roofing Siding & Windows,https://www.mmroofsiding.com/,mmroofsiding.com,,,+1 214-381-0600,,4.4,7,YES,"Replacement windows as part of exterior home improvement (roofing, siding, windows, doors, radiant barriers, gutters)",high,verified last run (web search)
Sol Solutions - Custom Windows and Doors Estimate - Dallas TX,https://ntxsol.com/,ntxsol.com,Dallas,TX,+1 469-708-8151,"6750 Hillcrest Plaza Dr #214, Dallas, TX 75230, United States",5,35,YES,"Window installation and replacement (Low-E vinyl / Milgard), plus doors, patio doors and seamless gutters",high,verified last run (web search)
Pella Windows and Doors Showroom of Austin TX,https://www.pella.com/locations/tx/austin/?utm_source=google&utm_medium=organic&utm_campaign=gbp,pella.com,Austin,TX,+1 512-339-6601,"9222 Burnet Rd #105, Austin, TX 78758, United States",4.5,587,YES,Replacement window and door sales and installation,high,verified last run (web search)
Titan Siding Windows & Roofing,https://titansiding.com/,titansiding.com,Austin,TX,+1 512-944-8029,"12112 Anderson Mill Rd Bldg 11a, Austin, TX 78726, United States",4.9,456,YES,window in name + review describes window work,high,name + review keyword filter
SunSmart Windows of Dallas Yes,http://dallas.sunsmarthome.com/,dallas.sunsmarthome.com,,,,,0,0,YES,Custom energy-efficient window installation and replacement plus door installation; commercial and residential window replacement,high,verified last run (web search)
CTRL Auto Tint Yes,https://www.instagram.com/ctrl_auto_tinting/,instagram.com,,,,,5,3,YES,"Window installation in and around Dallas; products include low-e windows, tempered glass, aluminum window products; also shower glass and mirrors",medium,verified last run (web search)
Builders Window Source Yes,https://maps.gstatic.com/tactile/pane/default_geocode-1x.png,maps.gstatic.com,,,+1 208-605-8003,,,,YES,name states window installation/replacement/doors,high,name + review keyword filter
Propertifix Handyman & Renovation Services Yes,https://propertifix.com/,propertifix.com,,,+1 214-210-1111,,4.8,207,YES,"Door and window repairs, window restoration (arched window repair/refinishing) and window/door water-damage reconstruction; full window replacement not confirmed",low,verified last run (web search)
H&H Remodeling Yes,https://hh-remodeling.com/,hh-remodeling.com,,,+1 214-223-8258,,5,11,YES,Window replacement (argon gas insulated windows); also installs custom solar screens,high,verified last run (web search)
Window Broker DFW Yes,,,,,+1 214-225-0816,,5,3,YES,window in name + review describes window work,high,name + review keyword filter
Tricityrenovation Yes,http://tricityrenovation.com/,tricityrenovation.com,,,+1 214-244-2901,,5,2,YES,Doors & windows listed as a service,medium,verified last run (web search)
Texas Pride Mirror & Glass LLC Yes,https://texaspridemirrornglass.com/,texaspridemirrornglass.com,,,+1 214-281-6638,,5,11,YES,"Window replacement, window installation and window leak repair",high,verified last run (web search)
Luna Glass and Mirror Yes,https://lunaglassmirror.com/,lunaglassmirror.com,,,+1 214-284-1397,,5,4,YES,Residential window replacement and window glass repair; also commercial glass repair and emergency board-up (plus shower glass/mirrors),medium,verified last run (web search)
828 Windows & Doors Yes,http://828windowsanddoors.com/,828windowsanddoors.com,,,+1 214-389-2828,,3.3,333,YES,Window and door replacement,medium,verified last run (web search)
Lone Star Home Pro Yes,https://lonestarhomepro.com/,lonestarhomepro.com,,,+1 214-417-6390,,4.8,22,YES,Window installation and replacement services for energy efficiency and curb appeal,high,verified last run (web search)
Zen Windows Dallas Yes,https://zenwindows.com/dallas/?utm_source=google&utm_medium=organic&utm_campaign=maps_dallas,zenwindows.com,,,+1 214-447-3199,,5,4,YES,"Whole-window replacement and installation (vinyl, bay, etc.) plus doors; no repairs",high,verified last run (web search)
Nova View Installations LLC Yes,https://www.windowinstallationdallastx.com/,windowinstallationdallastx.com,,,+1 214-506-8288,,0,0,YES,Window installation and replacement — energy-efficient replacement windows across the DFW area,medium,verified last run (web search)
Fresh Start Yes,http://www.thedamage.repair/,thedamage.repair,,,+1 214-563-5040,,4.8,20,YES,Insurance restoration rebuild work including window replacement after fire/water/storm damage,medium,verified last run (web search)
Excelsior Glass and Mirror LLC Yes,http://excelsiorglass.co/,excelsiorglass.co,,,+1 214-622-3021,,4.4,20,YES,Residential window installation and window repair/replacement; commercial storefronts,high,verified last run (web search)
Urban Pioneer Construction & Remodeling Yes,https://urbanpioneerconstruction.org/,urbanpioneerconstruction.org,,,+1 214-682-4564,,5,0,YES,"Window installation, window repair and replacement; doors and windows work",medium,verified last run (web search)
Blade Glazing LLC Yes,http://bladeglazingllc.com/,bladeglazingllc.com,,,+1 214-687-1216,,5,9,YES,"Broken window glass repair/replacement, storefront glass installation, floor-to-ceiling glass walls",high,verified last run (web search)
McBain's Windows and Doors LLC Yes,https://mcbainswindowsanddoors.com/,mcbainswindowsanddoors.com,,,+1 214-702-3818,,5,28,YES,"Window replacement and window repair, glass repair including single damaged units, old double windows and whole-house projects; also doors and solar screens",high,verified last run (web search)
Mr Quick Fix Yes,https://www.mrquickfix.net/,mrquickfix.net,,,+1 214-734-6293,,3.5,21,YES,"Doors & windows service line: glass pane replacement (single and double), window sash or frame repair, full replacement of frames or glass, seal-failure/condensation fixes",medium,verified last run (web search)
Certified Window & Door Yes,http://www.remodelcwd.com/,remodelcwd.com,,,+1 214-736-3935,,4,2,YES,"Custom window and door supply, design and installation for builders, remodelers and homeowners",high,verified last run (web search)
Sun & Sound Windows - DFW Yes,https://sunandsoundwindows.com/,sunandsoundwindows.com,,,+1 214-771-9544,,4.2,10,YES,"Custom-makes and installs laminated-glass soundproof window inserts (secondary glazing) into existing windows and doors — measuring, manufacturing and installation; not full window replacement",low,verified last run (web search)
Statewide Energy Solutions Inc. Yes,https://statewideenergysolutions.com/,statewideenergysolutions.com,,,+1 214-960-2798,,4.7,115,YES,"Energy-efficient replacement windows, locally manufactured and installed; lifetime transferable warranty including glass breakage and labor",high,verified last run (web search)
GM PRO AUTOGLASS Yes,https://www.instagram.com/gmaut_oglass?igsh=MW92d2VkbzZtd2FwZQ==,instagram.com,,,+1 214-989-5806,,5,2,YES,"Window installation in and around Dallas; products include low-e windows, tempered glass, aluminum window products; also shower glass and mirrors",medium,verified last run (web search)
LuxVue Pros Yes,https://www.luxvuepros.com/,luxvuepros.com,,,+1 214-995-6140,,5,6,YES,"Replacement window installation (plus entry, interior, French and sliding patio doors, siding, trim, remodeling)",high,verified last run (web search)
Glass Zone Yes,http://www.glasszone.net/,glasszone.net,,,+1 310-863-8846,,5,9,YES,"Residential windows, skylights, patio glass, foggy glass repair; commercial storefronts, window installation and repair, glass replacement",high,verified last run (web search)
Skye Glass Yes,https://www.facebook.com/share/1AtPaKYrkH/?mibextid=wwXIfr,facebook.com,,,+1 430-346-5920,,5,34,YES,Stocks windows and provides framing and installation services including window and door installations,medium,verified last run (web search)
Frontstar Construction LLC Yes,https://frontstarco.com/,frontstarco.com,,,+1 469-213-6659,,5,68,YES,Window replacements as part of exterior renovation,high,verified last run (web search)
Clearview Custom Windows Yes,http://www.clearviewcw.com/,clearviewcw.com,,,+1 469-268-1330,,5,4,YES,window in name + review describes window work,high,name + review keyword filter
Clear Advantage Window Service Yes,http://clearwindowservice.net/,clearwindowservice.net,,,+1 469-289-7556,,3.6,18,YES,"Residential window repair and full window replacement, broken glass replacement, foggy window repair, glazing bead repair, skylight repair",high,verified last run (web search)
DFW Residential P Remodeling Yes,https://dfwresidentialremodeling.com/,dfwresidentialremodeling.com,,,+1 469-359-3851,,5,19,YES,Windows & Doors is a listed service category; installs replacement windows,high,verified last run (web search)
Nat's Luxury Services Yes,https://www.facebook.com/servicesbyNat/,facebook.com,,,+1 469-431-1968,,5,3,YES,Stocks windows and provides framing and installation services including window and door installations,medium,verified last run (web search)
Fix & Build LLC Yes,https://www.fixandbuildllc.com/,fixandbuildllc.com,,,+1 469-443-2786,,5,12,YES,"Window and door replacement, custom window installation",high,verified last run (web search)
DFW window specialist Yes,http://dfwwindowspecialist.com/,dfwwindowspecialist.com,,,+1 469-478-9395,,4.8,37,YES,"Window repair and replacement, glass repair, solar screens, plus shower enclosures",high,verified last run (web search)
United Window Services LLC Yes,https://unitedwindowservicesllc.net/,unitedwindowservicesllc.net,,,+1 469-509-5909,,5,6,YES,"Window repair and replacement — glass and mechanism repairs, full window installation",medium,verified last run (web search)
FoGlass Window Replacement Yes,http://www.foglasswindow.com/,foglasswindow.com,,,+1 469-509-9932,,4.9,69,YES,"Window replacement, broken/single-pane glass replacement, foggy window repair, sliding patio door replacement, commercial storefront glass",high,verified last run (web search)
SWP GLOBAL LLC Yes,https://swpgloballlc.com/contact-us,swpgloballlc.com,,,+1 469-514-1415,,4.2,5,YES,Security storefronts and curtain wall installation; commercial door and window replacement,high,verified last run (web search)
Plano Home Window Replacement Yes,https://planohomewindowreplacement.com/,planohomewindowreplacement.com,,,+1 469-551-4499,,0,0,YES,"Home window replacement and new window installation, plus sliding glass doors",high,verified last run (web search)
Texas Window & Door Yes,https://twdremodeling.com/,twdremodeling.com,,,+1 469-588-4890,,5,82,YES,"Custom window installation and replacement (picture, awning, French, patio) plus doors",high,verified last run (web search)
Garland Home Window Replacement Yes,https://garlandhomewindowreplacement.com/,garlandhomewindowreplacement.com,,,+1 469-599-4956,,5,8,YES,"Window installation, repair and replacement (vinyl, casement, custom), plus door installation; also offers screens/film",high,verified last run (web search)
Scott Shofner Windows & Doors Yes,,,,,+1 469-628-8345,,4.7,13,YES,name states window installation/replacement/doors,high,name + review keyword filter
Pasadena Views Co. Yes,https://www.pasadenaviews.co/,pasadenaviews.co,,,+1 469-630-2049,,5,4,YES,Window installation in homes,medium,verified last run (web search)
Dallas Window Butler Yes,http://dallaswindowbutler.com/,dallaswindowbutler.com,,,+1 469-640-8551,,4.8,21,YES,"Vinyl replacement window sales & installation, glass replacement, foggy/IGU repair, weatherproofing; also doors",high,verified last run (web search)
Miller Windows Yes,https://www.facebook.com/Miller-Windows-107200627981549/,facebook.com,,,+1 469-709-0668,,0,0,YES,Stocks windows and provides framing and installation services including window and door installations,medium,verified last run (web search)
iDEAL GLASS DFW Yes,http://idealglassdfw.com/,idealglassdfw.com,,,+1 469-745-2626,,4.4,7,YES,Insulated glass units and aluminum storefront glazing,medium,verified last run (web search)
Texas Quick Construction Yes,http://www.txquickconstruction.com/,txquickconstruction.com,,,+1 469-817-9329,,4.7,19,YES,Energy-efficient window installation — dedicated Dallas window installation service page,high,verified last run (web search)
Aquamarine Windows and Doors Yes,https://aquamarinewindows.com/,aquamarinewindows.com,,,+1 469-887-0015,,5,9,YES,"Window replacement (estimate, measuring, window style selection) per customer reviews",low,verified last run (web search)
Home Window Replacement Dallas Yes,https://homewindowsdallas.com/,homewindowsdallas.com,,,+1 469-908-3363,,5,4,YES,"Home window replacement and installation (double-hung, slider, awning, bow/bay, vinyl, custom); also doors and siding",high,verified last run (web search)
Salazar & Sons Window Co. Yes,https://salazarandsonswindow.com/,salazarandsonswindow.com,,,+1 469-994-9236,,5,7,YES,"Window installation (new construction), window replacement (energy-efficient upgrades), and window repair (broken glass, failed seals, damaged frames)",high,verified last run (web search)
TAJ Window & Door Design Yes,,,,,+1 512-222-3875,,0,0,YES,name states window installation/replacement/doors,high,name + review keyword filter
Cantera Doors Yes,https://www.canteradoors.com/,canteradoors.com,,,+1 512-263-8881,,4.7,30,YES,"Custom steel, iron and Reynaers aluminium windows - fabricated and installed",high,verified last run (web search)
Georgetown Window Replacement Company Yes,https://georgetownwindowreplacementcompany.com/,georgetownwindowreplacementcompany.com,,,+1 512-271-5046,,5,3,YES,name states window installation/replacement/doors,high,name + review keyword filter
Wilco Windows & Siding Yes,https://www.wilcodesign.co/,wilcodesign.co,,,+1 512-316-7526,,5,100,YES,window in name + review describes window work,high,name + review keyword filter
MNP Window and Door Yes,https://mnpwindowanddoor.com/,mnpwindowanddoor.com,,,+1 512-368-8845,,5,26,YES,name states window installation/replacement/doors,high,name + review keyword filter
Windows & Doors by James Yes,https://www.windowsanddoorsbyjames.com/,windowsanddoorsbyjames.com,,,+1 512-379-1652,,4.4,7,YES,name states window installation/replacement/doors,high,name + review keyword filter
Windowpros LLC Yes,https://austinwindowpros.com/,austinwindowpros.com,,,+1 512-422-1907,,5,12,YES,window in name + review describes window work,high,name + review keyword filter
Lakeway Windows and Doors Yes,https://www.lakewaywindowsanddoors.com/,lakewaywindowsanddoors.com,,,+1 512-456-3539,,5,0,YES,name states window installation/replacement/doors,high,name + review keyword filter
EcoView Windows & Doors of Austin Texas Yes,http://www.ecoviewwindows.com/austin-texas/,ecoviewwindows.com,,,+1 512-505-8839,,5,0,YES,name states window installation/replacement/doors,high,name + review keyword filter
Haysco Siding & Windows Yes,https://hayscosiding.com/,hayscosiding.com,,,+1 512-638-6665,,5,8,YES,window in name + review describes window work,high,name + review keyword filter
Round Rock Window Replacement Company Yes,https://www.roundrockwindowreplacementcompany.com/,roundrockwindowreplacementcompany.com,,,+1 512-643-5836,,4.2,5,YES,name states window installation/replacement/doors,high,name + review keyword filter
Bluebonnet Windows and Installation Yes,http://bluebonnetwindows.com/,bluebonnetwindows.com,,,+1 512-757-9733,,5,5,YES,window in name + review describes window work,high,name + review keyword filter
Sun & Sound Windows - Austin Yes,https://sunandsoundwindows.com/,sunandsoundwindows.com,,,+1 512-879-6055,,3.4,13,YES,"Custom-makes and installs laminated-glass soundproof window inserts (secondary glazing) into existing windows and doors — measuring, manufacturing and installation; not full window replacement",low,verified last run (web search)
Sparkling Clean Window Company Yes,http://www.sparklingcleanwindow.com/,sparklingcleanwindow.com,,,+1 512-926-7000,,4.9,8,YES,name states window installation/replacement/doors,high,name + review keyword filter
Austin’s BEST Windows and Siding Co Yes,https://austinsbestwindowsandsiding.com/,austinsbestwindowsandsiding.com,,,+1 512-999-8569,,5,5,YES,window in name + review describes window work,high,name + review keyword filter
Aztec empire windows and doors Yes,,,,,+1 561-223-9912,,5,0,YES,name states window installation/replacement/doors,high,name + review keyword filter
Vision Windows & Doors Yes,http://windowanddoorco.com/,windowanddoorco.com,,,+1 602-430-7614,,5,96,YES,name states window installation/replacement/doors,high,name + review keyword filter
Arizona Glass and Repair LLC Yes,https://maps.gstatic.com/tactile/pane/default_geocode-1x.png,maps.gstatic.com,,,+1 602-518-6412,,,,YES,review explicitly describes window install/replacement,high,name + review keyword filter
L.J. Neal & Sons Yes,https://bestwindowreplacement.com/,bestwindowreplacement.com,,,+1 602-661-6852,,4.8,22,YES,review explicitly describes window install/replacement,high,name + review keyword filter
Windows Direct Yes,http://www.windowsdirectarizona.com/,windowsdirectarizona.com,,,+1 602-698-5580,,5,4,YES,window in name + review describes window work,high,name + review keyword filter
The Glass Guy Glass Repair Yes,https://www.theglassguytx.com/,theglassguytx.com,,,+1 682-216-5638,,5,180,YES,"Window and door glass replacement, double-pane/IGU glass, emergency glass repair, solar screens (same business as ID 415)",high,verified last run (web search)
The Glass Guy Tx Yes,https://www.theglassguytx.com/,theglassguytx.com,,,+1 682-216-5638,,0,0,YES,"Window and door glass replacement, double-pane/IGU glass, emergency glass repair, solar screens (same business as ID 415)",high,verified last run (web search)
Eric's Home Renovations Yes,http://ericshomerenovation.com/,ericshomerenovation.com,,,+1 682-318-4710,,4.9,96,YES,Door and window replacements,medium,verified last run (web search)
Heavens Door And Window Yes,https://heavensdoor-window.com/,heavensdoor-window.com,,,+1 682-503-1144,,5,20,YES,Replacement window and door sales plus professional installation (Pella and other brands) across DFW,high,verified last run (web search)
Montgomery Glass LLC Yes,http://montgomeryglassllc.com/,montgomeryglassllc.com,,,+1 682-715-2323,,5,17,YES,Repairs cracked and foggy window panes (IGU) alongside custom glass work,medium,verified last run (web search)
Sigala Company Yes,https://sigalacompany.com/,sigalacompany.com,,,+1 737-347-2665,,5,5,YES,review explicitly describes window install/replacement,high,name + review keyword filter
Pro Window Replacement Yes,https://statewidewindowhomeimprovco.com/,statewidewindowhomeimprovco.com,,,+1 754-342-7631,,5,2,YES,name states window installation/replacement/doors,high,name + review keyword filter
Window Installation Fort Lauderdale Yes,https://smart-impact-window-installation.com/,smart-impact-window-installation.com,,,+1 754-551-5551,,5,5,YES,name states window installation/replacement/doors,high,name + review keyword filter
Rockford Windows & Doors Yes,https://rockfordwindowsanddoors.com/,rockfordwindowsanddoors.com,,,+1 779-249-7282,,5,3,YES,name states window installation/replacement/doors,high,name + review keyword filter
Area Construction & Renovation Yes,http://areaconstructionrockford.com/,areaconstructionrockford.com,,,+1 815-980-1710,,5,19,YES,review explicitly describes window install/replacement,high,name + review keyword filter
C-TEX Glass And Door LLC Yes,http://ctexglassanddoor.com/,ctexglassanddoor.com,,,+1 832-579-7053,,0,0,YES,Window glass and door glass; commercial storefront glass installation,medium,verified last run (web search)
Admiral Windows USA Yes,,,,,+1 888-236-2317,,5,7,YES,window in name + review describes window work,high,name + review keyword filter
Ranger Glass and Mirror Yes,http://www.rangerglassandmirror.shop/,rangerglassandmirror.shop,,,+1 903-423-0536,,4.3,6,YES,"Window installation, window glass repair and replacement",high,verified last run (web search)
Skylinq Home Yes,https://www.skylinqhome.com/,skylinqhome.com,,,+1 945-352-2008,,5,32,YES,"Windows listed as one of the home upgrade lines they design, permit and oversee installation for",medium,verified last run (web search)
RoofPros & Windows Yes,https://www.roofingsst.com/,roofingsst.com,,,+1 954-302-3753,,4.7,23,YES,window in name + review describes window work,high,name + review keyword filter
Aztec Empire Windows And Doors LLC Yes,,,,,+1 954-356-3256,,5,0,YES,name states window installation/replacement/doors,high,name + review keyword filter
Davie Windows and Custom Doors Yes,http://daviewindows.com/,daviewindows.com,,,+1 954-873-1980,,5,30,YES,window in name + review describes window work,high,name + review keyword filter
Soflo Hurricane Windows and Doors Yes,http://soflohurricane.com/,soflohurricane.com,,,+1 954-900-9693,,5,5,YES,name states window installation/replacement/doors,high,name + review keyword filter
USA Impact Windows and Doors Yes,https://www.usawindowsanddoors.com/impact-windows-davie/,usawindowsanddoors.com,,,+1 954-951-4623,,4.3,201,YES,name states window installation/replacement/doors,high,name + review keyword filter
Jon Wright Industries Yes,https://www.jonwrightroofing.com/,jonwrightroofing.com,,,+1 972-251-1818,,4.7,38,YES,Energy-efficient replacement windows; added windows to their service lines in 1995,high,verified last run (web search)
David Smith Glass Yes,https://www.davidsmithglass.com/,davidsmithglass.com,,,+1 972-289-4999,,5,0,YES,"Residential window replacement, double pane and window glass repair, storefront glass/doors, patio doors, solar screens",high,verified last run (web search)
Jurassic Windows and more LLC Yes,https://www.facebook.com/profile.php?id=61555207653139,facebook.com,,,+1 972-351-6397,,5,22,YES,Stocks windows and provides framing and installation services including window and door installations,medium,verified last run (web search)
Lakeside Roofing Co Yes,https://lakesideroofco.com/,lakesideroofco.com,,,+1 972-365-1216,,5,31,YES,"Window replacement listed alongside roofing, siding and gutters",medium,verified last run (web search)
My Safe Auto Glass Repair & Replacement Dallas Yes,http://autoglassrepairtx.com/,autoglassrepairtx.com,,,+1 972-366-5054,,4.9,250,YES,"Commercial glass: storefront glass, doors, interior office glass, security glass and emergency board-up for DFW businesses",medium,verified last run (web search)
Planet Glass & Mirror LLC Yes,https://planetglasstx.com/,planetglasstx.com,,,+1 972-415-1222,,5,5,YES,"Window glass replacement and full window replacement, plus shower glass and mirrors",high,verified last run (web search)
Brennan Enterprises Yes,https://www.brennancorp.com/?utm_source=google&utm_medium=organic&utm_campaign=gmb&utm_term=dallas,brennancorp.com,,,+1 972-619-9281,,0,0,YES,"Turnkey full window replacement, adding window openings, window-to-door conversions; also supplies windows to trade pros",high,verified last run (web search)
North Star Glass LLC Yes,https://www.northstarglasstexas.com/,northstarglasstexas.com,,,+1 972-639-7196,,5,12,YES,"Window glass replacement — single and double pane; patio door and French door glass/hardware; screens (plus shower doors, mirrors, table tops)",high,verified last run (web search)
Acme Glass and Tinting Yes,https://911window.com/,911window.com,,,+1 972-677-7172,,4.5,49,YES,Replacement windows and sliding doors; fogged and broken window glass repair (5-yr seal-failure warranty),high,verified last run (web search)
POLAR CLEAR GLASS REPAIR Yes,http://polarclearwindows.com/,polarclearwindows.com,,,+1 972-765-5762,,4.8,544,YES,"Window repair and replacement, double-pane/foggy IGU glass repair, energy-efficient windows, patio doors",high,verified last run (web search)
Ocean Glass DFW Yes,https://www.oceanglassdfw.com/,oceanglassdfw.com,,,+1 972-854-3425,,5,47,YES,"New vinyl window installation, window repair, storefront glass",high,verified last run (web search)
Allied Exteriors Yes,https://alliedexteriors.com/,alliedexteriors.com,,,+1 972-888-9988,,4.4,174,YES,review explicitly describes window install/replacement,high,name + review keyword filter
DFW Glass Mart Yes,http://dfwglassmart.com/,dfwglassmart.com,,,+1 972-900-3117,,5,110,YES,Residential and commercial glass replacement (plus auto glass); dedicated residential page,high,verified last run (web search)
Dallas Glass and Auto Yes,http://dallasglassandauto.com/,dallasglassandauto.com,,,+1 972-900-7194,,5,95,YES,Residential glass repair and replacement - broken/cracked home windows - alongside its auto glass work,medium,verified last run (web search)
Glass Replacement Pros Yes,http://glassreplacementpros.com/,glassreplacementpros.com,,,+1 972-900-7559,,5,10,YES,"Home window replacement and custom glass installation, alongside auto glass and windshield work",medium,verified last run (web search)
Camey Xteriors Yes,http://www.cameyxteriors.com/,cameyxteriors.com,,,+1 972-900-8969,,5,0,YES,"Window repair and replacement for homes (exterior contractor, insurance work)",medium,verified last run (web search)
921 Roof Yes,https://www.921roof.com/,921roof.com,,,+1 972-921-7663,,5,18,YES,Window replacements as part of their exteriors division,high,verified last run (web search)
The Window Connection Yes,https://dallaswindows.com/,dallaswindows.com,,,+1 972-951-6120,,5,69,YES,"Replacement window installation - vinyl, fiberglass, composite, aluminum and wood; plus sliding, French and entry doors",high,verified last run (web search)
Zen Windows Austin Yes,https://zenwindows.com/?utm_source=google&utm_medium=organic&utm_campaign=maps_austin,zenwindows.com,Round Rock,TX,+1 512-647-1707,"1 Chisholm Trail Rd Ste 450, Round Rock, TX 78681, United States",4.7,33,YES,"Whole-window replacement and installation (vinyl, bay, etc.) plus doors; no repairs",high,verified last run (web search)
Blake Construction Blake Construction Yes,http://www.blake-construction.com/contact-us/,blake-construction.com,Dallas,TX,+1 214-563-5035,"100 S Glasgow Dr, Dallas, TX 75214, United States",5,5017,YES,Replacement windows as a listed remodeling service,medium,verified last run (web search)
Bert Roofing Inc. Yes,https://bertroofing.com/?utm_campaign=gmb,bertroofing.com,Dallas,TX,+1 469-382-9436,"10021 Cayuga Dr, Dallas, TX 75228, United States",4.8,136,YES,"Window repair and replacement, plus window screens",high,verified last run (web search)
D & K Contracting Yes,https://dkcontracting.pro/,dkcontracting.pro,Dallas,TX,+1 469-964-3653,"10029 Cayuga Dr, Dallas, TX 75228, United States",5,38,YES,Window replacement listed among services,high,verified last run (web search)
Grand Openings Luxury Windows & Doors - Austin Yes,http://www.grandopenings.com/,grandopenings.com,Austin,TX,+1 512-989-9400,"1009 W 6th St #140, Austin, TX 78703, United States",2.7,7,YES,"Custom/luxury window and door sales to homeowners, builders and architects (Kolbe, Marvin, Quaker, Western, LaCantina); showroom + field service on installed windows",medium,verified last run (web search)
We are Sliding Door Repair Yes,https://slidingdoorsrepairfl.com/,slidingdoorsrepairfl.com,Fort Lauderdale,FL,+1 954-412-0101,"101 NE 3rd Ave #1500, Fort Lauderdale, FL 33301, United States",5,43,YES,review explicitly describes window install/replacement,high,name + review keyword filter
A & D Window Cleaning & Window Repair Yes,https://aanddwindows.com/,aanddwindows.com,Lakeway,TX,+1 512-918-2676,"1017 Ranch Rd 620 S #210, Lakeway, TX 78734, United States",4.6,58,YES,name states window installation/replacement/doors,high,name + review keyword filter
Southwest Door & Window Yes,https://southwestdw.com/?utm_source=google&utm_medium=organic&utm_campaign=gbp-dallas&utm_id=local&utm_content=dallas,southwestdw.com,Dallas,TX,+1 214-341-2212,"10255 Miller Rd, Dallas, TX 75238, United States",4.2,68,YES,"Exterior window installation and replacement (vinyl and aluminum windows) plus entry and patio doors, for builders and homeowners",high,verified last run (web search)
Alamo Glass & Mirror Yes,https://www.alamoglassco.com/,alamoglassco.com,Dallas,TX,+1 214-821-2886,"10510 Olympic Dr, Dallas, TX 75220, United States",3.9,38,YES,Window glass repair and replacement; commercial storefronts and curtainwall,high,verified last run (web search)
Scott Roofing & Exteriors Yes,https://www.scottexteriors.com/,scottexteriors.com,Dallas,TX,+1 214-503-7663,"10561 New Church Rd, Dallas, TX 75238, United States",4.4,95,YES,Replacement windows and window installation,high,verified last run (web search)
Chenault window services Yes,https://chenaultswindowservices.net/,chenaultswindowservices.net,Dallas,TX,+1 972-783-9572,"10605 Boomer Cir #107, Dallas, TX 75238, United States",4.1,29,YES,"Window installation and replacement (vinyl, wood, aluminum), glass replacement, skylights, doors, screens",high,verified last run (web search)
All Pro Windows and Doors Yes,http://www.allprowindowsanddoors.com/,allprowindowsanddoors.com,Fort Lauderdale,FL,+1 954-771-0071,"1071 NW 53rd St, Fort Lauderdale, FL 33309, United States",3.5,17,YES,name states window installation/replacement/doors,high,name + review keyword filter
Bold Roofing - DFW's Best Roofing Contractor Yes,https://boldroofing.com/,boldroofing.com,Dallas,TX,+1 972-380-9300,"10720 Miller Rd #303, Dallas, TX 75238, United States",4.7,623,YES,"Windows listed as a service alongside gutters, siding, fencing under general contracting / storm restoration",medium,verified last run (web search)
A.M Windows And Doors Yes,https://amwindowsandoors.com/,amwindowsandoors.com,Plantation,FL,+1 561-639-9752,"10749 Cleary Blvd, Plantation, FL 33324, United States",4.6,174,YES,name states window installation/replacement/doors,high,name + review keyword filter
Quality 1 Energy Systems Heating & Air Conditioning Yes,https://www.q1es.com/,q1es.com,Dallas,TX,+1 214-856-6489,"10870 Plano Rd C, Dallas, TX 75238, United States",4.9,398,YES,Residential window installation / replacement for energy efficiency,high,verified last run (web search)
TrueSafe Renovations Yes,http://www.truesaferenovations.com/,truesaferenovations.com,Dallas,TX,+1 972-330-3906,"10925 Estate Ln Ste 214, Dallas, TX 75238, United States",5,53,YES,Window replacement - installs Ply Gem windows and doors,high,verified last run (web search)
Performance Windows Dallas East Yes,https://goperformancewindows.com/tx/dallas-east/,goperformancewindows.com,Dallas,TX,+1 682-349-7949,"10945 Estate Ln Ste E255, Dallas, TX 75238, United States",4.8,5,YES,Residential replacement window installation,high,verified last run (web search)
Discount Glass Texas Yes,http://discountglasstexas.com/,discountglasstexas.com,Dallas,TX,+1 972-900-8748,"11063 Dennis Rd, Dallas, TX 75229, United States",4.9,1497,YES,"Window replacement and repair, storefront windows, commercial glass across Dallas/Carrollton",high,verified last run (web search)
Star Glass Aluminum Yes,https://starglassaluminum.com/,starglassaluminum.com,Dallas,TX,+1 972-464-6007,"11111 Ables Ln #124, Dallas, TX 75229, United States",4.9,126,YES,"Residential and commercial window glass installation and repair, storefront glass and curtain-type systems",high,verified last run (web search)
S&R Impact Windows and Doors Yes,http://srimpactwindowsanddoors.com/,srimpactwindowsanddoors.com,Fort Lauderdale,FL,+1 954-616-7121,"1120 NW 55th St, Fort Lauderdale, FL 33309, United States",4.7,32,YES,name states window installation/replacement/doors,high,name + review keyword filter
JK Glass Yes,,,Dallas,TX,+1 972-484-8892,"11220 Goodnight Ln, Dallas, TX 75229, United States",4.5,33,YES,review explicitly describes window install/replacement,high,name + review keyword filter
Alvarez Glass and Mirror LLC Yes,http://www.alvarezglass.com/,alvarezglass.com,Dallas,TX,+1 214-906-3955,"11227 Goodnight Ln #905, Dallas, TX 75229, United States",3.7,3,YES,Complete window replacement (vinyl / thermally broken) and window glass replacement; storefront glazing,high,verified last run (web search)
Dallas Door Designs Yes,https://www.dallasdoorservices.com/,dallasdoorservices.com,Dallas,TX,+1 214-973-0373,"11239 Leo Ln, Dallas, TX 75229, United States",4.5,101,YES,Sells and installs windows alongside doors (sliding glass doors & windows); door and window replacement/installation,medium,verified last run (web search)
Dallas Glass and Mirror Yes,https://www.dallasglassandmirror.net/,dallasglassandmirror.net,Dallas,TX,+1 469-737-5374,"11245 Goodnight Ln #19, Dallas, TX 75229, United States",4.9,473,YES,"Window repair and replacement, 24-hour glass replacement, emergency board-up",high,verified last run (web search)
Florida Impact Windows & Doors Yes,https://floridaimpact.com/,floridaimpact.com,Deerfield Beach,FL,+1 954-822-0867,"1126 S Powerline Rd, Deerfield Beach, FL 33442, United States",4.1,87,YES,name states window installation/replacement/doors,high,name + review keyword filter
Daltex Glass & Aluminum Inc Yes,https://daltexglass.com/,daltexglass.com,Farmers Branch,TX,+1 214-865-9961,"11419 Ferrell Dr #108, Farmers Branch, TX 75234, United States",4.4,49,YES,"Supplies, fabricates and installs custom windows and storefronts",high,verified last run (web search)
AJ Window Solutions LLC Yes,https://ajwindowsolutions.com/,ajwindowsolutions.com,Farmers Branch,TX,+1 972-207-1560,"11419 Mathis Ave Ste 211, Farmers Branch, TX 75234, United States",4.3,13,YES,"Repair, replacement and installation of windows and glass (plus screens, blinds, shutters)",high,verified last run (web search)
Pro-Install Yes,https://www.proinstall.pro/,proinstall.pro,Fort Lauderdale,FL,+1 754-207-4133,"1150 NW 54th St, Fort Lauderdale, FL 33309, United States",4.8,94,YES,review explicitly describes window install/replacement,high,name + review keyword filter
Green Mainland Yes,https://www.greenmainland.com/,greenmainland.com,Dallas,TX,+1 945-351-7511,"11610 Harry Hines Blvd #120, Dallas, TX 75229, United States",5,38,YES,"Sells and installs European-style aluminum windows (casement, tilt-turn, pivot, hopper, bifold, fixed) plus full-house glazing",high,verified last run (web search)
Bluesky Building Supplies LLC Yes,https://www.blueskysupplies.net/,blueskysupplies.net,Dallas,TX,+1 469-451-9521,"11720 Chairman Dr #108, Dallas, TX 75243, United States",4.7,87,YES,Supplies custom-size windows and doors and provides window installation service,medium,verified last run (web search)
Transom Windows and Doors Yes,https://transomwindowsanddoors.com/,transomwindowsanddoors.com,Dallas,TX,+1 214-205-0903,"11837 Judd Ct #112, Dallas, TX 75243, United States",5,3,YES,"Window and door installation and replacement (Andersen, Pella); vinyl and composite replacement windows; also fiber cement siding",high,verified last run (web search)
Conservation Construction of Dallas Yes,https://conservationconstructionofdallas.com/,conservationconstructionofdallas.com,Grand Prairie,TX,+1 817-416-8005,"1201 E Avenue J, Grand Prairie, TX 75050, United States",4.5,231,YES,"Energy-efficient vinyl replacement windows, impact-resistant storm windows, patio doors — professionally installed",high,verified last run (web search)
Infinity Replacement by Marvin Yes,https://install.infinitywindows.com/locations/texas/dallas/?utm_source=gmb&utm_medium=organic&utm_campaign=dfw,install.infinitywindows.com,Grand Prairie,TX,+1 866-922-2119,"1205 E Avenue J, Grand Prairie, TX 75050, United States",4.8,261,YES,Full-frame and insert replacement windows and patio doors (fiberglass),high,verified last run (web search)
Energy Shield Window & Door Company Yes,https://energyshieldwindowsanddoors.com/,energyshieldwindowsanddoors.com,Avondale,AZ,+1 623-231-2451,"1205 N Eliseo Felix Jr Way B103, Avondale, AZ 85323, United States",4.7,365,YES,name states window installation/replacement/doors,high,name + review keyword filter
Window & Door Hilt LLC Yes,https://windowanddoorhilt.com/,windowanddoorhilt.com,Rockwall,TX,+1 361-563-9230,"1213 Marilyn Jayne Ln, Rockwall, TX 75087, United States",0,0,YES,Energy-efficient replacement window systems (ThermaLast) and doors for Dallas/Rockwall homes,high,verified last run (web search)
Renewal by Andersen Window Replacement Yes,https://renewalbyandersenreplacement.com/locations/tx/dallas/?utm_source=googlebusinessprofile&utm_medium=organic,renewalbyandersenreplacement.com,Carrollton,TX,+1 469-699-8381,"1215 W Crosby Rd #180, Carrollton, TX 75006, United States",4.8,2988,YES,Full-service replacement window and patio/entry door installation,high,verified last run (web search)
Alumiglass and Windows LLC Yes,https://alumiglassandwindows.com/,alumiglassandwindows.com,Frisco,TX,+1 972-658-2192,"1235 Tree Top Dr, Frisco, TX 75033, United States",5,76,YES,"Window and glass installation/repair, energy-efficient windows, storefronts, board-up; residential and commercial",high,verified last run (web search)
Stateline Windows & Doors Yes,https://www.statelinewd.com/,statelinewd.com,Machesney Park,IL,+1 779-210-3123,"1240 Shappert Dr, Machesney Park, IL 61115, United States",5,5,YES,name states window installation/replacement/doors,high,name + review keyword filter
NewSouth Window Solutions Yes,https://newsouthwindow.com/location-austin-tx/,newsouthwindow.com,Austin,TX,+1 737-334-2023,"12901 I-35 Bldg 6, Unit 600, Austin, TX 78753, United States",5,34,YES,window in name + review describes window work,high,name + review keyword filter
Art's Door & Window Replacement Yes,https://artswindowreplacement.com/,artswindowreplacement.com,Belvidere,IL,+1 779-363-0284,"130 S State St #410, Belvidere, IL 61008, United States",5,5,YES,name states window installation/replacement/doors,high,name + review keyword filter
Southern Windows and Doors Yes,https://slwindowsdfw.com/,slwindowsdfw.com,Richardson,TX,+1 214-499-5095,"1303 Columbia Dr Ste. 207, Richardson, TX 75081, United States",4.7,30,YES,"Replacement window installation (vinyl, aluminum, slimline; double-hung, casement, bay), fogged window replacement, entry and patio doors",high,verified last run (web search)
Well Done Screen Repair Yes,http://welldonescreenrepair.com/,welldonescreenrepair.com,Austin,TX,+1 512-771-9910,"13102 Lubbock Ln, Austin, TX 78729, United States",5,25,YES,review explicitly describes window install/replacement,high,name + review keyword filter
EcoStar Remodeling & Construction Yes,https://ecosremodeling.com/,ecosremodeling.com,Dallas,TX,+1 866-227-1298,"13140 Coit Rd Ste 340, Dallas, TX 75240, United States",4.6,323,YES,Window installation; 'raise the value and comfort of your home with new windows',high,verified last run (web search)
Metroplex Gutter and Windows Yes,https://metroplexgutters.com/,metroplexgutters.com,Dallas,TX,+1 214-306-4665,"1315 S Akard St, Dallas, TX 75215, United States",5,7,YES,"Replacement vinyl and aluminum windows (NT Window products), plus specialty bay, garden and glass block windows and patio doors — alongside seamless gutters",high,verified last run (web search)
Love That Door Yes,https://www.lovethatdoor.com/?utm_campaign=gmbdallas,lovethatdoor.com,Dallas,TX,+1 214-891-3003,"1322 Round Table Dr, Dallas, TX 75247, United States",5,95,YES,"Aluminum windows (design, manufacture and installation) alongside iron/aluminum doors and curtain walls",medium,verified last run (web search)
GF Window Company Yes,https://streetviewpixels-pa.googleapis.com/v1/thumbnail?panoid=TwlQMXRGQfmkuxxwlZ2wvg&cb_client=search.gws-prod.gps&w=408&h=240&yaw=273.25677&pitch=0&thumbfov=100,streetviewpixels-pa.googleapis.com,Rockford,IL,+1 815-547-0159,"1323 29th St, Rockford, IL 61108, United States",,,YES,name states window installation/replacement/doors,high,name + review keyword filter
Mister Glass Yes,https://www.misterglassinc.com/?utm_source=gmb&utm_medium=organic&utm_campaign=DALLAS,misterglassinc.com,Dallas,TX,+1 972-669-0951,"13342 Floyd Cir, Dallas, TX 75243, United States",4.9,3629,YES,"Residential home window glass repair and replacement, plus commercial storefront glass, office partitions and doors; Google review describes replacing glass in two large fogged-up windows (IGU replacement)",high,verified last run (web search)
Windowpros Window Replacement Yes,http://austinwindowpros.com/,austinwindowpros.com,Austin,TX,+1 512-422-1907,"13359 N N Hwy 183 Suite 406-520, Austin, TX 78750, United States",4.9,39,YES,name states window installation/replacement/doors,high,name + review keyword filter
RAM Windows & Doors Yes,https://ramwindows.com/,ramwindows.com,Dallas,TX,+1 469-520-7866,"134 Oak Lawn Ave, Dallas, TX 75207, United States",4,31,YES,"Thermally-broken aluminum windows manufactured, plus installation, repair and replacement",high,verified last run (web search)
Pella Windows and Doors of Dallas Yes,https://pellaofnorthtexas.com/Dallas,pellaofnorthtexas.com,Dallas,TX,+1 214-295-7989,"135 Payne St, Dallas, TX 75207, United States",4.7,135,YES,Replacement and new-construction window sales and installation,high,verified last run (web search)
Foster Exteriors Window Company Yes,https://www.fosterexteriors.com/?utm_source=google&utm_medium=organic&utm_campaign=gbp-dallas&utm_id=local&utm_content=dallas,fosterexteriors.com,Dallas,TX,+1 214-319-8400,"1350 N Buckner Blvd #216, Dallas, TX 75218, United States",4.9,135,YES,"Energy-efficient vinyl/aluminum replacement window installation, sliding patio doors, storm doors",high,verified last run (web search)
Landmark Building Co. Yes,https://www.landmarkbuildingco.com/,landmarkbuildingco.com,Dallas,TX,+1 214-727-0201,"13590 Floyd Cir Ste 110, Dallas, TX 75243, United States",5,23,YES,Sells and professionally installs windows (aluminum fixed windows and others) alongside sliding/bifold/iron doors,medium,verified last run (web search)
Showroom Windows & Doors Yes,https://www.showroomwindows.com/?utm_source=GMB&utm_medium=local,showroomwindows.com,Austin,TX,+1 512-777-0461,"13717 Burnet Rd #350A, Austin, TX 78727, United States",5,138,YES,name states window installation/replacement/doors,high,name + review keyword filter
USA Windows and Doors Yes,https://www.usawindowsanddoors.com/?utm_campaign=gmb,usawindowsanddoors.com,Sunrise,FL,+1 954-289-9590,"13800 NW 2nd St Unit 140, Sunrise, FL 33325, United States",4.9,868,YES,name states window installation/replacement/doors,high,name + review keyword filter
Expo Home Improvement Yes,https://www.expohomeimprovement.com/,expohomeimprovement.com,Farmers Branch,TX,+1 972-486-9166,"13859 Diplomat Dr Ste 180, Farmers Branch, TX 75234, United States",4.9,2657,YES,"Replacement window installation - double-hung, sliding, casement, awning, picture, bay/bow, specialty shapes",high,verified last run (web search)
Performance Windows Austin Yes,https://www.goperformancewindows.com/,goperformancewindows.com,Cedar Park,TX,+1 737-231-0710,"1405 Arrow Point Dr Bldg 11 Ste 1108, Cedar Park, TX 78613, United States",4.6,379,YES,Residential replacement window installation,high,verified last run (web search)
Ranger Window and Door Co. Yes,https://www.rangerwd.com/,rangerwd.com,Austin,TX,+1 512-574-0014,"14155 W U.S. 290 Ste 340, Austin, TX 78737, United States",5,0,YES,name states window installation/replacement/doors,high,name + review keyword filter
Century Glass & Mirror Inc. of Dallas Yes,http://www.centuryglassdallas.com/,centuryglassdallas.com,Dallas,TX,+1 214-823-7773,"1417 N Washington Ave, Dallas, TX 75204, United States",4.9,87,YES,"Plate & window glass repair and replacement, insulated glass replacement, storefront glass; residential and commercial new installations, replacements and repairs",high,verified last run (web search)
Solara Custom Living - Showroom Yes,https://solaracustomliving.com/,solaracustomliving.com,Dallas,TX,+1 214-744-9900,"142 Howell St, Dallas, TX 75207, United States",4.7,30,YES,"Custom steel/iron and thermally broken aluminium windows and doors, made to order and installed for end customers",medium,verified last run (web search)
Metroplex windows & Glass Yes,https://mydallaswindows.com/,mydallaswindows.com,Carrollton,TX,+1 972-323-5200,"1425 Century Dr, Carrollton, TX 75006, United States",4.8,809,YES,"Premium window replacement and installation, window repair, custom glass; commercial windows and doors installer",high,verified last run (web search)
Capstone Window Replacement & Doors Yes,https://www.capstonephoenix.com/,capstonephoenix.com,Scottsdale,AZ,+1 480-800-8444,"14301 N 87th St Ste 205 Ste 205, Scottsdale, AZ 85260, United States",4.9,128,YES,name states window installation/replacement/doors,high,name + review keyword filter
Window Universe Dallas Ft Worth Yes,https://windowuniversedfw.com/,windowuniversedfw.com,Irving,TX,+1 844-983-9773,"1431 Greenway Dr Ste 80042, Irving, TX 75038, United States",4.8,48205,YES,"Replacement and custom-made windows plus doors, sold and installed for DFW homeowners; 10 window lines from 3 US manufacturers",high,verified last run (web search)
Nova Window Replacement Yes,http://replacementwindowsalgonquin.com/,replacementwindowsalgonquin.com,Algonquin,IL,+1 224-689-8046,"1435 Geringer Rd, Algonquin, IL 60102, United States",5,61,YES,name states window installation/replacement/doors,high,name + review keyword filter
SMART REPLACE CORP Yes,http://www.smartreplacecorp.com/,smartreplacecorp.com,Fort Lauderdale,FL,+1 954-658-4298,"1451 W Cypress Creek Rd #300, Fort Lauderdale, FL 33309, United States",4.7,41,YES,review explicitly describes window install/replacement,high,name + review keyword filter
High End Impact Windows & Doors Yes,https://www.impactwindowsndoors.com/?utm_source=google&utm_medium=organic&utm_campaign=gbp-pompano-beach&utm_id=local&utm_content=pompano-beach,impactwindowsndoors.com,Pompano Beach,FL,+1 954-782-7100,"1472 S Dixie Hwy E, Pompano Beach, FL 33060, United States",4.9,165,YES,name states window installation/replacement/doors,high,name + review keyword filter
Glass Rehab Yes,https://www.glassrehab.com/,glassrehab.com,Austin,TX,+1 737-409-2508,"1506 S Congress Ave, Austin, TX 78704, United States",4.9,314,YES,review explicitly describes window install/replacement,high,name + review keyword filter
Zelaya Windows & Glass Yes,https://www.zelayawindows.com/?utm_source=google&utm_medium=wix_google_business_profile&utm_campaign=16006523137603938515,zelayawindows.com,Carrollton,TX,+1 469-544-1045,"1510 Randolph St Ste 203, Carrollton, TX 75006, United States",4.4,44147,YES,"Vinyl window replacement and installation, glass replacement, patio doors, storm windows; residential and business",medium,verified last run (web search)
Gatsby Glass Yes,https://www.gatsbyglass.com/south-austin-tx/,gatsbyglass.com,Austin,TX,+1 737-302-5023,"15210 Fitzhugh Rd Ste 902, Austin, TX 78736, United States",4.9,34,YES,"Residential glass repair and window replacement (incl. foggy/failed units), plus commercial glass and shower/mirror work",high,verified last run (web search)
Marvin Design Gallery by Mountain West Windows and Doors Yes,https://mwwd.com/locations/az/scottsdale/?utm_source=google&utm_medium=organic&utm_campaign=gbp-profile,mwwd.com,Scottsdale,AZ,+1 480-355-3260,"15507 N Scottsdale Rd, Scottsdale, AZ 85254, United States",4.8,629,YES,name states window installation/replacement/doors,high,name + review keyword filter
Hourglass Solutions LLC Yes,http://hourglassdfw.com/,hourglassdfw.com,Dallas,TX,+1 469-677-5738,"1612 Falcon Drive, Dallas, TX 75247, United States",5,10,YES,"Insulated/tempered/laminated glass supply plus installation and replacement, incl. IGU replacement in existing window frames",high,verified last run (web search)
Texan Windows Yes,https://texanwindows.com/?utm_source=Ad+Pages&utm_id=Texan+Windows+SEO,texanwindows.com,Buda,TX,+1 512-298-1051,"165 Tecon Cove, Buda, TX 78610, United States",4.5,75,YES,window in name + review describes window work,high,name + review keyword filter
JCM Construction And Design Yes,http://jcmconstruction.andersenwindowscertifiedcontractors.com/,jcmconstruction.andersenwindowscertifiedcontractors.com,Dallas,TX,+1 214-223-9151,"17250 Dallas Pkwy, Dallas, TX 75248, United States",5,507,YES,"Window installation and replacement, plus service and repair of windows - Andersen certified contractor",high,verified last run (web search)
Affordable Windows Plus Exteriors Yes,https://www.affordablewindowsofaz.com/locations/gilbert-az,affordablewindowsofaz.com,Gilbert,AZ,+1 480-736-2822,"1730 W Sunrise Blvd #101-B, Gilbert, AZ 85233, United States",4.8,533,YES,window in name + review describes window work,high,name + review keyword filter
Best Buy Windows and Siding Yes,https://www.bestbuywindowsandsiding.com/,bestbuywindowsandsiding.com,Richardson,TX,+1 469-946-3697,"1800 N Glenville Dr #102, Richardson, TX 75081, United States",4.4,375,YES,"Custom replacement window installation - vinyl, double/triple-pane, sliding, picture, casement, specialty",high,verified last run (web search)
Ramos Windows Yes,http://ramoswindows.com/,ramoswindows.com,Dallas,TX,+1 469-235-4392,"1807 Joan Dr, Dallas, TX 75217, United States",5,6,YES,"Window installation and replacement, retrofit windows, fogged/damaged glass replacement, solar screens",high,verified last run (web search)
CountyLine Glass Yes,http://www.countylineglass.com/,countylineglass.com,Irving,TX,+1 972-438-5719,"1819 Peters Rd #3, Irving, TX 75061, United States",4.2,13,YES,"Window glass replacement, double pane / insulated glass units, storefront glass, plus shower doors and mirrors",high,verified last run (web search)
Grey & White Solutions Yes,http://greywhitewd.com/,greywhitewd.com,Lauderhill,FL,+1 954-900-2071,"1848 NW 38th Ave, Lauderhill, FL 33311, United States",5,32,YES,review explicitly describes window install/replacement,high,name + review keyword filter
Broward Impact Window & Door Yes,https://www.browardimpact.com/?utm_source=google&utm_medium=maps&utm_campaign=gmb,browardimpact.com,Dania Beach,FL,+1 954-922-0606,"1954 Tigertail Blvd, Dania Beach, FL 33004, United States",4.6,246,YES,name states window installation/replacement/doors,high,name + review keyword filter
Glass Doctor of Dallas Metroplex Yes,https://glassdoctor.com/dallas?cid=LSTL_MGD000191&utm_source=gmb&utm_campaign=local&utm_medium=organic,glassdoctor.com,Carrollton,TX,+1 972-437-8244,"2001 Midway Rd #121, Carrollton, TX 75006, United States",4.7,2942,YES,review explicitly describes window install/replacement,high,name + review keyword filter
EcoView Windows & Doors Yes,https://www.ecoviewdfw.com/?utm_source=gbp&utm_medium=organic&utm_campaign=gbp-listing&utm_content=grand-prarie-office,ecoviewdfw.com,Grand Prairie,TX,+1 972-247-2949,"2003 108th St #303, Grand Prairie, TX 75050, United States",4.9,348,YES,Energy Star replacement window units plus installation; also doors and siding,high,verified last run (web search)
Buckley Window Corporation Yes,https://www.buckleywindow.com/,buckleywindow.com,Oakland Park,FL,+1 954-396-4211,"201 NE 32nd St, Oakland Park, FL 33334, United States",4.7,172,YES,window in name + review describes window work,high,name + review keyword filter
Ace Handyman Services West Austin Yes,https://www.acehandymanservices.com/offices/west-austin?utm_source=google&utm_medium=gbp,acehandymanservices.com,Lakeway,TX,+1 512-366-3142,"201 Ranch Rd 620 S A, Lakeway, TX 78734, United States",4.9,501,YES,Window replacements and adjustments listed under installation services,medium,verified last run (web search)
Windowmere Windows and Doors Yes,https://windormere-windows-doors.com/,windormere-windows-doors.com,Rockwall,TX,+1 214-695-1335,"202 N West St A, Rockwall, TX 75087, United States",5,59,YES,New window installation and premium vinyl window replacement; exterior door installation/replacement,high,verified last run (web search)
Window Replacement Yes,https://dallas-windows-doors.com/contact/,dallas-windows-doors.com,Dallas,TX,+1 972-640-7918,"2021 Cockrell Ave, Dallas, TX 75215, United States",5,503,YES,"Window installation and window replacement, plus door installation and replacement",high,verified last run (web search)
Vantage Windows LLC Yes,https://thevantagewindows.com/,thevantagewindows.com,Farmers Branch,TX,+1 469-283-6744,"2100 Valley View Ln #301, Farmers Branch, TX 75234, United States",4.6,93,YES,"Residential window replacement, installation and repair; custom vinyl windows; authorized Alside dealer; also doors",high,verified last run (web search)
Modern Resolution Windows & Doors Yes,https://www.modernresolution.com/,modernresolution.com,Tempe,AZ,+1 480-665-5732,"2105 S Hardy Dr #9, Tempe, AZ 85282, United States",4.9,162,YES,name states window installation/replacement/doors,high,name + review keyword filter
Everlasting Window & Door Yes,https://everlastingwindow.com/,everlastingwindow.com,Phoenix,AZ,+1 623-544-7128,"21602 N 3rd Ave, Phoenix, AZ 85027, United States",4.5,239,YES,name states window installation/replacement/doors,high,name + review keyword filter
Oak Cliff Mirror & Glass Company Yes,http://glassnajiffy.com/,glassnajiffy.com,Dallas,TX,+1 214-747-4875,"2202 N Beckley Ave, Dallas, TX 75208, United States",3.9,91,YES,Installs glass windowalls/curtainwalls and aluminum storefronts; cut-to-size glass,high,verified last run (web search)
Empire Home Pros Yes,https://empirehomepros.com/?utm_source=omg-gbp&utm_medium=webclick,empirehomepros.com,Oakland Park,FL,+1 954-368-1415,"221 NE 44th St, Oakland Park, FL 33334, United States",4.9,196,YES,review explicitly describes window install/replacement,high,name + review keyword filter
FoggyGlassFix Yes,,,Garland,TX,+1 214-771-5267,"2212 Stanford St, Garland, TX 75041, United States",3.3,3,YES,review explicitly describes window install/replacement,high,name + review keyword filter
True View Windows & Glass Yes,https://www.trueviewglass.com/,trueviewglass.com,Phoenix,AZ,+1 602-431-8783,"2222 E Jones Ave, Phoenix, AZ 85040, United States",4.6,797,YES,window in name + review describes window work,high,name + review keyword filter
Skylight Solutions Yes,https://www.skylightsolutions.com/,skylightsolutions.com,Dallas,TX,+1 972-263-6033,"2276 Larson Ln, Dallas, TX 75229, United States",4.9,73,YES,"Skylight and roof-window installation, replacement and repair (VELUX), plus sun tunnels/solar tubes — roof glazing only, no vertical/wall window replacement found",low,verified last run (web search)
BC Roofing Siding & Windows Yes,http://www.bcroof.com/,bcroof.com,Farmers Branch,TX,+1 972-306-0215,"2300 Valley View Ln #107, Farmers Branch, TX 75234, United States",4.7,36,YES,Energy-efficient vinyl replacement windows (Burris) sold and installed alongside roofing and siding,high,verified last run (web search)
Old Soul Windows & Doors Yes,https://oldsoultx.com/,oldsoultx.com,Lakeway,TX,+1 512-788-5093,"2303 Ranch Rd 620 S, Lakeway, TX 78734, United States",5,37,YES,name states window installation/replacement/doors,high,name + review keyword filter
Window Zone Yes,https://windowzonedfw.com/,windowzonedfw.com,Farmers Branch,TX,+1 469-557-6333,"2309 Springlake Rd #630, Farmers Branch, TX 75234, United States",4.9,40,YES,"Custom-manufactured replacement windows (double-hung, casement etc.) installed by certified crews",high,verified last run (web search)
Krasiva Windows and Doors Yes,https://krasivawindows.com/,krasivawindows.com,Phoenix,AZ,+1 602-678-3737,"2432 W Peoria Ave #1186, Phoenix, AZ 85029, United States",4.8,306,YES,name states window installation/replacement/doors,high,name + review keyword filter
Sliding Doors Pro – Sliding Door & Window Repair Yes,https://slidingdoorsrepairpro.com/,slidingdoorsrepairpro.com,Fort Lauderdale,FL,+1 888-818-1628,"2490 Griffin Rd, Fort Lauderdale, FL 33312, United States",4.8,643,YES,name states window installation/replacement/doors,high,name + review keyword filter
Window World of Phoenix Yes,http://www.windowworldphoenix.com/,windowworldphoenix.com,Phoenix,AZ,+1 602-962-5164,"2530 W Holly St, Phoenix, AZ 85009, United States",4.1,279,YES,name states window installation/replacement/doors,high,name + review keyword filter
East Blue Windows & Doors Yes,http://www.eastbluewindowsdoors.com/,eastbluewindowsdoors.com,Fort Lauderdale,FL,+1 754-244-5037,"2548 NW 9th Ct, Fort Lauderdale, FL 33311, United States",5,73,YES,name states window installation/replacement/doors,high,name + review keyword filter
Vertex Roofers and General Contractors Yes,https://vertexroofers.com/,vertexroofers.com,Dallas,TX,+1 214-206-5123,"2550 Pacific Ave Ste 844, Dallas, TX 75226, United States",4.9,76,YES,Window replacement listed among their general contracting/storm restoration services,medium,verified last run (web search)
Desert King Windows Yes,http://www.desertkingwindows.com/?utm_campaign=gmb,desertkingwindows.com,Phoenix,AZ,+1 480-613-9943,"2615 S 21st St, Phoenix, AZ 85034, United States",4.8,702,YES,window in name + review describes window work,high,name + review keyword filter
Doc Window Installation Yes,,,Pflugerville,TX,+1 737-391-0324,"2700 W Pecan St Unit 121, Pflugerville, TX 78660, United States",5,4,YES,name states window installation/replacement/doors,high,name + review keyword filter
Express Glass & Board Up Sliding Glass Door & Window Repair Yes,https://expressglassfl.com/,expressglassfl.com,Fort Lauderdale,FL,+1 954-707-6443,"2701 W Oakland Park Blvd Ste 225C, Fort Lauderdale, FL 33311, United States",4.3,55,YES,name states window installation/replacement/doors,high,name + review keyword filter
TruView Windows and Doors Yes,https://streetviewpixels-pa.googleapis.com/v1/thumbnail?panoid=dY_AYZz7el6DX4XbwGzhqQ&cb_client=search.gws-prod.gps&w=408&h=240&yaw=246.48436&pitch=0&thumbfov=100,streetviewpixels-pa.googleapis.com,Dallas,TX,+1 945-382-4402,"2703 Chalk Hill Rd, Dallas, TX 75212, United States",,,YES,name states window installation/replacement/doors,high,name + review keyword filter
Designer Door and Window Yes,http://www.designerdw.com/,designerdw.com,Carrollton,TX,+1 972-424-0031,"2707 Realty Rd #310, Carrollton, TX 75006, United States",4.9,140,YES,"Design, build and installation of energy-efficient windows (Anlin dealer) plus exterior doors",high,verified last run (web search)
AC Glass and Mirror Yes,http://www.acglass.biz/,acglass.biz,Dallas,TX,+1 214-604-3394,"2708 Reynolds Ave, Dallas, TX 75232, United States",3.3,7,YES,"Window glass replacement, single and double pane, same/next-day",high,verified last run (web search)
VISION IMPACT WINDOWS & DOORS Yes,https://www.visionimpactwindowsanddoors.com/,visionimpactwindowsanddoors.com,Fort Lauderdale,FL,+1 754-290-0123,"271 SW 33rd Ct #6, Fort Lauderdale, FL 33315, United States",0,0,YES,name states window installation/replacement/doors,high,name + review keyword filter
DAR Roofing General Contractors Yes,http://www.darroofinggc.com/,darroofinggc.com,Farmers Branch,TX,+1 315-836-4542,"2727 Lyndon B Johnson Fwy Ste 785, Farmers Branch, TX 75234, United States",4.9,122,YES,Window replacement and repair offered among general contracting services,high,verified last run (web search)
G's Audio ATX Yes,https://www.facebook.com/GsAudioatx,facebook.com,Del Valle,TX,+1 512-919-6639,"2825 E Hwy 71, Del Valle, TX 78617, United States",4.2,100,YES,Stocks windows and provides framing and installation services including window and door installations,medium,verified last run (web search)
Window Depot Dallas /Plano Yes,https://windowdepotdallas.com/,windowdepotdallas.com,Plano,TX,+1 214-399-9592,"2828 W Parker Rd Ste 203B, Plano, TX 75075, United States",4.9,38,YES,Replacement windows with in-house certified installation; siding and entry/patio doors,high,verified last run (web search)
Trustmark Exteriors Yes,https://www.trustmarkexteriors.com/?utm_source=google&utm_medium=gbp,trustmarkexteriors.com,Fort Worth,TX,+1 817-859-8369,"2832 SE Loop 820, Fort Worth, TX 76140, United States",5,14,YES,Window installation and window repair,high,verified last run (web search)
NT Window Inc. Yes,http://www.ntwindow.com/,ntwindow.com,Fort Worth,TX,+1 800-969-8830,"2900 W Seminary Dr, Fort Worth, TX 76133, United States",4.5,144,YES,Manufactures custom vinyl and aluminum windows for replacement and new construction; installation crews replace whole-home window sets,medium,verified last run (web search)
Integrity Window Replacement Austin Yes,,,Austin,TX,+1 512-737-2975,"2901 Medical Arts St Ste.108, Austin, TX 78705, United States",5,2,YES,name states window installation/replacement/doors,high,name + review keyword filter
Window Nation Dallas Yes,https://www.windownation.com/locations/texas/grand-prairie?utm_code=CMP-08802-Y8W8G&utm_source=google&utm_medium=organic&utm_content=GMB_showroom,windownation.com,Grand Prairie,TX,+1 972-332-5412,"2940 N Hwy 360 #300, Grand Prairie, TX 75050, United States",4.7,1057,YES,Replacement windows and doors with professional installation; national installer with Grand Prairie showroom,high,verified last run (web search)
Florida Impactpro Windows and Doors LLC Yes,https://floridaimpactpro.com/,floridaimpactpro.com,Fort Lauderdale,FL,+1 954-758-9465,"2974 Griffin Rd Ste 5, Fort Lauderdale, FL 33312, United States",4.8,59,YES,name states window installation/replacement/doors,high,name + review keyword filter
Home Window Guy Yes,https://adamsexteriors.com/,adamsexteriors.com,Dallas,TX,+1 214-349-7283,"3010 Lyndon B Johnson Fwy, Dallas, TX 75234, United States",4.3,12,YES,"Energy-efficient vinyl replacement window supply and installation (Pella, Andersen, Simonton, Alside, Don Young); also siding and roofing",high,verified last run (web search)
Clear Innovations Yes,https://clear-innovate.com/,clear-innovate.com,Leander,TX,+1 512-337-7272,"304 Hazelwood St #1, Leander, TX 78641, United States",5,14,YES,review explicitly describes window install/replacement,high,name + review keyword filter
Legacy Windows LLC Yes,https://thelegacywindows.com/,thelegacywindows.com,Phoenix,AZ,+1 480-448-2098,"3106 W Thomas Rd #1107, Phoenix, AZ 85017, United States",4.1,37,YES,window in name + review describes window work,high,name + review keyword filter
Dave Windows & Doors Yes,https://streetviewpixels-pa.googleapis.com/v1/thumbnail?panoid=39MPlfD8oeTktvugffDu_w&cb_client=search.gws-prod.gps&w=408&h=240&yaw=347.97153&pitch=0&thumbfov=100,streetviewpixels-pa.googleapis.com,Fort Lauderdale,FL,+1 786-947-5050,"3107 Stirling Rd #205, Fort Lauderdale, FL 33312, United States",,,YES,name states window installation/replacement/doors,high,name + review keyword filter
WindowWall of Ft. Lauderdale Yes,https://windowwallfl.com/,windowwallfl.com,Fort Lauderdale,FL,+1 954-945-8212,"3150 Prospect Rd Ste 350, Fort Lauderdale, FL 33309, United States",4.9,72,YES,window in name + review describes window work,high,name + review keyword filter
South Florida Windows & Doors Yes,http://myflwindows.com/?utm_source=google&utm_medium=organic&utm_campaign=gbp_pompano_beach_fl,myflwindows.com,Pompano Beach,FL,+1 954-957-9763,"3195 N Powerline Rd Ste 112, Pompano Beach, FL 33069, United States",4.7,152,YES,name states window installation/replacement/doors,high,name + review keyword filter
Crystalia Glass Yes,https://crystaliaglass.com/,crystaliaglass.com,Farmers Branch,TX,+1 718-690-0258,"3214 Belt Line Rd Suite 458, Farmers Branch, TX 75234, United States",4.9,94,YES,"Double glazing, glass installation, curtain walls and storefronts — designed and installed",high,verified last run (web search)
The Window Source of DFW Yes,https://www.windowsourcedfw.com/,windowsourcedfw.com,Carrollton,TX,+1 469-655-9148,"3216 Commander Dr Ste 101, Carrollton, TX 75006, United States",5,153,YES,"Custom-fit, locally manufactured replacement windows plus exterior and sliding door replacement",high,verified last run (web search)
Vista Windows and Doors Yes,https://www.vistawindowsaz.com/,vistawindowsaz.com,Chandler,AZ,+1 480-744-2884,"3225 N Arizona Ave Ste C13, Chandler, AZ 85225, United States",5,51,YES,name states window installation/replacement/doors,high,name + review keyword filter
JJ's Window Service Yes,http://www.jjswindowservice.com/,jjswindowservice.com,Carrollton,TX,+1 972-479-1302,"3235 Skylane Dr Apt 115, Carrollton, TX 75006, United States",3.7,59,YES,"Window replacement and fogged/failed insulated glass repair (broken glass, moisture between panes, broken seals)",high,verified last run (web search)
Factory Direct Windows Yes,https://www.factorydirectwindows.com/,factorydirectwindows.com,Chandler,AZ,+1 602-703-0131,"331 E Chilton Dr, Chandler, AZ 85225, United States",5,60,YES,window in name + review describes window work,high,name + review keyword filter
ASP Windows and Doors Yes,https://www.aspwindows.com/contact/doral-florida?utm_campaign=gmb,aspwindows.com,Doral,FL,+1 786-751-5389,"3400 NW 114th Ave, Doral, FL 33178, United States",4.8,945,YES,name states window installation/replacement/doors,high,name + review keyword filter
Prime Window Solutions Yes,https://primeshuttersllc.com/,primeshuttersllc.com,Plano,TX,+1 469-457-4049,"3400 Silverstone Dr Ste 174, Plano, TX 75023, United States",5,110,YES,window in name + review describes window work,high,name + review keyword filter
Sawgrass Windows and Doors Yes,http://sawgrasswindows.net/,sawgrasswindows.net,Lauderhill,FL,+1 954-742-7455,"3430 NW 16th St Bay 12, Lauderhill, FL 33311, United States",4.5,40,YES,name states window installation/replacement/doors,high,name + review keyword filter
Gold Coast Windows and Doors Inc. Yes,http://www.goldcoastwindows.com/?utm_source=local&utm_medium=organic&utm_campaign=gmb,goldcoastwindows.com,Lauderdale Lakes,FL,+1 954-714-6800,"3517 NW 19th St, Lauderdale Lakes, FL 33311, United States",4.6,19,YES,name states window installation/replacement/doors,high,name + review keyword filter
Reece Windows & Doors Yes,https://reecewindows.com/fort-lauderdale/,reecewindows.com,Fort Lauderdale,FL,+1 866-717-8582,"3590 NW 54th St, Fort Lauderdale, FL 33309, United States",4.5,248,YES,name states window installation/replacement/doors,high,name + review keyword filter
Grand Openings Luxury Windows & Doors - Dallas Yes,http://www.grandopenings.com/,grandopenings.com,Dallas,TX,+1 214-956-7700,"3605 Inwood Rd, Dallas, TX 75209, United States",2.9,18,YES,"Custom/luxury window and door sales to homeowners, builders and architects (Kolbe, Marvin, Quaker, Western, LaCantina); showroom + field service on installed windows",medium,verified last run (web search)
Wyndoorco Yes,https://wyndoorco.com/,wyndoorco.com,Dallas,TX,+1 972-922-3578,"3626 N Hall St Ste 610, Dallas, TX 75219, United States",5,18,YES,"New and retrofit window installation (remove/replace), doors, moving glass walls",high,verified last run (web search)
The Window Source of Miami Yes,https://windowsourcemiami.com/?utm_campaign=gmb,windowsourcemiami.com,Lauderhill,FL,+1 754-254-0150,"3708 NW 16th St, Lauderhill, FL 33311, United States",5,28,YES,name states window installation/replacement/doors,high,name + review keyword filter
VZ auto glass Yes,https://www.facebook.com/share/1BuZmxvmHM/,facebook.com,Balch Springs,TX,+1 469-279-6262,"3717 Woodbury Rd, Balch Springs, TX 75180, United States",5,150,YES,Stocks windows and provides framing and installation services including window and door installations,medium,verified last run (web search)
Window Nation Austin Yes,https://www.windownation.com/locations/texas/san-marcos?utm_code=CMP-08802-Y8W8G&utm_source=google&utm_medium=organic&utm_content=GMB_showroom,windownation.com,Pflugerville,TX,+1 512-360-0899,"3813A Helios Way, Pflugerville, TX 78660, United States",4.6,168,YES,Replacement windows and doors with professional installation; national installer with Grand Prairie showroom,high,verified last run (web search)
Panoramic Doors - Austin Yes,https://panoramicdoors.com/showrooms/austin-tx/,panoramicdoors.com,Austin,TX,+1 210-239-7576,"3913 Todd Ln Ste 303, Austin, TX 78744, United States",3.8,6,YES,"Manufactures and sells panoramic wide-panel windows and glass wall systems for homes and businesses, sold direct to end customers",medium,verified last run (web search)
Noble Windows and Doors Yes,https://noblewindowsanddoors.com/window-installation-phoenix-arizona/,noblewindowsanddoors.com,Phoenix,AZ,+1 623-810-3460,"4001 E Broadway Rd Unit B-11, Phoenix, AZ 85040, United States",5,118,YES,name states window installation/replacement/doors,high,name + review keyword filter
Universal Door Repair Yes,https://universaldoorrepair.co/,universaldoorrepair.co,Dallas,TX,+1 214-529-3594,"4001 N Westmoreland Rd, Dallas, TX 75212, United States",5,0,YES,Aluminum & glass storefront repair and glass replacement on commercial buildings,medium,verified last run (web search)
Highline Building Supplies | Windows | Doors | Flooring | Roofing | Kitchen | Builders Source | Commercial Doors | Trims Yes,https://www.highlinesupplies.com/?utm_source=google&utm_medium=gbp&utm_campaign=business_profile,highlinesupplies.com,Garland,TX,+1 214-718-0488,"4002 W Miller Rd STE# 100 & 120, Garland, TX 75041, United States",4.9,871,YES,"Supplies and installs windows (interior/exterior commercial doors and windows) for builders, contractors and homeowners",high,verified last run (web search)
KJ&M Glass Works Yes,https://dfwwindowrepairservice.com/contact/,dfwwindowrepairservice.com,Dallas,TX,+1 214-994-2580,"4022 Altoona Dr, Dallas, TX 75233, United States",4.9,57,YES,"Window glass repair and replacement — single and double pane insulated glass, low-E, tempered; full window replacement; also insect/solar screens",high,verified last run (web search)
MIW Roofing Yes,https://miwroofing.com/,miwroofing.com,Oakland Park,FL,+1 954-634-3838,"404 NE 38th St, Oakland Park, FL 33334, United States",5,404,YES,review explicitly describes window install/replacement,high,name + review keyword filter
Keenan Window & Door Yes,https://www.keenanwindow.com/,keenanwindow.com,Oakland Park,FL,+1 954-563-4900,"4050 NE 5th Terrace, Oakland Park, FL 33334, United States",4.7,82,YES,name states window installation/replacement/doors,high,name + review keyword filter
Fonte Windows And Doors Yes,http://fonteimpactwindows.com/,fonteimpactwindows.com,Oakland Park,FL,+1 954-900-2344,"4076 NE 8th Ave, Oakland Park, FL 33334, United States",4.9,74,YES,name states window installation/replacement/doors,high,name + review keyword filter
Adams Exteriors Yes,http://www.adamsexteriors.com/homewindowguy/,adamsexteriors.com,Dallas,TX,+1 214-349-7283,"410 S Willomet Ave, Dallas, TX 75208, United States",5,2,YES,"Energy-efficient vinyl replacement window supply and installation (Pella, Andersen, Simonton, Alside, Don Young); also siding and roofing",high,verified last run (web search)
BUENAVISTA WINDOWS Yes,https://www.buenavistawindows.net/,buenavistawindows.net,Dallas,TX,+1 469-805-8098,"4215 McEwen Rd, Dallas, TX 75244, United States",4.9,8,YES,window in name + review describes window work,high,name + review keyword filter
Binswanger Glass Yes,https://www.binswangerglass.com/branch/dallas-tx-4222-harry-hines-blvd/,binswangerglass.com,Dallas,TX,+1 214-520-6583,"4222 Harry Hines Blvd, Dallas, TX 75219, United States",3.9,87,YES,"Residential window glass repair and replacement incl. foggy insulated-glass (IG) units; commercial storefronts, curtain wall, entrance systems and glass partitions",high,verified last run (web search)
Performance Windows Dallas Yes,http://goperformancewindows.com/,goperformancewindows.com,Irving,TX,+1 817-803-5965,"4225 Wingren Dr Ste 215, Irving, TX 75062, United States",4.8,300,YES,Residential replacement window installation,high,verified last run (web search)
Vico Windows Inc Yes,http://www.vicowindows.com/,vicowindows.com,Oakland Park,FL,+1 954-563-5686,"4275 NE 6th Ave, Oakland Park, FL 33334, United States",4.3,61,YES,window in name + review describes window work,high,name + review keyword filter
Pella Window and Door Office/Warehouse of Rockford Yes,https://www.pella.com/locations/chicago/?utm_source=organic&utm_medium=web&utm_campaign=gbp,pella.com,Rockford,IL,,"4301 11th St, Rockford, IL 61109, United States",4.6,728,YES,Replacement window and door sales and installation,high,verified last run (web search)
Silverback Windows Yes,https://www.silverbackwindows.com/,silverbackwindows.com,Dallas,TX,+1 469-388-5175,"4329 McKinney Ave #19, Dallas, TX 75205, United States",5,48,YES,Replacement windows (aluminum and vinyl) and doors,high,verified last run (web search)
Amazing Exteriors Yes,http://amazingexteriors.com/locations/dallas/,amazingexteriors.com,Farmers Branch,TX,+1 817-761-4113,"4343 Sigma Rd Suite 100, Farmers Branch, TX 75244, United States",4.6,244,YES,"Replacement windows (Marvin dealer/installer), entry doors, siding",high,verified last run (web search)
WindowCraft Inc Yes,https://www.windowcraft.biz/,windowcraft.biz,Dallas,TX,+1 214-358-7110,"4412 W Lovers Ln, Dallas, TX 75209, United States",4.5,10,YES,"Custom wood, metal and vinyl windows and doors for new construction or replacement (Loewen dealer)",high,verified last run (web search)
Window Depot USA of Dallas Yes,https://windowdepotdallas.com/,windowdepotdallas.com,Irving,TX,+1 214-399-9592,"4425 W Airport Fwy Ste 119, Irving, TX 75062, United States",4.8,205,YES,Replacement windows with in-house certified installation; siding and entry/patio doors,high,verified last run (web search)
Builders FirstSource Yes,https://www.bldr.com/contact/request-quote?utm_source=yext&utm_medium=listing&utm_campaign=requestquote&utm_content=AUSTTXYD,bldr.com,Austin,TX,+1 512-444-3172,"4501 Burleson Rd, Austin, TX 78744, United States",2.9,104,YES,review explicitly describes window install/replacement,high,name + review keyword filter
Maverick Windows Yes,http://www.maverickwindows.com/,maverickwindows.com,Addison,TX,+1 214-302-8541,"4552 Beltway Dr, Addison, TX 75001, United States",4.8,820,YES,"Energy-efficient replacement window installation (custom-made to existing openings), plus door replacement and siding",high,verified last run (web search)
Vista Windows & Doors Yes,http://www.vistawd.com/,vistawd.com,Sunset Valley,TX,+1 512-927-9011,"4715 S Lamar Blvd #101B, Sunset Valley, TX 78745, United States",3.6,10,YES,name states window installation/replacement/doors,high,name + review keyword filter
New View Roofing Yes,https://newviewroofing.com/?utm_source=google&utm_medium=organic&utm_campaign=gmb,newviewroofing.com,Dallas,TX,+1 469-966-1196,"4722 Gaston Ave, Dallas, TX 75246, United States",4.9,698,YES,"New window installation and window replacement/repair for homes; part of their exterior renovation offering (painting, siding, windows, fencing)",high,verified last run (web search)
Mid Cities Auto Glass Yes,https://midcitiesautoglass.com/auto-glass/,midcitiesautoglass.com,Dallas,TX,+1 210-401-1110,"4755 Algiers St, Dallas, TX 75207, United States",4.8,5,YES,"Glass repair and replacement for residential and commercial windows and doors, alongside their auto glass work (same company/domain as ID 188, different Dallas location)",medium,verified last run (web search)
All Window & Door Repairs Inc Yes,https://impactshieldwindows.com/?utm_source=omg-gbp&utm_medium=webclick,impactshieldwindows.com,Oakland Park,FL,+1 954-400-1736,"4768 NE 12th Ave, Oakland Park, FL 33334, United States",4.8,421,YES,name states window installation/replacement/doors,high,name + review keyword filter
Glasshouse Yes,http://glasshouseproducts.com/?utm_source=google&utm_medium=Yext,glasshouseproducts.com,Dallas,TX,+1 214-761-1100,"4811 Lakawana St, Dallas, TX 75247, United States",4.3,6,YES,Produces and installs custom windows and storefront glass,high,verified last run (web search)
Gatsby Glass of East Dallas Yes,https://www.gatsbyglass.com/east-dallas-tx/,gatsbyglass.com,Dallas,TX,+1 972-430-4390,"4845 Vicksburg St ste 100a, Dallas, TX 75207, United States",5,14,YES,"Residential glass repair and window replacement (incl. foggy/failed units), plus commercial glass and shower/mirror work",high,verified last run (web search)
All Impact Renovations Windows & Doors Yes,https://www.allimpactrenovations.com/,allimpactrenovations.com,Oakland Park,FL,+1 954-655-1527,"4866 NE 12th Ave, Oakland Park, FL 33334, United States",4.9,41,YES,name states window installation/replacement/doors,high,name + review keyword filter
Energy Window Solutions Yes,https://energywindowsolutions.com/,energywindowsolutions.com,Mabank,TX,+1 972-746-8195,"5000 Esquire Estates Rd, Mabank, TX 75156, United States",4.9,105,YES,"Custom window manufacture plus window installation and replacement; also siding, gutters, doors",high,verified last run (web search)
ProTex Remodeling Windows - Doors - Siding Yes,https://www.protexremodeling.com/,protexremodeling.com,Burleson,TX,+1 817-422-0552,"5001 FM1187 Ste 150, Burleson, TX 76028, United States",5,150,YES,"Replacement window installation, custom and egress windows, solar tubes; also doors and siding",high,verified last run (web search)
Avana Windows & Doors Yes,https://www.avanawindows.com/,avanawindows.com,Fort Lauderdale,FL,+1 954-902-7815,"515 E Las Olas Blvd Suite 120, Fort Lauderdale, FL 33301, United States",4.9,11,YES,name states window installation/replacement/doors,high,name + review keyword filter
Rockford Siding and Windows LLC Yes,http://rockford-siding.com/,rockford-siding.com,Loves Park,IL,+1 815-214-9390,"5441 Forest Hills Ct, Loves Park, IL 61111, United States",4.4,83,YES,window in name + review describes window work,high,name + review keyword filter
Windows of Austin Yes,https://windowsofaustin.com/,windowsofaustin.com,Austin,TX,+1 512-954-2100,"5524 Bee Caves Rd Ste B-3, Austin, TX 78746, United States",5,3,YES,window in name + review describes window work,high,name + review keyword filter
Reformed Roofing & Contracting Yes,http://www.reformed-roofing.com/,reformed-roofing.com,Dallas,TX,+1 972-946-1775,"5639 Dyer St Ste 200, Dallas, TX 75206, United States",5,73,YES,Energy-efficient window and door replacement,high,verified last run (web search)
AM Gutter Services Yes,https://www.amgutterservices.com/,amgutterservices.com,Dallas,TX,+1 214-980-4366,"5641 SMU Boulevard #106, Dallas, TX 75206, United States",5,257,YES,"Window installation offered as a specialty service alongside gutters, roofing and siding",medium,verified last run (web search)
AM Roofing Company Yes,https://amroofingcompany.com/?utm_source=Google_Maps&utm_medium=Website_Link-Click&utm_campaign=Google_Maps_Visits,amroofingcompany.com,Dallas,TX,+1 214-980-4366,"5641 SMU Boulevard #106, Dallas, TX 75206, United States",4.9,39,YES,"Window installation offered alongside roofing, gutters, siding, soffit & fascia",medium,verified last run (web search)
Radiant Windows & Glass Yes,https://www.radiantwindowsglass.com/?utm_source=gmb&utm_medium=organic&utm_campaign=Maps,radiantwindowsglass.com,Dallas,TX,+1 469-727-9745,"5730 Martel Ave #118, Dallas, TX 75206, United States",5,21,YES,"Energy-efficient replacement windows, window repair, window glass replacement (also shower glass, mirrors, window cleaning)",high,verified last run (web search)
JC GLASS & WINDOWS Yes,https://jcglass-windows.carrd.co/,jcglass-windows.carrd.co,Dallas,TX,+1 214-531-5904,"5738 Preston View Blvd, Dallas, TX 75240, United States",5,7,YES,"Window installation, broken window glass repair, energy-efficient pane replacement, custom screens",high,verified last run (web search)
Optimal Windows Yes,https://www.optimalwindows.com/?utm_source=google_business_profile&utm_medium=organic,optimalwindows.com,Plano,TX,+1 972-768-1999,"5760 Legacy Dr b3366, Plano, TX 75024, United States",5,51,YES,"Window and patio door replacement/installation - vinyl, fiberglass, aluminum-clad wood (Burris, Pella, Lincoln, WinDor)",high,verified last run (web search)
Energy One Windows of Dallas/Ft. Worth Yes,https://energyonewindows.com/,energyonewindows.com,Irving,TX,+1 972-719-7801,"580 Decker Dr #125, Irving, TX 75062, United States",5,208,YES,Replacement window and patio/sliding glass door installation for homeowners,high,verified last run (web search)
Window World of Austin Yes,https://www.windowworldaustin.com/,windowworldaustin.com,Austin,TX,+1 512-383-1222,"5812 Trade Center Dr #300, Austin, TX 78744, United States",4.8,353,YES,name states window installation/replacement/doors,high,name + review keyword filter
Window World of Dallas-Fort Worth Yes,https://www.windowworlddfw.com/,windowworlddfw.com,Richardson,TX,+1 972-623-9993,"600 N Coit Rd Ste 2052, Richardson, TX 75080, United States",4.7,789,YES,"Vinyl replacement window installation, plus doors and siding (Richardson location of the same DFW franchise)",high,verified last run (web search)
Windowman of South Florida Yes,http://windowmanflorida.com/,windowmanflorida.com,Fort Lauderdale,FL,+1 954-946-1553,"6001 Powerline Rd Ste A, Fort Lauderdale, FL 33309, United States",3.5,22,YES,window in name + review describes window work,high,name + review keyword filter
Window World of Rockford Yes,https://www.windowworldrockford.com/,windowworldrockford.com,Loves Park,IL,+1 815-395-1333,"6010 Forest Hills Rd, Loves Park, IL 61111, United States",4.7,426,YES,name states window installation/replacement/doors,high,name + review keyword filter
Window Yes,https://streetviewpixels-pa.googleapis.com/v1/thumbnail?panoid=nAbM2KHS52aXjyxjGp9r0A&cb_client=search.gws-prod.gps&w=408&h=240&yaw=123.570114&pitch=0&thumbfov=100,streetviewpixels-pa.googleapis.com,Dallas,TX,,"6025 Hunters View Ln, Dallas, TX 75232, United States",,,YES,window in name + review describes window work,high,name + review keyword filter
Dream Builders Construction Yes,https://www.bestglassflorida.com/?utm_source=google&utm_medium=wix_google_business_profile&utm_campaign=3795594895127369423,bestglassflorida.com,Davie,FL,+1 754-257-0379,"6099 Stirling Rd Ste 103, Davie, FL 33314, United States",5,24,YES,review explicitly describes window install/replacement,high,name + review keyword filter
Omega Glass & Mirror Co Yes,http://omegaglassdallas.com/,omegaglassdallas.com,Dallas,TX,+1 214-821-8283,"6212 Mercedes Ave, Dallas, TX 75214, United States",4.7,37,YES,"Windows, plate glass and insulated glass supply and installation; storefronts",high,verified last run (web search)
BlueCyclone Window A/C Services Yes,https://www.facebook.com/BlueCyclone-Handyman-Services-110902136913763/,facebook.com,Dallas,TX,+1 214-228-4363,"6423 S R L Thornton Fwy, Dallas, TX 75232, United States",3.6,5,YES,Stocks windows and provides framing and installation services including window and door installations,medium,verified last run (web search)
JVR Impact Windows & Doors Yes,https://www.jvrwindows.com/,jvrwindows.com,Oakland Park,FL,+1 954-902-4418,"650 NE 44th St, Oakland Park, FL 33334, United States",4.6,211,YES,name states window installation/replacement/doors,high,name + review keyword filter
Austin Residential Window Replacement Yes,https://austinresidentialwindowreplacement.com/,austinresidentialwindowreplacement.com,Austin,TX,+1 512-379-6857,"6500 River Pl Blvd Building 7C, Austin, TX 78730, United States",0,0,YES,name states window installation/replacement/doors,high,name + review keyword filter
Window Depot USA of Austin TX Yes,https://windowdepotaustin.com/,windowdepotaustin.com,Austin,TX,+1 512-201-6447,"6514 McNeil Dr Ste 1-100, Austin, TX 78729, United States",4.2,17,YES,name states window installation/replacement/doors,high,name + review keyword filter
King's Window Services LLC Yes,https://www.kingswindowservices.com/?utm_medium=organic&utm_source=google&utm_campaign=gbp,kingswindowservices.com,North Richland Hills,TX,+1 817-512-5714,"6515 Smithfield Rd c, North Richland Hills, TX 76182, United States",4.9,166,YES,"Full window replacement, window repair, foggy glass repair (also window cleaning and screen repair)",high,verified last run (web search)
Lone Star Glass and Aluminum Yes,https://lonestarglassandaluminum.com/,lonestarglassandaluminum.com,Dallas,TX,+1 972-748-9481,"6526 Maryibel Cir, Dallas, TX 75237, United States",4.6,14,YES,"Window installation and glass replacement, commercial window replacement, aluminum storefront/storefront glass windows, 24/7 emergency glass replacement and board-up",high,verified last run (web search)
Metroplex Door Repair LLC Yes,http://metroplexdoorrepair.llc/,metroplexdoorrepair.llc,Dallas,TX,+1 469-328-6628,"6611 Lockheed Ave, Dallas, TX 75209, United States",4.6,36,YES,"Commercial and residential glass installation/replacement including windows, storefront glass, partitions and facades",high,verified last run (web search)
Austin Sliding Door and Window Repair Yes,https://austinslidingdoorrepair.com/,austinslidingdoorrepair.com,Austin,TX,+1 512-621-5542,"6705 US-290 #502-278, Austin, TX 78735, United States",4.7,43,YES,name states window installation/replacement/doors,high,name + review keyword filter
JCAB Enterprises - Impact Windows & Doors Yes,https://jcabinc.com/,jcabinc.com,Oakland Park,FL,+1 954-288-4798,"700 NE 40th Ct, Oakland Park, FL 33334, United States",4.9,70,YES,name states window installation/replacement/doors,high,name + review keyword filter
Foggy Window Repair Yes,https://www.foggywindowrepair.com/,foggywindowrepair.com,Irving,TX,+1 972-693-6449,"700 Redbird Dr, Irving, TX 75061, United States",4.4,149,YES,"Foggy/failed insulated glass unit replacement, window glass installation, replacement and repair",high,verified last run (web search)
Austin Window and Door Yes,https://austinwindowanddoor.com/,austinwindowanddoor.com,Austin,TX,+1 844-578-3096,"701 Tillery St, Austin, TX 78702, United States",4.2,5,YES,name states window installation/replacement/doors,high,name + review keyword filter
Apex Windows & Glass Yes,https://apexwindowstx.com/,apexwindowstx.com,McKinney,TX,+1 214-263-3008,"7200 W University Dr, McKinney, TX 75071, United States",5,61,YES,"Foggy glass replacement, double-pane window repair, insulated glass unit (IGU) replacement",high,verified last run (web search)
JDM Sliding Door & Window Repair Yes,https://slidingdoorrepairft.com/broward,slidingdoorrepairft.com,Fort Lauderdale,FL,+1 954-689-2155,"721 NE 3rd Ave, Fort Lauderdale, FL 33304, United States",4.9,617,YES,name states window installation/replacement/doors,high,name + review keyword filter
Sliding Door Repair Dallas Yes,https://slidingdoorsrepairdallas.com/,slidingdoorsrepairdallas.com,Dallas,TX,+1 346-353-2018,"7315 Gaston Ave, Dallas, TX 75214, United States",5,7,YES,Window installation and broken-glass repair alongside sliding/patio door repair and glass door replacement,medium,verified last run (web search)
Amy's Home Services Yes,https://www.facebook.com/Amys-janitorial-services-1057382640944478/,facebook.com,Austin,TX,+1 512-653-4582,"7601 Daffan Ln #125, Austin, TX 78724, United States",4.3,35,YES,Stocks windows and provides framing and installation services including window and door installations,medium,verified last run (web search)
Arizona Window & Door Store Yes,https://azwds.com/?utm_source=google&utm_medium=organic&utm_campaign=gbp,azwds.com,Scottsdale,AZ,+1 480-450-1953,"7625 E Redfield Rd #400, Scottsdale, AZ 85260, United States",4.9,1312,YES,name states window installation/replacement/doors,high,name + review keyword filter
TJ Window & Door Repair Yes,https://tjwindowrepair.com/?utm_source=omg-gbp&utm_medium=webclick,tjwindowrepair.com,Oakland Park,FL,+1 954-765-6316,"784 NE 44th St, Oakland Park, FL 33334, United States",4.9,69,YES,name states window installation/replacement/doors,high,name + review keyword filter
Clarity Windows and Doors Yes,http://www.claritywindows.com/,claritywindows.com,Coppell,TX,+1 972-393-3991,"800 Freeport Pkwy #150, Coppell, TX 75019, United States",4.9,580,YES,"Window installation, window repair, storm windows, door installation",high,verified last run (web search)
Foster Windows and Doors Yes,https://fosterwindowsanddoors.com/,fosterwindowsanddoors.com,Wilton Manors,FL,+1 954-566-6524,"800 NE 26th St, Wilton Manors, FL 33305, United States",3.5,17,YES,name states window installation/replacement/doors,high,name + review keyword filter
Glass Doctor of Fort Lauderdale Yes,https://glassdoctor.com/fort-lauderdale?cid=LSTL_MGD000191&utm_source=gmb&utm_campaign=local&utm_medium=organic,glassdoctor.com,Oakland Park,FL,+1 954-302-7909,"800 NE 45th St Bldg A, Oakland Park, FL 33334, United States",4.7,747,YES,review explicitly describes window install/replacement,high,name + review keyword filter
Pella Doors and Windows of Phoenix Yes,https://www.pella.com/locations/az/phoenix/?utm_source=google&utm_medium=organic&utm_campaign=gbp,pella.com,Phoenix,AZ,+1 480-571-6199,"801 South 75th Avenue Ste 100, Phoenix, AZ 85043, United States",4.1,33,YES,Replacement window and door sales and installation,high,verified last run (web search)
Don Young Co Yes,http://www.dycwindows.com/,dycwindows.com,Dallas,TX,+1 214-630-0934,"8181 Ambassador Row, Dallas, TX 75247, United States",4.2,60,YES,"Manufactures aluminum and vinyl replacement/new-construction windows; company-owned branches handle retail sales and installation, and they list homeowners among customers served",low,verified last run (web search)
Valencia Remodeling and Construction Yes,http://www.valenciaremodeling.com/,valenciaremodeling.com,Dallas,TX,+1 469-656-5402,"8204 Elmbrook Dr #205, Dallas, TX 75247, United States",4.9,35,YES,"Energy-efficient Low-E window sales and installation, plus glass replacements",high,verified last run (web search)
Alside Yes,https://www.alside.com/,alside.com,Austin,TX,+1 512-926-6249,"8301 Springdale Rd Ste 100, Austin, TX 78724, United States",4.1,28,YES,review explicitly describes window install/replacement,high,name + review keyword filter
Blue Hammer Roofing Yes,https://bluehammerroofing.com/areas-served/dallas/?utm_campaign=gmb&utm_medium=organic&utm_source=google,bluehammerroofing.com,Dallas,TX,+1 469-564-8357,"8330 Lyndon B Johnson Fwy B604, Dallas, TX 75243, United States",4.9,1307,YES,Window services listed alongside roofing/gutters; a customer review describes a side window replaced with the roof,low,verified last run (web search)
JUST ROOF GENERAL CONTRACTORS LLC Yes,https://roofremodelingsolution.com/,roofremodelingsolution.com,Dallas,TX,+1 469-797-6747,"8330 Lyndon B Johnson Fwy Ste 678, Dallas, TX 75243, United States",4.8,77,YES,Window replacement as part of exterior remodeling,high,verified last run (web search)
Legacy Exteriors Yes,https://www.legacyexteriors.com/,legacyexteriors.com,Keller,TX,+1 817-751-4460,"8801 Davis Blvd Ste 2E, Keller, TX 76248, United States",4.9,63,YES,"Custom energy-efficient replacement window and door installation, free in-home estimates, lifetime craftsmanship warranty",high,verified last run (web search)
Thermal Windows Yes,http://www.thermalwindowsdfw.com/,thermalwindowsdfw.com,Dallas,TX,+1 214-630-5885,"8808 Empress Row, Dallas, TX 75247, United States",4.6,122,YES,"Manufactures and installs vinyl, thermally-broken aluminum and fiberglass replacement windows",high,verified last run (web search)
Major Window Installation Yes,,,Fort Lauderdale,FL,+1 754-327-7825,"900 NW 6th St #111, Fort Lauderdale, FL 33311, United States",5,2,YES,name states window installation/replacement/doors,high,name + review keyword filter
Atrium Windows & Doors - Cornerstone Building Brands Yes,http://www.atrium.com/,atrium.com,Dallas,TX,+1 800-846-9556,"9001 Ambassador Row, Dallas, TX 75247, United States",3.9,91,YES,name states window installation/replacement/doors,high,name + review keyword filter
Ross Revival Yes,https://rossrevival.com/,rossrevival.com,Dallas,TX,+1 469-212-0722,"9007 San Benito Way, Dallas, TX 75218, United States",0,0,YES,"Historic wooden sash window restoration and repair: cosmetic to full sash restoration, reglazing windows, over-window flashing, custom-fabricated storm windows",high,verified last run (web search)
BrightWing Custom Exteriors Yes,http://www.brightwingcustom.com/,brightwingcustom.com,Austin,TX,+1 512-323-0124,"9086 Jollyville Rd, Austin, TX 78759, United States",5,36,YES,review explicitly describes window install/replacement,high,name + review keyword filter
Arrow Glass and Mirror Yes,https://glassgang.com/,glassgang.com,Austin,TX,+1 512-339-4888,"9201 Brown Ln Suite 280, Austin, TX 78754, United States",4.3,33,YES,review explicitly describes window install/replacement,high,name + review keyword filter
CUSTOM SECURITY DOORS / AAA CUSTOM WINDOWS Yes,https://customsecuritydoorsandwindows.com/,customsecuritydoorsandwindows.com,Dallas,TX,+1 214-340-0078,"9310 Forest Ln #206, Dallas, TX 75243, United States",4.7,18,YES,"Vinyl and aluminum replacement windows and storm windows, single/double hung, professional installation since 1981",high,verified last run (web search)
Burglar Bars in Dallas Yes,https://www.burglarbarsindallas.com/,burglarbarsindallas.com,Dallas,TX,+1 214-340-0078,"9310 Forest Ln #206, Dallas, TX 75243, United States",4.5,4,YES,"Replacement windows (incl. vinyl replacement windows) sold and installed, alongside burglar bars and security doors",high,verified last run (web search)
Exclusive Windows & Doors Yes,http://www.exclusivewindowsanddoors.com/,exclusivewindowsanddoors.com,Austin,TX,+1 512-341-9282,"9324 Neils Thompson Dr, Austin, TX 78758, United States",4.6,11,YES,name states window installation/replacement/doors,high,name + review keyword filter
Woodruff Windows Yes,https://woodruffwindows.com/location/garland-texas/,woodruffwindows.com,Dallas,TX,+1 214-390-9426,"9330 Lyndon B Johnson Fwy #900, Dallas, TX 75243, United States",5,5,YES,"Custom-built replacement windows and doors, in-house install crews; Garland/DFW",high,verified last run (web search)
The Window Source of Austin Yes,https://www.windowsourceaustin.com/,windowsourceaustin.com,Austin,TX,+1 512-524-9455,"9415 Burnet Rd Ste 309A, Austin, TX 78758, United States",5,0,YES,name states window installation/replacement/doors,high,name + review keyword filter
Luma Exteriors Yes,https://lumaexteriors.com/,lumaexteriors.com,Austin,TX,+1 512-201-1818,"9600 Escarpment Blvd Ste 745-27, Austin, TX 78749, United States",5,29,YES,review explicitly describes window install/replacement,high,name + review keyword filter
Glass Doctor Home + Business of Austin Yes,https://glassdoctor.com/austin-tx-home-business?cid=LSTL_MGD000191&utm_source=gmb&utm_campaign=local&utm_medium=organic,glassdoctor.com,Austin,TX,+1 512-782-8409,"9701 Dessau Rd Ste 805, Austin, TX 78754, United States",4.7,860,YES,review explicitly describes window install/replacement,high,name + review keyword filter
Accolade Windows & Doors Replacement Yes,http://www.accoladewindows.com/,accoladewindows.com,Austin,TX,+1 512-288-8354,"9705 Research Blvd Ste C2, Austin, TX 78759, United States",4.8,174,YES,name states window installation/replacement/doors,high,name + review keyword filter
NuevaVista Windows Yes,,,Dallas,TX,+1 945-232-1378,"9848 Monroe Dr office b, Dallas, TX 75220, United States",4.7,9,YES,window in name + review describes window work,high,name + review keyword filter
RainTight General Contracting Yes,http://www.raintight.net/,raintight.net,Dallas,TX,+1 214-693-6196,"9903 Carnegie Dr, Dallas, TX 75228, United States",4.8,20,YES,Window installation; windows are a headline service alongside roofing and gutters,high,verified last run (web search)
Boca Impact Window and Door Yes,https://www.bocaimpactwd.com/?utm_source=google&utm_medium=organic&utm_campaign=GBPListing-Boca-Raton-FL,bocaimpactwd.com,Boca Raton,FL,+1 561-556-4539,"Bay 17, 3601 N Dixie Hwy, Boca Raton, FL 33431, United States",5,68,YES,name states window installation/replacement/doors,high,name + review keyword filter
"Taroja’s Prime Glass Yes Bliss, Victoria Hills, Bago Aplaya, Talomo, Davao City, 8000 Davao del Sur 0906 249 0862",https://www.facebook.com/share/14gsAoCquU/?mibextid=wwXIfr,facebook.com,,,,,5,0,YES,Stocks windows and provides framing and installation services including window and door installations,medium,verified last run (web search)
Glacier glass and mirror Yes,http://glacierglassandmirror.com/,glacierglassandmirror.com,,,+1 945-268-0721,"Dallas, TX 75243, United States",5,2,YES,Same-day broken window glass repair/replacement; glass office door installation,low,verified last run (web search)
Autograph Construction Yes,https://autographconstruction.com/,autographconstruction.com,,,+1 214-210-0202,"Dallas, TX 75372, United States",4.8,145,YES,"Window installation listed as a service alongside roofing, siding, gutters and patio covers",high,verified last run (web search)
"RK Glass and Aluminum Works Yes purok 10, Poblacion, Valencia City, 8709 Bukidnon 0927 579 6033",https://www.facebook.com/RkGlassandAluminumWorks,facebook.com,,,,,5,2,YES,Stocks windows and provides framing and installation services including window and door installations,medium,verified last run (web search)
Ringer Windows Yes,http://ringerwindows.com/?utm_source=GMB&utm_medium=Organic&utm_campaign=Austin,ringerwindows.com,Austin,TX,+1 512-309-4624,"Sales Office Only by appointment only, 7901 Cameron Rd Bldg 1 Ste 112, Austin, TX 78754, United States",4,16,YES,window in name + review describes window work,high,name + review keyword filter
XLR8 Industries LLC Yes,https://xlr8ind.com/,xlr8ind.com,Dallas,TX,+1 214-457-2814,"W Kiest Blvd, Dallas, TX 75236, United States",5,5,YES,"Window glass replacement, broken/cracked glass panel repair, sliding glass door repair, commercial glass repair, emergency board-up",high,verified last run (web search)
