company_name,website,domain,phone,address,rating,review_count,qualified,window_services,also_vehicle_glass,confidence,evidence,source,site_status
Radiant Plumbing Air Conditioning & Electrical Yes,https://radiantplumbing.com/austin/?utm_source=google&utm_medium=businesslisting&utm_campaign=atx-brand_gmb_1023&utm_content=atx-brand,radiantplumbing.com,+1 512-690-4935,"901 Reinli St, Austin, TX 78751, United States",4.8,17779,NO,no window installation or repair signal on site,False,high,,site scrape,NO
SONIQ Windows and Doors Austin,https://soniqwindows.com/,soniqwindows.com,+1 512-256-1734,,5,2,YES,name states window installation/replacement/doors,False,medium,,name/review keywords,UNKNOWN
Jacquelyn Bilek Design Build Austin,http://www.jbilek.com/,jbilek.com,+1 512-915-4416,"8000 US-290, Austin, TX 78736, United States",5,15,NO,no window installation or repair signal on site,False,high,,site scrape,NO
Shine of Greater Ft Lauderdale Boca Raton & Delray,https://www.shine-windowcleaning.com/fort-lauderdale/?utm_source=GMB&utm_medium=organic&utm_campaign=FortLauderdale,shine-windowcleaning.com,+1 954-881-0031,,5,154,NO,window cleaning,False,high,"Shine Window Cleaning and Exteriors: Same Curb, More Appeal .",site scrape,NO
Royal Renovations Contractors,http://www.royal-renovations.com/,royal-renovations.com,"1111 W Mockingbird Ln Ste 1360, Dallas, TX 75247, United States","1111 W Mockingbird Ln Ste 1360, Dallas, TX 75247, United States",4.8,101,NO,no window installation or repair signal on site,False,high,,site scrape,NO
CAT Exteriors Dallas,https://www.catexteriors.pro/,catexteriors.pro,+1 833-444-4228,"9865 Chartwell Dr, Dallas, TX 75243, United States",4.4,47,YES,installs/replaces windows; insulated glass unit work; named window styles; pane glazing work; replacement windows; window product line; window replacement/installation,False,high,ouble Lifetime Warranty We Help Homeowners Our Services Affordable Home Exterior Services Window Replacement Exterior Coatings Siding Installation Roof Installation HVAC Systems Patio Covers Single–,site scrape,YES
LockTight Impact Windows Doors & Roofing Yes,https://locktightimpact.com/?utm_source=omg-gbp&utm_medium=webclick,locktightimpact.com,+1 954-500-5625,"2200 SW 45th St #101, Fort Lauderdale, FL 33312, United States",4.8,2215,YES,window in name + review describes window work,False,medium,,name/review keywords,UNKNOWN
American Strong Windows Doors & Roofs Inc Yes,https://americanstrong1.com/,americanstrong1.com,+1 954-245-1744,"966 NW 51st Pl, Fort Lauderdale, FL 33309, United States",5,10,YES,window product line; windows & doors,False,high,"y Rock Technology’s FAQ Contact home improvement Services You Can Rely On Specializing in impact windows, doors, and roofing solutions, we provide homeowners with top-tier, durable, and reliable",site scrape,YES
Surplus Building Materials (SBMTX) | Home Improvement Doors Kitchens Floors & Installation Experts in Texas Yes,https://sbmtx.com/,sbmtx.com,+1 972-241-4444,"3404 Belt Line Rd, Farmers Branch, TX 75234, United States",4.3,483,YES,insulated glass unit work; pane glazing work,False,high,"Door Prehung Primed In-swing Height: 80"" Available in left and right hand Ready to paint Double pane glass $625.",site scrape,YES
MR GLAZIER - Windows Doors Shower Enclosures No,https://mrglazier.com/fl-fort-lauderdale/,mrglazier.com,+1 954-504-6501,"217 S Federal Hwy, Fort Lauderdale, FL 33301, United States",0,0,YES,commercial storefront glazing; installs/replaces windows; named window styles; window product line; window replacement/installation; windows & doors,False,high,Explore our convenient showroom locations for all your window repair needs.,site scrape,YES
Michaels Windows Doors & More,http://michaelswindowsdoorsandmore.com/,michaelswindowsdoorsandmore.com,+1 815-217-8429,,5,22,YES,reglazing; window replacement/installation,False,high,Michaels windows doors and more | window restoration and installation .,site scrape,YES
Republic Windows Doors & Roofing,https://www.republicwindow.com/,republicwindow.com,"1541 E Commercial Blvd, Fort Lauderdale, FL 33334, United States","1541 E Commercial Blvd, Fort Lauderdale, FL 33334, United States",4.8,228,YES,commercial storefront glazing; installs/replaces windows; insulated glass unit work; named window styles; window product line; window replacement/installation; windows & doors,False,high,"ing Experts Republic Windows, Doors & Roofing provides professional impact window installation, hurricane-resistant doors, and residential roofing services throughout South Florida.",site scrape,YES
Advanced Windows Doors and More,https://advancedwindowsdoorsandmore.com/,advancedwindowsdoorsandmore.com,+1 469-678-0401,,5,30,YES,installs/replaces windows; named window styles; pane glazing work; replacement windows; window product line; window replacement/installation; windows & doors,False,high,Call Text Email × Contact Us Fill out the form below: × Text Us Fill out the form below: Window Replacement & Installation in Van Alstyne .,site scrape,YES
Titan Builders Impact Windows Doors and Roofing,https://www.titanbuilders.us/,titanbuilders.us,+1 561-768-4826,"718 NW 8th Ave, Fort Lauderdale, FL 33311, United States",5,50,YES,named window styles; window product line; window replacement/installation; windows & doors,False,high,I recommend them for all your window replacements from our own personal experience.,site scrape,YES
Andy's Sprinkler Drainage & Lighting,https://sprinklerdrainage.com/location/austin/?utm_source=gbp&utm_medium=organic&utm_campaign=gbp-listing&utm_content=austin-branch,sprinklerdrainage.com,+1 866-717-0318,"9729 N Interstate Hwy 35, Austin, TX 78753, United States",4.8,883,YES,windows & doors,False,high,"Window and Door Framing Make the entrance to your home stand out with a warm, welcoming touch.",site scrape,YES
HomePro Contracting Handyman Dallas Licensed General Contractors in Dallas. Yes,http://homeproservicesdfw.com/,homeproservicesdfw.com,+1 214-886-3326,"3100 Commerce St Ste 101, Dallas, TX 75226, United States",4.2,57,NO,Handyman services and licensed general contracting (same website/company as ID 463),False,medium,"Same domain and site as ID 463 (homeproservicesdfw.com). Service list on the site covers handyman work, water damage repair, bath/kitchen remodeling, siding repairs, drywall, tile, plumbing, carpentry, painting, roof repairs and electrical - no window installation or replacement.",web research (earlier pass),UNREACHABLE
Southwest Exteriors Inc,http://www.sweaustin.com/,sweaustin.com,+1 512-844-1882,,0,0,YES,installs/replaces windows; replacement windows; window replacement/installation,False,high,"Our team specializes in window and siding replacement, ensuring that your home not only looks great but also performs efficiently.",site scrape,YES
Modern Aluminum Products Inc,https://www.modernaluminumproducts.com/,modernaluminumproducts.com,+1 954-522-3825,"2020 W McNab Rd bay F-13, Fort Lauderdale, FL 33309, United States",4.4,7,NO,window treatments,False,high,"We build screen enclosures, fences, concrete patios, carports, accordion shutters and more!",site scrape,NO
Windows & More Solutions Inc,http://www.windowsmoresolutions.com/,windowsmoresolutions.com,+1 954-534-1960,"4875 Volunteer Rd, Fort Lauderdale, FL 33330, United States",5,7,YES,installs/replaces windows; replacement windows; window product line; window replacement/installation; windows & doors,False,high,and adapt to new styles and trends. FREE ESTIMATE UV Protector & Light Enhancement Miami Windows and Door Installation Projects OFFICES BEDROOMS DINING ROOM LIVING ROOM LET'S TALK Miami Windows And Door Servi,site scrape,YES
Baker Roofing & Construction Inc,https://baker-roofing.com/,baker-roofing.com,+1 855-766-3777,"6507 Trammel Dr, Dallas, TX 75214, United States",4.9,62,YES,installs/replaces windows; named window styles; pane glazing work; replacement windows; window product line; window replacement/installation; windows & doors,False,high,"ith Energy-Efficient Replacement Windows . replacement windows, energy efficient windows, window installation, home improvement, window financing, vinyl windows, window materials, increase home value",site scrape,YES
Elite Remodeling Group Inc. No,https://www.eliteremodelinggroup.com/,eliteremodelinggroup.com,+1 815-977-9685,"5411 E State St, Rockford, IL 61108, United States",5,4353,YES,installs/replaces windows; named window styles; replacement windows; window product line; window replacement/installation; windows & doors,False,high,Chicagoland window replacement and roofing experts trusted since 1993.,site scrape,YES
WindowCraft Inc. No,https://windowcraftinc.com/,windowcraftinc.com,+1 940-726-5008,"6441 I-35 Frontage Rd, Gainesville, TX 76240, United States",3.5,8,YES,commercial storefront glazing; installs/replaces windows; insulated glass unit work; named window styles; window product line; window replacement/installation; windows & doors,False,high,"ovider of custom windows and doors in Dallas, offering high-quality window and door installations for custom builders, architects, designers, remodeling contractors, and homeowners.",site scrape,YES
Action Window & Glass Inc.,http://actionwindowfl.com/,actionwindowfl.com,+1 754-293-7026,,4.8,59,YES,commercial storefront glazing; installs/replaces windows; insulated glass unit work; named window styles; pane glazing work; window product line; window replacement/installation; windows & doors,False,high,dos Commercial About Gallery Reviews Blog Contact Request a Free Estimate Reliable Impact Window and Door Installation in Broward and Palm Beach Counties No Subcontractors | High-Rise Specialists | Deal Owner,site scrape,YES
All Season Remodeling Inc.,http://www.allseasonremodelinginc.com/,allseasonremodelinginc.com,+1 815-988-1375,,0,0,UNRESOLVED,"unknown — remodeling contractor per name only, no indexed content found",False,low,"No indexed page from allseasonremodelinginc.com in any result. Phone 815-988-1375 surfaced only as a Yellow Pages listing for 'Patio Builders, Home Improvements, Deck Builders' at 238 Gilbert Ter, Mac",web search - no usable evidence,UNREACHABLE
SG Installations AZ Inc.,https://www.tvmountingaz.com/,tvmountingaz.com,+1 480-686-1896,,4.9,1155,NO,no window installation or repair signal on site,False,high,,site scrape,NO
Texas Door & Trim Inc.,http://www.tdt-inc.com/,tdt-inc.com,"11220 Petal St, Dallas, TX 75238, United States","11220 Petal St, Dallas, TX 75238, United States",2.8,24,YES,named window styles; window product line; window replacement/installation; windows & doors,False,high,Our factory trained professional provide on-site window and door installation support and expert tuning services.,site scrape,YES
Scratch Removal Specialists Inc.,http://www.srsscratch.com/,srsscratch.com,"1140 NE 7th Ave Unit 5, Fort Lauderdale, FL 33304, United States","1140 NE 7th Ave Unit 5, Fort Lauderdale, FL 33304, United States",5,65,YES,building glass replacement; window replacement/installation,True,high,"rease d value and beauty of your property . No project too big or too small From a single window repair to an entire building restoration, we have the experience and staffing to take on your pr",site scrape,YES
The Door Doctor of South Florida Inc.,https://www.thedoordoctor.net/,thedoordoctor.net,"1188 NE 47th St, Oakland Park, FL 33334, United States","1188 NE 47th St, Oakland Park, FL 33334, United States",4.9,331,YES,installs/replaces windows; named window styles; pane glazing work; window product line; window replacement/installation; windows & doors,False,high,"ctor of South Florida . The Door Doctor of South FL| Garage Doors, Openers, Entry Doors & Windows Repair Garage Door Repair Broken Springs Garage Door Opener Repair Maintenance & Tune-Ups Servic",site scrape,YES
East Coast Windows & Doors Inc.,https://eastcoastwindows.com/,eastcoastwindows.com,"1711 SW 7th Ave, Pompano Beach, FL 33060, United States","1711 SW 7th Ave, Pompano Beach, FL 33060, United States",4.5,110,YES,installs/replaces windows; insulated glass unit work; named window styles; window product line; window replacement/installation; windows & doors,False,high,"Wellington, FL West Palm Beach, FL Facebook-f Twitter Instagram Youtube Hurricane Impact Windows and Door Replacement in South Florida.",site scrape,YES
Austin Retrofit Inc.,http://www.austinretrofit.com/,austinretrofit.com,"1834 Ferguson Ln Bldg 1300, Austin, TX 78754, United States","1834 Ferguson Ln Bldg 1300, Austin, TX 78754, United States",4.5,30,YES,installs/replaces windows; insulated glass unit work; named window styles; window product line; window replacement/installation; windows & doors,False,high,"Angie's List Review First of all, I had them do full house window replacements about 4 years ago and was very happy with that.",site scrape,YES
Windows of Texas Inc.,https://windowsoftexas.com/,windowsoftexas.com,+1 682-201-5645,"312 W Northwest Hwy, Grapevine, TX 76051, United States",4.8,21,YES,installs/replaces windows; pane glazing work; replacement windows; window product line; window replacement/installation; windows & doors,False,high,"We’ve Been Featured On BizTV Texas Windows of Texas Team Value Approach Before and after windows install in Flower Mound, Texas Window Replacement at multifaceted windows and door project in Sou",site scrape,YES
Xtreme Auto Detail Inc.,https://xadetail.com/,xadetail.com,,"4509 Hudson Bend Rd #200, Austin, TX 78734, United States",4.8,232,NO,vehicle glass only,True,high,Google Home Services Window Tinting Auto Detailing Ceramic Coatings Paint Protection Film Windshield Protection Film Residential Tinting Other Services Photo Gallery Blog Contact Us Call Us,site scrape,NO
SunStorm Construction Inc.,https://www.sunstormconstruction.com/,sunstormconstruction.com,+1 954-398-5060,"501 E Las Olas Blvd Ste 200 & 300, Fort Lauderdale, FL 33301, United States",5,7,YES,commercial storefront glazing; insulated glass unit work; named window styles; window product line; window replacement/installation; windows & doors,False,high,Impact window installation requires a building permit in all South Florida jurisdictions.,site scrape,YES
All American Windows and Doors Inc.,http://www.aawimpact.com/,aawimpact.com,+1 954-786-8525,"6001 Powerline Rd Ste B, Fort Lauderdale, FL 33309, United States",3.6,77,YES,commercial storefront glazing; installs/replaces windows; replacement windows; window product line; window replacement/installation; windows & doors,False,high,Full window replacements.,site scrape,YES
Top Notch Roofing & Exteriors INC.,http://topnotchroofing.net/,topnotchroofing.net,+1 815-721-4666,"7703 Forest Hills Rd, Loves Park, IL 61111, United States",4.9,115,YES,installs/replaces windows; insulated glass unit work; named window styles; pane glazing work; window product line; window replacement/installation; windows & doors,False,high,ing Emergency Roofing Repair Roof Viewer Siding Emergency Siding Repair Siding Visualizer Windows Emergency Window Repair Gutters and Downspouts Emergency Gutter Repair Emergency Downspout Repair Gallery Blog Re,site scrape,YES
Jim Connelly Masonry Inc.,https://www.jcmiaustin.com/,jcmiaustin.com,+1 512-288-2368,"7804 Thomas Springs Rd B, Austin, TX 78736, United States",5,10,NO,no window installation or repair signal on site,False,high,,site scrape,NO
Bliss Window & Screen Inc.,https://www.blisswindow.com/?utm_source=google&utm_medium=organic&utm_campaign=gbp-fort-lauderdale&utm_id=local&utm_content=fort-fauderdale,blisswindow.com,+1 954-763-5086,"815 N Andrews Ave, Fort Lauderdale, FL 33311, United States",4.4,77,YES,installs/replaces windows; insulated glass unit work; named window styles; pane glazing work; replacement windows; window product line; window replacement/installation; windows & doors,False,high,"Bliss Window & Screen specializes in hurricane impact resistant windows and doors replacement and screen installations in Fort Lauderdale, FL.",site scrape,YES
Ripley's Blind & Drapery L.L.C.,https://ripleysblinds.com/,ripleysblinds.com,"12400 State Hwy 71 #240, Austin, TX 78738, United States","12400 State Hwy 71 #240, Austin, TX 78738, United States",4,14,NO,window treatments,False,high,Custom Window Treatments | Ripley's Blind and Drapery .,site scrape,NO
SERVPRO of North Dallas Lake Highlands,https://www.servpro.com/locations/tx/servpro-of-north-dallas-lake-highlands?utm_medium=organic&utm_source=gbp,servpro.com,"10280 Miller Rd, Dallas, TX 75238, United States","10280 Miller Rd, Dallas, TX 75238, United States",5,39,NO,window treatments,False,high,"General Cleaning Heavy duty cleaning services for carpets, drapery, upholstery, and hardwood floors.",site scrape,NO
Kb Contractors TX LLC No,http://www.kbcontractorstx.com/,kbcontractorstx.com,+1 512-294-2027,"2500 S Hwy 183 Unit 130, Austin, TX 78744, United States",4.8,18,NO,no window installation or repair signal on site,False,high,,site scrape,NO
ATX Imperial Auto Glass LLC No,http://atximperialautoglass.com/,atximperialautoglass.com,+1 512-579-1998,"505 W Slaughter Ln, Austin, TX 78747, United States",1.4,9,NO,vehicle glass only,True,high,com Premium domain · For sale Atx Imperial Auto Glass .,site scrape,NO
Solid Exteriors LLC,http://solid-exteriors.com/?utm_source=google&utm_medium=wix_google_business_profile&utm_campaign=16700656850061699214,solid-exteriors.com,+1 469-520-0466,,4.7,16,YES,installs/replaces windows; window product line; window replacement/installation; windows & doors,False,high,"eal of your home with Solid Exteriors - expert contractors in Hardie Fiber Cement Siding, Window Replacement, Trex Decks, Cedar Fences, and Gutters.",site scrape,YES
Trusted Window and Gutter Cleaning LLC,http://www.trustedwgc.com/,trustedwgc.com,+1 336-337-7175,,5,34,NO,"Window and gutter cleaning, pressure washing",False,high,"trustedwgc.com — 'started by providing window and gutter cleaning but has now grown into pressure washing, gutter guard installation, and other handyman projects'",web research (earlier pass),UNREACHABLE
Eridion Glass LLC,http://eridionglass.com/,eridionglass.com,+1 844-374-3466,,5,17,YES,building glass replacement; commercial storefront glazing,False,high,3466) Terms of Service bottom of page Eridion Glass | Residential Glass Services .,site scrape,YES
MVS Plus Remodeling LLC,https://mvsplusremodelingllc.com/,mvsplusremodelingllc.com,+1 469-934-3821,,5,2,NO,Interior/exterior painting and drywall with light remodeling,False,high,"mvsplusremodelingllc.com/painting - 'interior and exterior painting, bathroom remodeling, drywall repair and patching, installation of fixtures... texture, popcorn removal, cabinet refinishing, fence stain, pressure washing, tile, backsplash.' No windows.",web research (earlier pass),UNREACHABLE
Legacy Crown Exteriors LLC,http://www.legacycrownexteriors.com/,legacycrownexteriors.com,+1 903-312-4574,,5,18,YES,Window installation as a listed service of the general contractor,False,high,"BBB profile / legacycrownexteriors.com service list: ""...fencing, decking, pool enclosures, patio enclosures, siding installation and window installation"".",web research (earlier pass),UNREACHABLE
Kirk Windows LLC,http://www.kirkwindows.com/,kirkwindows.com,+1 972-977-7292,,4.8,47,YES,installs/replaces windows; insulated glass unit work; replacement windows; window replacement/installation; windows & doors,False,high,"ing well, he decided to narrow the focus of his business to providing the highest quality window replacement service.",site scrape,YES
Pasadena Building Solutions LLC,https://www.pasabuilds.com/,pasabuilds.com,+1 469-620-0921,,5,5,YES,Complete window replacement on homes; also HVAC and other building repairs,False,medium,"Google review: ""They did three houses of complete window replacement they are awesome very professional"" (site itself not indexed in search results; verdict rests on review text)",web research (earlier pass),UNREACHABLE
Moran General Contractor LLC,http://www.morangeneralcontractor.com/,morangeneralcontractor.com,+1 512-227-3940,,5,4,NO,no window installation or repair signal on site,False,high,,site scrape,NO
WIL AND FAYE INTERIORS LLC,https://www.wilandfaye.com/,wilandfaye.com,+1 325-450-9781,,5,40,YES,insulated glass unit work,False,high,"ou’ve got multiple Pinterest boards staring back at you, HGTV on, and endless decision fatigue.",site scrape,YES
Rocket Contracting LLC,http://www.rocketcontracting.com/,rocketcontracting.com,+1 888-514-3222,,5,5,YES,window replacement/installation,False,high,Click to See Services Exterior Painting Interior Painting Cabinet Painting & Refinishing Window Replacement Siding Replacement Fencing How can we help?,site scrape,YES
Invesgrow LLC,https://www.invesgrowllc.com/,invesgrowllc.com,+1 512-537-2267,,5,7,NO,no window installation or repair signal on site,False,high,,site scrape,NO
Envision Staging & Design LLC,https://www.envisionstagingdesign.com/,envisionstagingdesign.com,+1 512-923-9111,,5,14,NO,no window installation or repair signal on site,False,high,,site scrape,NO
GRC Residential Construction LLC,https://grc-constructionllc.net/?utm_source=google&utm_medium=business_profile&utm_campaign=website,grc-constructionllc.net,+1 737-382-5662,,5,16,NO,no window installation or repair signal on site,False,high,,site scrape,NO
Diamond Home Designs LLC,https://www.diamondatx.com/,diamondatx.com,+1 512-586-6088,,5,31,NO,no window installation or repair signal on site,False,high,,site scrape,NO
Over and Above Contracting LLC,https://overandabovecontracting.com/,overandabovecontracting.com,+1 737-230-7099,,4.9,96,NO,no window installation or repair signal on site,False,high,,site scrape,NO
Sullivan Home Improvement Solutions LLC,http://www.sullivanhomeimprovementsolutions.com/,sullivanhomeimprovementsolutions.com,+1 815-234-0688,,5,50,NO,no window installation or repair signal on site,False,high,,site scrape,NO
PCC Roofing & Construction LLC,https://www.pccroofs.com/,pccroofs.com,+1 602-529-3332,,5,60,NO,no window installation or repair signal on site,False,high,,site scrape,NO
Wow Windows & Glass LLC,http://www.wowwindowsglass.com/,wowwindowsglass.com,"1201 Walnut Ave #6, Carrollton, TX 75006, United States","1201 Walnut Ave #6, Carrollton, TX 75006, United States",5,488,YES,"Vinyl replacement windows, broken/foggy glass repair, glass replacement, screens, shower enclosures",False,high,"Site title 'Wow Windows and Glass - Window Installation and Repair - DFW Metroplex' (wowwindowsglass.com); 'specialties include vinyl replacement windows, broken or foggy glass repair'",web research (earlier pass),UNREACHABLE
Dent Touch LLC,http://www.denttouch.com/,denttouch.com,"13502 Floyd Cir Ste 103, Dallas, TX 75243, United States","13502 Floyd Cir Ste 103, Dallas, TX 75243, United States",4.9,57,NO,no window installation or repair signal on site,False,high,,site scrape,NO
Harris Home Exteriors LLC,https://harrishomeexteriors.com/,harrishomeexteriors.com,"15005 Gebron Dr, Austin, TX 78734, United States","15005 Gebron Dr, Austin, TX 78734, United States",4.9,110,YES,installs/replaces windows; named window styles; replacement windows; window product line; window replacement/installation; windows & doors,False,high,"Plank Siding Installation Vinyl Siding Installation Roofing Replacement Energy Efficient Window Replacement Decks, Patios, and Patio Covers Gallery Contact Us (512) 736-4289 × Home About Us Service",site scrape,YES
Tovar Auto Glass LLC,https://www.tovarautoglass.com/,tovarautoglass.com,"1503 Three Points Rd, Pflugerville, TX 78660, United States","1503 Three Points Rd, Pflugerville, TX 78660, United States",4.9,492,NO,vehicle glass only,True,high,Windshield Replacement | Tovar Auto Glass | United States .,site scrape,NO
Trusted Heating and Cooling LLC,https://trustedacaustin.com/?utm_source=gmb&utm_medium=organic&utm_campaign=gmb,trustedacaustin.com,"16238 Ranch to Market Rd 620 f396, Austin, TX 78717, United States","16238 Ranch to Market Rd 620 f396, Austin, TX 78717, United States",4.9,702,NO,no window installation or repair signal on site,False,high,,site scrape,NO
Build it ATX LLC,https://builditatx.com/?utm_campaign=gmb,builditatx.com,+1 737-260-5099,"2203 Palmera Cove, Austin, TX 78744, United States",5,104,YES,installs/replaces windows; named window styles; pane glazing work; window product line; window replacement/installation,False,high,"t and enjoying your backyard year-round. Windows and Siding Upgrade your home with expert window and siding installations that boost curb appeal, lower energy bills, and keep you comfortable through every Texas",site scrape,YES
AZ Valley Windows LLC,https://azvalleywindows.com/,azvalleywindows.com,+1 623-516-7800,"2501 W Behrend Dr Suite B-21, Phoenix, AZ 85027, United States",4.4,101,YES,installs/replaces windows; named window styles; replacement windows; window product line; window replacement/installation; windows & doors,False,high,Doors Multi-Slide Doors Gallery Before and After Photos Financing Discounts & Promotions Window Replacement Financing About Us Our Blog Reviews Service Areas Careers Why AZ Valley Windows Resources,site scrape,YES
Xtreme Autoglass Pros LLC,https://www.xtremeautoglasspros.com/,xtremeautoglasspros.com,+1 817-932-0303,"2650 Lombardy Ln Ste g, Dallas, TX 75220, United States",4.8,316,NO,vehicle glass,True,high,"Windshield Replacement, Auto Glass Repair, and Window Tint in Dallas TX .",site scrape,NO
Zeus Exteriors LLC,http://www.zeusexteriors.com/,zeusexteriors.com,+1 469-771-0988,"2815 Valley View Ln #210, Dallas, TX 75234, United States",5,181,YES,pane glazing work; window replacement/installation,False,high,r RECENT PROJECTS HOME SERVICES Free Inspection OUR VALUES ABOUT ROOFING Projects REVIEWS Window Replacement Built for Texas Heat Add Subtext text.,site scrape,YES
Assured Contracting LLC,https://assured-contracting.com/,assured-contracting.com,+1 954-652-1098,"3553 NW 10th Ave, Oakland Park, FL 33309, United States",4.1,56,YES,commercial storefront glazing; installs/replaces windows; named window styles; pane glazing work; window product line; window replacement/installation,False,high,Hurricane Impact Window Services We Offer in Oakland Park Full Home Hurricane Window Installation We replace every window in your home with strong hurricane impact windows.,site scrape,YES
Phoenix Window & Door Llc,http://www.phoenixwindowdoor.com/,phoenixwindowdoor.com,+1 602-633-1279,"4022 S 20th St, Phoenix, AZ 85040, United States",0,0,YES,installs/replaces windows; insulated glass unit work; named window styles; window product line; window replacement/installation; windows & doors,False,high,Projects High-Rise Development Projects Government & Institutional Projects Shade Screens Window Replacement Portfolio Build To Rent Multifamily Single Family Custom Home In Stock Doors & Windows Co,site scrape,YES
Advantage Glaziers Supply LLC,https://advantageglazierssupply.com/,advantageglazierssupply.com,+1 512-443-5678,"4211 Todd Ln Bldg 1, Austin, TX 78744, United States",4.7,44,YES,commercial storefront glazing; named window styles; window replacement/installation; windows & doors,False,high,We are one of the largest internet windows and door replacement parts stores.,site scrape,YES
Auto Film Pros LLC,https://www.autofilmprosllc.com/,autofilmprosllc.com,+1 779-770-2222,"4788 Colt Rd, Rockford, IL 61109, United States",5,169,NO,window tint/film,False,high,"Phone: 779-770-2222 WINDOW TINT, PPF, VINYL WRAP & TAILIGHT WRAP SERVICES THAT YOU CAN TRUST!",site scrape,NO
JM Construction Group LLC,https://www.jmconstructiongroupllc.com/,jmconstructiongroupllc.com,+1 815-315-4388,"4915 Auburn St, Rockford, IL 61101, United States",4.6,75,YES,window product line; window replacement/installation; windows & doors,False,high,Call us today to schedule window and door installation services.,site scrape,YES
Lask Exterior Solutions LLC,https://www.laskexteriorsolutions.com/,laskexteriorsolutions.com,+1 815-964-2220,"530 Windsor Rd, Loves Park, IL 61111, United States",3.6,42,NO,no window installation or repair signal on site,False,high,,site scrape,NO
United Roofing Services LLC,https://www.unitedroofservicesllc.com/,unitedroofservicesllc.com,+1 214-677-2987,"6742 La Grange Dr, Dallas, TX 75241, United States",4.8,39,NO,no window installation or repair signal on site,False,high,,site scrape,NO
Kelley Barnett Interior Design LLC,https://www.kelleybarnett.com/,kelleybarnett.com,+1 210-408-1300,"6804 Covered Bridge Dr, Austin, TX 78736, United States",5,21,NO,window treatments,False,high,"ics, Lighting, Window coverings Commercial Design Custom Closets, Design and Installation Drapery, Bed coverings, Furnishings, Accessory Placement, Rugs, and much more New Construction Pr",site scrape,NO
Smarty Impact LLC,https://smartyclosets.com/,smartyclosets.com,+1 954-837-8007,"700 NW 57th Pl #8, Fort Lauderdale, FL 33309, United States",5,501,NO,no window installation or repair signal on site,False,high,,site scrape,NO
Rhino General Contracting LLC,http://rhinoroofingtx.com/,rhinoroofingtx.com,+1 512-766-5489,"7703 N Lamar Blvd Ste 110, Austin, TX 78752, United States",4.9,72,YES,window product line; window replacement/installation; windows & doors,False,high,"your home’s insulation and curb appeal, with various materials and styles to choose from Window and Door Replacement Energy-efficient window and door installations that improve aesthetics and energy conserv",site scrape,YES
Sanders Roofing & Exteriors LLC,https://www.sandersroofs.com/,sandersroofs.com,+1 512-590-0748,"7801 N Lamar Blvd Ste F8-S, Austin, TX 78752, United States",5,2,YES,"Windows listed as a core service alongside roofing, siding and gutters; installs Andersen and Pella windows",False,high,"sandersroofs.com — 'full-service roofing and exterior improvement company ... services including roofing, windows, siding, and gutters'; 'quality products from top names ... GAF, James Hardie, Alside, Mezzo, Andersen, Pella'; 'licensed, bonded and insured to handle both residential and commercial pr",web search (round 2),UNREACHABLE
Resilience Heating and Cooling LLC,http://www.resiliencehvac.com/,resiliencehvac.com,+1 512-994-9692,"9301 Old Bee Caves Rd, Austin, TX 78735, United States",5,163,NO,no window installation or repair signal on site,False,high,,site scrape,NO
290 Graphics Texas LLC,https://290graphicsjesustint.com/,290graphicsjesustint.com,+1 512-271-4531,"9530 US-290, Austin, TX 78724, United States",4.4,98,NO,"automotive window tint, vehicle wraps and graphic design",False,high,"290graphicsjesustint.com pages titled 'Auto Window Tinting Austin TX', 'Car Tint Austin TX', 'Car Graphics Austin Texas' — 'specializes in Nano Ceramic Tint, Carbon Ceramic Tint and Regular Tint for automobile ... also offer commercial tint'. Tint/film only, no window install or glass replacement.",web search (round 2),UNREACHABLE
PGW Auto Glass LLC - DALLAS -,http://www.pgwautoglass.com/,pgwautoglass.com,+1 214-744-1495,"9009 Directors Row, Dallas, TX 75247, United States",4.3,34,NO,vehicle glass only,True,high,estions? Go to the Help Section or reach out to your local rep or call 800-436-0591 . PGW Auto Glass is committed to establishing and maintaining our position as a preferred partner to auto,site scrape,NO
In Charge Electrical Services LLC (Texas Electrician Services),https://inchargeelectricalservices.com/,inchargeelectricalservices.com,"12357 Riata Trace Pkwy Bldg 7 Suite 150, Austin, TX 78727, United States","12357 Riata Trace Pkwy Bldg 7 Suite 150, Austin, TX 78727, United States",4.6,542,YES,insulated glass unit work,False,high,lectrical installations and innovative solutions. Our Partners What People Say About Us “Miguel and James did an excellent job installing and explaining (respectively) the brilliant s,site scrape,YES
Jesus Window Tint LLC. No,https://jesuswindowtint.com/about-us/,jesuswindowtint.com,+1 512-675-2272,"9530 US-290, Austin, TX 78724, United States",5,6,NO,window tint/film only,False,medium,,name/review keywords,UNREACHABLE
Shipley Electric LLC.,http://www.shipleyelectric.services/,shipleyelectric.services,+1 512-652-5733,,5,167,NO,no window installation or repair signal on site,False,high,,site scrape,NO
Brothers Custom Glass and Mirrors LLC.,https://brotherscustomglas.wixsite.com/website,brotherscustomglas.wixsite.com,+1 512-593-3865,,3.8,13,YES,Glass and glazing work including storefronts; customer review describes a custom-cut window pane supplied and fitted,False,medium,Blue Book ProView listing: 'main lines of business include Glass & Glazing Contractors and Storefronts'; Google review: 'We had a window requiring a custom cut and they worked with us to get exactly what we wanted when other companies either didn't reply or didn't do that type of work.',web search (round 2),UNREACHABLE
RC Construction - Texas LLC.,https://rcconstructionco.com/,rcconstructionco.com,+1 512-638-2237,,4.3,6,NO,no window installation or repair signal on site,False,high,,site scrape,NO
Sunbelt Waterproofing & Restoration LLC.,http://www.sunbeltllc.com/,sunbeltllc.com,+1 972-681-6222,"7318 Ferguson Rd, Dallas, TX 75228, United States",4.4,17,YES,commercial storefront glazing; insulated glass unit work,False,high,Let us review your building sealants before failed sealants cause costly repairs later.,site scrape,YES
Austin Nails It LLC. MA HIC# 216498,https://www.austinnailsit.com/,austinnailsit.com,+1 512-470-5017,,5,23,NO,no window installation or repair signal on site,False,high,,site scrape,NO
Centex Sash and Door LP,http://centexsashanddoor.com/,centexsashanddoor.com,+1 512-251-9290,"2000 Windy Terrace #14B, Cedar Park, TX 78613, United States",5,3,NO,no window installation or repair signal on site,False,high,,site scrape,NO
C&C Exteriors No,http://www.exteriorscc.net/,exteriorscc.net,"10420 Plano Rd #112, Dallas, TX 75238, United States","10420 Plano Rd #112, Dallas, TX 75238, United States",5,28,YES,installs/replaces windows; named window styles; replacement windows; window product line,False,high,"Comments * Reduce Energy Costs and Improve Indoor Air Quality with Beautiful, Affordable Replacement Windows from C&C Exteriors The other guys just want to sell you a window.",site scrape,YES
Cardinal Glass No,https://www.cardinalcorp.com/,cardinalcorp.com,"1087 Research Pkwy, Rockford, IL 61109, United States","1087 Research Pkwy, Rockford, IL 61109, United States",4.3,41,YES,commercial storefront glazing; insulated glass unit work; pane glazing work; windows & doors,False,high,"Industries makes coated, insulating, tempered, laminated and float glass for residential window and door manufacturers.",site scrape,YES
Statewide Energy Solutions No,https://statewideenergysolutions.com/about-us/,statewideenergysolutions.com,"11520 N Central Expy, Dallas, TX 75243, United States","11520 N Central Expy, Dallas, TX 75243, United States",5,5021,YES,named window styles; window product line; window replacement/installation; windows & doors,False,high,"Window Replacement in Dallas, TX | Statewide Energy Solutions .",site scrape,YES
Commercial No,https://martinroofing.us/,martinroofing.us,"1341 W Mockingbird Ln Suit 600W, Dallas, TX 75247, United States","1341 W Mockingbird Ln Suit 600W, Dallas, TX 75247, United States",5,14,NO,no window installation or repair signal on site,False,high,,site scrape,NO
Omniview Window and Door Dallas No,http://omniview.us/,omniview.us,"13615 Inwood Rd #120, Farmers Branch, TX 75244, United States","13615 Inwood Rd #120, Farmers Branch, TX 75244, United States",4.8,6,YES,named window styles; window replacement/installation; windows & doors,False,high,"We’re proud to be the top team for the Dallas-Fort Worth area in Window and Door Installations, specializing in TruStile and Brombal Installations.",site scrape,YES
McCoy Customs No,http://mccoycustoms.com/,mccoycustoms.com,"13713 Maye Pl, Austin, TX 78728, United States","13713 Maye Pl, Austin, TX 78728, United States",4.4,47,NO,window tint/film,False,high,"for a quick and easy consultation! . Car Stereo | Austin, TX | 512-833-3333 . Car Stereo, Window Tinting, Auto Detailing, Auto Upholstery, Boat Upholstery, Boat Detailing, Boat Tinting, Boat",site scrape,NO
Rock Valley Glass No,https://rockvalleyglass.com/,rockvalleyglass.com,"1398 Huntwood Dr, Cherry Valley, IL 61016, United States","1398 Huntwood Dr, Cherry Valley, IL 61016, United States",4.5,8,YES,commercial storefront glazing; window product line,False,high,Rock Valley Glass Illinois aluminum windows architectural .,site scrape,YES
van Enter Studio No,https://www.vanenterstudio.com/contact-us,vanenterstudio.com,"1415 Fairview Ave, Dallas, TX 75223, United States","1415 Fairview Ave, Dallas, TX 75223, United States",5,2,NO,fine art conservation and historic preservation studio,False,high,"'van Enter Studio, Ltd. specializes in fine art conservation and historic preservation services ... restoration of the cast iron facade and mosaic murals at Dallas' Union Station' (vanenterstudio.com / ZoomInfo profile)",web search (round 2),UNREACHABLE
StrongFrame Siding No,https://strongframesiding.repair/,strongframesiding.repair,"1555 Bastrop Hwy, Austin, TX 78742, United States","1555 Bastrop Hwy, Austin, TX 78742, United States",0,0,NO,no window installation or repair signal on site,False,high,,site scrape,NO
SFL Impact & Windows No,https://sflimpact.com/about-us/,sflimpact.com,"1710 NE 8th St, Fort Lauderdale, FL 33304, United States","1710 NE 8th St, Fort Lauderdale, FL 33304, United States",5,501,YES,installs/replaces windows; insulated glass unit work; named window styles; replacement windows; window product line; window replacement/installation,False,high,"marketing purposes. View our privacy policy get started today Start planning your Impact Window replacement Project today with a NO COST, NO OBLIGATION Quote from the Pros at SFL Impact & Windows A",site scrape,YES
The Gutters Wizards | Dallas No,https://gutterswizard.com/,gutterswizard.com,"1720 Regal Row suite 322, Dallas, TX 75235, United States","1720 Regal Row suite 322, Dallas, TX 75235, United States",5,6,YES,insulated glass unit work,False,high,""" C Chris Rodriguez 6 months ago "" Fixed a persistent leak that two other companies couldn't find.",site scrape,YES
Preferred Glass DFW No,https://www.preferredglassdfw.com/contact-us,preferredglassdfw.com,"1750 Empire Central Dr, Dallas, TX 75235, United States","1750 Empire Central Dr, Dallas, TX 75235, United States",4.6,8,NO,no window installation or repair signal on site,False,high,,site scrape,NO
Window Cleaners of Austin No,http://www.windowcleanersaustin.com/,windowcleanersaustin.com,"1779 Wells Branch Pkwy Ste 110 b 204, Austin, TX 78728, United States","1779 Wells Branch Pkwy Ste 110 b 204, Austin, TX 78728, United States",5,6,NO,window cleaning,False,high,Window Cleaners Austin Erase and re-emerge .,site scrape,NO
Precision Mobile Tint No,http://precisionmobiletint.com/,precisionmobiletint.com,"1942 Picadilly Dr, Round Rock, TX 78664, United States","1942 Picadilly Dr, Round Rock, TX 78664, United States",4.3,28,NO,"window tinting (auto, residential, commercial), vehicle wraps and paint protection film",False,high,"precisionmobiletint.com — 'family-owned ... over 30 years of experience in the window tint industry ... Commercial, Residential, and Automotive Window Tinting and Security film installation ... vehicle wraps and paint protection film'. Film application only; no window install or glass replacement.",web search (round 2),UNKNOWN
Home Craftman No,http://www.homecraftsman.net/,homecraftsman.net,+1 214-239-0585,"2150 French Settlement Rd, Dallas, TX 75212, United States",4,4510,YES,Vinyl replacement windows and doors — energy-efficient replacement window products for Dallas homes,False,low,"homecraftsman.net: company 'is dedicated to the home improvement business, particularly focused on replacement window and door business'; Yelp lists it as 'Home Craftsman Windows, 3706 La Reunion Pkwy' and Birdeye categorises it 'Home Craftman — Windows Installation in Dallas, TX'. CAVEAT: their own",web research (earlier pass),UNREACHABLE
Mygrant Glass Co No,https://www.mygrantglassonline.com/,mygrantglassonline.com,+1 512-527-3848,"2311 Ambition Wy #100, Austin, TX 78754, United States",4.4,9,NO,vehicle glass only,True,high,og www.mygrantglass.com Mygrant Glass Who Are We? Mygrant Glass Company is a family-owned auto glass wholesaler focused on providing superior service and the most extensive inventory to our,site scrape,NO
Solar Style Home and Commercial Tinting No,https://www.austinhomewindowtinting.com/,austinhomewindowtinting.com,+1 512-991-3506,"2438 W Anderson Ln. #64, Austin, TX 78757, United States",5,3,NO,window tint/film only,False,medium,,name/review keywords,UNREACHABLE
the window experts No,http://www.thewindowexperts.com/about-us/,thewindowexperts.com,+1 214-865-6565,"25 Highland Park Village, Dallas, TX 75205, United States",0,0,YES,installs/replaces windows; named window styles; pane glazing work; replacement windows; window product line; window replacement/installation; windows & doors,False,high,ol (817) 865-1164 English Español Window Brands Products Windows Fiberglass Windows Vinyl Windows Aluminum Replacement Windows Wood Windows Composite Windows Doors Patio Doors French Patio & Entry Doors Front,site scrape,YES
Trendy Home Quotes No,https://hometrendyquote.com/,hometrendyquote.com,+1 225-384-1090,"2525 Inwood Rd ste 133, Dallas, TX 75235, United States",0,0,YES,installs/replaces windows; named window styles; replacement windows; window product line; window replacement/installation; windows & doors,False,high,â Home Trendy Quote gave me a fair estimate and delivered top-quality window replacements.,site scrape,YES
Aguila Tint & Tire No,http://aguila-tint-tire.poi.place/,aguila-tint-tire.poi.place,+1 512-966-2131,"2605 S I-35 Frontage Rd, Austin, TX 78741, United States",3.1,249,NO,"vehicle/automotive business, no glass or window signal",False,medium,,name/review keywords,UNREACHABLE
RTC Restoration and Glass No,https://rtcrg.com/contact-us-version-1/,rtcrg.com,+1 972-446-2211,"2711 Daisy Dr, Austin, TX 78724, United States",4.4,4428,YES,commercial storefront glazing; window replacement/installation,False,high,"ouston | Austin Nation Chapter Dallas | Houston | Austin Expert Commercial Glass, Door & Window Replacement Company .",site scrape,YES
Guardian Roofing No,http://guardianroofing.org/contact-us/,guardianroofing.org,+1 833-763-7663,"2900 N Quinlan Park Rd, Austin, TX 78732, United States",3,2,NO,business permanently closed,False,medium,"Yelp: 'GUARDIAN ROOFING AND EXTERIORS - CLOSED - Updated August 2026 - Austin, Texas - Roofing'. Two searches surfaced only roofing services (re-roofing, wind/hail claims, free roof inspections) — no window or siding work listed.",web search (round 2),UNREACHABLE
Dh&McBella Glass and Mirrors No,http://dhmcbellaglassandmirrors.com/,dhmcbellaglassandmirrors.com,+1 682-323-5309,"3146 Springfield Ave, Lancaster, TX 75134, United States",4.8,21,YES,window replacement/installation,False,high,Custom Manufacturing Glass Repair for Stairs Design of Wine Cellars and Offices in Glass Window Glass Installation Installation and manufacturing of glass doors and partitions for bathrooms ​ MORE INFORMATION Experien,site scrape,YES
Andersen Windows No,https://www.andersenwindows.com/,andersenwindows.com,+1 214-221-9500,"3801 Regency Crest Dr, Garland, TX 75041, United States",4.1,59,YES,installs/replaces windows; insulated glass unit work; named window styles; replacement windows; window product line; window replacement/installation; windows & doors,False,high,e to Andersen™ Plan your project Compare Windows Compare Doors Compare Series Design your Window or Door Replacement Windows Replacement Doors Storm & Screen Doors Windows by Room Homeowner Blog Photo Galle,site scrape,YES
Krestmark Industries LP No,https://rymap.org/business/krestmark-industries-lp-pnjjdt,rymap.org,+1 214-237-5055,"3950 Bastille Rd #100, Dallas, TX 75212, United States",2.2,70,NO,Vinyl/aluminium window manufacturer (now part of Westlake Royal Windows Solutions),False,high,"'Krestmark Industries is a quality vinyl window manufacturer based in Dallas, Texas. In addition to replacement and new construction vinyl windows, Krestmark also manufactures aluminum windows and patio doors' - 300,000 sf Dallas plant, sold through retailers (Google review references buying them at",web research (earlier pass),SOCIAL_ONLY
Coleman Windshield No,http://colemanwindshield.com/,colemanwindshield.com,+1 972-646-6412,"4428 Main St, Dallas, TX 75226, United States",4.8,4818,NO,vehicle glass,True,high,COLEMAN WINDSHIELD - Coleman Windshield - Auto Glass Shop .,site scrape,NO
My Auto Glass Shop No,http://myautoglassshop.com/,myautoglassshop.com,+1 214-390-4263,"4445 Rock Quarry Rd #400 #400, Dallas, TX 75211, United States",5,501,NO,vehicle glass,True,high,My Auto Glass Shop - Free Mobile Service .,site scrape,NO
Trinity Glazing Contractors No,https://www.trinityglazing.com/,trinityglazing.com,+1 214-339-6444,"4520 Mint Way #1, Dallas, TX 75236, United States",4.9,10,YES,commercial storefront glazing,False,high,"We work on most any commercial glazing applications, new constructions, existing building, and service work.",site scrape,YES
Windows Server No,https://www.mightydfw.com/Contact,mightydfw.com,+1 800-545-4412,"4911 E 7th St, Austin, TX 78702, United States",4.1,4132,NO,"petroleum/lubricant and Mighty auto-parts distributor (Texas Enterprises, Inc.)",False,high,"mightydfw.com product page indexed as 'MIGHTY OIL FILTER EA - Texas Enterprises, Inc.'; Texas Enterprises HQ is 4911 E 7th St, Austin, TX 78702 — the exact address in the record. 'distributes petroleum and lubricant products'.",web search (round 2),UNREACHABLE
The Glass House Inc No,http://www.glasshousetexas.com/,glasshousetexas.com,+1 512-632-4656,"501 W Powell Ln #211, Austin, TX 78753, United States",2.5,2,NO,no window installation or repair signal on site,False,high,,site scrape,NO
Fort Lauderdale Impact No,https://fortlauderdaleimpact.com/,fortlauderdaleimpact.com,+1 888-417-8676,"5272 NW 36th Way, Fort Lauderdale, FL 33309, United States",5,4941,YES,"Hurricane impact window and door installation, incl. sliding doors and transom windows",False,high,"fortlauderdaleimpact.com/impact-entry-doors/ — 'family owned and run business ... over 12 years ... impact entry door installation ... sidelights and transom windows'; Google review: 'In 3 days, they finished installing 16 windows and 3 sliding doors.'",web search (round 2),UNREACHABLE
Mediterranean Impact Windows No,http://www.medimpactwindow.com/,medimpactwindow.com,+1 954-990-8363,"601 SW 8th St, Pompano Beach, FL 33060, United States",3.8,33,YES,"Impact window and door installation — impact windows, single-hung windows, sliding glass doors",False,high,"medimpactwindow.com/services + directory listings — 'provides window installation, door installation ... specialize in door installation, impact doors, impact windows, single-hung windows, sliding glass doors, and window installation'; FL DBPR construction licence on file.",web search (round 2),UNKNOWN
América Window Tint No,https://www.facebook.com/Am%C3%A9rica-window-Tint-328436710858099/?hc_ref=ARTjVdKHK5N2_sv64OVf44MLky-4iIxSKM1rf2Poc74ddu2G0q1XtRAPENE0qKlibK8,facebook.com,+1 512-317-1811,"6215 Daniel Alexander Wy, Austin, TX 78744, United States",4.8,17,YES,Stocks windows and provides framing and installation services including window and door installations,False,medium,"Oak Cliff Building Materials services page: 'Their extensive inventory includes lumber, sheathing, roofing products, windows, and more. They also provide professional framing and installation services, including window and door installations'; sells 'to contractors, builders and homeowners'",web research (earlier pass),SOCIAL_ONLY
Windows of Fort Lauderdale No,https://windowsoffortlauderdale.com/,windowsoffortlauderdale.com,+1 754-354-7816,"6330 N Andrews Ave, Fort Lauderdale, FL 33309, United States",4.4,12,YES,commercial storefront glazing; installs/replaces windows; named window styles; pane glazing work; replacement windows; window product line; window replacement/installation; windows & doors,False,high,Window Replacement Fort Lauderdale Fl | Window installation Fort Lauderdale Fl | Windows of Fort Lauderdale,site scrape,YES
Glass Installation No,http://psfipro.com/contact/,psfipro.com,+1 844-773-4776,"6800 West Gate Blvd, Austin, TX 78745, United States",2.5,252,YES,Commercial storefront glazing — building glass structures and installations,False,high,"psfipro.com — 'Precision Storefronts Inc (PSFIPRO) has been building high quality glass structures and installations. Founded in 2016 ...'; site titled 'Glass Installation'; address 6800 West Gate Blvd, Austin TX 78745 matches the record.",web search (round 2),UNREACHABLE
The Burke Company No,http://theburkecompany.com/,theburkecompany.com,+1 214-887-0005,"722 Paulus Ave, Dallas, TX 75214, United States",4.7,6,NO,no window installation or repair signal on site,False,high,,site scrape,NO
Budget Auto Glass No,https://windshielddfw.com/,windshielddfw.com,+1 972-994-9657,"809 S Sherman St, Richardson, TX 75081, United States",4.5,55,NO,vehicle glass,True,high,windshielddfw.,site scrape,NO
Vinyl Siding Austin No,https://www.sidingcontractoraustin.com/contact,sidingcontractoraustin.com,+1 512-607-7837,"8100 Cross Park Dr, Austin, TX 78754, United States",4.9,49179,YES,installs/replaces windows; pane glazing work; reglazing; window product line; window replacement/installation,False,high,tters Skylight Installation Skylight Repair Vinyl Siding Installation Vinyl Siding Repair Window Cleaning Window Installation Window Repair Window Replacement View All Services Call Now (512) 607-7837 Tap to call no,site scrape,YES
Southwest Exteriors Inc No,http://www.sweaustin.com/,sweaustin.com,+1 512-844-1882,"8210 Bent Tree Rd #220, Austin, TX 78759, United States",5,502,YES,installs/replaces windows; replacement windows; window replacement/installation,False,high,"Our team specializes in window and siding replacement, ensuring that your home not only looks great but also performs efficiently.",site scrape,YES
Mirror Gallery Inc No,http://www.mirrorgallery.com/,mirrorgallery.com,+1 512-660-5105,"8313 State Hwy 71, Austin, TX 78735, United States",4.1,13,YES,insulated glass unit work; named window styles; windows & doors,False,high,"Mirror Gallery Windows and Doors | Houston & Austin TX | Custom Windows, Doors, Shower Doors, Mirrors and Glass .",site scrape,YES
Fast Glass Service No,http://www.fastglassservice.com/,fastglassservice.com,+1 512-836-4947,"837 Sagebrush Dr, Austin, TX 78758, United States",4.3,6,NO,no window installation or repair signal on site,False,high,,site scrape,NO
Presidio No,http://presidiodoors.com/,presidiodoors.com,+1 512-524-6060,"8651 Old Bee Caves Rd, Austin, TX 78735, United States",5,4,YES,window product line; windows & doors,False,high,"es and multiple units to create large expanses of glass. Includes a full selection of all-aluminum windows and doors that are thermally broken for enhanced energy performance, and extruded aluminu",site scrape,YES
Alpha Glass & Mirror Co No,http://www.agmglass-dfw.com/,agmglass-dfw.com,+1 214-637-5500,"8901 Sovereign Row, Dallas, TX 75247, United States",3.7,9,NO,window tint/film,False,high,"mercial and Retail Glass Replacement • Door Repair and Maintenance • Mirror Replacement • Window Filming and Wet Sealing Alpha Glass and Mirror Company 8901 Sovereign Row Dallas, TX 75247 Pho",site scrape,NO
Atrium Aluminum Products No,http://www.atrium.com/,atrium.com,+1 214-331-3870,"9001 Ambassador Row, Dallas, TX 75247, United States",4.3,91,YES,installs/replaces windows; named window styles; replacement windows; window product line; windows & doors,False,high,"rs | Manufacturer of Vinyl Windows and Patio Doors . Atrium manufactures energy efficient replacement windows, new-construction windows and patio doors designed to increase the comfort and beauty of",site scrape,YES
21st Century Painting Roofing & Siding of Austin Yes,https://www.21stcenturytexas.com/,21stcenturytexas.com,+1 512-219-0342,"9811-A, Beck Cir, Austin, TX 78758, United States",5,518,NO,"exterior/interior painting, roofing and siding contractor",False,medium,"21stcenturytexas.com — '21st Century handles roofing, siding repair and replacement, and exterior painting under one roof.' Indexed service pages are painting (interior/exterior), roofing and siding only; two searches surfaced no window service page.",web search (round 2),UNKNOWN
Alpine Exteriors Siding Roofing & Windows,https://alpineexteriorstx.com/,alpineexteriorstx.com,+1 214-537-9454,"5960 Berkshire Ln Ste 100, Dallas, TX 75225, United States",5,13,YES,installs/replaces windows; replacement windows; window product line; window replacement/installation; windows & doors,False,high,"Alpine Exteriors TX provides professional siding installation, roofing services, and window replacement in Dallas, TX.",site scrape,YES
Louver Shop Shutters of Austin Round Rock & Georgetown,https://www.louvershop.com/locations/louver-shop-of-austin/?utm_source=1751&utm_medium=internet&utm_campaign=gmb-licensee&ls=582,louvershop.com,+1 512-746-7165,,5,7,NO,window treatments,False,high,"Louver Shop | Shutters, Blinds, Shades & More .",site scrape,NO
WINDO – European Aluminum Windows & Doors by Reynaers Schueco Aluprof Alumil & Cortizo Yes,https://windo.io/,windo.io,+1 512-738-0330,"7801 N Lamar Blvd B 156, Austin, TX 78752, United States",5,9,YES,commercial storefront glazing; named window styles; window product line; windows & doors,False,high,WE PROVIDE EUROPEAN ALUMINUM WINDOWS AND DOORS | WINDO .,site scrape,YES
Love is Blinds-Custom Blinds Shades Shutters Yes,https://www.loveisblindstx.com/window-treatments/austin-tx,loveisblindstx.com,"13785 Research Blvd Ste 125, #317, Austin, TX 78750, United States","13785 Research Blvd Ste 125, #317, Austin, TX 78750, United States",5,4,NO,window treatments,False,high,"Custom Window Treatments in Texas | Blinds, Shades, Shutters & Plantation Shutters .",site scrape,NO
Sunburst Shutters Shades & Blinds Dallas,https://www.sunburstshuttersdallas.com/?utm_source=google&utm_medium=organic&utm_campaign=gmb&utm_term=website,sunburstshuttersdallas.com,"10990 Petal St Ste 100, Dallas, TX 75238, United States","10990 Petal St Ste 100, Dallas, TX 75238, United States",5,127,NO,window treatments,False,high,"Shutters, Blinds, & Shades in Dallas, TX | Sunburst Shutters Dallas .",site scrape,NO
Blind Outfitters: Blinds Austin Shutters Shades Yes,http://www.blindoutfitters.com/,blindoutfitters.com,"10503 Yucca Dr, Austin, TX 78759, United States","10503 Yucca Dr, Austin, TX 78759, United States",4.9,116,NO,window tint/film; window treatments,False,high,tions Blind and Shade Automation Blind and Shade Automation Free Estimates Free Estimates Window Tinting and Film Window Tinting and Film Consumer Financing by Wells Fargo Consumer Financing,site scrape,NO
Feldco Windows Siding Doors & Roofing of Rockford Yes,https://www.4feldco.com/locations/rockford?utm_source=GBP&utm_medium=organic&utm_campaign=rockford,4feldco.com,+1 866-433-5326,"4322 Maray Dr, Rockford, IL 61107, United States",4.7,443,YES,installs/replaces windows; named window styles; pane glazing work; replacement windows; window product line; window replacement/installation,False,high,"Home Exterior Company Since 1976 The Midwest's #1 home exterior company since 1976. From window replacement to siding, doors, and roofing, we help homeowners across Illinois, Wisconsin, Indiana, Io",site scrape,YES
Allco Contractor - Windows Siding & Patios,http://allcocontractor.com/,allcocontractor.com,+1 512-845-6606,,0,0,YES,installs/replaces windows; replacement windows; window product line; window replacement/installation,False,high,Learn more Windows Investing in replacement windows can drastically improve the appearance and efficiency of your home.,site scrape,YES
M&M Roofing Siding & Windows,https://www.mmroofsiding.com/,mmroofsiding.com,+1 214-381-0600,,4.4,7,YES,installs/replaces windows; named window styles; window product line; window replacement/installation,False,high,cent Work Trusted Services Referral Program Trusted Services Window Contractor in Houston Window Replacement & Installation Contractor Get a Free Inspection Call: 800-352-3933 Window contractor serv,site scrape,YES
Austin Window Siding and Roofing,https://austinwindowssidingroofing.com/,austinwindowssidingroofing.com,+1 512-645-1088,"901 S MoPac Expy, Austin, TX 78746, United States",4.8,267,YES,Pella replacement window installation,False,high,austinwindowssidingroofing.com/services/window-installation/ — 'They offer Pella window replacements that are energy-efficient windows ... all professionally installed for a perfect fit.',web search (round 2),UNKNOWN
Shades of Texas - Windows Tint & Shades - Austin,https://shadesoftx.com/austin?utm_source=gmb&utm_medium=local&utm_campaign=austin,shadesoftx.com,"1612 Shenandoah Dr, Cedar Park, TX 78613, United States","1612 Shenandoah Dr, Cedar Park, TX 78613, United States",4.8,466,NO,blinds/shades/shutters/drapery (window treatments),False,medium,,name/review keywords,UNREACHABLE
Cover Glass USA - Lakeway TX,https://coverglassusa.com/texas/,coverglassusa.com,+1 888-457-3667,,0,0,YES,insulated glass unit work,False,high,ach Orange County Dana Point Corona del Mar San Clemente Newport Beach Costa Mesa Laguna Niguel Laguna Beach Huntington Beach Yorba Linda Los Angeles Anaheim Long Beach Rancho Palos V,site scrape,YES
Window Gang - Austin TX,https://www.windowgang.com/pages/austin-tx,windowgang.com,"1320 Arrow Point Dr Ste 501 #TW140, Cedar Park, TX 78613, United States","1320 Arrow Point Dr Ste 501 #TW140, Cedar Park, TX 78613, United States",4.9,441,NO,window cleaning/washing,False,medium,,name/review keywords,UNREACHABLE
Empire Today - Austin TX,https://www.empiretoday.com/locations/san-antonio?CID=gbp,empiretoday.com,+1 726-222-0009,"2301 E St Elmo Rd Suite: 106, Austin, TX 78744, United States",4.6,923,YES,insulated glass unit work; window product line,False,high,AY FOR HOME Reviews HOW EMPIRE WORKS Financing Floor Designer Help My Account (Opens in a new window) Favorites ( 0 ) Call Now Toggle Search Search SCHEDULE IN-HOME APPOINTMENT or speak to a,site scrape,YES
Sol Solutions - Custom Windows and Doors Estimate - Dallas TX,https://ntxsol.com/,ntxsol.com,+1 469-708-8151,"6750 Hillcrest Plaza Dr #214, Dallas, TX 75230, United States",5,35,YES,"Window installation and replacement (Low-E vinyl / Milgard), plus doors, patio doors and seamless gutters",False,high,ntxsol.com/ page title 'Sol Solutions - Dallas Window Installation and Replacement'; /quality-windows-and-doors/; partnered with Milgard Windows and Doors,web research (earlier pass),UNKNOWN
Pella Windows and Doors Showroom of Austin TX,https://www.pella.com/locations/tx/austin/?utm_source=google&utm_medium=organic&utm_campaign=gbp,pella.com,+1 512-339-6601,"9222 Burnet Rd #105, Austin, TX 78758, United States",4.5,587,YES,installs/replaces windows; insulated glass unit work; named window styles; pane glazing work; replacement windows; window product line; window replacement/installation; windows & doors,False,high,ow Inspiration By Color By Style By Room By Shape All Window Inspiration Window Resources Window Education Window Replacement Before & After Projects Ratings & Reviews Features & Options Window DIY Doors keyboard_ar,site scrape,YES
FASTSIGNS of Dallas TX - Love Field,https://www.fastsigns.com/west-dallas-tx/,fastsigns.com,"1555 Prudential Dr, Dallas, TX 75235, United States","1555 Prudential Dr, Dallas, TX 75235, United States",4.9,83,NO,"custom sign, banner and graphics franchise",False,high,"fastsigns.com/west-dallas-tx/ — 'local visual communications and branding agency ... banners, graphics, marketing materials, event displays, vinyl graphics, vehicle wraps, poster printing'. Sign installation only, not window work.",web search (round 2),UNREACHABLE
Dynamic PPF & Tint - PPF Window Tint Ceramic Coatings Yes,https://dynamicppfandtint.com/,dynamicppfandtint.com,+1 512-609-9586,"6814 Boggy Creek Dr, Austin, TX 78744, United States",5,39,NO,window tint/film; window treatments,True,high,int Skip to content Instagram Facebook-f SCHEDULE ONLINE Home Paint Protection Film (PPF) Window Tinting Ceramic Coatings Vinyl Wraps Windshield Protection Film Contact Us Home Paint Protecti,site scrape,NO
Pro Step LLC | European Custom Cabinetry Windows Doors Yes,https://prostepstudio.com/,prostepstudio.com,+1 512-766-9573,,5,7,NO,no window installation or repair signal on site,False,high,,site scrape,NO
Titan Siding Windows & Roofing,https://titansiding.com/,titansiding.com,"12112 Anderson Mill Rd Bldg 11a, Austin, TX 78726, United States","12112 Anderson Mill Rd Bldg 11a, Austin, TX 78726, United States",4.9,456,YES,installs/replaces windows; named window styles; replacement windows; window product line; window replacement/installation; windows & doors,False,high,"Austin Siding & Window Installation | Titan Siding, Windows & Roofing .",site scrape,YES
Austin Pro Siding Windows & Roofing,https://www.austinprosiding.com/,austinprosiding.com,+1 512-550-0000,"7801 N Lamar Blvd Ste C70, Austin, TX 78752, United States",4.9,467,YES,installs/replaces windows; insulated glass unit work; named window styles; pane glazing work; replacement windows; window product line; window replacement/installation; windows & doors,False,high,"· Since 2009 Central Texas Homes Deserve Better Than Average Austin Pro provides siding, window replacement, roof replacement, gutters, doors, and more for homeowners across Austin and Central Texa",site scrape,YES
SunSmart Windows of Dallas Yes,http://dallas.sunsmarthome.com/,dallas.sunsmarthome.com,,,0,0,YES,Custom energy-efficient window installation and replacement plus door installation; commercial and residential window replacement,False,high,"dallas.sunsmarthome.com/ 'Premium Window Installation And Replacement Dallas, TX'; sunsmarthome.com/home 'Replacement Windows and Doors DFW, TX'; 'selling and installing custom windows and doors for homeowners and contractors'",web research (earlier pass),UNREACHABLE
Restore Your Door Dallas Yes,https://dallasdoorrefinishing.com/,dallasdoorrefinishing.com,,,3.3,3,NO,window treatments,False,high,READ MORE HERE Shutter Refinishing Shutters are more than just window coverings.,site scrape,NO
Vista Home Solutions Yes,https://vistahomesolutions.org/,vistahomesolutions.org,,,5,9,NO,window cleaning,False,high,"VistaHomeSolutions – Professional Window Cleaning in Dallas, TX .",site scrape,NO
Pane Clinic Window Cleaning Yes,https://paneclinicwindowcleaning.com/,paneclinicwindowcleaning.com,,,5,4,NO,Window cleaning,False,medium,No pages from paneclinicwindowcleaning.com indexed; Google review: 'Got windows cleaned. Looking through clean windows again' / 'I have the cleanest windows that I have ever seen',web research (earlier pass),UNREACHABLE
BrightPath Windows Yes,https://brightpathwindows.com/,brightpathwindows.com,,,0,0,NO,window cleaning,False,high,"Window Cleaning in DFW | Little Elm, Frisco, Prosper & More | BrightPath Windows .",site scrape,NO
Screw It All Assembly Yes,http://screwitallassembly.com/,screwitallassembly.com,,,5,49,NO,furniture assembly and TV mounting service,False,high,"screwitallassembly.com — 'assembly services from IKEA furniture, Wayfair and many other stores, as well as TV mounting, art and curtain hanging'; Thumbtack category: furniture assembly.",web search (round 2),UNREACHABLE
MIKA Studio Yes,https://www.mikastudio.online/,mikastudio.online,,,5,7,NO,no window installation or repair signal on site,False,high,,site scrape,NO
Atex Window Services Yes,https://atexwindowservices.com/,atexwindowservices.com,,,5,42,NO,window cleaning,False,high,"Owner operated local Austin based window cleaning, gutter cleaning, pressure washing, and soft washing company.",site scrape,NO
CTRL Auto Tint Yes,https://www.instagram.com/ctrl_auto_tinting/,instagram.com,,,5,3,YES,"Window installation in and around Dallas; products include low-e windows, tempered glass, aluminum window products; also shower glass and mirrors",False,medium,"Listing/profile text: 'LUXOR Mirrors & Glass offers shower glass installation and window installation in and around Dallas, TX' and product list including 'low-e windows' and 'aluminum window products'; categorized as a 'Doors & Windows' business (local.yahoo.com/info-209839631-luxor-mirrors-glass-d",web research (earlier pass),SOCIAL_ONLY
South Austin Handyman Yes,http://www.southaustinhm.com/,southaustinhm.com,,,5,123,YES,insulated glass unit work,False,high,"chen renovations & updates Full room remodels Flooring, tile & finish work Interior reconfigurations Outdoor spaces including decks and pergolas Older home upgrades and improvements G",site scrape,YES
All Shades of Texas Yes,https://www.allshadesoftx.net/,allshadesoftx.net,+1 210-440-0007,,5,74,NO,window tint/film; window treatments,False,high,"ractor | San Antonio, Texas | All Shades of Texas Home Services Screen Rooms Patio Covers Solar Screens Roller Shades Sun Rooms Reviews Gallery Areas We Serve Contact Us Home Services Screen R",site scrape,NO
Robles Remodeling Austin Yes,https://roblesremodelingaustintx.com/,roblesremodelingaustintx.com,+1 210-761-7526,,4.9,124,NO,no window installation or repair signal on site,False,high,,site scrape,NO
Propertifix Handyman & Renovation Services Yes,https://propertifix.com/,propertifix.com,+1 214-210-1111,,4.8,207,YES,window product line; window replacement/installation; windows & doors,False,high,g Fixture Repairs & *Replacements *Electrical Fixture Installation & *Replacement *Door & Window Repairs *Fence & Gate Repairs *Interior & Exterior Painting *Flooring Installation & Repairs *Ki,site scrape,YES
Dallas Door Installation and Repair Service Yes,https://dallasdoorinstallationandrepairservice.com/,dallasdoorinstallationandrepairservice.com,+1 214-223-1966,,5,46,NO,"entry/interior door installation, repair and hardware specialist",False,medium,"dallasdoorinstallationandrepairservice.com — 'door installation and repair for entry doors and interior doors ... hardware installation, weatherstripping, dog door, jamb repair ... door replacement service and door and window trim work ... window security hardware'. Trim and hardware only — no windo",web search (round 2),UNKNOWN
H&H Remodeling Yes,https://hh-remodeling.com/,hh-remodeling.com,+1 214-223-8258,,5,11,NO,window tint/film; window treatments,False,high,"uction services,including installation of countertops,Cabinets, AC repair,plumbing,tiles, Solar screens, Flooring,Fences, kitchen and bathroom remodeling .",site scrape,NO
Delightful Designs Yes,http://www.delightfuldesigns.net/,delightfuldesigns.net,+1 214-226-7840,,5,38,NO,window treatments,False,high,"Window Treatments, Motorized shades, Motorized Patio Screens, Plantation Shutters, Roller shades .",site scrape,NO
weinstallwindows.com Yes,https://weinstallwindows.com/,weinstallwindows.com,+1 214-239-9108,,0,0,YES,installs/replaces windows; window replacement/installation; windows & doors,False,high,"rkmanship, durable results, and reliable service you can count on. From drywall finishes, window and door installations to expert services, we help businesses and homeowners upgrade their spaces with lasting",site scrape,YES
Tricityrenovation Yes,http://tricityrenovation.com/,tricityrenovation.com,+1 214-244-2901,,5,2,NO,no window installation or repair signal on site,False,high,,site scrape,NO
Texas Pride Mirror & Glass LLC Yes,https://texaspridemirrornglass.com/,texaspridemirrornglass.com,+1 214-281-6638,,5,11,YES,"Window replacement, window installation and window leak repair",False,high,"Listings for texaspridemirrornglass.com — ""offers quality window installation services in Dallas, TX""; services: ""door replacement, door repair, frameless showers, caulking repair and replacement, window replacement, window installation service, and window leak repair"". Google review mentions a dog ",web research (earlier pass),UNKNOWN
Luna Glass and Mirror Yes,https://lunaglassmirror.com/,lunaglassmirror.com,+1 214-284-1397,,5,4,YES,commercial storefront glazing; installs/replaces windows; pane glazing work; replacement windows; window product line; window replacement/installation,False,high,r Mirrors Custom Mirror Installation Bathroom Vanity Mirrors Frameless Decorative Mirrors Windows Window Repair & Replacement Window Glass Repair Double-Pane Window Replacement Full Window Replacement,site scrape,YES
Portal Pros - Dallas Dog Door Installation Yes,https://portalprosdallas.com/,portalprosdallas.com,+1 214-307-2503,,5,3,YES,commercial storefront glazing; installs/replaces windows; insulated glass unit work; named window styles; pane glazing work; window replacement/installation,False,high,nstall Patio Install Screen Install Kennel Install French Door Install Storm Door Install Window Install Custom Installs Guarantee Shop For Glass For Doors For Walls For Patios For Kennels For S,site scrape,YES
Dallas Window Film Yes,https://denverwindowfilm.com/,denverwindowfilm.com,+1 214-329-9603,,4.5,2,NO,window cleaning; window tint/film; window treatments,False,high,"m matched to the building’s exposure. Proper surface preparation, precise patterning, and squeegee technique matter most on a clear, dry Colorado day, which is why our window film installa",site scrape,NO
Professional Window Tint of Dallas Yes,https://www.glasstinting.com/,glasstinting.com,+1 214-348-1234,,4.9,238,NO,window tint/film,False,high,"com - Dallas Window Tinting and Glass Frosting - Professional Window Tint of Dallas | ""glasstinting.",site scrape,NO
828 Windows & Doors Yes,http://828windowsanddoors.com/,828windowsanddoors.com,+1 214-389-2828,,3.3,333,YES,Window and door replacement,False,medium,"Yelp listing title '828 WINDOWS & DOORS - Dallas, Texas - Windows Installation'; Crunchbase profile for 828 Windows & Doors, Dallas TX window/door replacement",web research (earlier pass),UNKNOWN
Contact Window Cleaning Yes,https://contactwindowcleaning.com/,contactwindowcleaning.com,+1 214-390-5774,,5,203,NO,window cleaning,False,high,Home - Contact Window Cleaning (214) 390-5774 .,site scrape,NO
Lone Star Home Pro Yes,https://lonestarhomepro.com/,lonestarhomepro.com,+1 214-417-6390,,4.8,22,YES,installs/replaces windows; named window styles; window replacement/installation; windows & doors,False,high,ustomer Reviews ★ ★ ★ ★ ★ Follow Us [phone_number] Home Services Custom Door Installation Window Installation Residential Remodeling Kitchen Remodeling Bathroom Remodeling Door & Window Restoration A,site scrape,YES
Trejos Texas Tint Yes,http://trejostexastint.com/,trejostexastint.com,+1 214-431-8715,,5,5,NO,mobile window tint installation (vehicles),False,medium,"trejostexastint.com, indexed as 'Dallas Mobile Tint | Trejostexastint' — 'professional, computer-cut tint installation with a mobile unit currently serving all of Dallas'. Google reviews all describe vehicle tint jobs. Film application only.",web search (round 2),UNREACHABLE
Lava Auto Glass Yes,https://www.lavaautoglass.com/?utm_source=google&utm_medium=wix_google_business_profile&utm_campaign=16940981642018246518,lavaautoglass.com,+1 214-436-1325,,4.9,120,NO,vehicle glass,True,high,Home | Lava Auto Glass | Dallas .,site scrape,NO
Zen Windows Dallas Yes,https://zenwindows.com/dallas/?utm_source=google&utm_medium=organic&utm_campaign=maps_dallas,zenwindows.com,+1 214-447-3199,,5,4,YES,installs/replaces windows; insulated glass unit work; named window styles; pane glazing work; replacement windows; window product line; window replacement/installation; windows & doors,False,high,Window Replacement Services Nationwide | Zen Windows .,site scrape,YES
Budget Blinds Yes,http://budgetblinds.com/parkcities,budgetblinds.com,+1 214-503-0151,,5,48,NO,window treatments,False,high,"Blinds - Custom Blinds, Window Coverings - Budget Blinds .",site scrape,NO
Nova View Installations LLC Yes,https://www.windowinstallationdallastx.com/,windowinstallationdallastx.com,+1 214-506-8288,,0,0,YES,installs/replaces windows; insulated glass unit work; named window styles; window product line; window replacement/installation; windows & doors,False,high,"Top-Rated Window and Door Installation Services in Dallas, TX Need a Free Estimate for Window Replacement Near Me?",site scrape,YES
Fresh Start Yes,http://www.thedamage.repair/,thedamage.repair,+1 214-563-5040,,4.8,20,NO,no window installation or repair signal on site,False,high,,site scrape,NO
Dallas Windows and Gutter Cleaning Yes,https://bestwindowcleanerdallas.com/,bestwindowcleanerdallas.com,+1 214-597-3248,,4.9,189,NO,window cleaning,False,high,"Serving all DFW. Free quotes. . Dallas Window & Gutter Cleaning | Veteran-Owned, 5-Star . window cleaning Dallas TX, gutter cleaning Dallas TX, window washing DFW, pressure washing Dallas, gut",site scrape,NO
Excelsior Glass and Mirror LLC Yes,http://excelsiorglass.co/,excelsiorglass.co,+1 214-622-3021,,4.4,20,YES,building glass replacement; commercial storefront glazing; insulated glass unit work; named window styles; window replacement/installation,False,high,Window Installation – Glass and Mirror | Excelsior Glass and Mirror .,site scrape,YES
Urban Pioneer Construction & Remodeling Yes,https://urbanpioneerconstruction.org/,urbanpioneerconstruction.org,+1 214-682-4564,,5,0,NO,no window installation or repair signal on site,False,high,,site scrape,NO
Blade Glazing LLC Yes,http://bladeglazingllc.com/,bladeglazingllc.com,+1 214-687-1216,,5,9,YES,commercial storefront glazing; pane glazing work; window product line,False,high,"te-of-the-art tools — so they open and close smoothly, every time. Windows & Glass Panels New window glass and custom panels that improve light, comfort and the energy efficiency of your bui",site scrape,YES
McBain's Windows and Doors LLC Yes,https://mcbainswindowsanddoors.com/,mcbainswindowsanddoors.com,+1 214-702-3818,,5,28,YES,window replacement/installation; windows & doors,False,high,"Precision window and door installation, repair, and energy-efficient solutions in Dallas–Fort Worth.",site scrape,YES
Poiema Construction Yes,http://www.poiemaconstruction.com/,poiemaconstruction.com,+1 214-702-6789,,4.7,18,NO,no window installation or repair signal on site,False,high,,site scrape,NO
ClearVue Solutions Yes,https://clearvue.solutions/,clearvue.solutions,+1 214-704-2531,,5,49,NO,window cleaning,False,high,"Professional window detailing, solar panel care, and power washing in Frisco & North Dallas.",site scrape,NO
DFW Doors LLC. Yes,http://dfwdoorinstallations.com/,dfwdoorinstallations.com,+1 214-725-1557,,4.9,70,NO,no window installation or repair signal on site,False,high,,site scrape,NO
Mr Quick Fix Yes,https://www.mrquickfix.net/,mrquickfix.net,+1 214-734-6293,,3.5,21,NO,window cleaning,False,high,Painting Doors & Windows Services Gutter Services Fences & Decks Welding & Metal Repairs Power Washing & Exterior Cleaning Outdoor Enhancements Gallery Contact Ανακαλύψτε την ποικιλία των π,site scrape,NO
Certified Window & Door Yes,http://www.remodelcwd.com/,remodelcwd.com,+1 214-736-3935,,4,2,YES,window replacement/installation; windows & doors,False,high,Certified Window and Door – Page CloudFW – Residential Door | Window installation and sales.,site scrape,YES
Dynasty Windshield Repair Yes,http://dynastywindshield.com/,dynastywindshield.com,+1 214-753-9892,,0,0,NO,vehicle glass only,True,high,WindShield Repair Avoid bigger problems down the road.,site scrape,NO
DFW Mobile Window Tint Yes,http://www.dfwmobilewindowtint.com/,dfwmobilewindowtint.com,+1 214-757-6411,,4.8,252,NO,vehicle glass only,True,high,"care about you You can buy cheap sun shades, but that only protects your vehicle from the windshield, leaving the rest of the car exposed.",site scrape,NO
Sun & Sound Windows - DFW Yes,https://sunandsoundwindows.com/,sunandsoundwindows.com,+1 214-771-9544,,4.2,10,YES,installs/replaces windows; pane glazing work; replacement windows,False,high,"Most importantly, they are not replacement windows.",site scrape,YES
Southern Living Windows Yes,http://slivingwindows.com/,slivingwindows.com,+1 214-833-8286,,5,67,YES,installs/replaces windows; insulated glass unit work; named window styles; pane glazing work; replacement windows; window product line; window replacement/installation; windows & doors,False,high,"Southern Living Windows offers expert window installations, sliding glass door replacements, and energy efficient upgrades in Plano.",site scrape,YES
Custom Drapery Dallas Yes,http://www.draperydallas.net/,draperydallas.net,+1 214-838-5102,,5,0,NO,Custom drapery / window treatments,False,low,No pages from draperydallas.net indexed in either search; only other Dallas drapery firms returned. Classified from the trade name and the drapery/window-covering category — no direct site evidence found,web research (earlier pass),UNREACHABLE
Blessed by the Best Yes,http://blessedbythebest214.com/,blessedbythebest214.com,+1 214-863-8266,,5,10,NO,window cleaning,False,high,"he Best . Blessed By The Best Blessed By The Best Professional residential and commercial pressure washing and exterior cleaning services in the Dallas-Fort Worth area, dedicated to restoring c",site scrape,NO
LOOK Cleaning Services Yes,http://www.lookwindowservice.com/,lookwindowservice.com,+1 214-864-0812,,5,67,NO,window cleaning; window tint/film,False,high,r a range of services that will leave your place sparkling and inviting. LIST OF SERVICES Window cleaning Professional Window Care power washing Professional Surface Cleaning gutter cleaning P,site scrape,NO
Speed Auto Glass Yes,http://speedautoglass.online/,speedautoglass.online,+1 214-876-2838,,5,10,NO,vehicle glass,True,high,Auto Glass Repair in Dallas | Windshield Replacement .,site scrape,NO
Quality Window Tint | Same Day Home Service Yes,https://qualitywindowstint.com/,qualitywindowstint.com,+1 214-882-7145,,4.1,73,NO,window tint/film,False,high,"Window Tinting Service In Dallas,TX | Free Quote .",site scrape,NO
Windows by Will Yes,https://www.windowsbywill.com/,windowsbywill.com,+1 214-926-7474,,5,0,NO,Residential window cleaning,False,high,"Yelp category 'Window Washing' for windowsbywill.com - 'a residential window cleaning company established in 2013... they hand wash every window, dry and buff them clean'; Google review describes a window cleaning service",web research (earlier pass),UNREACHABLE
ELEVATED WINDOWS COVERINGS Yes,http://elevatedwindowsdfw.com/,elevatedwindowsdfw.com,+1 214-940-0279,,5,11,NO,window treatments,False,high,"intelligent design into every living space. From the clean minimalism of Roller and Zebra Shades to the soft sophistication of Roman, Cellular, Sheer, and Faux Wood blinds, each style is",site scrape,NO
Statewide Energy Solutions Inc. Yes,https://statewideenergysolutions.com/,statewideenergysolutions.com,+1 214-960-2798,,4.7,115,YES,named window styles; window product line; window replacement/installation; windows & doors,False,high,"Window Replacement in Dallas, TX | Statewide Energy Solutions .",site scrape,YES
DF Windows Cleaning Yes,https://windowcleaningsvcdallas.com/,windowcleaningsvcdallas.com,+1 214-962-7954,,4,4,NO,window cleaning service,False,high,"windowcleaningsvcdallas.com titled 'Excellent window cleaning service in Dallas, TX, 75212' — 'crew of experts ready to clean the interior and exterior of windows, as well as screens, blinds, skylights'. Cleaning only.",web search (round 2),UNREACHABLE
Pink's Windows Dallas Yes,https://pinkswindows.com/dallas,pinkswindows.com,+1 214-974-5643,,5,342,NO,window cleaning,False,high,"From window cleaning to gutters and house washing, we always respect your property and time.",site scrape,NO
Fiesta Autoglass Yes,http://fiestaautoglassdfw.com/,fiestaautoglassdfw.com,+1 214-986-1374,,5,133,NO,Auto glass / windshield installation and repair,False,medium,"Yelp listing for Fiesta Autoglass, Dallas (214-986-1374) - 'auto glass services, windshield installation & repair'; Google review describes a truck window break-in repair. Own domain content was not indexed in search results",web research (earlier pass),UNREACHABLE
GM PRO AUTOGLASS Yes,https://www.instagram.com/gmaut_oglass?igsh=MW92d2VkbzZtd2FwZQ==,instagram.com,+1 214-989-5806,,5,2,YES,"Window installation in and around Dallas; products include low-e windows, tempered glass, aluminum window products; also shower glass and mirrors",False,medium,"Listing/profile text: 'LUXOR Mirrors & Glass offers shower glass installation and window installation in and around Dallas, TX' and product list including 'low-e windows' and 'aluminum window products'; categorized as a 'Doors & Windows' business (local.yahoo.com/info-209839631-luxor-mirrors-glass-d",web research (earlier pass),SOCIAL_ONLY
Shine Window cleaning of Dallas Highland Park Yes,https://shine-windowcleaning.com/location/highland-park/,shine-windowcleaning.com,+1 214-991-0183,,5,221,NO,window cleaning,False,high,"Shine Window Cleaning and Exteriors: Same Curb, More Appeal .",site scrape,NO
LuxVue Pros Yes,https://www.luxvuepros.com/,luxvuepros.com,+1 214-995-6140,,5,6,YES,installs/replaces windows; named window styles; pane glazing work; replacement windows; window product line; window replacement/installation; windows & doors,False,high,"Now For any inquiries, feel free to call us at 214-995-6140 . LuxVue Pros offers LUXUARY Window Replacement Entry Door Replacement Entry Door Replacement With over 30 years of experience in the win",site scrape,YES
Lakeway Blinds and Shutters Yes,https://lakewayblinds.com/?utm_source=google&utm_medium=organic&utm_campaign=gbp,lakewayblinds.com,+1 254-527-5225,,5,8,NO,window treatments,False,high,Custom Window Treatments | Lakeway Blinds & Shutters .,site scrape,NO
Yacht Windows FL Yes,https://yachtwindowfl.com/,yachtwindowfl.com,+1 305-497-7723,,5,0,YES,installs/replaces windows; replacement windows; window product line; window replacement/installation,True,high,Yacht Windows FL: Window Repair & Replacement Services .,site scrape,YES
Fenstermann LLC Yes,https://fenstermann.com/,fenstermann.com,+1 305-746-0603,,0,0,NO,window treatments,False,high,Fenstermann Blinds & Shades – Style Meets Function .,site scrape,NO
Platinum Shine Window Cleaning Yes,https://www.platinumshinewc.com/,platinumshinewc.com,+1 308-660-6473,,5,0,NO,window cleaning,False,high,Platinum Shine Window Cleaning | Get a Quote Today .,site scrape,NO
Glass Zone Yes,http://www.glasszone.net/,glasszone.net,+1 310-863-8846,,5,9,YES,installs/replaces windows; window replacement/installation,False,high,Frameless Shower Doors Skylights Patio Foggy Glass Sliding Glass Doors Shop Front Window Installtion Window Repair Glass Replacement Pivot Doors Stacking Doors .,site scrape,YES
Chicago Mobile Glass Repair Yes,https://www.windshieldreplacementchicago.net/,windshieldreplacementchicago.net,+1 312-854-7037,,5,9,NO,vehicle glass,True,high,Chicago Auto Glass & Windshield Replacement Specialist .,site scrape,NO
Paugh Handyman Service Dallas Yes,https://handymanservicedallastx.com/,handymanservicedallastx.com,+1 316-371-7048,,5,20,NO,no window installation or repair signal on site,False,high,,site scrape,NO
All-Star Window Cleaning Yes,https://www.allstarwindowcleaning.net/,allstarwindowcleaning.net,+1 325-320-3065,,5,13,NO,window cleaning/washing,False,medium,,name/review keywords,UNKNOWN
Himes Remodeling and Renovation Yes,http://www.mrhaustin.com/,mrhaustin.com,+1 330-749-5662,,5,12,YES,Door/window installation listed among remodeling and handyman services,False,medium,"mrhaustin.com/services/ — 'services include drywall repair, picket fencing, door/window installation, landscaping, minor plumbing/electrical, hardware installation ...'; contact Luke Himes, 330-749-5662, matches the record.",web search (round 2),UNREACHABLE
River City Blinds Yes,https://www.rivercityblindsaustin.com/,rivercityblindsaustin.com,+1 346-338-9262,,5,43,NO,blinds/shades/shutters/drapery (window treatments),False,medium,,name/review keywords,UNKNOWN
Pine Window Cleaning Yes,https://www.pineatx.com/,pineatx.com,+1 346-697-3867,,5,7,NO,window cleaning,False,high,Pine Window Cleaning | Professional Exterior Cleaning .,site scrape,NO
LaRK Design House Yes,https://larkdesignhouse.com/,larkdesignhouse.com,+1 405-640-7855,,5,15,NO,no window installation or repair signal on site,False,high,,site scrape,NO
Alltex Roofing Systems Yes,https://www.alltexroofingsystems.com/,alltexroofingsystems.com,+1 409-281-5868,,4.9,31,NO,no window installation or repair signal on site,False,high,,site scrape,NO
Skye Glass Yes,https://www.facebook.com/share/1AtPaKYrkH/?mibextid=wwXIfr,facebook.com,+1 430-346-5920,,5,34,YES,Stocks windows and provides framing and installation services including window and door installations,False,medium,"Oak Cliff Building Materials services page: 'Their extensive inventory includes lumber, sheathing, roofing products, windows, and more. They also provide professional framing and installation services, including window and door installations'; sells 'to contractors, builders and homeowners'",web research (earlier pass),SOCIAL_ONLY
Frontstar Construction LLC Yes,https://frontstarco.com/,frontstarco.com,+1 469-213-6659,,5,68,YES,Window replacements as part of exterior renovation,False,high,"frontstarco.com/roofing-exterior-renovation-farmers-branch-tx - 'they handle a variety of exterior renovations, including siding installation, gutter systems, and window replacements.'",web research (earlier pass),UNKNOWN
Razor Mirror and Glass Yes,https://www.razormirrorandglass.com/,razormirrorandglass.com,+1 469-258-0821,,0,0,YES,commercial storefront glazing; window replacement/installation,False,high,"eeds of your local business — combining safety, precision, and a clean, professional look WINDOW INSTALLATIONS We offer full window installations, glass replacements, and a variety of glass options —",site scrape,YES
Clearview Custom Windows Yes,http://www.clearviewcw.com/,clearviewcw.com,+1 469-268-1330,,5,4,YES,window in name + review describes window work,False,medium,,name/review keywords,UNKNOWN
Clear Advantage Window Service Yes,http://clearwindowservice.net/,clearwindowservice.net,+1 469-289-7556,,3.6,18,YES,installs/replaces windows; insulated glass unit work; pane glazing work; window product line; window replacement/installation,False,high,"Fast, Expert Window Repair in Dallas | Clear Advantage .",site scrape,YES
Royal Blue Exterior Services Yes,http://www.royalblueexteriors.com/,royalblueexteriors.com,+1 469-324-9762,,5,38,NO,window cleaning,False,high,Window Cleaning & Pressure Washing in Dallas-Fort Worth | Royal Blue .,site scrape,NO
DFW Residential P Remodeling Yes,https://dfwresidentialremodeling.com/,dfwresidentialremodeling.com,+1 469-359-3851,,5,19,YES,Windows & Doors is a listed service category; installs replacement windows,False,high,"dfwresidentialremodeling.com - 'The company offers Windows & Doors services along with... Kitchens, Bathrooms, Carpentry, House Additions'; 'DFW Residential recently installed windows in homes'. Supported by Google review: 'this pic is the biggest window. They did all the windows in my house!'",web research (earlier pass),UNREACHABLE
Stone Built Construction & Development Yes,http://stonebuiltcd.com/,stonebuiltcd.com,+1 469-404-4714,,5,22,NO,"Custom builds and remodeling, hardscape/landscape, plus residential window cleaning",False,medium,"Two searches. stonebuiltcd.com service list: 'Deck & Patio Remodel, Kitchen Remodeling, Bathroom Remodeling, New Construction, Home Remodeling, Exterior Renovation, Hardscape Installation, Landscape Design & Installs, and Professional Residential Window Cleaning.' The only window item is window CLEA",web research (earlier pass),UNREACHABLE
Preservan Dallas Yes,https://preservan.com/locations/dallas/?utm_source=GMBlisting&utm_medium=organic,preservan.com,+1 469-415-1631,,4.9,43,YES,installs/replaces windows; replacement windows; window product line; window replacement/installation; windows & doors,False,high,Window Wood Rot Repair I had a fantastic experience with Preservan.,site scrape,YES
Nat's Luxury Services Yes,https://www.facebook.com/servicesbyNat/,facebook.com,+1 469-431-1968,,5,3,YES,Stocks windows and provides framing and installation services including window and door installations,False,medium,"Oak Cliff Building Materials services page: 'Their extensive inventory includes lumber, sheathing, roofing products, windows, and more. They also provide professional framing and installation services, including window and door installations'; sells 'to contractors, builders and homeowners'",web research (earlier pass),SOCIAL_ONLY
Pegasus Window Washing Yes,http://pegasuswindowwashing.com/,pegasuswindowwashing.com,+1 469-439-1749,,5,60,NO,window cleaning,False,high,Pegasus Window Washing strives to make our clients completely happy with our services.,site scrape,NO
Fix & Build LLC Yes,https://www.fixandbuildllc.com/,fixandbuildllc.com,+1 469-443-2786,,5,12,YES,"Window and door replacement, custom window installation",False,high,fixandbuildllc.com - 'expert window and door replacement services'; founder expertise includes 'custom window and door installations'; /before-and-after/ shows window projects,web research (earlier pass),UNREACHABLE
DFW window specialist Yes,http://dfwwindowspecialist.com/,dfwwindowspecialist.com,+1 469-478-9395,,4.8,37,YES,"Window repair and replacement, glass repair, solar screens, plus shower enclosures",False,high,"dfwwindowspecialist.com — 'professional window repair and replacement, as well as glass shower installation ... 14 years of experience repairing windows, replacing glass'",web research (earlier pass),UNKNOWN
Super Star Auto Glass Yes,https://superstarautoglassus.com/contact/,superstarautoglassus.com,+1 469-505-3604,,5,0,NO,Mobile auto glass repair and replacement,False,medium,"superstarautoglassus.com/services/ 'Auto Glass Repair & Replacement Services'; contact form asks for vehicle details and damaged glass type (front windshield, door panels, quarter glass, vent glass, rear glass). No residential/commercial glass offering found.",web research (earlier pass),UNREACHABLE
United Window Services LLC Yes,https://unitedwindowservicesllc.net/,unitedwindowservicesllc.net,+1 469-509-5909,,5,6,NO,no window installation or repair signal on site,False,high,,site scrape,NO
FoGlass Window Replacement Yes,http://www.foglasswindow.com/,foglasswindow.com,+1 469-509-9932,,4.9,69,YES,broken window glass; building glass replacement; commercial storefront glazing; insulated glass unit work; pane glazing work; window product line; window replacement/installation,False,high,"eviews FAQS Book an Estimate #1 Family Owned Glass Company in Dallas & Fort Worth Glass & Window Repair Serving Dallas & Fort Worth Glass & window repair, done right.",site scrape,YES
SWP GLOBAL LLC Yes,https://swpgloballlc.com/contact-us,swpgloballlc.com,+1 469-514-1415,,4.2,5,YES,commercial storefront glazing; insulated glass unit work; window replacement/installation,False,high,Affordable GLASS SOLUTIONS Window Glass Sliding Patio Glass Door Sliding Patio Glass Door Window glass installation and repair is a specialized service that focuses on replacing the glass itself while leav,site scrape,YES
Plano Home Window Replacement Yes,https://planohomewindowreplacement.com/,planohomewindowreplacement.com,+1 469-551-4499,,0,0,YES,"Home window replacement and new window installation, plus sliding glass doors",False,high,"planohomewindowreplacement.com/windows/home-window-replacement-plano/ and /windows/our-process-for-new-window-installation-plano/; ""full-service door & window replacement and installation company""",web research (earlier pass),UNKNOWN
Prestige Painting And Drywall Yes,https://prestigepaintingdrywall.com/,prestigepaintingdrywall.com,+1 469-551-4609,,5,17,NO,no window installation or repair signal on site,False,high,,site scrape,NO
Pristine Exterior Services Yes,http://pristinedfw.com/,pristinedfw.com,+1 469-586-9371,,5,21,NO,window cleaning,False,high,Pressure Washing Dallas-Fort Worth | Pristine DFW .,site scrape,NO
Texas Window & Door Yes,https://twdremodeling.com/,twdremodeling.com,+1 469-588-4890,,5,82,YES,named window styles; pane glazing work; window product line; window replacement/installation; windows & doors,False,high,"Texas Window & Door offers 12+ years of trusted, transparent window and door installations.",site scrape,YES
Garland Home Window Replacement Yes,https://garlandhomewindowreplacement.com/,garlandhomewindowreplacement.com,+1 469-599-4956,,5,8,YES,"Window installation, repair and replacement (vinyl, casement, custom), plus door installation; also offers screens/film",False,high,"garlandhomewindowreplacement.com/windows/window-installation-service-garland-tx/ 'Affordable Window Installation Garland, TX'; /windows/ 'Garland Window Replacement & Installation'",web research (earlier pass),UNKNOWN
Pasadena Views Co. Yes,https://www.pasadenaviews.co/,pasadenaviews.co,+1 469-630-2049,,5,4,YES,Window installation in homes,False,medium,"Google review: ""kept everything clean throughout the entire window installation process. They arrived on time, worked efficiently"" (domain not indexed in search results; verdict rests on review text)",web research (earlier pass),UNREACHABLE
Dallas Window Butler Yes,http://dallaswindowbutler.com/,dallaswindowbutler.com,+1 469-640-8551,,4.8,21,YES,building glass replacement; installs/replaces windows; insulated glass unit work; named window styles; pane glazing work; replacement windows; window product line; window replacement/installation; windows & doors,False,high,Whole-House Window Glass Replacement DFW | Dallas Window Butler .,site scrape,YES
Miller Windows Yes,https://www.facebook.com/Miller-Windows-107200627981549/,facebook.com,+1 469-709-0668,,0,0,YES,Stocks windows and provides framing and installation services including window and door installations,False,medium,"Oak Cliff Building Materials services page: 'Their extensive inventory includes lumber, sheathing, roofing products, windows, and more. They also provide professional framing and installation services, including window and door installations'; sells 'to contractors, builders and homeowners'",web research (earlier pass),SOCIAL_ONLY
Love is Blinds-Highland Park Yes,https://www.loveisblindstx.com/window-treatments/highland-park-tx,loveisblindstx.com,+1 469-715-3316,,5,4,NO,window treatments,False,high,"Custom Window Treatments in Texas | Blinds, Shades, Shutters & Plantation Shutters .",site scrape,NO
iDEAL GLASS DFW Yes,http://idealglassdfw.com/,idealglassdfw.com,+1 469-745-2626,,4.4,7,YES,commercial storefront glazing; insulated glass unit work; pane glazing work,False,high,"We can also install single-pane glass, a more economical solution.",site scrape,YES
Five star renovations & remodeling llc Yes,http://five-star-renovations-remodeling-llc.com/,five-star-renovations-remodeling-llc.com,+1 469-797-6485,,5,8,NO,no window installation or repair signal on site,False,high,,site scrape,NO
Minerva Site Services LLC Yes,http://booking.minervasvc.com/,booking.minervasvc.com,+1 469-799-9752,,5,2,NO,"Property make-ready services: junk removal, painting, power washing, cleaning",False,high,"minervasvc.com: 'painting, power washing, junk removal, window & gutter cleaning, small demolitions, and full make-ready services'. Window cleaning only",web research (earlier pass),UNKNOWN
Shaheen Auto Glass Mobile Serivce Yes,http://www.shaheenautoglass.com/,shaheenautoglass.com,+1 469-805-1339,,5,114,NO,mobile auto glass / windshield replacement,False,medium,"No indexed content from shaheenautoglass.com in two searches (only an unrelated Shaheen AutoGlass CC in Durban). Only usable evidence is the Google review: 'Shaheen replaced my Jetta's windshield quickly and professionally. The mobile service made it incredibly easy' — vehicle glass, no building-win",web search (round 2),UNREACHABLE
Texas Quick Construction Yes,http://www.txquickconstruction.com/,txquickconstruction.com,+1 469-817-9329,,4.7,19,YES,installs/replaces windows; named window styles; window product line; window replacement/installation,False,high,"ome About Us Reviews Gallery Services Fence Installation Fence Repair Patio Covers Siding Window Installation Pergola Gutters Installation Painting Services Areas We Service Burleson, Tx Cleburne, Tx",site scrape,YES
Dallas Shutters Yes,http://dallasshutters.info/,dallasshutters.info,+1 469-855-8086,,0,0,NO,Plantation shutters / window coverings dealer (A Blind Decision),False,medium,"dallasshutters.info (Greg Hogan, 469-855-8086): 'Eclipse Shutters that offer control of light, temperature, noise and privacy ... free in-home estimates ... looking for window coverings'",web research (earlier pass),UNREACHABLE
Aquamarine Windows and Doors Yes,https://aquamarinewindows.com/,aquamarinewindows.com,+1 469-887-0015,,5,9,YES,installs/replaces windows; insulated glass unit work; named window styles; pane glazing work; replacement windows; window replacement/installation; windows & doors,False,high,Design-Led Window Replacement in DFW | Aquamarine .,site scrape,YES
Home Window Replacement Dallas Yes,https://homewindowsdallas.com/,homewindowsdallas.com,+1 469-908-3363,,5,4,YES,"Home window replacement and installation (double-hung, slider, awning, bow/bay, vinyl, custom); also doors and siding",False,high,"homewindowsdallas.com/windows/home-window-replacement-dallas/ and /windows/window-installation-service-dallas/ 'Window Installation Service Dallas'; 'leading home window replacement and door installation company in Dallas, Texas'",web research (earlier pass),UNKNOWN
Ortega Glass & Welding Yes,https://ortegabry12.wixsite.com/ortegaglassandwelder,ortegabry12.wixsite.com,+1 469-939-2674,,5,2,UNRESOLVED,glass and welding service (scope not established),False,low,Only indexed text from ortegabry12.wixsite.com/ortegaglassandwelder is 'Ortega Glass & Welder Service aims to achieve a high level of customer satisfaction ... 24/7 Emergency Replacement services' — n,web search - no usable evidence,UNREACHABLE
Spotlite Outdoor Services Yes,https://www.spotliteservices.com/,spotliteservices.com,+1 469-966-8777,,5,4,NO,window cleaning,False,high,"Spotlite Outdoor Services | Power Washing, Fence Restoration & Turf | North Dallas .",site scrape,NO
Salazar & Sons Window Co. Yes,https://salazarandsonswindow.com/,salazarandsonswindow.com,+1 469-994-9236,,5,7,YES,installs/replaces windows; replacement windows; window product line; window replacement/installation,False,high,"offers professional window installation, replacement, and repair across Dallas-Fort Worth.",site scrape,YES
Vision Windows LLC Yes,https://www.azvisionwindow.com/,azvisionwindow.com,+1 480-217-0151,,5,149,YES,installs/replaces windows; named window styles; replacement windows; window product line; window replacement/installation; windows & doors,False,high,"Licensed, Bonded & Insured Our Services Your choice for superior products and experienced window and door installation in Arizona.",site scrape,YES
Smart Plus Auto Glass LLC Yes,https://smartplusautoglass.com/,smartplusautoglass.com,+1 480-243-4348,,5,4,NO,auto glass / windshield replacement,False,medium,smartplusautoglass.com/contact — 'Smart Plus Auto Glass LLC ... specializes in expert windshield replacement'. No residential or commercial glass service found in search results.,web search (round 2),UNREACHABLE
Affordable Blinds and Shutters Yes,https://affordableblindandshutter.com/,affordableblindandshutter.com,+1 480-286-1866,,4.7,12,NO,window treatments,False,high,Plantation Shutters - Affordable Blinds and Shutters .,site scrape,NO
Superior Replacement Windows Yes,https://replacementwindowstempe.net/,replacementwindowstempe.net,+1 480-339-0985,,3.7,3,YES,"Replacement windows, window glass replacement and window repair for homes; commercial storefronts, glass doors and architectural glass",False,high,"replacementwindowstempe.net — 'locally owned window and glass company in Tempe ... providing mobile replacement windows, glass shower doors, window glass replacement and window repair'; site sections /residential-glass/, /commercial-glass/ ('storefronts, glass doors and interior architectural glass'",web search (round 2),UNREACHABLE
Duarte Glass LLC. Yes,https://sitios.endigital.com/duarte-glass-llc/window-installation-contractors/phoenix/,sitios.endigital.com,+1 480-504-8071,,5,103,YES,Single and dual pane window and door glass installation and repair; broken and foggy glass replacement,False,high,"duarteglass.com / 'Window installation contractors in Phoenix | Duarte Glass LLC' — 'single and dual pane door and window installation and repair ... repairs and replaces all window types including Clear, Low E, Tinted ... Broken or foggy glass repairs ... serves commercial clients too'.",web search (round 2),UNREACHABLE
Commercial Panes Yes,https://www.mycommercialpanes.com/,mycommercialpanes.com,+1 480-540-8166,,5,0,NO,window cleaning,False,high,ervice Team 480-540-8166 Services Exterior Cleaning Services Commercial Cleaning Services Window Cleaning Pressure Washing Ground & Lot Care Facade Cleaning & Surface Care Exterior Building Se,site scrape,NO
Tempe Windshield Replacement Yes,https://www.tempewindshields.com/,tempewindshields.com,+1 480-605-0839,,5,29,NO,vehicle glass,True,high,"Tempe Windshield Replacement: Auto Glass Repair in Tempe, AZ.",site scrape,NO
Squeaky Clean Window Washing Yes,https://www.squeakycleantexas.com/,squeakycleantexas.com,+1 512-200-2160,,5,6,NO,window cleaning,False,high,Window Cleaning Services in Austin | Squeaky Clean Texas .,site scrape,NO
Budget Blinds of Austin South Yes,https://budgetblinds.com/austinsouth/,budgetblinds.com,+1 512-201-4124,,4.8,16,NO,window treatments,False,high,"Blinds - Custom Blinds, Window Coverings - Budget Blinds .",site scrape,NO
CM Remodeling & Construction LLC Yes,https://cmremodelingco.com/,cmremodelingco.com,+1 512-202-0030,,4.8,25,NO,no window installation or repair signal on site,False,high,,site scrape,NO
Fix Masters LLC Yes,https://www.fixmasterstx.com/,fixmasterstx.com,+1 512-202-8461,,5,24,NO,no window installation or repair signal on site,False,high,,site scrape,NO
Gutter Tex Yes,https://guttertex.com/?utm_source=google&utm_medium=organic&utm_campaign=gmb-listing-cedar-park,guttertex.com,+1 512-213-1677,,5,53,NO,window cleaning,False,high,placement Gutter Downspouts Gutter Repair Gutter Cleaning Gutter Guards Exterior Cleaning Window Cleaning Underground Drains Turf Cleaning Pressure & Soft Washing Pressure Washing Gallery Spec,site scrape,NO
Colt’s Window Services Yes,https://www.coltswindows.com/,coltswindows.com,+1 512-222-7705,,5,6,NO,window cleaning,False,high,I didn't realize how badly I needed window cleaning and power washing until I saw the before and after.,site scrape,NO
Y21 GLASS Yes,http://y21glass.com/?utm_source=gmb&utm_medium=referral,y21glass.com,+1 512-227-1975,,5,22,YES,"General glass work; a customer review describes them handling a broken house window, alongside shower enclosures",False,low,"BBB profile: 'Y21 Glass is a glass company in Austin, TX ... started 4/17/2017 ... owner Luis Camargo'. No page content from y21glass.com is indexed. Supporting Google reviews: 'We used Y21 Glass for a new shower enclosure' and 'A bird flew through our window on a Thursday afternoon.' — the second r",web search (round 2),UNREACHABLE
Peace Love & Windows Yes,https://peacelovewindows.com/,peacelovewindows.com,+1 512-233-8489,,5,2,NO,window cleaning,False,high,elect Page Groovy Views Await You Transform Your Windows Today Experience the ultimate in window cleaning with Peace Love and Windows.,site scrape,NO
TRC Window Cleaning Yes,http://www.trcwindowcleaning.com/,trcwindowcleaning.com,+1 512-240-2564,,5,14,NO,window cleaning,False,high,Window Cleaning in Austin Made Simple.,site scrape,NO
Technik Enterprises LLC Yes,http://www.technikent.com/,technikent.com,+1 512-243-8007,,5,21,YES,insulated glass unit work,False,high,"Home/Office Phone systems, Intercoms, Computer Networking with home WiFi and Internet configuration.",site scrape,YES
Action Auto Glass Yes,http://actionautomobileglass.com/?utm_source=gmb&utm_medium=referral,actionautomobileglass.com,+1 512-247-8230,,0,0,UNRESOLVED,unknown — no indexed content found for this Austin business,False,low,"Two searches returned nothing for actionautomobileglass.com or an Austin 'Action Auto Glass' at 512-247-8230; only unrelated same-name shops in Denver CO, Temple TX and Whitehouse TX. No Google review",web search - no usable evidence,UNREACHABLE
Premier Stone Installations Yes,https://www.premierstoneinstallations.com/,premierstoneinstallations.com,+1 512-247-8872,,5,28,NO,no window installation or repair signal on site,False,high,,site scrape,NO
Stellar Window Films Yes,https://austinstellar.com/,austinstellar.com,+1 512-261-4046,,5,22,NO,window tint/film; window treatments,False,high,Stellar Window Films | Stellar Energy | Austin Stellar Window Films .,site scrape,NO
A & A Specialty Window Cleaning Yes,http://www.specialtywindowcleaning.com/,specialtywindowcleaning.com,+1 512-263-1886,,5,21,NO,window cleaning,False,high,Residential Window Cleaning in Austin | A&A Specialty Window Cleaning .,site scrape,NO
Cantera Doors Yes,https://www.canteradoors.com/,canteradoors.com,+1 512-263-8881,,4.7,30,YES,"Custom steel, iron and Reynaers aluminium windows - fabricated and installed",False,high,"canteradoors.com/reynaers-aluminium-windows/ and /steel-doors-and-windows-dallas/ - 'official fabricator of Reynaers, Jansen, and Forster, offering windows, doors, and facades in aluminum, steel, and iron, engineered and installed under one roof'",web research (earlier pass),UNREACHABLE
Hill Country Blinds Yes,https://www.hillcountryblinds.com/?utm_source=gmb&utm_medium=organic&utm_campaign=Listing,hillcountryblinds.com,+1 512-264-8844,,5,51,NO,window treatments,False,high,Home | Hill Country Blinds | Custom Window Treatments & Shutters .,site scrape,NO
Sloan Hollace Hill Country Interiors Yes,https://sloanhollace.com/,sloanhollace.com,+1 512-265-1381,,5,16,NO,window treatments,False,high,"dow Treatments: Our team will help you choose the perfect window treatments, from elegant drapery to classic shades.",site scrape,NO
Portal Pros - Austin Dog Door Installation Yes,https://portalprosaustin.com/,portalprosaustin.com,+1 512-270-1104,,5,12,YES,commercial storefront glazing; installs/replaces windows; insulated glass unit work; named window styles; pane glazing work; window replacement/installation,False,high,nstall Patio Install Screen Install Kennel Install French Door Install Storm Door Install Window Install Custom Installs Guarantee Shop For Glass For Doors For Walls For Patios For Kennels For S,site scrape,YES
Eastside Siding Pros Yes,https://eastsidesidingpros.com/,eastsidesidingpros.com,+1 512-271-4385,,0,0,YES,"Window replacement attributed to them in search results, alongside their core siding repair/replacement work",False,low,"Second search result stated 'Eastside Siding Pros offers window replacement services and can be reached at (512) 271-4385' — phone matches the record. Caveat: their own indexed pages (eastsidesidingpros.com/services/siding-repair-southeast-austin/, /cost/) cover siding only, so the window claim is n",web search (round 2),UNKNOWN
Georgetown Window Replacement Company Yes,https://georgetownwindowreplacementcompany.com/,georgetownwindowreplacementcompany.com,+1 512-271-5046,,5,3,YES,installs/replaces windows; insulated glass unit work; named window styles; window product line; window replacement/installation,False,high,Home - Georgetown Window Replacement Company .,site scrape,YES
Pink's Windows South Austin Yes,https://www.pinkswindows.com/south-austin,pinkswindows.com,+1 512-273-7353,,5,160,NO,window cleaning,False,high,"From window cleaning to gutters and house washing, we always respect your property and time.",site scrape,NO
Lakeway Blinds & Shutters Yes,http://lakewayblinds.com/,lakewayblinds.com,+1 512-284-8496,,5,25,NO,window treatments,False,high,Custom Window Treatments | Lakeway Blinds & Shutters .,site scrape,NO
FHY Construction Yes,http://www.fhyconstruction.com/,fhyconstruction.com,+1 512-296-9908,,5,13,NO,no window installation or repair signal on site,False,high,,site scrape,NO
Wilco Windows & Siding Yes,https://www.wilcodesign.co/,wilcodesign.co,+1 512-316-7526,,5,100,YES,installs/replaces windows; insulated glass unit work; named window styles; pane glazing work; replacement windows; window product line; window replacement/installation; windows & doors,False,high,Wilco Windows & Siding offers expert window installation & renovations with Free quotes and warranties available.,site scrape,YES
Smart Glass Tech Yes,https://smglasstech.com/,smglasstech.com,+1 512-317-5858,,5,3,YES,commercial storefront glazing; windows & doors,True,high,Tech will restore and repair your glass including damages on any of the following: Glass Windows & Doors Glass Table Tops glass wall Mirrors Automotive Glass Scratch GLASS FACADE Graffiti stains,site scrape,YES
Rae's Custom Home Services Yes,https://raescustomhomeservices.com/,raescustomhomeservices.com,+1 512-336-9305,,5,3,NO,no window installation or repair signal on site,False,high,,site scrape,NO
Key Lime Construction Yes,https://keylimeaustin.com/?utm_source=gbp&utm_medium=website-button,keylimeaustin.com,+1 512-337-3738,,5,33,NO,no window installation or repair signal on site,False,high,,site scrape,NO
Lone Star Balcony Service Yes,https://www.lonestarbalcony.com/,lonestarbalcony.com,+1 512-350-6964,,5,29,NO,window cleaning,False,high,LUXURY CONDOMINIUM COMMUNITIES SERVING AUSTIN’S PREMIER HIGH-RISES Professional Balcony & Window Cleaning for Austin's Luxury Condominium Communities.,site scrape,NO
Nightfall Reimagined Yes,https://www.nightfallreimagined.com/,nightfallreimagined.com,+1 512-351-5788,,0,0,NO,window treatments,False,high,Austin Luxury Lighting Company | Custom Shades & Installation | Nightfall Reimagined .,site scrape,NO
1st Capital Certified Roofing Yes,https://roofingcompanyaustin.com/,roofingcompanyaustin.com,+1 512-358-1300,,4.9,87,YES,installs/replaces windows; pane glazing work; replacement windows; window product line; window replacement/installation,False,high,Inspections Roof Maintenance Storm & Hail Damage Insurance Restoration Siding Replacement Window Replacement All services → Company About Us Gallery Testimonials Blog Financing In the Community Loca,site scrape,YES
Shining Image of Texas Yes,https://shiningimage.com/,shiningimage.com,+1 512-358-4784,,4.7,141,NO,window cleaning,False,high,#1 Window Cleaning Service in Austin | Shining Image of Texas .,site scrape,NO
Robin Bond Interiors Yes,https://www.robinbondinteriors.com/,robinbondinteriors.com,+1 512-358-7200,,0,0,NO,no window installation or repair signal on site,False,high,,site scrape,NO
MNP Window and Door Yes,https://mnpwindowanddoor.com/,mnpwindowanddoor.com,+1 512-368-8845,,5,26,YES,installs/replaces windows; insulated glass unit work; named window styles; replacement windows; window product line; window replacement/installation; windows & doors,False,high,"Window Installation Service | Buda, Texas .",site scrape,YES
Windows & Doors by James Yes,https://www.windowsanddoorsbyjames.com/,windowsanddoorsbyjames.com,+1 512-379-1652,,4.4,7,YES,installs/replaces windows; insulated glass unit work; named window styles; replacement windows; window product line; window replacement/installation; windows & doors,False,high,"hoto Gallery Renovations Gallery Contact Besides the quality of the window itself, proper window installation is essential for full energy efficiency and accurate performance for the life of the prod",site scrape,YES
O DOUBLE G OUTDOORS Yes,http://odoublegoutdoors.com/,odoublegoutdoors.com,+1 512-387-2068,,4.9,30,NO,no window installation or repair signal on site,False,high,,site scrape,NO
Austin Handyman 512 Yes,http://ahm512.com/,ahm512.com,+1 512-412-5719,,4.8,204,NO,no window installation or repair signal on site,False,high,,site scrape,NO
Davidson Window Cleaning Yes,https://davidsonwindowcleaningllc.com/,davidsonwindowcleaningllc.com,+1 512-413-7227,,5,11,NO,window cleaning,False,high,"Davidson Window Cleaning | Exterior Cleaning in Horseshoe Bay, Cedar Park, Leander And Surrounding Areas .",site scrape,NO
Windowpros LLC Yes,https://austinwindowpros.com/,austinwindowpros.com,+1 512-422-1907,,5,12,YES,broken window glass; installs/replaces windows; insulated glass unit work; pane glazing work; replacement windows; window product line; window replacement/installation,False,high,| Replacement Windows in Austin . Windowpros LLC | Replacement Windows in Austin Services Window Installation & Repair Window Replacement Glass Replacement Window Repair Residential Window Installati,site scrape,YES
LoneStar Glass Replacement Yes,https://glassreplacementaustin.com/,glassreplacementaustin.com,+1 512-431-7056,,4.1,14,YES,building glass replacement; window replacement/installation; windows & doors,False,high,Call us today and get started on your window repair or replacement!,site scrape,YES
Reyna Foundation Repair Yes,https://www.reynafoundationrepair.com/,reynafoundationrepair.com,+1 512-450-2533,,4.9,27,NO,no window installation or repair signal on site,False,high,,site scrape,NO
Lakeway Windows and Doors Yes,https://www.lakewaywindowsanddoors.com/,lakewaywindowsanddoors.com,+1 512-456-3539,,5,0,YES,named window styles; window product line; window replacement/installation; windows & doors,False,high,"erving Spicewood, TX Lakeway Windows and Doors is your first choice in Spicewood for your windows and doors installation and replacement services.",site scrape,YES
Wood & Stone Homes Yes,http://www.woodandstonehomes.com/,woodandstonehomes.com,+1 512-460-0094,,4.5,23,YES,window replacement/installation,False,high,"spects of home improvement and remodeling, including bathrooms, kitchens, room additions, window and siding replacement, patio updates, and eco-friendly enhancements.",site scrape,YES
Christen Ales Interiors Yes,https://www.christenalesinteriors.com/,christenalesinteriors.com,+1 512-468-3585,,5,13,NO,no window installation or repair signal on site,False,high,,site scrape,NO
Home Improvement and Repair Yes,http://www.homeimprovementsandrepair.com/,homeimprovementsandrepair.com,+1 512-483-1115,,5,6,NO,no window installation or repair signal on site,False,high,,site scrape,NO
Streamline Construction & Austin Roofing Yes,https://streamlineroofingtexas.com/?utm_source=google&utm_medium=organic&utm_campaign=google_business_profile,streamlineroofingtexas.com,+1 512-489-7663,,5,34,NO,"roofing contractor / construction group (roof install, repair, restoration)",False,medium,"streamlineroofingtexas.com/services/ — 'all types of commercial and residential roof installation and repair, with construction group services including design-build, remodeling, restoration ... asphalt shingles, metal, tile, and flat roofing'. Two searches surfaced no window service.",web search (round 2),UNKNOWN
Austin Tiny Homes Yes,https://www.myatxtinyhouse.com/,myatxtinyhouse.com,+1 512-497-5988,,4.9,22,NO,no window installation or repair signal on site,False,high,,site scrape,NO
Sparkle Squad of South Austin-Kyle-New Braunfels Yes,https://sparklesquad.com/south-austin-tx/?utm_source=googlebusinessprofile&utm_medium=organic&utm_campaign=Qiigo,sparklesquad.com,+1 512-503-8402,,5,75,NO,window cleaning,False,high,Window Cleaning & Pressure Washing | Sparkle Squad .,site scrape,NO
EcoView Windows & Doors of Austin Texas Yes,http://www.ecoviewwindows.com/austin-texas/,ecoviewwindows.com,+1 512-505-8839,,5,0,YES,installs/replaces windows; named window styles; pane glazing work; replacement windows; window product line; window replacement/installation; windows & doors,False,high,"cement Windows and Doors | Installation Contractors . For more information on replacement window and door installations with quality products by experienced installation experts, visit our website and get a F",site scrape,YES
Technology Guru Yes,http://mytechguru.biz/,mytechguru.biz,+1 512-516-2096,,5,20,NO,no window installation or repair signal on site,False,high,,site scrape,NO
Regal Home Service Yes,https://myrhrepairs.com/,myrhrepairs.com,+1 512-517-1037,,5,2,NO,bathroom/kitchen remodeling and handyman contractor (Regal Handyman Repairs),False,medium,"myrhrepairs.com/services — 'bathroom remodeling, walk-in shower installations, shower conversions, tub installation, tiles and backsplash, custom frameless shower & glass design and installation, home interior remodeling, kitchen remodels, handyman services, lighting and plumbing fixtures'. No windo",web search (round 2),UNREACHABLE
Focal Point Designs Yes,https://www.hirefocalpointdesigns.com/,hirefocalpointdesigns.com,+1 512-522-1252,,4.9,34,YES,installs/replaces windows; window product line; window replacement/installation,False,high,r Remodeling Book a Consultation  team@hirefocalpointdesigns.com  (512)-522-1252 Expert Window Replacement & Installation in Austin Upgrade your home’s energy efficiency and style with premium And,site scrape,YES
Clean Solutions Yes,https://www.cleansolutionsusa.com/?utm_source=google&utm_medium=business_profile&utm_campaign=website,cleansolutionsusa.com,+1 512-522-4134,,5,132,NO,window cleaning,False,high,"e. Secure Your Savings Same Day Estimates Available! (512) 522-4134 Austin, TX Home About Window Cleaning Exterior Window Cleaning Interior Window Cleaning Other Services Pressure Washing Serv",site scrape,NO
Pioneer Window Cleaning LLC Yes,http://cleanwindowsaustin.com/,cleanwindowsaustin.com,+1 512-522-8286,,5,23,NO,window cleaning; window tint/film,False,high,"Window Cleaning in Dripping Springs, TX | Pioneer Window Cleaning .",site scrape,NO
ReaI Window SoIutions Yes,https://realwindowsolutions.com/,realwindowsolutions.com,+1 512-535-5160,,5,8,NO,"window coverings — shutters, blinds, shades, solar screens",False,high,"realwindowsolutions.com/our_products/ — 'family-owned business ... specializing in customized window covering solutions ... shutters, blinds, shades, and solar screens ... free in-home consultations ... professional installation'. Window treatments, not windows.",web search (round 2),UNREACHABLE
LIME Shine Yes,http://limeshinewc.com/,limeshinewc.com,+1 512-537-7024,,5,0,UNRESOLVED,unknown — no indexed content found,False,low,"Two searches returned nothing for limeshinewc.com or an Austin 'LIME Shine' at 512-537-7024; only unrelated firms (Shine Window Cleaning of Austin, and a separate LIME Window & Exterior Cleaning in Mo",web search - no usable evidence,UNREACHABLE
Stained Glass Austin Yes,http://www.stainedglassaustin.com/,stainedglassaustin.com,+1 512-539-0432,,0,0,YES,insulated glass unit work; pane glazing work; window product line; windows & doors,False,high,"5 Install We carefully and precisely install stained glass, guaranteeing that your new window will be lovely and useful for many years to come.",site scrape,YES
Up and Down Blind Yes,http://www.upanddownblind.com/,upanddownblind.com,+1 512-550-8910,,5,6,NO,window treatments,False,high,D . UP AND DOWN BLIND 0 Skip to Content Home About Us Outdoor Screens Outdoor Screens FAQ Shades/Blinds Zebra Blinds Roller Shades Honeycomb Shades Portfolio Portfolio Contact Open Menu,site scrape,NO
Waterloo Windows Yes,https://waterloowindows.myshopify.com/,waterloowindows.myshopify.com,+1 512-554-6054,,4.8,57,NO,window treatments,False,high,WaterlooWindowsATX Drapery and Shades .,site scrape,NO
Seven Auto Glass Yes,http://www.sevenautoglass.com/,sevenautoglass.com,+1 512-565-8292,,5,188,NO,vehicle glass,True,high,Windshield Replacement in Austin TX | Seven Auto Glass .,site scrape,NO
Lakeway Roofing & Water Damage | WDR Yes,https://lakewayroofingandwaterdamage.com/,lakewayroofingandwaterdamage.com,+1 512-566-5512,,5,227,NO,no window installation or repair signal on site,False,high,,site scrape,NO
Screens By Eric Yes,https://screensbyeric.com/,screensbyeric.com,+1 512-567-3452,,0,0,YES,window product line; window replacement/installation; windows & doors,False,high,"screen door repair, window screen repair, rescreen, screen frame replacement, screen frame, screen door .",site scrape,YES
ClearCrew Yes,https://clearcrew.us/,clearcrew.us,+1 512-567-3798,,5,10,NO,window cleaning,False,high,ClearCrew — Window Cleaning · Central Texas .,site scrape,NO
Austin Clear Exterior Cleaning Yes,http://atxclear.com/,atxclear.com,+1 512-571-3477,,5,3,NO,window cleaning,False,high,"Austin Clear | Professional Window Cleaning in Austin, TX .",site scrape,NO
Window Hero Austin Yes,https://windowhero.com/locations/austin/,windowhero.com,+1 512-572-5583,,5,11,NO,window cleaning; window tint/film,False,high,Window Cleaning and Pressure Washing Services | Window Hero .,site scrape,NO
Shine On Window Cleaning Yes,http://www.facbook.com/ShineonwindowcleaningTX,facbook.com,+1 512-574-2869,,5,5,NO,window cleaning/washing,False,medium,,name/review keywords,UNREACHABLE
AAA Window Washing Yes,https://www.aaawindowwashing.com/,aaawindowwashing.com,+1 512-577-3053,,0,0,NO,window cleaning,False,high,Expert Window Washing Services | AAA Window Washing .,site scrape,NO
R S Remodeling Austin Yes,http://rsremodelingaustin.com/,rsremodelingaustin.com,+1 512-584-3274,,5,19,YES,window replacement/installation,False,high,in area. ​ Call us for a free estimate. RS Contractor Services. 512-584-3274 Services ​ - Window installation - Masonry ​ - Door Repair/Installations - Framing -Trim - Painting/Drywall ​ -Base Boards,site scrape,YES
Cooper Doors Yes,http://www.cooperdoorstx.com/,cooperdoorstx.com,+1 512-588-0622,,5,13,NO,no window installation or repair signal on site,False,high,,site scrape,NO
Garage Doors Heavy Duty LLC Yes,https://garagedoorsheavydutyllc.com/,garagedoorsheavydutyllc.com,+1 512-596-9592,,5,39,NO,garage door sales and installation,False,low,"No indexed content for garagedoorsheavydutyllc.com after two searches. Only usable evidence is the Google review, which describes a garage-type door job: 'So happy with my new door! ... They arrived to take measurements and I selected my door. They arrived the next day for the install.' No window wo",web search (round 2),UNREACHABLE
GNZ BUILDERS LLC Yes,http://gnzbuilders.com/,gnzbuilders.com,+1 512-608-0523,,5,15,NO,no window installation or repair signal on site,False,high,,site scrape,NO
Austin Window and Doors Yes,https://austinwindowanddoors.andersenwindowscertifiedcontractors.com/,austinwindowanddoors.andersenwindowscertifiedcontractors.com,+1 512-612-1829,,0,0,YES,named window styles; window replacement/installation; windows & doors,False,high,Windows Replacement in Austin | Austin Window and Doors .,site scrape,YES
Rosy Service Cleaning LLC Yes,https://www.rosyservicecleaning.com/,rosyservicecleaning.com,+1 512-621-1306,,5,0,NO,window cleaning,False,high,Results Get Started More than just cleaning and remodeling Services Construction Cleaning Pressure Wash Light Remodeling Window Building Cleaning Painting Move in- Move Out Cleaning Overview Wh,site scrape,NO
Glass Savers (Glass Resurfacing) Yes,https://sdglassrestoration.com/austin-texas/,sdglassrestoration.com,+1 512-626-1270,,5,6,YES,commercial storefront glazing; window product line,True,high,It looks like a new window!,site scrape,YES
TG Carpentry Austin TX Yes,http://tgcarpentryaustintx.com/,tgcarpentryaustintx.com,+1 512-626-7321,,5,15,NO,no window installation or repair signal on site,False,high,,site scrape,NO
Sparkle Squad of Austin–Dripping Springs-Spicewood Yes,https://sparklesquad.com/austin-tx/?utm_source=googlebusinessprofile&utm_medium=organic&utm_campaign=Qiigo,sparklesquad.com,+1 512-631-2334,,5,180,NO,window cleaning,False,high,Window Cleaning & Pressure Washing | Sparkle Squad .,site scrape,NO
Haysco Siding & Windows Yes,https://hayscosiding.com/,hayscosiding.com,+1 512-638-6665,,5,8,YES,pane glazing work; window product line; window replacement/installation,False,high,James Hardie Siding installer Travis Hays contractors exterior windows siding install .,site scrape,YES
Gloria Bonita Welding & Fabrication Yes,https://sites.google.com/view/gloriabonitawelding/work,sites.google.com,+1 512-638-6818,,5,6,NO,"welding and metal fabrication (gates, ironwork)",False,medium,Listed as 'a metal fabricator serving Austin and the surrounding area' under metal fabrication categories; Google review describes gate work: 'Had super suggestions. So so happy with my new gate.' No glass or window installation found.,web search (round 2),SOCIAL_ONLY
Window Film Austin Yes,http://www.windowfilmaustin.net/,windowfilmaustin.net,+1 512-643-0038,,0,0,NO,window tint/film,False,high,Window Film Austin | Premier Window Film Contractor .,site scrape,NO
Round Rock Window Replacement Company Yes,https://www.roundrockwindowreplacementcompany.com/,roundrockwindowreplacementcompany.com,+1 512-643-5836,,4.2,5,YES,installs/replaces windows; insulated glass unit work; named window styles; window replacement/installation,False,high,Home - Round Rock Window Replacement Company .,site scrape,YES
FOG GONE GLASS Yes,https://foggoneglass.com/,foggoneglass.com,+1 512-653-7785,,5,0,YES,building glass replacement; installs/replaces windows; insulated glass unit work; pane glazing work; window product line; window replacement/installation,False,high,"ustin, double pane glass replacement, fogged windows Austin, insulated glass replacement, window glass repair Austin, fog gone glass, Jim Sweeny glass, Austin glass installer, window condensation rep",site scrape,YES
Summit Surface Solutions Yes,https://summitsurfacesolution.com/,summitsurfacesolution.com,+1 512-659-7674,,5,8,YES,commercial storefront glazing; named window styles; window product line,False,high,"Newer developments kick up a fine, gritty film that dulls even brand-new windows.",site scrape,YES
Rosso Custom Window Coverings & Installations Yes,http://www.rossoinstallations.com/,rossoinstallations.com,+1 512-659-9402,,0,0,NO,window covering / window treatment installation,False,high,rossoinstallations.com/installations — 'Rosso is a trusted provider of window coverings and installation services in Austin with 25+ years of experience ... installing window coverings in the Austin area for over 25 years ... make window treatments come to life.' Coverings only.,web search (round 2),UNREACHABLE
Windows N More Yes,http://www.windowsnmore.biz/,windowsnmore.biz,+1 512-663-4717,,5,4,NO,window cleaning,False,high,"we believe great service starts with treating every customer like family. From sparkling window cleaning to professional pressure washing, gutter cleaning, and reliable chimney sweeps, our te",site scrape,NO
Kevin's Glass & Roofing Yes,http://kevinsglassandroofing.com/,kevinsglassandroofing.com,+1 512-671-8740,,4.9,85,YES,building glass replacement; window product line; window replacement/installation,False,high,"Whether you need a roof replacement, residential glass , new siding or window replacement, we’re ready and able to serve you.",site scrape,YES
American Security Screens Austin Yes,https://www.securityscreensaustin.com/,securityscreensaustin.com,+1 512-676-5819,,5,18,NO,no window installation or repair signal on site,False,high,,site scrape,NO
Wash and Glow Yes,https://washandglowcleaning.com/,washandglowcleaning.com,+1 512-688-7956,,5,80,NO,window cleaning,False,high,"me About Services Our Work Get a Quote Professional Care. Beautiful Results. High-quality window cleaning, pressure washing, and holiday lighting for the Greater Austin area—delivered with the",site scrape,NO
Select Lawnscapes LLC Yes,https://selectlawnscapes.com/,selectlawnscapes.com,+1 512-689-0170,,5,33,NO,landscaping and lawn services,False,high,"selectlawnscapes.com — 'professional landscaping services to residential and commercial properties throughout Liberty Hill, TX ... sod installations and custom hardscapes to drainage solutions and full outdoor transformations.'",web search (round 2),UNREACHABLE
CR Window Coverings Yes,https://crwindowcoverings.com/,crwindowcoverings.com,+1 512-698-8216,,5,9,NO,window treatments,False,high,Austin’s Trusted Window Covering Experts | C-R Window Coverings .,site scrape,NO
Goliath Auto Glass Yes,https://www.goliathautoglass.com/,goliathautoglass.com,+1 512-710-8746,,4.9,141,NO,vehicle glass,True,high,"Windshield Replacement & Repair in Austin, TX | Goliath Auto Glass .",site scrape,NO
I Gotta Guy 4 That Yes,http://www.igottaguy4that.com/,igottaguy4that.com,+1 512-715-4997,,5,18,YES,installs/replaces windows; insulated glass unit work; window replacement/installation,False,high,s the beauty and functionality of your outdoor spaces. EXPLORE MORE Other Services 3 to 5 Windows Installation 6+ Windows Installation Adding an Addition to your Home Alarm System Installation Applian,site scrape,YES
EZ Slide Austin Yes,https://sliderrepairaustin.com/,sliderrepairaustin.com,+1 512-721-8274,,4.8,11,YES,installs/replaces windows; insulated glass unit work; named window styles; replacement windows; window product line; window replacement/installation; windows & doors,False,high,ice Phone Your Zip * Service * Service Complete Renovation Energy Efficient Upgrades Full Window Replacement Non-Grid Window Upgrade Single Window Replacement Sliding Door Replacement Window * Windo,site scrape,YES
Legacy DCS Yes,http://www.legacydcs.com/,legacydcs.com,+1 512-726-0500,,4,21,NO,custom / luxury home builder (Legacy Design and Construction Services),False,medium,"'Legacy Design and Construction Services, LLC, founded in 2008 ... custom home building, luxury home building, real estate, construction, green building, design, community projects, housing developments, and energy efficient homes.' A homebuilder — no window installation or replacement offered as a ",web search (round 2),UNREACHABLE
Mercury Exteriors Yes,https://mercuryexteriors.com/,mercuryexteriors.com,+1 512-729-7663,,5,79,YES,window product line,False,high,Windows Upgrade to energy-efficient windows that not only beautify your home but also contribute to significant energy savings.,site scrape,LIKELY
AWE Build Yes,https://www.mywindowexpert.com/,mywindowexpert.com,+1 512-755-5582,,5,10,YES,installs/replaces windows; named window styles; replacement windows; window product line; window replacement/installation; windows & doors,False,high,"AWE Build | Austin TX Home Services AWE BUILD Austin, Texas (512) 755-5582 Home Services Window Replacement Door Replacement Siding Installation Patio Covers & Sunrooms Bathroom Remodels About Us Our Story Our Proc",site scrape,YES
Austin Window Screens Yes,http://www.austinwindowscreens.com/,austinwindowscreens.com,+1 512-757-9267,,5,129,NO,window cleaning; window tint/film; window treatments,False,high,OME / Residential Solar Screens Insect Screens Window Tint Window Blinds Attic Insulation Window Cleaning SOLAR SCREENS Install Solar Screens on Your Home to… Save up to 20-30% on your monthly,site scrape,NO
Bluebonnet Windows and Installation Yes,http://bluebonnetwindows.com/,bluebonnetwindows.com,+1 512-757-9733,,5,5,YES,window in name + review describes window work,False,medium,,name/review keywords,UNREACHABLE
Austin Remarkable Shine Yes,https://www.austinremarkableshinetx.com/,austinremarkableshinetx.com,+1 512-762-7392,,5,60,NO,window cleaning,False,high,Transform Your Home with Professional Pressure Washing in Austin .,site scrape,NO
Crystal Clear Window Washing Yes,http://mycrystalclearwindow.com/,mycrystalclearwindow.com,+1 512-769-5938,,5,61,NO,window cleaning,False,high,"Window Cleaning Company | Austin, TX - Crystal Clear Window Washing .",site scrape,NO
Austin Pronto Auto Glass Yes,https://windshieldreplacementsalado.com/,windshieldreplacementsalado.com,+1 512-774-0072,,4.9,27,NO,vehicle glass,True,high,"Rite a way Auto Glass Offers Auto Glass Repairs in Salado, TX 76571 .",site scrape,NO
EnLight.Energy Yes,http://www.enlight.energy/,enlight.energy,+1 512-774-4633,,5,2,YES,insulated glass unit work,False,high,"."" with ""With a free savings assessment, one of our experts can help you and your family figure out if solar is a good fit for your home Book Your Estimate We do more than just solar",site scrape,YES
Layne Home Improvement Specialists LLC Yes,https://www.laynepropertysolutions.com/,laynepropertysolutions.com,+1 512-775-1090,,0,0,NO,handyman and cleaning services,False,medium,'Layne Home Improvement Specialists LLC ... trading names Layne Home Improvement Specialists LLC and Layne Property Solutions ... provides handyman and cleaning solutions for residential and commercial property needs ... over 15 years of experience in commercial and house cleaning services.' No wind,web search (round 2),UNREACHABLE
Texas Elite Windows Yes,http://txelitewindows.com/,txelitewindows.com,+1 512-775-7226,,5,3,YES,named window styles; window product line; window replacement/installation,False,high,Services Gallery Contact Open Menu Close Menu About Services Gallery Contact Residential Window Replacement Our friendly experts will take a look at your current windows and help you find the perfe,site scrape,YES
BlindsOnTime Yes,https://www.blindsontime.com/About-us/,blindsontime.com,+1 512-777-1767,,0,0,NO,online window-covering retailer,False,high,"blindsontime.com — 'the fastest growing online retailer for window coverings based in Austin, Texas ... blinds, shutters, Roman shades, draperies, honeycomb/cellular shades, woven wood shades, and roller shades'. Coverings only.",web search (round 2),UNREACHABLE
Shine of Lakeway Yes,https://shine-windowcleaning.com/location/lakeway/?utm_source=GMB&utm_medium=organic&utm_campaign=Lakeway,shine-windowcleaning.com,+1 512-784-9680,,4.9,424,NO,window cleaning,False,high,"Shine Window Cleaning and Exteriors: Same Curb, More Appeal .",site scrape,NO
K&L Services Group - Austin Cleaning Services Yes,http://klservicegroup.com/,klservicegroup.com,+1 512-786-2296,,5,9,NO,window cleaning,False,high,"Learn more Painting & Trades Painting, pressure washing, and our vetted network of trade partners — one accountable point of contact.",site scrape,NO
Precise Acquisition Yes,https://www.preciseremodelingatx.com/,preciseremodelingatx.com,+1 512-788-7693,,5,11,YES,"Window and door installation — measures openings, evaluates structural conditions, installs replacements with weathertight seals",False,high,"preciseremodelingatx.com/window-and-door-installation-tx/ — 'professional window and door installation services with expert installers and quality materials ... measuring openings precisely, evaluating structural conditions, and installing replacements with weathertight seals that block drafts'; por",web search (round 2),UNREACHABLE
IN STYLE PAINTING SOLUTIONS Yes,http://www.instylepaintingaustin.com/,instylepaintingaustin.com,+1 512-800-4011,,5,23,NO,interior/exterior house and cabinet painting,False,high,"instylepaintingaustin.com — 'IN STYLE PAINTING SOLUTIONS-AUSTIN PAINTING CONTRACTOR – As Residential Exterior & Interior Painters ... specialized in exterior, interior and cabinet painting ... professional color consulting'. Painting only.",web search (round 2),UNREACHABLE
Rainwater Restoration & Waterproofing Yes,https://waterproofingaustin.com/,waterproofingaustin.com,+1 512-801-7276,,4.7,26,NO,window cleaning,False,high,Windblown Shingle Replacement Roof Inspection & Repair Chimney Repair Flashing Repair Power Washing Water Repellents Gutter Cleaning Contact Menu Home About What is Waterproofing ?,site scrape,NO
DC window tint Yes,http://jim.com/a/dcwindowtint.com,jim.com,+1 512-801-9662,,5,2,NO,no window installation or repair signal on site,False,high,,site scrape,NO
Rigdon Inc Yes,https://www.rigdoninc.com/,rigdoninc.com,+1 512-806-7100,,4.9,273,NO,window cleaning,False,high,"Window Cleaning, Gutter Cleaning Holiday and Christmas Light Installation and more | Rigdon Inc .",site scrape,NO
West Austin Window Cleaning Yes,https://westaustinwindowcleaning.com/,westaustinwindowcleaning.com,+1 512-808-0860,,5,106,NO,window cleaning/washing,False,medium,,name/review keywords,UNKNOWN
Capital Siding and Roofing Contractors Yes,https://capitalsidingroofing.com/,capitalsidingroofing.com,+1 512-810-0937,,4.8,32,NO,no window installation or repair signal on site,False,high,,site scrape,NO
Unison Way Yes,https://unisonway.com/,unisonway.com,+1 512-810-6256,,5,5,YES,insulated glass unit work,False,high,Aenean commodo ligula eget dolor.,site scrape,YES
Will's Remodeling Service Yes,https://willsremodelingservices.com/wp/,willsremodelingservices.com,+1 512-810-6474,,5,79,NO,full-service home remodeling contractor,False,medium,"'Will's Remodeling is a full-service remodeling contractor in Austin, TX, providing services including bathroom and kitchen remodeling, roofing, plumbing, electrical, and flooring ... painting, electrical, ceiling installation, drywall, plumbing, bathroom renovations, custom cabinets, and flooring.'",web search (round 2),UNKNOWN
Monarch Cleaning Solutions Yes,http://www.monarchsolutionstx.com/,monarchsolutionstx.com,+1 512-810-9840,,4.9,83,NO,window cleaning; window tint/film,False,high,"Monarch Cleaning Solutions | Window Cleaning & Exterior Cleaning in Austin, TX .",site scrape,NO
EZ Pro Services Yes,https://eztakesitdown.com/,eztakesitdown.com,+1 512-815-6950,,5,13,NO,no window installation or repair signal on site,False,high,,site scrape,NO
The Lock Lab USA Yes,http://thelocklabusa.com/,thelocklabusa.com,+1 512-817-1106,,5,169,YES,commercial storefront glazing,False,high,are. We’ll let you know if mobile service is available at your location. Homes Apartments Storefronts Offices Warehouses Fleet Vehicles Schools Churches Facilities Property Managers Drivers,site scrape,YES
American Glass and Waterproof Yes,https://agwatx.com/,agwatx.com,+1 512-817-7246,,5,2,YES,Residential and commercial window glass replacement; skylight installation and repair,False,high,"'American Glass And Waterproof ... is a full service commercial and residential glass company ... glass replacement, door service & hardware, mirror replacement, skylight installation & repair, and waterproofing'; Yelp category 'Windows Installation'; Google review: 'I recently had my upstairs windo",web search (round 2),UNKNOWN
Accurate Roofing Austin Yes,http://www.accurateroofingaustin.com/,accurateroofingaustin.com,+1 512-821-1910,,0,0,NO,no window installation or repair signal on site,False,high,,site scrape,NO
Independent Auto Glass Yes,https://independentautoglass.co/,independentautoglass.co,+1 512-839-7715,,4.8,261,NO,vehicle glass only,True,high,Independent Auto Glass | Get Your Glass Repaired Now .,site scrape,NO
Inside Out Construction And Design Yes,http://www.iorconstruction.com/,iorconstruction.com,+1 512-842-9961,,4.7,18,YES,window replacement/installation,False,high,"ouse Construction - Trim Work - Vinyl Flooring Installation - Water Heater Installation - Window Installation - Window Replacement - Wood Floor Installation - Wood Siding Areas Austin, Barton Creek,",site scrape,YES
Clean’Em Windows Yes,https://cleanemwindows.com/,cleanemwindows.com,+1 512-848-3681,,5,10,NO,"window cleaning, gutter cleaning and pressure washing",False,high,"cleanemwindows.com — 'services include window cleaning, gutter cleaning, pressure washing, floor to ceiling windows, rain gutters, and post construction cleaning'; Yelp category 'Window Washing'. Cleaning only.",web search (round 2),UNREACHABLE
Roosa Fence & Deck Yes,https://roosafenceanddeck.com/,roosafenceanddeck.com,+1 512-866-0752,,4.9,84,NO,"unrelated trade, no window signal",False,medium,,name/review keywords,UNKNOWN
Fresh Coat Painters of Southwest Austin Yes,https://freshcoatpainters.com/locations/sw-austin/?utm_campaign=gmb/,freshcoatpainters.com,+1 512-866-8361,,5,140,NO,window cleaning,False,high,"vices Residential Epoxy Concrete Floor Wallpaper Removal Services Garage Painting Service Power Washing Services Vinyl, Wood, and Aluminum Siding Painting Faux Painting Wood Paneling Popcorn",site scrape,NO
Spindler Construction Yes,http://www.spindler-construction.com/,spindler-construction.com,+1 512-872-6869,,4.8,19,NO,no window installation or repair signal on site,False,high,,site scrape,NO
Sun & Sound Windows - Austin Yes,https://sunandsoundwindows.com/,sunandsoundwindows.com,+1 512-879-6055,,3.4,13,YES,installs/replaces windows; pane glazing work; replacement windows,False,high,"Most importantly, they are not replacement windows.",site scrape,YES
Giant Window Cleaning Yes,https://giantwindowcleaning.com/,giantwindowcleaning.com,+1 512-880-1838,,4.9,47,NO,window cleaning,False,high,Local Austin Window Cleaning | Giant Window Cleaning .,site scrape,NO
Youngs HVAC Pros Yes,http://www.keepatxcool.com/,keepatxcool.com,+1 512-881-2527,,4.9,361,NO,no window installation or repair signal on site,False,high,,site scrape,NO
Austin Painting & Drywall LLC Yes,https://www.atxgc.com/?utm_campaign=gmb,atxgc.com,+1 512-881-7203,,5,63,YES,commercial storefront glazing; installs/replaces windows; named window styles; pane glazing work; replacement windows; window product line; window replacement/installation; windows & doors,False,high,Painting Exterior Painting Drywall Installation Wallpaper Removal Insurance Home Repairs Window Installation Bathroom Remodeling Tile Installation Kitchen Remodeling Water Mitigation Services Commer,site scrape,YES
JC Painting & Drywall Specialists Yes,https://jcpaintingusa.com/,jcpaintingusa.com,+1 512-883-2999,,5,126,NO,no window installation or repair signal on site,False,high,,site scrape,NO
Nine Construction Remodeling Yes,http://nineconstructionaustin.com/,nineconstructionaustin.com,+1 512-884-1881,,5,16,NO,no window installation or repair signal on site,False,high,,site scrape,NO
The Handy Hippie Yes,https://www.thehandyhippie.com/,thehandyhippie.com,+1 512-888-2173,,4.9,52,YES,window replacement/installation,False,high,"Explore pressure washing → Doors & Windows Door and window repairs, replacement, trim, hardware, and weatherproofing.",site scrape,YES
Dripping Springs Blinds and Drapery Yes,http://dsblindsanddrapery.com/,dsblindsanddrapery.com,+1 512-894-2181,,5,3,NO,no window installation or repair signal on site,False,high,,site scrape,NO
Draped Yes,http://www.drapedaustin.com/,drapedaustin.com,+1 512-900-2588,,5,4943,NO,window treatments,False,high,"Award-winning drapery designs for the area of Austin, Texas, surrounding Hill Country, and Highland Lake areas.",site scrape,NO
Texas Direct Shutters Yes,http://www.txdirectshutters.com/,txdirectshutters.com,+1 512-900-7620,,5,2,NO,window treatments,False,high,"Texas Direct Shutters - Austin's Premier Window Fashions - Shutters, Shades and Blinds - 512-900-7620 .",site scrape,NO
Hill Country Handyman Yes,https://hillcountryhandyman.com/,hillcountryhandyman.com,+1 512-909-1096,,5,11,NO,window cleaning; window treatments,False,high,"g fixtures, and bring in licensed, vetted subcontractors for larger projects when needed. Pressure Washing Hill Country Handyman specializes in house washing to keep the exterior of your home c",site scrape,NO
Lake Travis Overhead Doors Yes,https://laketravisgaragedoors.com/,laketravisgaragedoors.com,+1 512-910-3667,,5,336,NO,no window installation or repair signal on site,False,high,,site scrape,NO
Fresher Screens Yes,https://fresherscreens.com/,fresherscreens.com,+1 512-910-4374,,5,4,YES,installs/replaces windows; window replacement/installation,False,high,Window Screen Repair & Window Cleaning | Austin TX | Fresher Screens .,site scrape,YES
Kstylez Roofing & Construction Yes,https://kstylezrc.com/,kstylezrc.com,+1 512-910-8009,,4.8,85,NO,no window installation or repair signal on site,False,high,,site scrape,NO
TX Handyman Here Yes,https://txhandymanhere.com/,txhandymanhere.com,+1 512-920-0487,,5,28,NO,no window installation or repair signal on site,False,high,,site scrape,NO
By Loredo Construction LLC Yes,https://www.loredoconstruction.com/,loredoconstruction.com,+1 512-923-9218,,0,0,YES,window replacement/installation,False,high,"estimates at 512 923-9218 512 799-3717 We are specializing In Framing, Siding, Doors and Windows installation New Pier and beam and Concrete foundation, reconstruction repairs.",site scrape,YES
Local Contracting LLC Yes,https://texaslocalcontracting.com/,texaslocalcontracting.com,+1 512-924-7179,,4.9,35,YES,named window styles; window replacement/installation; windows & doors,False,high,"Phone Number Email Project Type Kitchen Interior Remodeling Bathroom Additions Full Home Window Replacement Other Price Range $20,000 - $50,000 $50,000 - $70, 000 $70,000 - $100,000 $100,000 - $200",site scrape,YES
Sparkling Clean Window Company Yes,http://www.sparklingcleanwindow.com/,sparklingcleanwindow.com,+1 512-926-7000,,4.9,8,NO,window cleaning,False,high,Sparkling Clean Window Company is the leading provider of window cleaning and exterior building maintenance and restoration services.,site scrape,NO
Beacon Blinds Yes,https://beaconblinds.com/,beaconblinds.com,+1 512-930-1188,,5,79,NO,window treatments,False,high,"Beacon Blinds | Custom Window Treatments Austin TX — Blinds, Shades & Shutters .",site scrape,NO
Austin’s Best Window Installer’s Yes,http://austinbestcontract.wix.com/windows,austinbestcontract.wix.com,+1 512-934-3979,,4.4,9,YES,Installs windows and patio/sliding doors (Pella products) per customer review; no site content indexed,False,low,"No page content from austinbestcontract.wix.com/windows is indexed (two searches returned only Austin window-installer directories). Evidence is the Google review: 'Rodrick and his partner did a great job installing our new Pella sliding door. When I called about a problem with the screen door, he r",web search (round 2),UNREACHABLE
Safe Space Construction Yes,https://safespaceconstruction.com/,safespaceconstruction.com,+1 512-937-7899,,5,19,NO,no window installation or repair signal on site,False,high,,site scrape,NO
DiamondPoint Contractors Yes,https://www.diamondpointcontractors.com/,diamondpointcontractors.com,+1 512-945-8877,,4.9,517,YES,window replacement/installation,False,high,"Replace frames, window repair , window glass replacement and everything needed!",site scrape,YES
Pressure & Panes Yes,http://pressureandpanes.com/,pressureandpanes.com,+1 512-956-9767,,5,14,NO,window cleaning,False,high,", improve your property value, and enhance your quality of life indoors. Whether you need pressure washing, window cleaning, gutter cleaning or complete interior & exterior maintenance, we’re c",site scrape,NO
Orbit Roofing Yes,https://www.orbitroofs.com/,orbitroofs.com,+1 512-957-0155,,5,13,YES,window product line; window replacement/installation,False,high,hingle Roof Replacement Storm Damage Metal Roofing Chimney Repair & Restoration Skylights Window Replacement Siding Replacement How Can We Help?,site scrape,YES
Custom Glass Design LLC Yes,http://www.mycustomglassdesign.com/,mycustomglassdesign.com,+1 512-960-5260,,5,24,YES,window replacement/installation,False,high,hen back-splashes Mirrored walls Mirrors (beveled or regular) Glass for decorative pieces Window glass repair &/ replacement (single & double-insulated pane) Door glass replacement Sliding glass door,site scrape,YES
Atlas Gutters Austin | Seamless Rain Gutters Yes,https://austingutters.net/,austingutters.net,+1 512-961-3383,,4,4,NO,no window installation or repair signal on site,False,high,,site scrape,NO
Cooper Constructs Yes,https://www.cooperconstructs.com/,cooperconstructs.com,+1 512-965-0960,,5,2,YES,Energy-efficient windows listed among the residential scopes they deliver,False,low,cooperconstructs.com/services/ — 'they offer energy-efficient windows that bring in natural light and warmth'; 'connects builders with their network of vetted contractors across key residential scopes ... from roofing and drywall to kitchen and bath remodels'. Caveat: the model is partly B2B contrac,web search (round 2),UNREACHABLE
Aeromass Glass Yes,https://www.aeromassglass.com/,aeromassglass.com,+1 512-968-4047,,5,12,YES,commercial storefront glazing; installs/replaces windows; pane glazing work,False,high,"ve. We also repair broken or fogged insulated windows of all kinds. We can also repair or replace window parts and accessories such as balancers, locks, window molding, or any other problem you",site scrape,YES
Next Level Services Yes,https://www.nextlevelservicesatx.com/,nextlevelservicesatx.com,+1 512-975-1616,,5,16,YES,window replacement/installation,False,high,Baseboard/trim/window sill replacement and repair.,site scrape,YES
Austin Mounting Pro - Precision Drapery and Fine Art Installation. Yes,https://austinmountingpro.com/,austinmountingpro.com,+1 512-975-3216,,5,19,NO,window treatments,False,high,Professional Mounting Experts & Drapery Installation Austin .,site scrape,NO
Hillco Metal Roofing & Construction LLC Yes,https://www.hillcountryroofs.com/,hillcountryroofs.com,+1 512-982-6441,,5,25,YES,commercial storefront glazing,False,high,"he buildings here because we have worked on them for decades. Whether you manage a single storefront or a large industrial facility, our commercial roof installation and repair work is built",site scrape,YES
Flyside Service Yes,https://flysideservice.com/,flysideservice.com,+1 512-987-4157,,5,46,NO,no window installation or repair signal on site,False,high,,site scrape,NO
Austin Custom Homes LLC Yes,http://www.atxgc.com/,atxgc.com,+1 512-993-0948,,5,0,YES,commercial storefront glazing; installs/replaces windows; named window styles; pane glazing work; replacement windows; window product line; window replacement/installation; windows & doors,False,high,Painting Exterior Painting Drywall Installation Wallpaper Removal Insurance Home Repairs Window Installation Bathroom Remodeling Tile Installation Kitchen Remodeling Water Mitigation Services Commer,site scrape,YES
Loyal Home Concierge Yes,https://www.loyalhomeconcierge.com/,loyalhomeconcierge.com,+1 512-994-0072,,5,42,YES,Window pane replacement performed as part of home maintenance work,False,low,"loyalhomeconcierge.com/services/ — 'work included light fixture replacement, paint patching, window pane replacement, and power washing'; 'full service home management and maintenance provider ... preventative maintenance, vendor management'. Window glass work is incidental to a maintenance/coordina",web search (round 2),UNKNOWN
ATX Window Shades Yes,https://atxwindowshades.com/,atxwindowshades.com,+1 512-998-1961,,5,0,NO,window tint/film; window treatments,False,high,". We specialize in all types of Window shades, outdoor patio shades, solar and decorative window films, smart home automation, custom drapery and interior decorating that fits your style and",site scrape,NO
Austin’s BEST Windows and Siding Co Yes,https://austinsbestwindowsandsiding.com/,austinsbestwindowsandsiding.com,+1 512-999-8569,,5,5,YES,installs/replaces windows; replacement windows; window product line; window replacement/installation,False,high,Learn more Windows Investing in replacement windows can drastically improve the appearance and efficiency of your home.,site scrape,YES
Frank of all Trades LLC Yes,https://frankofalltrades.com/,frankofalltrades.com,+1 513-404-7082,,5,2,NO,no window installation or repair signal on site,False,high,,site scrape,NO
Clear Choice Exteriors Yes,https://replacement-windows-desmoines.com/?utm_source=localiq&utm_medium=listings,replacement-windows-desmoines.com,+1 515-277-6256,,0,0,YES,commercial storefront glazing; installs/replaces windows; insulated glass unit work; named window styles; replacement windows; window product line; window replacement/installation,False,high,ies In IA - Clear Choice Exteriors & Bath Makeover Skip to content About Us Blog Services Window Repair & Replacement Door Repair & Replacement Bath Makeover Residential and Commercial Roofing,site scrape,YES
Limelight Windows LLC Yes,http://limelightwindowstx.com/,limelightwindowstx.com,+1 520-301-9089,,5,26,NO,window cleaning,False,high,Window Cleaning Services in North Dallas | Limelight Windows LLC .,site scrape,NO
Jay's Shower Doors and more Yes,http://jaysshowerdoorsandmore.com/?utm_source=gmb&utm_medium=referral,jaysshowerdoorsandmore.com,+1 561-572-7599,,5,213,NO,no window installation or repair signal on site,False,high,,site scrape,NO
Hannigan & Co. Exterior Cleaning Yes,https://www.hannigancompany.com/,hannigancompany.com,+1 586-360-7249,,5,11,NO,window cleaning,False,high,"Hannigan & Co. . Discover unparalleled window cleaning, pressure washing, soft washing, and roof washing services in Detroit Michigan and the",site scrape,NO
Portal Pros - Phoenix Dog Door Installation Yes,https://portalprosphoenix.com/,portalprosphoenix.com,+1 602-345-0669,,5,9,YES,commercial storefront glazing; installs/replaces windows; insulated glass unit work; named window styles; pane glazing work; window replacement/installation,False,high,nstall Patio Install Screen Install Kennel Install French Door Install Storm Door Install Window Install Custom Installs Guarantee Shop For Glass For Doors For Walls For Patios For Kennels For S,site scrape,YES
Remodel Experts Yes,https://remodelexpertsaz.com/,remodelexpertsaz.com,+1 602-418-8260,,4.9,47,YES,installs/replaces windows; replacement windows; window product line; window replacement/installation; windows & doors,False,high,"Scroll To Top Window Remodeling and Installation Services in Phoenix, AZ .",site scrape,YES
Vision Windows & Doors Yes,http://windowanddoorco.com/,windowanddoorco.com,+1 602-430-7614,,5,96,YES,window product line; window replacement/installation; windows & doors,False,high,"sion Windows & Doors Request A Quote Free, In-Home Consultation No pressure sales Premium Window Installation Decades of experience Premium Door Installation Many Styles to Choose From Window & Door",site scrape,YES
L.J. Neal & Sons Yes,https://bestwindowreplacement.com/,bestwindowreplacement.com,+1 602-661-6852,,4.8,22,YES,installs/replaces windows; insulated glass unit work; named window styles; pane glazing work; replacement windows; window product line; window replacement/installation,False,high,Window Replacement Arizona | L.,site scrape,YES
Desert View Arizona Yes,https://desertviewaz.com/,desertviewaz.com,+1 602-687-3939,,5,7,NO,no window installation or repair signal on site,False,high,,site scrape,NO
Windows Direct Yes,http://www.windowsdirectarizona.com/,windowsdirectarizona.com,+1 602-698-5580,,5,4,YES,insulated glass unit work; window replacement/installation; windows & doors,False,high,"Andersen Cerified Contractor | Custom Windows & Doors, Phoenix, AZ . Windows Direct is a Window and door Replacement Company, Multi-slide Door Company, Entry Door Company, Modifications of Window and Door O",site scrape,YES
Arizona Breeze Retractable Screen Doors Yes,https://www.retractablescreensarizona.com/,retractablescreensarizona.com,+1 602-837-5792,,4.9,150,NO,no window installation or repair signal on site,False,high,,site scrape,NO
Final Touch Property Services Yes,https://finaltouch-ps.com/,finaltouch-ps.com,+1 603-809-2847,,5,8,NO,window cleaning/washing,False,medium,,name/review keywords,UNREACHABLE
Window Wizard ATX Yes,https://windowwizardatx.com/,windowwizardatx.com,+1 608-547-6426,,5,6,NO,window cleaning,False,high,"Window Wizard — Window Cleaning in Austin, TX .",site scrape,NO
Fenstermann Austin Yes,https://fenstermann.com/,fenstermann.com,+1 619-665-9446,,0,0,NO,window treatments,False,high,Fenstermann Blinds & Shades – Style Meets Function .,site scrape,NO
THE WINDOW RANGERS LLC Yes,http://thewindowrangers.com/,thewindowrangers.com,+1 623-414-2899,,5,2,UNRESOLVED,unknown — no indexed content for this domain,False,low,Three searches found no content from thewindowrangers.com and nothing tied to 623-414-2899. Two similarly named but differently domained firms exist — windowrangers.com ('window cleaning ... power was,web search - no usable evidence,UNREACHABLE
Elevate Pressure Washing & Window Cleaning LLC. Yes,https://elevatehomeservicesil.com/,elevatehomeservicesil.com,+1 630-465-6236,,5,12,NO,window cleaning,False,high,"Rockford pressure washing and window cleaning services for homeowners across Rockford, Illinois.",site scrape,NO
The Glass Guy Glass Repair Yes,https://www.theglassguytx.com/,theglassguytx.com,+1 682-216-5638,,5,180,YES,insulated glass unit work; pane glazing work; window product line; window replacement/installation; windows & doors,False,high,"frameless shower glass for every style Partner with a company dedicated to excellence in window and door installations, ensuring each project is handled with precision and care.",site scrape,YES
The Glass Guy Tx Yes,https://www.theglassguytx.com/,theglassguytx.com,+1 682-216-5638,,0,0,YES,insulated glass unit work; pane glazing work; window product line; window replacement/installation; windows & doors,False,high,"frameless shower glass for every style Partner with a company dedicated to excellence in window and door installations, ensuring each project is handled with precision and care.",site scrape,YES
Adan Only Glass Services Yes,https://www.onlyglassservices.com/,onlyglassservices.com,+1 682-241-3379,,0,0,UNRESOLVED,"unknown — glass business, scope not established",False,low,Three searches returned no indexed content from onlyglassservices.com and nothing tied to 682-241-3379; results were entirely other Fort Worth / Texas glass companies. No Google review text in the rec,web search - no usable evidence,UNREACHABLE
Eric's Home Renovations Yes,http://ericshomerenovation.com/,ericshomerenovation.com,+1 682-318-4710,,4.9,96,YES,commercial storefront glazing; insulated glass unit work; window replacement/installation,False,high,"eplacements that improve comfort, security, and appearance. Entry, patio & interior doors Window replacement & upgrades Precision installation Home Additions Seamless expansions designed to integrat",site scrape,YES
Heavens Door And Window Yes,https://heavensdoor-window.com/,heavensdoor-window.com,+1 682-503-1144,,5,20,YES,installs/replaces windows; named window styles; replacement windows; window replacement/installation; windows & doors,False,high,"results you can trust. Proudly Serving DFW and Surrounding Communities We provide expert window replacement and installation services across the DFW metroplex, including: Addison, Arlington, Irving, Bedford, Euless",site scrape,YES
Montgomery Glass LLC Yes,http://montgomeryglassllc.com/,montgomeryglassllc.com,+1 682-715-2323,,5,17,YES,commercial storefront glazing; window replacement/installation,False,high,"Window Glass Installation or Replacement ""Would definitely hire again.",site scrape,YES
The Window Guys of Texas Yes,https://windowguystx.com/,windowguystx.com,+1 682-842-8489,,5,19,YES,window product line; window replacement/installation,False,high,Window Replacement & Repair | Energy Efficient Windows | Call (888) 685-6268 .,site scrape,YES
DoorTheory Yes,https://www.doortheory.com/,doortheory.com,+1 714-388-7054,,0,0,NO,no window installation or repair signal on site,False,high,,site scrape,NO
Uncle Eddie's Contracting Yes,http://uncle-eddie.com/,uncle-eddie.com,+1 720-919-0984,,5,13,NO,window cleaning,False,high,"afe and usable. Deck repair services Deck staining Porch repair Railing and stair repairs Pressure Washing & Exterior Cleaning Clean, consistent exterior maintenance helps preserve materials an",site scrape,NO
Revival Restoration ATX of Steiner Ranch Yes,https://revivalrestorationatx.com/,revivalrestorationatx.com,+1 737-204-1475,,5,6,NO,window cleaning,False,high,Austin relies on Revival Restoration ATX for professional pressure washing services.,site scrape,NO
House Beautiful Home Services Yes,https://housebeautifulhomeservices.com/,housebeautifulhomeservices.com,+1 737-214-9755,,5,99,NO,window cleaning,False,high,"House Beautiful Home Services: Pressure Washing & Christmas Light Installation - Austin, TX .",site scrape,NO
ATX Window Cleaning Yes,https://www.austintxwindowcleaners.com/,austintxwindowcleaners.com,+1 737-217-0720,,5,11,NO,window cleaning,False,high,Home | ATX Window Cleaning .,site scrape,NO
The Black Sheep Window Care Yes,https://theblacksheepwindowcare.jobbersites.com/,theblacksheepwindowcare.jobbersites.com,+1 737-256-0072,,5,3,NO,window cleaning/washing,False,medium,,name/review keywords,UNREACHABLE
Picasso Design and Remodeling Yes,https://picassodesignremodel.com/,picassodesignremodel.com,+1 737-256-8038,,5,70,YES,windows & doors,False,high,⦁ Window and door upgrades for design + energy efficiency.,site scrape,YES
Sharp Window Care Yes,https://sharpwindowcare.com/,sharpwindowcare.com,+1 737-277-5060,,5,56,NO,residential and commercial window cleaning,False,high,"sharpwindowcare.com — 'a trusted local window cleaning company known for professional service, streak-free results ... high-quality residential and commercial window cleaning ... from luxury homes to storefronts and offices.' Cleaning only.",web search (round 2),UNKNOWN
Hill Country Window Coverings Yes,https://www.hillcountrywindowcoverings.com/,hillcountrywindowcoverings.com,+1 737-280-5115,,0,0,NO,"window treatments and wallpaper (draperies, shades, blinds, shutters)",False,high,hillcountrywindowcoverings.com — 'in-home window treatment and wallpaper consultation and custom installation ... custom draperies and shades to blinds and shutters ... nearly 30 years in the window covering industry'. Coverings only.,web search (round 2),UNREACHABLE
ATX Home Beautification Yes,https://atxhomebeautification.com/,atxhomebeautification.com,+1 737-331-1843,,5,20,NO,window cleaning; window tint/film,False,high,Window Cleaning & Power Washing Austin | ATX Home Beautification .,site scrape,NO
Urban Glaze Construction Yes,https://urbanglazeconstruction.com/,urbanglazeconstruction.com,+1 737-333-1058,,5,8,YES,commercial storefront glazing; installs/replaces windows; insulated glass unit work; replacement windows; window product line; window replacement/installation; windows & doors,False,high,Premium window and door installation in Austin and Central Texas.,site scrape,YES
Energywise windows Yes,http://energywisewindows.com/,energywisewindows.com,+1 737-333-9082,,4.8,23,YES,Replacement window and door installation — energy-efficient windows built for the Texas climate,False,high,"energywisewindows.com — 'a local, home-grown Austin Window and Door replacement company ... established in 2003 ... specialize in Window and Door installations'; site pages /austin-window-replacement-gallery/, /double-hung-aluminum-windows.html.",web search (round 2),UNKNOWN
Sigala Company Yes,https://sigalacompany.com/,sigalacompany.com,+1 737-347-2665,,5,5,NO,no window installation or repair signal on site,False,high,,site scrape,NO
Austin Eco Windows Yes,https://eco-windowsaustin.com/,eco-windowsaustin.com,+1 737-355-5640,,0,0,YES,installs/replaces windows; pane glazing work; replacement windows; window product line; window replacement/installation,False,high,Energy-Efficient Windows Austin | Austin Eco Windows Home About Services Energy-Efficient Window Replacement Double & Triple Pane Window Installation Low-E & Insulated Window Solutions Window Instal,site scrape,YES
Dooreum Yes,https://dooreum.com/,dooreum.com,+1 737-363-6226,,0,0,YES,"Window and door installation, including associated hardware",False,high,"dooreum.com ('Doorium | Doors | Windows') — 'an ambitious local company based in Austin, Texas, dedicated to providing top-quality installation services for doors, windows, and everything that goes with them ... whether you're upgrading your home or working on a new project.'",web search (round 2),UNREACHABLE
Tee Time Exteriors Yes,https://teetimeexteriors.com/,teetimeexteriors.com,+1 737-367-7321,,5,35,YES,installs/replaces windows; replacement windows,False,high,"We offer 5-star seamless gutters, siding, replacement windows, doors, roofing, and attic insulation.",site scrape,YES
House Doctors of Austin Yes,https://housedoctors.com/austin/,housedoctors.com,+1 737-371-8827,,4.9,92,YES,"Window repair and replacement, from minor repairs to full replacements",False,high,"housedoctors.com/services/window-repair-replacement/ — 'expert technicians offer professional window repair and replacement services ... can handle everything from minor repairs to full replacements'; housedoctors.com/austin-tx/ — 'trusted local team for maintenance, repairs, and remodels serving Au",web search (round 2),UNREACHABLE
Replace RV Windows Yes,https://www.replacervwindows.com/,replacervwindows.com,+1 737-379-1460,,5,3,YES,insulated glass unit work; pane glazing work; window replacement/installation,True,high,"Replace RV Windows - Rv Repair Shop, Glass Repair Service, Rv Side Window Repair, Austin, TX .",site scrape,YES
Groovy Hues Painting of Cedar Park Yes,https://www.groovyhues.com/cedar-park-tx,groovyhues.com,+1 737-387-5908,,4.9,35,NO,window cleaning; window treatments,False,high,"Groovy Hues Painting | Professional Painting, Staining & Power Washing Services .",site scrape,NO
Armadillo Handyman Solutions LLC Yes,https://www.armadillohandymansolutions.com/,armadillohandymansolutions.com,+1 737-403-4552,,5,8,NO,window treatments,False,high,sembly starting at $195 Small Jobs starting at $175 Recent Work Previous 01 Curtain rod & drapery install 02 Furniture assembly 03 Ceiling fan install 04 Gazebo & outdoor assembly Next 01,site scrape,NO
Pristine Yes,https://www.wepristine.com/,wepristine.com,+1 737-444-9339,,5,12,NO,no window installation or repair signal on site,False,high,,site scrape,NO
Haag Roofing Diversified - Austin Yes,https://haagtexasroofing.com/,haagtexasroofing.com,+1 737-587-5980,,5,26,NO,no window installation or repair signal on site,False,high,,site scrape,NO
IQ Smart Handyman Yes,https://iqsmarthandyman.com/,iqsmarthandyman.com,+1 737-704-7478,,5,33,YES,window replacement/installation,False,high,"e in interior painting, appliance repair, kitchen cabinet remodeling, drywall repair, and window tint installation — enhancing the value and comfort of your home.",site scrape,YES
Marine Windows Solutions Yes,http://marinewindowssolutions.com/,marinewindowssolutions.com,+1 754-325-1470,,5,21,YES,installs/replaces windows; insulated glass unit work; replacement windows; window product line; window replacement/installation,True,high,Yacht & Boat Window Repair Fort Lauderdale | Marine Windows .,site scrape,YES
Powerwash N Windows Yes,http://powerwashnwindows.com/,powerwashnwindows.com,+1 754-333-0044,,5,8,NO,window cleaning,False,high,"Soft washing, power washing, window cleaning, roof cleaning & more.",site scrape,NO
Pro Window Replacement Yes,https://statewidewindowhomeimprovco.com/,statewidewindowhomeimprovco.com,+1 754-342-7631,,5,2,YES,installs/replaces windows; named window styles; window product line; window replacement/installation,False,high,Pro Window Replacement - Expert Window Installation & Replacement .,site scrape,YES
Window Installation Fort Lauderdale Yes,https://smart-impact-window-installation.com/,smart-impact-window-installation.com,+1 754-551-5551,,5,5,YES,commercial storefront glazing; installs/replaces windows; window product line; window replacement/installation,False,high,Impact Window Installation Fort Lauderdale | Smart Impact Window Installation .,site scrape,YES
windows stock market Yes,https://windowsstockmarket.com/,windowsstockmarket.com,+1 754-707-3281,,5,5,YES,installs/replaces windows; insulated glass unit work; named window styles; pane glazing work; window product line; window replacement/installation; windows & doors,False,high,mpany About Us FAQ Contact Us Tips & Guides Guides How to Measure Windows Types of Impact Windows Why Replace Windows In-Stock vs Custom Impact Window Costs 2026 Insurance Discount Guide PGT vs ESW v,site scrape,YES
Your Window Solutions Yes,https://yourwindowsolution.webflow.io/,yourwindowsolution.webflow.io,+1 754-715-6017,,5,6,YES,named window styles; window product line; window replacement/installation; windows & doors,False,high,"I highly recommend to use this company for windows and door installation Yusleidy Serrano Mar 1, 2024 We just had all our windows and doors replaced by Prestige.",site scrape,YES
Rockford Windows & Doors Yes,https://rockfordwindowsanddoors.com/,rockfordwindowsanddoors.com,+1 779-249-7282,,5,3,YES,commercial storefront glazing; installs/replaces windows; named window styles; pane glazing work; replacement windows; window product line; window replacement/installation; windows & doors,True,high,Window Replacement Rockford IL & Door Installation Services | Trusted Window Installers in Rockford IL | Roc,site scrape,YES
Three Strong Restoration Yes,https://threestrongrestoration.com/,threestrongrestoration.com,+1 779-970-1989,,5,8,YES,installs/replaces windows; pane glazing work; window product line; window replacement/installation,False,high,"Decks, doors, and window installation in Rockford and surrounding areas.",site scrape,YES
Evolution Doors Yes,https://evolution-doors.com/,evolution-doors.com,+1 786-374-3444,,5,34,YES,window replacement/installation,False,high,Founder-led sliding glass door & window repair from Broward to the Treasure Coast.,site scrape,YES
Smart Glass Technologies - Austin Yes,https://www.smartglasstech.us/city/austin-smart-glass-landing/,smartglasstech.us,+1 786-460-6762,,4.5,14,YES,"Installs switchable privacy laminated glass and insulated glass units, and applies PDLC smart film to existing windows, doors and glass partitions",False,low,"smartglasstech.us — 'over 15 certified installation teams spread across the USA and Canada ... dedicated installation teams situated in ... Austin'; 'switchable privacy laminated glass and insulated glass units that are easy to install like regular glass, perfect if you don't have the glass installe",web search (round 2),UNKNOWN
U.S. Window Specialists LLC Yes,https://uswindowspecialists.com/,uswindowspecialists.com,+1 800-223-8099,,0,0,YES,commercial storefront glazing; insulated glass unit work; window replacement/installation,False,high,"Titan Glazing | Commercial & Residential Windows . Quality window installation and repair services for both commercial and residential properties, enhancing your spaces with excep",site scrape,YES
Midwest Wholesale Glass & Shower Doors Yes,http://www.midwestwholesaleglass.com/,midwestwholesaleglass.com,+1 800-593-9812,,4.9,7,YES,commercial storefront glazing; installs/replaces windows; insulated glass unit work; named window styles; pane glazing work; replacement windows; window product line; window replacement/installation; windows & doors,False,high,"tional Glass Services Order / Quote Forms Contact Credit App Blog Reviews FAQ Replacement Windows and Doors Replacement Windows, Doors & INSULATED GLASS UNITS Wholesale Glass & Services | Veteran and Woman Own",site scrape,YES
Mccubbin industries Yes,https://www.mccubbin-industries.com/,mccubbin-industries.com,+1 801-623-0863,,5,24,NO,"landscaping, lawn care and pressure washing",False,medium,"Chamber of commerce listing: 'McCubbin Industries | Lawn Services | Landscapes | Maintenance, Cleaning, Repair and Renovation' — 'provides landscape maintenance and design and pressure washing services'. Google reviews describe landscaping and wall crack repair. No window work found.",web search (round 2),UNKNOWN
Superior Roof Repair of Rockford Yes,https://www.superiorroofingil.com/,superiorroofingil.com,+1 815-313-4220,,4.9,46,YES,named window styles; window product line; window replacement/installation,False,high,Enhance your property with expert window installation services from Superior Roofing Inc.,site scrape,YES
Homeland Exteriors Yes,http://homelandexteriors.com/,homelandexteriors.com,+1 815-601-5522,,5,5,YES,insulated glass unit work; window product line; window replacement/installation; windows & doors,False,high,"shed, long-lasting finish for your home or business. read more > Windows We specialize in window and door installation, offering expert fitting and high-quality products to enhance security, energy efficiency",site scrape,YES
Drummond Window Cleaning Yes,http://www.rockfordwindowcleaningcompany.com/,rockfordwindowcleaningcompany.com,+1 815-654-7661,,4.9,34,NO,window cleaning,False,high,Rockford Area Window Cleaning .,site scrape,NO
Area Construction & Renovation Yes,http://areaconstructionrockford.com/,areaconstructionrockford.com,+1 815-980-1710,,5,19,YES,installs/replaces windows; window product line; window replacement/installation,False,high,Home window installation & replacements.,site scrape,YES
Oceanview Window Cleaning Yes,http://oceanviewtx.com/,oceanviewtx.com,+1 817-205-6916,,5,10,NO,window cleaning,False,high,Oceanview Window Cleaning .,site scrape,NO
Hello Shades LLC Yes,https://www.hello-shades.com/,hello-shades.com,+1 817-945-4303,,5,16,NO,window treatments,False,high,Outdoor Roller Shades | Indoor Window & Patio Shades| Motorized Blinds – Hello Shades .,site scrape,NO
Precision Exterior & Services Yes,https://www.precisionexteriorservice.com/,precisionexteriorservice.com,+1 817-964-1364,,5,6,NO,"Exterior cleaning - window cleaning, pressure washing, gutter cleaning",False,high,"precisionexteriorservice.com/about: ""expert window cleaning inside and out, including panes, screens, frames, tracks, and seals"" plus pressure washing, gutter cleaning, soft washing, solar panel cleaning. No install/replacement offered.",web research (earlier pass),UNREACHABLE
It's So Clean Yes,https://itssoclean.net/,itssoclean.net,+1 830-613-7712,,4.9,47,NO,window cleaning; window treatments,False,high,"Home | It's So Clean | Pressure Washing & Window Cleaning In Bee Cave, Horseshoe Bay & Lakeway, TX .",site scrape,NO
Drapery Haven Yes,https://www.draperyhaven.com/,draperyhaven.com,+1 832-266-1214,,4.7,15,NO,window treatments,False,high,Drapery Haven .,site scrape,NO
C-TEX Glass And Door LLC Yes,http://ctexglassanddoor.com/,ctexglassanddoor.com,+1 832-579-7053,,0,0,YES,building glass replacement; commercial storefront glazing; installs/replaces windows; window replacement/installation,True,high,"glass service in Texas. Call today for a free estimate. For your home we offer insulated window replacement, replacement of broken glass in windows, customized bath enclosures, shower doors, furnit",site scrape,YES
Majestic Shield Roofing Yes,https://majesticshieldroofing.net/,majesticshieldroofing.net,+1 832-764-4090,,4.9,35,NO,roofing and storm restoration contractor,False,low,"BBB: 'Majestic Shield Roofing & Storm Restoration ... 2631 Gattis School Rd Ste 410, Round Rock, TX', categorised under roofing contractors; incorporated 05/2024, president Jorge Aguilar (matches the 'Jorge and his team' Google review). majesticshieldroofing.net itself returned no indexed descriptio",web search (round 2),UNKNOWN
Window Universe Austin Yes,https://windowuniverseaustin.com/,windowuniverseaustin.com,+1 844-983-9773,,0,0,YES,installs/replaces windows; insulated glass unit work; named window styles; pane glazing work; replacement windows; window product line; window replacement/installation; windows & doors,False,high,"+ year industry veterans Not in Austin, TX? Change Location Skip to content Search Toggle Windows in Austin Replacement Windows New Construction Windows Multi-Family Windows DIY Windows Doors in Austin Front E",site scrape,YES
Furst Home Repair Yes,https://fursthomerepair.com/,fursthomerepair.com,+1 847-789-7733,,0,0,YES,Window repair service listed among general contracting services; categorised as a windows installer,False,medium,"Yelp: 'FURST HOME REPAIR - 5727 Mayapple Dr, Loves Park, Illinois - Windows Installation'; service description: 'a versatile general contractor offering ... door replacement service, basement remodeling, pressure washing, drywall repair, kitchen remodeler solutions ... window repair service, plumbin",web search (round 2),UNREACHABLE
3 Day Blinds Yes,https://www.3dayblinds.com/landing-page-002/?adkey=MC23023&utm_source=google&utm_medium=seo&utm_term=none&utm_content=save20&utm_campaign=3db_seo_google_googlemybusiness_202304_save20_dac,3dayblinds.com,+1 866-327-2441,,3.6,32,NO,window treatments,False,high,Custom Window Treatments and Design | 3 Day Blinds .,site scrape,NO
Custom Shade and Shutter Yes,http://www.customshadeandshutter.com/,customshadeandshutter.com,+1 866-412-8898,,4.6,102,NO,window cleaning; window treatments,False,high,oid: Rolling up wet or damp shades (can cause mildew or fabric damage) Harsh chemicals or pressure washing (can damage fabric and coatings) Allowing debris to build up in tracks/channels Operat,site scrape,NO
Safelite AutoGlass Yes,https://www.safelite.com/stores/dallas-inwood?utm_source=yext&utm_medium=list&utm_campaign=local&y_source=1_NzU2NjkwMDgtNzE1LWxvY2F0aW9uLndlYnNpdGU%3D,safelite.com,+1 877-664-8932,,4.5,297,NO,vehicle glass,True,high,Windshield Repair & Replacement | Safelite .,site scrape,NO
American Unlimited Roofing Yes,http://americanunlimitedroofing.com/,americanunlimitedroofing.com,+1 888-237-9871,,4.2,10,NO,no window installation or repair signal on site,False,high,,site scrape,NO
Kings Sliding Door Yes,http://arizona.kingsslidingdoorrepair.com/,arizona.kingsslidingdoorrepair.com,+1 888-664-5553,,5,26,YES,insulated glass unit work; pane glazing work,False,high,"ack neatly to one side, creating a wide, open living space. Improve the look of your home DOUBLE PANE GLASS STANDARD GLASS TRIPLE GLASS Find Out How New Doors Can Improve Your Home When inves",site scrape,YES
Unrated Auto Spa Yes,https://unratedautospa.com/,unratedautospa.com,+1 901-581-1069,,5,58,NO,"unrelated trade, no window signal",False,medium,,name/review keywords,UNREACHABLE
Ranger Glass and Mirror Yes,http://www.rangerglassandmirror.shop/,rangerglassandmirror.shop,+1 903-423-0536,,4.3,6,YES,"Window installation, window glass repair and replacement",False,high,"rangerglassandmirror.shop listings — ""full service glass and mirror shop offering residential and commercial services including shower doors, windows, mirrors, storefronts, cabinet glass, and table tops""; services include ""windows installation... glass and window repair services... glass and window ",web research (earlier pass),UNKNOWN
Renew Rekindle Yes,https://www.renewrekindle.com/,renewrekindle.com,+1 917-445-5000,,5,2,NO,no window installation or repair signal on site,False,high,,site scrape,NO
Apex Home Improvement Solutions Yes,https://apexatx.com/,apexatx.com,+1 918-946-6815,,5,352,NO,no window installation or repair signal on site,False,high,,site scrape,NO
8WS Construction Yes,https://commercialconstructionaustin.com/,commercialconstructionaustin.com,+1 936-298-4902,,5,2,YES,Window installation as part of framing/build-out and room addition work,False,medium,"commercialconstructionaustin.com — '8WS Construction is a General Contractor in Austin, TX 78748', offering framing ('expert carpenters and framers') and cabinets; BBB category 'commercial contractors'. Google review: '8WS Construction added a whole room to my home, framed, put insulation, installed",web search (round 2),UNREACHABLE
Wally Fixx Yes,https://wallyfixx.com/,wallyfixx.com,+1 945-299-9999,,5,31,NO,no window installation or repair signal on site,False,high,,site scrape,NO
Skylinq Home Yes,https://www.skylinqhome.com/,skylinqhome.com,+1 945-352-2008,,5,32,YES,named window styles; pane glazing work; window product line; window replacement/installation,False,high,"ditions Accessibility Copyright © Skylinq Home Crafted with ♥ In Dallas, Texas By Modare Window Replacement in DFW | Skylinq .",site scrape,YES
Pink's Windows Downtown Fort Lauderdale Yes,https://pinkswindows.com/downtown-fort-lauderdale,pinkswindows.com,+1 954-231-2960,,5,91,NO,window cleaning,False,high,"From window cleaning to gutters and house washing, we always respect your property and time.",site scrape,NO
Florida Design & Associates Yes,https://floridadesignassociates.com/,floridadesignassociates.com,+1 954-274-7873,,4.9,43,NO,window treatments,False,high,ates (954) 274-7873 Floridadesign12@gmail.com Facebook Instagram Home Our Products Custom Drapery Custom Window Treatment Motorized Blinds Motorized Shades Motorized Drapery Plantation Sh,site scrape,NO
RoofPros & Windows Yes,https://www.roofingsst.com/,roofingsst.com,+1 954-302-3753,,4.7,23,YES,installs/replaces windows; replacement windows; window product line; window replacement/installation; windows & doors,False,high,Privacy Policy Windows and Doors Installation | Get Free Quote .,site scrape,YES
Amazing Window & Pressure Cleaning Yes,http://www.amazingwindowpressurecleaning.com/,amazingwindowpressurecleaning.com,+1 954-328-3788,,4.9,63,NO,window cleaning,False,high,"Amazing Window & Pressure Cleaning | South Florida . Professional window cleaning, pressure washing, roof cleaning, soft washing, screen enclosure cleaning, and hard wa",site scrape,NO
Murphy's Glass and Mirrors LLC Yes,http://www.murphysglass.com/,murphysglass.com,+1 954-336-6822,,4.9,40,NO,no window installation or repair signal on site,False,high,,site scrape,NO
Reliance Window Systems Yes,https://www.reliancewindowsystems.com/,reliancewindowsystems.com,+1 954-393-5646,,4.8,51,YES,window product line; windows & doors,False,high,Reliance Window Systems | Premium Impact Windows & Doors .,site scrape,YES
Pro Auto Glass Solutions Llc Yes,http://www.pagsolutionsllc.com/,pagsolutionsllc.com,+1 954-444-5832,,5,124,NO,vehicle glass only,True,high,Auto Glass Replacement | Pro Auto Glass Solutions LLC .,site scrape,NO
The Original Frameless Shower Doors - Fort Lauderdale Yes,https://www.framelessshowerdoors.com/local_franchisee/ft-lauderdale/,framelessshowerdoors.com,+1 954-510-9680,,5,83,YES,building glass replacement; commercial storefront glazing; insulated glass unit work; pane glazing work,False,high,cts StayClean® Custom Bathroom Mirrors Painted Glass Backsplash Commercial Glass Residential Glass Services Design Consulting Loyalty Program InstallationEasy® Install and Save Big!,site scrape,YES
So Flo Best Price Autoglass Yes,https://autoglassrepairfortlauderdale.com/,autoglassrepairfortlauderdale.com,+1 954-553-6154,,4.7,248,NO,vehicle glass,True,high,"So Flo Best Price Autoglass Offers Auto Glass Repairs in Fort Lauderdale, FL 33311 .",site scrape,NO
TM Pro Service Yes,http://tmproservice.com/,tmproservice.com,+1 954-734-0257,,5,45,NO,no window installation or repair signal on site,False,high,,site scrape,NO
Smooth Sliders Yes,https://smoothsliders.com/,smoothsliders.com,+1 954-818-9607,,4.9,129,YES,building glass replacement; installs/replaces windows; insulated glass unit work; named window styles; pane glazing work; window product line; window replacement/installation; windows & doors,False,high,er Youtube Menu HOME Repair & install services Sliding Glass Door Repair And Installation Window Repair and Install Impact Doors And Windows Repair Pocket Door Repair And Installation Closet Bi-Fold Door R,site scrape,YES
Budget Blinds of Fort Lauderdale Yes,https://budgetblinds.com/FortLauderdale/,budgetblinds.com,+1 954-837-0601,,4.9,192,NO,window treatments,False,high,"Blinds - Custom Blinds, Window Coverings - Budget Blinds .",site scrape,NO
ProLift Garage Doors of Fort Lauderdale Yes,https://www.proliftdoors.com/fort-lauderdale/?utm_campaign=google&utm_medium=organic&utm_source=google_business_profile,proliftdoors.com,+1 954-852-2521,,5,68,NO,"garage door repair, installation and replacement",False,high,"proliftdoors.com/fort-lauderdale/services/ — 'garage door repair and replacement in Fort Lauderdale to fix springs, panels, tracks ... garage door, track, and panel installation ... commercial garage doors'. Garage doors only.",web search (round 2),UNREACHABLE
Davie Windows and Custom Doors Yes,http://daviewindows.com/,daviewindows.com,+1 954-873-1980,,5,30,YES,commercial storefront glazing; named window styles; window product line; window replacement/installation; windows & doors,False,high,* Window Replacement Door Replacement Balcony Enclosure How Many Windows?,site scrape,YES
Affordable Installations Yes,http://www.affordableinstalls.com/,affordableinstalls.com,+1 954-882-9702,,5,45,NO,AV / home theater and smart home installation,False,high,"'Affordable Installations specializes in TV installation, TV mount, surround sound, audio/visual, home theater, media services, sound systems, smart remote programming ... video surveillance ... certified smart home automation with Control4'; Yelp category 'Home Theatre Installation'.",web search (round 2),UNREACHABLE
Soflo Hurricane Windows and Doors Yes,http://soflohurricane.com/,soflohurricane.com,+1 954-900-9693,,5,5,YES,named window styles; window product line; window replacement/installation; windows & doors,False,high,A selection of completed impact-window and door installations from South Florida homes.,site scrape,YES
USA Impact Windows and Doors Yes,https://www.usawindowsanddoors.com/impact-windows-davie/,usawindowsanddoors.com,+1 954-951-4623,,4.3,201,YES,named window styles; window product line; window replacement/installation; windows & doors,False,high,Get window pricing Call (954) 637-7029 Window styles Every impact window style we install.,site scrape,YES
Jon Wright Industries Yes,https://www.jonwrightroofing.com/,jonwrightroofing.com,+1 972-251-1818,,4.7,38,YES,installs/replaces windows; named window styles; pane glazing work; replacement windows; window product line; window replacement/installation,False,high,ices in Allen Allen roofer | Allen roofing | Allen roof repair | Allen roofing contractor Window Replacements Window Replacement Garland | Window Replacement Plano | Window Replacement Wylie Copyright 2023 - Jon Wright,site scrape,YES
Morning Dew Window Cleaning Yes,https://morningdewwindowcleaning.jobbersites.com/,morningdewwindowcleaning.jobbersites.com,+1 972-261-6998,,5,0,NO,window cleaning,False,high,Morning Dew Window Cleaning: Professional Window Washing Services .,site scrape,NO
David Smith Glass Yes,https://www.davidsmithglass.com/,davidsmithglass.com,+1 972-289-4999,,5,0,YES,building glass replacement; commercial storefront glazing; pane glazing work; window replacement/installation,False,high,"Double Pane & Window Repair Repair or replace fogged, broken, or inefficient windows.",site scrape,YES
Windows Heaven Yes,http://windowsheaven.net/,windowsheaven.net,+1 972-332-1133,,5,293,NO,"Window cleaning, gutter cleaning and pressure washing",False,high,"windowsheaven.net/service/window-cleaning/ and /about-us/ - 'a premier cleaning service provider based in Dallas, specializing in window cleaning, gutter cleaning, and pressure washing'",web research (earlier pass),UNKNOWN
Jurassic Windows and more LLC Yes,https://www.facebook.com/profile.php?id=61555207653139,facebook.com,+1 972-351-6397,,5,22,YES,Stocks windows and provides framing and installation services including window and door installations,False,medium,"Oak Cliff Building Materials services page: 'Their extensive inventory includes lumber, sheathing, roofing products, windows, and more. They also provide professional framing and installation services, including window and door installations'; sells 'to contractors, builders and homeowners'",web research (earlier pass),SOCIAL_ONLY
Lakeside Roofing Co Yes,https://lakesideroofco.com/,lakesideroofco.com,+1 972-365-1216,,5,31,NO,no window installation or repair signal on site,False,high,,site scrape,NO
My Safe Auto Glass Repair & Replacement Dallas Yes,http://autoglassrepairtx.com/,autoglassrepairtx.com,+1 972-366-5054,,4.9,250,NO,vehicle glass,True,high,Mobile Auto Glass Repair Dallas Plano McKinney TX 469-789-4106 .,site scrape,NO
Planet Glass & Mirror LLC Yes,https://planetglasstx.com/,planetglasstx.com,+1 972-415-1222,,5,5,YES,building glass replacement; commercial storefront glazing; installs/replaces windows; insulated glass unit work; window replacement/installation; windows & doors,False,high,ote bag bicycle rights cliche twee hashtag pokpo demos tanero lamina sime voti Contact Us Window Replacement Tousled letterpre tote bag bicycle rights cliche twee hashtag pokpo demos tanero lamina s,site scrape,YES
Doug Does Windows Yes,https://dougdoeswindows.com/,dougdoeswindows.com,+1 972-423-9454,,4.9,62,NO,"Window cleaning, gutter cleaning and pressure washing",False,high,"dougdoeswindows.com/window-cleaning/ and /gutter-cleaning/ — 'locally-owned window cleaning, gutter cleaning, and power washing business'; BBB listed as 'Doug Does Windows & Gutter Cleaning'. Excluded: window cleaning/washing only.",web research (earlier pass),UNREACHABLE
Brennan Enterprises Yes,https://www.brennancorp.com/?utm_source=google&utm_medium=organic&utm_campaign=gmb&utm_term=dallas,brennancorp.com,+1 972-619-9281,,0,0,YES,installs/replaces windows; insulated glass unit work; named window styles; replacement windows; window product line; window replacement/installation; windows & doors,False,high,atio Doors French (Hinged) Doors Pivot Doors Front Doors View All Exterior Doors Services Window Replacement Exterior Door Replacement Design-Build Windows & Doors New Construction Supply Windows &,site scrape,YES
North Star Glass LLC Yes,https://www.northstarglasstexas.com/,northstarglasstexas.com,+1 972-639-7196,,5,12,YES,"Window glass replacement — single and double pane; patio door and French door glass/hardware; screens (plus shower doors, mirrors, table tops)",False,high,"northstarglasstexas.com homepage title 'North Star Glass - Shower Doors, Shower Glass, Single Pane, Double [Pane]'; services listed include 'window glass (double pane and single)', 'patio doors', 'French doors'. Google review: 'AMAZING EXPERIENCE with North Star Glass for our windows and sliding doo",web research (earlier pass),UNREACHABLE
Acme Glass and Tinting Yes,https://911window.com/,911window.com,+1 972-677-7172,,4.5,49,YES,installs/replaces windows; pane glazing work; replacement windows; window product line; window replacement/installation,False,high,installation service Skip to content Home Services About Blog Contact Professional Window Installation and Repairs ACME Glass & Tinting has been serving customers in the Dallas/Ft.,site scrape,YES
POLAR CLEAR GLASS REPAIR Yes,http://polarclearwindows.com/,polarclearwindows.com,+1 972-765-5762,,4.8,544,YES,installs/replaces windows; insulated glass unit work; pane glazing work; replacement windows; window product line; window replacement/installation,False,high,ston Dallas Forth-Worth I need help with Broken Glass Foggy Glass Window Replacement Window Repair Window Services Type of Frame Vinyl (Recommended) Aluminum What do you prioritize?,site scrape,YES
DTX Handyman Services Yes,https://www.dtxhandymanservices.com/,dtxhandymanservices.com,+1 972-813-9474,,4.8,81,YES,installs/replaces windows; replacement windows; window replacement/installation,False,high,"smart home upgrades DFW, smart lock installation Dallas, video doorbell installation DFW, window treatment installation Dallas, blind installation DFW, curtain rod installation Dallas, holiday light installati",site scrape,YES
DFW Window Tinting Yes,https://dfwwindowtinting.com/,dfwwindowtinting.com,+1 972-846-8464,,5,40,NO,window cleaning; window tint/film; window treatments,False,high,"3 Film Application & Trim Film is positioned, trimmed precisely to the glass edge, and squeegeed to bond it cleanly to the surface.",site scrape,NO
Ocean Glass DFW Yes,https://www.oceanglassdfw.com/,oceanglassdfw.com,+1 972-854-3425,,5,47,YES,"New vinyl window installation, window repair, storefront glass",False,high,"oceanglassdfw.com/services - 'new vinyl windows, window repair, storefronts, door closers, frameless showers, mirror walls, tabletops, patio glass walls, solar screens'; 'services ranging from residential, commercial, and 24/7'",web research (earlier pass),UNREACHABLE
Pink's Windows Frisco - Plano Yes,https://pinkswindows.com/frisco-plano,pinkswindows.com,+1 972-884-5462,,5,52,NO,window cleaning,False,high,"From window cleaning to gutters and house washing, we always respect your property and time.",site scrape,NO
Allied Exteriors Yes,https://alliedexteriors.com/,alliedexteriors.com,+1 972-888-9988,,4.4,174,YES,installs/replaces windows; insulated glass unit work; named window styles; replacement windows; window product line; window replacement/installation,False,high,Replacement Windows Thinking about replacing your windows?,site scrape,YES
DFW Glass Mart Yes,http://dfwglassmart.com/,dfwglassmart.com,+1 972-900-3117,,5,110,YES,building glass replacement; insulated glass unit work; pane glazing work; window product line; window replacement/installation,True,high,"Whether you need a fast windshield replacement , a reliable car window repair, or custom home glass solutions , we’ve got you covered.",site scrape,YES
Lazy Dog Window Washing Yes,http://lazydogwindows.com/,lazydogwindows.com,+1 972-900-5817,,5,19,NO,window cleaning,False,high,Commercial & Post-Construction Window Cleaning.,site scrape,NO
Dallas Glass and Auto Yes,http://dallasglassandauto.com/,dallasglassandauto.com,+1 972-900-7194,,5,95,YES,building glass replacement; pane glazing work; window replacement/installation,True,high,We provide hassle-free solutions to make window replacement affordable.,site scrape,YES
Glass Replacement Pros Yes,http://glassreplacementpros.com/,glassreplacementpros.com,+1 972-900-7559,,5,10,YES,building glass replacement; installs/replaces windows; insulated glass unit work; pane glazing work; replacement windows; window product line; window replacement/installation,True,high,"on for delivering top-quality glass solutions with no hidden fees. Whether you need a car window repair, a home window replacement, or custom glass installation, we are the go-to glass speciali",site scrape,YES
Camey Xteriors Yes,http://www.cameyxteriors.com/,cameyxteriors.com,+1 972-900-8969,,5,0,YES,pane glazing work; window product line; window replacement/installation,False,high,ntact Us More Home Windows Screens Glass Contact Us Home Windows Screens Glass Contact Us Windows Installation Installation Installation Upgrade your home with brand new windows.,site scrape,YES
921 Roof Yes,https://www.921roof.com/,921roof.com,+1 972-921-7663,,5,18,YES,window product line,False,high,"] In the end, we got beautiful Class 4 impact-resistant shingles, upgraded gutters, new windows, and fresh paint and stain with very little out-of-pocket cost.",site scrape,LIKELY
The Window Connection Yes,https://dallaswindows.com/,dallaswindows.com,+1 972-951-6120,,5,69,YES,installs/replaces windows; insulated glass unit work; named window styles; pane glazing work; replacement windows; window product line; window replacement/installation; windows & doors,False,high,Window Connection Replacement Windows Dallas .,site scrape,YES
GlassLogic Windshield Repair Yes,https://www.glasslogicwindshieldrepair.com/,glasslogicwindshieldrepair.com,+1 972-983-8571,,4.8,327,NO,vehicle glass,True,high,Dallas TX Windshield Replacement | Auto Glass Repair | Car Windows .,site scrape,NO
Model Glass & Shower Doors Yes,https://modelglassatx.com/?utm_source=google&utm_medium=organic&utm_campaign=gbp,modelglassatx.com,+1 979-587-2334,,5,59,YES,building glass replacement; commercial storefront glazing; installs/replaces windows; insulated glass unit work; named window styles; pane glazing work; window product line; window replacement/installation,False,high,"clarity, strength, and energy efficiency for both residential and commercial properties. Windows We install high-quality windows that enhance insulation, improve natural light, and add long-lasting",site scrape,YES
Zen Windows Austin Yes,https://zenwindows.com/?utm_source=google&utm_medium=organic&utm_campaign=maps_austin,zenwindows.com,+1 512-647-1707,"1 Chisholm Trail Rd Ste 450, Round Rock, TX 78681, United States",4.7,33,YES,installs/replaces windows; insulated glass unit work; named window styles; pane glazing work; replacement windows; window product line; window replacement/installation; windows & doors,False,high,Window Replacement Services Nationwide | Zen Windows .,site scrape,YES
Blake Construction Blake Construction Yes,http://www.blake-construction.com/contact-us/,blake-construction.com,+1 214-563-5035,"100 S Glasgow Dr, Dallas, TX 75214, United States",5,5017,YES,window product line; window replacement/installation,False,high,"and all tile, marble, and natural stone work Custom trim, doors and millwork Custom wood window repair Any mechanical problems.",site scrape,YES
Together Exterior & Outdoor Remodeling Yes,https://together-exterior.com/,together-exterior.com,"1000 E 50th St C, Austin, TX 78751, United States","1000 E 50th St C, Austin, TX 78751, United States",5,38,YES,commercial storefront glazing; installs/replaces windows; named window styles; replacement windows; window product line; window replacement/installation,False,high,Email Full Name Full Name * Email * Phone * Submit Get Your Free Estimate x Window Replacement - Together Exterior & Outdoor .,site scrape,YES
Sutton Roofing Yes,https://www.suttonroofinginc.com/?utm_source=google&utm_medium=organic&utm_campaign=gbp-listing,suttonroofinginc.com,"10012 Old Lockhart Rd Ste 5A, Austin, TX 78747, United States","10012 Old Lockhart Rd Ste 5A, Austin, TX 78747, United States",5,76,NO,no window installation or repair signal on site,False,high,,site scrape,NO
Proline Services Yes,https://www.prolinecentral.com/,prolinecentral.com,"10012 Old Lockhart Rd, Austin, TX 78747, United States","10012 Old Lockhart Rd, Austin, TX 78747, United States",4.3,23,NO,window cleaning,False,high,"Specializing in power washing, Parking lot striping, Asphalt seal coating, paving and repairs.",site scrape,NO
Bert Roofing Inc. Yes,https://bertroofing.com/?utm_campaign=gmb,bertroofing.com,"10021 Cayuga Dr, Dallas, TX 75228, United States","10021 Cayuga Dr, Dallas, TX 75228, United States",4.8,136,YES,insulated glass unit work,False,high,"No ""we will figure it out"" lines.",site scrape,YES
D & K Contracting Yes,https://dkcontracting.pro/,dkcontracting.pro,"10029 Cayuga Dr, Dallas, TX 75228, United States","10029 Cayuga Dr, Dallas, TX 75228, United States",5,38,NO,no window installation or repair signal on site,False,high,,site scrape,NO
Top Choice Lawn Care Yes,http://www.topchoiceaustin.com/,topchoiceaustin.com,"10081 Schmidt Ln, Austin, TX 78737, United States","10081 Schmidt Ln, Austin, TX 78737, United States",4.8,631,YES,insulated glass unit work,False,high,"-=� n���wj)�J ��R(XtUf�D5nԒ � �@���� �&� H�B�l""�D�h�O����q۠H�:=⑕�ei 0� �C݀�,���Iguʀ��bR-�4��M��àfa�Ҍ%�A�4��ݙ�FF�ȳ?",site scrape,YES
TC Paint Protection film - Distribution & Training Center Yes,https://tcfilmprotection.com/,tcfilmprotection.com,"1009 Ranch Rd 620 N Unit 610, Lakeway, TX 78734, United States","1009 Ranch Rd 620 N Unit 610, Lakeway, TX 78734, United States",5,4,YES,window product line,True,high,Opens in a new window.,site scrape,LIKELY
Grand Openings Luxury Windows & Doors - Austin Yes,http://www.grandopenings.com/,grandopenings.com,"1009 W 6th St #140, Austin, TX 78703, United States","1009 W 6th St #140, Austin, TX 78703, United States",2.7,7,YES,named window styles; window product line; windows & doors,False,high,"Series was designed for versatility and durability. It can mimic the traditional style of wood windows and doors with a warm wood interior and intricate exterior trim details, or it can meet m",site scrape,YES
We are Sliding Door Repair Yes,https://slidingdoorsrepairfl.com/,slidingdoorsrepairfl.com,+1 954-412-0101,"101 NE 3rd Ave #1500, Fort Lauderdale, FL 33301, United States",5,43,YES,named window styles,False,high,Casement Windows 02 Suspendisse blandit.,site scrape,LIKELY
In Home Assister Yes,http://www.inhomeassister.com/,inhomeassister.com,+1 754-247-6518,"101 NE 3rd Ave #1566, Fort Lauderdale, FL 33301, United States",4.6,13,NO,home-improvement lead-gen platform matching homeowners to contractors,False,medium,"inhomeassister.com — 'a cutting-edge all-in-one Home Improvement platform that connects homeowners to their vast network of Contractors. They specialize in Roof Replacement, Impact Protection, Interior Remodeling ... get multiple bids from different companies on the spot.' Aggregator/lead-gen rather",web search (round 2),UNREACHABLE
Urgent Foundation Repair LLC. Yes,https://www.urgentfoundationrepairtx.com/,urgentfoundationrepairtx.com,"1016 701 Tillery St #12, Austin, TX 78702, United States","1016 701 Tillery St #12, Austin, TX 78702, United States",5,21,NO,no window installation or repair signal on site,False,high,,site scrape,NO
A & D Window Cleaning & Window Repair Yes,https://aanddwindows.com/,aanddwindows.com,"1017 Ranch Rd 620 S #210, Lakeway, TX 78734, United States","1017 Ranch Rd 620 S #210, Lakeway, TX 78734, United States",4.6,58,YES,broken window glass; commercial storefront glazing; installs/replaces windows; insulated glass unit work; named window styles; pane glazing work; replacement windows; window product line; window replacement/installation,False,high,"A&D Window Cleaning and Repair in Austin, TX offers expert window cleaning, repairs, and maintenance services.",site scrape,YES
Austin Glass Guys Yes,http://austinglassguys.com/,austinglassguys.com,"1017 Ranch Rd 620 S #210, Lakeway, TX 78734, United States","1017 Ranch Rd 620 S #210, Lakeway, TX 78734, United States",5,6,YES,"Window repair, glass repair and replacement, windows & doors, sliding patio doors, storefront glass",False,high,"austinglassguys.com ('Austin Glass Guys: Shower Glass & Window Replacement') — 'full-service glass company that services all of Central Texas ... more than 50 years of combined experience in the glass and glazing industries ... Specialize in: Window Repair, Glass Repair & Replacement, Custom Showers",web search (round 2),UNKNOWN
Bedrock Foundation Repair LLC Yes,https://bedrockfoundationrepair.com/,bedrockfoundationrepair.com,"1018 Fletcher St, Dallas, TX 75223, United States","1018 Fletcher St, Dallas, TX 75223, United States",4.3,131,NO,no window installation or repair signal on site,False,high,,site scrape,NO
Bloomin' Blinds of North Austin Yes,https://www.bloominblindsnorthaustin.com/?utm_source=GMB&utm_medium=organic&utm_campaign=pflugerville,bloominblindsnorthaustin.com,"1019 S Heatherwilde Blvd Unit 140, Pflugerville, TX 78660, United States","1019 S Heatherwilde Blvd Unit 140, Pflugerville, TX 78660, United States",4.9,523,NO,window treatments,False,high,"Blinds, Shades & Shutter Installation Near North Austin – Bloomin' Blinds .",site scrape,NO
JC'S WINDOW TINT & CAR AUDIO Yes,https://www.jcswindowtint.net/,jcswindowtint.net,"10200 N Lamar Blvd Ste. 202, Austin, TX 78753, United States","10200 N Lamar Blvd Ste. 202, Austin, TX 78753, United States",4.7,344,NO,window tint/film,True,high,Home - . Welcome to JC's Window Tint & Car Audio Message us on WhatsApp BEAT THE TEXAS HEAT Premium Window Tinting for Style &,site scrape,NO
R. Patrick Carroll III Circle C Handyman Services Yes,https://www.im-handy-af.com/,im-handy-af.com,"10212 Cama Valley Cove, Austin, TX 78739, United States","10212 Cama Valley Cove, Austin, TX 78739, United States",5,19,YES,insulated glass unit work,False,high,I’ve always been committed to figuring out how things work and solving the problems that people have every day.,site scrape,YES
WINDOW TINT PORALIZADO EXPRESS CERAMIC Yes,https://expresswindowtint.company.site/,expresswindowtint.company.site,"10222 Harry Hines Blvd, Dallas, TX 75220, United States","10222 Harry Hines Blvd, Dallas, TX 75220, United States",4.6,444,NO,Window tint / film application (automotive plus buildings),False,high,"Listing for expresswindowtint.company.site - 'a trusted destination in Dallas for high-quality automotive window tinting services... quality window tinting for vehicles, boats, RVs, houses, apartments, and offices'. Film application only, no window installation or replacement",web research (earlier pass),UNKNOWN
Mr. Home Remodel Yes,http://www.mrhomeremodel.com/,mrhomeremodel.com,"10228 E NW Hwy #1071, Dallas, TX 75238, United States","10228 E NW Hwy #1071, Dallas, TX 75238, United States",5,35,NO,no window installation or repair signal on site,False,high,,site scrape,NO
New Image Autosports & Window Tint Yes,https://newimageautosports.com/service-areas/dallas-garland-rd-tx/,newimageautosports.com,"10236 Garland Rd, Dallas, TX 75218, United States","10236 Garland Rd, Dallas, TX 75218, United States",5,136,NO,window cleaning; window tint/film,True,high,"ap with precision — cutting edges cleanly, wrapping panels fully, and using heat guns and squeegees to achieve a smooth, bubble-free finish on every surface.",site scrape,NO
Southwest Door & Window Yes,https://southwestdw.com/?utm_source=google&utm_medium=organic&utm_campaign=gbp-dallas&utm_id=local&utm_content=dallas,southwestdw.com,"10255 Miller Rd, Dallas, TX 75238, United States","10255 Miller Rd, Dallas, TX 75238, United States",4.2,68,YES,"Exterior window installation and replacement (vinyl and aluminum windows) plus entry and patio doors, for builders and homeowners",False,high,"southwestdw.com/replacement-windows-dallas-tx/ 'Replacement Windows in Dallas, TX - Window Contractor'; 'specializes in exterior window and door installation'",web research (earlier pass),UNKNOWN
Spaulding Decon Austin Yes,https://www.spauldingdecon.com/city/austin-tx?utm_source=gmb&utm_medium=organic&utm_campaign=gmb-listing,spauldingdecon.com,"1029 Reinli St Bldg 109, Austin, TX 78723, United States","1029 Reinli St Bldg 109, Austin, TX 78723, United States",5,30,NO,no window installation or repair signal on site,False,high,,site scrape,NO
Windshield Go Yes,https://windshieldgo.com/our-locations/auto-glass-dallas-tx/,windshieldgo.com,"10300 N Central Expy #293, Dallas, TX 75231, United States","10300 N Central Expy #293, Dallas, TX 75231, United States",5,16,NO,vehicle glass,True,high,Professional Windshield Replacement & Auto Glass Service .,site scrape,NO
Prius World of Austin LLC Yes,http://priusworldofaustin.com/,priusworldofaustin.com,"10309 S Hwy 183, Austin, TX 78747, United States","10309 S Hwy 183, Austin, TX 78747, United States",4.9,235,NO,used car dealership and Toyota Prius repair shop,False,high,"priusworldofaustin.com — 'Prius World of Austin specializes in selling Prii ... repairs on all 2004-2022 Toyota Prius models ... Prius repair, Toyota service, and in-house financing'; Yelp category 'Used Car Dealers'.",web search (round 2),UNREACHABLE
Active Austin Handyman Yes,http://activeaustinhandyman.com/,activeaustinhandyman.com,"10320 Boulder Ln, Austin, TX 78726, United States","10320 Boulder Ln, Austin, TX 78726, United States",5,16,YES,window product line,False,high,Opens in a new window.,site scrape,LIKELY
Mighty Handy Inc Yes,https://www.mightyhandyinc.com/,mightyhandyinc.com,"1033 E 43rd St, Austin, TX 78751, United States","1033 E 43rd St, Austin, TX 78751, United States",4.7,4738,NO,no window installation or repair signal on site,False,high,,site scrape,NO
Revive & Renew Remodeling LLC Yes,https://rr-remo.com/,rr-remo.com,"10420 Plano Rd Ste 110, Dallas, TX 75238, United States","10420 Plano Rd Ste 110, Dallas, TX 75238, United States",5,28,NO,no window installation or repair signal on site,False,high,,site scrape,NO
Full Color Cleaners Yes,https://fullcolorcleaners.com/?utm_source=google&utm_medium=organic&utm_campaign=google_business_profile,fullcolorcleaners.com,"1044 Camino La Costa Ste 2102, Austin, TX 78752, United States","1044 Camino La Costa Ste 2102, Austin, TX 78752, United States",5,351,NO,"exterior cleaning — window cleaning, pressure washing, roof and gutter cleaning",False,high,"fullcolorcleaners.com — 'a fast growing exterior cleaning company in Austin, TX ... house washing, roof washing, pressure washing, window cleaning, and gutter cleaning'; Yelp category 'Window Washing'. Cleaning only.",web search (round 2),UNKNOWN
Ideal Siding Dallas Yes,https://idealsiding.com/us/locations/siding-dallas/,idealsiding.com,"10440 N Central Expy #800, Dallas, TX 75231, United States","10440 N Central Expy #800, Dallas, TX 75231, United States",4.9,51,NO,window cleaning,False,high,al Siding Painting Metal Siding Blog Siding Vinyl Painting Vinyl Siding Blog Siding Vinyl Power Washing Vinyl Siding Aluminum Blog Siding Removing and Reinstalling Aluminum Siding Blog Sidin,site scrape,NO
Special Truck and Auto Salvage Yes,http://www.specialautosalvage.com/,specialautosalvage.com,"10462 FM812, Austin, TX 78719, United States","10462 FM812, Austin, TX 78719, United States",4.1,491,NO,no window installation or repair signal on site,False,high,,site scrape,NO
Tint City and Wraps Yes,https://tintcityandwraps.com/,tintcityandwraps.com,"1050 W Commercial Blvd, Fort Lauderdale, FL 33309, United States","1050 W Commercial Blvd, Fort Lauderdale, FL 33309, United States",4.9,900,NO,window tint/film; window treatments,True,high,"Premium Car Wraps, Window Tint & PPF | Fort Lauderdale FL .",site scrape,NO
Graphics Guys Yes,https://graphicsguys.com/,graphicsguys.com,"10509 Circle Dr #1310, Austin, TX 78736, United States","10509 Circle Dr #1310, Austin, TX 78736, United States",4.7,112,NO,no window installation or repair signal on site,False,high,,site scrape,NO
Frameless Glass Company Yes,https://framelessglasstx.com/?utm_source=gmb&utm_medium=referral,framelessglasstx.com,"10509 Circle Dr, Austin, TX 78736, United States","10509 Circle Dr, Austin, TX 78736, United States",4.9,329,YES,"Small commercial glazing projects and glass partitions, alongside their core frameless shower glass work",False,low,"framelessglasstx.com — 'specializes in frameless glass and shower door installations, as well as custom mirrors, wine cellars, deck rails, stair rails, and small commercial glazing projects ... glass handrails and glass partitions'. Borderline: identity is shower glass; the YES rests on the 'small c",web search (round 2),UNKNOWN
Alamo Glass & Mirror Yes,https://www.alamoglassco.com/,alamoglassco.com,"10510 Olympic Dr, Dallas, TX 75220, United States","10510 Olympic Dr, Dallas, TX 75220, United States",3.9,38,YES,commercial storefront glazing; installs/replaces windows; replacement windows; window replacement/installation,False,high,ast Name Email Address Phone Number What products/services are you interested in? Mirrors Window Glass Replacement Storefront Replacement Windows Shower Doors Table Tops Cabinet Glass Other Products/Servi,site scrape,YES
Low Price Auto Glass of South Austin Yes,http://www.lpagatx.com/,lpagatx.com,"10516 Menchaca Rd Ste 200, Austin, TX 78748, United States","10516 Menchaca Rd Ste 200, Austin, TX 78748, United States",4.8,276,NO,vehicle glass,True,high,Low Price Auto Glass | Low Price Auto Glass of South Austin .,site scrape,NO
Scott Roofing & Exteriors Yes,https://www.scottexteriors.com/,scottexteriors.com,"10561 New Church Rd, Dallas, TX 75238, United States","10561 New Church Rd, Dallas, TX 75238, United States",4.4,95,YES,installs/replaces windows; replacement windows; window product line; window replacement/installation,False,high,Vinyl Siding Fiber Cement Wood Siding Repairs & Replacement Windows Energy-efficient window installation and replacement to improve comfort and reduce energy costs.,site scrape,YES
Castle Contracting Yes,http://www.castleexteriors.net/?utm_source=Google&utm_medium=Organic&utm_campaign=GBP,castleexteriors.net,"10565 Product Dr Ste A1, Machesney Park, IL 61115, United States","10565 Product Dr Ste A1, Machesney Park, IL 61115, United States",4.9,155,YES,named window styles; window product line; window replacement/installation; windows & doors,False,high,ES) Powered by Instant Roofer HOME SERVICES Residential Roofing Commercial Roofing Egress Windows Install Gutters & Downspouts Residential Siding Solar Roofing Energy Savings Decks & Patios New C,site scrape,YES
Chenault window services Yes,https://chenaultswindowservices.net/,chenaultswindowservices.net,"10605 Boomer Cir #107, Dallas, TX 75238, United States","10605 Boomer Cir #107, Dallas, TX 75238, United States",4.1,29,YES,installs/replaces windows; insulated glass unit work; replacement windows; window product line; window replacement/installation; windows & doors,False,high,"Chenault’s Window Services — Window installations, glass replacements, skylights, doors, screens & more.",site scrape,YES
Top Notch Window Cleaning Yes,http://chimneycleaning.store/,chimneycleaning.store,"10701 I-35 #2015, Austin, TX 78747, United States","10701 I-35 #2015, Austin, TX 78747, United States",5,0,NO,no window installation or repair signal on site,False,high,,site scrape,NO
All Pro Windows and Doors Yes,http://www.allprowindowsanddoors.com/,allprowindowsanddoors.com,"1071 NW 53rd St, Fort Lauderdale, FL 33309, United States","1071 NW 53rd St, Fort Lauderdale, FL 33309, United States",3.5,17,YES,window product line; window replacement/installation; windows & doors,False,high,get only the best services when you hire All Pro Windows & Doors to work on your door and window installations.,site scrape,YES
Solaris Window Tinting Yes,http://solaristinting.com/,solaristinting.com,"10713 N FM 620 Bldg E Ste 525, Austin, TX 78726, United States","10713 N FM 620 Bldg E Ste 525, Austin, TX 78726, United States",4.9,33,NO,window tint/film,False,high,Window Tinting Austin | Solaris Window Tinting | Greater Austin Area .,site scrape,NO
Pro Car Audio Yes,http://www.procaraudio.com/,procaraudio.com,"10715 N Lamar Blvd, Austin, TX 78753, United States","10715 N Lamar Blvd, Austin, TX 78753, United States",4.9,615,NO,vehicle glass only,True,high,"stin, Car Alarm Austin, Keyless Entry Austin, Remote Start Austin, Remote Starter Austin, Car Window Tint Austin, Window Tint Austin, HID Conversiont Kit Austin, H.",site scrape,NO
Bold Roofing - DFW's Best Roofing Contractor Yes,https://boldroofing.com/,boldroofing.com,"10720 Miller Rd #303, Dallas, TX 75238, United States","10720 Miller Rd #303, Dallas, TX 75238, United States",4.7,623,YES,window replacement/installation,False,high,"in the area. Fully licensed and known for our reliability, we specialize in: Roof Gutters Windows Sheetrock Painting Repair Fence Windows Shutters Stain New fence Replacement Chimney repairs to include after-damag",site scrape,YES
Low Price Auto Glass North Lamar Yes,https://www.lpagnl.com/,lpagnl.com,"10720 N Lamar Blvd, Austin, TX 78753, United States","10720 N Lamar Blvd, Austin, TX 78753, United States",4.8,397,NO,auto glass — windshield replacement and repair,False,high,"lpagnl.com — 'high quality automotive glass ... from windshields to windows ... windshield replacement, chip repair, and window tinting ... car window replacement, sunroof repair, and mobile windshield replacement'; Yelp category 'Auto Glass Services'. Vehicles only.",web search (round 2),UNKNOWN
A.M Windows And Doors Yes,https://amwindowsandoors.com/,amwindowsandoors.com,"10749 Cleary Blvd, Plantation, FL 33324, United States","10749 Cleary Blvd, Plantation, FL 33324, United States",4.6,174,YES,named window styles; window product line; window replacement/installation; windows & doors,False,high,FREE ESTIMATES and Permit assistance available. REQUEST A FREE QUOTE Professional Impact Windows and Doors Installation in South Florida Protect your home with high-quality impact windows and doors designed to,site scrape,YES
Piper-Weatherford Co Yes,http://www.piperweatherford.com/,piperweatherford.com,"10755 Rockwall Rd, Dallas, TX 75238, United States","10755 Rockwall Rd, Dallas, TX 75238, United States",5,13,NO,"Commercial architectural hardware, hollow metal and wood door/frame distributor",False,medium,"piperweatherford.com/products.html: 'installation, sales, & service of commercial grade architectural hardware, hollow metal doors and frames, bathroom accessories, wood doors and frames, and specialty building products'. Doors and hardware only — no windows or glazing in the product list",web research (earlier pass),UNKNOWN
Texas AirZone LLC Yes,https://www.texasairzone.com/?utm_source=Google&utm_medium=GBP&utm_campaign=Organic_GBP_TAZ,texasairzone.com,"10763 Mapleridge Dr, Dallas, TX 75238, United States","10763 Mapleridge Dr, Dallas, TX 75238, United States",4.9,892,NO,no window installation or repair signal on site,False,high,,site scrape,NO
First Floors Carpet One Floor & Home Yes,https://www.ffc1.com/?utm_source=google&utm_medium=organic&utm_campaign=gbp-listing&utm_content=Dallas-showroom,ffc1.com,"10771 Estate Ln, Dallas, TX 75238, United States","10771 Estate Ln, Dallas, TX 75238, United States",4.3,121,NO,no window installation or repair signal on site,False,high,,site scrape,NO
Glass & Storefront Solutions Inc. Yes,http://www.solutionsstorefront.com/,solutionsstorefront.com,+1 214-489-2361,"108 N Marsalis Ave Ste a, Dallas, TX 75203, United States",5,507,YES,commercial storefront glazing; window replacement/installation,False,high,or glass Frameless showers doors Residential Glass canopy Steel doors Curve glass Mirrors Windows glass replacement & Rent equipment Contact us Name E mail* Telephone I am interested in Attach Files Attach,site scrape,YES
Lion Windows Yes,https://lionwindows.com/,lionwindows.com,+1 512-940-6000,"108 Wild Basin Rd S Suite 250, West Lake Hills, TX 78746, United States",4.6,30,YES,named window styles; window product line; window replacement/installation,False,high,Austin Window Installation: Get a Quote Today | Lion Windows .,site scrape,YES
Lon Smith Roofing Yes,https://www.lonsmith.com/,lonsmith.com,"10821 Sanden Dr, Dallas, TX 75238, United States","10821 Sanden Dr, Dallas, TX 75238, United States",4.6,113,NO,no window installation or repair signal on site,False,high,,site scrape,NO
Dallas Window Tint Yes,http://www.dallaswindowtint.com/,dallaswindowtint.com,"10825 Plano Rd #4, Dallas, TX 75238, United States","10825 Plano Rd #4, Dallas, TX 75238, United States",4.8,141,NO,vehicle glass only,True,high,"ndows Without Worry Dallas Window Tinting has eliminated the excuses for not getting your car windows tinted, and gives you more incentive to get window tint on your vehicle than any other t",site scrape,NO
Raesz Custom Floors and Lighting Yes,https://www.austincustomfloors.com/,austincustomfloors.com,"10827 US-290 Ste 100, Austin, TX 78736, United States","10827 US-290 Ste 100, Austin, TX 78736, United States",3.9,20,NO,window treatments,False,high,’s Leading Designer & Manufacturer of Architectural Panels. Visit Tableaux RM Coco Custom Draperies Visit RM Coco Daltile Ceramic & Porcelain Tile Visit Daltile Antlerworx Rustic Luxury Lig,site scrape,NO
Stork's Home Services Yes,https://storkheatingandair.com/?utm_source=google&utm_medium=organic&utm_campaign=gbp,storkheatingandair.com,"10840 Switzer Ave #101, Dallas, TX 75238, United States","10840 Switzer Ave #101, Dallas, TX 75238, United States",5,61,YES,windows & doors,False,high,"Seal off any leaks around your windows and doors too, to prevent humid air from entering your home.",site scrape,YES
Quality 1 Energy Systems Heating & Air Conditioning Yes,https://www.q1es.com/,q1es.com,"10870 Plano Rd C, Dallas, TX 75238, United States","10870 Plano Rd C, Dallas, TX 75238, United States",4.9,398,YES,Residential window installation / replacement for energy efficiency,False,high,"Dedicated page q1es.com/residential/window-installation/ titled ""Dallas Window Installation""; profile text: ""insulation and window replacement"".",web research (earlier pass),UNREACHABLE
Armoured Exteriors Yes,http://www.armouredexteriors.com/?utm_campaign=gmb,armouredexteriors.com,+1 779-423-7831,"109 N Alpine Rd, Rockford, IL 61107, United States",4.9,22,NO,no window installation or repair signal on site,False,high,,site scrape,NO
G TEK AUTOGLASS LLC Yes,https://g-tekautoglassllc.godaddysites.com/?fbclid=IwZXh0bgNhZW0CMTAAAR0Sovmlp_Zvohu-xxiT0VfwrcKAjOtUT_5IhWJwl5wz6ioXYMmEzUig4lU_aem_AeIN6euQO5JEMTfhQbTS-k1hSavnQHdmTpGLrf9aOTDdEgmwkT4al-ABJHaFejyUN7_hznnNe9bL6ErfmxFFQvMq,g-tekautoglassllc.godaddysites.com,"10908 FM 969, Austin, TX 78724, United States","10908 FM 969, Austin, TX 78724, United States",4.9,12,NO,"vehicle/automotive business, no glass or window signal",False,medium,,name/review keywords,UNREACHABLE
Euro Wholesale Windows Yes,https://europawindows.com/,europawindows.com,"10923 Sierra Oaks, Austin, TX 78759, United States","10923 Sierra Oaks, Austin, TX 78759, United States",1,4939,YES,"European window and door selection, customization and installation",False,medium,"Directory listing for Europa Windows, Austin TX — 'a leader in European windows and doors in Texas, making the process of window selection, customization, and installation smooth'. No content from europawindows.com itself is indexed, so the installation claim comes from the directory entry rather th",web search (round 2),UNREACHABLE
TrueSafe Renovations Yes,http://www.truesaferenovations.com/,truesaferenovations.com,"10925 Estate Ln Ste 214, Dallas, TX 75238, United States","10925 Estate Ln Ste 214, Dallas, TX 75238, United States",5,53,YES,Window replacement - installs Ply Gem windows and doors,False,high,"truesaferenovations.com - 'TrueSafe Renovations specializes in residential roof replacements, roof repairs, siding, windows, solar solutions, and flat roofing systems'; 'TrueSafe offers superior Ply Gem windows and doors'.",web research (earlier pass),UNKNOWN
Sali's Roofing Yes,https://salisroofing.com/?utm_source=google&utm_medium=organic&utm_campaign=gbp_listing&utm_content=salis_roofing,salisroofing.com,"10930 Switzer Ave #123, Dallas, TX 75238, United States","10930 Switzer Ave #123, Dallas, TX 75238, United States",5,109,YES,installs/replaces windows,False,high,Michael and his teams did a great work replacing my roof and replacing window screens and caulking around the windows.,site scrape,YES
LUX EcoShades LLC Yes,http://www.luxecoshades.com/,luxecoshades.com,"10945 Estate Ln Ste E155, Dallas, TX 75238, United States","10945 Estate Ln Ste E155, Dallas, TX 75238, United States",5,13,NO,window tint/film; window treatments,False,high,.com Free Consultation Financing Home About Services Custom Window Shades Outdoor Screens Window Film Commercial Solutions Shade Repair Security Doors All Services → Areas Dallas Plano Frisco,site scrape,NO
Performance Windows Dallas East Yes,https://goperformancewindows.com/tx/dallas-east/,goperformancewindows.com,"10945 Estate Ln Ste E255, Dallas, TX 75238, United States","10945 Estate Ln Ste E255, Dallas, TX 75238, United States",4.8,5,YES,installs/replaces windows; named window styles; replacement windows; window product line; window replacement/installation,False,high,Window Replacement & Installation | Performance Windows .,site scrape,YES
Austin Home Systems Yes,https://austinhomesystems.com/,austinhomesystems.com,"1102 W Koenig Ln, Austin, TX 78756, United States","1102 W Koenig Ln, Austin, TX 78756, United States",4.9,237,NO,window treatments,False,high,"me Showroom - Austin Home Systems . smart home, home automation, audio & video, motorized shades, lighting control, home theater, access control, surveillance, High Fidelity Audio, home",site scrape,NO
Apollo Window Film Yes,https://apollowindowfilm.com/,apollowindowfilm.com,"11035 Harry Hines Blvd Ste 213, Dallas, TX 75229, United States","11035 Harry Hines Blvd Ste 213, Dallas, TX 75229, United States",5,12,NO,window cleaning; window tint/film; window treatments,False,high,The key is to avoid using abrasive window cleaning products.,site scrape,NO
Discount Glass Texas Yes,http://discountglasstexas.com/,discountglasstexas.com,"11063 Dennis Rd, Dallas, TX 75229, United States","11063 Dennis Rd, Dallas, TX 75229, United States",4.9,1497,YES,building glass replacement; commercial storefront glazing; installs/replaces windows; insulated glass unit work; named window styles; pane glazing work; replacement windows; window product line; window replacement/installation; windows & doors,True,high,Discount Glass Texas Window Replacement Repair near Dallas .,site scrape,YES
Metal-Craft Products Co Yes,https://www.metalcraftdoors.com/,metalcraftdoors.com,"11071 Denton Dr, Dallas, TX 75229, United States","11071 Denton Dr, Dallas, TX 75229, United States",4.7,32,NO,"Manufacturer of custom aluminum sliding doors, pass-through service windows and display cases",False,medium,"metalcraftdoors.com — 'Sliding Door Manufacturer Dallas'; product list 'interior & exterior aluminum sliding glass, cut-down patio, pocket & specialty doors, service windows, trophy cases & screens'. A manufacturer of pass-through service windows/doors, not a building window installer; Google review",web research (earlier pass),UNREACHABLE
Holden Roofing Austin Yes,https://holdenroofing.com/contact-us/austin-roofing/,holdenroofing.com,+1 512-750-0523,"111 W Anderson Ln. Ste E360A, Austin, TX 78752, United States",4.6,379,YES,insulated glass unit work,False,high,Stan also contacted a guy (Miguel) who works at Holden to repair my interior damage.,site scrape,YES
XPEL Austin Yes,https://www.austinclearbra.com/,austinclearbra.com,"11100 Metric Blvd Ste 200A, Austin, TX 78758, United States","11100 Metric Blvd Ste 200A, Austin, TX 78758, United States",4.9,302,NO,window tint/film; window treatments,True,high,"XPEL Austin | Paint Protection Film, Window Tint and Ceramic Coating .",site scrape,NO
Austin Window Fashions Yes,https://austinwindowfashions.com/?utm_source=google&utm_medium=organic&utm_campaign=my+business+location+page,austinwindowfashions.com,"11100 Metric Blvd Ste 700, Austin, TX 78758, United States","11100 Metric Blvd Ste 700, Austin, TX 78758, United States",5,909,NO,"custom window treatments — blinds, shades, shutters, drapery",False,high,"austinwindowfashions.com — 'Austin's largest blinds, shades and shutters company for over 36 years ... plantation shutters, window blinds, window shades, and custom drapery ... Austin's first and largest Hunter Douglas Gallery'; Yelp category 'Shades & Blinds'. Coverings only — the Google review con",web search (round 2),UNREACHABLE
Star Glass Aluminum Yes,https://starglassaluminum.com/,starglassaluminum.com,"11111 Ables Ln #124, Dallas, TX 75229, United States","11111 Ables Ln #124, Dallas, TX 75229, United States",4.9,126,YES,building glass replacement; commercial storefront glazing; installs/replaces windows; insulated glass unit work; pane glazing work; replacement windows; window product line; window replacement/installation; windows & doors,False,high,Reviews Follow Us f ig in Home About About Us Reviews Photo Gallery Blog Window Services Window Services Window Repair & Replacement Full Frame Window Replacement Glass Window Installation Energy-Efficient Wi,site scrape,YES
Nick's Door Company Yes,https://www.nickslocksmith.com/?utm_source=omg-gbp&utm_medium=webclick,nickslocksmith.com,"11116 Middle Fiskville Rd # B, Austin, TX 78753, United States","11116 Middle Fiskville Rd # B, Austin, TX 78753, United States",5,229,YES,insulated glass unit work,False,high,"services provide an economical alternative to replacing your locks entirely. We'll reconfigure your existing locks to work with new keys, rendering old keys useless and restoring you",site scrape,YES
W Tint X - Car Window Tinting Yes,https://wtintx.com/,wtintx.com,"11116 Middle Fiskville Rd Ste g, Austin, TX 78753, United States","11116 Middle Fiskville Rd Ste g, Austin, TX 78753, United States",4.9,63,YES,installs/replaces windows; replacement windows,True,high,"com Follow Main services Auto Glass Replacement Window Tint We don't just protect vehicles, We Take Care of Investments and Dreams.",site scrape,YES
Mighty Dog Roofing of North Austin Yes,http://www.mightydogroofing.com/north-austin-tx,mightydogroofing.com,"11126 Jollyville Rd Suite C Room B, Austin, TX 78759, United States","11126 Jollyville Rd Suite C Room B, Austin, TX 78759, United States",4.9,36,NO,"unrelated trade, no window signal",False,medium,,name/review keywords,UNREACHABLE
Abaco Auto Glass Yes,http://www.abacoautoglass.com/,abacoautoglass.com,"11147 Harry Hines Blvd, Dallas, TX 75229, United States","11147 Harry Hines Blvd, Dallas, TX 75229, United States",4.7,102,NO,vehicle glass only,True,high,Abaco Autoglass Dallas top of page ABACO Auto glass CALL NOW | (214) 457-6837 HOME SERVICES ABOUT US CONTACT US More.,site scrape,NO
All Glass Installation Yes,http://dallasfortworthglass.com/,dallasfortworthglass.com,"11180 Denton Dr, Dallas, TX 75229, United States","11180 Denton Dr, Dallas, TX 75229, United States",4.9,145,NO,Auto glass / windshield replacement,False,medium,"dallasfortworthglass.com service list is entirely automotive: 'windshield replacement, rear windshield replacement, driver & passenger window replacement, quarter glass replacement, sunroof replacement, rock chip repair, power window repair, and ADAS camera calibration'. Two searches surfaced no bui",web research (earlier pass),UNKNOWN
The Glass Guru Yes,https://www.theglassguru.com/locations/austin-south-tx/?utm_source=GMB&utm_medium=profile_website_link,theglassguru.com,"11190 Circle Dr #490, Austin, TX 78736, United States","11190 Circle Dr #490, Austin, TX 78736, United States",4.9,828,YES,commercial storefront glazing; installs/replaces windows; insulated glass unit work; named window styles; pane glazing work; replacement windows; window product line; window replacement/installation; windows & doors,False,high,"eeds of residential and commercial customers across the U.S. and Canada. We specialize in window glass replacement, insulated glass repair, window restoration, custom shower enclosures, mirrors, screens,",site scrape,YES
S&R Impact Windows and Doors Yes,http://srimpactwindowsanddoors.com/,srimpactwindowsanddoors.com,"1120 NW 55th St, Fort Lauderdale, FL 33309, United States","1120 NW 55th St, Fort Lauderdale, FL 33309, United States",4.7,32,YES,window product line; window replacement/installation; windows & doors,True,high,.7121 Happy Clients 8 0 8 0 8 0 8 0 Years 8 0 8 0 Schedule a Free Consultation for Impact Window and Door Replacement Request a Quote Contact Us IMPACT WINDOWS AND DOORS Work Examples Impact resistant glass,site scrape,YES
The Up and Up Garage Doors - Garage Door Service in Austin Texas Yes,https://theupandupdoors.com/,theupandupdoors.com,"11203 Ranch to Market Rd 2222, Austin, TX 78730, United States","11203 Ranch to Market Rd 2222, Austin, TX 78730, United States",5,101,NO,no window installation or repair signal on site,False,high,,site scrape,NO
Alvarez Glass and Mirror LLC Yes,http://www.alvarezglass.com/,alvarezglass.com,"11227 Goodnight Ln #905, Dallas, TX 75229, United States","11227 Goodnight Ln #905, Dallas, TX 75229, United States",3.7,3,YES,commercial storefront glazing; window replacement/installation,False,high,say “Alvarez Glass has the experience and equipped to handle projects as simple as glass window repairs to full glass construction projects.,site scrape,YES
Dallas Door Designs Yes,https://www.dallasdoorservices.com/,dallasdoorservices.com,"11239 Leo Ln, Dallas, TX 75229, United States","11239 Leo Ln, Dallas, TX 75229, United States",4.5,101,YES,window replacement/installation,False,high,"As such, you can rest easy knowing a true professional is behind every door and window installation, making your home the beautiful showpiece it should be.",site scrape,YES
Dallas Glass and Mirror Yes,https://www.dallasglassandmirror.net/,dallasglassandmirror.net,"11245 Goodnight Ln #19, Dallas, TX 75229, United States","11245 Goodnight Ln #19, Dallas, TX 75229, United States",4.9,473,YES,"Window repair and replacement, 24-hour glass replacement, emergency board-up",False,high,"dallasglassandmirror.net/glass/ — ""Their services include window repair and replacement, glass shower enclosures, custom mirrors, glass railings, storefronts, and emergency board-up service.""",web research (earlier pass),UNKNOWN
North Dallas Window Cleaning Yes,http://northdallaswindowcleaning.com/?utm_campaign=gmb,northdallaswindowcleaning.com,"11259 Goodnight Ln #1122, Dallas, TX 75229, United States","11259 Goodnight Ln #1122, Dallas, TX 75229, United States",4.9,519,NO,window cleaning; window tint/film; window treatments,False,high,North Dallas Window Cleaning – Reliable Home Services in Dallas Texas .,site scrape,NO
Florida Impact Windows & Doors Yes,https://floridaimpact.com/,floridaimpact.com,"1126 S Powerline Rd, Deerfield Beach, FL 33442, United States","1126 S Powerline Rd, Deerfield Beach, FL 33442, United States",4.1,87,YES,installs/replaces windows; replacement windows; window product line; window replacement/installation; windows & doors,False,high,"a Impact Windows and Doors , you’ll find reasonable prices combined with over 30 years of window and door replacement experience.",site scrape,YES
New Edge Renovation Yes,https://www.newedgeren.com/,newedgeren.com,"1127 Eleanor St, Austin, TX 78721, United States","1127 Eleanor St, Austin, TX 78721, United States",4.8,88,NO,no window installation or repair signal on site,False,high,,site scrape,NO
Mila Auto Repair Yes,https://milaautogroup.com/,milaautogroup.com,"11310 Plano Rd Ste c, Dallas, TX 75243, United States","11310 Plano Rd Ste c, Dallas, TX 75243, United States",5,93,NO,no window installation or repair signal on site,False,high,,site scrape,NO
Bonnie & Clyde Car Stereo & Window Tinting Yes,http://bncstereo.com/,bncstereo.com,"11311 Harry Hines Blvd #104, Dallas, TX 75229, United States","11311 Harry Hines Blvd #104, Dallas, TX 75229, United States",4.8,1731,NO,vehicle glass only,True,high,"form your driving experience, making every trip more enjoyable. Read More The Benefits of Car Window Tinting February 16, 2025 Blog Benefits of Car Window TintingBeyond the sleek appearance",site scrape,NO
Pink's Windows Four Points - Lakeway Yes,https://pinkswindows.com/four-points-lakeway,pinkswindows.com,"11402 Farm to Market Rd 2222, Austin, TX 78726, United States","11402 Farm to Market Rd 2222, Austin, TX 78726, United States",5,250,NO,window cleaning,False,high,"From window cleaning to gutters and house washing, we always respect your property and time.",site scrape,NO
Azorean Mirror Inc Yes,http://azoreanmirror.com/,azoreanmirror.com,"1141 NE 7th Ave, Fort Lauderdale, FL 33304, United States","1141 NE 7th Ave, Fort Lauderdale, FL 33304, United States",4.8,18,NO,no window installation or repair signal on site,False,high,,site scrape,NO
Window Cleaner Pros Yes,https://windowcleanerpros.com/,windowcleanerpros.com,"11410 Mathis Ave, Farmers Branch, TX 75234, United States","11410 Mathis Ave, Farmers Branch, TX 75234, United States",5,145,NO,"Window cleaning, gutter cleaning, pressure washing",False,high,"windowcleanerpros.com 'Window Cleaner Dallas, TX (Free Estimates)' — 'Window Cleaning, Gutter Cleaning, and Pressure Washing services'",web research (earlier pass),UNREACHABLE
Daltex Glass & Aluminum Inc Yes,https://daltexglass.com/,daltexglass.com,"11419 Ferrell Dr #108, Farmers Branch, TX 75234, United States","11419 Ferrell Dr #108, Farmers Branch, TX 75234, United States",4.4,49,YES,commercial storefront glazing; insulated glass unit work,False,high,"We supply and install with the highest quality materials, backed by in-house insulated glass manufacturing.",site scrape,YES
AJ Window Solutions LLC Yes,https://ajwindowsolutions.com/,ajwindowsolutions.com,"11419 Mathis Ave Ste 211, Farmers Branch, TX 75234, United States","11419 Mathis Ave Ste 211, Farmers Branch, TX 75234, United States",4.3,13,YES,building glass replacement; installs/replaces windows; insulated glass unit work; named window styles; pane glazing work; window product line; window replacement/installation,False,high,AJ Window Solutions – Window Repairs and Installations .,site scrape,YES
Pro-Install Yes,https://www.proinstall.pro/,proinstall.pro,"1150 NW 54th St, Fort Lauderdale, FL 33309, United States","1150 NW 54th St, Fort Lauderdale, FL 33309, United States",4.8,94,YES,review explicitly describes window install/replacement,False,medium,,name/review keywords,UNKNOWN
EXPERT WINDOW TINT WRAP Yes,https://expertwindowtint.godaddysites.com/,expertwindowtint.godaddysites.com,"11507 Harry Hines Blvd, Dallas, TX 75229, United States","11507 Harry Hines Blvd, Dallas, TX 75229, United States",4.9,82,NO,window tint/film,False,high,EXPERT WINDOW TINT .,site scrape,NO
My Uncle Gus Yes,https://myunclegus.com/contact-us/,myunclegus.com,"11509 January Dr, Austin, TX 78753, United States","11509 January Dr, Austin, TX 78753, United States",5,4,NO,window cleaning,False,high,ir & Install Floor Repair Furniture Assembly Junk Removal & Cleanouts Fence & Gate Repair Pressure Washing Backsplash & Tile Deadbolt & Lock Installation Garbage Disposal Help Attic Ladder Inst,site scrape,NO
Green Mainland Yes,https://www.greenmainland.com/,greenmainland.com,"11610 Harry Hines Blvd #120, Dallas, TX 75229, United States","11610 Harry Hines Blvd #120, Dallas, TX 75229, United States",5,38,YES,insulated glass unit work; named window styles; windows & doors,False,high,Luxury Windows & Doors Dallas Texas | Custom Glazing Systems for Modern Homes Across Texas .,site scrape,YES
Pitch's Window Tinting & Auto Glass Yes,http://www.pitchswindowtinting.com/,pitchswindowtinting.com,"11634 Harry Hines Blvd, Dallas, TX 75229, United States","11634 Harry Hines Blvd, Dallas, TX 75229, United States",4.6,50,NO,window tint/film,True,high,Pitch's Window Tinting - Texas Best Quality and Prices .,site scrape,NO
CB Anderson Shutter Co Yes,https://www.cbandersonshutterco.com/,cbandersonshutterco.com,"11649 Chairman Dr Ste 2, Dallas, TX 75243, United States","11649 Chairman Dr Ste 2, Dallas, TX 75243, United States",5,31,NO,window treatments,False,high,"Custom exterior shutter manufacturer crafting handcrafted wood shutters designed for durability, curb appeal, and precise fit for residential properties.",site scrape,NO
Blackbird Custom Exterior Shutters Yes,https://blackbirdshutters.com/,blackbirdshutters.com,"11649 Chairman Dr Ste 2, Dallas, TX 75243, United States","11649 Chairman Dr Ste 2, Dallas, TX 75243, United States",5,15,NO,Custom exterior (decorative) shutters,False,medium,"blackbirdshutters.com/exterior-shutters/ — hand-crafted cedar/fiberglass exterior shutters, shutter installation and hardware; HomeAdvisor tags an 'exterior window installation' category but no window install content on their own site",web research (earlier pass),UNKNOWN
Sunbusters Window Tinting Yes,https://sunbusterstint.com/?utm_source=google&utm_medium=gbp&utm_campaign=researchblvd,sunbusterstint.com,"11655 Research Blvd Ste c, Austin, TX 78759, United States","11655 Research Blvd Ste c, Austin, TX 78759, United States",4.9,630,NO,vehicle glass only,True,high,Austin Car Window Tinting | Car Electronics | Ceramic Window Tint .,site scrape,NO
B&B Plate Glass Yes,https://www.austintxglass.net/,austintxglass.net,"11707 N Lamar Blvd, Austin, TX 78753, United States","11707 N Lamar Blvd, Austin, TX 78753, United States",4.9,533,YES,broken window glass; building glass replacement; commercial storefront glazing; installs/replaces windows; pane glazing work; window replacement/installation,False,high,"refront glass service, glass of austin, austin tx commercial mirrors, austin tx emergency window repair, austin tx sliding glass door repair, austin tx store front board up service, glass of ba",site scrape,YES
Capitol City Wood Works LLC Yes,https://capitolcitywoodworks.com/,capitolcitywoodworks.com,"11717 Blackhawk Dr, Austin, TX 78759, United States","11717 Blackhawk Dr, Austin, TX 78759, United States",5,42,NO,window cleaning,False,high,"installations, we also offer numerous wood restoration services, repairs, deck staining, pressure washing, and house painting.",site scrape,NO
Bluesky Building Supplies LLC Yes,https://www.blueskysupplies.net/,blueskysupplies.net,"11720 Chairman Dr #108, Dallas, TX 75243, United States","11720 Chairman Dr #108, Dallas, TX 75243, United States",4.7,87,NO,no window installation or repair signal on site,False,high,,site scrape,NO
Shade-Outdoor Living Solutions Yes,https://www.shadeandmore.com/,shadeandmore.com,"11782 Jollyville Rd, Austin, TX 78759, United States","11782 Jollyville Rd, Austin, TX 78759, United States",4.7,30,NO,window treatments,False,high,Top-Rated Retractable Shades | Shade-Outdoor Living Solutions .,site scrape,NO
McCoy's Building Supply Yes,https://www.mccoys.com/stores/austin-290-west-tx,mccoys.com,"11811 US-290, Austin, TX 78737, United States","11811 US-290, Austin, TX 78737, United States",4.6,201,YES,installs/replaces windows; named window styles; replacement windows; window product line; windows & doors,False,high,e the V2000 Series with many exterior and interior color options and the V3000 Series for replacement windows with expanded color options.,site scrape,YES
Transom Windows and Doors Yes,https://transomwindowsanddoors.com/,transomwindowsanddoors.com,"11837 Judd Ct #112, Dallas, TX 75243, United States","11837 Judd Ct #112, Dallas, TX 75243, United States",5,3,YES,"Window and door installation and replacement (Andersen, Pella); vinyl and composite replacement windows; also fiber cement siding",False,high,"Site page titles: 'Transom Windows and Doors Installation and Replacement' (transomwindowsanddoors.com/), 'Composite Windows' (/windows/composite/), 'Vinyl Windows' (/windows/vinyl/), 'Custom Replacement Luxury Doors and Windows Dallas, Texas'",web research (earlier pass),UNKNOWN
Transom Remodeling Yes,https://transomremodeling.com/,transomremodeling.com,"11837 Judd Ct #112, Dallas, TX 75243, United States","11837 Judd Ct #112, Dallas, TX 75243, United States",5,28,YES,"Window and door replacement, both within remodels and as standalone projects (sister brand Transom Windows & Doors)",False,high,"transomremodeling.com/north-dallas-windows-doors/ — 'improve North Dallas homes' energy efficiency, style, and first impression by updating windows and doors, using the highest quality products installed with incredible attention to detail'; 'their companion company, Transom Windows & Doors, special",web search (round 2),UNKNOWN
WJ Window Tint Yes,https://www.tintwindowpro.com/,tintwindowpro.com,"11838 E NW Hwy, Dallas, TX 75218, United States","11838 E NW Hwy, Dallas, TX 75218, United States",5,2,NO,window tint/film,False,high,Inicio - WJ Window Tint Pro .,site scrape,NO
101% AUTO WORKS DALLAS Yes,http://101autowork.com/,101autowork.com,"11857 Judd Ct #200, Dallas, TX 75243, United States","11857 Judd Ct #200, Dallas, TX 75243, United States",4.9,173,NO,vehicle glass only,True,high,"cations in Los Angeles and Dallas, we specialize in exceeding expectations with top-notch car window tinting, body wraps, detailing, and washing.",site scrape,NO
Vivero Growers Nursery Yes,http://viverogrowers.com/,viverogrowers.com,"12000 US-290, Austin, TX 78737, United States","12000 US-290, Austin, TX 78737, United States",4.8,210,NO,no window installation or repair signal on site,False,high,,site scrape,NO
Conservation Construction of Dallas Yes,https://conservationconstructionofdallas.com/,conservationconstructionofdallas.com,"1201 E Avenue J, Grand Prairie, TX 75050, United States","1201 E Avenue J, Grand Prairie, TX 75050, United States",4.5,231,YES,"Energy-efficient vinyl replacement windows, impact-resistant storm windows, patio doors — professionally installed",False,high,"Site title 'Conservation Construction: Window Replacement Dallas'; page /windows/dallas-replacement-windows/ — 'All replacement windows, patio doors and whole house siding projects are professionally installed'",web research (earlier pass),UNKNOWN
US Custom Shades Yes,http://www.us-customshades.com/,us-customshades.com,"1201 NW 65th Pl, Fort Lauderdale, FL 33309, United States","1201 NW 65th Pl, Fort Lauderdale, FL 33309, United States",4.1,13,NO,blinds/shades/shutters/drapery (window treatments),False,medium,,name/review keywords,UNKNOWN
Total Glassworks Yes,https://www.totalglassworks.net/,totalglassworks.net,"12010 US-290 Ste 140, Austin, TX 78737, United States","12010 US-290 Ste 140, Austin, TX 78737, United States",5,11,YES,commercial storefront glazing; installs/replaces windows; window replacement/installation,False,high,vices Handrail Glass Installation Shower glass installation Storefront Glass Installation Window Glass Replacement Wine-Room Glass FAQ Gallery Blog Contact (512) 831-7065 Book a consultation Total Glasswo,site scrape,YES
Hill Country Awnings & Shades of Texas Yes,https://retractablesolarscreens.com/,retractablesolarscreens.com,"12010 US-290 Ste 220, Austin, TX 78737, United States","12010 US-290 Ste 220, Austin, TX 78737, United States",5,34,NO,blinds/shades/shutters/drapery (window treatments),False,medium,,name/review keywords,UNREACHABLE
Precision Garage Door of Dallas Yes,https://precisiondoordallas.com/?utm_source=google&utm_medium=gmb&utm_campaign=GMB+Dallas,precisiondoordallas.com,"12021 S Plano Rd Ste 110, Dallas, TX 75243, United States","12021 S Plano Rd Ste 110, Dallas, TX 75243, United States",4.8,790,YES,insulated glass unit work,False,high,Hernandez Nicholas Glashauser Christopher Moreland Eduardo Ruiz Marcus Jordan Adonay Rodriguez Christopher Carpenter Evan Strauss Domenic Carapellucci Tony Mendoza Drey Ceaser See Al,site scrape,YES
E & D Auto Works Yes,https://www.endautoworks.com/,endautoworks.com,"12022 Garland Rd, Dallas, TX 75218, United States","12022 Garland Rd, Dallas, TX 75218, United States",4.9,54,NO,no window installation or repair signal on site,False,high,,site scrape,NO
Infinity Replacement by Marvin Yes,https://install.infinitywindows.com/locations/texas/dallas/?utm_source=gmb&utm_medium=organic&utm_campaign=dfw,install.infinitywindows.com,"1205 E Avenue J, Grand Prairie, TX 75050, United States","1205 E Avenue J, Grand Prairie, TX 75050, United States",4.8,261,YES,installs/replaces windows; insulated glass unit work; named window styles; pane glazing work; replacement windows; window product line; window replacement/installation; windows & doors,False,high,"uilt, keeping you posted on progress and confirming installation dates with you. Door and Window Installation What to expect on installation day Walk-through Your project manager will conduct an init",site scrape,YES
Energy Shield Window & Door Company Yes,https://energyshieldwindowsanddoors.com/,energyshieldwindowsanddoors.com,"1205 N Eliseo Felix Jr Way B103, Avondale, AZ 85323, United States","1205 N Eliseo Felix Jr Way B103, Avondale, AZ 85323, United States",4.7,365,YES,commercial storefront glazing; installs/replaces windows; named window styles; replacement windows; window product line; window replacement/installation; windows & doors,False,high,Window Replacement Company - Windows Glass Doors in Arizona .,site scrape,YES
Driven By Design Yes,https://www.drivenbydesignatx.com/,drivenbydesignatx.com,"12100 RM 1826 Ste 950, Austin, TX 78737, United States","12100 RM 1826 Ste 950, Austin, TX 78737, United States",5,41,NO,window tint/film,False,high,years of Experience Austin TX Auto Performance | Suspension | Wheels & Tires Body Paint | Window Tinting | Illumination High Fidelity Sound Systems Custom Car Specialist Serving Austin TX Whe,site scrape,NO
Austin Blind Faith Window Coverings Yes,http://www.austinblindfaith.com/,austinblindfaith.com,"12100 RM 1826 Unit 2, Austin, TX 78737, United States","12100 RM 1826 Unit 2, Austin, TX 78737, United States",4.4,7,NO,window treatments,False,high,"Welcome to Blind Faith, your trusted source for custom blinds, shades, and shutters.",site scrape,NO
Caliber Auto Glass Yes,https://www.caliber.com/find-a-location/dallas-self-plaza-dr-glass-75218?utm_source=google&utm_medium=gbp-profile&utm_campaign=webform-GBPwebsite&utm_content=&utm_term=&utm_id=0967,caliber.com,"12101 Self Plaza Dr, Dallas, TX 75218, United States","12101 Self Plaza Dr, Dallas, TX 75218, United States",4.7,47373,NO,"National auto glass / collision chain (windshield repair & replacement, ADAS calibration)",False,high,"caliber.com/find-a-location/...-glass pages: 'windshield repair, windshield replacement, side window replacement, fleet services, mobile auto glass repair, ADAS calibration, hail damage repair'. Vehicle-only.",web research (earlier pass),UNKNOWN
Christian Brothers Automotive White Rock Yes,https://www.cbac.com/white-rock/?utm_source=GMB&utm_medium=organic&utm_campaign=white-rock&utm_content=website-cta,cbac.com,"12124 McCree Rd, Dallas, TX 75238, United States","12124 McCree Rd, Dallas, TX 75238, United States",4.6,435,NO,no window installation or repair signal on site,False,high,,site scrape,NO
Window & Door Hilt LLC Yes,https://windowanddoorhilt.com/,windowanddoorhilt.com,"1213 Marilyn Jayne Ln, Rockwall, TX 75087, United States","1213 Marilyn Jayne Ln, Rockwall, TX 75087, United States",0,0,YES,installs/replaces windows; replacement windows; window product line; window replacement/installation; windows & doors,False,high,& Services European Quality Our Products Installation & Service Service Areas FAQ Careers Windows Window Replacement Window Installation Thermalast Windows Vinyl Windows Aluminum Windows Energy Efficient Wi,site scrape,YES
HD Roofing and Repairs Yes,https://www.hdroofingandrepairs.com/?utm_source=google&utm_medium=Organic&utm_campaign=gbp,hdroofingandrepairs.com,"12131 Pecan St, Austin, TX 78727, United States","12131 Pecan St, Austin, TX 78727, United States",4.9,333,NO,no window installation or repair signal on site,False,high,,site scrape,NO
Renewal by Andersen Window Replacement Yes,https://renewalbyandersenreplacement.com/locations/tx/dallas/?utm_source=googlebusinessprofile&utm_medium=organic,renewalbyandersenreplacement.com,"1215 W Crosby Rd #180, Carrollton, TX 75006, United States","1215 W Crosby Rd #180, Carrollton, TX 75006, United States",4.8,2988,YES,Full-service replacement window and patio/entry door installation,False,high,"renewalbyandersen.com/locations/north-tx/carrollton titled 'Window & Door Replacement in Carrollton, TX' at 1215 W Crosby Rd #180 - matches the listed address; 'meticulously crafted and expertly installed windows'",web research (earlier pass),UNREACHABLE
Dallas Frameless Glass Yes,http://www.dallasframeless.com/,dallasframeless.com,"12200 N Stemmons Fwy, Farmers Branch, TX 75234, United States","12200 N Stemmons Fwy, Farmers Branch, TX 75234, United States",4.3,18,YES,building glass replacement; commercial storefront glazing,False,high,"Get in Touch with the Most Trusted Commercial & Residential Glass Service Company in Dallas, Texas.",site scrape,YES
Wolfpack Roofing & Exteriors Yes,https://wolfpackrfg.com/?utm_source=google&utm_medium=organic&utm_campaign=gmb,wolfpackrfg.com,"12201 Alcanza Dr, Austin, TX 78739, United States","12201 Alcanza Dr, Austin, TX 78739, United States",4.9,90,YES,"Door and window repair, addressing moisture intrusion",False,high,"wolfpackrfg.com/door-window-repair — page titled 'Door & Window Repair | Austin, TX | Wolfpack Roofing'; 'The company also offers door and window repair services to address moisture issues before further damage occurs to your home.' Repair rather than full replacement.",web search (round 2),UNKNOWN
Nations Auto Glass - North Austin Yes,https://nationsautoglass.com/austin-texas-124/,nationsautoglass.com,"12212 Ranch Rd 620 N, Austin, TX 78750, United States","12212 Ranch Rd 620 N, Austin, TX 78750, United States",4.9,46,NO,vehicle glass,True,high,Multi-State Windshield Replacement | Nations Auto Glass .,site scrape,NO
Guido Materials Yes,https://www.guidomaterials.com/,guidomaterials.com,"12225 Bee Caves Rd Ste 200, Bee Cave, TX 78738, United States","12225 Bee Caves Rd Ste 200, Bee Cave, TX 78738, United States",4.1,41122,YES,commercial storefront glazing; installs/replaces windows; insulated glass unit work; windows & doors,False,high,Showrooms in San Antonio & Fredericksburg ↑ COMPANIES CONSTRUCTION MATERIALS REPLACEMENTS Windows & Doors Lumber Decking Millwork Why Guido Contact Make a Payment Back Our Products Marvin Western,site scrape,YES
PERTEX Roofing & Construction Yes,https://pertexroofing.com/?utm_source=omg-gbp&utm_medium=webclick,pertexroofing.com,"12225 Greenville Ave Ste 732, Dallas, TX 75243, United States","12225 Greenville Ave Ste 732, Dallas, TX 75243, United States",4.9,30,YES,"Windows listed as a service alongside roofing, gutters, siding, fencing and painting in storm restoration work",False,high,"pertexroofing.com — 'PERTEX Roofing & Construction is a full service roofing general contractor that restores your property to pre-storm condition. Their services include roofing, gutters, fencing, windows, interior and exterior painting, siding and mortar'; 'hail and high wind roofing expert for bo",web search (round 2),UNKNOWN
Austin Gutterman Yes,http://www.austingutterman.com/,austingutterman.com,"12229 Roxie Dr, Austin, TX 78729, United States","12229 Roxie Dr, Austin, TX 78729, United States",4.9,178,NO,no window installation or repair signal on site,False,high,,site scrape,NO
A&M Glass Service Yes,http://www.amglassservice.com/,amglassservice.com,"12243 Shiloh Rd, Dallas, TX 75228, United States","12243 Shiloh Rd, Dallas, TX 75228, United States",4.9,93,NO,vehicle glass,True,high,"Auto Glass Repair & Replacement Dallas, Garland, Frisco, TX - A & M Glass Service .",site scrape,NO
DARKLIGHT WINDOW SERVICES Yes,https://darklightwindowservices.godaddysites.com/,darklightwindowservices.godaddysites.com,"12301 N Central Expy, Dallas, TX 75243, United States","12301 N Central Expy, Dallas, TX 75243, United States",3,2,NO,window tint/film,False,high,WHY CHOOSE WINDOW FILM?,site scrape,NO
Fish Window Cleaning Yes,https://www.fishwindowcleaning.com/Austin-TX-440/,fishwindowcleaning.com,"12307 Roxie Dr Ste 101, Austin, TX 78729, United States","12307 Roxie Dr Ste 101, Austin, TX 78729, United States",4.7,23,NO,window cleaning,False,high,Fish Window Cleaning | Professional Window Washers .,site scrape,NO
HRS Window Cleaning LLC Yes,http://hrswindowcleaning.com/,hrswindowcleaning.com,"12307 Roxie Dr Ste 102, Austin, TX 78729, United States","12307 Roxie Dr Ste 102, Austin, TX 78729, United States",5,21,YES,window replacement/installation,False,high,ng . HRS Window Cleaning . HRS Window Cleaning 0 Skip to Content HRS Window Cleaning Home Window Service and Repair High Dusting Products Blog About Open Menu Close Menu HRS Window Cleaning Home Window Ser,site scrape,YES
Driftwood Builders Roofing Yes,https://driftwoodbuildersroofing.com/?utm_campaign=gmb,driftwoodbuildersroofing.com,"12308 Twin Creek Rd Ste 101A, Manchaca, TX 78652, United States","12308 Twin Creek Rd Ste 101A, Manchaca, TX 78652, United States",5,258,YES,installs/replaces windows; insulated glass unit work; pane glazing work; replacement windows; window product line; window replacement/installation,False,high,512-894-0129 Home About Services Gutter Installation & Replacement Soffit & Fascia Repair Window Replacement Locations Projects Reviews Certification Home About Services Gutter Installation & Replac,site scrape,YES
JASB Roofing & Exterior Remodeling Yes,https://www.jasbsolutions.com/?utm_source=omg-gbp&utm_medium=webclick,jasbsolutions.com,"12325 Hymeadow Dr Ste 1-103, Austin, TX 78750, United States","12325 Hymeadow Dr Ste 1-103, Austin, TX 78750, United States",4.7,117,YES,installs/replaces windows; replacement windows; window product line; window replacement/installation; windows & doors,False,high,"terior remodeling services , including custom deck installation, siding installation, and window and door replacement .",site scrape,YES
Wolfman Chimney & Fireplace Yes,https://wolfmanchimneyfireplace.com/austin-tx/,wolfmanchimneyfireplace.com,"12345 Pauls Valley Rd Ste D-2, Austin, TX 78737, United States","12345 Pauls Valley Rd Ste D-2, Austin, TX 78737, United States",4.9,130,YES,insulated glass unit work,False,high,It’s more about figuring out which is best for you.,site scrape,YES
Alumiglass and Windows LLC Yes,https://alumiglassandwindows.com/,alumiglassandwindows.com,"1235 Tree Top Dr, Frisco, TX 75033, United States","1235 Tree Top Dr, Frisco, TX 75033, United States",5,76,YES,commercial storefront glazing; window product line; window replacement/installation; windows & doors,False,high,Expert Glass & Window Installation | Alumiglass & Windows .,site scrape,YES
Monty's Handyman & Remodeling Services Yes,https://getmontys.com/,getmontys.com,"12357 Riata Trace Pkwy Ste 200, Austin, TX 78727, United States","12357 Riata Trace Pkwy Ste 200, Austin, TX 78727, United States",4.9,135,NO,no window installation or repair signal on site,False,high,,site scrape,NO
That 1 Painter Austin Yes,https://that1painter.com/austin,that1painter.com,"12357 Riata Trace Pkwy, Austin, TX 78727, United States","12357 Riata Trace Pkwy, Austin, TX 78727, United States",4.8,1085,YES,commercial storefront glazing,False,high,"try Licensed and insured commercial painting contractors serving office buildings, retail storefronts, warehouses, multi-family apartments, medical facilities, schools, churches, restaurants",site scrape,YES
Stateline Windows & Doors Yes,https://www.statelinewd.com/,statelinewd.com,"1240 Shappert Dr, Machesney Park, IL 61115, United States","1240 Shappert Dr, Machesney Park, IL 61115, United States",5,5,YES,commercial storefront glazing; installs/replaces windows; named window styles; pane glazing work; replacement windows; window product line; window replacement/installation; windows & doors,False,high,ansform Your Home's Energy Efficiency ﻿ Rock County's TOP RATED window and door installation provider Professional window and door installation that reduces energy costs year-round.,site scrape,YES
The Blind Lady Yes,http://www.blindlady.com/,blindlady.com,"12400 State Hwy 71, Bee Cave, TX 78738, United States","12400 State Hwy 71, Bee Cave, TX 78738, United States",5,8,NO,window treatments,False,high,Your Window Covering Experts!,site scrape,NO
Austin Auto Finishes Yes,https://www.austinautofinishes.com/,austinautofinishes.com,"12406 Technology Blvd, Austin, TX 78727, United States","12406 Technology Blvd, Austin, TX 78727, United States",4.8,406,NO,vehicle glass only,True,high,ction 87% Infrared Energy Rejection (IRER) 60% SIDES & REAR TINT | STARTING AT $299 FRONT WINDSHIELD TINT | STARTING AT $249 Tesla Model Y Juniper in for Full Madico Ceramic Window Tint - Au,site scrape,NO
Variety Blinds and Shutters Yes,http://www.varietyblinds.com/,varietyblinds.com,"12408 Altamira St, Austin, TX 78748, United States","12408 Altamira St, Austin, TX 78748, United States",4.8,37,NO,window tint/film; window treatments,False,high,"precise light control and privacy, making them a functional and stylish investment. view Solar Screens Designed specifically to combat the intense Texas sun, solar screens reduce solar heat g",site scrape,NO
Sunset Auto Glass Solutions Yes,http://sunsetautoglass.net/,sunsetautoglass.net,"12410 Alameda Trace Cir, Austin, TX 78727, United States","12410 Alameda Trace Cir, Austin, TX 78727, United States",5,51,NO,vehicle glass only,True,high,Sunset AutoGlass | Auto Glass Repair Austin TX & Windshield .,site scrape,NO
Vana Homes Yes,https://www.vanahomes.com/,vanahomes.com,"1250 S Capital of Texas Hwy Bldg 3 suite 450, Austin, TX 78746, United States","1250 S Capital of Texas Hwy Bldg 3 suite 450, Austin, TX 78746, United States",5,17,NO,window cleaning,False,high,"xtra details like bathroom fans, baseboards, windows, inside cabinets, indoor and outdoor window cleaning, decks, garages, closets etc.",site scrape,NO
Century Outdoor Services Yes,https://centuryoutdoor.com/,centuryoutdoor.com,"12507 Pauls Valley Rd Bldg 2, Austin, TX 78737, United States","12507 Pauls Valley Rd Bldg 2, Austin, TX 78737, United States",4.9,208,NO,"lawn care, fertilization, weed and pest control",False,high,"centuryoutdoor.com/services/ — 'specializes in lawn fertilization and weed control, pest and disease treatments, liquid aeration, grub and chinch bug control, and shrub and tree fertilization'; Yelp category 'Lawn Services'.",web search (round 2),UNKNOWN
😎 Austin Sunshades Tint & Sound Yes,https://www.austinsunshades.com/,austinsunshades.com,"12538 Research Blvd # B, Austin, TX 78759, United States","12538 Research Blvd # B, Austin, TX 78759, United States",4.7,372,NO,vehicle glass,True,high,"3M Window Tint Explore 3M Ceramic IR, 3M Crystalline , windshield film, and factory-match tint options for Austin drivers.",site scrape,NO
Fiducia Roofing & Restoration Yes,https://fiduciarestoration.com/,fiduciarestoration.com,"12600 Hill Country Blvd R-275, Austin, TX 78738, United States","12600 Hill Country Blvd R-275, Austin, TX 78738, United States",5,56,NO,no window installation or repair signal on site,False,high,,site scrape,NO
Austin Shower Glass Yes,https://www.austinshowerglass.com/,austinshowerglass.com,"12600 Hill Country Blvd R-275, Bee Cave, TX 78738, United States","12600 Hill Country Blvd R-275, Bee Cave, TX 78738, United States",5,171,NO,no window installation or repair signal on site,False,high,,site scrape,NO
Mt. Zion Auto Glass Yes,https://www.mtzionautoglass.org/,mtzionautoglass.org,"12600 Hill Country Blvd Ste R-130, Bee Cave, TX 78738, United States","12600 Hill Country Blvd Ste R-130, Bee Cave, TX 78738, United States",0,0,NO,vehicle glass,True,high,Zion Auto Glass .,site scrape,NO
TWT Exteriors & Roofing Yes,https://twtexteriors.com/,twtexteriors.com,"12600 Hill Country Blvd Ste R-275 #191, Bee Cave, TX 78738, United States","12600 Hill Country Blvd Ste R-275 #191, Bee Cave, TX 78738, United States",5,62,YES,window replacement/installation; windows & doors,False,high,"ts’ homes. Masonry Window work Painting Hardie Siding (concrete) Stucco Siding, Door, and Window Replacement Whether you’re looking to change the aesthetics of your home or your existing siding and",site scrape,YES
Carpet now - South Austin Carpet Installation Yes,https://carpetnow.com/texas-locations/south-austin-carpet-installation,carpetnow.com,"12600 Hill Country Blvd Suite R-275 - #919, Bee Cave, TX 78738, United States","12600 Hill Country Blvd Suite R-275 - #919, Bee Cave, TX 78738, United States",5,160,NO,no window installation or repair signal on site,False,high,,site scrape,NO
Lowe's Home Improvement Yes,https://www.lowes.com/store/TX-Bee-Cave/1948?cm_mmc=lod-_-c-_-lcl-_-awr-_-yxt-_-go-_-1948-_-na-_-0-_-0&y_source=1_MTE4MzQ3Ni03MTUtbG9jYXRpb24ud2Vic2l0ZQ%3D%3D,lowes.com,"12611 Suite 100 Shops Pkwy, Bee Cave, TX 78738, United States","12611 Suite 100 Shops Pkwy, Bee Cave, TX 78738, United States",4.1,964,NO,no window installation or repair signal on site,False,high,,site scrape,NO
American Tornado Master Yes,http://www.tornadomaster.com/,tornadomaster.com,"12640 Northwest Hwy, Dallas, TX 75228, United States","12640 Northwest Hwy, Dallas, TX 75228, United States",3.9,11,NO,Storm/tornado shelter manufacturer and installer,False,high,"tornadomaster.com - 'built, delivered and installed Above Ground Concrete & Steel and Below Ground Concrete & Steel Severe Weather Shelters'; below ground, handicapped, new construction, above ground and custom designer shelters. No window work.",web research (earlier pass),UNKNOWN
Shower Doors of Austin Yes,https://www.goframelessaustin.com/,goframelessaustin.com,"12707 Nutty Brown Rd Bldg D, Austin, TX 78737, United States","12707 Nutty Brown Rd Bldg D, Austin, TX 78737, United States",4.8,64,YES,commercial storefront glazing; insulated glass unit work,False,high,"6 Frameless Neo-Angle with Ladder Pull in Leander, Tx This frameless neo-angle shower configuration makes brilliant use of the corner space next to a raised soaking tub platform.",site scrape,YES
Sicara Design Yes,http://www.sicaradesign.com/,sicaradesign.com,"12820 Hill Country Blvd Ste E-120, Bee Cave, TX 78738, United States","12820 Hill Country Blvd Ste E-120, Bee Cave, TX 78738, United States",5,23,NO,no window installation or repair signal on site,False,high,,site scrape,NO
NewSouth Window Solutions Yes,https://newsouthwindow.com/location-austin-tx/,newsouthwindow.com,"12901 I-35 Bldg 6, Unit 600, Austin, TX 78753, United States","12901 I-35 Bldg 6, Unit 600, Austin, TX 78753, United States",5,34,YES,installs/replaces windows; insulated glass unit work; named window styles; replacement windows; window product line; window replacement/installation; windows & doors,False,high,T 4 FREE All NewSouth Windows* Get a free quote The NewSouth Process Easy and Stress-Free Window Replacement WORDS FROM OUR SATISFIED CUSTOMERS I could not be happier.,site scrape,YES
Austintatious Blinds & Shutters Yes,https://www.austintatiousblinds.com/,austintatiousblinds.com,"12918 Shops Pkwy #700, Austin, TX 78738, United States","12918 Shops Pkwy #700, Austin, TX 78738, United States",4.8,83,NO,window treatments,False,high,"Austintatious Blinds & Shutters | Window Coverings in Austin, Texas .",site scrape,NO
Alfa Romeo of Austin Service Yes,https://www.alfaromeoaustin.com/service/center.htm?utm_source=google&utm_medium=organic&utm_campaign=gbp+service,alfaromeoaustin.com,"12925 Pond Springs Rd, Austin, TX 78729, United States","12925 Pond Springs Rd, Austin, TX 78729, United States",4.9,410,NO,no window installation or repair signal on site,False,high,,site scrape,NO
Mend Services Yes,https://mendservices.com/,mendservices.com,"12951 Wright Rd, Buda, TX 78610, United States","12951 Wright Rd, Buda, TX 78610, United States",4.9,596,NO,"plumbing, electrical and HVAC contractor",False,high,"mendservices.com/buda-tx/ — 'Mend Services brings together plumbing, electrical, and HVAC expertise under one roof for Buda homeowners'; indexed pages are electrician, electrical repair, electrical installation and electrical panel services. No window work.",web search (round 2),UNKNOWN
Art's Door & Window Replacement Yes,https://artswindowreplacement.com/,artswindowreplacement.com,+1 779-363-0284,"130 S State St #410, Belvidere, IL 61008, United States",5,5,YES,name states window installation/replacement/doors,False,medium,,name/review keywords,UNREACHABLE
Precision Garage Door of Austin Yes,https://precisiondooraustin.com/?utm_source=gmb&utm_medium=location_austin&utm_campaign=website,precisiondooraustin.com,"1300 Smith Rd #105, Austin, TX 78721, United States","1300 Smith Rd #105, Austin, TX 78721, United States",4.9,1774,NO,no window installation or repair signal on site,False,high,,site scrape,NO
PORTEUSA Yes,http://porteusa.com/,porteusa.com,"1300 W Anderson Ln., Austin, TX 78757, United States","1300 W Anderson Ln., Austin, TX 78757, United States",5,50137,YES,commercial storefront glazing; insulated glass unit work; named window styles; window product line; windows & doors,False,high,"tee your satisfaction. WIndow Walls CASEMENT WINDOWS Steel Picture Frame Windows The most energy efficient windows You design it, we build and install it Standard features include 3/4"" insulated tempered",site scrape,YES
Custom Sounds & Tint - Research Yes,https://www.customsounds.com/locations/13026-research-blvd-austin-tx-78750,customsounds.com,"13026 Research Blvd, Austin, TX 78750, United States","13026 Research Blvd, Austin, TX 78750, United States",4.5,284,NO,"car audio, vehicle electronics and automotive window tinting",False,high,"customsounds.com — 'Window Tint, Remote Start, Car Audio'; the Research Blvd location 'specializes in high-quality car audio installations, window tinting, and vehicle electronics ... dash cam installation, car alarm installation, sunroof installation, and remote start'; Yelp category 'Car Stereo In",web search (round 2),UNREACHABLE
Southern Windows and Doors Yes,https://slwindowsdfw.com/,slwindowsdfw.com,"1303 Columbia Dr Ste. 207, Richardson, TX 75081, United States","1303 Columbia Dr Ste. 207, Richardson, TX 75081, United States",4.7,30,YES,installs/replaces windows; insulated glass unit work; named window styles; pane glazing work; replacement windows; window product line; window replacement/installation; windows & doors,False,high,Southern Windows & Doors - Window Installation & Replacement .,site scrape,YES
AC Superheroes Yes,https://www.acsuperheroestx.com/?utm_source=google&utm_medium=organic&utm_campaign=local+listings,acsuperheroestx.com,"1305 Buffalo Gap Rd, Austin, TX 78734, United States","1305 Buffalo Gap Rd, Austin, TX 78734, United States",4.9,313,YES,insulated glass unit work,False,high,I called up AC superheroes on a Saturday and they were here Sunday morning to figure out the problem.,site scrape,YES
Round Rock Window Tinting Yes,https://roundrockwindowtinting.com/,roundrockwindowtinting.com,"1310 Chisholm Valley Dr Suite 403, Round Rock, TX 78681, United States","1310 Chisholm Valley Dr Suite 403, Round Rock, TX 78681, United States",5,473,NO,window tint/film,False,high,Round Rock Window Tinting | Trusted Ceramic Experts .,site scrape,NO
Well Done Screen Repair Yes,http://welldonescreenrepair.com/,welldonescreenrepair.com,"13102 Lubbock Ln, Austin, TX 78729, United States","13102 Lubbock Ln, Austin, TX 78729, United States",5,25,YES,installs/replaces windows; window replacement/installation,False,high,Window Screen Repair | Austin Texas .,site scrape,YES
ATX Electrical Services Yes,http://atxelectricalservices.com/?utm_source=google&utm_medium=wix_google_business_profile&utm_campaign=2542670404864221154,atxelectricalservices.com,"13110 West Highway 290 #11, Austin, TX 78737, United States","13110 West Highway 290 #11, Austin, TX 78737, United States",5,95,NO,no window installation or repair signal on site,False,high,,site scrape,NO
Austin Jones Company Yes,http://austinjonescompany.com/,austinjonescompany.com,"13119 Green River Trail, Austin, TX 78729, United States","13119 Green River Trail, Austin, TX 78729, United States",4.8,94,YES,installs/replaces windows; replacement windows; window product line; window replacement/installation,False,high,"OUT US SERVICES INTERIOR & EXTERIOR PAINTING KITCHEN & BATH REMODELING SIDING REPLACEMENT WINDOW REPLACEMENTS GALLERY REVIEWS CONTACT US Address 13119 Green River Trail, Austin, TX 78729 Get in touc",site scrape,YES
Bargain Blinds KC Yes,http://bargainblinds.shop/,bargainblinds.shop,"1314 E Las Olas Blvd Suite 1667, Fort Lauderdale, FL 33301, United States","1314 E Las Olas Blvd Suite 1667, Fort Lauderdale, FL 33301, United States",4.7,51,NO,window treatments,False,high,"Contact us for custom blinds, drapes, shades, shutters & more!",site scrape,NO
EcoStar Remodeling & Construction Yes,https://ecosremodeling.com/,ecosremodeling.com,"13140 Coit Rd Ste 340, Dallas, TX 75240, United States","13140 Coit Rd Ste 340, Dallas, TX 75240, United States",4.6,323,YES,installs/replaces windows; window product line; window replacement/installation,False,high,tions ADU Garage Conversions Plumbing Electrical HVAC Insulation Turf Roofing Landscaping Window Installation Driveways Exterior Painting Interior Painting Deck Builders Siding Patio Cover Foundation,site scrape,YES
Metroplex Gutter and Windows Yes,https://metroplexgutters.com/,metroplexgutters.com,"1315 S Akard St, Dallas, TX 75215, United States","1315 S Akard St, Dallas, TX 75215, United States",5,7,YES,commercial storefront glazing; installs/replaces windows; insulated glass unit work; named window styles; pane glazing work; replacement windows; window product line; window replacement/installation,False,high,af Guards for DFW Trees Copper Gutters Commercial Gutter Systems Downspouts & Rain Chains Window Systems Replacement Windows — Engineered for DFW Summers Most window marketing is written for cold climates —,site scrape,YES
Cothron's Safe & Lock Yes,https://www.cothrons.com/,cothrons.com,"1315 W Ben White Blvd, Austin, TX 78704, United States","1315 W Ben White Blvd, Austin, TX 78704, United States",4.6,126,YES,commercial storefront glazing,False,high,"security, locksmith services, door frame, storefront glass, electronic security, access control, home security .",site scrape,YES
Design Skylights Yes,https://www.designskylightsatx.com/,designskylightsatx.com,"13200 Pond Springs Rd I-73, Austin, TX 78729, United States","13200 Pond Springs Rd I-73, Austin, TX 78729, United States",4.8,43,NO,window treatments,False,high,. Fixed Skylights Fixed skylights do not open but still bring in beautiful natural light. Shades or blinds can be added to control the amount of light and can be operated with solar powe,site scrape,NO
Longhorn Glass Yes,http://longhornglass.net/,longhornglass.net,"13216 Pond Springs Rd, Austin, TX 78729, United States","13216 Pond Springs Rd, Austin, TX 78729, United States",4.4,77,YES,building glass replacement; commercial storefront glazing; installs/replaces windows; insulated glass unit work,True,high,Glass Commercial Glass Residential Glass Heavy Machinery Window Cleaning Get A FAST Quote Commercial Glass Services FREE Estimates Lifetime Workmanship Warranty Same-Day Services Available Get A FAST Quot,site scrape,YES
Love That Door Yes,https://www.lovethatdoor.com/?utm_campaign=gmbdallas,lovethatdoor.com,"1322 Round Table Dr, Dallas, TX 75247, United States","1322 Round Table Dr, Dallas, TX 75247, United States",5,95,YES,commercial storefront glazing; insulated glass unit work; named window styles; pane glazing work; window product line,False,high,led Steel Aluminum Products lift and slide patio doors aluminum bifold aluminum panoramic aluminum windows garage doors Thermally Broken Additional Features pulls locks finishes glass LTD CATALOG,site scrape,YES
Hardy Windows of Texas Yes,https://hardytexas.com/?utm_source=google&utm_medium=organic&utm_campaign=gbp-austin&utm_id=local&utm_content=austin,hardytexas.com,"13240 Pond Springs Rd, Austin, TX 78729, United States","13240 Pond Springs Rd, Austin, TX 78729, United States",5,14,YES,commercial storefront glazing; installs/replaces windows; insulated glass unit work; named window styles; pane glazing work; replacement windows; window product line; window replacement/installation; windows & doors,False,high,"Hardy Windows of Texas - Window Replacement in Austin, TX .",site scrape,YES
Storm Guard Roofing of Austin Yes,https://www.stormguardrc.com/tx/austin-southwest/?utm_campaign=gmb&utm_medium=organic&utm_source=gbp,stormguardrc.com,"13284 Pond Springs Rd #303, Austin, TX 78729, United States","13284 Pond Springs Rd #303, Austin, TX 78729, United States",5,265,YES,installs/replaces windows; insulated glass unit work; named window styles; pane glazing work; window product line; window replacement/installation,False,high,"your siding in tip-top shape, bringing 20+ years of experience for long-lasting results. Window Installation Professional window installation often becomes necessary during a home remodel, home impr",site scrape,YES
Salted Interiors Yes,https://www.saltedinteriors.com/,saltedinteriors.com,"13341 W U.S. 290 Bldg 2, Austin, TX 78737, United States","13341 W U.S. 290 Bldg 2, Austin, TX 78737, United States",4.7,10,NO,window treatments,False,high,dow Treatments Custom Bedding and Cushions Outdoor Living Space Planning / Design Outdoor Shades and Structure Design DESIGN CONSULTATION WORKING TOGETHER FULL SERVICE DESIGN CONCIERGE W,site scrape,NO
Mister Glass Yes,https://www.misterglassinc.com/?utm_source=gmb&utm_medium=organic&utm_campaign=DALLAS,misterglassinc.com,"13342 Floyd Cir, Dallas, TX 75243, United States","13342 Floyd Cir, Dallas, TX 75243, United States",4.9,3629,YES,building glass replacement; commercial storefront glazing; insulated glass unit work; pane glazing work; window replacement/installation,True,high,main content About Auto Glass Windshield Repair Windshield Replacement Back Glass & Side Window Replacement ADAS Windshield Recalibration For Insurance Agencies For Fleet Service Residential Glass,site scrape,YES
Windowpros Window Replacement Yes,http://austinwindowpros.com/,austinwindowpros.com,"13359 N N Hwy 183 Suite 406-520, Austin, TX 78750, United States","13359 N N Hwy 183 Suite 406-520, Austin, TX 78750, United States",4.9,39,YES,broken window glass; installs/replaces windows; insulated glass unit work; pane glazing work; replacement windows; window product line; window replacement/installation,False,high,| Replacement Windows in Austin . Windowpros LLC | Replacement Windows in Austin Services Window Installation & Repair Window Replacement Glass Replacement Window Repair Residential Window Installati,site scrape,YES
Dayton Co. Roofing & Renovation Yes,http://daytoncontractingaustin.com/?utm_source=google&utm_medium=organic&utm_campaign=google-business-profile&utm_content=website,daytoncontractingaustin.com,"13363 Pond Springs Rd, Austin, TX 78729, United States","13363 Pond Springs Rd, Austin, TX 78729, United States",5,191,YES,insulated glass unit work; window replacement/installation,False,high,"ation services include skilled and efficient carpentry and rotten wood repair, siding and window replacement, professional painting, stucco repair, and more.",site scrape,YES
RAM Windows & Doors Yes,https://ramwindows.com/,ramwindows.com,+1 469-520-7866,"134 Oak Lawn Ave, Dallas, TX 75207, United States",4,31,YES,insulated glass unit work; named window styles; window product line; windows & doors,False,high,"tion to the outdoors, and create privacy exactly when you need it. LEARN MORE RESIDENTIAL Aluminum Windows & Doors For homeowners, builders, and architects seeking modern design and lasting perfor",site scrape,YES
CrystalFlow Gutter Services Yes,http://gulfcoastgutterpros.com/,gulfcoastgutterpros.com,"1341 W Mockingbird Ln Ste 1088, Dallas, TX 75247, United States","1341 W Mockingbird Ln Ste 1088, Dallas, TX 75247, United States",5,2,YES,insulated glass unit work,False,high,""" C Chris Rodriguez 6 months ago "" Fixed a persistent leak that two other companies couldn't find.",site scrape,YES
Pella Windows and Doors of Dallas Yes,https://pellaofnorthtexas.com/Dallas,pellaofnorthtexas.com,+1 214-295-7989,"135 Payne St, Dallas, TX 75207, United States",4.7,135,YES,installs/replaces windows; named window styles; replacement windows; window product line; window replacement/installation; windows & doors,False,high,is field blank. Premium Design Trusted Professionals Award Winning What We Do Replacement Windows Replacement Doors New Construction Commercial Services Homeowners rate Pella as the leading window br,site scrape,YES
Foster Exteriors Window Company Yes,https://www.fosterexteriors.com/?utm_source=google&utm_medium=organic&utm_campaign=gbp-dallas&utm_id=local&utm_content=dallas,fosterexteriors.com,"1350 N Buckner Blvd #216, Dallas, TX 75218, United States","1350 N Buckner Blvd #216, Dallas, TX 75218, United States",4.9,135,YES,installs/replaces windows; insulated glass unit work; named window styles; pane glazing work; replacement windows; window product line; window replacement/installation; windows & doors,False,high,"ice window company for over 30 years and one of the best window contractors and providing window replacement in Dallax, TX area.",site scrape,YES
Landmark Building Co. Yes,https://www.landmarkbuildingco.com/,landmarkbuildingco.com,"13590 Floyd Cir Ste 110, Dallas, TX 75243, United States","13590 Floyd Cir Ste 110, Dallas, TX 75243, United States",5,23,YES,named window styles; pane glazing work; window product line; window replacement/installation; windows & doors,False,high,"Locally owned and operated, we provide premium thermal break aluminum doors and windows with expert installation across Dallas-Fort Worth.",site scrape,YES
Bennett MotorWerks Yes,https://bennettmotorwerks.com/?utm_campaign=gmb&utm_medium=gmb&utm_source=google,bennettmotorwerks.com,"13595 Floyd Cir Ste 400, Dallas, TX 75243, United States","13595 Floyd Cir Ste 400, Dallas, TX 75243, United States",4.8,162,NO,no window installation or repair signal on site,False,high,,site scrape,NO
Cool View Window Tint Yes,https://www.coolviewwindowtint.com/,coolviewwindowtint.com,"13713 Maye Pl, Austin, TX 78728, United States","13713 Maye Pl, Austin, TX 78728, United States",5,23,NO,window tint/film only,False,medium,,name/review keywords,UNREACHABLE
Showroom Windows & Doors Yes,https://www.showroomwindows.com/?utm_source=GMB&utm_medium=local,showroomwindows.com,"13717 Burnet Rd #350A, Austin, TX 78727, United States","13717 Burnet Rd #350A, Austin, TX 78727, United States",5,138,YES,installs/replaces windows; insulated glass unit work; named window styles; replacement windows; window product line; window replacement/installation; windows & doors,False,high,Austin Window & Door Replacement Services | Showroom Windows & Doors Skip to main content Windows Window Replacement By Type Awning Windows Casement Windows Sliding Windows Picture Window Double-Hung Doors,site scrape,YES
SKM Performance Yes,http://skmperformance.com/,skmperformance.com,"13717 Floyd Cir, Dallas, TX 75243, United States","13717 Floyd Cir, Dallas, TX 75243, United States",4.8,151,NO,no window installation or repair signal on site,False,high,,site scrape,NO
USA Windows and Doors Yes,https://www.usawindowsanddoors.com/?utm_campaign=gmb,usawindowsanddoors.com,"13800 NW 2nd St Unit 140, Sunrise, FL 33325, United States","13800 NW 2nd St Unit 140, Sunrise, FL 33325, United States",4.9,868,YES,named window styles; window product line; window replacement/installation; windows & doors,False,high,Get window pricing Call (954) 637-7029 Window styles Every impact window style we install.,site scrape,YES
Comanche Roofing Yes,https://www.comancheroofing.com/,comancheroofing.com,"13804 Turbine Dr B, Austin, TX 78728, United States","13804 Turbine Dr B, Austin, TX 78728, United States",4.9,55,YES,insulated glass unit work,False,high,"ull home remodel, we ran into a few tricky roofing issues that previous roofers couldn’t figure out — but Cody was incredible.",site scrape,YES
Premium Siding and Painting Yes,https://pspcompany.com/,pspcompany.com,"13806 Ann Pl Bldg 2, Austin, TX 78728, United States","13806 Ann Pl Bldg 2, Austin, TX 78728, United States",4.9,180,YES,insulated glass unit work; named window styles; window replacement/installation,False,high,"heat, humidity, and UV — keeping your home looking sharp for years to come. Learn More → Window Replacement Energy-efficient Andersen and Pella windows, professionally installed to reduce your ener",site scrape,YES
Guardian Bastille Window Film Solutions Yes,http://www.guardianbastille.com/,guardianbastille.com,"13809 Research Blvd 5th Floor, Austin, TX 78729, United States","13809 Research Blvd 5th Floor, Austin, TX 78729, United States",5,5058,NO,no window installation or repair signal on site,False,high,,site scrape,NO
Expo Home Improvement Yes,https://www.expohomeimprovement.com/,expohomeimprovement.com,"13859 Diplomat Dr Ste 180, Farmers Branch, TX 75234, United States","13859 Diplomat Dr Ste 180, Farmers Branch, TX 75234, United States",4.9,2657,YES,installs/replaces windows; insulated glass unit work; named window styles; replacement windows; window product line; window replacement/installation,False,high,12 Months!* Home Services Bathroom Remodeling Kitchen Remodeling Services for Texas Homes Window Replacement Door Replacement About About Us Service Areas Careers at Expo Home Improvement Reviews Referral Rewards Pr,site scrape,YES
Shade Shop Window Tinting & Paint Protection Yes,http://windowtintingservicesaustin.com/,windowtintingservicesaustin.com,+1 512-444-8468,"139 E St Elmo Rd #101, Austin, TX 78745, United States",4.9,412,NO,"window tinting (auto, residential, commercial) and paint protection film",False,high,"windowtintingservicesaustin.com — 'Automotive Window Tinting in Austin, TX ... quality residential, commercial, and automotive window tinting service ... Austin's #1 LLumar and 3M authorized automotive window tinting dealer ... auto paint protection, vehicle security, car audio'. Film application on",web search (round 2),UNKNOWN
Dr home solutions group llc Yes,https://www.drhomesolutinshroup.com/,drhomesolutinshroup.com,+1 754-444-6715,"14 SE 25th St, Fort Lauderdale, FL 33316, United States",4.9,45,NO,kitchen and bathroom remodeling contractor,False,medium,"drhomesolutionsgroup.com (the record's domain is a typo of it; phone 754-444-6715 and the 14 SE 25th St, Fort Lauderdale address match) — 'a licensed, full-service remodeling contractor serving Fort Lauderdale and all of Broward County that handles design, demolition, custom cabinetry, tile, drywall",web search (round 2),UNREACHABLE
Remodel Boutique Yes,http://www.remodelboutique.com/,remodelboutique.com,"1401 Meander Dr, Austin, TX 78721, United States","1401 Meander Dr, Austin, TX 78721, United States",4.6,14,NO,no window installation or repair signal on site,False,high,,site scrape,NO
Performance Windows Austin Yes,https://www.goperformancewindows.com/,goperformancewindows.com,"1405 Arrow Point Dr Bldg 11 Ste 1108, Cedar Park, TX 78613, United States","1405 Arrow Point Dr Bldg 11 Ste 1108, Cedar Park, TX 78613, United States",4.6,379,YES,installs/replaces windows; named window styles; replacement windows; window product line; window replacement/installation,False,high,Window Replacement & Installation | Performance Windows .,site scrape,YES
Ranger Window and Door Co. Yes,https://www.rangerwd.com/,rangerwd.com,"14155 W U.S. 290 Ste 340, Austin, TX 78737, United States","14155 W U.S. 290 Ste 340, Austin, TX 78737, United States",5,0,YES,insulated glass unit work; named window styles; window product line; windows & doors,False,high,"ties of these large-scale openings, from estimation to installation. Featured Brands FLEETWOOD WINDOWS & DOORS Since 1961, Fleetwood has been a premier California-based manufacturer specializi",site scrape,YES
Century Glass & Mirror Inc. of Dallas Yes,http://www.centuryglassdallas.com/,centuryglassdallas.com,"1417 N Washington Ave, Dallas, TX 75204, United States","1417 N Washington Ave, Dallas, TX 75204, United States",4.9,87,YES,"Plate & window glass repair and replacement, insulated glass replacement, storefront glass; residential and commercial new installations, replacements and repairs",False,high,"Listed services: 'plate & window glass repair & replacement, windows, insulated glass replacement, shower doors & enclosures, mirrors, table furniture tops, shelves, cabinet glass and storefront'; categorized as a 'Doors & Windows' business in Dallas TX",web research (earlier pass),UNKNOWN
Solara Custom Living - Showroom Yes,https://solaracustomliving.com/,solaracustomliving.com,+1 214-744-9900,"142 Howell St, Dallas, TX 75207, United States",4.7,30,YES,commercial storefront glazing; insulated glass unit work; pane glazing work; window product line; windows & doors,False,high,Learn More Thermal Steel & Aluminum Windows Contact us!,site scrape,YES
Priority Roofing Yes,https://priorityroofs.com/location/dallas/,priorityroofs.com,"1420 W Mockingbird Ln Ste 540, Dallas, TX 75247, United States","1420 W Mockingbird Ln Ste 540, Dallas, TX 75247, United States",5,986,NO,no window installation or repair signal on site,False,high,,site scrape,NO
Peak Roofing and Construction Yes,https://www.peakroofingconstruction.com/,peakroofingconstruction.com,"14205 N Mopac Expy 5th Floor, Austin, TX 78728, United States","14205 N Mopac Expy 5th Floor, Austin, TX 78728, United States",5,29,YES,installs/replaces windows; named window styles; reglazing; replacement windows; window product line; window replacement/installation,False,high,ment Gutter Guards Gutter Cleaning Exterior Painting Siding Fence Installation And Repair Window Installation and Repair Interior Water Damage Inspections Water Remediation Ceiling and Wall Repair Flooring Repl,site scrape,YES
CastleRock Foundation Repair Excavation Yes,https://www.castlerockfr.com/,castlerockfr.com,"14205 N Mopac Expy Ste 504, Austin, TX 78728, United States","14205 N Mopac Expy Ste 504, Austin, TX 78728, United States",4.9,73,NO,no window installation or repair signal on site,False,high,,site scrape,NO
Metroplex windows & Glass Yes,https://mydallaswindows.com/,mydallaswindows.com,"1425 Century Dr, Carrollton, TX 75006, United States","1425 Century Dr, Carrollton, TX 75006, United States",4.8,809,YES,installs/replaces windows; replacement windows; window product line; window replacement/installation,False,high,"Residential & commercial glass door replacement, window installation, and window replacement services.",site scrape,YES
AG Window Services Yes,http://www.agwindowservice.com/,agwindowservice.com,"1426 Cedar Crest Dr, Garland, TX 75042, United States","1426 Cedar Crest Dr, Garland, TX 75042, United States",5,64,YES,"Window installation, replacement and repair — energy-efficient picture and single-hung windows",False,high,"agwindowservice.com — 'a locally owned and operated window replacement company based in Garland, TX ... premium window installation, replacement, and repair services ... specializing in energy-efficient upgrades like picture windows and single-hung windows'; Google review: 'We recently had all of ou",web search (round 2),UNKNOWN
Capstone Window Replacement & Doors Yes,https://www.capstonephoenix.com/,capstonephoenix.com,"14301 N 87th St Ste 205 Ste 205, Scottsdale, AZ 85260, United States","14301 N 87th St Ste 205 Ste 205, Scottsdale, AZ 85260, United States",4.9,128,YES,installs/replaces windows; insulated glass unit work; named window styles; pane glazing work; replacement windows; window product line; window replacement/installation; windows & doors,False,high,"#1 Window Replacement Service in Phoenix, AZ .",site scrape,YES
Window Universe Dallas Ft Worth Yes,https://windowuniversedfw.com/,windowuniversedfw.com,"1431 Greenway Dr Ste 80042, Irving, TX 75038, United States","1431 Greenway Dr Ste 80042, Irving, TX 75038, United States",4.8,48205,YES,installs/replaces windows; insulated glass unit work; named window styles; pane glazing work; replacement windows; window product line; window replacement/installation; windows & doors,False,high,Doors French Doors Fire Rated Doors Installation Exact Measurements Custom Manufacturing Window Installation Dallas Service & Warranties Prices Menu Search for: Submit Welcome to the future of repla,site scrape,YES
Nova Window Replacement Yes,http://replacementwindowsalgonquin.com/,replacementwindowsalgonquin.com,"1435 Geringer Rd, Algonquin, IL 60102, United States","1435 Geringer Rd, Algonquin, IL 60102, United States",5,61,YES,name states window installation/replacement/doors,False,medium,,name/review keywords,UNREACHABLE
D&D Contracting Yes,http://www.ddtxcontracting.com/,ddtxcontracting.com,"14425 Falcon Head Blvd Bldg E Suite 100, Austin, TX 78738, United States","14425 Falcon Head Blvd Bldg E Suite 100, Austin, TX 78738, United States",5,23,NO,residential and commercial roofing contractor,False,medium,"ddtxcontracting.com/services — 'specializes in Residential and Commercial Shingle roofing, Metal roofing, and tile roofing ... new gutters, gutter clean-out and repairs, window screen installation and replacement, and pressure washing ... fence building'. Screens are explicitly not windows under the",web search (round 2),UNREACHABLE
Absolute Auto Glass Mobile Service Yes,https://atxautoglass.com/?utm_source=GMBlisting&utm_medium=organic,atxautoglass.com,"14503 State Hwy 71, Austin, TX 78738, United States","14503 State Hwy 71, Austin, TX 78738, United States",4.9,45,NO,Auto glass / windshield repair and replacement,False,high,"atxautoglass.com/windshield-replacement/ and /services/ — 'windshield repair & replacement services in Austin since 2009'; repairs for cars, commercial vehicles and motorcycles. No residential or commercial building glass anywhere on the site.",web search (round 2),UNKNOWN
SMART REPLACE CORP Yes,http://www.smartreplacecorp.com/,smartreplacecorp.com,"1451 W Cypress Creek Rd #300, Fort Lauderdale, FL 33309, United States","1451 W Cypress Creek Rd #300, Fort Lauderdale, FL 33309, United States",4.7,41,YES,commercial storefront glazing; window product line; window replacement/installation; windows & doors,False,high,Getting high-rise impact window installation for your buildings is also important for the following reasons.,site scrape,YES
Texas Sun and Shade Yes,http://www.txsunandshade.com/,txsunandshade.com,"14510 Fitzhugh Rd Building 11, Austin, TX 78736, United States","14510 Fitzhugh Rd Building 11, Austin, TX 78736, United States",4.4,122,NO,window treatments,False,high,Texas Sun & Shade | Custom Interior & Exterior Shades .,site scrape,NO
TemperaturePro Austin Yes,https://temperatureproaustin.com/?utm_source=google&utm_medium=organic&utm_campaign=gbp,temperatureproaustin.com,"14707 Fitzhugh Rd, Austin, TX 78736, United States","14707 Fitzhugh Rd, Austin, TX 78736, United States",4.9,361,NO,no window installation or repair signal on site,False,high,,site scrape,NO
High End Impact Windows & Doors Yes,https://www.impactwindowsndoors.com/?utm_source=google&utm_medium=organic&utm_campaign=gbp-pompano-beach&utm_id=local&utm_content=pompano-beach,impactwindowsndoors.com,"1472 S Dixie Hwy E, Pompano Beach, FL 33060, United States","1472 S Dixie Hwy E, Pompano Beach, FL 33060, United States",4.9,165,YES,insulated glass unit work; named window styles; window product line; window replacement/installation; windows & doors,False,high,BEACH COUNTIES High End Impact Windows & Doors specializes in impact resistant hurricane windows and doors replacement and installation service.,site scrape,YES
CheckMark Roofing and Exteriors Yes,https://checkmarkexteriors.com/,checkmarkexteriors.com,"14900 Avery Ranch Blvd Suite C200, Austin, TX 78717, United States","14900 Avery Ranch Blvd Suite C200, Austin, TX 78717, United States",4.9,47,NO,no window installation or repair signal on site,False,high,,site scrape,NO
Flying Eagles- Home Remodeling Austin Texas Yes,http://flyingeaglesremodeling.com/,flyingeaglesremodeling.com,"14900 Avery Ranch Blvd, Austin, TX 78717, United States","14900 Avery Ranch Blvd, Austin, TX 78717, United States",5,27,YES,window product line; window replacement/installation,False,high,"Learn More Window Replacement Energy-efficient windows that combine beauty, functionality, and long-term value.",site scrape,YES
Huracán Nero Auto Spa Austin Yes,https://www.huracannero.com/austin-tx,huracannero.com,"14911 Oklahoma St, Austin, TX 78734, United States","14911 Oklahoma St, Austin, TX 78734, United States",5,773,NO,vehicle glass only,True,high,CONTACT US FOR PRICING QUICK QUOTE Front 2 Window CONTACT US FOR PRICING QUICK QUOTE Full Windshield CONTACT US FOR PRICING QUICK QUOTE All Sides And Rear Window CONTACT US FOR PRICING QUICK,site scrape,NO
Ross Howard Designs Yes,https://rosshoward.com/,rosshoward.com,"14999 Preston Rd a460, Dallas, TX 75254, United States","14999 Preston Rd a460, Dallas, TX 75254, United States",5,103,NO,window tint/film; window treatments,False,high,s Sheer Shades Shutters Vertical Window Treatments Window Shades Cellular Shades Roller & Solar Screen Shades Roman Shades Woven Wooden Shades Soft Treatments Custom Bedding & Pillows Custom D,site scrape,NO
AJ Your Handyman Yes,http://www.ajyourhandyman.com/,ajyourhandyman.com,"15009 Dexler Dr, Austin, TX 78734, United States","15009 Dexler Dr, Austin, TX 78734, United States",5,65,YES,insulated glass unit work,False,high,He will figure it out or tell you if he can’t.,site scrape,YES
Metro Steel Doors Austin Yes,https://metrosteeldoors.com/,metrosteeldoors.com,"1501 Ranch Rd 620 N a, Lakeway, TX 78734, United States","1501 Ranch Rd 620 N a, Lakeway, TX 78734, United States",4.1,419,YES,insulated glass unit work; named window styles; pane glazing work; windows & doors,False,high,Metro Steel Windows & Doors - Modern Front Doors | Exterior Doors .,site scrape,YES
HOME HERO REPAIR Yes,https://homeherorepair.com/,homeherorepair.com,"1503 Benton St, Rockford, IL 61107, United States","1503 Benton St, Rockford, IL 61107, United States",5,22,NO,no window installation or repair signal on site,False,high,,site scrape,NO
Fox Service Company Yes,https://www.foxservice.com/,foxservice.com,"1506 Ferguson Ln Ste 102, Austin, TX 78754, United States","1506 Ferguson Ln Ste 102, Austin, TX 78754, United States",4.8,5567,YES,insulated glass unit work,False,high,", as well as local building codes in the Austin area, so your new system is sized and configured to support consistent comfort.",site scrape,YES
Glass Rehab Yes,https://www.glassrehab.com/,glassrehab.com,"1506 S Congress Ave, Austin, TX 78704, United States","1506 S Congress Ave, Austin, TX 78704, United States",4.9,314,YES,broken window glass; building glass replacement; commercial storefront glazing; insulated glass unit work; pane glazing work; window product line; window replacement/installation,False,high,"Austin Glass Repair—Fast, Local Fixes | FREE Window Inspection . glass repair Austin TX, window glass repair Austin, foggy window repair, broken window repair near Austin, patio door glass replaceme",site scrape,YES
Top Choice Yes,https://www.topchoiceaustin.com/,topchoiceaustin.com,"1508 Ferguson Ln, Austin, TX 78754, United States","1508 Ferguson Ln, Austin, TX 78754, United States",5,130,YES,insulated glass unit work,False,high,"-=� n���wj)�J ��R(XtUf�D5nԒ � �@���� �&� H�B�l""�D�h�O����q۠H�:=⑕�ei 0� �C݀�,���Iguʀ��bR-�4��M��àfa�Ҍ%�A�4��ݙ�FF�ȳ?",site scrape,YES
Zelaya Windows & Glass Yes,https://www.zelayawindows.com/?utm_source=google&utm_medium=wix_google_business_profile&utm_campaign=16006523137603938515,zelayawindows.com,"1510 Randolph St Ste 203, Carrollton, TX 75006, United States","1510 Randolph St Ste 203, Carrollton, TX 75006, United States",4.4,44147,YES,"Vinyl window replacement and installation, glass replacement, patio doors, storm windows; residential and business",False,medium,"Angi listing for Zelaya Windows & Glass, Carrollton TX: 'quality Vinyl Windows, Glass, Patio Door replacements and installation... New Windows Service, Storm Windows - Install or Replace, Business Window Service'",web research (earlier pass),UNREACHABLE
Terrapin Electric Yes,https://terrapinelectric.com/?utm_source=google&utm_medium=organic&utm_campaign=google_business_profile&utm_term=austin&utm_id=gbp,terrapinelectric.com,"1514 Ed Bluestein Blvd Ste 301, Austin, TX 78721, United States","1514 Ed Bluestein Blvd Ste 301, Austin, TX 78721, United States",4.9,327,YES,insulated glass unit work,False,high,"systems due to higher voltage requirements, increased energy demands, and specialized configurations tailored to different business environments.",site scrape,YES
Creative Gutter Yes,https://creativegutter.com/,creativegutter.com,"1515 Fuller Dr, Dallas, TX 75218, United States","1515 Fuller Dr, Dallas, TX 75218, United States",4.9,138,YES,commercial storefront glazing; insulated glass unit work,False,high,Copper instead of aluminum multiplies the whole figure.,site scrape,YES
XPEL Dallas Yes,https://www.dfwclearbra.com/,dfwclearbra.com,"1517 Prudential Dr, Dallas, TX 75235, United States","1517 Prudential Dr, Dallas, TX 75235, United States",4.9,242,NO,window tint/film,True,high,"XPEL Dallas | Paint Protection Film, Window Tint and Ceramic Coating .",site scrape,NO
Austin Windshields Yes,https://austinwindshields.net/auto-glass-austin-tx/,austinwindshields.net,"15203 Sophie Dr, Austin, TX 78734, United States","15203 Sophie Dr, Austin, TX 78734, United States",5,342,NO,vehicle glass,True,high,Austin Windshields | Mobile Auto Glass Service Central Texas .,site scrape,NO
APS Window Tint & PPF Yes,https://www.apsolutionstx.com/,apsolutionstx.com,"15210 Fitzhugh Rd #304, Austin, TX 78736, United States","15210 Fitzhugh Rd #304, Austin, TX 78736, United States",5,80,NO,vehicle glass,True,high,ice Areas Paint Protection Window Tint Services Ceramic Coating PPF Color PPF Window Tint Windshield Protection Film Testimonials Blog Book Online Detail Club Menu Home About Us APS Service,site scrape,NO
Gatsby Glass Yes,https://www.gatsbyglass.com/south-austin-tx/,gatsbyglass.com,"15210 Fitzhugh Rd Ste 902, Austin, TX 78736, United States","15210 Fitzhugh Rd Ste 902, Austin, TX 78736, United States",4.9,34,YES,"Residential glass repair and window replacement (incl. foggy/failed units), plus commercial glass and shower/mirror work",False,high,"gatsbyglass.com/east-dallas-tx/glass-services/ 'Glass Services in Dallas, TX' — services include residential glass repair, window replacement, shower glass, mirrors; Google review: 'windows at my house were getting more and more foggy... Gatsby charged $1,200 and did a great job with the installatio",web research (earlier pass),UNREACHABLE
Treaty Oak Shade Co. Yes,https://treatyoakshade.com/,treatyoakshade.com,"15218 Nightingale Ln, Austin, TX 78734, United States","15218 Nightingale Ln, Austin, TX 78734, United States",4.9,57,NO,blinds/shades/shutters/drapery (window treatments),False,medium,,name/review keywords,UNKNOWN
Custom Sounds & Tint Yes,https://www.customsounds.com/locations/15301-n-ih-35-pflugerville-texas-78660,customsounds.com,"15301 N Interstate Hwy 35 c2, Pflugerville, TX 78660, United States","15301 N Interstate Hwy 35 c2, Pflugerville, TX 78660, United States",4.5,294,NO,Car audio / mobile electronics and automotive window tint,False,high,"customsounds.com — '#1 for window tint, installation, and mobile electronics including car audio, security & alarms, navigation, video, remote start'. Tint/film only, no window install or replacement.",web search (round 2),UNREACHABLE
CloudIT Austin Yes,https://www.clouditaustin.com/,clouditaustin.com,"15310 Storm Dr Unit 201, Austin, TX 78734, United States","15310 Storm Dr Unit 201, Austin, TX 78734, United States",5,37,YES,insulated glass unit work,False,high,"ice, antennas, and some other complicated devices that I wouldn't have ever been able to figure out!",site scrape,YES
Cooler Green Solutions Yes,http://www.coolergreensolutions.com/,coolergreensolutions.com,"15406 Checotah Dr, Austin, TX 78734, United States","15406 Checotah Dr, Austin, TX 78734, United States",5,128,NO,Spray foam and attic insulation contractor,False,high,"coolergreensolutions.com — 'a spray foam insulation company'; indexed pages are Insulation Removal, Commercial Insulation, Attic Insulation. No window work.",web search (round 2),UNKNOWN
Marvin Design Gallery by Mountain West Windows and Doors Yes,https://mwwd.com/locations/az/scottsdale/?utm_source=google&utm_medium=organic&utm_campaign=gbp-profile,mwwd.com,"15507 N Scottsdale Rd, Scottsdale, AZ 85254, United States","15507 N Scottsdale Rd, Scottsdale, AZ 85254, United States",4.8,629,YES,commercial storefront glazing; installs/replaces windows; insulated glass unit work; named window styles; replacement windows; window product line; window replacement/installation; windows & doors,False,high,Options Limited Warranty All Products Service Close Service Open Service Request Service Window Replacement Door Replacement Request Service Window Replacement Door Replacement About Close About Open About Contact,site scrape,YES
Custom FX Window Tinting Yes,http://www.customfxtint.com/,customfxtint.com,"15533 N Interstate 35 Frontage Rd #1, Pflugerville, TX 78660, United States","15533 N Interstate 35 Frontage Rd #1, Pflugerville, TX 78660, United States",4.9,255,NO,vehicle glass only,True,high,"We love our customers, so feel free to visit during normal business hours for all of you car window tint needs Custom FX Tint 15533 North Interstate 35, Pflugerville, Texas 78660, United St",site scrape,NO
Randy Palmeri & Son Inc Yes,https://www.randypalmeriandson.com/?utm_source=GMB_Listing&utm_medium=Organic&utm_campaign=Website_Button,randypalmeriandson.com,"1560 S Alpine Rd, Rockford, IL 61108, United States","1560 S Alpine Rd, Rockford, IL 61108, United States",4,72,YES,installs/replaces windows; replacement windows; window replacement/installation,False,high,"Randy Palmeri & Son Contracting is a fully licensed and insured contractor providing window replacement and repair services in Rockford, Illinois, Northern Illinois, and Wisconsin.",site scrape,YES
Pro Lux Construction Yes,https://proluxcon.com/,proluxcon.com,"1560 Sawgrass Corporate Pkwy Ste 400, Sunrise, FL 33323, United States","1560 Sawgrass Corporate Pkwy Ste 400, Sunrise, FL 33323, United States",5,33,YES,named window styles; window product line; window replacement/installation,False,high,My wife wanted our windows replaced in our new home.,site scrape,YES
Western Pacific Building Materials - Austin Yes,https://www.gowestpac.com/,gowestpac.com,"15855 Long Vista Dr #103, Austin, TX 78728, United States","15855 Long Vista Dr #103, Austin, TX 78728, United States",3.9,28,YES,insulated glass unit work; window product line; windows & doors,False,high,Why We’re Different Locations Continuous Improvement Join Us What We Do Products Windows Wood Windows Large Openings Skylights Exterior Doors Fiberglass Doors Wood Doors Interior Doors Paint,site scrape,YES
Auto Tinting Austin LLC Yes,https://autotintingaustin.com/auto-tinting-austin-d/,autotintingaustin.com,"1601 Bench Mark Dr Ste C, Austin, TX 78728, United States","1601 Bench Mark Dr Ste C, Austin, TX 78728, United States",4.9,280,NO,window tint/film only,False,medium,,name/review keywords,UNKNOWN
Chorus Security Yes,https://callchorus.com/locations/austin-tx-home-security/?utm_source=google&utm_medium=gmb&utm_campaign=austin_home_security,callchorus.com,"1601 Rutherford Ln, Austin, TX 78754, United States","1601 Rutherford Ln, Austin, TX 78754, United States",4.7,130,NO,no window installation or repair signal on site,False,high,,site scrape,NO
Absolute Auto Glass Yes,http://www.atxautoglass.com/,atxautoglass.com,"1607 Cuernavaca Dr N #400, Austin, TX 78733, United States","1607 Cuernavaca Dr N #400, Austin, TX 78733, United States",5,8,NO,Auto glass / windshield repair and replacement,False,high,"Same company/domain as #79. atxautoglass.com/windshield-repair/ — auto glass only, 'repairs for cars, commercial vehicles, and motorcycles'.",web search (round 2),UNKNOWN
Closets by Design - Austin Yes,https://austin.closetsbydesign.com/?source=gmap,austin.closetsbydesign.com,"1611 Headway Cir Building 3, Austin, TX 78754, United States","1611 Headway Cir Building 3, Austin, TX 78754, United States",4.8,596,NO,no window installation or repair signal on site,False,high,,site scrape,NO
Hourglass Solutions LLC Yes,http://hourglassdfw.com/,hourglassdfw.com,"1612 Falcon Drive, Dallas, TX 75247, United States","1612 Falcon Drive, Dallas, TX 75247, United States",5,10,YES,commercial storefront glazing; insulated glass unit work; reglazing; window product line; window replacement/installation,False,high,"Whether you need an entire window replacement, reglazing, or a custom job we will both be there to help complete your project.",site scrape,YES
Diamond Collision Glass & Fleet Yes,https://www.dcgf512.com/,dcgf512.com,"1618 Future Dr, Austin, TX 78754, United States","1618 Future Dr, Austin, TX 78754, United States",5,130,NO,"Auto collision repair, auto glass and fleet service",False,high,"dcgf512.com/collision-repair-in-austin-tx/ and /windshield-repair/ — 'auto repair, collision repair, glass replacement, fleet maintenance, and towing services'. The 'glass' is vehicle glass.",web search (round 2),UNREACHABLE
Michael's Keys Locksmith Yes,https://michaelskeyslocksmith.com/locations/michaels-keys-dallas/?utm_source=google-business-listing&utm_medium=organic&utm_campaign=dallas_gbl_profile,michaelskeyslocksmith.com,"1625 W Mockingbird Ln Ste 208, Dallas, TX 75235, United States","1625 W Mockingbird Ln Ste 208, Dallas, TX 75235, United States",4.6,158,NO,"Locksmith and security (key cutting, rekeying, safes, access control, cameras)",False,high,"michaelskeyslocksmith.com/services/residential-services/ and /services/commercial-services/ — key cutting, rekeying, smart locks, lockouts, safes, access control, security cameras. Medeco service center. No window work.",web research (earlier pass),UNKNOWN
Auto Enhancements Yes,https://www.autoenhancementsatx.com/,autoenhancementsatx.com,"16300 Central Commerce Dr Bldg 3, Pflugerville, TX 78660, United States","16300 Central Commerce Dr Bldg 3, Pflugerville, TX 78660, United States",4.6,78,NO,window tint/film; window treatments,False,high,Tint LLUMAR window tint creates a driving experience that is like no other.,site scrape,NO
Reliable Sliding Glass Door Repair Yes,http://www.reliabledoorrepair.com/,reliabledoorrepair.com,"1640 E Sunrise Blvd Unit 2304, Fort Lauderdale, FL 33304, United States","1640 E Sunrise Blvd Unit 2304, Fort Lauderdale, FL 33304, United States",4.8,133,YES,pane glazing work,False,high,"t all issues are as obvious as a damaged windowpane. Even in normal temperatures, if your double-pane windows appear milky or foggy, it may indicate a faulty seal, which means it’s time to re",site scrape,LIKELY
Texan Windows Yes,https://texanwindows.com/?utm_source=Ad+Pages&utm_id=Texan+Windows+SEO,texanwindows.com,+1 512-298-1051,"165 Tecon Cove, Buda, TX 78610, United States",4.5,75,YES,installs/replaces windows; named window styles; replacement windows; window product line; window replacement/installation,False,high,"Step 2: Choose Your Windows Replacement, in-stock, or new construction.",site scrape,YES
Covert CDJR Bee Cave Yes,https://www.covertcdjrbeecave.com/?utm_source=google&utm_medium=organic&utm_campaign=google_business_profile,covertcdjrbeecave.com,"16501 Sweetwater Vlg Dr Bldg 3, Austin, TX 78738, United States","16501 Sweetwater Vlg Dr Bldg 3, Austin, TX 78738, United States",4.8,1856,NO,Chrysler/Dodge/Jeep/RAM new and used car dealership,False,high,"covertcdjrbeecave.com — 'Austin Chrysler Dodge Jeep RAM Dealer'; part of Covert Auto Group, 16501 Sweetwater Village Dr Bldg 3.",web search (round 2),UNREACHABLE
Covert Cadillac Bee Cave Yes,https://www.covertbeecavecadillac.com/?utm_source=google&utm_medium=organic&utm_campaign=google_my_business,covertbeecavecadillac.com,"16501 Sweetwater Vlg Dr Building 2, Austin, TX 78738, United States","16501 Sweetwater Vlg Dr Building 2, Austin, TX 78738, United States",4.7,1600,NO,Cadillac new and used car dealership,False,high,"Yelp/covertbeecavecadillac.com — 'authorized Cadillac dealership offering new and pre-owned vehicles, certified service, and maintenance', 16501 Sweetwater Village Dr Bldg 2.",web search (round 2),UNREACHABLE
Covert Bee Cave Yes,https://www.covertbeecave.com/,covertbeecave.com,"16501 Sweetwater Vlg Dr, Austin, TX 78738, United States","16501 Sweetwater Vlg Dr, Austin, TX 78738, United States",4.9,22,NO,"Car dealership group (Covert Auto Group, Bee Cave)",False,high,covertbeecave.com 'Covert Bee Cave | Official Site'; covertauto.com dealer listing. Vehicle sales and service only.,web search (round 2),UNREACHABLE
Sky West Builders Yes,http://www.skywestbuilders.com/,skywestbuilders.com,"16505 Westview Trail, Austin, TX 78737, United States","16505 Westview Trail, Austin, TX 78737, United States",5,12,NO,no window installation or repair signal on site,False,high,,site scrape,NO
Gator Garage Door Repair Yes,https://gatorgaragedoorrepair.com/service-areas/round-rock-tx?utm_source=google&utm_medium=organic&utm_campaign=GMB-78664,gatorgaragedoorrepair.com,"16713 Joe Barbee Dr, Round Rock, TX 78664, United States","16713 Joe Barbee Dr, Round Rock, TX 78664, United States",5,3266,NO,window treatments,False,high,We can also install shutters at the same time as the commercial door.,site scrape,NO
West Austin Siding Solutions Yes,https://westaustinsidingsolutions.com/,westaustinsidingsolutions.com,"1700 Ranch Rd 620 S, Lakeway, TX 78734, United States","1700 Ranch Rd 620 S, Lakeway, TX 78734, United States",3.7,3,YES,Replacement of aging/failed windows; installs vinyl and composite window systems,False,high,"westaustinsidingsolutions.com — 'replaces aging windows affected by broken seals, warped frames, condensation buildup, moisture intrusion... They install vinyl and composite window systems designed to resist fading, moisture damage, cracking'.",web search (round 2),UNKNOWN
Austin Home Additions and ADUs Yes,https://austinhomeadditions.com/,austinhomeadditions.com,"1700 S Lamar Blvd #338, Austin, TX 78704, United States","1700 S Lamar Blvd #338, Austin, TX 78704, United States",5,35,NO,no window installation or repair signal on site,False,high,,site scrape,NO
Sun Tint Yes,http://www.suntint.com/,suntint.com,"1700 W Koenig Ln, Austin, TX 78756, United States","1700 W Koenig Ln, Austin, TX 78756, United States",4.8,224,NO,window tint/film; window treatments,True,high,"Sun Tint | Automotive, Commercial, Residential Window Tint, Paint Protection Film, Austin Texas .",site scrape,NO
Consider it Done - GARSC - Greater Austin Residential Service Company Yes,http://www.garsc.com/,garsc.com,"1704, 1/2 S Congress Ave Suite F, Austin, TX 78704, United States","1704, 1/2 S Congress Ave Suite F, Austin, TX 78704, United States",5,191,NO,no window installation or repair signal on site,False,high,,site scrape,NO
Sunn Home Services Yes,http://sunnhomeservices.com/,sunnhomeservices.com,"1706 Dungan Ln A-104, Austin, TX 78754, United States","1706 Dungan Ln A-104, Austin, TX 78754, United States",4.7,35,NO,window cleaning,False,high,"g & Maintenance Services in Austin, TX | Sunn Home Services . Professional home cleaning, window cleaning, power washing, gutter cleaning, maid services, holiday lighting, and lawn maintenance",site scrape,NO
Gate Doctors Yes,https://www.austingatedoctors.com/,austingatedoctors.com,"1706 Dungan Ln STE B-104, Austin, TX 78754, United States","1706 Dungan Ln STE B-104, Austin, TX 78754, United States",4.9,285,NO,no window installation or repair signal on site,False,high,,site scrape,NO
Infinity AC of Austin Yes,http://infinityairco.com/austin,infinityairco.com,+1 512-377-6755,"171 Preslar Cir, Austin, TX 78736, United States",5,325,NO,"HVAC repair, installation and maintenance",False,high,"infinityairco.com/austin/ — AC repair, AC installation, heating, commercial HVAC, maintenance. No window services.",web search (round 2),UNKNOWN
Texas Windows Direct Yes,https://texaswindowsdirect.com/,texaswindowsdirect.com,"1710 Atlas Rd, Cedar Park, TX 78613, United States","1710 Atlas Rd, Cedar Park, TX 78613, United States",5,4960,YES,pane glazing work; window product line; window replacement/installation,False,high,"Window Installation in Cedar Park, TX | (512) 529-8612 Texas Windows Direct LLC .",site scrape,YES
Steinman Audio Yes,https://steinmanaudio.com/,steinmanaudio.com,"1719 E Riverside Blvd, Rockford, IL 61114, United States","1719 E Riverside Blvd, Rockford, IL 61114, United States",4.1,242,YES,insulated glass unit work,False,high,But they figured it out and are getting me squared away.,site scrape,YES
Brightside Windows DFW Yes,https://www.brightsidewindowsdfw.com/,brightsidewindowsdfw.com,"17250 Dallas Pkwy Ste 220, Dallas, TX 75248, United States","17250 Dallas Pkwy Ste 220, Dallas, TX 75248, United States",5,4,NO,window cleaning,False,high,Brightside Windows DFW - Premium Window Cleaning Services .,site scrape,NO
JCM Construction And Design Yes,http://jcmconstruction.andersenwindowscertifiedcontractors.com/,jcmconstruction.andersenwindowscertifiedcontractors.com,"17250 Dallas Pkwy, Dallas, TX 75248, United States","17250 Dallas Pkwy, Dallas, TX 75248, United States",5,507,YES,"Window installation and replacement, plus service and repair of windows - Andersen certified contractor",False,high,"Business listing for JCM Construction and Design, 17250 Dallas Pkwy, (214) 223-9151: 'The company specializes in General Contracting, Windows Installation, and Door Sales/Installation... they service and repair any door or window, especially Andersen windows and doors.' Site is hosted on Andersen's ",web research (earlier pass),UNREACHABLE
Affordable Windows Plus Exteriors Yes,https://www.affordablewindowsofaz.com/locations/gilbert-az,affordablewindowsofaz.com,"1730 W Sunrise Blvd #101-B, Gilbert, AZ 85233, United States","1730 W Sunrise Blvd #101-B, Gilbert, AZ 85233, United States",4.8,533,YES,installs/replaces windows; insulated glass unit work; named window styles; pane glazing work; replacement windows; window product line; window replacement/installation; windows & doors,False,high,Window Replacement Gilbert | Energy-Efficient Windows & Doors .,site scrape,YES
Sunny State Glass Yes,https://sunnystateglass.com/,sunnystateglass.com,"1734 W Williams Dr #8, Phoenix, AZ 85027, United States","1734 W Williams Dr #8, Phoenix, AZ 85027, United States",5,206,YES,commercial storefront glazing; installs/replaces windows; insulated glass unit work; named window styles; pane glazing work; reglazing; replacement windows; window product line; window replacement/installation; windows & doors,False,high,esidential) Multi-Family Projects (Apartment & HOA) Window & Door Brands High-Performance Window Glass Glass Repair & Custom Services Glass Replacement & Reglazing Window & Door Repairs Custom Glass & Mirr,site scrape,YES
Gino’s Mobile Window Tinting Yes,https://ginosmobiletinting.com/,ginosmobiletinting.com,"1748 SW 4th St, Fort Lauderdale, FL 33312, United States","1748 SW 4th St, Fort Lauderdale, FL 33312, United States",4.9,160,NO,window tint/film only,False,medium,,name/review keywords,UNKNOWN
Nunez Home’s Renovation Yes,https://nunezhomerenovation.com/,nunezhomerenovation.com,"1752 Windsor Rd #108, Loves Park, IL 61111, United States","1752 Windsor Rd #108, Loves Park, IL 61111, United States",4.6,73,NO,no window installation or repair signal on site,False,high,,site scrape,NO
Discount Home Warehouse Yes,http://www.dhwsalvage.com/,dhwsalvage.com,"1768 Empire Central Dr, Dallas, TX 75235, United States","1768 Empire Central Dr, Dallas, TX 75235, United States",4.6,145,NO,no window installation or repair signal on site,False,high,,site scrape,NO
Bethany Windows Yes,http://bethanywindowstexas.com/,bethanywindowstexas.com,"1775 County Rd 279 A-104, Liberty Hill, TX 78642, United States","1775 County Rd 279 A-104, Liberty Hill, TX 78642, United States",5,84,YES,installs/replaces windows; replacement windows; window product line; window replacement/installation; windows & doors,False,high,ows offers quality home improvement services focusing on customer satisfaction and expert window installation for your renovation needs.,site scrape,YES
BlueStar | Window Cleaning & Surface Protection | DFW's Best Yes,https://bluestar.co/,bluestar.co,"17811 Davenport Rd Ste 25, Dallas, TX 75252, United States","17811 Davenport Rd Ste 25, Dallas, TX 75252, United States",5,20,NO,window cleaning/washing,False,medium,,name/review keywords,UNREACHABLE
Best Buy Windows and Siding Yes,https://www.bestbuywindowsandsiding.com/,bestbuywindowsandsiding.com,"1800 N Glenville Dr #102, Richardson, TX 75081, United States","1800 N Glenville Dr #102, Richardson, TX 75081, United States",4.4,375,YES,installs/replaces windows; named window styles; pane glazing work; replacement windows; window product line; window replacement/installation; windows & doors,False,high,Get custom window installation services today.,site scrape,YES
Storey Construction Yes,http://storeybuilders.com/,storeybuilders.com,"1801 E 51st St Ste 365-413, Austin, TX 78723, United States","1801 E 51st St Ste 365-413, Austin, TX 78723, United States",3,2,YES,Windows listed among remodeling/renovation services,False,medium,"Angi listing for Storey Construction LLC: 'remodeling, renovation, green building, energy efficiency, sound proofing, painting, staining, drywall, carpentry, cabinetry, resurfacing, flooring, windows, siding, landscaping, electrical, plumbing, air conditioning & heating'. Windows appear in the servi",web search (round 2),UNREACHABLE
Solar Service Yes,https://solarservice-tx.com/,solarservice-tx.com,"1801 E 51st St STE 365, #250, Austin, TX 78723, United States","1801 E 51st St STE 365, #250, Austin, TX 78723, United States",5,707,YES,insulated glass unit work,False,high,"the Team 2011 Brian and His Platoon Sergeant after their last Mission in Iraq. Brian Rodriguez Owner ✓ 4th Generation Veteran (9/11 Wars, Korea, WWII, WWI) ✓ Born & Raised In Texas ✓",site scrape,YES
Capitol Blind & Drapery Co Yes,http://capitolblind.net/,capitolblind.net,"1801 Hydro Dr, Austin, TX 78728, United States","1801 Hydro Dr, Austin, TX 78728, United States",2.8,4,NO,window treatments,False,high,"Professional Commercial Window Covering Source and Service ( Picture above SWF Contract 2"" wood Blinds UT Main Tower Austin .",site scrape,NO
Mission Home Builders Yes,http://missionhomebuilders.com/,missionhomebuilders.com,"1801 S MoPac Expy #100, Austin, TX 78746, United States","1801 S MoPac Expy #100, Austin, TX 78746, United States",5,13,NO,no window installation or repair signal on site,False,high,,site scrape,NO
Vivax Pros Yes,https://www.vivaxpros.com/,vivaxpros.com,"1804 Ulit Ave, Austin, TX 78702, United States","1804 Ulit Ave, Austin, TX 78702, United States",4.9,1197,NO,no window installation or repair signal on site,False,high,,site scrape,NO
Ramos Windows Yes,http://ramoswindows.com/,ramoswindows.com,"1807 Joan Dr, Dallas, TX 75217, United States","1807 Joan Dr, Dallas, TX 75217, United States",5,6,YES,"Window installation and replacement, retrofit windows, fogged/damaged glass replacement, solar screens",False,high,"ramoswindows.com/services/ - 'Windows Installation & Replacement - their professional window handymen are qualified to install and replace any type of windows'; 'a lot of experience on retrofit windows, replacement damage fogged glass'",web research (earlier pass),UNREACHABLE
A+ Window Cleaning Services LLC Yes,https://www.apluswcs.com/,apluswcs.com,"1814 Conn Creek Rd, Cedar Park, TX 78613, United States","1814 Conn Creek Rd, Cedar Park, TX 78613, United States",5,830,NO,window cleaning,False,high,Top Rated Window cleaning and Pressure washing locally .,site scrape,NO
Keystone Siding Yes,https://keystonecrestsiding.repair/,keystonecrestsiding.repair,"1818 Simond Ave, Austin, TX 78723, United States","1818 Simond Ave, Austin, TX 78723, United States",0,0,NO,no window installation or repair signal on site,False,high,,site scrape,NO
CountyLine Glass Yes,http://www.countylineglass.com/,countylineglass.com,"1819 Peters Rd #3, Irving, TX 75061, United States","1819 Peters Rd #3, Irving, TX 75061, United States",4.2,13,YES,commercial storefront glazing; insulated glass unit work; pane glazing work; window replacement/installation; windows & doors,False,high,"for homeowners and businesses throughout Dallas, Tarrant & Collin County Texas including window replacements, storefronts, shower enclosures, mirrors, and custom glass work designed to enhance safe",site scrape,YES
IFIXHUB Computer Repair Dallas Yes,https://ifixhub.com/,ifixhub.com,"1820 W Mockingbird Ln, Dallas, TX 75235, United States","1820 W Mockingbird Ln, Dallas, TX 75235, United States",4.7,250,NO,no window installation or repair signal on site,False,high,,site scrape,NO
Quick Roofing - Austin Yes,https://www.quickroofing.com/,quickroofing.com,"1834 Ferguson Ln #1400, Austin, TX 78754, United States","1834 Ferguson Ln #1400, Austin, TX 78754, United States",4.9,196,NO,no window installation or repair signal on site,False,high,,site scrape,NO
Guaranteed Tire & Auto Repair Yes,https://www.guaranteedtireauto.com/,guaranteedtireauto.com,"1835 Empire Central Dr # B, Dallas, TX 75235, United States","1835 Empire Central Dr # B, Dallas, TX 75235, United States",5,18,NO,vehicle glass only,True,high,and diagnostics Preventative maintenance with mileage-based schedules Light bodywork and windshield replacement Exclusive Fleet Benefits Our goal is to save your business time and money whi,site scrape,NO
AK Calibration & Auto Glass Yes,https://akcalibrationautoglass.com/,akcalibrationautoglass.com,"1835 Empire Central Dr Ste I, Dallas, TX 75235, United States","1835 Empire Central Dr Ste I, Dallas, TX 75235, United States",4.8,18,NO,Auto glass replacement and ADAS windshield calibration,False,high,"Site pages 'Windshield Repair and Replacement Dallas, TX' and 'ADAS Windshield Calibration Company'; 'chip repair, auto glass replacement, and windshield replacement on most personal and commercial vehicles'",web research (earlier pass),UNKNOWN
Bimmer Connection llc Yes,https://www.bimmerconex.com/,bimmerconex.com,"1835 Empire Central Dr Ste:J, Dallas, TX 75235, United States","1835 Empire Central Dr Ste:J, Dallas, TX 75235, United States",5,105,NO,no window installation or repair signal on site,False,high,,site scrape,NO
Grey & White Solutions Yes,http://greywhitewd.com/,greywhitewd.com,"1848 NW 38th Ave, Lauderhill, FL 33311, United States","1848 NW 38th Ave, Lauderhill, FL 33311, United States",5,32,YES,commercial storefront glazing; named window styles; pane glazing work; window product line; window replacement/installation; windows & doors,False,high,G WINDOWS CASEMENT WINDOWS COMMERCIAL WINDOWS HORIZONTAL ROLLER WINDOWS HOW TO START YOUR WINDOWS INSTALLATION STEP 1 CONSULTATION AND MEASUREMENT Free estimates for multi-window and large-scale proje,site scrape,YES
ABA Sliding Glass Repairs Yes,http://fortlauderdaleslidingdoors.com/,fortlauderdaleslidingdoors.com,"1900 E Sunrise Blvd, Fort Lauderdale, FL 33304, United States","1900 E Sunrise Blvd, Fort Lauderdale, FL 33304, United States",5,5,YES,broken window glass; commercial storefront glazing; installs/replaces windows; insulated glass unit work; named window styles; pane glazing work; replacement windows; window product line; window replacement/installation,False,high,Weatherstripping Service Shower Door Repair Door Glass Repair Door Jamb Repair Patio Door Window Repair Interior Door Repair Front Door Replacement Service Barn Door Repair Garage Door Repair D,site scrape,YES
Diamond Auto Glass Yes,https://diamondautoglassdfw.com/,diamondautoglassdfw.com,"1905 E Shady Grove Rd, Irving, TX 75060, United States","1905 E Shady Grove Rd, Irving, TX 75060, United States",4.3,144,NO,vehicle glass,True,high,Windshield Replacement Dallas Fort Worth | Diamond Auto Glass .,site scrape,NO
WindshieldHUB Yes,https://www.windshieldhub.com/texas/dallas?utm_medium=local&utm_source=google&utm_campaign=gbp&utm_term=dallas,windshieldhub.com,"1910 Pacific Ave Suit 2000, Dallas, TX 75201, United States","1910 Pacific Ave Suit 2000, Dallas, TX 75201, United States",4.9,194,NO,vehicle glass,True,high,Instant Auto Glass Quotes | Windshield Replacement & Repair | WindshieldHUB® .,site scrape,NO
Window e-Store Yes,https://windowestore.com/,windowestore.com,"1912 W Anderson Ln. Ste 208B, Austin, TX 78757, United States","1912 W Anderson Ln. Ste 208B, Austin, TX 78757, United States",4.8,102,YES,installs/replaces windows; insulated glass unit work; named window styles; pane glazing work; replacement windows; window product line; window replacement/installation; windows & doors,True,high,"Because you will be buying directly, there is no need to worry about retail window replacement prices.",site scrape,YES
Pegasus Exotic Auto Solutions Yes,http://pegasusautosolutions.com/,pegasusautosolutions.com,"1938 Singleton Blvd, Dallas, TX 75212, United States","1938 Singleton Blvd, Dallas, TX 75212, United States",5,0,NO,no window installation or repair signal on site,False,high,,site scrape,NO
Allied Door Repair Yes,http://www.allieddoorrepair.com/,allieddoorrepair.com,"1940 NW 1st Ave, Pompano Beach, FL 33060, United States","1940 NW 1st Ave, Pompano Beach, FL 33060, United States",4.9,183,YES,installs/replaces windows; replacement windows; window replacement/installation,False,high,Allied Sliding Glass Door & Window Repair .,site scrape,YES
Infinity Conversions Yes,http://www.icatx.com/,icatx.com,"1942 Picadilly Dr, Round Rock, TX 78664, United States","1942 Picadilly Dr, Round Rock, TX 78664, United States",4.5,63,NO,window tint/film,False,high,ronics Katzkin Leather Vehicle Wraps Performance Upgrades Suspension Lift Kits & Off-Road Window Tinting Wheels & Tires Vehicle Wraps Gallery Contact Facebook Twitter Yelp Youtube Instagram E,site scrape,NO
Broward Impact Window & Door Yes,https://www.browardimpact.com/?utm_source=google&utm_medium=maps&utm_campaign=gmb,browardimpact.com,"1954 Tigertail Blvd, Dania Beach, FL 33004, United States","1954 Tigertail Blvd, Dania Beach, FL 33004, United States",4.6,246,YES,installs/replaces windows; replacement windows; window product line; window replacement/installation; windows & doors,False,high,"According to Broward Impact, residential impact window installations in Broward County range from $8,000 to $35,000.",site scrape,YES
Scorpio Auto Glass Yes,http://www.scorpioautoglass.com/,scorpioautoglass.com,+1 214-393-7152,"2 Westside Dr, Dallas, TX 75209, United States",4.6,117,NO,vehicle glass,True,high,Auto Glass Dallas | Windshield Repair & Replacement | Scorpio Auto Glass .,site scrape,NO
DW Distribution Door Fabrication - Lancaster Yes,https://www.dwdistribution.com/,dwdistribution.com,+1 214-381-2200,"2001 Danieldale Rd, Lancaster, TX 75134, United States",3.9,26,NO,no window installation or repair signal on site,False,high,,site scrape,NO
Glass Doctor of Dallas Metroplex Yes,https://glassdoctor.com/dallas?cid=LSTL_MGD000191&utm_source=gmb&utm_campaign=local&utm_medium=organic,glassdoctor.com,+1 972-437-8244,"2001 Midway Rd #121, Carrollton, TX 75006, United States",4.7,2942,YES,broken window glass; building glass replacement; commercial storefront glazing; installs/replaces windows; insulated glass unit work; named window styles; pane glazing work; replacement windows; window product line; window replacement/installation; windows & doors,True,high,ss Doctor Window and Door Services Window and Door Services back Window and Door Services Window Glass Repair and Replacement Window Installation and Replacement Patio Door Installation and Repair Wi,site scrape,YES
Downtown Dallas Auto Glass Yes,https://downtowndallasautoglass.com/,downtowndallasautoglass.com,+1 469-888-9193,"2001 Ross Ave, Dallas, TX 75201, United States",5,3,NO,vehicle glass,True,high,Auto Glass & Windshield Replacement in Downtown Dallas .,site scrape,NO
EcoView Windows & Doors Yes,https://www.ecoviewdfw.com/?utm_source=gbp&utm_medium=organic&utm_campaign=gbp-listing&utm_content=grand-prarie-office,ecoviewdfw.com,+1 972-247-2949,"2003 108th St #303, Grand Prairie, TX 75050, United States",4.9,348,YES,installs/replaces windows; insulated glass unit work; named window styles; pane glazing work; replacement windows; window product line; window replacement/installation; windows & doors,False,high,"Ecoview Windows offers energy-efficient window and door replacements inDallas, Fort Worth, Austin, Waco, and Temple, Texas.",site scrape,YES
Express Impact Glass Manufacturing Fort Lauderdale Yes,https://expressimpactglass.com/locations/fort-lauderdale/?utm_campaign=GBPwebsite&utm_medium=organic&utm_source=google,expressimpactglass.com,+1 954-507-2222,"2003 W Cypress Creek Rd Ste 109, Fort Lauderdale, FL 33309, United States",5,2,YES,insulated glass unit work; window product line; window replacement/installation,False,high,ances your home’s safety but can also save you money in the long run by preventing costly window replacements and repairs inside your home after a storm.,site scrape,YES
Cedar Park Overhead Doors - Lakeway Yes,https://www.cedarparkgaragedoors.com/locations/lakeway/,cedarparkgaragedoors.com,+1 512-955-5162,"2009 Ranch Rd 620 N #140, Lakeway, TX 78734, United States",5,981,NO,window treatments,False,high,ors Garage Door Repair Dock Equipment Door Operators Gates & Operators Security Grilles & Shutters Commercial Products See All Products Our Commercial Work See Completed Projects Free Pric,site scrape,NO
City Limit Construction LLC Yes,https://citylimitconstruction.com/,citylimitconstruction.com,+1 512-729-3300,"2009 Ranch Rd 620 N Bldg 3 suite 310, Austin, TX 78734, United States",4.9,69,UNRESOLVED,"Construction and remodeling — demolition, remodels, new builds, painting, pools",False,low,"citylimitconstruction.com/home-remodeling/ and /commercial-services/ — 'everything from pressure washing to window cleaning'; that is window CLEANING, not installation. Two searches found no window in",web search - no usable evidence,UNREACHABLE
AV Automation Yes,http://www.avautomation.com/,avautomation.com,+1 512-795-4242,"2009 Ranch Rd 620 N Ste 130, Lakeway, TX 78734, United States",4.2,5,NO,window treatments,False,high,"more energy-conscious home—all while adding elegance and function to every space. Savant Shades Automated Window Treatments: Privacy, Comfort & Efficiency in One Touch Discover the perf",site scrape,NO
Buckley Window Corporation Yes,https://www.buckleywindow.com/,buckleywindow.com,+1 954-396-4211,"201 NE 32nd St, Oakland Park, FL 33334, United States",4.7,172,YES,named window styles; window product line; window replacement/installation; windows & doors,False,high,Professional impact window and door installation services in Fort Lauderdale and South Florida.,site scrape,YES
Ace Handyman Services West Austin Yes,https://www.acehandymanservices.com/offices/west-austin?utm_source=google&utm_medium=gbp,acehandymanservices.com,+1 512-366-3142,"201 Ranch Rd 620 S A, Lakeway, TX 78734, United States",4.9,501,YES,Window replacements and adjustments listed under installation services,False,medium,"acehandymanservices.com/services/installation - 'expert installation for doors, windows, appliances and more'; installation list includes 'window replacements and adjustments for improved comfort and energy efficiency'.",web research (earlier pass),UNKNOWN
Luft Windows Yes,https://www.luftwindows.com/,luftwindows.com,+1 480-508-8958,"2010 E University Dr #25, Tempe, AZ 85281, United States",5,41,YES,installs/replaces windows; insulated glass unit work; named window styles; pane glazing work; window product line; window replacement/installation; windows & doors,False,high,"European Window Replacement Phoenix, AZ | Luft Windows .",site scrape,YES
Tints By Medina Yes,https://tintsxmedina.square.site/,tintsxmedina.square.site,+1 779-970-6726,"2013 Harrison Ave, Rockford, IL 61104, United States",5,11,NO,window tint/film,False,high,Automotive Window Tinting Service Starlight Headliner .,site scrape,NO
Windowmere Windows and Doors Yes,https://windormere-windows-doors.com/,windormere-windows-doors.com,+1 214-695-1335,"202 N West St A, Rockwall, TX 75087, United States",5,59,YES,installs/replaces windows; named window styles; pane glazing work; replacement windows; window product line; window replacement/installation; windows & doors,False,high,Door Installation & Replacement (469) 966-6397 Menu Call Now (469) 966-6397 Home Services Window Installation Replacement Windows Window Contractor Door Installation Door Replacement Patio Doors Attic Insulation,site scrape,YES
Window Replacement Yes,https://dallas-windows-doors.com/contact/,dallas-windows-doors.com,+1 972-640-7918,"2021 Cockrell Ave, Dallas, TX 75215, United States",5,503,NO,no window installation or repair signal on site,False,high,,site scrape,NO
Quality Exteriors Yes,https://www.qualityexteriorsatx.com/,qualityexteriorsatx.com,+1 737-308-2035,"2021 Guadalupe St Ste 260, Austin, TX 78705, United States",5,454,YES,installs/replaces windows; replacement windows; window replacement/installation,False,high,"Quality Exteriors ATX is in your service area for professional roofing, siding, and window installations.",site scrape,YES
DJJD Window Tint LLC Austin Texas Yes,https://djjdwindowtint.com/,djjdwindowtint.com,+1 737-802-0782,"2039 Airport Blvd, Austin, TX 78722, United States",4.8,37,NO,window tint/film only,False,medium,,name/review keywords,UNREACHABLE
Vantage Windows LLC Yes,https://thevantagewindows.com/,thevantagewindows.com,+1 469-283-6744,"2100 Valley View Ln #301, Farmers Branch, TX 75234, United States",4.6,93,YES,named window styles; window product line; window replacement/installation; windows & doors,False,high,e Services About Financing Warranty Taxes Gallery 469-283-6744 Get Free Estimate #1 Rated Window Replacement in the Region Upgrade Your Home with Custom Windows Built for You Experience the perfect,site scrape,YES
Modern Resolution Windows & Doors Yes,https://www.modernresolution.com/,modernresolution.com,+1 480-665-5732,"2105 S Hardy Dr #9, Tempe, AZ 85282, United States",4.9,162,YES,installs/replaces windows; insulated glass unit work; named window styles; pane glazing work; replacement windows; window product line; window replacement/installation; windows & doors,False,high,"perated Since 2018, our licensed, bonded, and insured Arizona company has provided expert window and door replacement services throughout Phoenix, Scottsdale, Mesa, Tempe, Chandler, Gilbert, Glendale, Peoria",site scrape,YES
Dagnon Building & Roofing Yes,http://www.dagnonroofing.com/,dagnonroofing.com,+1 815-633-4443,"2113 Rivington Rd, Loves Park, IL 61111, United States",4.9,33,YES,insulated glass unit work,False,high,tal Code Afghanistan Albania Algeria American Samoa Andorra Angola Anguilla Antarctica Antigua and Barbuda Argentina Armenia Aruba Australia Austria Azerbaijan Bahamas Bahrain Banglad,site scrape,YES
Texas Mirrors & Doors LLC Yes,https://txmirrors.com/,txmirrors.com,+1 512-459-3553,"2115 Northland Dr, Austin, TX 78756, United States",4.8,25,YES,pane glazing work,False,high,"The project cost includes windows (18 double-pane with new trim), 1 framed shower and 1 frameless shower.",site scrape,LIKELY
ZNL Window Coverings Inc. Yes,https://www.znlwindowcoverings.com/,znlwindowcoverings.com,+1 815-855-2007,"2120 Harlem Rd, Loves Park, IL 61111, United States",4.9,34,NO,window treatments,False,high,"Blinds and Drapery Loves Park, IL | ZNL Window Coverings Inc .",site scrape,NO
Austin C﻿om﻿mer﻿ci﻿al﻿ W﻿indow T﻿inti﻿ng Yes,https://www.commercialwindowtintingaustin.com/,commercialwindowtintingaustin.com,+1 512-872-4772,"2121 E 6th St, Austin, TX 78702, United States",5,2,NO,Commercial and residential window tinting / window film,False,high,commercialwindowtintingaustin.com — 'comprehensive residential and commercial window tinting services throughout the Austin area'. Film application only; excluded by criteria.,web search (round 2),UNREACHABLE
Blue Moon Glassworks Yes,https://www.bluemoonglassworks.com/,bluemoonglassworks.com,+1 512-380-0770,"2139 W Anderson Ln., Austin, TX 78757, United States",4.9,232,YES,window product line,False,high,Opens in a new window.,site scrape,LIKELY
SoFresh Exterior Yes,http://sofreshexterior.com/,sofreshexterior.com,+1 512-778-0448,"2147 Barton Hills Dr, Austin, TX 78704, United States",5,22,NO,window cleaning,False,high,"Window Cleaning & Exterior Cleaning Austin, TX | SoFresh Exterior .",site scrape,NO
Ultimate Auto Glass & Electronics Yes,https://ultimateautoglass.com/,ultimateautoglass.com,+1 737-270-7459,"215 Ralph Ablanedo Dr Ste. 100, Austin, TX 78748, United States",1.4,149,NO,vehicle glass only,True,high,Amazing work they did on replacing and recalibrating my windshield.,site scrape,NO
Everlasting Window & Door Yes,https://everlastingwindow.com/,everlastingwindow.com,+1 623-544-7128,"21602 N 3rd Ave, Phoenix, AZ 85027, United States",4.5,239,YES,installs/replaces windows; named window styles; replacement windows; window product line; window replacement/installation; windows & doors,False,high,About Contact Service Areas Request Service Phone (623) 544-7128 Schedule An Appointment Window Replacement Exterior Doors Windows & Doors One Day Baths Window & Door Replacement for Arizona Homes,site scrape,YES
Wilson Roofing Yes,https://www.wilsonroofing.com/,wilsonroofing.com,+1 512-263-3157,"217-A Commons Ford Rd, Austin, TX 78733, United States",4.7,303,NO,"Roofing contractor (residential, new construction, commercial)",False,medium,"wilsonroofing.com/about-us/ — 'Residential, New Construction, and Commercial roofing' since 1976; shingle, tile, flat and metal roofs. Two searches turned up no windows or siding.",web search (round 2),UNKNOWN
Auto Glass Specialists Yes,https://sflautoglass.com/,sflautoglass.com,+1 954-566-3625,"220 NE 44th St, Oakland Park, FL 33334, United States",4.9,205,NO,vehicle glass only,True,high,Automotive Tesla Car Wraps Windshield Roof Replacement Repair Door Auto Tint Window Car Tinting Llumar Ceramic 3M Certified Aut,site scrape,NO
Western Architectural Openings Yes,https://www.westernwindowsystems.com/?utm_source=Google&utm_medium=GMB,westernwindowsystems.com,+1 877-268-1300,"2200 E Riverview Dr, Phoenix, AZ 85034, United States",3.4,91,YES,insulated glass unit work,False,high,"all Western products Where to Buy Locate an Authorized Western Dealer to collaborate, configure, and quote ‌ ‌ ‌ ‌ ‌ Footer menu Products Moving Glass Walls Doors Windows Info Dealer",site scrape,YES
Glass America Yes,https://www.glassusa.com/locations/tx/?utm_source=google_gbp&utm_medium=organic&utm_campaign=normal&utm_content=austin_tx,glassusa.com,+1 254-556-4145,"2201 S Pleasant Valley Rd, Austin, TX 78741, United States",0,0,NO,vehicle glass,True,high,Glass America | Auto Glass and Windshield Repair .,site scrape,NO
Oak Cliff Mirror & Glass Company Yes,http://glassnajiffy.com/,glassnajiffy.com,+1 214-747-4875,"2202 N Beckley Ave, Dallas, TX 75208, United States",3.9,91,YES,commercial storefront glazing; window replacement/installation,False,high,"We custom cut glass and mirrors to size, table tops, framed mirrors, plexiglass, window glass replacements, and door hardware.",site scrape,YES
Arrington Roofing Yes,https://arringtonroofing.com/?utm_campaign=gmb&utm_medium=organic&utm_source=gbp,arringtonroofing.com,+1 214-774-1972,"2203 Obenchain St, Dallas, TX 75208, United States",4.9,356,NO,no window installation or repair signal on site,False,high,,site scrape,NO
Econ Windows Yes,https://econwindows.com/,econwindows.com,+1 602-786-5286,"2209 W Potter Dr, Phoenix, AZ 85027, United States",4.9,83,YES,commercial storefront glazing; installs/replaces windows; insulated glass unit work; named window styles; pane glazing work; replacement windows; window product line; window replacement/installation; windows & doors,False,high,es All Services Residential Windows Commercial Windows Residential Doors Commercial Doors Window Replacement Window & Door Repair Glass & Mirrors Sunscreens Window Tint & Film Service Areas All Serv,site scrape,YES
Statewide Remodeling - Austin Yes,https://www.statewideremodeling.com/texas/austin/?utm_source=GMB&utm_campaign=Austin&utm_medium=Organic%3Futm_source%3Dgmb&utm_medium=Yext&y_source=1_NjY1MDE5MjctNzE1LWxvY2F0aW9uLndlYnNpdGU%3D,statewideremodeling.com,+1 512-937-1529,"2209-A Rutland Dr #100, Austin, TX 78758, United States",4.4,600,YES,installs/replaces windows; named window styles; pane glazing work; replacement windows; window product line; window replacement/installation,False,high,wer Enclosures Tub to Shower Conversions Kohler LuxStone Showers Windows Energy Efficient Windows Replacement Windows Vinyl Windows Single Hung Windows Double Hung Windows Casement Windows Picture Wi,site scrape,YES
Empire Home Pros Yes,https://empirehomepros.com/?utm_source=omg-gbp&utm_medium=webclick,empirehomepros.com,+1 954-368-1415,"221 NE 44th St, Oakland Park, FL 33334, United States",4.9,196,YES,installs/replaces windows; insulated glass unit work; named window styles; window product line; window replacement/installation; windows & doors,False,high,". Empire Home Pros | Hurricane Impact Windows, Solar, Roofing & More Home Services Impact Windows Installation Solar Power Installation Roof Replacement Spray Foam Insulation Air Conditioning Repair C",site scrape,YES
Axiom customs Yes,https://axiomaustin.com/,axiomaustin.com,+1 817-716-6356,"2211 W Parmer Ln Ste b, Austin, TX 78727, United States",5,7,NO,window tint/film,True,high,"Axiom Customs Austin | Window Tint, PPF, Wraps & Truck Accessories .",site scrape,NO
Texas Audio Customs & Window Tint Yes,http://www.texasaudiocustoms.com/,texasaudiocustoms.com,+1 972-840-2606,"2218 S Jupiter Rd Ste 104, Garland, TX 75041, United States",4.8,522,NO,vehicle glass only,True,high,n • Improved Safety • Privacy • Scratch Resistance Great for protecting both you and your car Window tint protects from UVA and UVB rays that can cause damage to both your skin and your car',site scrape,NO
True View Windows & Glass Yes,https://www.trueviewglass.com/,trueviewglass.com,+1 602-431-8783,"2222 E Jones Ave, Phoenix, AZ 85040, United States",4.6,797,YES,broken window glass; building glass replacement; commercial storefront glazing; installs/replaces windows; insulated glass unit work; named window styles; reglazing; replacement windows; window product line; window replacement/installation; windows & doors,False,high,-8783 602-560-7028 Tucson 520-885-6010 520-987-8506 Denver 720-431-8783 720-575-8333 Menu Windows Replacement Windows Energy Efficient Windows Upgrade Your Windows Window & Door Brands Milgard IWC We,site scrape,YES
Hurricane solutions Yes,http://www.hurricane-solutions.com/,hurricane-solutions.com,+1 754-269-5577,"224 SW 25th St, Fort Lauderdale, FL 33315, United States",5,32,NO,window treatments,False,high,t your property with expert hurricane-proof solutions. Get Protected Today â® #hurricane shutters #hurricane shutters #storm panels â¯ Our Services We provide reliable solutions to safeg,site scrape,NO
Skylight Solutions Yes,https://www.skylightsolutions.com/,skylightsolutions.com,+1 972-263-6033,"2276 Larson Ln, Dallas, TX 75229, United States",4.9,73,NO,window treatments,False,high,"ect interiors from UV rays, and maintain a comfortable temperature in your home. Skylight Blinds Installation Install sun shade blinds for your skylights to control light, reduce glare,",site scrape,NO
BC Roofing Siding & Windows Yes,http://www.bcroof.com/,bcroof.com,+1 972-306-0215,"2300 Valley View Ln #107, Farmers Branch, TX 75234, United States",4.7,36,YES,installs/replaces windows; named window styles; pane glazing work; replacement windows; window product line; window replacement/installation,False,high,"ranch, TX Flower Mound, TX Frisco, TX Garland, TX Lewisville, TX Plano, TX Richardson, TX Windows Window Replacement Carrollton, TX Coppell, TX Dallas, TX Farmers Branch, TX Flower Mound, TX Frisco, TX Garl",site scrape,YES
Old Soul Windows & Doors Yes,https://oldsoultx.com/,oldsoultx.com,+1 512-788-5093,"2303 Ranch Rd 620 S, Lakeway, TX 78734, United States",5,37,YES,name states window installation/replacement/doors,False,medium,,name/review keywords,UNKNOWN
Floor Masters ATX Yes,https://www.floormastersatx.com/,floormastersatx.com,+1 512-865-4934,"2305 W Parmer Ln, Austin, TX 78727, United States",4.9,150,NO,no window installation or repair signal on site,False,high,,site scrape,NO
LFM Construction & Remodeling Yes,https://lfmremodeling.com/go/gbp-austin,lfmremodeling.com,+1 512-277-6108,"2307 Thornton Rd #103, Austin, TX 78704, United States",4.9,194,NO,no window installation or repair signal on site,False,high,,site scrape,NO
Rolli Shades Yes,https://www.rollishades.com/,rollishades.com,+1 833-447-6554,"2307 Thornton Rd #108-1, Austin, TX 78704, United States",4.9,32,NO,window treatments,False,high,"Rolli Shades | Sunlight, Solved .",site scrape,NO
Window Zone Yes,https://windowzonedfw.com/,windowzonedfw.com,+1 469-557-6333,"2309 Springlake Rd #630, Farmers Branch, TX 75234, United States",4.9,40,YES,installs/replaces windows; insulated glass unit work; named window styles; pane glazing work; replacement windows; window product line; window replacement/installation; windows & doors,False,high,Window Zone - Dallas/Forth Worth Window Replacement .,site scrape,YES
Flash Autoglass LLC. Yes,https://flash-autoglass.com/?utm_campaign=gbp,flash-autoglass.com,+1 469-923-1614,"2309 W Clarendon Dr, Dallas, TX 75208, United States",4.8,413,NO,vehicle glass only,True,high,Flash Auto Glass is under maintenance .,site scrape,NO
APEX Building Supply | windows | Doors | Flooring | Trims Yes,https://apex-buildingsupply.com/,apex-buildingsupply.com,+1 512-877-4591,"2310 Donley Dr Ste D, Austin, TX 78758, United States",5,108,YES,Retail supplier of windows and doors; site describes service from consultation through installation,False,low,"apex-buildingsupply.com — 'provides personalized service from initial consultation to installation... They partner with renowned brands that prioritize durability, efficiency, and safety'. Google review: 'a fantastic resource for quality doors, windows'. Their site is barely indexed and three search",web search (round 2),UNKNOWN
Flagstone Roofing & Exteriors Yes,https://flagstoneroofing.com/,flagstoneroofing.com,+1 512-225-0123,"2312 Western Trails Blvd Ste B201, Austin, TX 78745, United States",4.8,446,YES,installs/replaces windows; insulated glass unit work; named window styles; replacement windows; window product line; window replacement/installation,False,high,"austin, roof repair, guttering installation, seamless gutters, Roof Replacement, windows, window installation, residential roofing, window replacement cost, austin roofing contractor, austin roof com",site scrape,YES
Regal Home services Yes,https://www.myrhrepairs.com/contact-us,myrhrepairs.com,+1 512-517-1037,"2317 S Pleasant Valley Rd, Austin, TX 78741, United States",5,2,NO,Handyman / bathroom and kitchen remodeling (Regal Handyman Repairs),False,medium,"myrhrepairs.com/services — long enumerated service list (bathroom/kitchen remodeling, tile, flooring, cabinets, countertops, vanities, plumbing and lighting fixtures, custom frameless shower glass) with no window installation or repair.",web search (round 2),UNREACHABLE
K&J Windows Yes,https://kjwindows.com/,kjwindows.com,+1 602-942-0954,"2331 W Royal Palm Rd Ste L, Phoenix, AZ 85021, United States",4.4,121,YES,"Residential and commercial replacement window and door installation (wood, fiberglass, aluminum, vinyl)",False,high,"kjwindows.com/phoenix-windows/phoenix-window-installation/ — 'top-rated window replacement and installation services in Phoenix, AZ'; 'a trusted provider of residential and commercial window and door services in the Phoenix area for more than two decades'.",web search (round 2),UNKNOWN
Lone Star Solar Screens Yes,http://lonestarsolarscreens.com/,lonestarsolarscreens.com,+1 972-445-0856,"2334 Hinton Dr, Irving, TX 75061, United States",3.9,181,NO,window cleaning; window tint/film,False,high,AQs Gallery Contact Us The #1 Solar Screen Retailer in the USA Lone Star Solar Screens™ & Window Washing Since 1991 Get A Quote Name Email Phone 1 Phone 2 Address City Zip How did you hear ab,site scrape,NO
Austin Windowerks Yes,http://windowerks.com/,windowerks.com,+1 512-837-7200,"2339 Kramer Ln, Austin, TX 78758, United States",4.3,28,YES,building glass replacement; commercial storefront glazing; installs/replaces windows; insulated glass unit work; replacement windows; window product line; window replacement/installation; windows & doors,False,high,"Window Installation Liberty Hill, TX | Round Rock, TX .",site scrape,YES
Emerson Hardwood Flooring LLC Yes,http://www.emersonhardwoodflooringllc.com/,emersonhardwoodflooringllc.com,+1 469-939-4901,"2339 Little Pocket Rd, Dallas, TX 75228, United States",5,10,NO,no window installation or repair signal on site,False,high,,site scrape,NO
Moore Construction Co. Yes,https://mooreconstructionco.com/,mooreconstructionco.com,+1 972-820-5950,"2340 E Trinity Mls Rd Ste 300, Carrollton, TX 75006, United States",4.4,127,YES,Window replacement,False,high,"mooreconstructionco.com/services/window-replacement/ — 'Moore Construction Co. offers window replacement service in Dallas... enhancing energy efficiency, aesthetics, and functionality'. Also roofing, siding, gutters, fencing, carpentry.",web search (round 2),UNKNOWN
Window Wizards Yes,http://www.windowwizards.com/,windowwizards.com,+1 214-559-8787,"2363 Merritt Dr #300, Garland, TX 75041, United States",4.7,47,NO,window cleaning; window tint/film,False,high,DFW Window Cleaning | Window Wizards .,site scrape,NO
uBreakiFix - Phone and Computer Repair Yes,https://www.ubreakifix.com/locations/westparmer?utm_source=google&utm_medium=gmb&utm_campaign=westparmer,ubreakifix.com,+1 512-215-9590,"2406 W Parmer Ln #102, Austin, TX 78727, United States",4.6,1224,NO,no window installation or repair signal on site,False,high,,site scrape,NO
Motorized Blinds and Window Shades Expert - Window Shader Yes,http://www.windowshader.com/,windowshader.com,+1 954-470-1274,"2425 E Commercial Blvd Ste 407, Fort Lauderdale, FL 33308, United States",5,47,NO,window treatments,False,high,"Window Shades Fort Lauderdale, Lutron shades, Motorized blinds, Smart Shades, Somfy Blinds .",site scrape,NO
Krasiva Windows and Doors Yes,https://krasivawindows.com/,krasivawindows.com,+1 602-678-3737,"2432 W Peoria Ave #1186, Phoenix, AZ 85029, United States",4.8,306,YES,installs/replaces windows; insulated glass unit work; named window styles; pane glazing work; replacement windows; window product line; window replacement/installation; windows & doors,False,high,"Window Replacement in Phoenix, AZ | Krasiva Windows & Doors .",site scrape,YES
Paneless Home Services Yes,https://panelesshomeservices.com/,panelesshomeservices.com,+1 214-662-2300,"2435 Squire Pl Ste 200, Dallas, TX 75234, United States",5,359,NO,"Deep cleaning: windows, carpet, tile, pressure washing",False,high,"panelesshomeservices.com 'Dallas Deep Cleaning Service' — 'window cleaning, carpet cleaning, chandelier polishing, and pressure washing'",web research (earlier pass),UNKNOWN
Florida Impact Protection Yes,https://floridaimpactprotection.com/,floridaimpactprotection.com,+1 954-501-9441,"2435 Stirling Rd, Fort Lauderdale, FL 33312, United States",4.6,19,YES,window product line; windows & doors,False,high,Impact Windows and Doors for Hurricane Window Protection .,site scrape,YES
More Space Place Yes,https://www.morespaceplaceaustin.com/?utm_source=google&utm_medium=googlebusinessprofile_austin&utm_campaign=googlebusinessprofile_austin,morespaceplaceaustin.com,+1 512-399-0490,"2438 W Anderson Ln. Ste C-7, Austin, TX 78757, United States",4.9,174,NO,no window installation or repair signal on site,False,high,,site scrape,NO
Picture Perfect Glass | Window Cleaning Dallas Yes,https://pictureperfectglass.com/,pictureperfectglass.com,+1 972-798-9455,"2453 Glenda Ln Ste 2, Dallas, TX 75229, United States",5,473,NO,window cleaning,False,high,Window Cleaning Dallas TX | Free Estimates - Call Today .,site scrape,NO
Sliding Doors Pro – Sliding Door & Window Repair Yes,https://slidingdoorsrepairpro.com/,slidingdoorsrepairpro.com,+1 888-818-1628,"2490 Griffin Rd, Fort Lauderdale, FL 33312, United States",4.8,643,YES,insulated glass unit work; pane glazing work; window replacement/installation; windows & doors,False,high,Replacement Sliding Door Track Repair Sliding Door Lock Repair Sliding Door Handle Repair Windows Repair Patio & Pool Enclosure Pocket Door Repair Testimonials Articles Common Sliding Door Probl,site scrape,YES
TX TINT & PPF Yes,http://txtint.com/,txtint.com,+1 512-552-7717,"2500 S Hwy 183 Bldg 3 Unit 330, Austin, TX 78744, United States",5,214,NO,window tint/film; window treatments,True,high,"TX Tint & PPF | Window Tint, Paint Protection Film, and Ceramic Coating .",site scrape,NO
TruTec Electric Yes,https://www.trutecelectric.com/,trutecelectric.com,+1 512-641-5311,"2505 E 6th St Unit g, Austin, TX 78702, United States",4.9,1080,YES,insulated glass unit work,False,high,"esses expanding square footage or adding heavy equipment, including three-phase power configurations Commercial Wiring and Rewiring : New wiring for tenant improvement buildouts and r",site scrape,YES
Inzhagy Auto glass Yes,https://www.inzhagyautoglass.com/,inzhagyautoglass.com,+1 945-264-0080,"2509 Quincy St, Dallas, TX 75212, United States",4.8,64,NO,mobile auto glass / windshield replacement,False,high,"inzhagyautoglass.com — 'one-stop shop for auto glass'; services are mobile auto glass repair, RV window repair, auto glass replacement, truck glass repair, windshield repair, door glass, back glass, regulator replacement. Two searches found no residential or commercial building glass.",web research (earlier pass),UNKNOWN
Bello Remodeling Yes,https://bello-remodeling.com/,bello-remodeling.com,+1 512-663-8573,"2517 Berkeley Ave, Austin, TX 78745, United States",5,53,YES,Replacing old windows as part of exterior remodels,False,high,"belloremodeling.com — 'Bello Remodeling specializes in upgrading siding, replacing old windows, and roof services'; Thumbtack profile is titled 'Bello Remodeling Windows Siding Roofing'.",web search (round 2),UNREACHABLE
Cla Exteriors Yes,https://www.claexteriors.com/,claexteriors.com,+1 855-252-8800,"2519 Tanglewood Ln, Rockford, IL 61114, United States",4.1,14,NO,no window installation or repair signal on site,False,high,,site scrape,NO
City Auto Glass Yes,https://www.cityautoglassrkfd.com/,cityautoglassrkfd.com,+1 815-242-1140,"2520 Broadway, Rockford, IL 61108, United States",4.7,47,YES,building glass replacement; commercial storefront glazing; installs/replaces windows; insulated glass unit work; pane glazing work; replacement windows; window product line; window replacement/installation,True,high,acement Repair and Maintenance Single-Pane Windows and Glass Thermopane Windows and Glass Window Glass Repair Window Glass Replacement Shower Door Glass Shower Door Replacement Shower Glass Repair Ab,site scrape,YES
Window World of Phoenix Yes,http://www.windowworldphoenix.com/,windowworldphoenix.com,+1 602-962-5164,"2530 W Holly St, Phoenix, AZ 85009, United States",4.1,279,YES,installs/replaces windows; insulated glass unit work; named window styles; replacement windows; window product line; window replacement/installation; windows & doors,False,high,Window Replacement Phoenix – Window World of Phoenix .,site scrape,YES
Eva's Draperies & Home Decor Yes,http://www.evasdrapes.com/,evasdrapes.com,+1 214-995-2628,"2532 Converse St, Dallas, TX 75207, United States",4.9,22,NO,window treatments,False,high,Eva's Draperies & Home Decor .,site scrape,NO
Metro Garage Door Repair Yes,https://www.metrogaragedoor.net/,metrogaragedoor.net,+1 972-391-3610,"2544 Southwell Rd, Dallas, TX 75229, United States",5,409,NO,Garage door and gate repair,False,high,"metrogaragedoor.net/garage-door-spring-repair-dallas-tx/ and /garage-door-off-track-service-dallas-tx/ — springs, cables, openers, tracks, new door installation, swing/sliding gates.",web research (earlier pass),UNKNOWN
East Blue Windows & Doors Yes,http://www.eastbluewindowsdoors.com/,eastbluewindowsdoors.com,+1 754-244-5037,"2548 NW 9th Ct, Fort Lauderdale, FL 33311, United States",5,73,YES,insulated glass unit work; named window styles; window product line; window replacement/installation; windows & doors,False,high,"Impact windows and doors installation in Broward, Palm Beach, and Miami-Dade.",site scrape,YES
Affordable Windows Plus Exteriors of Phoenix Yes,https://www.affordablewindowsofaz.com/locations/gilbert-az,affordablewindowsofaz.com,+1 480-736-2822,"2550 E Rose Garden Ln #72496, Phoenix, AZ 85050, United States",3.5,2,YES,installs/replaces windows; insulated glass unit work; named window styles; pane glazing work; replacement windows; window product line; window replacement/installation; windows & doors,False,high,Window Replacement Gilbert | Energy-Efficient Windows & Doors .,site scrape,YES
Vertex Roofers and General Contractors Yes,https://vertexroofers.com/,vertexroofers.com,+1 214-206-5123,"2550 Pacific Ave Ste 844, Dallas, TX 75226, United States",4.9,76,NO,no window installation or repair signal on site,False,high,,site scrape,NO
Tint Authority Yes,https://tintauthority.biz/,tintauthority.biz,+1 512-956-2995,"26 Glen Rock Dr, The Hills, TX 78738, United States",5,2,NO,window tint/film,False,high,pm Contact Us Contact Us Name Email* Send Cancel Our Partners Tint Authority ( Custom Window Film & Graphics ) (512) 956-2995 Copyright © 2020 Tint Authority - All Rights Reserved.,site scrape,NO
Cupcake Home Improvements Yes,https://www.callcupcake.com/?utm_source=google&utm_medium=organic&utm_campaign=gbp,callcupcake.com,+1 888-671-2686,"2601 Mc Hale Ct #145, Austin, TX 78758, United States",4.9,267,YES,installs/replaces windows; insulated glass unit work; named window styles; replacement windows; window product line; window replacement/installation,False,high,6 Services Roofing Asphalt Shingle Roofing Metal Roofing Roof Repair Roof Cost Calculator Windows Vinyl Replacement Windows Fiberglass Replacement Windows Aluminum Replacement Windows Wood Replacement Wind,site scrape,YES
Installation World Yes,https://installation-rockford.com/,installation-rockford.com,+1 815-904-9249,"2606 Broadway Ste 2 C, Rockford, IL 61108, United States",5,73,YES,installs/replaces windows; window product line; window replacement/installation,False,high,stallation Custom Projects Garage & Basement Finishing New Door or Window Opening Door or Window Replacement Bathroom Fixture Convert Breakfast Nook to Island Enclose Porch 4 Season Installation Kit,site scrape,YES
Dallas Maids Yes,https://dallasmaids.com/,dallasmaids.com,+1 469-487-6669,"2606 Manor Way, Dallas, TX 75235, United States",4.9,499,NO,window treatments,False,high,"e spotless, windows were cleaned, they scrubbed the fridge and the stove, and cleaned the blinds and the fans!",site scrape,NO
Mobile Window Tint WJ Dallas Yes,https://www.windowmobiletint.com/,windowmobiletint.com,+1 214-772-5971,"2607 Rampart St, Dallas, TX 75235, United States",5,139,NO,window tint/film,False,high,Home | Mobile Window Tint WJ .,site scrape,NO
Master Builders Remodelers & Guaranteed Foundation Repairs Yes,http://www.mbrgfr.com/,mbrgfr.com,+1 817-469-1090,"2607 Vinson St, Dallas, TX 75212, United States",4.5,131,NO,no window installation or repair signal on site,False,high,,site scrape,NO
Home Services at The Home Depot Yes,https://www.homedepot.com/l/Oak-Cliff/TX/Dallas/75211/6816/services?emt=HSGoogleMaps,homedepot.com,+1 844-476-2140,"2610 Fort Worth Ave, Dallas, TX 75211, United States",3.6,11,NO,window tint/film; window treatments,False,high,inds Vertical Blinds Wood Blinds Blackout Shades Roman Shades Solar Shades Pleated Shades Window Film Shop Hardware Curtain Rods Curtain Hardware REFRESH YOUR WINDOW TREATMENTS Explore custom,site scrape,NO
Desert King Windows Yes,http://www.desertkingwindows.com/?utm_campaign=gmb,desertkingwindows.com,+1 480-613-9943,"2615 S 21st St, Phoenix, AZ 85034, United States",4.8,702,YES,installs/replaces windows; insulated glass unit work; named window styles; pane glazing work; replacement windows; window product line; window replacement/installation; windows & doors,False,high,"Windows Installation - Energy Efficient Windows - Phoenix AZ, Tucson AZ, Las Vegas NV - Desert King Windows .",site scrape,YES
Ready My Property Yes,https://www.readymyproperty.com/,readymyproperty.com,+1 469-680-8602,"2626 Cole Ave suit 300, Dallas, TX 75204, United States",4.7,44,NO,Property maintenance / handyman / rental make-ready services,False,medium,"readymyproperty.com — 'handyman, window & gutter cleaning, power wash, air duct & dryer vent cleaning, junk removal, make-ready services, packing & moving, home improvement'. The only window work named is cleaning.",web search (round 2),UNREACHABLE
Glaziers Consulting LLC Yes,https://www.glaziersconsulting.com/?utm_source=google&utm_medium=organic&utm_campaign=gbp,glaziersconsulting.com,+1 609-992-4102,"2630 W Broward Blvd, Fort Lauderdale, FL 33312, United States",5,17,YES,"Fabricates and installs curtain wall, window wall and storefront systems",False,high,"glaziersconsulting.com/about-us/ — 'a commercial facade installer and fabricator that helps fabricate and install curtain walls, window walls, storefront components, and architectural metals'.",web search (round 2),UNKNOWN
Tritek Window Tinting & Paint Protection Yes,https://tritektinting.com/,tritektinting.com,+1 972-926-5666,"2638 National Dr, Garland, TX 75041, United States",5,3695,NO,window cleaning; window tint/film; window treatments,True,high,"With tinted windows, it’s important that your window cleaner is ammonia-free!",site scrape,NO
Express Glass & Board Up Sliding Glass Door & Window Repair Yes,https://expressglassfl.com/,expressglassfl.com,+1 954-707-6443,"2701 W Oakland Park Blvd Ste 225C, Fort Lauderdale, FL 33311, United States",4.3,55,YES,building glass replacement; commercial storefront glazing; insulated glass unit work; window product line; window replacement/installation; windows & doors,False,high,Impact Windows & Doors Storefront Glass Replacement Commercial Glass Systems Residential Window Replacement Sliding Glass Doors Glass Railings Frameless Shower Enclosures Custom Mirrors Hurricane G,site scrape,YES
Designer Door and Window Yes,http://www.designerdw.com/,designerdw.com,+1 972-424-0031,"2707 Realty Rd #310, Carrollton, TX 75006, United States",4.9,140,YES,installs/replaces windows; replacement windows; window product line; window replacement/installation; windows & doors,False,high,31 Home About Our Process Green Shield Promise Ask The Expert Windows Anlin Windows Vinyl Windows Window Installation Window Gallery Ask The Expert Doors Exterior Doors Patio Doors Fiberglass Doors Wood Door,site scrape,YES
AC Glass and Mirror Yes,http://www.acglass.biz/,acglass.biz,+1 214-604-3394,"2708 Reynolds Ave, Dallas, TX 75232, United States",3.3,7,YES,"Window glass replacement, single and double pane, same/next-day",False,high,"acglass.biz — ""two divisions: Shower and Mirrors and Windows and Glass Replacement""; expertise includes ""window glass replacements in 24 hours or same day"" and ""window glass replacement (double pane and single pane)"".",web research (earlier pass),UNKNOWN
VISION IMPACT WINDOWS & DOORS Yes,https://www.visionimpactwindowsanddoors.com/,visionimpactwindowsanddoors.com,+1 754-290-0123,"271 SW 33rd Ct #6, Fort Lauderdale, FL 33315, United States",0,0,YES,insulated glass unit work; named window styles; pane glazing work; window product line; window replacement/installation; windows & doors,False,high,"erdale, impact windows near me Fort Lauderdale, impact windows Fort Lauderdale FL, impact windows installation Fort Lauderdale, impact windows cost Fort Lauderdale .",site scrape,YES
K&M Steam Cleaning Yes,http://www.kandmsteamcleaning.com/?utm_source=GBP_listing&utm_medium=organic&utm_campaign=listing,kandmsteamcleaning.com,+1 512-648-2473,"2711 Daisy Dr Bldg 1, # 100, Austin, TX 78727, United States",4.7,1999,NO,window cleaning; window treatments,False,high,"Instagram YouTube Twitter LinkedIn Tumblr Pinterest Austin's Best Carpet & Tile Cleaning, Pressure Washing & More Menu Call (512) 866-5599 Carpet Cleaning Rug Cleaning Tile & Grout Cleaning Uph",site scrape,NO
Austin Dream Remodeling Bathroom & Kitchen Yes,https://austindreamremodeling.com/?utm_source=google&utm_medium=GBP&utm_campaign=seo,austindreamremodeling.com,+1 512-778-0791,"2713 Bristol Dr #2, Austin, TX 78723, United States",4.9,88,YES,Installs new windows and doors as part of exterior remodeling,False,high,"austindreamremodeling.com/exterior-remodeling/ — 'The company specializes in updating siding, installing new windows and doors, adding outdoor living spaces, and refreshing facades'.",web search (round 2),UNKNOWN
Time 2 Shine PPF and Tint Detailing Studio Yes,https://www.dallasppfandceramic.com/,dallasppfandceramic.com,+1 214-377-1577,"2717 Egan Ave, Dallas, TX 75235, United States",5,501,NO,window tint/film,False,high,"esla wrap, ceramic coating, car paint protection coating, ceramic paint coating, ceramic window tint, ceramic car tint, truck wraps, carbon fiber wrap, custom car wraps, auto pain .",site scrape,NO
Genuine Texas Exteriors Yes,https://genuinetexasexteriors.com/,genuinetexasexteriors.com,+1 512-745-5676,"2720 Bee Caves Rd Ste 126, Austin, TX 78746, United States",4.9,172,YES,installs/replaces windows; named window styles; replacement windows; window product line; window replacement/installation,False,high,y Appointment Copyright © 2026 Genuine Texas Exteriors | All Rights Reserved Residential Window Replacement and Installation Services .,site scrape,YES
DAR Roofing General Contractors Yes,http://www.darroofinggc.com/,darroofinggc.com,+1 315-836-4542,"2727 Lyndon B Johnson Fwy Ste 785, Farmers Branch, TX 75234, United States",4.9,122,YES,Window replacement and repair offered among general contracting services,False,high,"darroofinggc.com service list - 'Roof Restoration and Replacement, Gutter Installation & Repair, Fence, Siding, Garage Door Installation and Repair, HVAC, Exterior & Interior Paint, and Window Replacement and Repair'; 'serving the entire DFW area with both residential and commercial applications'",web research (earlier pass),UNKNOWN
Fifty Shades and Blinds Yes,https://www.fiftyshadesandblinds.com/,fiftyshadesandblinds.com,+1 954-882-5009,"2755 E Oakland Park Blvd Ste 103, Fort Lauderdale, FL 33306, United States",4.9,310,NO,window treatments,False,high,"Fifty Shades & Blinds: Shades, Blinds, & Window Treatments .",site scrape,NO
All Florida Screens & Shutters Yes,http://www.webuildscreens.com/,webuildscreens.com,+1 954-254-6089,"2764 N Dixie Hwy, Wilton Manors, FL 33334, United States",4.8,69,YES,named window styles; window product line; windows & doors,False,high,Custom Enclosures & Hurricane Impact Windows | South Florida .,site scrape,YES
Yazmin Autoglass Inc Yes,https://yazminautoglasstx.com/,yazminautoglasstx.com,+1 817-298-0078,"2802 Cartwright St, Dallas, TX 75212, United States",4.8,881,NO,vehicle glass,True,high,Dallas Texas Windshield Replacement | Window Repair |Yazmin Auto Glass .,site scrape,NO
Load Bearing Wall Pros - Austin Yes,https://www.loadbearingwall.com/,loadbearingwall.com,+1 737-252-8170,"2802 Flintrock Trace #201, Lakeway, TX 78738, United States",5,23,YES,insulated glass unit work; windows & doors,False,high,In most cases we can add on to your home like it was a brand new build with customizable windows and doors configuration.,site scrape,YES
Lake Travis Roofing Yes,https://www.laketravisroofing.com/,laketravisroofing.com,+1 512-886-5060,"2802 Flintrock Trace Suite 313, Austin, TX 78738, United States",4.9,57,YES,insulated glass unit work; pane glazing work; window replacement/installation,False,high,rs Custom Chimney Caps Emergency Roof Repair Fascia & Soffit Installation & Repair Door & Window Replacement Service Areas Austin TX Spicewood Bee Cave TX Lakeway TX Recent Projects FAQs Contact X G,site scrape,YES
Royal Screen Solutions Yes,https://royalscreensolutions.com/,royalscreensolutions.com,+1 954-870-0878,"2805 E Oakland Park Blvd, Fort Lauderdale, FL 33306, United States",4.8,39,YES,named window styles,False,high,"Retractable screens, motorized screens, and retractable awnings – Royal Screen Solutions - Authorized Phantom Screens Dealer .",site scrape,LIKELY
RCE Construction & Remodeling Yes,https://www.rceconstructionandremodeling.com/,rceconstructionandremodeling.com,+1 512-508-8476,"2823 E Martin Luther King Jr Blvd, Austin, TX 78702, United States",5,41,YES,windows & doors,False,high,— Windows & Doors: Energy-efficient upgrades that enhance both aesthetics and insulation.,site scrape,YES
G's Audio ATX Yes,https://www.facebook.com/GsAudioatx,facebook.com,+1 512-919-6639,"2825 E Hwy 71, Del Valle, TX 78617, United States",4.2,100,YES,Stocks windows and provides framing and installation services including window and door installations,False,medium,"Oak Cliff Building Materials services page: 'Their extensive inventory includes lumber, sheathing, roofing products, windows, and more. They also provide professional framing and installation services, including window and door installations'; sells 'to contractors, builders and homeowners'",web research (earlier pass),SOCIAL_ONLY
Window Depot Dallas /Plano Yes,https://windowdepotdallas.com/,windowdepotdallas.com,+1 214-399-9592,"2828 W Parker Rd Ste 203B, Plano, TX 75075, United States",4.9,38,YES,installs/replaces windows; insulated glass unit work; named window styles; pane glazing work; replacement windows; window product line; window replacement/installation; windows & doors,False,high,"-07-30 05:53:41 The Hidden Cost of Buying Cheap Replacement Windows in Dallas, Texas When Window Repair Is No Longer an Option in Dallas, Texas https://windowdepotdallas.",site scrape,YES
Trustmark Exteriors Yes,https://www.trustmarkexteriors.com/?utm_source=google&utm_medium=gbp,trustmarkexteriors.com,+1 817-859-8369,"2832 SE Loop 820, Fort Worth, TX 76140, United States",5,14,YES,installs/replaces windows; insulated glass unit work; named window styles; window product line; window replacement/installation,False,high,"rs | Windows, Gutters & Roofing in Fort Worth Skip to content Labor Day Sale: Save 10% on Window Installation until 9/15 Get A Quote 24/7 Year-Round Emergency Service (877) 202-7663 Home About Us Abo",site scrape,YES
FG Installation Services Yes,http://www.fginstallationservices.com/,fginstallationservices.com,+1 954-496-5159,"2880 NE 32nd St, Fort Lauderdale, FL 33306, United States",5,12,NO,"Kitchen cabinet, closet and bathroom installation / room remodeling",False,medium,"Houzz + Yellowpages profiles — 'committed to delivering quality design and installation of kitchen cabinets (including IKEA), closets, bathroom, wall units and total room remodeling'. No impact-window or window work found.",web search (round 2),UNREACHABLE
Custom Design Windows Yes,http://www.customdesignwindows.com/,customdesignwindows.com,+1 954-654-0821,"2881 NE 33rd Ct APT 3C, Fort Lauderdale, FL 33306, United States",4.5,8,NO,window tint/film; window treatments,False,high,"nts in Fort Lauderdale . Custom Design Windows provides elegant custom window treatments, solar screen shades, blinds, and draperies for residential and commercial properties in Fort Lauderdal",site scrape,NO
SOFLO IMPACT WINDOWS Yes,https://www.sofloimpactwindows.com/,sofloimpactwindows.com,+1 754-223-3700,"2895 NE 32nd St Apt 210, Fort Lauderdale, FL 33306, United States",5,73,YES,installs/replaces windows; insulated glass unit work; named window styles; window product line; window replacement/installation; windows & doors,False,high,MPACT WINDOWS | Broward & Palm Beach County . NOA windowsHVHZ windowsimpact windowsimpact window installationimpact window saleshurricane impact windowsimpact windows near meMiami-Dade approved impac,site scrape,YES
Gwyndow's Window Cleaning Yes,http://gwyndows.com/,gwyndows.com,+1 512-444-1954,"2900 W Anderson Ln. STE C200-350, Austin, TX 78757, United States",4.9,658,NO,window cleaning,False,high,Gwyndows – Window Cleaning .,site scrape,NO
NT Window Inc. Yes,http://www.ntwindow.com/,ntwindow.com,+1 800-969-8830,"2900 W Seminary Dr, Fort Worth, TX 76133, United States",4.5,144,YES,installs/replaces windows; named window styles; replacement windows; window product line; window replacement/installation; windows & doors,False,high,NT Window is a leading window manufacturer of replacement windows in the Southern United States.,site scrape,YES
Verde Builders Custom Homes Yes,https://verdebuildersaustin.com/?utm_source=google&utm_medium=local&utm_campaign=gbp,verdebuildersaustin.com,+1 512-653-2522,"2931 E 12th St Suite 102, Austin, TX 78702, United States",4.9,45,NO,no window installation or repair signal on site,False,high,,site scrape,NO
Window Nation Dallas Yes,https://www.windownation.com/locations/texas/grand-prairie?utm_code=CMP-08802-Y8W8G&utm_source=google&utm_medium=organic&utm_content=GMB_showroom,windownation.com,+1 972-332-5412,"2940 N Hwy 360 #300, Grand Prairie, TX 75050, United States",4.7,1057,YES,Replacement windows and doors with professional installation; national installer with Grand Prairie showroom,False,high,"'Grand Prairie, Texas Home Window Replacement Experts' — windownation.com/locations/texas/grand-prairie/; location page '2940 N Hwy 360 #300, Grand Prairie, TX 75050... (972) 332-5412', 'top-rated products, expert installation'",web research (earlier pass),UNREACHABLE
Florida Impactpro Windows and Doors LLC Yes,https://floridaimpactpro.com/,floridaimpactpro.com,+1 954-758-9465,"2974 Griffin Rd Ste 5, Fort Lauderdale, FL 33312, United States",4.8,59,YES,name states window installation/replacement/doors,False,medium,,name/review keywords,UNKNOWN
FX Remodeling & Exteriors Yes,http://sidingcontractordallastx.com/,sidingcontractordallastx.com,+1 469-351-4775,"3000 W Commerce St, Dallas, TX 75212, United States",4.3,437,YES,commercial storefront glazing; installs/replaces windows; insulated glass unit work; named window styles; pane glazing work; window product line; window replacement/installation; windows & doors,False,high,tters Skylight Installation Skylight Repair Vinyl Siding Installation Vinyl Siding Repair Window Cleaning Window Installation Window Repair Window Replacement View All Services Call Now (469) 351-4775 Tap to call no,site scrape,YES
Capital State Remodel Yes,https://www.capitalstate.net/,capitalstate.net,+1 512-584-6649,"3006 Crosscreek Dr, Austin, TX 78757, United States",5,29,YES,Window installation and window replacement among remodeling services,False,medium,capitalstate.net — 'Capital State Remodel provides window installation and window replacement services among many other remodeling options'; 'catering to both residential and commercial clients'.,web search (round 2),UNREACHABLE
Specialty Exterior Works Yes,http://specialtyexteriorworks.com/,specialtyexteriorworks.com,+1 512-400-3478,"3008 Salvidar Bend, Austin, TX 78728, United States",4.9,55,NO,window cleaning,False,high,"Window Washing | Austin, TX | Specialty Exterior Works .",site scrape,NO
Home Window Guy Yes,https://adamsexteriors.com/,adamsexteriors.com,+1 214-349-7283,"3010 Lyndon B Johnson Fwy, Dallas, TX 75234, United States",4.3,12,YES,installs/replaces windows; replacement windows; window replacement/installation,False,high,From energy-efficient replacement windows to roof repairs / replacements and all other exterior repairs.,site scrape,YES
Texas Audio Car Stereo & Security Yes,https://www.texasaudio.com/,texasaudio.com,+1 972-864-2114,"3035 S Shiloh Rd #135, Garland, TX 75041, United States",4.9,662,NO,window tint/film,False,high,hy Choose Us Protection Plan Vehicle Solutions Audio-Video Alarms & Security Car Lighting Window Tint Automotive Accessories GPS Tracking Radar Detector Sound Dampening OEM Integration Power,site scrape,NO
Clear Innovations Yes,https://clear-innovate.com/,clear-innovate.com,+1 512-337-7272,"304 Hazelwood St #1, Leander, TX 78641, United States",5,14,YES,commercial storefront glazing; installs/replaces windows; named window styles; replacement windows; window product line; window replacement/installation; windows & doors,False,high,"t Austin, Leander, Cedar Park, Round Rock, Pflugerville, and Central Texas with top-rated window installation and replacement services, including services.",site scrape,YES
Allies Roofing and Construction LLC Yes,https://alliesrc.com/,alliesrc.com,+1 512-504-7405,"305 E Huntland Dr #610, Austin, TX 78752, United States",4.9,69,NO,no window installation or repair signal on site,False,high,,site scrape,NO
Glass America - Auto Glass & Windshield Replacement Yes,https://glassusa.com/locations/tx/?utm_source=google_gbp&utm_medium=organic&utm_campaign=local&utm_content=austin_tx,glassusa.com,+1 512-270-6579,"306 E 6th St, Austin, TX 78701, United States",4.6,27,NO,vehicle glass,True,high,Glass America | Auto Glass and Windshield Repair .,site scrape,NO
Empire Sound & Security Car audio / Window tinting Yes,http://www.empiresoundandsecurity.com/,empiresoundandsecurity.com,+1 972-406-8880,"3068 Forest Ln #219, Dallas, TX 75234, United States",4.7,294,NO,vehicle glass only,True,high,"earn more Heading Heading Heading Car Security Systems learn more Heading Heading Heading Car Window Tint learn more empire services We offer tint, audio, entertainment & security for vehicl",site scrape,NO
Budget Blinds of Austin & Hill Country Yes,https://www.budgetblinds.com/austin/,budgetblinds.com,+1 512-593-5505,"3105 Scott Dr, Austin, TX 78734, United States",4.9,494,NO,window treatments,False,high,"Blinds - Custom Blinds, Window Coverings - Budget Blinds .",site scrape,NO
Legacy Windows LLC Yes,https://thelegacywindows.com/,thelegacywindows.com,+1 480-448-2098,"3106 W Thomas Rd #1107, Phoenix, AZ 85017, United States",4.1,37,YES,installs/replaces windows; insulated glass unit work; pane glazing work; replacement windows; window product line; window replacement/installation; windows & doors,False,high,50% OFF When You Purchase 10 Windows or More! Get free Qoute (801) 335-6058 Home Services Window Replacement New Window Installation Custom Windows & Doors Energy-Efficient Windows Professional Inst,site scrape,YES
Galaxy Design Yes,https://www.galaxy-design.com/,galaxy-design.com,+1 866-215-3173,"3121 Main St #310, Dallas, TX 75226, United States",5,6,NO,window treatments,False,high,Homepage - Galaxy Design - Custom DIY & Luxury Window Treatment Company .,site scrape,NO
Spoiled Luxuries Yes,https://www.spoiledluxuries.com/,spoiledluxuries.com,+1 214-210-7402,"3141 Irving Blvd Ste 210, Dallas, TX 75247, United States",5,45,NO,vehicle glass only,True,high,"rance with a sleek, modern touch. Read More paint protection film Shields your paint from rock chips, scratches, and daily wear using industry-leading materials and precision installation f",site scrape,NO
WindowWall of Ft. Lauderdale Yes,https://windowwallfl.com/,windowwallfl.com,+1 954-945-8212,"3150 Prospect Rd Ste 350, Fort Lauderdale, FL 33309, United States",4.9,72,YES,installs/replaces windows; named window styles; replacement windows; window product line; window replacement/installation; windows & doors,False,high,"impact windows Florida,hurricane windows,window replacement,impact doors,PGT windows,WindowWall .",site scrape,YES
South Florida Windows & Doors Yes,http://myflwindows.com/?utm_source=google&utm_medium=organic&utm_campaign=gbp_pompano_beach_fl,myflwindows.com,+1 954-957-9763,"3195 N Powerline Rd Ste 112, Pompano Beach, FL 33069, United States",4.7,152,YES,commercial storefront glazing; installs/replaces windows; insulated glass unit work; named window styles; pane glazing work; replacement windows; window product line; window replacement/installation; windows & doors,True,high,ractors & DIY Project Gallery Refer & Earn Contact Us Home About Windows HURRICANE IMPACT WINDOWS REPLACEMENT WINDOWS Doors Commercial Buy Direct: Contractors & DIY Financing Service Areas Reviews Pr,site scrape,YES
Attila Auto Glass Yes,https://autoglassserviceaustin.com/,autoglassserviceaustin.com,+1 737-510-2169,"3201 Century Park Blvd, Austin, TX 78727, United States",5,11,NO,vehicle glass,True,high,"Attila Auto Glass | Windshield Repair in Austin, TX 78727 .",site scrape,NO
Alpha Glass & Mirror Yes,http://www.alphaautoglass.com/,alphaautoglass.com,+1 954-564-6610,"3201 NE 2nd Ave, Fort Lauderdale, FL 33334, United States",4.8,180,YES,window product line; window replacement/installation,True,high,"Our full service Fort Lauderdale Glass and Mirror company provides auto glass, window repair, decorative glass, glass repair, custom mirrors and showers.",site scrape,YES
Draven Roofing + Construction Yes,https://dravenconstruction.com/,dravenconstruction.com,+1 682-200-9019,"321 Bright Sky Dr, Austin, TX 78737, United States",0,0,NO,"Roofing, gutters, siding and exterior construction",False,medium,"dravenconstruction.com/services/ — 'roof inspection, storm damage assessment, roof repair, full roof replacement, gutters, siding, and general exterior upgrades', plus outdoor living. Two searches found no window service.",web search (round 2),UNKNOWN
Premium Roofing Solutions LLC Yes,https://premiumroofsllc.com/?utm_source=google&utm_medium=organic&utm_campaign=GMB,premiumroofsllc.com,+1 815-296-1306,"321 W State St #201, Rockford, IL 61101, United States",5,81,NO,no window installation or repair signal on site,False,high,,site scrape,NO
Crystalia Glass Yes,https://crystaliaglass.com/,crystaliaglass.com,+1 718-690-0258,"3214 Belt Line Rd Suite 458, Farmers Branch, TX 75234, United States",4.9,94,YES,insulated glass unit work; named window styles,False,high,8 Years on the US market 20000 Satisfied customers 97% Of clients recommend us System Configurations Prev.,site scrape,YES
The Window Source of DFW Yes,https://www.windowsourcedfw.com/,windowsourcedfw.com,+1 469-655-9148,"3216 Commander Dr Ste 101, Carrollton, TX 75006, United States",5,153,YES,installs/replaces windows; named window styles; replacement windows; window product line; window replacement/installation; windows & doors,False,high,Discover custom windows with professional installation and a lifetime warranty.,site scrape,YES
Vista Windows and Doors Yes,https://www.vistawindowsaz.com/,vistawindowsaz.com,+1 480-744-2884,"3225 N Arizona Ave Ste C13, Chandler, AZ 85225, United States",5,51,YES,installs/replaces windows; pane glazing work; replacement windows; window product line; window replacement/installation; windows & doors,False,high,e Phoenix homeowners on the best replacement windows and doors for their home. Learn more Window Installation Process The Vista Window and Door Experts The Vista Window and Door Experts We offer a se,site scrape,YES
AARON AUTO GLASS ROCKFORD Yes,http://www.aaronglass.com/rockford?utm_source=google&utm_medium=wix_google_business_profile&utm_campaign=6738074601005883374,aaronglass.com,+1 815-967-6000,"3227 Auburn St, Rockford, IL 61101, United States",4.9,1758,NO,vehicle glass,True,high,Aaron Glass | Auto Glass Repair | Chicagoland Area .,site scrape,NO
JJ's Window Service Yes,http://www.jjswindowservice.com/,jjswindowservice.com,+1 972-479-1302,"3235 Skylane Dr Apt 115, Carrollton, TX 75006, United States",3.7,59,YES,broken window glass; installs/replaces windows; reglazing; window replacement/installation,False,high,"MESSAGE US TODAY Home About Residential Gallery Contact Search for: Window Replacement & Fogged Glass Repair in Carrollton, TX In Need Of Repair?",site scrape,YES
Window Rehab Yes,https://www.windowrehab.com/,windowrehab.com,+1 602-546-3200,"3250 N Colorado St, Chandler, AZ 85225, United States",5,45,YES,installs/replaces windows; named window styles; pane glazing work; replacement windows; window product line; window replacement/installation; windows & doors,False,high,"Window Replacement Phoenix, AZ | Window Rehab .",site scrape,YES
Advantage Roofing Company Yes,http://www.advantageroofingcompany.com/,advantageroofingcompany.com,+1 512-633-7372,"3267 Bee Caves Rd, Austin, TX 78746, United States",5,25,NO,no window installation or repair signal on site,False,high,,site scrape,NO
WCV Windows Yes,https://www.westcoastvinyl.com/about-us,westcoastvinyl.com,,"327 E Wildwood Dr, Phoenix, AZ 85048, United States",5,5065,YES,installs/replaces windows; insulated glass unit work; named window styles; replacement windows; window product line; window replacement/installation,False,high,Tacoma Vinyl Windows | Tacoma Replacement Windows | Window Replacement .,site scrape,YES
Dr Sound Yes,http://www.windowtintinginfortlauderdalefl.com/,windowtintinginfortlauderdalefl.com,+1 754-300-5193,"3291 W Sunrise Blvd, Fort Lauderdale, FL 33311, United States",4.8,2624,NO,vehicle glass only,True,high,Sound Since 1987 in FT Lauderdale FL Tinting Car Window Dr.,site scrape,NO
Shutter Guy Austin Yes,http://shutterguyaustin.com/,shutterguyaustin.com,+1 512-608-3970,"330 Abbey Dr, Austin, TX 78737, United States",5,134,NO,window treatments,False,high,"Shutter Guy Austin . Buy Plantation Shutters, Blinds, Shades and Roller Screens from Hunter Douglas at discount prices with free in-ho",site scrape,NO
Habitat Haus Yes,https://habitathaus.com/,habitathaus.com,+1 210-237-6328,"3300 Bee Caves Rd #650, Austin, TX 78746, United States",4.8,31,NO,no window installation or repair signal on site,False,high,,site scrape,NO
Twin Pro Roofers Yes,https://twinproroofers.com/,twinproroofers.com,+1 512-831-7714,"3300 Bee Caves Rd, West Lake Hills, TX 78746, United States",5,0,YES,insulated glass unit work,False,high,"vices address issues such as cracked glass, condensation buildup, flashing deterioration, failed seals, and water intrusion caused by aging systems or improper installation.",site scrape,YES
Rise Renovation - Austin Yes,https://riserenovation.com/,riserenovation.com,+1 737-205-6724,"3300 N Interstate Hwy 35 #700, Austin, TX 78705, United States",4.9,15,YES,installs/replaces windows; named window styles; pane glazing work; replacement windows; window product line; window replacement/installation; windows & doors,False,high,"iness Hours Monday - Saturday 8 AM–7 PM Closed Sunday Copyright © 2026 - Rise Renovation Window Replacement Denver, Colorado - Rise Renovation .",site scrape,YES
Attack-A-Crack Glass Specialist Yes,http://attackacrackglassspecialist.com/,attackacrackglassspecialist.com,+1 512-995-2191,"3303 Peavy Dr, Austin, TX 78725, United States",4.8,44,YES,broken window glass; commercial storefront glazing; insulated glass unit work; pane glazing work; window replacement/installation,False,high,"in, Get 10% off this month on your frameless shower glass when you try our services! Home Window Glass Replacement Custom Wine Cellar Design Home Window Glass Replacement Custom Wine Cellar Design More Ho",site scrape,YES
Factory Direct Windows Yes,https://www.factorydirectwindows.com/,factorydirectwindows.com,+1 602-703-0131,"331 E Chilton Dr, Chandler, AZ 85225, United States",5,60,YES,window in name + review describes window work,False,medium,,name/review keywords,UNKNOWN
Godly Windows & Wash Co. Fort Lauderdale Yes,http://godlywindows.com/fort-lauderdale,godlywindows.com,+1 954-852-5326,"3315 E Oakland Park Blvd #204, Fort Lauderdale, FL 33308, United States",5,90,NO,window cleaning,False,high,Window Cleaning South Florida | Godly Windows & Wash Co.,site scrape,NO
Florida Elite Glass Yes,https://fleliteglass.com/,fleliteglass.com,+1 786-981-8455,"333 N New River Dr E, Fort Lauderdale, FL 33301, United States",4.6,13,NO,"Frameless shower doors, shower enclosures and glass railings",False,medium,"fleliteglass.com/shower-glass/ — 'specializes in frameless shower doors in 3/8"" and 1/2"" tempered glass... They also offer glass railings for balconies, terraces, pool decks, interior lofts, and glass stair railings'. Google reviews describe a glass railing and a shower door. No house-window glass w",web search (round 2),UNKNOWN
ASP Windows and Doors Yes,https://www.aspwindows.com/contact/doral-florida?utm_campaign=gmb,aspwindows.com,+1 786-751-5389,"3400 NW 114th Ave, Doral, FL 33178, United States",4.8,945,YES,broken window glass; commercial storefront glazing; insulated glass unit work; reglazing; window product line; window replacement/installation; windows & doors,False,high,Do you offer financing options for window and door installations?,site scrape,YES
Prime Window Solutions Yes,https://primeshuttersllc.com/,primeshuttersllc.com,+1 469-457-4049,"3400 Silverstone Dr Ste 174, Plano, TX 75023, United States",5,110,YES,pane glazing work; window product line; window replacement/installation,False,high,"been able to establish ourselves as the premier option in the North Texas Area for Window Replacements and High Quality Window Treatments such as Plantation Shutters, Shades and… .",site scrape,YES
TXFirstRemodel Yes,https://txfirstremodel.com/,txfirstremodel.com,+1 888-469-0049,"3423 N Winnetka Ave, Dallas, TX 75212, United States",5,70,YES,installs/replaces windows; pane glazing work; replacement windows; window product line; window replacement/installation,False,high,Driveways Contractors Exterior Painting Contractors Landscaping Services Roofing Services Window Installation Services Financing Contact Us OUR SOCIAL Google Yelp ADD SOME TEXT THROUGH CUSTOMIZER Hom,site scrape,YES
Sawgrass Windows and Doors Yes,http://sawgrasswindows.net/,sawgrasswindows.net,+1 954-742-7455,"3430 NW 16th St Bay 12, Lauderhill, FL 33311, United States",4.5,40,YES,name states window installation/replacement/doors,False,medium,,name/review keywords,UNKNOWN
Carefree Windows Yes,https://www.enjoytheviewnow.com/,enjoytheviewnow.com,+1 815-242-1822,"3442 Colony Bay Dr, Rockford, IL 61109, United States",4.8,88,NO,window cleaning,False,high,"We offer window washing, gutter cleaning, and pressure washing.",site scrape,NO
Bufalo Contracting Yes,http://www.bufalocontracting.com/,bufalocontracting.com,+1 779-368-0256,"3466 Colony Bay Dr, Rockford, IL 61109, United States",4.8,495,YES,installs/replaces windows; insulated glass unit work; replacement windows; window product line; window replacement/installation,False,high,Choose Bufalo Contracting for your next window installation or replacement project and experience the difference that professional quality and service can make.,site scrape,YES
Electric Blinds and Shades Fort Lauderdale Yes,https://www.electricshadesftlauderdale.com/,electricshadesftlauderdale.com,+1 954-900-7483,"347 N New River Dr E Ste 2500, Fort Lauderdale, FL 33301, United States",5,6,NO,window treatments,False,high,"Electric Blinds and Shades | Electric Shades | Fort Lauderdale, FL, USA .",site scrape,NO
Lake Travis Power Washing Yes,http://www.laketravispowerwashing.com/,laketravispowerwashing.com,+1 512-201-0327,"3501 Ranch Rd 620 S, Bee Cave, TX 78738, United States",5,40,NO,window cleaning,False,high,Power Washing - Lake Travis Power Washing .,site scrape,NO
Armadillo Auto Glass Yes,http://www.austinwindshieldreplacement.com/,austinwindshieldreplacement.com,+1 512-554-2234,"3512 Guadalupe St, Austin, TX 78705, United States",4.8,111,NO,vehicle glass,True,high,Auto Glass Replacement Near Me Services-Armadillo Auto Glass .,site scrape,NO
Gold Coast Windows and Doors Inc. Yes,http://www.goldcoastwindows.com/?utm_source=local&utm_medium=organic&utm_campaign=gmb,goldcoastwindows.com,+1 954-714-6800,"3517 NW 19th St, Lauderdale Lakes, FL 33311, United States",4.6,19,YES,commercial storefront glazing; installs/replaces windows; insulated glass unit work; named window styles; replacement windows; window product line; window replacement/installation; windows & doors,False,high,"commercial,Luxury Condominiums,windows and doors installation,residential .",site scrape,YES
Da Spot 214 LLC Yes,https://www.daspot214.com/,daspot214.com,,"3534 Beall St, Dallas, TX 75223, United States",4.8,136,NO,window tint/film,True,high,"ality films that won't turn purple in two summers. Precison and quality matters! FULL CAR Window Tint At Da Spot, we offer top tier professional window films, computer cuts and excellent care",site scrape,NO
Tito's Sound Yes,https://titossound.com/,titossound.com,+1 954-709-9236,"3581 W Sunrise Blvd, Fort Lauderdale, FL 33311, United States",4.9,6305,NO,window tint/film,False,high,"Tito's Sound | Car Audio & Window Tint — Fort Lauderdale, FL .",site scrape,NO
United Built Homes Yes,https://www.ubh.com/design-center/austin-tx/?utm_source=google&utm_medium=organic&utm_campaign=google_business_profile_round_rock_tx&utm_content=website_button,ubh.com,+1 512-252-1040,"3590 Greenlawn Blvd #100, Round Rock, TX 78681, United States",4.4,81,NO,no window installation or repair signal on site,False,high,,site scrape,NO
Reece Windows & Doors Yes,https://reecewindows.com/fort-lauderdale/,reecewindows.com,+1 866-717-8582,"3590 NW 54th St, Fort Lauderdale, FL 33309, United States",4.5,248,YES,installs/replaces windows; named window styles; pane glazing work; replacement windows; window product line; window replacement/installation; windows & doors,False,high,"meet your needs Specialty Windows Entry and sliding glass doors for your home During your window installation, you’ll have the option to upgrade the exterior doors at your home.",site scrape,YES
Stellar Energy Solutions LLC Yes,http://www.austinstellar.com/,austinstellar.com,+1 512-261-4046,"36 Cypress Knee Ln, Austin, TX 78734, United States",4.6,11,NO,window tint/film; window treatments,False,high,Stellar Window Films | Stellar Energy | Austin Stellar Window Films .,site scrape,NO
QXO Yes,https://locations.qxo.com/TX/Austin/Austin-TX-78744-611?utm_source=Google+Business&utm_medium=gmb&utm_term=na&utm_content=-Austin-TX-611&utm_campaign=Locations,locations.qxo.com,+1 512-672-0022,"3601 Silver Dollar Cir, Austin, TX 78744, United States",3.5,33,NO,no window installation or repair signal on site,False,high,,site scrape,NO
Grand Openings Luxury Windows & Doors - Dallas Yes,http://www.grandopenings.com/,grandopenings.com,+1 214-956-7700,"3605 Inwood Rd, Dallas, TX 75209, United States",2.9,18,YES,named window styles; window product line; windows & doors,False,high,"Series was designed for versatility and durability. It can mimic the traditional style of wood windows and doors with a warm wood interior and intricate exterior trim details, or it can meet m",site scrape,YES
AMC Windows & Screens Yes,http://amcwindows.com/,amcwindows.com,+1 954-584-7171,"3608 W Broward Blvd, Fort Lauderdale, FL 33312, United States",3.8,39,YES,commercial storefront glazing; windows & doors,False,high,Storefronts Surrounding Glass for Wine Rooms High-Rise Glass Replacement Impact-Resistant Windows and Doors Interior Glass Dividers Bullet-Resistant Glass & Enclosures Glass Office Doors & Systems,site scrape,YES
Wyndoorco Yes,https://wyndoorco.com/,wyndoorco.com,+1 972-922-3578,"3626 N Hall St Ste 610, Dallas, TX 75219, United States",5,18,YES,installs/replaces windows; insulated glass unit work; replacement windows; window product line; window replacement/installation; windows & doors,False,high,"We specialize in expert window installation and retrofitting, combining beauty, energy efficiency, and lasting value.",site scrape,YES
Shine of Westlake and Downtown Austin Yes,https://shine-windowcleaning.com/location/westlake/?utm_source=GMB&utm_medium=organic&utm_campaign=Westlake,shine-windowcleaning.com,+1 512-757-1157,"3636 Bee Caves Rd Suite 315, Austin, TX 78746, United States",5,381,NO,window cleaning,False,high,"Shine Window Cleaning and Exteriors: Same Curb, More Appeal .",site scrape,NO
Top A1 Contracting Yes,http://topa1contracting.com/,topa1contracting.com,+1 833-867-2100,"3701 E State St Unit G, Rockford, IL 61108, United States",4.7,73,UNRESOLVED,"Residential and commercial roofing, siding and gutters",False,low,"topa1contracting.com and /siding/ — 'roof inspections, roof repair, roof replacement, storm damage restoration... gutters, siding and more'. A second search suggested window installation appears on so",web search - no usable evidence,UNKNOWN
Specialty Automotive Treatments Yes,http://satreatments.com/,satreatments.com,+1 954-728-1234,"3705 W Commercial Blvd, Tamarac, FL 33309, United States",4.5,194,NO,window tint/film,False,high,"Leather interiors, vehicle wraps, paint protection film, window tint, wheels & suspension.",site scrape,NO
Precision Garage Door of Austin (Dripping Springs) Yes,https://precisiondooraustin.com/?utm_source=gmb&utm_medium=location_drippingsprings&utm_campaign=website,precisiondooraustin.com,+1 737-212-9799,"3707 US-290 #6, Dripping Springs, TX 78620, United States",4.9,500,NO,no window installation or repair signal on site,False,high,,site scrape,NO
The Window Source of Miami Yes,https://windowsourcemiami.com/?utm_campaign=gmb,windowsourcemiami.com,+1 754-254-0150,"3708 NW 16th St, Lauderhill, FL 33311, United States",5,28,YES,commercial storefront glazing; installs/replaces windows; named window styles; replacement windows; window product line; window replacement/installation; windows & doors,False,high,y - Impact Window and Door . Replacement Window Company - Impact Window and Door Services window replacement Door Replacement Commercial Projects Partition Wall Our Work Service Area See Our Work About Us Offers 754,site scrape,YES
Tex Land Construction LLC Yes,https://www.texlandconstruction.com/siding/siding-replacement-austin-tx/?utm_source=google&utm_medium=organic&ut%20m_campaign=gbp,texlandconstruction.com,+1 512-910-7852,"3709 Promontory Point Dr, Austin, TX 78744, United States",4.9,93,YES,installs/replaces windows; window product line; window replacement/installation,False,high,terior and Interior Home Painting Roof Replacement & Repairs Siding Replacement & Repairs Window Replacement Deck and Patio Cover Construction Foundation Repair Bathroom Remodeling See Our Work – Au,site scrape,YES
Bangor Window Works Yes,https://hometrendyquote.com/,hometrendyquote.com,+1 254-489-8666,"3712 S Malcolm X Blvd, Dallas, TX 75215, United States",0,0,YES,installs/replaces windows; named window styles; replacement windows; window product line; window replacement/installation; windows & doors,False,high,â Home Trendy Quote gave me a fair estimate and delivered top-quality window replacements.,site scrape,YES
VZ auto glass Yes,https://www.facebook.com/share/1BuZmxvmHM/,facebook.com,+1 469-279-6262,"3717 Woodbury Rd, Balch Springs, TX 75180, United States",5,150,YES,Stocks windows and provides framing and installation services including window and door installations,False,medium,"Oak Cliff Building Materials services page: 'Their extensive inventory includes lumber, sheathing, roofing products, windows, and more. They also provide professional framing and installation services, including window and door installations'; sells 'to contractors, builders and homeowners'",web research (earlier pass),SOCIAL_ONLY
Dot Exterior Cleaning Yes,https://dotexteriorcleaning.jobbersites.com/,dotexteriorcleaning.jobbersites.com,+1 815-323-2156,"3775 Modesto Dr, Rockford, IL 61114, United States",4.9,65,NO,window cleaning,False,high,"DOT Exterior Cleaning: Power washing, window cleaning, and gutter cleaning .",site scrape,NO
Lazarus Remodel Yes,https://lazarusremodel.com/,lazarusremodel.com,+1 512-550-5518,"3800 Bliss Spillar Rd, Manchaca, TX 78652, United States",5,17,YES,Installing new windows (listed exterior service),False,high,"lazarusremodel.com — exterior work includes 'installing new windows, exterior painting, fencing, decks, and roofing on the exterior'.",web search (round 2),UNKNOWN
Renuity Home Improvement of South Florida Yes,https://renuityhome.com/florida/fort-lauderdale-fl/?utm_source=gmb&utm_medium=Yext&y_source=1_NjY1MDE4ODgtNzE1LWxvY2F0aW9uLndlYnNpdGU%3D,renuityhome.com,+1 954-932-4667,"3801 SW 30th Ave, Fort Lauderdale, FL 33312, United States",4.5,3962,YES,installs/replaces windows; insulated glass unit work; named window styles; replacement windows; window product line; window replacement/installation,False,high,"on October 1, 2026 at 04:00 AM Offer expires: 0 d 0 h 0 m 0 s Take 70% OFF Labor for New Window Installations plus 12 months, no interest,no or low monthly payments claim offer Doors First impressio",site scrape,YES
Window Nation Austin Yes,https://www.windownation.com/locations/texas/san-marcos?utm_code=CMP-08802-Y8W8G&utm_source=google&utm_medium=organic&utm_content=GMB_showroom,windownation.com,+1 512-360-0899,"3813A Helios Way, Pflugerville, TX 78660, United States",4.6,168,YES,Replacement windows and doors with professional installation; national installer with Grand Prairie showroom,False,high,"'Grand Prairie, Texas Home Window Replacement Experts' — windownation.com/locations/texas/grand-prairie/; location page '2940 N Hwy 360 #300, Grand Prairie, TX 75050... (972) 332-5412', 'top-rated products, expert installation'",web research (earlier pass),UNREACHABLE
Superior Showers Yes,http://www.superiorshowers.com/,superiorshowers.com,+1 561-914-5277,"3819 NW 49th St, Tamarac, FL 33309, United States",4.6,444,NO,no window installation or repair signal on site,False,high,,site scrape,NO
American Windshield West Lake Yes,https://www.americaswindshield.com/stores/west-lake-hills-tx,americaswindshield.com,+1 512-710-2062,"3825 Bee Caves Rd, Austin, TX 78746, United States",1,3356,NO,vehicle glass,True,high,America's Windshield — Mobile Auto Glass Repair & Replacement .,site scrape,NO
WETINT WINDOWS Yes,https://www.wetintwindows.net/,wetintwindows.net,+1 214-225-0509,"3880 W Ledbetter Dr, Dallas, TX 75233, United States",4.7,4725,NO,Window tinting shop,False,medium,"tintbrokers.com tint-shop listing for WETINT WINDOWS, 3880 W Ledbetter Dr Dallas — tint shop; no window install/replacement content indexed",web research (earlier pass),UNREACHABLE
Custom Sounds & Tint - Fiesta Yes,https://www.customsounds.com/locations/3909-ih35-austin-tx-78722,customsounds.com,+1 512-910-4877,"3909 N Interstate Hwy 35, Austin, TX 78722, United States",4.4,116,NO,Car audio / mobile electronics and automotive window tint,False,high,"Same chain and domain as #80. customsounds.com/window-tint — automotive window film, car audio, alarms, remote start. Tint only.",web search (round 2),UNREACHABLE
Panoramic Doors - Austin Yes,https://panoramicdoors.com/showrooms/austin-tx/,panoramicdoors.com,+1 210-239-7576,"3913 Todd Ln Ste 303, Austin, TX 78744, United States",3.8,6,YES,"Manufactures and sells panoramic wide-panel windows and glass wall systems for homes and businesses, sold direct to end customers",False,medium,"panoramicdoors.com/panoramic-windows/ 'Panoramic Windows for Homes & Businesses' — 'luxury wide-panel designs'; BBB/category listing includes 'replacement windows, window manufacturers'. Note: they manufacture and sell direct; installation appears to be by the customer's own installers",web research (earlier pass),UNKNOWN
Shading Texas Yes,https://www.shadingtexas.com/?utm_source=localfx&utm_medium=organic&utm_campaign=gbp,shadingtexas.com,+1 512-264-1500,"3913 Todd Ln Suite 312, Austin, TX 78744, United States",5,144,YES,insulated glass unit work; named window styles,False,high,"e Patio Shades Our patio sun shades in Austin & San Antonio come in a wide variety of configurations to complement any home, and we’ll be happy to help you find a style selected to ma",site scrape,YES
City Sign Services Inc Yes,https://www.citysignservices.com/,citysignservices.com,+1 469-923-2091,"3914 Elm St, Dallas, TX 75226, United States",4.9,43,YES,commercial storefront glazing,False,high,"Quote-Signs Request Quote-Mobile Crane Services Serving Area Recent Blog Posts Why Every Storefront Needs a Professional Business Sign May 26, 2026 A professional business sign maximizes br",site scrape,YES
1st Choice Energy Yes,http://www.1stchoiceenergy.com/,1stchoiceenergy.com,+1 512-345-0956,"3915 Becker Ave, Austin, TX 78751, United States",4.9,65,NO,window tint/film,False,high,& Duct Renovation Weatherization Assistance Program HVAC HVAC Replacement Duct Renovation Solar Screens Austin’s First Choice for Home Energy Upgrades Get Started Let’s Make Your Home More Com,site scrape,NO
Titan Armor-Coat Exteriors Yes,http://www.asktitangroup.com/,asktitangroup.com,+1 815-323-5976,"3924 N Alpine Rd, Rockford, IL 61114, United States",3.6,26,NO,window treatments,False,high,"Damaged screens, and shutters.",site scrape,NO
Optic-Kleer Auto Glass Yes,https://www.optic-kleer.com/southaustin,optic-kleer.com,+1 832-740-3695,"3994 US-290, Dripping Springs, TX 78620, United States",5,111,NO,Mobile auto glass / windshield repair and replacement,False,high,"optickleer.com/home — 'windshield repair, auto glass replacement, ADAS calibration, glass coatings, and wiper service'. Vehicle glass only.",web search (round 2),UNKNOWN
DaBella Yes,https://dabella.us/location/austin/?utm_source=GBP&utm_medium=link&utm_campaign=austinGBP&utm_id=Google+Business+Profile+Clicks,dabella.us,+1 512-402-3655,"400 E Anderson Ln, Austin, TX 78752, United States",4.6,529,YES,"Replacement windows (AMI Preservation), installed after a free in-home consultation",False,high,"dabella.us/home-improvement-services/ and /location/austin/ — 'DaBella offers roofing, siding, windows, and bath and shower replacements'; 'windows by AMI Preservation'.",web search (round 2),UNREACHABLE
Town & Country Industries Yes,https://www.tc-alum.com/location/fort-lauderdale-FL-33309-2144/,tc-alum.com,+1 954-970-9999,"400 W McNab Rd, Fort Lauderdale, FL 33309, United States",4.3,97,YES,installs/replaces windows; replacement windows; window replacement/installation; windows & doors,False,high,"fresh new look and enhanced functionality. Imagine the transformation as outdated, drafty windows are replaced with sleek, energy-efficient models that not only improve your home’s curb appeal but als",site scrape,YES
Noble Windows and Doors Yes,https://noblewindowsanddoors.com/window-installation-phoenix-arizona/,noblewindowsanddoors.com,+1 623-810-3460,"4001 E Broadway Rd Unit B-11, Phoenix, AZ 85040, United States",5,118,YES,installs/replaces windows; insulated glass unit work; named window styles; replacement windows; window product line; window replacement/installation; windows & doors,False,high,Window and door installation across Phoenix and the East Valley.,site scrape,YES
Universal Door Repair Yes,https://universaldoorrepair.co/,universaldoorrepair.co,+1 214-529-3594,"4001 N Westmoreland Rd, Dallas, TX 75212, United States",5,0,YES,commercial storefront glazing; window replacement/installation,False,high,529-3594 Menu Menu DALLAS TEXAS COMMERCIAL DOOR REPAIR EMERGENCY COMMERCIAL DOOR REPAIR & WINDOW REPLACEMENT SERVICES Request a Free Inspection OUR SERVICES & REPAIRS Aluminum & Glass Storefront Aut,site scrape,YES
Kir Remodeling Yes,https://kirremodeling.com/,kirremodeling.com,+1 512-850-4075,"4002 Springwillow Ln, Round Rock, TX 78681, United States",5,16,NO,no window installation or repair signal on site,False,high,,site scrape,NO
Dripping Springs Foundation Repair Company Yes,https://drippingspringsfoundationrepaircompany.com/,drippingspringsfoundationrepaircompany.com,+1 512-883-7253,"4002 US-290 Unit a7, Dripping Springs, TX 78620, United States",5,16,NO,Foundation repair and concrete crack/patch repair,False,high,"drippingspringsfoundationrepaircompany.com/services/foundation-patching/ — 'crack repair services that seal, reinforce, and restore the integrity of walls and concrete slabs'. Foundation work only.",web search (round 2),UNKNOWN
Highline Building Supplies | Windows | Doors | Flooring | Roofing | Kitchen | Builders Source | Commercial Doors | Trims Yes,https://www.highlinesupplies.com/?utm_source=google&utm_medium=gbp&utm_campaign=business_profile,highlinesupplies.com,+1 214-718-0488,"4002 W Miller Rd STE# 100 & 120, Garland, TX 75041, United States",4.9,871,YES,installs/replaces windows; insulated glass unit work; named window styles; pane glazing work; replacement windows; window product line; windows & doors,False,high,"esale Windows for Contract,Next-Day Window Delivery,Modern Slim Frame Windows,Residential Replacement Window,Insulated Double Pane Windows,premium windows .",site scrape,YES
Small House Solutions Yes,https://buyasmallhouse.com/,buyasmallhouse.com,+1 512-696-7684,"4005 W Parmer Ln, Austin, TX 78727, United States",4.7,75,NO,no window installation or repair signal on site,False,high,,site scrape,NO
Discount Electronics - North Austin Yes,https://www.discountelectronics.com/,discountelectronics.com,+1 512-983-9989,"4005 W Parmer Ln, Austin, TX 78727, United States",4.7,2295,YES,insulated glass unit work,False,high,"Clearance stock is what’s on hand and nothing more — once a configuration sells out, it’s gone.",site scrape,YES
Pink's Windows Austin Yes,https://www.pinkswindows.com/austin,pinkswindows.com,+1 512-766-1976,"4008 N Lamar Blvd, Austin, TX 78756, United States",4.9,496,NO,window cleaning,False,high,"From window cleaning to gutters and house washing, we always respect your property and time.",site scrape,NO
Heritage Handyman LLC Yes,http://www.heritagehandyman.co/,heritagehandyman.co,+1 512-373-8686,"401 Woodward St, Austin, TX 78704, United States",5,49,YES,insulated glass unit work; window replacement/installation,False,high,"Get quote Doors & Windows Door repairs, locksets, hinges, thresholds, weatherstripping, screens, shades, and blinds.",site scrape,YES
Local Door & Glass LLC Yes,http://localdoorglass.com/,localdoorglass.com,+1 480-709-6772,"4012 E Broadway Rd #309, Phoenix, AZ 85040, United States",5,16,YES,Custom glass for home doors and windows,False,medium,"Local Door & Glass Facebook page (facebook.com/LocalDoorAndGlass) — 'a glass supplier in Phoenix, AZ that offers custom glass solutions for your home's doors, windows, and more'. Their own domain is not indexed; the Google reviews describe a custom glass insert and door glass work.",web search (round 2),UNREACHABLE
Budget Blinds of East Fort Lauderdale & Boca Yes,https://www.budgetblinds.com/EastFortLauderdale/?utm_source=gbp&utm_medium=listing&utm_campaign=lam-listing-gbp-sf,budgetblinds.com,+1 954-636-8222,"4013 NE 6th Ave, Oakland Park, FL 33334, United States",4.9,209,NO,window treatments,False,high,"Blinds - Custom Blinds, Window Coverings - Budget Blinds .",site scrape,NO
CG&S Design-Build Yes,http://www.cgsdb.com/,cgsdb.com,+1 512-444-1580,"402 Corral Ln, Austin, TX 78745, United States",4.8,58,YES,insulated glass unit work,False,high,to: Exterior design Outdoor living Garage apartments Second story additions Layout reconfiguration Home additions Exterior Design For all the remodeling work that gets done inside a,site scrape,YES
Glass Enhancements Yes,http://glassenhancements.com/,glassenhancements.com,+1 815-296-1206,"4020 McFarland Rd, Loves Park, IL 61111, United States",4.6,42,NO,window tint/film,True,high,Glass Enhancements | UV Window Film Installer | Decorative Film .,site scrape,NO
KJ&M Glass Works Yes,https://dfwwindowrepairservice.com/contact/,dfwwindowrepairservice.com,+1 214-994-2580,"4022 Altoona Dr, Dallas, TX 75233, United States",4.9,57,NO,no window installation or repair signal on site,False,high,,site scrape,NO
MIW Roofing Yes,https://miwroofing.com/,miwroofing.com,+1 954-634-3838,"404 NE 38th St, Oakland Park, FL 33334, United States",5,404,YES,window product line; window replacement/installation; windows & doors,False,high,"MIW Roofing & Windows offers flexible financing options for roofing, window repairs, and new installations.",site scrape,YES
Keenan Window & Door Yes,https://www.keenanwindow.com/,keenanwindow.com,+1 954-563-4900,"4050 NE 5th Terrace, Oakland Park, FL 33334, United States",4.7,82,YES,installs/replaces windows; replacement windows; window product line; window replacement/installation; windows & doors,False,high,dows Front Entry Doors Sliding Glass Doors & French Doors Commercial Window & Door Impact Windows Window Replacement Gallery Reviews About Why Choose Us?,site scrape,YES
XPEL South Austin Yes,http://www.xpel.com/,xpel.com,+1 512-254-2271,"407 Radam Ln Bldg c, Austin, TX 78745, United States",5,59,NO,vehicle glass only,True,high,"protection film is designed to keep your vehicle looking brand new by protecting against rock chips, scratches, and scuffs.",site scrape,NO
Fonte Windows And Doors Yes,http://fonteimpactwindows.com/,fonteimpactwindows.com,+1 954-900-2344,"4076 NE 8th Ave, Oakland Park, FL 33334, United States",4.9,74,YES,installs/replaces windows; insulated glass unit work; named window styles; window product line; window replacement/installation; windows & doors,False,high,"and impact doors in Broward, Palm Beach, and Miami-Dade counties. We specialize in expert window and door installation for residential homes, commercial buildings, and condominium properties, delivering super",site scrape,YES
Adams Exteriors Yes,http://www.adamsexteriors.com/homewindowguy/,adamsexteriors.com,+1 214-349-7283,"410 S Willomet Ave, Dallas, TX 75208, United States",5,2,YES,installs/replaces windows; replacement windows; window replacement/installation,False,high,From energy-efficient replacement windows to roof repairs / replacements and all other exterior repairs.,site scrape,YES
Ja-Mar Roofing & Sheet Metal - Austin Yes,https://jamarroofing.com/?utm_source=google&utm_medium=gbp&utm_campaign=Austin,jamarroofing.com,+1 512-441-8437,"4101 Parkstone Heights Dr Ste 250, Austin, TX 78746, United States",4.9,668,YES,installs/replaces windows; insulated glass unit work; named window styles; pane glazing work; replacement windows; window product line; window replacement/installation,False,high,oof Repair Emergency Roofing Storm Damage Roof Inspections Gutters Solar Roofing Painting Window Replacement About Reviews Roofing Certifications Referral Programs Spirit of Ja-Mar Built Ja-Mar Stro,site scrape,YES
Stone Systems of Central Texas Yes,https://www.stone-systems.com/about-us/?utm_source=G&utm_medium=Local&utm_campaign=Google-Local,stone-systems.com,+1 512-295-2950,"4101 Smith School Rd Ste #200 Bld. 2, Suite 100, Austin, TX 78744, United States",2.8,74,NO,Stone / quartz countertop fabrication and installation (Cosentino group),False,high,stone-systems.com/locations/central-texas/ — 'the largest network of commonly owned stone fabrication shops in North America'; supplies and installs natural stone and quartz countertops. No window work.,web search (round 2),UNKNOWN
Portella Steel Doors & Windows - Austin Yes,https://portella.com/,portella.com,+1 512-263-8851,"4111 Todd Ln Ste 1000, Austin, TX 78744, United States",4.1,9,YES,commercial storefront glazing; named window styles; window product line; windows & doors,False,high,ces Hardware Finishes Glass Steel Series Steel Doors Steel Windows Wood Series Wood Doors Wood Windows Aluminium Series Aluminum Doors Aluminum Windows Details and CAD Files CEU Courses NFRC R,site scrape,YES
ABC Blind & Drapery ATX LLC Yes,https://www.abcblind.com/,abcblind.com,+1 512-459-6561,"4115 Freidrich Ln Suite 200, Austin, TX 78744, United States",4.9,247,NO,window tint/film; window treatments,False,high,SOLAR SHADES Solar screens are perfect for sun-facing home windows!,site scrape,NO
Prestige Steel Doors and Windows Yes,http://www.prestigedoorsandwindows.com/,prestigedoorsandwindows.com,+1 512-666-9676,"4125 Todd Ln A, Austin, TX 78744, United States",4.6,113,YES,"Designs, manufactures and installs custom steel windows (plus doors, gates, railings)",False,high,"prestigedoorsandwindows.com/services/doors-and-windows/ — 'a full-service organization dedicated to delivering unparalleled customer service and satisfaction from the beginning of the design through the manufacture, distribution, and complete installation of their products'.",web search (round 2),UNKNOWN
KobyCo Door & Window Yes,https://www.kobycowindow.com/?utm_campaign=gmb,kobycowindow.com,+1 815-270-5484,"4131 N Perryville Rd, Loves Park, IL 61111, United States",4.7,170,YES,Window and door replacement/installation with their own installation team,False,high,"kobycowindow.com — 'Window & Door Installation Services Rockford, IL'; 'wood and vinyl windows; French and sliding patio doors; fiberglass and steel entry doors'; 'KobyCo is very professional and has their own installation team'.",web search (round 2),UNKNOWN
Lifetime Home Remodeling Yes,http://www.lifetimewindows.com/,lifetimewindows.com,+1 480-550-9993,"4141 S 36th St, Phoenix, AZ 85040, United States",4.8,1049,YES,Replacement window installation; nation's #1 dealer of Infinity from Marvin windows,False,high,"lifetimewindows.com/phoenix-az — 'specializes in high-quality replacements for windows, exterior and patio doors, and baths and showers... they are the nation's #1 dealer of Infinity windows'.",web search (round 2),UNREACHABLE
New Image Autosports Yes,https://newimageautosports.com/service-areas/dallas-carroll-ave-tx/,newimageautosports.com,+1 214-827-6000,"415 S Carroll Ave, Dallas, TX 75223, United States",4.9,684,NO,window cleaning; window tint/film,True,high,"ap with precision — cutting edges cleanly, wrapping panels fully, and using heat guns and squeegees to achieve a smooth, bubble-free finish on every surface.",site scrape,NO
Warner Roofing & Restoration Yes,https://www.warnerroofdog.com/,warnerroofdog.com,+1 815-877-7663,"417 S Winnebago St, Rockford, IL 61102, United States",4.8,222,YES,insulated glass unit work; pane glazing work; window product line; window replacement/installation,False,high,"Windows Energy-efficient window installations for a brighter, modern home.",site scrape,YES
Eurotech Windows Yes,http://etiwindows.com/,etiwindows.com,+1 954-630-9967,"4201 NE 12th Terrace, Oakland Park, FL 33334, United States",4.6,56,YES,window product line; windows & doors,False,high,EuroTech Industries | Hurricane Impact Windows & Doors .,site scrape,YES
Austin Window Tint Yes,http://www.austinwindowtint.net/,austinwindowtint.net,+1 512-554-7276,"4208 S 1st St, Austin, TX 78745, United States",4.7,193,NO,window tint/film only,False,medium,,name/review keywords,UNKNOWN
BUENAVISTA WINDOWS Yes,https://www.buenavistawindows.net/,buenavistawindows.net,+1 469-805-8098,"4215 McEwen Rd, Dallas, TX 75244, United States",4.9,8,YES,insulated glass unit work; named window styles; pane glazing work; window product line; window replacement/installation,False,high,"wen Rd Farmers Branch, TX 75244 469-805-8098 Socials Sitemap bottom of page Vinyl Custom Windows Replacement Series, Windows Supplier Dallas - BuenaVista Windows .",site scrape,YES
Auto Glass Shop Yes,https://autoglass-shop.com/,autoglass-shop.com,+1 214-245-6293,"4215 Parry Ave, Dallas, TX 75223, United States",4.4,126,NO,window tint/film,True,high,W Tuning In Brisbane For Improved Power And Driving Dynamics Car Tinting for Summer: Does Window Tint Really Keep Your Car Cooler?,site scrape,NO
AAA Countertops Yes,http://aaacountertops.com/,aaacountertops.com,+1 512-243-6821,"4216 Felter Ln, Austin, TX 78744, United States",4.9,242,NO,no window installation or repair signal on site,False,high,,site scrape,NO
On Time Mobile Car Detailing of Hudson Bend - TX Yes,https://ontimemobilecardetailingatx.com/hudson-bend,ontimemobilecardetailingatx.com,+1 737-205-1324,"4221 Ranch Rd 620 N, Austin, TX 78734, United States",5,12,NO,no window installation or repair signal on site,False,high,,site scrape,NO
Holloway's Custom Upholstery Yes,http://www.hollowayscustomupholstery.com/,hollowayscustomupholstery.com,+1 214-823-5888,"4221 Ross Ave, Dallas, TX 75204, United States",4.7,50,NO,window treatments,False,high,"Our team is also available for complete design consultation for all drapery treatments, hard window treatments, and room layouts.",site scrape,NO
Binswanger Glass Yes,https://www.binswangerglass.com/branch/dallas-tx-4222-harry-hines-blvd/,binswangerglass.com,+1 214-520-6583,"4222 Harry Hines Blvd, Dallas, TX 75219, United States",3.9,87,YES,building glass replacement; commercial storefront glazing; installs/replaces windows; insulated glass unit work; pane glazing work; reglazing; replacement windows; window replacement/installation,False,high,ion Request a Quote See Our Case Studies Residential Glass Residential Glass Shower Doors Window Glass Repair and Replacement Custom Mirrors Custom Glass Table Tops & Replacement Custom Glass Shelves,site scrape,YES
Performance Windows Dallas Yes,http://goperformancewindows.com/,goperformancewindows.com,+1 817-803-5965,"4225 Wingren Dr Ste 215, Irving, TX 75062, United States",4.8,300,YES,installs/replaces windows; named window styles; replacement windows; window product line; window replacement/installation,False,high,Window Replacement & Installation | Performance Windows .,site scrape,YES
Dixie Tint Pros Yes,http://www.dixietintpros.com/?utm_campaign=gmb,dixietintpros.com,+1 512-574-1350,"4229 N FM 620 #301, Austin, TX 78734, United States",5,193,NO,window tint/film; window treatments,True,high,"Dixie Tint Pros | Premium Window Tints in Austin, TX .",site scrape,NO
GT Wraps & PPF Yes,http://gtwraps.com/,gtwraps.com,+1 512-785-9361,"4229 N FM 620 Suite 215, Austin, TX 78734, United States",4.8,51,NO,window tint/film,False,high,"ges using Vinyl and PPF, Paint Correction and Ceramic Coating, Automotive and Residential Window Tint, Commercial and Architectural Wraps, Fleet Wraps, Decals, Chrome Deletes, Stripes, Roof W",site scrape,NO
G1 Window Tinting at Xspace Yes,http://www.g1windowtinting.com/,g1windowtinting.com,+1 512-789-5068,"4229 Ranch Rd 620 N Ste 128, Austin, TX 78734, United States",5,147,YES,commercial storefront glazing; installs/replaces windows; insulated glass unit work; pane glazing work,True,high,Does tinting a Rivian or Lucid glass roof void the manufacturer warranty? Professionally installed window film generally does not void your vehicle's factory warranty — a manufacturer would have,site scrape,YES
City Wide Building Services Yes,https://citywidebuildingservices.com/,citywidebuildingservices.com,+1 214-358-4547,"425 W Mockingbird Ln, Dallas, TX 75247, United States",4.6,45,NO,window cleaning,False,high,"City Wide Building Services provides commercial building maintenance, exterior cleaning, window cleaning, waterproofing, and property services throughout Texas.",site scrape,NO
Vico Windows Inc Yes,http://www.vicowindows.com/,vicowindows.com,+1 954-563-5686,"4275 NE 6th Ave, Oakland Park, FL 33334, United States",4.3,61,YES,window product line; window replacement/installation; windows & doors,False,high,Window Installation You Don’t Have To Stress Over Choosing the right windows should feel easy.,site scrape,YES
Steiner Ranch Siding Experts Yes,https://steinerranchsidingexperts.com/,steinerranchsidingexperts.com,+1 512-580-8084,"4300 N Quinlan Park Rd #105, Austin, TX 78732, United States",5,2,YES,Window replacement; installs vinyl and composite window systems,False,medium,"steinerranchsidingexperts.com — 'The company provides comprehensive exterior services including window replacement. They replace aging windows affected by broken seals, warped frames, condensation buildup, storm-related damage... they install vinyl and composite window systems'.",web search (round 2),UNKNOWN
Pella Window and Door Office/Warehouse of Rockford Yes,https://www.pella.com/locations/chicago/?utm_source=organic&utm_medium=web&utm_campaign=gbp,pella.com,,"4301 11th St, Rockford, IL 61109, United States",4.6,728,YES,installs/replaces windows; insulated glass unit work; named window styles; pane glazing work; replacement windows; window product line; window replacement/installation; windows & doors,False,high,ow Inspiration By Color By Style By Room By Shape All Window Inspiration Window Resources Window Education Window Replacement Before & After Projects Ratings & Reviews Features & Options Window DIY Doors keyboard_ar,site scrape,YES
ATX Lighting LLC Yes,http://atxlighting.com/,atxlighting.com,+1 512-537-4442,"4306 N Quinlan Park Rd, Austin, TX 78732, United States",4.6,120,NO,no window installation or repair signal on site,False,high,,site scrape,NO
The Shutter Store of Florida Inc Yes,http://shutterstoreonline.com/,shutterstoreonline.com,+1 954-932-2352,"4308 NE 5th Terrace, Oakland Park, FL 33334, United States",4.4,67,YES,pane glazing work; window product line; window replacement/installation; windows & doors,False,high,How long does impact window installation take?,site scrape,YES
Open House Interiors Yes,https://www.ohifl.com/,ohifl.com,+1 954-533-7445,"4312 N Federal Hwy, Fort Lauderdale, FL 33308, United States",3.4,31,NO,window treatments,False,high,"Open House Interiors Inc | Blinds, Shades, Shutters, Drapery | Fort Lauderdale, FL .",site scrape,NO
Pro Wallpaper Hanger Yes,https://prowallpaperhanger.com/?utm_source=GMB&utm_id=GMB,prowallpaperhanger.com,+1 469-904-0674,"4315 S Lancaster Rd, Dallas, TX 75216, United States",5,19,NO,no window installation or repair signal on site,False,high,,site scrape,NO
Silverback Windows Yes,https://www.silverbackwindows.com/,silverbackwindows.com,+1 469-388-5175,"4329 McKinney Ave #19, Dallas, TX 75205, United States",5,48,YES,installs/replaces windows; replacement windows; window product line; window replacement/installation,False,high,Home | M&B Remodeling top of page Home Contact Black Windows Replacement Windows Sliding Glass Doors More Use tab to navigate through the menu items.,site scrape,YES
Amazing Exteriors Yes,http://amazingexteriors.com/locations/dallas/,amazingexteriors.com,+1 817-761-4113,"4343 Sigma Rd Suite 100, Farmers Branch, TX 75244, United States",4.6,244,YES,installs/replaces windows; insulated glass unit work; named window styles; replacement windows; window product line; window replacement/installation; windows & doors,False,high,pe Windows Marvin Insert Windows Infinity Marvin Windows Why Fiberglass Windows? Guide to Window Replacement Energy Efficiency Siding James Hardie Siding Vinyl Siding Doors Infinity by Marvin Patio,site scrape,YES
Glass USA Yes,http://www.glassusainc.com/,glassusainc.com,+1 954-561-9216,"4372 NE 11th Ave, Oakland Park, FL 33334, United States",4.6,66,YES,broken window glass; building glass replacement; commercial storefront glazing; installs/replaces windows; insulated glass unit work; replacement windows; window replacement/installation,False,high,"Ave, Oakland Park, FL 33334 Call us today! 954-561-9216 Home Glass Repair and Replacement Window Glass Repair Patio Door Repairs Impact Glass Replacement Sliding Glass Door Repair Storefront Solution",site scrape,YES
Texas Paint & Wallpaper Yes,http://www.texaspaint.com/,texaspaint.com,+1 214-824-4574,"4410 Ross Ave, Dallas, TX 75204, United States",4.6,99,NO,window treatments,False,high,dgeable staff help you with your design project from paint consultations to wallpaper and draperies.,site scrape,NO
WindowCraft Inc Yes,https://www.windowcraft.biz/,windowcraft.biz,+1 214-358-7110,"4412 W Lovers Ln, Dallas, TX 75209, United States",4.5,10,YES,commercial storefront glazing; installs/replaces windows; insulated glass unit work; named window styles; window product line; window replacement/installation; windows & doors,False,high,"ovider of custom windows and doors in Dallas, offering high-quality window and door installations for custom builders, architects, designers, remodeling contractors, and homeowners.",site scrape,YES
Geek Window Cleaning Yes,https://geekwindowcleaning.com/locations/services-austin/,geekwindowcleaning.com,+1 512-270-7555,"4413 Spicewood Springs Rd Ste 212, Austin, TX 78759, United States",4.9,32,NO,window cleaning; window tint/film,False,high,"Window Cleaning in Houston, TX | Geek Window Cleaning .",site scrape,NO
Window Depot USA of Dallas Yes,https://windowdepotdallas.com/,windowdepotdallas.com,+1 214-399-9592,"4425 W Airport Fwy Ste 119, Irving, TX 75062, United States",4.8,205,YES,installs/replaces windows; insulated glass unit work; named window styles; pane glazing work; replacement windows; window product line; window replacement/installation; windows & doors,False,high,"-07-30 05:53:41 The Hidden Cost of Buying Cheap Replacement Windows in Dallas, Texas When Window Repair Is No Longer an Option in Dallas, Texas https://windowdepotdallas.",site scrape,YES
Premier Truck Group Dallas Area Collision Center Yes,https://premiertruck.com/locations/premier-truck-group-dallas-area-collision-center,premiertruck.com,+1 214-261-2400,"4500 Langdon Rd, Dallas, TX 75241, United States",4.8,19,NO,no window installation or repair signal on site,False,high,,site scrape,NO
Texas Reliable Auto Glass Yes,https://texasreliableautoglass.com/,texasreliableautoglass.com,+1 737-346-1350,"4500 Steiner Ranch Blvd #2405, Austin, TX 78732, United States",4.9,221,NO,vehicle glass,True,high,Best Texas Reliable Auto Glass Repair Services .,site scrape,NO
Builders FirstSource Yes,https://www.bldr.com/contact/request-quote?utm_source=yext&utm_medium=listing&utm_campaign=requestquote&utm_content=AUSTTXYD,bldr.com,+1 512-444-3172,"4501 Burleson Rd, Austin, TX 78744, United States",2.9,104,YES,installs/replaces windows; window product line; window replacement/installation; windows & doors,False,high,"Reliable Service Count on competitive pricing, jobsite-ready deliveries, and skilled window replacement and installation if you need it.",site scrape,YES
Ishtar auto glass Yes,https://ishtarautoglass.com/,ishtarautoglass.com,+1 512-657-2995,"4508 Brandt Rd, Austin, TX 78744, United States",5,32,NO,vehicle glass,True,high,"Auto Glass & Window Tinting in Austin, TX | Ishtar Auto Glass - Auto Glass Repair, Replacement & Win",site scrape,NO
The Shade Store Yes,https://www.theshadestore.com/showrooms/texas/dallas?utm_source=google&utm_medium=organic&utm_content=dallas&utm_campaign=gmb-listing%C2%A0,theshadestore.com,+1 469-619-4942,"4516 McKinney Ave, Dallas, TX 75205, United States",4.2,47,NO,window treatments,False,high,"The Shade Store: Shades, Blinds, Drapery & Window Treatments .",site scrape,NO
Woodbridge Home Solutions Yes,https://www.woodbridgehomesolutions.com/service-area/dallas-tx/?utm_source=google&utm_medium=organic&utm_campaign=GMBListing-Dallas-TX,woodbridgehomesolutions.com,+1 855-907-4299,"4519 Sigma Rd, Dallas, TX 75244, United States",4.3,760,YES,Vinyl replacement windows and specialty window installation,False,high,"woodbridgehomesolutions.com/windows/specialty-windows/ — 'top-of-the-line vinyl replacement windows available in styles including Double Hung, Casement, Picture, and Bay & Bow'; 'specialty window installation and design teams have decades of experience in the Dallas area'.",web search (round 2),UNKNOWN
Honest View Windows Yes,https://honestviewwindows.com/,honestviewwindows.com,+1 480-550-1195,"4539 N 22nd St #4554, Phoenix, AZ 85016, United States",5,65,YES,window replacement/installation,False,high,Honest View Windows | Phoenix Window Replacements .,site scrape,YES
Exotic Shades & Draperies Yes,https://www.exoticshades.com/?utm_source=listings&utm_medium=referral&utm_campaign=local,exoticshades.com,+1 954-881-9331,"4539 Powerline Rd, Fort Lauderdale, FL 33309, United States",5,121,NO,window tint/film; window treatments,False,high,"Loro Piana, Romo, Zimmer + Rohde, Kravet, Manuel Canovas, Christian Fischbacher - and for solar screens we favor Mermet's KOOLBLACK weaves: the dark screen that keeps the view without the heat",site scrape,NO
H&M Designs LLC Yes,https://hmdesignstx.com/,hmdesignstx.com,+1 469-989-3200,"4549 S Westmoreland Rd, Dallas, TX 75237, United States",5,41,NO,window treatments,False,high,3200 Free Consultation call mark_email_unread Open menu Window Treatments arrow_drop_down Blinds arrow_drop_down View All Blinds Aluminum Blinds Vinyl Blinds Soft Blinds Wood Blinds Comp,site scrape,NO
Maverick Windows Yes,http://www.maverickwindows.com/,maverickwindows.com,+1 214-302-8541,"4552 Beltway Dr, Addison, TX 75001, United States",4.8,820,YES,installs/replaces windows; replacement windows; window product line; window replacement/installation; windows & doors,True,high,"Maverick Windows is a family-owned Window Replacement Services Company in Dallas - Fort Worth, Austin, Houston, San Antonio, and Lubbock.",site scrape,YES
FlexPainters Yes,https://flexpainterstexas.com/,flexpainterstexas.com,+1 512-487-7015,"4602 Everest Ln, Austin, TX 78727, United States",5,19,NO,no window installation or repair signal on site,False,high,,site scrape,NO
Icon Home Builders & Remodeling Yes,https://www.iconhomebuildersatx.com/,iconhomebuildersatx.com,+1 512-777-0280,"4602 Everest Ln, Austin, TX 78727, United States",4.9,25,NO,no window installation or repair signal on site,False,high,,site scrape,NO
Green Contractors FL Yes,https://www.greencontractorsfl.com/,greencontractorsfl.com,+1 786-519-0391,"4624 Hollywood Blvd #203, Hollywood, FL 33021, United States",5,46,YES,installs/replaces windows; insulated glass unit work; named window styles; pane glazing work; window product line; window replacement/installation; windows & doors,False,high,"Home - greencontractorsfl.com . IMPACT WINDOWS INSTALLATION We are a family-owned window and door replacement company, focused on eco-friendly, energ",site scrape,YES
Brunos Mirrors & Glass Inc Yes,https://www.brunosglass.com/,brunosglass.com,+1 954-224-4254,"4638 NW 8th Terrace, Fort Lauderdale, FL 33309, United States",5,2,YES,"Commercial windows, insulated glass, replacement glass, storefronts",False,high,"Bruno's Glass services listing — 'commercial windows, shower doors, custom mirrors, glass protective covering, mirror frames, insulated glass, replacement glass, walls, glass doors, storefronts, and hardware'; 'fabricating and installing residential & commercial glass products and systems... since 1",web search (round 2),UNREACHABLE
Johnson Energy Solutions Yes,http://www.impact-florida.com/,impact-florida.com,+1 954-214-1217,"4700 Powerline Rd, Oakland Park, FL 33309, United States",1,4656,YES,window product line; window replacement/installation; windows & doors,False,high,"unties , which offers 100% Financing with no money out of pocket towards hurricane impact window and door installations.",site scrape,YES
Everest Roofing Yes,https://everestroofingil.com/,everestroofingil.com,+1 779-368-0826,"4701 Hydraulic Rd, Rockford, IL 61108, United States",4.8,79,YES,"Window replacement — vinyl, wood and metal window options",False,high,"everestroofingil.com/residential-services/window-replacment/ — 'Everest Roofing offers window replacement service with quality and competitive prices... vinyl or wood windows, metal options, and stylish shutters'.",web search (round 2),UNKNOWN
A Plus Sealants Yes,http://www.aplussealants.com/,aplussealants.com,+1 512-454-3388,"4709 Airport Blvd, Austin, TX 78751, United States",5,2,NO,window cleaning,False,high,"Austin,TX | A Plus Sealants . Sealant, Commercial Sealant, Firestopping, water repellent, Window Washing, Waterproofing, damp-proofing, Special Coding, Epoxy, Urthane, Window Sealants, Sealan",site scrape,NO
Vista Windows & Doors Yes,http://www.vistawd.com/,vistawd.com,+1 512-927-9011,"4715 S Lamar Blvd #101B, Sunset Valley, TX 78745, United States",3.6,10,YES,windows & doors,False,high,Transparency Experience Knowledge Our team of window and door experts is committed to providing an unparalleled client experience.,site scrape,YES
Champion Glass Inc Yes,https://champion-glass.net/,champion-glass.net,+1 954-564-3435,"4720 NW 15th Ave #4A, Fort Lauderdale, FL 33309, United States",5,9,YES,commercial storefront glazing; insulated glass unit work; window product line; window replacement/installation,False,high,Once for simple repairs and another time for complete window replacement on our building.,site scrape,YES
New View Roofing Yes,https://newviewroofing.com/?utm_source=google&utm_medium=organic&utm_campaign=gmb,newviewroofing.com,+1 469-966-1196,"4722 Gaston Ave, Dallas, TX 75246, United States",4.9,698,YES,installs/replaces windows; named window styles; pane glazing work; window product line; window replacement/installation,False,high,allation Free Roof Inspection Roof Inspections for Home Buyers & Sellers Roof Maintenance Window Installation and Repair Commercial & Industrial Close Commercial & Industrial Open Commercial & Industrial Commer,site scrape,YES
Accent Auto Yes,http://www.accentauto.com/,accentauto.com,+1 512-444-7777,"4749 E Ben White Blvd Ste A, Austin, TX 78741, United States",4.5,295,NO,no window installation or repair signal on site,False,high,,site scrape,NO
Advanced Glass Industries Yes,http://advancedglassind.com/,advancedglassind.com,+1 954-588-1858,"4750 N Dixie Hwy #7, Fort Lauderdale, FL 33334, United States",5,171,YES,commercial storefront glazing; pane glazing work,False,high,"Design collaboration Shop drawings, physical samples and mock-ups before a single panel is fabricated.",site scrape,YES
eurostyle impact window Yes,http://eurostyleimpactwindows.com/,eurostyleimpactwindows.com,+1 954-668-0701,"4750 N Dixie Hwy Unit 2, Oakland Park, FL 33334, United States",4.2,19,YES,installs/replaces windows; named window styles; replacement windows; window product line; windows & doors,False,high,Dealer manufacture company Enhance performance and comfort with replacement windows installed by our professional team.,site scrape,YES
Dr Impact Co Yes,https://www.drimpactco.com/,drimpactco.com,+1 954-508-2616,"4754 NE 12th Ave, Oakland Park, FL 33334, United States",5,132,YES,named window styles; window product line; window replacement/installation; windows & doors,False,high,"0, 2025 Impact Windows & Doors (Broward County Florida) Why Dr Impact Co Excels in Impact Window and Door Installations in Broward, Florida At Dr Impact Co, we pride ourselves on being Broward’s top choice fo",site scrape,YES
Mid Cities Auto Glass Yes,https://midcitiesautoglass.com/auto-glass/,midcitiesautoglass.com,+1 210-401-1110,"4755 Algiers St, Dallas, TX 75207, United States",4.8,5,NO,vehicle glass,True,high,Mid Cities Auto Glass Repair Service Near 214 909 9800 Windshield Replacement Me .,site scrape,NO
All Window & Door Repairs Inc Yes,https://impactshieldwindows.com/?utm_source=omg-gbp&utm_medium=webclick,impactshieldwindows.com,+1 954-400-1736,"4768 NE 12th Ave, Oakland Park, FL 33334, United States",4.8,421,YES,name states window installation/replacement/doors,False,medium,,name/review keywords,UNKNOWN
M E Gene Johnson Garage Yes,http://www.megjgarage.com/,megjgarage.com,+1 512-453-7376,"4801 Airport Blvd, Austin, TX 78751, United States",4.7,405,NO,no window installation or repair signal on site,False,high,,site scrape,NO
ProReal Yes,http://www.prorealdfw.com/,prorealdfw.com,+1 214-769-8729,"4803 Reiger Ave, Dallas, TX 75246, United States",4.8,47,NO,window treatments,False,high,"The color range includes white, gray, black, and various shades in between.",site scrape,NO
Balance de Terra LLC Yes,http://www.balancedeterra.com/,balancedeterra.com,+1 972-613-8833,"4810 Philip Ave, Dallas, TX 75223, United States",5,30,NO,no window installation or repair signal on site,False,high,,site scrape,NO
Glasshouse Yes,http://glasshouseproducts.com/?utm_source=google&utm_medium=Yext,glasshouseproducts.com,+1 214-761-1100,"4811 Lakawana St, Dallas, TX 75247, United States",4.3,6,YES,commercial storefront glazing; windows & doors,False,high,"rchitectural glass products, including glass railings, storefront glazing, seamless glass windows and doors, butt-glazed glass and more.",site scrape,YES
Latitude Windows Yes,http://www.latitudewindows.com/,latitudewindows.com,+1 954-451-5601,"4816 NE 10th Ave, Oakland Park, FL 33334, United States",4,23,YES,"Impact/hurricane window and door installation, replacement and repair; storefront impact glass",False,high,"latitudewindows.com/impact-windows-and-doors/ — 'installation, replacement, and repair services for residential homes, condominiums, high-rise buildings, and commercial storefront systems'.",web search (round 2),UNKNOWN
"Elefant Xterior"" Experts"" Yes",https://austinelefant.com/,austinelefant.com,+1 512-786-1211,"4825 Weidemar Ln Ste 300, Austin, TX 78745, United States",4.9,340,NO,window cleaning,False,high,Power Washing & Exterior Cleaning | Elefant Xterior Experts | Austin .,site scrape,NO
ABC Supply Co. Inc. Yes,https://www.abcsupply.com/locations/location?BranchNumber=041,abcsupply.com,+1 214-630-3940,"4833 Singleton Blvd, Dallas, TX 75212, United States",4.2,154,YES,installs/replaces windows; replacement windows; window replacement/installation; windows & doors,False,high,ABC Supply is a wholesale distributor of both new construction windows and replacement windows.,site scrape,YES
Universal Window Coverings Yes,http://www.universalwindow.net/,universalwindow.net,+1 214-905-0011,"4839 Cash Rd, Dallas, TX 75247, United States",5,2,NO,window treatments,False,high,Plantation Shutters Dallas TX | Universal Window Coverings USA is the largest dealer of O’Hair plantation shu,site scrape,NO
Gatsby Glass of East Dallas Yes,https://www.gatsbyglass.com/east-dallas-tx/,gatsbyglass.com,+1 972-430-4390,"4845 Vicksburg St ste 100a, Dallas, TX 75207, United States",5,14,YES,"Residential glass repair and window replacement (incl. foggy/failed units), plus commercial glass and shower/mirror work",False,high,"gatsbyglass.com/east-dallas-tx/glass-services/ 'Glass Services in Dallas, TX' — services include residential glass repair, window replacement, shower glass, mirrors; Google review: 'windows at my house were getting more and more foggy... Gatsby charged $1,200 and did a great job with the installatio",web research (earlier pass),UNREACHABLE
All Impact Renovations Windows & Doors Yes,https://www.allimpactrenovations.com/,allimpactrenovations.com,+1 954-655-1527,"4866 NE 12th Ave, Oakland Park, FL 33334, United States",4.9,41,YES,named window styles; window product line; windows & doors,False,high,"Hurricane Resistant Impact Windows & Doors: Broward, FL .",site scrape,YES
The Brothers That Just Do Gutters Yes,https://central-dfw.brothersgutters.com/,central-dfw.brothersgutters.com,+1 972-957-7598,"4900 Calvert St Unit B106, Dallas, TX 75247, United States",4.9,532,NO,no window installation or repair signal on site,False,high,,site scrape,NO
Huskie Exteriors Inc Yes,https://huskieexteriors.com/,huskieexteriors.com,+1 815-519-3237,"4901 W State St, Rockford, IL 61102, United States",4.9,184,YES,Window replacement,False,high,"huskieexteriors.com/about-us/ titled 'Local Roofing, Siding, and Windows Replacement Company'; 'the #1 roofing, siding, gutters, and window contractor in Rockford, IL'; 'siding installation and siding repairs, window replacement'.",web search (round 2),UNREACHABLE
Star Customs Yes,https://www.starcustoms.com/,starcustoms.com,+1 512-280-2604,"4905 Commercial Park Dr, Austin, TX 78724, United States",4.5,63,YES,insulated glass unit work,False,high,The guys were very helpful in figuring out what we needed and answered all our questions about bedcovers (there were many!,site scrape,YES
Cerv Property Solutions Austin Yes,https://www.cervpropertysolutions.com/?utm_source=google&utm_medium=organic&utm_campaign=gbp-austin,cervpropertysolutions.com,+1 737-286-9704,"4930 S Congress Ave #303C, Austin, TX 78745, United States",4.9,1250,YES,pane glazing work,False,high,REPORTED Single-pane visibility across the portfolio.,site scrape,LIKELY
OMEGA GARAGE DOOR INC Yes,https://www.omegadoorsandwindows.com/,omegadoorsandwindows.com,+1 954-416-3020,"4972 SW 35th Terrace, Fort Lauderdale, FL 33312, United States",4.6,66,YES,commercial storefront glazing; installs/replaces windows; insulated glass unit work; named window styles; replacement windows; window product line; window replacement/installation; windows & doors,False,high,Door & Window Repair Experts in South Florida | Same-Day Service | Omega Doors .,site scrape,YES
Energy Window Solutions Yes,https://energywindowsolutions.com/,energywindowsolutions.com,+1 972-746-8195,"5000 Esquire Estates Rd, Mabank, TX 75156, United States",4.9,105,YES,installs/replaces windows; insulated glass unit work; named window styles; pane glazing work; replacement windows; window product line; window replacement/installation; windows & doors,False,high,Window Replacement & Installation Services in Texas - Energy Window Solutions .,site scrape,YES
ProTex Remodeling Windows - Doors - Siding Yes,https://www.protexremodeling.com/,protexremodeling.com,+1 817-422-0552,"5001 FM1187 Ste 150, Burleson, TX 76028, United States",5,150,YES,installs/replaces windows; named window styles; pane glazing work; replacement windows; window product line; window replacement/installation; windows & doors,False,high,"Response from the owner: Walter, Thank you for trusting ProTex Remodeling with your window replacement project in Ft Worth, Texas.",site scrape,YES
Budget Blinds of Rockford & Sycamore Yes,http://www.budgetblinds.com/Rockford/?utm_source=Internet&utm_medium=Directory&utm_campaign=GOOGLE-PLACES,budgetblinds.com,+1 815-636-1250,"5004 N 2nd St, Loves Park, IL 61111, United States",4.6,18,NO,window treatments,False,high,"Blinds - Custom Blinds, Window Coverings - Budget Blinds .",site scrape,NO
Smart Services and Sales LLC Yes,https://smartapplianceaustin.com/?utm_campaign=gmb,smartapplianceaustin.com,+1 512-705-5020,"5006 Watusi Bend, Austin, TX 78732, United States",4.9,241,NO,no window installation or repair signal on site,False,high,,site scrape,NO
Home Shield Shutter Group INC Yes,https://homeshieldshutter.com/,homeshieldshutter.com,+1 954-380-2398,"501 SW 21st Terrace, Fort Lauderdale, FL 33312, United States",5,16,YES,window product line; window replacement/installation; windows & doors,False,high,High-Rise Impact Installations Specialized impact window and door installations for high-rise and multi-story buildings using certified access methods.,site scrape,YES
Austin Tint Yes,http://www.austintinting.com/,austintinting.com,+1 512-452-8468,"501 W Powell Ln Ste A208, Austin, TX 78753, United States",5,111,NO,vehicle glass only,True,high,"ices Gallery Contact Us September 10, 2026 Additional Services Paint protection ClearPlex windshield protection film Hard water spot removal from glass Vehicle badge & decal removal Text Us",site scrape,NO
Reveles Roofing Yes,http://www.revelesroofing.com/,revelesroofing.com,+1 214-900-8930,"5101 Parry Ave, Dallas, TX 75223, United States",5,218,NO,no window installation or repair signal on site,False,high,,site scrape,NO
My Glass Shower Yes,https://myglassshower.com/,myglassshower.com,+1 954-707-0227,"511 SW 6th St, Fort Lauderdale, FL 33315, United States",4.9,108,YES,commercial storefront glazing; insulated glass unit work,False,high,"Custom-fabricated LED mirrors with backlit, front-lit and designed strip configurations—made to order and professionally installed.",site scrape,YES
Campus Auto Glass Yes,https://www.campusautoglass.com/,campusautoglass.com,+1 737-423-2463,"5119 E 7th St, Austin, TX 78702, United States",4.3,95,NO,vehicle glass only,True,high,Auto Glass Austin TX | Mobile Windshield Replacement | Campus Auto Glass .,site scrape,NO
Avana Windows & Doors Yes,https://www.avanawindows.com/,avanawindows.com,+1 954-902-7815,"515 E Las Olas Blvd Suite 120, Fort Lauderdale, FL 33301, United States",4.9,11,YES,name states window installation/replacement/doors,False,medium,,name/review keywords,UNKNOWN
Area Wide Auto Glass Yes,https://areawideautoglass.com/windshield-replacement-austin-tx/,areawideautoglass.com,+1 830-609-8555,"516 Old Pecan St, Austin, TX 78701, United States",4.9,65,NO,Mobile auto glass and windshield replacement,False,high,"areawideautoglass.com/windshield-replacement-austin-tx/ — 'windshield replacement, side window repairs, and rear window installations'; all vehicle glass, mobile service to homes/offices but for cars.",web search (round 2),UNKNOWN
Atlas Glass Austin - Auto Glass Services Yes,https://www.atlasglassaustin.com/,atlasglassaustin.com,+1 737-348-0909,"517 Thompson Ln Ste 2, Austin, TX 78742, United States",4.7,12,NO,vehicle glass only,True,high,Atlas Glass Austin - Auto Glass Services - Windshield Repair & Glass Replacements .,site scrape,NO
Optic Auto Glass Yes,https://advancedcar.net/,advancedcar.net,+1 815-514-7844,"5197 27th Ave, Rockford, IL 61109, United States",5,8,NO,Auto repair shop with auto glass replacement (Advanced Automotive Service Center),False,high,"advancedcar.net — 'auto repair, mobile mechanic services, auto detailing, ADAS calibration, and auto glass replacement'; Optic Auto Glass does chip repair and auto glass replacement from Rockford IL to Madison WI.",web search (round 2),UNREACHABLE
Dan White's Screens & Things Yes,https://www.danwhitesscreens.com/?utm_source=GMBlisting&utm_medium=organic,danwhitesscreens.com,+1 512-892-2150,"5210 W US Hwy 290 Service Rd, Austin, TX 78735, United States",4.8,73,YES,window replacement/installation,False,high,Window Screen Repair & Service | Custom Window Screens .,site scrape,YES
Alpha Glass Company Yes,http://alphaglassco.com/,alphaglassco.com,+1 512-792-9234,"5214 Burleson Rd #501, Austin, TX 78744, United States",4,22,YES,commercial storefront glazing; window replacement/installation,False,high,"Contact Us Now Residential Services Windows Whether you're needing a fogged/broken window replaced or solar efficient windows or safety windows, we are here for you!",site scrape,YES
Royal Auto Finishes Yes,https://www.royal-auto-finishes.com/,royal-auto-finishes.com,+1 512-888-9949,"5214 Burleson Rd Ste 412, Austin, TX 78744, United States",5,400,NO,window tint/film; window treatments,True,high,"Our team of experts specializes in PPF, window tint, and more.",site scrape,NO
Well Connected Life Apple Mac Repair Yes,https://www.wellconnectedlife.com/,wellconnectedlife.com,+1 214-232-1013,"5225 Maple Ave Appointment Required, 5225 Maple Ave, Dallas, TX 75235, United States",4.9,52,NO,no window installation or repair signal on site,False,high,,site scrape,NO
RiKo Exterior Solutions Yes,http://rikosolutions.net/,rikosolutions.net,+1 512-270-0030,"526 Cutty Trail, Lakeway, TX 78734, United States",5,72,NO,window cleaning/washing,False,medium,,name/review keywords,UNREACHABLE
Faith Auto Glass Yes,https://www.faithautoglassdallas.com/,faithautoglassdallas.com,+1 214-421-1575,"5301 S Second Ave, Dallas, TX 75210, United States",4.8,670,NO,vehicle glass,True,high,Windshield Replacement Dallas TX | Faith Auto Glass .,site scrape,NO
J1 Auto Glass Yes,https://j1autoglass.net/,j1autoglass.net,+1 512-828-9781,"5310-D S Pleasant Valley Rd, Austin, TX 78744, United States",4.8,172,NO,vehicle glass only,True,high,"9781) Home Contact More Home Contact J1AutoGlass Call Now to book an Appointment Services Windshield and Sideglass Replacement Mobile Service Affordable Pricing Before Hazardous, Unsightly,",site scrape,NO
Garcias roofing & siding Inc Yes,https://brand.site/garciasroofingsidinginc,brand.site,+1 815-505-9684,"533 Division St, Rockford, IL 61104, United States",3.8,10,NO,no window installation or repair signal on site,False,high,,site scrape,NO
Laurel Haven Homes Yes,http://www.laurelhavenhomes.com/,laurelhavenhomes.com,+1 512-261-4663,"5348 Pedernales Summit Pkwy, Austin, TX 78738, United States",4.6,22,UNRESOLVED,"Luxury custom home builder (new construction, Lake Travis / Austin)",False,low,"laurelhavenhomes.com — 'award-winning custom home builder'; new home construction, custom homes, some remodeling. A directory profile notes they are 'an authorized builder for Andersen Windows & Doors",web search - no usable evidence,UNKNOWN
Protech Sliding Door Repair Yes,https://www.protechslidingdoors.com/?utm_campaign=gmb,protechslidingdoors.com,+1 954-595-4460,"5369 SW 32nd Ave, Fort Lauderdale, FL 33312, United States",5,221,YES,installs/replaces windows; insulated glass unit work; named window styles; replacement windows; window replacement/installation,False,high,Retractable Awnings Retractable Screens Screens Doors Windows Screens Sliding Door Repair Window Repair Screen Enclosure All Type of Screen Repair Motorized Screens Repair Retractable Screens R,site scrape,YES
Sierra Blinds Yes,https://www.sierrablinds.com/,sierrablinds.com,+1 800-732-3150,"539 W Commerce St #1658, Dallas, TX 75208, United States",4.8,38,NO,window treatments,False,high,Offering a Stunning Collection of Custom Blinds and Shades – Sierra Blinds .,site scrape,NO
Ameriglass & Mirror A Division of Rockford Auto Glass Yes,https://www.rockfordglass.com/,rockfordglass.com,+1 815-226-0560,"5401 E State St, Rockford, IL 61108, United States",3.4,5,YES,building glass replacement; commercial storefront glazing; installs/replaces windows; insulated glass unit work; pane glazing work; replacement windows; window product line; window replacement/installation; windows & doors,True,high,Phantom Shower Doors PRIVA-TECH Printed Privacy Shields Shower Door Brochures Residential Window Repair and Glass Replacement Thermal Pane Glass Replacement Window Frame Repair Window Glass Rep,site scrape,YES
Rockford Glass Yes,https://www.rockfordglass.com/,rockfordglass.com,+1 815-426-1162,"5401 E State St, Rockford, IL 61108, United States",4.3,152,YES,building glass replacement; commercial storefront glazing; installs/replaces windows; insulated glass unit work; pane glazing work; replacement windows; window product line; window replacement/installation; windows & doors,True,high,Phantom Shower Doors PRIVA-TECH Printed Privacy Shields Shower Door Brochures Residential Window Repair and Glass Replacement Thermal Pane Glass Replacement Window Frame Repair Window Glass Rep,site scrape,YES
Advanced Window Systems Yes,https://www.advancedwindowrockford.com/,advancedwindowrockford.com,+1 815-654-4200,"5401 E State St, Rockford, IL 61108, United States",5,0,NO,business permanently closed,False,low,"Yelp: 'ADVANCED WINDOW SYSTEMS - CLOSED - Updated June 2026 - 5401 E State St, Rockford, Illinois - Windows Installation', and their website is unreachable. Yellowpages/Lindsay Windows dealer pages still describe them as providing 'new or replacement windows and doors for residential and commercial ",web search (round 2),UNREACHABLE
Craddock Lumber Co Yes,http://craddocklumber.com/,craddocklumber.com,+1 214-631-5200,"5422 Harry Hines Blvd, Dallas, TX 75235, United States",4.5,33,NO,no window installation or repair signal on site,False,high,,site scrape,NO
Rockford Siding and Windows LLC Yes,http://rockford-siding.com/,rockford-siding.com,+1 815-214-9390,"5441 Forest Hills Ct, Loves Park, IL 61111, United States",4.4,83,YES,installs/replaces windows; replacement windows; window product line; window replacement/installation,False,high,"Windows For quality window installation you trust in Rockford, IL.",site scrape,YES
Handyman Connection of Austin-Westlake Yes,https://handymanconnection.com/austin-westlake/?utm_source=gbp&utm_medium=organic&utm_campaign=GBP-Website-Link,handymanconnection.com,+1 512-418-0800,"5450 Bee Caves Rd Ste 5c, Austin, TX 78746, United States",4.8,185,YES,installs/replaces windows; replacement windows; window replacement/installation,False,high,"ing installation Adding pet doors and storm doors Complete cabinet repairs or replacement Window installation or replacement Custom Carpentry Solutions Tailored to Your Home Every home is unique, which is why we of",site scrape,YES
DuSouth Rovr Yes,https://www.dusouthrovr.com/?utm_campaign=gmb,dusouthrovr.com,+1 214-382-0036,"5454 Maple Ave, Dallas, TX 75235, United States",4.8,208,NO,no window installation or repair signal on site,False,high,,site scrape,NO
Wrap Daddy’s Yes,https://wrapdaddysdfw.com/,wrapdaddysdfw.com,+1 214-764-1586,"5521 Maple Ave, Dallas, TX 75235, United States",5,433,NO,vehicle glass only,True,high,Specific Concerns Does PPF protect against rock chips?,site scrape,NO
Windows of Austin Yes,https://windowsofaustin.com/,windowsofaustin.com,+1 512-954-2100,"5524 Bee Caves Rd Ste B-3, Austin, TX 78746, United States",5,3,YES,window replacement/installation; windows & doors,False,high,"Call or text 512-954-2100 for premium window and door installation in Austin, Round Rock, Cedar Park, Georgetown, Leander, Buda and Kyle.",site scrape,YES
Smarter Homes Yes,https://www.smarterhomesaustin.com/,smarterhomesaustin.com,+1 512-775-6101,"5524 Bee Caves Rd Unit J8, West Lake Hills, TX 78746, United States",5,160,NO,window treatments,False,high,"planned to support streaming, remote work, security cameras, lighting control, motorized shades, audio, and other connected systems without becoming the weak link in the home.",site scrape,NO
Maison Janneau Yes,https://www.maison-janneau.com/,maison-janneau.com,+1 512-356-9276,"5555 N Lamar Blvd Suite L-125, Austin, TX 78751, United States",5,6,YES,installs/replaces windows; named window styles; replacement windows; window product line; windows & doors,False,high,steel windows are suitable for both new construction and timeless renovations – including replacement windows for properties with historic preservation requirements.,site scrape,YES
Reformed Roofing & Contracting Yes,http://www.reformed-roofing.com/,reformed-roofing.com,+1 972-946-1775,"5639 Dyer St Ste 200, Dallas, TX 75206, United States",5,73,YES,Energy-efficient window and door replacement,False,high,"reformed-roofing.com — ""a trusted name in residential and commercial roofing, siding, and energy-efficient window and door replacements""; described as ""Heart of Dallas roofing, siding, window experts"".",web research (earlier pass),UNREACHABLE
AM Gutter Services Yes,https://www.amgutterservices.com/,amgutterservices.com,+1 214-980-4366,"5641 SMU Boulevard #106, Dallas, TX 75206, United States",5,257,YES,installs/replaces windows; window replacement/installation,False,high,utter Downspouts Gutter Installation Other Services Roof Installation Siding Installation Window Installation Fence Installation Power Washing Business Hours Monday to Friday 7:00 am – 7:00 pm Saturday 8:00 am – 7:00 p,site scrape,YES
AM Roofing Company Yes,https://amroofingcompany.com/?utm_source=Google_Maps&utm_medium=Website_Link-Click&utm_campaign=Google_Maps_Visits,amroofingcompany.com,+1 214-980-4366,"5641 SMU Boulevard #106, Dallas, TX 75206, United States",4.9,39,YES,installs/replaces windows; window replacement/installation,False,high,fing Materials Roof Inspectors Related Services Siding Installation Skylight Installation Window Installation Fence Installation Free Inspection RECENT PROJECTS Residential & Commercial Roofing Services AM Roofing Comp,site scrape,YES
H&H Home Services Yes,http://homeservicesbyhh.com/,homeservicesbyhh.com,+1 512-693-8084,"5700 Driftwood Dr, Austin, TX 78731, United States",5,54,NO,window cleaning/washing,False,medium,,name/review keywords,UNREACHABLE
Radiant Windows & Glass Yes,https://www.radiantwindowsglass.com/?utm_source=gmb&utm_medium=organic&utm_campaign=Maps,radiantwindowsglass.com,+1 469-727-9745,"5730 Martel Ave #118, Dallas, TX 75206, United States",5,21,YES,broken window glass; installs/replaces windows; insulated glass unit work; pane glazing work; replacement windows; window product line; window replacement/installation,False,high,Professional Window Replacement Company In Southlake .,site scrape,YES
JC GLASS & WINDOWS Yes,https://jcglass-windows.carrd.co/,jcglass-windows.carrd.co,+1 214-531-5904,"5738 Preston View Blvd, Dallas, TX 75240, United States",5,7,YES,insulated glass unit work; window product line; window replacement/installation,False,high,Glass Repair and Window Installation .,site scrape,YES
Optimal Windows Yes,https://www.optimalwindows.com/?utm_source=google_business_profile&utm_medium=organic,optimalwindows.com,+1 972-768-1999,"5760 Legacy Dr b3366, Plano, TX 75024, United States",5,51,YES,installs/replaces windows; insulated glass unit work; named window styles; pane glazing work; replacement windows; window product line; window replacement/installation; windows & doors,False,high,Plano Window Replacement | FGIA Certified | Optimal Windows .,site scrape,YES
Energy One Windows of Dallas/Ft. Worth Yes,https://energyonewindows.com/,energyonewindows.com,+1 972-719-7801,"580 Decker Dr #125, Irving, TX 75062, United States",5,208,YES,installs/replaces windows; named window styles; pane glazing work; replacement windows; window product line; window replacement/installation,False,high,", NV 89120 View Now RALEIGH, NC 202 New Edition Ct Cary, NC 27511 View Now HOW ENERGY ONE WINDOW INSTALLATION WORKS Step 1.",site scrape,YES
Strand Brothers Service Experts Yes,https://www.serviceexperts.com/austin-tx/?utm_source=gbp&utm_medium=organic&utm_campaign=brand,serviceexperts.com,+1 512-598-6625,"5811 Techni Center Dr, Austin, TX 78721, United States",4.8,7565,NO,"HVAC, plumbing and electrical services",False,high,"serviceexperts.com/austin-tx/ — 'expert HVAC, plumbing, and electrical services'; duct repair, indoor air quality, insulation, water heaters. No window work.",web search (round 2),UNREACHABLE
Tri-Supply - Austin Yes,https://trisupplyhome.com/,trisupplyhome.com,+1 512-916-9354,"5811 Trade Center Dr Building 7, Suite 100, Austin, TX 78744, United States",4.5,351,YES,insulated glass unit work; named window styles; window product line; windows & doors,False,high,Key Considerations for Building and Designing Multifamily Outdoor Living Spaces Read More Energy Efficient Windows for Texas Climates Read More View All Appliances Bathrooms Hardware Interior & Exterior D,site scrape,YES
Window World of Austin Yes,https://www.windowworldaustin.com/,windowworldaustin.com,+1 512-383-1222,"5812 Trade Center Dr #300, Austin, TX 78744, United States",4.8,353,YES,installs/replaces windows; insulated glass unit work; named window styles; replacement windows; window product line; window replacement/installation; windows & doors,False,high,Window Replacement Company in Texas | Window World of Austin .,site scrape,YES
Stephen Thomas Construction Yes,http://www.stcatx.com/,stcatx.com,+1 512-702-2267,"5900 Southwest Pkwy ste 5-520, Austin, TX 78735, United States",5,36,YES,commercial storefront glazing,False,high," Commercial From national chains to local family shops, partner with us to get your storefront up and running on time and on budget.",site scrape,YES
Sunshine Window Tint Yes,https://sunshinewindowtint.com/swt/,sunshinewindowtint.com,+1 954-699-6246,"5921 Ravenswood Rd, Fort Lauderdale, FL 33312, United States",4.9,190,NO,window tint/film,True,high,Sunshine Window Tint Your Trusted Source for Car Window Tinting .,site scrape,NO
American Door Company Yes,https://www.americandoor.biz/,americandoor.biz,+1 754-345-8246,"595 Prospect Rd, Oakland Park, FL 33309, United States",3.6,56,YES,commercial storefront glazing; named window styles; window product line; window replacement/installation; windows & doors,False,high,We offer door and window sales and installation services.,site scrape,YES
Window World of Dallas-Fort Worth Yes,https://www.windowworlddfw.com/,windowworlddfw.com,+1 972-623-9993,"600 N Coit Rd Ste 2052, Richardson, TX 75080, United States",4.7,789,YES,installs/replaces windows; insulated glass unit work; named window styles; replacement windows; window product line; window replacement/installation; windows & doors,False,high,Window Replacement Company in Texas | Window World of Dallas .,site scrape,YES
Malachi Roofing Yes,https://www.malachiroofing.com/,malachiroofing.com,+1 512-996-0255,"600 S Bell Blvd Ste 212, Cedar Park, TX 78613, United States",4.9,138,NO,no window installation or repair signal on site,False,high,,site scrape,NO
Bumble Bee Blinds of Austin Yes,https://www.bumblebeeblinds.com/austin/,bumblebeeblinds.com,+1 512-846-9922,"6000 Menchaca Rd Bldg 2, Suite 2, Austin, TX 78745, United States",5,221,NO,window treatments,False,high,Bumble Bee Blinds | Custom Window Treatments for Every Room .,site scrape,NO
Windowman of South Florida Yes,http://windowmanflorida.com/,windowmanflorida.com,+1 954-946-1553,"6001 Powerline Rd Ste A, Fort Lauderdale, FL 33309, United States",3.5,22,YES,window in name + review describes window work,False,medium,,name/review keywords,UNREACHABLE
Florida Aluminum Products Yes,https://fapaluminum.com/,fapaluminum.com,+1 954-773-2898,"6001 Powerline Rd, Fort Lauderdale, FL 33309, United States",4.2,5,YES,commercial storefront glazing; windows & doors,False,high,Florida Aluminum Products | Wholesale Windows & Doors Supplier FL .,site scrape,YES
CTX Facility Services Yes,http://www.ctxfacilityservices.com/,ctxfacilityservices.com,+1 512-270-1291,"6001 W Parmer Ln #370, Austin, TX 78727, United States",5,6,NO,window cleaning,False,high,Supplemental services Window cleaning Windows are the gateway outside from our indoor working spaces.,site scrape,NO
Capital Clean Solutions Yes,https://capitalcleansolutions.co.site/,capitalcleansolutions.co.site,+1 512-920-0639,"6001 W Parmer Ln, Austin, TX 78727, United States",4.9,15,NO,window cleaning,False,high,"lean Solutions . At Capital Clean Solutions, we offer top-tier residential and commercial pressure washing in Austin, using biodegradable detergents and water conservation techniques, making yo",site scrape,NO
Andyman Home Improvement LLC Yes,http://andymanhi.com/,andymanhi.com,+1 737-328-7624,"6001 W Parmer Ln, Austin, TX 78727, United States",5,27,NO,no window installation or repair signal on site,False,high,,site scrape,NO
Drapes & Shades Custom Window Designs Yes,https://dscustomwindowdesigns.com/,dscustomwindowdesigns.com,+1 954-289-3311,"6003 NW 31st Ave C, Fort Lauderdale, FL 33309, United States",4.9,72,NO,window tint/film; window treatments,False,high,w treatments work best for large sliding glass doors? Norman vertical cellular shades and solar screen panels are ideal for sliding glass doors because they stack neatly and don't interfere wi,site scrape,NO
Arnie’s Yes,http://arnies.biz/,arnies.biz,+1 779-348-2360,"601 W Jefferson St, Rockford, IL 61103, United States",5,40,NO,"Automotive window tint, paint protection film and ceramic coating",False,high,"arnies.biz/window-tint-rockford-il/ — 'your source for advanced Automotive Paint Protection Film, Window Tinting and Ceramic Coatings'; 'lifetime warranty on all automotive window tint installations'. Film only.",web search (round 2),UNKNOWN
Window World of Rockford Yes,https://www.windowworldrockford.com/,windowworldrockford.com,+1 815-395-1333,"6010 Forest Hills Rd, Loves Park, IL 61111, United States",4.7,426,YES,installs/replaces windows; named window styles; replacement windows; window product line; window replacement/installation; windows & doors,False,high,Window Replacement Company in Illinois | Window World of Rockford .,site scrape,YES
Rockford Blinds Yes,https://rockfordblinds.com/,rockfordblinds.com,+1 815-957-6652,"6010 Forest Hills Rd, Loves Park, IL 61111, United States",5,16,NO,window treatments,False,high,"Rockford Blinds | Premium Replacement Blinds | Rockford, Illinois .",site scrape,NO
Martin Exteriors Roofing & Siding Yes,https://martinexteriors.com/,martinexteriors.com,+1 815-209-9054,"6019 Fincham Dr Ste 4, Rockford, IL 61108, United States",4.6,55,YES,installs/replaces windows; insulated glass unit work; named window styles; pane glazing work; replacement windows; window product line; window replacement/installation,False,high,nancing Options Roof Repair Roof Inspection Metal Roofing Asphalt Shingle Roofing Gutters Window Replacement Hail Damage Repair Wind Damage Repair TPO/Flat Commercial Emergency Roof Repair Free Insp,site scrape,YES
Mother's Window Tint Yes,http://motherswindowtint.com/,motherswindowtint.com,+1 512-323-5325,"6025 N Interstate Hwy 35, Austin, TX 78723, United States",4.7,207,NO,window tint/film only,False,medium,,name/review keywords,UNREACHABLE
ACM MIllwork Yes,https://acmus.com/,acmus.com,+1 214-350-1341,"6025 Owens St, Dallas, TX 75235, United States",4.5,67,NO,Specialty lumberyard / millwork supplier (windows and doors by special order),False,medium,"acmus.com/products/ — 'Dallas' premiere full service, specialty lumberyard catering to ... contractors, remodelers, and home owners'; special-orders Sierra Pacific and Lincoln windows. Second search found no installation service — supplier only. Borderline: they do sell windows over the counter to h",web research (earlier pass),UNKNOWN
Lynn Floyd Architectural Millwork Yes,https://lynnfloyd.com/,lynnfloyd.com,+1 972-335-1199,"6025 Owens St, Dallas, TX 75235, United States",5,404,YES,named window styles; window product line,False,high,"window expertise and cope and stick tooling, we build authentic true divided light custom wood windows .",site scrape,YES
Elevated Autoworks Yes,http://www.elevatedautoworks.com/,elevatedautoworks.com,+1 512-840-1223,"606 W Slaughter Ln W, Austin, TX 78748, United States",4.9,269,NO,window tint/film,False,high,here to deliver top-tier service with precision and care. Book Now Our Services Detailing/Window Tinting We are proudly partnered with 3M window films and offer a lifetime warranty on all of,site scrape,NO
Made in the Shade Yes,https://mitsnorthcentraldallas.com/?utm_source=gbp,mitsnorthcentraldallas.com,+1 469-523-6587,"6060 N Central Expy Suite 500, Dallas, TX 75206, United States",5,92,NO,window tint/film; window treatments,False,high,Solar screens can be added to the backside for additional energy efficiency.,site scrape,NO
Lakeway Roofing Yes,https://lakewayroofing.com/,lakewayroofing.com,+1 512-270-8084,"607 Sunfish St, Lakeway, TX 78734, United States",5,39,NO,no window installation or repair signal on site,False,high,,site scrape,NO
Dream Builders Construction Yes,https://www.bestglassflorida.com/?utm_source=google&utm_medium=wix_google_business_profile&utm_campaign=3795594895127369423,bestglassflorida.com,+1 754-257-0379,"6099 Stirling Rd Ste 103, Davie, FL 33314, United States",5,24,YES,window product line; window replacement/installation; windows & doors,False,high,"ons, offering top-tier products and expert installation. Our services include: ​ ✔ Impact Window and Door Installation We provide precise installation of high-quality impact windows and doors that offer super",site scrape,YES
Glass Genie Yes,https://glass-genie.com/,glass-genie.com,+1 469-200-4801,"6101 E Mockingbird Ln, Dallas, TX 75214, United States",4.3,114,NO,vehicle glass,True,high,Windshield Replacement in Dallas & DFW | Glass Genie .,site scrape,NO
The Home Depot Yes,https://www.homedepot.com/l/Lemmon-Avenue/TX/Dallas/75209/589?emt=MSGoogleMaps,homedepot.com,+1 214-654-9939,"6110 Lemmon Ave, Dallas, TX 75209, United States",4.2,2536,NO,window tint/film; window treatments,False,high,inds Vertical Blinds Wood Blinds Blackout Shades Roman Shades Solar Shades Pleated Shades Window Film Shop Hardware Curtain Rods Curtain Hardware REFRESH YOUR WINDOW TREATMENTS Explore custom,site scrape,NO
Comfort 1st Insulation Yes,https://www.comfort1stinsulation.com/,comfort1stinsulation.com,+1 833-244-7283,"612 Harrison Ave, Rockford, IL 61104, United States",4.9,303,NO,no window installation or repair signal on site,False,high,,site scrape,NO
Your New Door Yes,https://www.yournewdoor.com/?utm_medium=organic&utm_source=google&utm_campaign=gbp_richardson,yournewdoor.com,+1 214-785-0588,"620 N Coit Rd, Richardson, TX 75080, United States",4.9,64,NO,window treatments,False,high,00 1/2 Lite Smooth with Blinds & Clear Glass Prices range from $725.,site scrape,NO
American Window Systems (A Window Inc.) Yes,https://www.americanwindowsystems.com/,americanwindowsystems.com,+1 817-654-9050,"6201 Dowdell Rd Unit c, Fort Worth, TX 76119, United States",4.1,67,YES,installs/replaces windows; insulated glass unit work; named window styles; pane glazing work; replacement windows; window product line; window replacement/installation,False,high,"rochures Knowledge Center Home Owners Guide ABOUT US Best Replacement Window Fort Worth - Window Installation Arlington - New Windows Denton Serving Dallas, Fort Worth, Arlington and more in the DFW",site scrape,YES
Omega Glass & Mirror Co Yes,http://omegaglassdallas.com/,omegaglassdallas.com,+1 214-821-8283,"6212 Mercedes Ave, Dallas, TX 75214, United States",4.7,37,YES,insulated glass unit work,False,high,"orth Metroplex and surrounding areas, Dallas Omega Glass & Mirror specializes in Windows, Insulated Glass, Store fronts, Mirrors and more.",site scrape,YES
NexGen Contracting Yes,https://www.nexgencontracting.com/,nexgencontracting.com,+1 815-756-0557,"6260 E Riverside Blvd Ste 225, Loves Park, IL 61111, United States",5,30,YES,installs/replaces windows; replacement windows; window product line; window replacement/installation,False,high,"Share by: Window Replacement Services | NexGen Contracting LLC | Belvidere, IL .",site scrape,YES
MRC Water Restoration & Construction Yes,http://mrcusa.com/,mrcusa.com,+1 214-809-7350,"6271 Highland Hills Dr, Dallas, TX 75241, United States",5,109,UNRESOLVED,"Water/fire damage restoration, mold remediation, roofing and reconstruction",False,low,"mrcusa.com/services/ — 'water restoration and water extraction, disaster recovery, fire restoration, demolition, board up and securing property, and construction services and rebuild'; also branded 'M",web search - no usable evidence,UNKNOWN
Premier General Contractor Yes,http://www.premiergeneralcontractoril.com/,premiergeneralcontractoril.com,+1 815-398-4568,"628 Shaw St, Rockford, IL 61104, United States",4.8,57,NO,no window installation or repair signal on site,False,high,,site scrape,NO
PAW Copper Awnings Gutters Yes,http://rfcopperawningsgutters.com/,rfcopperawningsgutters.com,+1 779-545-2497,"63 Spring Brook Rd, Rockford, IL 61114, United States",5,24,NO,Custom copper awnings and copper gutters,False,high,rfcopperawningsgutters.com — 'combines the ageless beauty of copper with top-tier craftsmanship to create truly unique and long-lasting awnings and gutters... custom copper awnings for storefronts and robust copper gutters for homes'. The review mentioning windows is about awnings installed over win,web search (round 2),UNREACHABLE
1st Home & Commercial Services Yes,https://www.1sthomeandcommercialservices.com/,1sthomeandcommercialservices.com,+1 512-282-7787,"630 Ralph Ablanedo Dr Bldg 1, Austin, TX 78748, United States",4.8,830,YES,windows & doors,False,high,Keeping windows and doors sealed to limit pollen and dust from entering your home.,site scrape,YES
Austin Glass & Mirror Inc Yes,http://www.austinglass.com/,austinglass.com,+1 512-928-9999,"6308 Decker Ln # A, Austin, TX 78724, United States",4.3,11,YES,commercial storefront glazing,False,high,| Commercial Glazing Contractor | Austin Texas .,site scrape,YES
Ace Discount Glass & Door Yes,https://www.quickglassservice.com/,quickglassservice.com,+1 512-345-3105,"6308 Spicewood Springs Rd, Austin, TX 78759, United States",4.5,436,YES,broken window glass; building glass replacement; commercial storefront glazing; installs/replaces windows; insulated glass unit work; pane glazing work; replacement windows; window replacement/installation; windows & doors,True,high,se Search Call Now Menu Auto Windshield Replacement Windshield Glass Chip Repair Car Door Window Repair Sunroof Repair & Window Trim Replacement Window Regulator Repair Liquidation Windshields Residential Hom,site scrape,YES
Texas Home Improvement Yes,https://texashomeimprovement.com/,texashomeimprovement.com,+1 737-361-1532,"6320 E Stassney Ln Suite 100, Austin, TX 78744, United States",4.7,577,YES,Energy-efficient replacement windows and doors,False,high,"texashomeimprovement.com/home-improvement/ — 'a wide range of services for Austin home improvements, from roofing and gutters to siding and windows'; 'their top-of-the-line, energy efficient replacement windows and doors keep heating and cooling costs down'.",web search (round 2),UNKNOWN
The Window Tint Experts Yes,https://thewindowtintexperts.com/?utm_source=google&utm_medium=organic&utm_campaign=google_business_profile,thewindowtintexperts.com,+1 305-748-8946,"6330 N Andrews Ave #282, Fort Lauderdale, FL 33309, United States",5,44,NO,window tint/film; window treatments,False,high,The Window Tint Experts | South Florida Window Tinting .,site scrape,NO
Carvana Chrysler Dodge Jeep RAM FIAT - Service Yes,https://www.carvanacdjrofparkcities.com/service,carvanacdjrofparkcities.com,+1 469-806-0516,"6350 Denton Dr, Dallas, TX 75235, United States",3,2,NO,no window installation or repair signal on site,False,high,,site scrape,NO
Integrity 1st Car Pros Yes,https://www.integrity1auto.com/,integrity1auto.com,+1 469-949-4979,"6359 Belmont Ave, Dallas, TX 75214, United States",4.9,689,NO,vehicle glass,True,high,nment Brake Pads & Rotors Engines & Transmissions Check Engine Lights Drive Train Repairs Auto Glass Hail Damage Repairs Extended Warranties Exhaust Repairs Auto AC Repair EVs & Hybrids Auto,site scrape,NO
Regency Steel Doors and Windows Yes,https://doorsbyregency.com/,doorsbyregency.com,+1 512-964-6879,"6405 Aden Ln, Austin, TX 78739, United States",4.8,29,YES,commercial storefront glazing; window replacement/installation,False,high,"Regency Steel Doors and Windows provides door and window installation services in Austin, Houston, Dallas and surrounding areas.",site scrape,YES
EuroCraft Exteriors Yes,http://www.eurocraftexteriors.com/,eurocraftexteriors.com,+1 512-657-6900,"6410 Johanne Ct, Austin, TX 78750, United States",5,42,YES,named window styles; window product line; window replacement/installation,False,high,", Roofing Service, Roofing, Metal Roofing, Metal Roofer, Shingle Roofing, Shingle Roofer, Window Replacement, Windows, Siding, Siding Replacement .",site scrape,YES
BlueCyclone Window A/C Services Yes,https://www.facebook.com/BlueCyclone-Handyman-Services-110902136913763/,facebook.com,+1 214-228-4363,"6423 S R L Thornton Fwy, Dallas, TX 75232, United States",3.6,5,YES,Stocks windows and provides framing and installation services including window and door installations,False,medium,"Oak Cliff Building Materials services page: 'Their extensive inventory includes lumber, sheathing, roofing products, windows, and more. They also provide professional framing and installation services, including window and door installations'; sells 'to contractors, builders and homeowners'",web research (earlier pass),SOCIAL_ONLY
Signature Auto Solutions LLC Yes,http://windowtintingrockford.com/,windowtintingrockford.com,+1 815-319-9994,"644 Larnell Pkwy, Rockford, IL 61101, United States",5,312,NO,window tint/film; window treatments,True,high,"#1 Auto Styling Shop Rockford IL | Window Tinting, Ceramic Coating & PPF .",site scrape,NO
All About The Window Yes,https://allaboutthewindow.com/,allaboutthewindow.com,+1 214-683-9770,"6445 Cedar Springs Rd Unit 112, Dallas, TX 75235, United States",0,0,NO,window treatments,False,high,"Discover custom window treatments in Dallas, featuring shades, shutters, and drapery to enhance your home.",site scrape,NO
Mr. Electric of Austin Yes,https://mrelectric.com/austin/?cid=LSTL_MRE000196&utm_source=gmb&utm_campaign=local&utm_medium=organic,mrelectric.com,+1 512-298-5153,"6448 US-290 Unit A-103, Austin, TX 78723, United States",4.8,492,YES,insulated glass unit work; window product line,False,high,Tell us where you’re located *Indicates a required field Find Nearest Location(opens in a new window) Choose a nearby location.,site scrape,YES
D&A Auto Glass Yes,http://dandaautoglass.com/,dandaautoglass.com,+1 737-238-3327,"6448 US-290 Unit B-104, Austin, TX 78723, United States",4.6,101,NO,vehicle glass,True,high,"Auto Glass Shop | D&A Auto Glass | Austin, TX .",site scrape,NO
JVR Impact Windows & Doors Yes,https://www.jvrwindows.com/,jvrwindows.com,+1 954-902-4418,"650 NE 44th St, Oakland Park, FL 33334, United States",4.6,211,YES,named window styles; window product line; window replacement/installation; windows & doors,False,high,ws Picture Windows Project-Out Awning Windows Single-Hung Windows Hurricane Windows Storm Windows Window Repairs Properties Serviced Commercial Properties Condominiums Residential Homes Gallery Residen,site scrape,YES
Glass America - Mobile Auto Glass & Windshield Replacement Yes,https://glassusa.com/locations/tx/?utm_source=google_gbp&utm_medium=organic&utm_campaign=local&utm_content=dallas_tx,glassusa.com,+1 817-548-1993,"650 S Griffin St, Dallas, TX 75202, United States",4.8,122,NO,vehicle glass,True,high,Glass America | Auto Glass and Windshield Repair .,site scrape,NO
Secure Window Solutions Yes,http://www.securewindowsolutions.com/,securewindowsolutions.com,+1 954-586-4217,"6500 NW 12th Ave #118, Fort Lauderdale, FL 33309, United States",5,83,YES,named window styles; window product line; windows & doors,False,high,Impact Windows Fort Lauderdale | Best Impact Windows in South Florida | Secure Window Solutions .,site scrape,YES
Austin Residential Window Replacement Yes,https://austinresidentialwindowreplacement.com/,austinresidentialwindowreplacement.com,+1 512-379-6857,"6500 River Pl Blvd Building 7C, Austin, TX 78730, United States",0,0,YES,name states window installation/replacement/doors,False,medium,,name/review keywords,UNKNOWN
Window Depot USA of Austin TX Yes,https://windowdepotaustin.com/,windowdepotaustin.com,+1 512-201-6447,"6514 McNeil Dr Ste 1-100, Austin, TX 78729, United States",4.2,17,YES,installs/replaces windows; insulated glass unit work; named window styles; pane glazing work; replacement windows; window product line; window replacement/installation; windows & doors,False,high,ed when so many others have come and gone. Learn More About Our History America’s Trusted Window Replacement Experts Windows Vinyl | Composite | Wood Entry Doors Fiberglass | Steel Patio Doors Slidi,site scrape,YES
Promising Auto Glass Yes,http://promising-auto-glass.com/,promising-auto-glass.com,+1 737-888-0000,"6515 Burnet Rd Ste B, Austin, TX 78757, United States",5,12,NO,vehicle glass only,True,high,Promising Auto Glass .,site scrape,NO
King's Window Services LLC Yes,https://www.kingswindowservices.com/?utm_medium=organic&utm_source=google&utm_campaign=gbp,kingswindowservices.com,+1 817-512-5714,"6515 Smithfield Rd c, North Richland Hills, TX 76182, United States",4.9,166,YES,installs/replaces windows; insulated glass unit work; named window styles; pane glazing work; replacement windows; window product line; window replacement/installation,False,high,"King's Window Services offers expert window replacement, glass repair, screen replacement & shower glass in North Richland Hills, TX.",site scrape,YES
Lone Star Glass and Aluminum Yes,https://lonestarglassandaluminum.com/,lonestarglassandaluminum.com,+1 972-748-9481,"6526 Maryibel Cir, Dallas, TX 75237, United States",4.6,14,YES,commercial storefront glazing; installs/replaces windows; insulated glass unit work; named window styles; pane glazing work; reglazing; replacement windows; window product line; window replacement/installation,False,high,"Home | Plano Window Installation, Window Replacement and Glass Replacement .",site scrape,YES
Sun Stop Window Tinting Yes,https://www.sunstopatx.com/,sunstopatx.com,+1 512-296-8788,"6546 Burnet Rd, Austin, TX 78757, United States",4.7,17,NO,window tint/film; window treatments,True,high,"Sun Stop Window Tinting - Top Rated Commercial & Residential Window Tinting Service - Austin, Texas .",site scrape,NO
New Leaf Remodeling Yes,https://www.newleafremodeling.com/,newleafremodeling.com,+1 815-904-6006,"6551 E Riverside Blvd Suite 110, Rockford, IL 61114, United States",4.3,53,NO,no window installation or repair signal on site,False,high,,site scrape,NO
ACP Construction & ECO-Energy Inc. Yes,https://acpconstructioninc.com/,acpconstructioninc.com,+1 561-232-2560,"6555 Powerline Rd #208, Fort Lauderdale, FL 33309, United States",4.7,46,YES,commercial storefront glazing; installs/replaces windows; named window styles; window product line; window replacement/installation; windows & doors,False,high,Impact Windows and Doors installation and replacement in South Florida .,site scrape,YES
EDL Electronic Door Lift / Gate Masters Yes,https://www.edl-gm.com/,edl-gm.com,+1 954-972-9300,"6601 NW 15th Ave, Fort Lauderdale, FL 33309, United States",4.7,273,NO,no window installation or repair signal on site,False,high,,site scrape,NO
Metroplex Door Repair LLC Yes,http://metroplexdoorrepair.llc/,metroplexdoorrepair.llc,+1 469-328-6628,"6611 Lockheed Ave, Dallas, TX 75209, United States",4.6,36,YES,commercial storefront glazing; window replacement/installation,False,high,lutions delivered Commercial and residential project proof Residential Glass High-rise window glass replacement Balcony glass and window panel replacement handled carefully on-site.,site scrape,YES
The Great Curtain Company Yes,https://www.austincurtains.com/,austincurtains.com,+1 512-535-3482,"6611 S MoPac Expy #200a, Austin, TX 78749, United States",4.9,43,NO,window treatments,False,high,"Custom Window Treatments, Shades, Drapery in Austin, TX .",site scrape,NO
Austin Sliding Door and Window Repair Yes,https://austinslidingdoorrepair.com/,austinslidingdoorrepair.com,+1 512-621-5542,"6705 US-290 #502-278, Austin, TX 78735, United States",4.7,43,YES,commercial storefront glazing; named window styles; window product line; window replacement/installation,False,high,Home - Austin Sliding Door and Window Repair - AUSTIN TX .,site scrape,YES
GM Door Window and Screen Yes,https://www.gmdoorwindowandscreen.com/?utm_source=NEXT&utm_medium=Google_website,gmdoorwindowandscreen.com,+1 954-797-0797,"6761 W Sunrise Blvd Unit 7, Plantation, FL 33313, United States",4.2,138,YES,installs/replaces windows; insulated glass unit work; named window styles; window product line; window replacement/installation; windows & doors,False,high,"m’s association office to install Windows and Doors? If the unit owner is responsible for window or door replacement, they will need written approval to replace their entrance doors, windows, and sliding gl",site scrape,YES
Surface Specialists of Austin Yes,http://www.surfacespecialistsaustin.com/,surfacespecialistsaustin.com,+1 512-865-9516,"6808 Branrust Dr, Austin, TX 78744, United States",5,132,YES,window product line; window replacement/installation,False,high,/ Showers / Countertops About Repair Bathtub Repair Shower Repair Countertop Repair Vinyl Window Repair Refinish Bathtub Refinishing Shower Refinishing Countertop Resurfacing Tile Refinishing S,site scrape,YES
MC Tintz Yes,https://www.mctintz.com/,mctintz.com,+1 815-540-0297,"6810 Forest Hills Rd, Loves Park, IL 61111, United States",4.9,340,NO,vehicle glass,True,high,ive pricing and quality materials 2 Front Windows Only 2 Front Windows only to match your rear windows.,site scrape,NO
Shine of Austin The Four Points Yes,https://shine-windowcleaning.com/location/austin-four-points/?utm_source=GMB&utm_medium=organic&utm_campaign=Austin_Four_Points,shine-windowcleaning.com,+1 512-915-0600,"6811 Ranch Rd 620 N, Austin, TX 78732, United States",4.8,57,NO,window cleaning,False,high,"Shine Window Cleaning and Exteriors: Same Curb, More Appeal .",site scrape,NO
Franks Pressure Washing Yes,https://frankspressurewashing.com/,frankspressurewashing.com,+1 512-883-2456,"6812 Hanover Ln, Austin, TX 78723, United States",5,33,NO,window cleaning,False,high,"Franks Pressure Washing | Austin, TX .",site scrape,NO
Fast Glass Guys Yes,http://fastglassguys.com/,fastglassguys.com,+1 954-969-9888,"6874 NW 20th Ave, Fort Lauderdale, FL 33309, United States",4.9,80,YES,Window glass repair and replacement in homes and commercial storefronts; storefront door/system replacement,False,high,"fastglassguys.com/window-repair/ and /glass-repair-fort-lauderdale/ — 'They specialize in commercial storefront and residential windows. They service, repair & replace most commercial door & storefront systems'; 'glass repair and replacement in windows, sliding glass doors, tabletops, skylights'.",web search (round 2),UNREACHABLE
Impact Hail Solutions Yes,https://impacthail.com/,impacthail.com,+1 469-498-2150,"6901 Maple Ave, Dallas, TX 75235, United States",5,32,NO,no window installation or repair signal on site,False,high,,site scrape,NO
LV Design & Build Yes,https://lvbuild.com/,lvbuild.com,+1 512-669-8838,"6901 Villita Cove, Austin, TX 78741, United States",4.9,36,YES,insulated glass unit work,False,high,LV Build and Design handles everything from interior reconfigurations to full home updates.,site scrape,YES
Austin Glass & Doors Yes,https://austin-glass.ueniweb.com/?utm_campaign=gmb,austin-glass.ueniweb.com,+1 512-618-1305,"6903 Granger Dr, Austin, TX 78744, United States",2.3,233,YES,commercial storefront glazing,False,high,Austin Glass & Doors | Glazier in Austin .,site scrape,YES
Final Draft Construction Yes,http://finaldc.com/,finaldc.com,+1 512-559-7777,"6905 Beauford Dr, Austin, TX 78750, United States",5,105,YES,windows & doors,False,high,"CALL NOW Windows & Doors Premium Solutions Contact Us Austin, Texas Info@Finaldc.",site scrape,YES
Azaz auto glass and tinting Yes,https://azazautoaustin.com/,azazautoaustin.com,+1 512-825-7430,"6907 Windrift Way, Austin, TX 78745, United States",4.9,492,NO,vehicle glass only,True,high,Azaz Auto Glass .,site scrape,NO
J&J Home Maintenance LLC Yes,https://jjhomesmaintenance.com/,jjhomesmaintenance.com,+1 779-335-4133,"6914 Forest Hills Rd A, Loves Park, IL 61111, United States",0,0,YES,Door and window installation; installs vinyl windows,False,medium,"jjhomesmaintenance.com — 'a wide range of home renovations from interior painting, floor installation, drywall repairs and installing, door and window installation, kitchen cabinets, countertops and more'; 'The company also installs vinyl windows'.",web search (round 2),UNREACHABLE
JCAB Enterprises - Impact Windows & Doors Yes,https://jcabinc.com/,jcabinc.com,+1 954-288-4798,"700 NE 40th Ct, Oakland Park, FL 33334, United States",4.9,70,YES,named window styles; window product line; window replacement/installation; windows & doors,False,high,"Privacy Policy Sitemap Accessibility Statement Impact Window Installation, Miami-Dade, FL | JCAB Enterprises .",site scrape,YES
Foggy Window Repair Yes,https://www.foggywindowrepair.com/,foggywindowrepair.com,+1 972-693-6449,"700 Redbird Dr, Irving, TX 75061, United States",4.4,149,YES,installs/replaces windows; insulated glass unit work; named window styles; pane glazing work; replacement windows; window product line; window replacement/installation,False,high,Best Rated Foggy Window Repair Dallas TX .,site scrape,YES
Revival Restoration ATX Yes,https://www.revivalrestorationatx.com/,revivalrestorationatx.com,+1 737-204-1475,"7009 Woodhue Dr B, Austin, TX 78745, United States",5,379,NO,window cleaning,False,high,Austin relies on Revival Restoration ATX for professional pressure washing services.,site scrape,NO
AutoGlass Rehab Yes,https://www.myautoglassrehab.com/?utm_campaign=gmb,myautoglassrehab.com,+1 214-393-5972,"701 Commerce St, Dallas, TX 75202, United States",4.7,250,NO,vehicle glass,True,high,Auto Glass Repair Dallas TX | AutoGlass Rehab .,site scrape,NO
Southern Star Mobile Auto Glass Specialist Austin Yes,https://southernstarautoglassspecialist.com/austin/,southernstarautoglassspecialist.com,+1 737-352-5241,"701 Driskill St, Austin, TX 78701, United States",0,0,NO,vehicle glass only,True,high,"Southern Star Mobile Auto Glass Specialist — Premier Auto Glass Shop in Dallas, TX .",site scrape,NO
FastFrame & The Westlake Gallery Yes,https://fastframewestlake.com/?utm_source=google&utm_medium=local&utm_campaign=gmb,fastframewestlake.com,+1 512-306-0999,"701 S Capital of Texas Hwy Ste D-460, Austin, TX 78746, United States",4.8,92,NO,Custom picture framing and art gallery,False,high,"fastframewestlake.com/services/ — 'designing and building custom picture frames for the Greater Austin area since 1999'; canvas stretching, shadow boxes, printing. Nothing to do with building windows.",web search (round 2),UNREACHABLE
Ideal Siding Austin Yes,https://idealsiding.com/us/locations/siding-austin/,idealsiding.com,+1 737-259-6365,"701 Tillery St #12, Austin, TX 78702, United States",5,31,NO,window cleaning,False,high,al Siding Painting Metal Siding Blog Siding Vinyl Painting Vinyl Siding Blog Siding Vinyl Power Washing Vinyl Siding Aluminum Blog Siding Removing and Reinstalling Aluminum Siding Blog Sidin,site scrape,NO
Thrive Outdoor Solutions of Austin Yes,https://www.thriveoutdoorsolutions.com/,thriveoutdoorsolutions.com,+1 877-317-1914,"701 Tillery St #12, Austin, TX 78702, United States",4.9,141,NO,no window installation or repair signal on site,False,high,,site scrape,NO
Reclamation Design Studio Yes,https://reclamationatx.com/,reclamationatx.com,+1 720-299-5906,"701 Tillery St, Austin, TX 78702, United States",5,35,NO,no window installation or repair signal on site,False,high,,site scrape,NO
Austin Window and Door Yes,https://austinwindowanddoor.com/,austinwindowanddoor.com,+1 844-578-3096,"701 Tillery St, Austin, TX 78702, United States",4.2,5,YES,name states window installation/replacement/doors,False,medium,,name/review keywords,UNKNOWN
Window Solar Screens Yes,https://www.windowsolarscreenss.com/,windowsolarscreenss.com,+1 214-482-3098,"7010 Benning Ave, Dallas, TX 75227, United States",5,16,NO,window tint/film; window treatments,False,high,Window solar screens provides you with a very high screen quality material .,site scrape,NO
GP Drapery Yes,http://www.gpdrapery.com/,gpdrapery.com,+1 214-856-8482,"7015 Twin Hills Ave #145, Dallas, TX 75231, United States",4.7,13,NO,window treatments,False,high,Custom Window Treatments & Drapery Solutions | GP Drapery .,site scrape,NO
Excellence Appliance Repair Yes,https://excellenceappliancerepair.com/austin/,excellenceappliancerepair.com,+1 512-548-2059,"7035 Bee Caves Rd Ste 102, Austin, TX 78746, United States",5,254,NO,no window installation or repair signal on site,False,high,,site scrape,NO
LOA Construction and Austin Roofing Yes,https://www.loaconstruction.com/austin/?utm_campaign=gmb&utm_medium=organic&utm_source=gmblisting,loaconstruction.com,+1 512-375-3654,"706 W Ben White Blvd Ste 200B, Austin, TX 78704, United States",5,991,YES,commercial storefront glazing; installs/replaces windows; named window styles; pane glazing work; replacement windows; window product line; window replacement/installation,False,high,The siding and window installation team at LOA Construction offers same-day estimates and work scheduled within a week.,site scrape,YES
Austin Auto Glass Yes,https://www.austinautoglasstexas.com/,austinautoglasstexas.com,+1 512-523-5512,"7103 Meador Ave, Austin, TX 78752, United States",4.6,21,NO,vehicle glass,True,high,"Austin Auto Glass Repair & Replacement Austin Auto Glass Texas Austin, Texas .",site scrape,NO
Alamo Glass Yes,https://www.alamoaustin.com/,alamoaustin.com,+1 512-452-5731,"7123 N Lamar Blvd, Austin, TX 78752, United States",4.7,326,YES,building glass replacement; commercial storefront glazing; insulated glass unit work; pane glazing work; window product line; window replacement/installation,False,high,"day 8:00 am – 4:30 pm Sat – Sun Closed © 2025 Alamo Glass | Sitemap | Privacy Share by: Window Glass Replacement in Austin TX | Fast, Affordable Window Glass Repair .",site scrape,YES
Midwest Seamless Gutters and Siding Yes,https://www.midwestseamlessguttersandsiding.com/,midwestseamlessguttersandsiding.com,+1 815-708-8113,"7194 Vandiver Rd, Rockford, IL 61112, United States",4.7,306,YES,commercial storefront glazing; installs/replaces windows; replacement windows; window product line; window replacement/installation,False,high,"older_footer_reserve5}} {{placeholder_footer_reserve6}} {{placeholder_footer_reserve7}} Window Installation and Repair Services | Rockford, IL .",site scrape,YES
Texas Window Store of Austin Yes,https://www.texaswindowstore.com/austin/,texaswindowstore.com,+1 512-360-0612,"720 S Bell Blvd Bldg 7D, Cedar Park, TX 78613, United States",4.9,60,YES,"Replacement window installation (Pella, Marvin, Provia, NT); explicitly does NOT do glass-only replacement or window repair",False,high,"texaswindowstore.com — 'They specialize in providing hassle-free window replacement services for homes in the Austin and surrounding areas'; 'Replacement Windows, Window Replacement, Exterior Door replacements, French Doors, Sliding Glass Doors'.",web search (round 2),UNKNOWN
Apex Windows & Glass Yes,https://apexwindowstx.com/,apexwindowstx.com,+1 214-263-3008,"7200 W University Dr, McKinney, TX 75071, United States",5,61,YES,broken window glass; building glass replacement; commercial storefront glazing; insulated glass unit work; named window styles; pane glazing work; window product line; window replacement/installation,False,high,Window Replacement in Dallas-Fort Worth | Apex Windows .,site scrape,YES
JDM Sliding Door & Window Repair Yes,https://slidingdoorrepairft.com/broward,slidingdoorrepairft.com,+1 954-689-2155,"721 NE 3rd Ave, Fort Lauderdale, FL 33304, United States",4.9,617,YES,commercial storefront glazing; installs/replaces windows; insulated glass unit work; named window styles; pane glazing work; replacement windows; window product line; window replacement/installation; windows & doors,False,high,tomatic Door Repair Storefront Door Repair ADA Door Repair Window & Glass Services Impact Window Installation Leaking Door & Window Repair View All Services Locations Florida Miami-Dade County Browar,site scrape,YES
Radio Window Co. Yes,https://radiowindow.com/,radiowindow.com,+1 888-265-8205,"7210 E State St Ste 102, Rockford, IL 61108, United States",5,2,YES,installs/replaces windows; insulated glass unit work; named window styles; window product line; window replacement/installation,False,high,"restoration,aluminum-clad wood windows,storm-exposed windows,sash replacement,full-frame window replacement,window documentation,custom window systems .",site scrape,YES
Surface Solutions - Commercial Window Cleaning Services Yes,https://surfacesolutionstx.com/,surfacesolutionstx.com,+1 512-926-7000,"7212 McNeil Dr Ste 205, Austin, TX 78729, United States",5,502,NO,window cleaning,False,high,Worry Free Commercial Building Window Cleaning - 40 Years .,site scrape,NO
Capitol City Tint / Mobile Service Yes,http://austintz.com/,austintz.com,+1 512-865-9703,"730 Gunter St, Austin, TX 78702, United States",4.7,4717,NO,Mobile automotive window tinting,False,high,"Search result for the domain: 'Austintz.com - Mobile Auto Window Tinting in Austin, TX' — 'a mobile auto window tinting service in Austin, TX... expert technicians bring top-quality window tinting solutions directly to your location'. Tint only.",web search (round 2),UNKNOWN
Elevate Windows Yes,https://www.goelevatewindows.com/,goelevatewindows.com,+1 480-934-0840,"7301 N 16th St Ste 102, Phoenix, AZ 85020, United States",4.9,94,YES,installs/replaces windows; named window styles; pane glazing work; replacement windows; window product line; window replacement/installation; windows & doors,False,high,"goelevatewindows.com | Upgrade Your Windows Today . Professional window and door replacements with energy-efficient options, lifetime warranty, and customizable solutions to enhance",site scrape,YES
Sliding Door Repair Dallas Yes,https://slidingdoorsrepairdallas.com/,slidingdoorsrepairdallas.com,+1 346-353-2018,"7315 Gaston Ave, Dallas, TX 75214, United States",5,7,YES,window replacement/installation,False,high,placement Pocket Door Repair Screen Door Repair Glass Door Replacement Pocket Door Repair Window Installation Glass Door Replacement Glass Door Replacement Glass Door Replacement Glass Door Replaceme,site scrape,YES
787 Construction Yes,http://www.787construction.com/,787construction.com,+1 512-240-6738,"7415 Southwest Pkwy Bldg 6 Ste 500, Austin, TX 78735, United States",5,110,NO,no window installation or repair signal on site,False,high,,site scrape,NO
Pecos Builders Yes,https://pecosbuilders.com/,pecosbuilders.com,+1 512-766-5564,"7415 Southwest Pkwy, Austin, TX 78735, United States",5,9,UNRESOLVED,"Home remodeling contractor — kitchen, bath, whole-home remodels",False,low,"pecosbuilders.com / Yelp — 'multi-room remodels, kitchen remodels, bathroom remodels, basement remodels, whole home remodels, attic remodels'. Two searches surfaced no window installation or replaceme",web search - no usable evidence,UNREACHABLE
Torres Window Tint (Mobile service) Yes,https://torreswindowtinttx.com/,torreswindowtinttx.com,+1 214-469-6265,"7423 Cortland Ave, Dallas, TX 75235, United States",4.9,87,NO,"Mobile window tinting, PPF and ceramic coating",False,high,"Directory listings: 'professional window tinting, paint protection film, and ceramic coatings for auto, commercial, and residential applications' — film only",web research (earlier pass),UNREACHABLE
Ivory Maids Yes,http://ivorymaids.com/,ivorymaids.com,+1 214-833-8822,"7425 La Vista Dr, Dallas, TX 75214, United States",5,20,NO,no window installation or repair signal on site,False,high,,site scrape,NO
MOE'S TIRES & AUTO REPAIR Yes,http://moeautorepair.com/,moeautorepair.com,+1 682-557-1846,"7458 S Lancaster Rd, Dallas, TX 75241, United States",4.8,502,NO,no window installation or repair signal on site,False,high,,site scrape,NO
Elite Roofing LLC Yes,https://www.eliteroofpro.com/areas-we-serve/leading-roofer-in-austin,eliteroofpro.com,+1 512-379-7663,"7500 Rialto Blvd #250, Austin, TX 78735, United States",4.9,287,NO,Residential and commercial roofing contractor (GAF Master Elite),False,medium,"eliteroofpro.com/services/ — 'repair, replacement, storm damage assessment, inspection, or routine roof maintenance'; 'specializing in residential, commercial and roof repair'. Two searches found roofing only.",web search (round 2),UNKNOWN
Mr. Handyman of South Austin/Lakeway Yes,https://www.mrhandyman.com/south-austin-lakeway/?cid=LSTL_MHM000197&utm_source=gmb&utm_campaign=local&utm_medium=organic,mrhandyman.com,+1 512-456-3443,"7509 Menchaca Rd Unit 104, Austin, TX 78745, United States",4.9,264,YES,commercial storefront glazing; installs/replaces windows; named window styles; pane glazing work; replacement windows; window product line; window replacement/installation; windows & doors,False,high,stallation and Replacement Exhaust Fan Cleaning Exterior Repair Gutter Guard Installation Window Frame Repair Window and Door Weatherproofing Chimney Repair and Service Debris Removal Gutter Installa,site scrape,YES
Amazin tints Yes,http://www.amazintints.com/,amazintints.com,+1 754-307-4233,"751 NW 57th St Unit 1, Fort Lauderdale, FL 33309, United States",4.9,62,NO,window tint/film,False,high,Fort Lauderdale Window Tinting Service | Amazin Tints .,site scrape,NO
GreenTex Home Improvement Yes,https://greentexwindows.com/,greentexwindows.com,+1 512-900-5946,"751 Silver Creek Dr, Leander, TX 78641, United States",5,44,YES,Window and door replacement/installation (incl. metal windows),False,high,greentexwindows.com/replacement-windows/ — 'GreenTex Home Improvement specializes in home remodeling projects including window and door replacement; exterior siding replacement; and wet area/bathroom remodeling'; BBB category 'Replacement Windows'.,web search (round 2),UNKNOWN
Tony's painting and remodeling Llc Yes,http://www.tonyspaintingandremodelingllc.com/,tonyspaintingandremodelingllc.com,+1 214-815-8085,"7544 Marietta Ln, Dallas, TX 75241, United States",4.9,111,NO,Painting and remodeling contractor,False,medium,"tonyspaintingandremodelingllc.com listings — texture, tape & bed, stain, sheetrock, lap siding, interior/exterior painting, wallpaper, specialty painting, trim, tile. No windows.",web research (earlier pass),UNKNOWN
Greenline Remodeling Yes,https://greenlineremodeling.com/,greenlineremodeling.com,+1 954-840-8844,"760 NW 7th Terrace, Fort Lauderdale, FL 33311, United States",5,167,YES,Impact window and impact door installation,False,high,"greenlineremodeling.com/services/impact-windows-installation-in-fort-lauderdale/ — 'Greenline Remodeling offers expert impact window installation in Fort Lauderdale, FL'; protects 'your home or business'.",web search (round 2),UNKNOWN
Window Genie of W Austin San Marcos and Dripping Springs Yes,https://www.windowgenie.com/west-austin/?cid=LSTL_WDG000206&utm_source=gmb&utm_campaign=local&utm_medium=organic,windowgenie.com,+1 512-649-7288,"7600 Burnet Rd, Austin, TX 78757, United States",4.8,401,NO,window cleaning; window tint/film; window treatments,False,high,"Window Genie provides professional window cleaning services plus window tinting, pressure washing, gutter cleaning, & holiday lighting.",site scrape,NO
Affluent Contractors Yes,http://www.affluentcontractors.com/,affluentcontractors.com,+1 512-299-0102,"7600 Chevy Chase Dr Bldg 2 suite 300, Austin, TX 78752, United States",3.9,14,YES,named window styles; window product line; window replacement/installation; windows & doors,False,high,extdoor Copyright © 2018- 2026 Affluent Contractors | All Rights Reserved Privacy Policy Window Replacement in Texas | Affluent Contractors .,site scrape,YES
Arcadia Texas Inc. Yes,http://arcadiainc.com/,arcadiainc.com,+1 469-210-8245,"7601 Ambassador Row #102, Dallas, TX 75247, United States",4.4,449,YES,commercial storefront glazing; insulated glass unit work; named window styles; window product line,False,high,t Door Hardware Column 3 Windows Fixed – Projecting Hung Sliding Acoustic Ballistic Blast Impact Window Hardware & Accessories Column 4 Further Information Arcadia Product Brochures Request A Q,site scrape,YES
Amy's Home Services Yes,https://www.facebook.com/Amys-janitorial-services-1057382640944478/,facebook.com,+1 512-653-4582,"7601 Daffan Ln #125, Austin, TX 78724, United States",4.3,35,YES,Stocks windows and provides framing and installation services including window and door installations,False,medium,"Oak Cliff Building Materials services page: 'Their extensive inventory includes lumber, sheathing, roofing products, windows, and more. They also provide professional framing and installation services, including window and door installations'; sells 'to contractors, builders and homeowners'",web research (earlier pass),SOCIAL_ONLY
Arizona Window & Door Store Yes,https://azwds.com/?utm_source=google&utm_medium=organic&utm_campaign=gbp,azwds.com,+1 480-450-1953,"7625 E Redfield Rd #400, Scottsdale, AZ 85260, United States",4.9,1312,YES,name states window installation/replacement/doors,False,medium,,name/review keywords,UNKNOWN
Austin's Custom Tops Yes,http://www.austinscustomtops.com/,austinscustomtops.com,+1 512-501-5750,"7700 State Hwy 71 #130, Austin, TX 78735, United States",5,25,NO,Granite/quartz countertop fabrication and installation,False,high,"austinscustomtops.com/services — 'They measure, fabricate and install custom stone countertops, including quartz, granite, marble'; backsplash and countertop work only.",web search (round 2),UNREACHABLE
Power Home Remodeling Yes,https://powerhrg.com/,powerhrg.com,+1 512-961-4491,"7701 Metropolis Dr Bldg 12 suite 300, Austin, TX 78744, United States",4.5,2223,YES,"Replacement window installation (energy-efficient, heat-reflective glass)",False,high,"powerhrg.com/services/windows/ — 'Window Replacement and Installation'; 'America's largest exterior remodeler, offering expert home remodeling services including windows, roofing, siding, doors'.",web search (round 2),UNREACHABLE
Septic Squad Yes,https://septicsquad.com/?utm_source=google&utm_medium=organic&utm_campaign=gbp,septicsquad.com,+1 737-289-4333,"7710 Rialto Blvd, Austin, TX 78735, United States",5,278,YES,insulated glass unit work,False,high,Domingo Rodriguez was a gentleman from his first greeting to his finishing of his job.,site scrape,YES
DFW Window Film Inc Yes,https://www.dfwwindowfilm.com/,dfwwindowfilm.com,+1 214-888-3456,"7712 Meadowhaven Dr, Dallas, TX 75254, United States",5,109,NO,window tint/film,False,high,DFW Window Film .,site scrape,NO
Homeva Yes,http://www.thehomeva.com/,thehomeva.com,+1 512-253-2283,"7727 Burnet Rd, Austin, TX 78757, United States",5,31,NO,window treatments,False,high,"Luxury smart home automation in Austin, TX featuring custom lighting, motorized shades, and intelligent home systems.",site scrape,NO
Supreme Garage Door Repair Yes,https://www.supremegaragedoortx.com/,supremegaragedoortx.com,+1 214-915-0384,"7765 El Pensador Dr, Dallas, TX 75248, United States",4.9,698,YES,insulated glass unit work,False,high,"reventive inspections can identify loose hardware, worn rollers, cable damage, spring fatigue, poor balance, sensor problems, and opener strain before they cause a sudden breakdown.",site scrape,YES
Sunsational Solutions Yes,http://sunsationalsolutions.com/,sunsationalsolutions.com,+1 512-246-8468,"7801 N Lamar Blvd c63, Austin, TX 78752, United States",4.9,41,YES,window replacement/installation; windows & doors,False,high,"Window Film Installation - Austin, San Antonio, Dallas TX | Sunsational Solutions - Sunsational Solutions .",site scrape,YES
TJ Window & Door Repair Yes,https://tjwindowrepair.com/?utm_source=omg-gbp&utm_medium=webclick,tjwindowrepair.com,+1 954-765-6316,"784 NE 44th St, Oakland Park, FL 33334, United States",4.9,69,YES,installs/replaces windows; named window styles; window product line; window replacement/installation; windows & doors,False,high,"We’re a fully licensed and insured service provider, offering top-notch window installation, door repair, and glass installation services.",site scrape,YES
Super Car Audio and Tint Yes,http://supercaraudio.com/,supercaraudio.com,+1 214-398-8885,"7900 S Great Trinity Forest Way, Dallas, TX 75217, United States",4.8,455,YES,installs/replaces windows; window product line; window replacement/installation,True,high,"packages, T-style radios, speakers, subwoofers and amplifiers, or schedule car audio and window tint installation in Dallas, TX.",site scrape,YES
April Building Services Yes,https://aprilservices.com/,aprilservices.com,+1 214-630-7215,"7929 Brookriver Dr Ste. 325, Dallas, TX 75247, United States",3.8,12,NO,window cleaning,False,high,"Premier commercial window cleaning, waterproofing, and restoration provider in Dallas, Ft.",site scrape,NO
Clarity Windows and Doors Yes,http://www.claritywindows.com/,claritywindows.com,+1 972-393-3991,"800 Freeport Pkwy #150, Coppell, TX 75019, United States",4.9,580,YES,installs/replaces windows; insulated glass unit work; named window styles; replacement windows; window product line; window replacement/installation; windows & doors,False,high,Top-Quality Window and Door Replacement Services in North Texas Replacing your windows and doors is a big decision.,site scrape,YES
Wise Glass Yes,https://wiseglassllc.net/near-me/plano-tx-glass-shower-doors/?utm_source=gmb&utm_medium=referral,wiseglassllc.net,+1 945-322-4706,"800 Fulgham Rd Suite 5, Plano, TX 75093, United States",5,101,NO,Custom frameless shower door company (4 DFW showrooms),False,high,"wiseglassllc.net — ""Frameless Shower Doors DFW""; ""designs, fabricates, and installs custom shower doors, glass partition walls, custom mirrors, steam shower enclosures, glass railings, and wine cellar enclosures"". No window glass work.",web research (earlier pass),UNKNOWN
Foster Windows and Doors Yes,https://fosterwindowsanddoors.com/,fosterwindowsanddoors.com,+1 954-566-6524,"800 NE 26th St, Wilton Manors, FL 33305, United States",3.5,17,YES,commercial storefront glazing; installs/replaces windows; named window styles; replacement windows; window product line; window replacement/installation; windows & doors,False,high,Trendsetting windows installation services tailored to your needs.,site scrape,YES
Glass Doctor of Fort Lauderdale Yes,https://glassdoctor.com/fort-lauderdale?cid=LSTL_MGD000191&utm_source=gmb&utm_campaign=local&utm_medium=organic,glassdoctor.com,+1 954-302-7909,"800 NE 45th St Bldg A, Oakland Park, FL 33334, United States",4.7,747,YES,broken window glass; building glass replacement; commercial storefront glazing; installs/replaces windows; insulated glass unit work; named window styles; pane glazing work; replacement windows; window product line; window replacement/installation; windows & doors,True,high,ss Doctor Window and Door Services Window and Door Services back Window and Door Services Window Glass Repair and Replacement Window Installation and Replacement Patio Door Installation and Repair Wi,site scrape,YES
Pella Doors and Windows of Phoenix Yes,https://www.pella.com/locations/az/phoenix/?utm_source=google&utm_medium=organic&utm_campaign=gbp,pella.com,+1 480-571-6199,"801 South 75th Avenue Ste 100, Phoenix, AZ 85043, United States",4.1,33,YES,installs/replaces windows; insulated glass unit work; named window styles; pane glazing work; replacement windows; window product line; window replacement/installation; windows & doors,False,high,ow Inspiration By Color By Style By Room By Shape All Window Inspiration Window Resources Window Education Window Replacement Before & After Projects Ratings & Reviews Features & Options Window DIY Doors keyboard_ar,site scrape,YES
Austin Roofing Company Yes,https://austinroofingcompany.com/,austinroofingcompany.com,+1 512-640-2658,"807 Brazos St #403, Austin, TX 78701, United States",5,62,NO,no window installation or repair signal on site,False,high,,site scrape,NO
Everglade Screen and Window Yes,https://evergladescreenandwindow.com/,evergladescreenandwindow.com,+1 954-371-0498,"807 NE 4th Ave, Fort Lauderdale, FL 33304, United States",4.9,101,YES,window product line; window replacement/installation; windows & doors,False,high,Everglade Screen and Window provides screen enclosure installation and hurricane impact window and door installation for residents in South Florida.,site scrape,YES
Closet Factory Yes,https://www.closetfactory.com/locations/austin/?utm_source=google&utm_medium=organic&utm_campaign=google_business_profile&utm_content=austin_tx,closetfactory.com,+1 512-541-1314,"8112 Ferguson Cutoff, Austin, TX 78724, United States",4.8,88,NO,no window installation or repair signal on site,False,high,,site scrape,NO
Pro Tech Construction Inc Yes,https://protechconst.net/,protechconst.net,+1 512-720-8303,"812 Farm to Market 1626, Austin, TX 78748, United States",4.7,83,YES,commercial storefront glazing,False,high,"Limewash works well on homes, storefronts, and large-scale commercial exteriors.",site scrape,YES
Texas Doors and Windows Yes,http://www.txdoorsandwindows.com/,txdoorsandwindows.com,+1 512-912-6898,"812 Tradesmens Park Loop, Hutto, TX 78634, United States",4.7,25,YES,installs/replaces windows; insulated glass unit work; replacement windows; window product line; window replacement/installation; windows & doors,False,high,"s and Windows - Serving Georgetown, TX - Offering premier hand crafted door installation, window installation and door repair.",site scrape,YES
Don Young Co Yes,http://www.dycwindows.com/,dycwindows.com,+1 214-630-0934,"8181 Ambassador Row, Dallas, TX 75247, United States",4.2,60,YES,installs/replaces windows; named window styles; window product line; windows & doors,False,high,"Premium, climate-engineered aluminum and vinyl windows and doors, American-made since 1978.",site scrape,YES
Tintxpress Mobile Tinting Yes,http://tintxpress.square.site/,tintxpress.square.site,+1 512-695-8983,"8201 Cross Park Dr, Austin, TX 78754, United States",4.8,41,NO,window tint/film only,False,medium,,name/review keywords,UNKNOWN
Valencia Remodeling and Construction Yes,http://www.valenciaremodeling.com/,valenciaremodeling.com,+1 469-656-5402,"8204 Elmbrook Dr #205, Dallas, TX 75247, United States",4.9,35,YES,window product line; windows & doors,False,high,""" Carolyn D Arlington, TX ""I got a great deal on new windows.",site scrape,YES
Tableaux Architectural Panels Yes,https://tableaux.com/,tableaux.com,+1 512-926-6346,"8212 Bagby Dr, Austin, TX 78724, United States",5,51,NO,Manufacturer of custom decorative grilles and architectural panels (window treatments/decor),False,high,"tableaux.com — 'America's leading designer and manufacturer of custom made-to-order decorative grilles for residential and commercial decor'; applications include 'Window Decor & Treatments'. Window coverings/decor, not window installation.",web search (round 2),UNKNOWN
Austinstx.com Yes,https://austinstx.com/,austinstx.com,+1 512-865-9703,"8216 Georgian Dr, Austin, TX 78753, United States",4.6,4621,NO,vehicle glass,True,high,rience. REQUEST A QUOTE What We Specialize In OUR SERVICES REQUEST A QUOTE WINDOW TINTING WINDSHIELD REPAIR WINDSHIELD REPLACEMENT CAR AUDIO INSTALLATION CAR ALARMS FAST SERVICE Recent Vehic,site scrape,NO
Austin Roofing Company & Handyman Yes,https://austinlocalroofing.com/,austinlocalroofing.com,+1 512-259-5265,"823 Congress Ave Ste 300, Austin, TX 78701, United States",4.9,48,NO,no window installation or repair signal on site,False,high,,site scrape,NO
Custom Sounds & Tint - Burnet Rd Yes,https://www.customsounds.com/locations/8241-burnet-rd-austin-tx-78757,customsounds.com,+1 512-380-1444,"8241 Burnet Rd, Austin, TX 78757, United States",4,398,NO,Car audio / mobile electronics and automotive window tint,False,high,"Same chain and domain as #80 and #107. customsounds.com — window tint, car audio, alarms, remote start. Tint only.",web search (round 2),UNREACHABLE
Luxury Auto Works Yes,https://luxuryautoworks.com/location-austin/?utm_campaign=gmb&utm_medium=organic&utm_source=google,luxuryautoworks.com,+1 512-881-8376,"8300 N Lamar Blvd #100, Austin, TX 78753, United States",4.7,861,NO,vehicle glass,True,high,ce 4-Wheel Alignment ABS Light Diagnosis ABS Repair AC Compressor Replacement AC Recharge ADAS Calibration Air Filter Replacement Airbag Light Diagnosis Alternator Replacement Annual S,site scrape,NO
Alside Yes,https://www.alside.com/,alside.com,+1 512-926-6249,"8301 Springdale Rd Ste 100, Austin, TX 78724, United States",4.1,28,YES,installs/replaces windows; insulated glass unit work; named window styles; replacement windows; window product line; window replacement/installation,False,high,tive Accents Exterior Accents Home > Products > Windows & Patio Doors > Vinyl Replacement Windows Vinyl Replacement Windows Vinyl replacement windows have emerged as a popular choice for homeowners seeking,site scrape,YES
All City Cleaning Yes,https://verdesolutions.squarespace.com/,verdesolutions.squarespace.com,+1 737-291-5208,"8303 Cedar Elm Trail, Austin, TX 78735, United States",5,2,NO,Residential and commercial cleaning service,False,high,"verdesolutions.squarespace.com — 'One Call Cleans It All! No job too big or too small', 'Cleaning to make your home move in ready'. Cleaning only.",web search (round 2),UNREACHABLE
7 Stars European Auto Yes,https://7starseuropeanauto.com/,7starseuropeanauto.com,+1 214-242-9420,"8330 Harry Hines Blvd, Dallas, TX 75235, United States",5,48,NO,no window installation or repair signal on site,False,high,,site scrape,NO
Green Bear Solutions Yes,https://www.greenbearsolutions.com/,greenbearsolutions.com,+1 888-455-4220,"8330 Lyndon B Johnson Fwy #500, Dallas, TX 75243, United States",4.5,46,NO,no window installation or repair signal on site,False,high,,site scrape,NO
Blue Hammer Roofing Yes,https://bluehammerroofing.com/areas-served/dallas/?utm_campaign=gmb&utm_medium=organic&utm_source=google,bluehammerroofing.com,+1 469-564-8357,"8330 Lyndon B Johnson Fwy B604, Dallas, TX 75243, United States",4.9,1307,NO,no window installation or repair signal on site,False,high,,site scrape,NO
JUST ROOF GENERAL CONTRACTORS LLC Yes,https://roofremodelingsolution.com/,roofremodelingsolution.com,+1 469-797-6747,"8330 Lyndon B Johnson Fwy Ste 678, Dallas, TX 75243, United States",4.8,77,NO,no window installation or repair signal on site,False,high,,site scrape,NO
The Sliding Door Company Fort Lauderdale *Appointments Recommended* Yes,https://www.slidingdoorco.com/ft-lauderdale/,slidingdoorco.com,+1 954-923-7504,"850 NE 13th St A, Fort Lauderdale, FL 33304, United States",4.9,67,YES,window product line,False,high,ents. SUBMIT Call Now: 888.988.5033 Get a Quote BACK TO TOP LOCATIONS CATALOGS opens in a new window DESIGN YOUR OWN FINANCING Facebook-f Instagram Youtube X-twitter Linkedin-in Pinterest PR,site scrape,LIKELY
Mr. Electric of Dallas Yes,https://www.mrelectricdallas.com/,mrelectricdallas.com,+1 469-634-0316,"8500 N Stemmons Fwy Suite #3024, Dallas, TX 75247, United States",4.8,1396,YES,insulated glass unit work,False,high,We don't send out technicians who need to figure things out as they go.,site scrape,YES
North Face Exterior Yes,https://northfaceexterior.com/,northfaceexterior.com,+1 512-893-8354,"8600 N FM 620 Ste.2845, Austin, TX 78726, United States",5,52,NO,no window installation or repair signal on site,False,high,,site scrape,NO
Tint World Yes,http://www.tintworld.com/locations/tx/austin-043/,tintworld.com,+1 512-593-5000,"8605 Burnet Rd STE 200, Austin, TX 78757, United States",4.8,665,NO,window tint/film; window treatments,False,high,Tint World | Automotive Services & Window Tinting Centers .,site scrape,NO
PeakLine Siding Yes,https://peaklinesiding.repair/,peaklinesiding.repair,+1 512-982-9819,"8605 Cureton Cove, Austin, TX 78747, United States",5,2,NO,no window installation or repair signal on site,False,high,,site scrape,NO
Revive Film Solutions Yes,https://www.revivefilmsolutions.com/?utm_source=google&utm_medium=wix_google_business_profile&utm_campaign=2737260200148339736,revivefilmsolutions.com,+1 972-803-6048,"8607 Ambassador Row Ste 170a, Dallas, TX 75247, United States",5,4,YES,commercial storefront glazing,False,high,rformance Enhance architectural aesthetics 03 Interactive Retail Displays Create engaging storefront experiences Switch between transparent product showcases and opaque promotional displays,site scrape,YES
ARS / Rescue Rooter Yes,https://www.ars.com/austin?utm_source=google&utm_medium=gbp&utm_campaign=local_seo&utm_content=gbp_website_click,ars.com,+1 254-434-2444,"8619 Wall St Ste 600, Austin, TX 78754, United States",4.4,5192,NO,no window installation or repair signal on site,False,high,,site scrape,NO
Epic Septic of Austin Yes,https://www.epicseptic.com/,epicseptic.com,+1 877-771-3742,"8626 Old Bee Caves Rd Unit A, Austin, TX 78735, United States",5,217,YES,insulated glass unit work,False,high,"04 Expert Installation Services Excavation, precise tank placement, drainfield configuration, and every connection dialed in.",site scrape,YES
Door Outlet Yes,http://www.dooroutlet.biz/,dooroutlet.biz,+1 512-551-2904,"8701 Research Blvd, Austin, TX 78758, United States",4.1,79,NO,no window installation or repair signal on site,False,high,,site scrape,NO
Austin Film Solutions Yes,https://www.austinfilmsolutions.com/,austinfilmsolutions.com,+1 737-610-4426,"8711 Burnet Rd Ste B33, Austin, TX 78757, United States",5,58,NO,window tint/film,False,high,utions . Austin Film Solutions Skip to Content Open Menu Close Menu Paint Protection Film Window Tint Ceramic Coating Tesla Home Window Tint Events Contact About Us AFS Shop Gallery 0 0 Get Q,site scrape,NO
Capitol Company Yes,http://www.capitolcompany.com/,capitolcompany.com,+1 512-836-9654,"8723 N Lamar Blvd, Austin, TX 78753, United States",4.9,111,NO,no window installation or repair signal on site,False,high,,site scrape,NO
Gerber Collision & Glass Yes,https://www.gerbercollision.com/locations/dallas-king-george-dr-tx?utm_source=SEO_Local&utm_medium=SEO_Local_Snack_Pack&utm_campaign=TX&utm_content=Dallas-King-George,gerbercollision.com,+1 214-396-8510,"8730 King George Dr, Dallas, TX 75235, United States",4.1,119,NO,vehicle glass only,True,high,Collision Repair / Auto Glass | Gerber Collision & Glass .,site scrape,NO
Legacy Exteriors Yes,https://www.legacyexteriors.com/,legacyexteriors.com,+1 817-751-4460,"8801 Davis Blvd Ste 2E, Keller, TX 76248, United States",4.9,63,YES,installs/replaces windows; pane glazing work; replacement windows; window product line; window replacement/installation,False,high,Window Replacement DFW: Upgrade Your Old Drafty Windows!,site scrape,YES
Solar Screens by Josh Yes,https://solarscreensbyjosh.info/,solarscreensbyjosh.info,+1 512-876-8102,"8803 Tallwood Dr, Austin, TX 78759, United States",5,56,NO,window tint/film; window treatments,False,high,Our Austin solar screens will shade your windows to keep your home cooler from the sun.,site scrape,NO
Thermal Windows Yes,http://www.thermalwindowsdfw.com/,thermalwindowsdfw.com,+1 214-630-5885,"8808 Empress Row, Dallas, TX 75247, United States",4.6,122,YES,installs/replaces windows; named window styles; replacement windows; window product line; window replacement/installation; windows & doors,False,high,"minum & Fiberglass Windows and Doors in Dallas, Fort Worth TX – Thermal Windows . Thermal Windows offer vinyl replacement windows, thermal aluminum replacement windows, & fiberglass replacement windows and doors",site scrape,YES
A+ Renovations Yes,https://aplusrenovations.org/,aplusrenovations.org,+1 512-351-8360,"8818 Shoal Creek Blvd, Austin, TX 78757, United States",4.5,31,NO,no window installation or repair signal on site,False,high,,site scrape,NO
Alamo Austin Air Conditioning & Heating Yes,https://www.alamoaustinair.com/?utm_source=google+business+listing&utm_medium=organic&utm_campaign=click+to+website,alamoaustinair.com,+1 512-537-0108,"8819 Jim Davis Pl, Austin, TX 78736, United States",5,1190,NO,no window installation or repair signal on site,False,high,,site scrape,NO
Jacobs Low Price Auto Glass Yes,https://lowpriceautoglass49.com/,lowpriceautoglass49.com,+1 214-372-9300,"8835 S Central Expy, Dallas, TX 75241, United States",4.8,750,NO,vehicle glass,True,high,Windshield Replacement in Dallas | Low Price Auto Glass .,site scrape,NO
Total Home Technologies Yes,https://www.totalhometx.com/,totalhometx.com,+1 512-991-0567,"8900 Shoal Creek Blvd Ste 111, Austin, TX 78757, United States",4.9,9,NO,window treatments,False,high,"ensive solutions redefine modern living by seamlessly integrating audio, video, automatic blinds and motorized shades, home automation, home theaters, home networking, smart lighting, an",site scrape,NO
Shades Austin Yes,https://www.shadesaustin.com/,shadesaustin.com,+1 512-991-2024,"8900 Shoal Creek Blvd Ste 111, Austin, TX 78757, United States",5,10,YES,named window styles,False,high,Discover Our Shades & Awnings for Every Space .,site scrape,LIKELY
JP Exteriors Yes,https://jpexteriorstx.com/?utm_source=googlebusinessprofile&utm_medium=organic&promo=gbp,jpexteriorstx.com,+1 512-960-3191,"8906 Wall St #201, Austin, TX 78754, United States",4.9,619,YES,installs/replaces windows; insulated glass unit work; named window styles; pane glazing work; replacement windows; window product line; window replacement/installation; windows & doors,False,high,mes Hardie Siding Siding Replacement Costs Soffits & Fascia Windows Doors Windows & Doors Windows Window Replacement Window Styles Window Installation Cost of Window Replacement Andersen Windows Pella Windo,site scrape,YES
Miracle Method Surface Refinishing Yes,https://www.miraclemethod.com/austin?utm_source=gmb&utm_medium=organic,miraclemethod.com,+1 512-588-5693,"8906 Wall St #501, Austin, TX 78754, United States",4.9,394,NO,no window installation or repair signal on site,False,high,,site scrape,NO
Accurate Auto Glass Yes,http://pflugervillecarwindows.com/,pflugervillecarwindows.com,+1 512-961-9432,"8906 Wall St Ste 807, Austin, TX 78754, United States",5,2,NO,Mobile auto glass / windshield repair and replacement,False,high,"Listings for pflugervillecarwindows.com (8906 Wall St, Austin) — 'windshield services including repair and replacement... mobile windshield repair services'. Vehicle glass only.",web search (round 2),UNREACHABLE
Chip Happens Windshield Repair Yes,http://chiphappensatx.com/,chiphappensatx.com,+1 737-326-3477,"8912 Schick Rd A, Austin, TX 78729, United States",5,15,NO,vehicle glass only,True,high,Chip Happens Windshield Repair | Windshield replacement austin .,site scrape,NO
Tiny Homes ATX Yes,https://www.tinyhomesatx.com/,tinyhomesatx.com,+1 737-208-1055,"8925 FM973, Austin, TX 78719, United States",5,16,NO,no window installation or repair signal on site,False,high,,site scrape,NO
AAPEX Garage Door Repair Services Yes,https://aapexgaterepair.com/,aapexgaterepair.com,+1 469-573-1089,"8985 Vantage Point Dr, Dallas, TX 75243, United States",4.7,57,NO,no window installation or repair signal on site,False,high,,site scrape,NO
Builders Bargain Yes,http://www.builders-bargain.com/,builders-bargain.com,+1 954-522-1900,"900 NE 3rd Ave, Fort Lauderdale, FL 33304, United States",4.2,245,YES,commercial storefront glazing; insulated glass unit work; named window styles; window product line; windows & doors,False,high,"surance premiums, giving homeowners peace of mind during storms or everyday use. Durable, Energy-Efficient Windows and Doors for Every Home In addition to enhancing the beauty and safety of your home, ins",site scrape,YES
Affordable Impact Windows Fort Lauderdale Yes,https://www.affordableimpactwindowsfl.com/,affordableimpactwindowsfl.com,+1 954-564-7375,"900 NE 3rd Ave, Fort Lauderdale, FL 33304, United States",4.6,4619,YES,window product line; windows & doors,True,high,"Impact Windows – Fort Lauderdale, FL – Affordable Impact Windows Fort Lauderdale .",site scrape,YES
Atrium Windows & Doors - Cornerstone Building Brands Yes,http://www.atrium.com/,atrium.com,+1 800-846-9556,"9001 Ambassador Row, Dallas, TX 75247, United States",3.9,91,YES,installs/replaces windows; named window styles; replacement windows; window product line; windows & doors,False,high,"rs | Manufacturer of Vinyl Windows and Patio Doors . Atrium manufactures energy efficient replacement windows, new-construction windows and patio doors designed to increase the comfort and beauty of",site scrape,YES
Ply Gem - Cornerstone Building Brands Yes,http://www.plygem.com/,plygem.com,+1 888-975-9436,"9001 Ambassador Row, Dallas, TX 75247, United States",1.6,54,YES,installs/replaces windows; insulated glass unit work; named window styles; replacement windows; window product line; window replacement/installation; windows & doors,False,high,Series 200 Vinyl Sliding Window Feature Sheet West Pro Series 700 Vinyl Casement & Awning Window Feature Sheet Installation Guides 1500 Series Mulling Instructions Beveled Frame 1500 Series Screen Kit Field Instal,site scrape,YES
Ross Revival Yes,https://rossrevival.com/,rossrevival.com,+1 469-212-0722,"9007 San Benito Way, Dallas, TX 75218, United States",0,0,YES,installs/replaces windows; pane glazing work; reglazing; replacement windows; window product line; window replacement/installation,False,high,s Outrageous Energy Costs Street Noise Inconsistent Temperatures Throughout The Year FULL WINDOW REPLACEMENT ISN’T YOUR ONLY OPTION!,site scrape,YES
Enso Homes Yes,https://ensohomes.com/,ensohomes.com,+1 512-888-7000,"9010 Circle Dr, Austin, TX 78736, United States",5,27,YES,windows & doors,False,high,"e whose backyard finally caught up: a shou sugi ban deck and fence, black steel windows and doors, the pool resurfaced in black stone, and prairie grass where irrigation used to be.",site scrape,YES
ABC Home & Commercial Services Yes,https://www.abchomeandcommercial.com/austin/lawn-service/landscaping-design,abchomeandcommercial.com,+1 512-220-7705,"9016 Old Manor Rd, Austin, TX 78724, United States",4.9,876,YES,window product line,False,high,Awards & Expertise Opens in a new window.,site scrape,LIKELY
HG&Co Home Improvement Yes,https://hgcompany.net/,hgcompany.net,+1 214-660-7663,"9019 Garland Rd, Dallas, TX 75218, United States",5,86,NO,no window installation or repair signal on site,False,high,,site scrape,NO
RSJ Window Tint Yes,http://rsjwindowtint.com/,rsjwindowtint.com,+1 469-855-7636,"902 S Peak St Ste c, Dallas, TX 75223, United States",4.9,123,NO,window tint/film,True,high,"#1 Window Tint Shop in Dallas Texas | Auto, Residential, & Commercial .",site scrape,NO
OnCall Home and Commercial Services Yes,http://www.oncallaustin.com/,oncallaustin.com,+1 512-703-7302,"9029 Research Blvd #500, Austin, TX 78758, United States",5,22,NO,no window installation or repair signal on site,False,high,,site scrape,NO
BrightWing Custom Exteriors Yes,http://www.brightwingcustom.com/,brightwingcustom.com,+1 512-323-0124,"9086 Jollyville Rd, Austin, TX 78759, United States",5,36,YES,installs/replaces windows; replacement windows; window product line; window replacement/installation; windows & doors,False,high,"nstallation to create a custom Hardie-Plank installation for your home. Learn More Austin Window Replacement & Installation If you are considering upgrading your windows to a modern, energy-efficien",site scrape,YES
Lakewood Window Cleaning Yes,https://lakewoodwindowcleaning.com/,lakewoodwindowcleaning.com,+1 214-223-8846,"9105 Westglen Dr, Dallas, TX 75228, United States",4.8,163,NO,window cleaning,False,high,Lakewood Window Cleaning: Professional Window Cleaning Services in Dallas .,site scrape,NO
Smart Home Exteriors Yes,http://www.smarthomeexteriors.com/,smarthomeexteriors.com,+1 779-210-4096,"915 S Alpine Rd, Rockford, IL 61108, United States",4.6,4655,YES,installs/replaces windows; insulated glass unit work; named window styles; pane glazing work; replacement windows; window product line; window replacement/installation; windows & doors,False,high,"Licensed Iowa contractor for roof replacement, siding, and window installation across Polk and Dallas counties.",site scrape,YES
Arrow Glass and Mirror Yes,https://glassgang.com/,glassgang.com,+1 512-339-4888,"9201 Brown Ln Suite 280, Austin, TX 78754, United States",4.3,33,YES,building glass replacement; commercial storefront glazing; window product line; window replacement/installation; windows & doors,False,high,"hower Enclosures to Insulated Window Glass See what we have to offer Custom Glass Showers Window Glass Replacement Mirrors and Vanity Glass Commercial Glass & Glazing Ground up construction, Remodel/Renov",site scrape,YES
The Front Door Company Yes,https://thefrontdoorco.com/,thefrontdoorco.com,+1 512-459-9034,"9222 Burnet Rd #104, Austin, TX 78758, United States",4.7,126,NO,no window installation or repair signal on site,False,high,,site scrape,NO
Quality Screen Co. Yes,https://www.qualitywindowscreen.com/,qualitywindowscreen.com,+1 469-342-1365,"9259 King Arthur Dr, Dallas, TX 75247, United States",3.9,46,YES,installs/replaces windows; replacement windows; window product line; window replacement/installation,False,high,Window Screen Replacements - Quality Screen Company .,site scrape,YES
Ideal Property Solutions Yes,https://www.ipsroofs.com/,ipsroofs.com,+1 815-597-0707,"929 S Alpine Rd #201, Rockford, IL 61108, United States",4.9,296,YES,installs/replaces windows; replacement windows; window product line; window replacement/installation,False,high,"We provide professional window replacement, repair, and installation to homeowners in Rockford and the surrounding area.",site scrape,YES
Prestige auto repairs & tires Fort Lauderdale Yes,https://www.prestige.tires/,prestige.tires,+1 954-562-8045,"930 NE 4th Ave, Fort Lauderdale, FL 33304, United States",4.9,134,NO,Auto repair and tire shop,False,high,"prestige.tires/fort-lauderdale-fl/ — 'oil changes, brake repair and replacement, wheel alignment, tire services, battery replacement, A/C inspection and recharge, transmission service'. No glass or window work at all.",web search (round 2),UNREACHABLE
All Nation Restoration Yes,https://www.allnationrestoration.com/?utm_source=GMB,allnationrestoration.com,+1 512-540-8434,"9301 US-290 Ste 104, Austin, TX 78736, United States",4.9,267,NO,window cleaning; window tint/film; window treatments,False,high,"al Fire Damage Demolition Dumpster Rentals Equipment Rentals Biohazard Cleanup Commercial Pressure Washing Other Message Send Your Trusted Provider for Water Restoration, Mold Remediation, and",site scrape,NO
CUSTOM SECURITY DOORS / AAA CUSTOM WINDOWS Yes,https://customsecuritydoorsandwindows.com/,customsecuritydoorsandwindows.com,+1 214-340-0078,"9310 Forest Ln #206, Dallas, TX 75243, United States",4.7,18,YES,installs/replaces windows; insulated glass unit work; pane glazing work; replacement windows; window product line; window replacement/installation,False,high,ors Patio Doors Aluminum Storm Doors Entry Doors Steel Entry Doors Fiberglass Entry Doors WINDOWS Replacement Windows Vinyl Replacement Windows Aluminum Replacement Windows Storm Windows FOLDING GATE,site scrape,YES
Burglar Bars in Dallas Yes,https://www.burglarbarsindallas.com/,burglarbarsindallas.com,+1 214-340-0078,"9310 Forest Ln #206, Dallas, TX 75243, United States",4.5,4,YES,installs/replaces windows; insulated glass unit work; pane glazing work; replacement windows; window product line; window replacement/installation,False,high,ors Patio Doors Aluminum Storm Doors Entry Doors Steel Entry Doors Fiberglass Entry Doors WINDOWS Replacement Windows Vinyl Replacement Windows Aluminum Replacement Windows Storm Windows FOLDING GATE,site scrape,YES
Westlake Power Washing Yes,https://westlakepowerwashing.com/,westlakepowerwashing.com,+1 512-280-1649,"9313 Circle Dr Suite A, Austin, TX 78736, United States",4.9,210,NO,window cleaning,False,high,"Westlake Power Washing | Pressure Washing Austin, TX .",site scrape,NO
Exclusive Windows & Doors Yes,http://www.exclusivewindowsanddoors.com/,exclusivewindowsanddoors.com,+1 512-341-9282,"9324 Neils Thompson Dr, Austin, TX 78758, United States",4.6,11,YES,insulated glass unit work; window product line; windows & doors,False,high,"lient aluminum cladding, or any number of various species of wood inside & out, we have a wood window for every home.",site scrape,YES
Woodruff Windows Yes,https://woodruffwindows.com/location/garland-texas/,woodruffwindows.com,+1 214-390-9426,"9330 Lyndon B Johnson Fwy #900, Dallas, TX 75243, United States",5,5,YES,installs/replaces windows; insulated glass unit work; named window styles; pane glazing work; replacement windows; window product line; window replacement/installation; windows & doors,False,high,Get expert window and door replacement in McKinney TX and surrounding areas.,site scrape,YES
Window Film Depot - Home & Commercial Window Tint Yes,https://www.windowfilmdepot.com/locations/texas/dallas-fort-worth/,windowfilmdepot.com,+1 469-607-1480,"9330 Lyndon B Johnson Fwy #900, Dallas, TX 75243, United States",5,3,YES,commercial storefront glazing; window product line; window replacement/installation; windows & doors,False,high,3M™ Window Film Installation Company | Commercial Window Film & Tinting .,site scrape,YES
T Rock Roofing & Contracting Yes,https://www.dallasroofer.com/,dallasroofer.com,+1 469-931-9867,"9330 Lyndon B Johnson Fwy #900, Dallas, TX 75243, United States",4.9,806,YES,insulated glass unit work; window replacement/installation,False,high,"handled all of my repairs from our tornado damage including damaged shingle replacement, window pane replacement, iron fence repair, exterior painting, and gutter install!",site scrape,YES
Main Autoglass LLC Yes,https://www.mainautoglass.com/,mainautoglass.com,+1 512-698-2931,"937 Reinli St Ste 17, Austin, TX 78751, United States",4.2,60,NO,vehicle glass only,True,high,Home | Main Auto Glass LLC .,site scrape,NO
Sunn Window Cleaning Co Yes,https://www.sunnwindowcleaning.com/,sunnwindowcleaning.com,+1 512-444-5505,"937 Reinli St, Austin, TX 78751, United States",3,2,NO,window cleaning/washing,False,medium,,name/review keywords,UNKNOWN
Champion Replacement Windows of Austin Yes,https://www.championwindow.com/Austin/?utm_source=google&utm_medium=organic&utm_campaign=gmb_austin_localpage,championwindow.com,+1 512-961-8895,"9402 Business Dr, Austin, TX 78758, United States",4.2,94,YES,installs/replaces windows; insulated glass unit work; named window styles; replacement windows; window product line; window replacement/installation; windows & doors,False,high,"oms, Doors & Siding | Champion Windows . Champion Windows and Home Exteriors | Your local window replacement company | Our replacement windows are built in the USA, backed by an industry-leading lim",site scrape,YES
Austin Custom Screens Yes,https://www.austinscreenshop.com/,austinscreenshop.com,+1 512-837-7081,"9407 Brown Ln, Austin, TX 78754, United States",4.8,26,NO,window tint/film,False,high,fect custom screen solution for your home or business. Our Services Hinge & Sliding Doors Solar Screens Patio Screen Enclosures Storm Doors & Windows Glass Doors Go to our Gallery Frame Colors,site scrape,NO
The Window Source of Austin Yes,https://www.windowsourceaustin.com/,windowsourceaustin.com,+1 512-524-9455,"9415 Burnet Rd Ste 309A, Austin, TX 78758, United States",5,0,YES,installs/replaces windows; insulated glass unit work; named window styles; pane glazing work; replacement windows; window product line; window replacement/installation,False,high,Financing Resources Contact Us Menu Request a Quote Top Quality Free Consultation The #1 Window Replacement Company in Austin Schedule Your Free Home Assessment First Name Last Name Email Phone Sen,site scrape,YES
Austin sign depot Yes,https://austinsigndepotusa.com/,austinsigndepotusa.com,+1 512-835-7446,"9421 Burnet Rd # A, Austin, TX 78758, United States",5,62,YES,commercial storefront glazing,False,high,"From storefronts to banners, we ensure your brand stands out in the open.",site scrape,YES
Pebblestone Homes Yes,http://www.pebblestonehomes.com/,pebblestonehomes.com,+1 469-426-7839,"9460 Waterview Rd, Dallas, TX 75218, United States",5,19,NO,no window installation or repair signal on site,False,high,,site scrape,NO
ABC Home & Commercial - HVAC Services Department Yes,https://www.abchomeandcommercial.com/austin/hvac-repair?utm_source=gmb&utm_medium=organic&utm_campaign=aus-hvac,abchomeandcommercial.com,+1 512-220-7668,"9475 US-290, Austin, TX 78724, United States",4.9,996,YES,window product line,False,high,Awards & Expertise Opens in a new window.,site scrape,LIKELY
ABC Home & Commercial Services - Pest Control Department Yes,https://www.abchomeandcommercial.com/austin/pest-control?utm_source=gmb&utm_medium=organic&utm_campaign=austin-pest,abchomeandcommercial.com,+1 512-837-9500,"9475 US-290, Austin, TX 78724, United States",4.8,5140,YES,window product line,False,high,Awards & Expertise Opens in a new window.,site scrape,LIKELY
Sterling Construction Yes,https://sterlingconstruction.com/,sterlingconstruction.com,+1 954-668-0245,"951 NW 35th Ct, Oakland Park, FL 33309, United States",4.3,13,YES,installs/replaces windows; replacement windows; window product line; window replacement/installation; windows & doors,False,high,"We are a family-owned and operated business specializing in impact window and door installations and replacements for residential, commercial, and high-rise properties.",site scrape,YES
A1 Gutters Cleaning & Services Yes,http://a1gutterscleaningservices.com/,a1gutterscleaningservices.com,+1 972-882-6108,"9550 Forest Ln Ste 717b, Dallas, TX 75243, United States",5,4,NO,"Gutter cleaning, installation and repair",False,high,"a1gutterscleaning.com — 'A1 Gutters specializes in installing, repairing and cleaning seamless gutters... for both residential and commercial properties'. Gutters only.",web search (round 2),UNREACHABLE
Luma Exteriors Yes,https://lumaexteriors.com/,lumaexteriors.com,+1 512-201-1818,"9600 Escarpment Blvd Ste 745-27, Austin, TX 78749, United States",5,29,YES,installs/replaces windows; pane glazing work; window product line; window replacement/installation; windows & doors,False,high,"terior Remodeling | Austin, Texas Skip to main content Show submenu for Services Services Window Replacement Door Replacement Siding Installation Roofing Gutter Installation Design Services About Us Blog Open main n",site scrape,YES
Strategic Air Services Yes,https://strategicairservices.com/?utm_source=google&utm_medium=organic&utm_campaign=local,strategicairservices.com,+1 512-253-4773,"9600 US-290, Austin, TX 78736, United States",5,586,NO,HVAC contractor (residential and commercial),False,high,"strategicairservices.com/about-us/ — 'AC installation, AC repair, heating installation, heating repair, duct cleaning, thermostat installation, indoor air quality'. No window services.",web search (round 2),UNKNOWN
Austin Hi-Tech Restoration Yes,http://www.austinhi-tech.com/?utm_source=google&utm_medium=gbp,austinhi-tech.com,+1 737-677-3763,"9601 Dessau Rd Bldg 2, STE#207, Austin, TX 78754, United States",4.6,136,NO,no window installation or repair signal on site,False,high,,site scrape,NO
Joshhobbs.com Solar Screens Yes,http://www.joshhobbs.com/,joshhobbs.com,+1 512-351-5762,"9603 Saunders Ln B-1A, Austin, TX 78758, United States",5,171,NO,window cleaning; window tint/film; window treatments,False,high,"ant: High, Does Not Show Dirt Longevity: 20+ Years Washable: Easily with any detergent or pressure washer Durability: Can Not tear (rip) it with your bare hands Pet Resistant: Very Well Popular",site scrape,NO
Paradigm Glass Yes,http://paradigmglass.com/,paradigmglass.com,+1 512-743-0207,"9603 Saunders Ln b2, Austin, TX 78758, United States",4.7,31,YES,commercial storefront glazing; installs/replaces windows; replacement windows; window product line; window replacement/installation,False,high,nt Windows Austin OUR SERVICES FREE ESTIMATE — Main Menu — HOME SERVICES - SHOWER DOORS - WINDOW INSTALLATION - REPLACEMENT WINDOWS - SERVICE & REPAIRS - - WINDOW REPAIR - - GLASS REPAIR - SMALL COMM,site scrape,YES
Risner Roofing Yes,https://www.risnerroofing.com/?utm_source=google&utm_medium=organic&utm_campaign=gbp,risnerroofing.com,+1 512-210-1122,"9701 Brown Ln B206, Austin, TX 78754, United States",5,98,NO,"Roofing, siding and gutter contractor",False,medium,"risnerroofing.com and /siding — 'roofing, siding, gutters, and storm restoration'; 'siding, gutters, soffit, and fascia installation'. Two searches found no window service.",web search (round 2),UNREACHABLE
Glass Doctor Home + Business of Austin Yes,https://glassdoctor.com/austin-tx-home-business?cid=LSTL_MGD000191&utm_source=gmb&utm_campaign=local&utm_medium=organic,glassdoctor.com,+1 512-782-8409,"9701 Dessau Rd Ste 805, Austin, TX 78754, United States",4.7,860,YES,broken window glass; building glass replacement; commercial storefront glazing; installs/replaces windows; insulated glass unit work; named window styles; pane glazing work; replacement windows; window product line; window replacement/installation; windows & doors,True,high,ss Doctor Window and Door Services Window and Door Services back Window and Door Services Window Glass Repair and Replacement Window Installation and Replacement Patio Door Installation and Repair Wi,site scrape,YES
Auto Glass Solutions Inc Yes,http://autoglasssolutionsinc.com/,autoglasssolutionsinc.com,+1 512-241-1211,"9705 Burnet Rd #309, Austin, TX 78758, United States",4.8,640,NO,vehicle glass,True,high,Autoglass Solutions Inc - Auto Glass Solutions .,site scrape,NO
Window Tint of Austin / Sun Stoppers Austin Yes,https://windowtintofaustin.com/,windowtintofaustin.com,+1 512-661-6152,"9705 Burnet Rd #501, Austin, TX 78758, United States",4.9,44,NO,window tint/film only,False,medium,,name/review keywords,UNREACHABLE
Accolade Windows & Doors Replacement Yes,http://www.accoladewindows.com/,accoladewindows.com,+1 512-288-8354,"9705 Research Blvd Ste C2, Austin, TX 78759, United States",4.8,174,YES,installs/replaces windows; insulated glass unit work; named window styles; pane glazing work; replacement windows; window product line; window replacement/installation; windows & doors,False,high,Austin Windows & Doors replacement - Window Replacement and doors with ease and save money and energy.,site scrape,YES
No Salesperson Remodeling Yes,https://www.nosalespersonremodeling.com/,nosalespersonremodeling.com,+1 512-844-5858,"9711 Gray Blvd, Austin, TX 78758, United States",5,3,YES,"Window and door sales plus installation (vinyl replacement windows, whole-house in 1-2 days)",False,high,nosalespersonremodeling.com/about/ — 'They specialize in ecommerce window and door sales and installation. Installation is handled by the same local company you purchased from'; blog posts include 'Spring 2026 Guide to Window Replacement in Austin'.,web search (round 2),UNKNOWN
Turbo Tint Yes,https://southaustin.turbotint.com/,southaustin.turbotint.com,+1 512-615-1525,"9711 Menchaca Rd, Austin, TX 78748, United States",4.9,462,NO,window tint/film; window treatments,True,high,South Austin Window Tinting & Paint Protection – Turbo Tint South Austin .,site scrape,NO
Auto Glass Garland Yes,https://autoglassgarland.com/,autoglassgarland.com,+1 214-884-9999,"9837 Walnut St, Dallas, TX 75243, United States",4.7,67,NO,vehicle glass,True,high,Auto Glass Garland 214 884 9999 Glass Repair Service Near Me .,site scrape,NO
Arizona Glass & Door Connection Yes,https://www.azglassconnection.com/,azglassconnection.com,+1 602-375-2000,"9850 N 19th Dr #7, Phoenix, AZ 85021, United States",3.4,45,YES,building glass replacement; commercial storefront glazing; installs/replaces windows; insulated glass unit work; named window styles; replacement windows; window product line; window replacement/installation; windows & doors,False,high,Safety Glass Showcase Glass Sliding Glass Doors Storefront Glass Services Windows Garden windows Home Window Repair Onrate Glass Picture Windows Residential Windows Skylight Repair Weather Damage Window Re,site scrape,YES
Flooring Direct Yes,https://www.flooringdirectdfw.com/?utm_source=gbp,flooringdirectdfw.com,+1 469-949-3873,"9886 Chartwell Dr, Dallas, TX 75243, United States",4.7,773,NO,no window installation or repair signal on site,False,high,,site scrape,NO
Rapid Glass Atx Yes,https://rapidglassatx.com/,rapidglassatx.com,+1 512-222-7369,"9901 N Capital of Texas Hwy #220, Austin, TX 78759, United States",4.9,77,NO,window tint/film; window treatments,False,high,Smart Window Film Austin | Privacy Solutions | Rapid Glass ATX .,site scrape,NO
RainTight General Contracting Yes,http://www.raintight.net/,raintight.net,+1 214-693-6196,"9903 Carnegie Dr, Dallas, TX 75228, United States",4.8,20,NO,no window installation or repair signal on site,False,high,,site scrape,NO
Stellrr Insulation & Spray Foam Yes,https://landing.stellrr.com/,landing.stellrr.com,+1 512-710-2839,"9926 Vikki Terrace, Austin, TX 78736, United States",4.7,99,NO,no window installation or repair signal on site,False,high,,site scrape,NO
Den Defenders Security Doors Yes,https://dendefenders.com/texas/dallas-security-doors/?utm_source=google&utm_medium=gbp&utm_campaign=dallas-security,dendefenders.com,+1 214-814-1374,"9959 Royal Ln Unit 10, Dallas, TX 75231, United States",5,15,NO,no window installation or repair signal on site,False,high,,site scrape,NO
Garage Tec Automatic Gates & Garage Door Repair Yes,https://garagetec.org/,garagetec.org,+1 469-589-1155,"9965 Royal Ln Ste 35, Dallas, TX 75231, United States",5,947,YES,commercial storefront glazing,False,high,"esting. Security Grilles and Rolling Shutters Open-pattern grilles and solid shutters for storefronts, parking garages, malls, and pharmacies, with the ease of operation needed for daily sec",site scrape,YES
Boca Impact Window and Door Yes,https://www.bocaimpactwd.com/?utm_source=google&utm_medium=organic&utm_campaign=GBPListing-Boca-Raton-FL,bocaimpactwd.com,+1 561-556-4539,"Bay 17, 3601 N Dixie Hwy, Boca Raton, FL 33431, United States",5,68,YES,commercial storefront glazing; installs/replaces windows; insulated glass unit work; named window styles; replacement windows; window product line; window replacement/installation; windows & doors,False,high,t An Appointment (561) 556-4539 facebook Instagram rss Home Windows Back Hurricane Impact Windows Replacement Windows Architectural Windows Doors Back Impact Doors Fiberglass Entry Doors French Doors,site scrape,YES
A to Z GC - Home Remodeling Yes,https://atoz-gc.com/,atoz-gc.com,+1 954-280-2848,"BB3, 5933 Ravenswood Rd BB3, Fort Lauderdale, FL 33312, United States",4.3,271,YES,Impact window and door replacement and installation,False,high,atoz-gc.com/impact-windows-and-doors-fort-lauderdale/ — 'A to Z - G.C LLC specializes in replacing and installing impact Windows And Doors in Fort Lauderdale'. Yelp category is 'Windows Installation'.,web search (round 2),UNREACHABLE
"Taroja’s Prime Glass Yes Bliss, Victoria Hills, Bago Aplaya, Talomo, Davao City, 8000 Davao del Sur 0906 249 0862",https://www.facebook.com/share/14gsAoCquU/?mibextid=wwXIfr,facebook.com,,,5,0,YES,Stocks windows and provides framing and installation services including window and door installations,False,medium,"Oak Cliff Building Materials services page: 'Their extensive inventory includes lumber, sheathing, roofing products, windows, and more. They also provide professional framing and installation services, including window and door installations'; sells 'to contractors, builders and homeowners'",web research (earlier pass),SOCIAL_ONLY
Supreme Shades Yes,https://www.supremeshades.com/,supremeshades.com,+1 512-758-2577,"Building 1, 901 S MoPac Expy Ste 300, Austin, TX 78746, United States",4.9,78,NO,blinds/shades/shutters/drapery (window treatments),False,medium,,name/review keywords,UNKNOWN
Glacier glass and mirror Yes,http://glacierglassandmirror.com/,glacierglassandmirror.com,+1 945-268-0721,"Dallas, TX 75243, United States",5,2,YES,building glass replacement; insulated glass unit work; pane glazing work; window replacement/installation,False,high,Professional residential glass and window repair by Glacier Glass and Mirror in the DFW metroplex.,site scrape,YES
Autograph Construction Yes,https://autographconstruction.com/,autographconstruction.com,+1 214-210-0202,"Dallas, TX 75372, United States",4.8,145,NO,no window installation or repair signal on site,False,high,,site scrape,NO
Southern Star Mobile Auto Glass Specialist Dallas Yes,https://southernstarautoglassspecialist.com/,southernstarautoglassspecialist.com,+1 469-498-2244,"HilltopSecurities Tower, 717 N Harwood St #90, Dallas, TX 75201, United States",5,19,NO,vehicle glass only,True,high,"Southern Star Mobile Auto Glass Specialist — Premier Auto Glass Shop in Dallas, TX .",site scrape,NO
Axis Contracting Yes,https://axiscontract.com/?utm_source=google&utm_medium=organic&utm_campaign=gmb-primary-link,axiscontract.com,+1 888-409-0441,"One Court Pl Ste 101, Rockford, IL 61101, United States",4.6,100,NO,no window installation or repair signal on site,False,high,,site scrape,NO
Fx General Contractor Yes,https://fxgeneralcontractor.com/,fxgeneralcontractor.com,+1 682-330-1902,"Petain Ave, Dallas, TX 75227, United States",4.3,7,YES,commercial storefront glazing,False,high,A storefront or office space?,site scrape,YES
"RK Glass and Aluminum Works Yes purok 10, Poblacion, Valencia City, 8709 Bukidnon 0927 579 6033",https://www.facebook.com/RkGlassandAluminumWorks,facebook.com,,,5,2,YES,Stocks windows and provides framing and installation services including window and door installations,False,medium,"Oak Cliff Building Materials services page: 'Their extensive inventory includes lumber, sheathing, roofing products, windows, and more. They also provide professional framing and installation services, including window and door installations'; sells 'to contractors, builders and homeowners'",web research (earlier pass),SOCIAL_ONLY
Ringer Windows Yes,http://ringerwindows.com/?utm_source=GMB&utm_medium=Organic&utm_campaign=Austin,ringerwindows.com,+1 512-309-4624,"Sales Office Only by appointment only, 7901 Cameron Rd Bldg 1 Ste 112, Austin, TX 78754, United States",4,16,YES,installs/replaces windows; insulated glass unit work; named window styles; pane glazing work; replacement windows; window product line; window replacement/installation,False,high,"Our offerings include replacement windows with installation , patio doors , over 70 in-stock window options, and custom sizes .",site scrape,YES
ENG CLEANING SOLUTIONS Yes,http://engcleaningsolutions.com/,engcleaningsolutions.com,+1 512-822-2282,"Sta #2, 7901 Cameron Rd #130a, Austin, TX 78754, United States",5,3,NO,Window cleaning and general cleaning services,False,high,engcleaningsolutions.com / Thumbtack 'window cleaners' listing — 'commercial standard cleaning and window cleaning services'. Cleaning only; explicitly excluded by criteria.,web search (round 2),UNKNOWN
"Waseem doors Yes Tamen merdeka jalan m6, fasa 2, Jln Taman Merdeka, 75350 Melaka, Malaysia +60 11-1622 8673",http://waseemdoors.com/,waseemdoors.com,,,5,4,YES,installs/replaces windows; window replacement/installation,False,high,"Waseem Doors provides professional door installation, window installation, lock installation and repair services in Melaka.",site scrape,YES
independentautoglass.co Yes,https://austinmobileautoglass.com/,austinmobileautoglass.com,+1 512-839-7715,"Texas Ave, Austin, TX 78705, United States",0,0,NO,vehicle glass,True,high,"Independent Auto Glass Offers Auto Glass Services in Austin, TX .",site scrape,NO
Driftwood Steel Co Yes,https://driftwoodsteelco.com/,driftwoodsteelco.com,+1 512-270-1199,"US-290, Austin, TX 78737, United States",5,2,YES,Custom/bespoke steel windows and doors,False,medium,"driftwoodsteelco.com — 'creating bespoke steel doors and windows that reflect the unique character of the community'; directory listing 'Driftwood Steel Co | Window supplier | Austin, Texas'. Google review: 'the best custom steel door and window company in the Austin and Dripping Springs' area. Thei",web search (round 2),UNKNOWN
XLR8 Industries LLC Yes,https://xlr8ind.com/,xlr8ind.com,+1 214-457-2814,"W Kiest Blvd, Dallas, TX 75236, United States",5,5,YES,building glass replacement; commercial storefront glazing; window replacement/installation; windows & doors,False,high,"he issue quickly while maintaining a clean, professional result. Common services include: Window glass replacement Sliding glass door repair Broken or cracked glass panels Commercial glass repair We work",site scrape,YES
Tukuran Glass & Aluminum Supply | Glass Door Installer,,,,,5,501,UNRESOLVED,"glass shop or building contractor, window scope unknown",False,low,"No web presence found. Two searches on the exact name returned only unrelated glass/aluminum suppliers in Malaysia, the US and elsewhere. The source record has no website, phone or address, so there i",web search - no usable evidence,NO_WEBSITE
Lakeland Glass Inc.,,,+1 630-994-6878,,0,0,UNRESOLVED,"Glass / door business (Rockford, IL)",False,low,"The only listing matching the record's phone (630) 994-6878 is yelp.com/biz/lakeland-glass-rockford, categorized 'Door Sales/Installation', Rockford IL 61109, with no service detail and no reviews ind",web search - no usable evidence,NO_WEBSITE
Creative Windows and Doors Inc.,,,+1 305-218-2841,"2421 Marina Bay Dr W suite 13-107, Fort Lauderdale, FL 33312, United States",4.3,3,YES,name states window installation/replacement/doors,False,medium,,name/review keywords,NO_WEBSITE
Affordable Screens & Glass L.L.C.,,,"16238 N FM 620 Ste F-362, Austin, TX 78717, United States","16238 N FM 620 Ste F-362, Austin, TX 78717, United States",4.7,14,YES,"Window glass replacement, foggy/failed insulated unit repair, glazing and bead, 24-hour broken window service (plus solar screens)",False,high,"Yelp 'AFFORDABLE SCREENS & GLASS - Austin, Texas - Windows Installation' and Porch 'Window Replacement & Installation Company' — 'They specialize in window repair and 24-hour emergency broken window service, including glazing and bead, foggy window repair, glass and shower, solar screens and screen ",web search (round 2),NO_WEBSITE
Window Kingdom LLC No,,,+1 888-839-6326,"3010 Lyndon B Johnson Fwy, Dallas, TX 75234, United States",4,302,UNRESOLVED,unknown — one directory tags it a Dallas window supplier,False,low,"Only hit is a directory stub: 'Window Kingdom, LLC - Dallas, Texas' (localshutters.net/Texas/Window-Kingdom-LLC-47246279961/) with the matching 888-839-6326 / LBJ Fwy address. No website, no service d",web search - no usable evidence,NO_WEBSITE
KGK Home Improvements LLC,,,+1 512-998-3678,,1,0,YES,"fiberglass, steel, vinyl and composite window replacement and installation (also doors, siding, carpentry)",False,high,"kgkhomeimprovements.com/windowreplacement — 'KGK Home Improvements, LLC | Windows | Austin Window Replacements'; site copy: 'specializing in affordable high-quality fiberglass, steel, vinyl, and composite window and door replacements and installations'. Houzz service list includes Window Installatio",web search (round 2),NO_WEBSITE
Dependable Window Cleaning Service LLC,,,+1 512-657-7130,,5,4,NO,window cleaning/washing,False,medium,,name/review keywords,NO_WEBSITE
1st Responder Exterior Solutions LLC,,,"1341 W Mockingbird Ln Suit 600W, Dallas, TX 75247, United States","1341 W Mockingbird Ln Suit 600W, Dallas, TX 75247, United States",5,11,YES,"energy-efficient replacement windows offered alongside roofing, siding, gutters",False,medium,"1st Responder Roofing & Exterior Solutions (1341 W Mockingbird Ln, Dallas 75247 — matches) lists 'Exterior Siding and Energy Efficient Windows' among its services, plus insulation, rain gutters, garage doors, stucco (1stresponder-roofing.com).",web search (round 2),NO_WEBSITE
C & A Mobile Auto Glass LLC,,,+1 602-515-3480,"529 W Pima St, Phoenix, AZ 85003, United States",4.1,9,NO,mobile auto glass / windshield replacement,False,high,"BBB profile (Phoenix, ph 602-515-3480 matches): services are 'auto mirror repair, auto window repair, auto mirror replacement, auto window replacement' — vehicles only, no building glass.",web search (round 2),NO_WEBSITE
Clarke's Clear Revival LLC,,,+1 512-906-5413,"9812 Quercia Dr, Austin, TX 78717, United States",5,5027,NO,window cleaning,False,medium,"Birdeye: 'Clarke's Clear Revival, LLC - Home Services in Austin, TX' at 9812 Quercia Dr (matches); reviews describe window cleaning work. No install/replacement content.",web search (round 2),NO_WEBSITE
Window Repair Dallas TX No,,,+1 972-607-4645,"100 Highland Park Village #200, Dallas, TX 75205, United States",0,0,YES,name states window installation/replacement/doors,False,medium,,name/review keywords,NO_WEBSITE
Replacement Windows Austin No,,,"1005 Guadalupe St, Austin, TX 78701, United States","1005 Guadalupe St, Austin, TX 78701, United States",5,0,UNRESOLVED,unknown,False,low,"No listing, profile or site found for a business under this name at 1005 Guadalupe St, Austin. Both searches returned only unrelated Austin window companies (Window Nation, Zen Windows, Window World, ",web search - no usable evidence,NO_WEBSITE
Adame Windows & Doors No,,,+1 214-942-2254,"103 W 9th St, Dallas, TX 75208, United States",3.7,3,YES,name states window installation/replacement/doors,False,medium,,name/review keywords,NO_WEBSITE
Top of the line trim and glass No,,,"10807 Thaxton Rd, Austin, TX 78747, United States","10807 Thaxton Rd, Austin, TX 78747, United States",5,10,NO,auto upholstery / auto trim shop,False,medium,"The business at 10807 Thaxton Rd, Austin 78747 is an auto upholstery shop: Yelp 'TOPS UPHOLSTERY - 10807 Thaxton Rd, Austin, Texas - Auto Upholstery'; cityof.com 'Top of the line trim shop - Auto Upholstery in Austin, TX', ph (512) 552-2200.",web search (round 2),NO_WEBSITE
Brother Window Tint No,,,"11114 N Lamar Blvd C, Austin, TX 78753, United States","11114 N Lamar Blvd C, Austin, TX 78753, United States",4.8,95,NO,window tint/film only,False,medium,,name/review keywords,NO_WEBSITE
Gatewood Aluminum No,,,"1112 22nd St, Rockford, IL 61108, United States","1112 22nd St, Rockford, IL 61108, United States",3.9,8,YES,"storm windows, screens and storm doors; three/four-season room and patio enclosures",False,medium,"IndustryNet/BBB/chamber listings for Gatewood Aluminum, 1112 22nd St, Rockford IL (matches): 'primarily operates in the Screens, Door and Window business… screen doors, screens, storm doors, storm windows, enclosures, rooms, sunrooms, and patios.'",web search (round 2),NO_WEBSITE
Sanders Glazing No,,,"1305 Burns Ave, Dallas, TX 75211, United States","1305 Burns Ave, Dallas, TX 75211, United States",4.6,4614,YES,name states window installation/replacement/doors,False,medium,,name/review keywords,NO_WEBSITE
Dallas Window & Glass No,,,"13520 Vargon St, Dallas, TX 75243, United States","13520 Vargon St, Dallas, TX 75243, United States",3,2,YES,glass and glazing; window glass replacement,False,high,"Procore: 'Dallas Window & Glass is a Specialty Contractor that serves the Dallas, TX area and specializes in Glass and Glazing'; BBB profile category 'Windows'; Birdeye lists it under 'Doors & Windows'; Yelp address 13514 Vargon St (matches 13520 Vargon St).",web search (round 2),NO_WEBSITE
UV MOBILE WINDOW TINT No,,,"15402 Connie St, Austin, TX 78728, United States","15402 Connie St, Austin, TX 78728, United States",0,0,NO,window tint/film only,False,medium,,name/review keywords,NO_WEBSITE
US Window Fashion Supply No,,,"15407 Long Vista Dr, Austin, TX 78728, United States","15407 Long Vista Dr, Austin, TX 78728, United States",5,50908,NO,blinds/shades/shutters/drapery (window treatments),False,medium,,name/review keywords,NO_WEBSITE
PARK WINDOW COVERINGS No,,,+1 214-347-0692,"2101 Cedar Springs Rd Ste 1050, Dallas, TX 75201, United States",5,5048,UNRESOLVED,unknown (name reads 'window coverings' but no listing found to confirm),False,low,"No profile, listing or site found for this business or its 214-347-0692 number; both searches returned only unrelated Dallas blinds/window-treatment firms (Budget Blinds, Universal Window Coverings).",web search - no usable evidence,NO_WEBSITE
Ross Window & Door No,,,,"2101 Ross Ave, Dallas, TX 75201, United States",0,0,YES,name states window installation/replacement/doors,False,medium,,name/review keywords,NO_WEBSITE
Premier Sash & Door Ltd No,,,+1 972-484-3020,"2104 French Settlement Rd, Dallas, TX 75212, United States",1,9,UNRESOLVED,wholesale doors and windows (per D&B/Manta),False,low,"Conflicting: D&B/Manta list 'Premier Sash and Door Ltd, French Settlement Rd, Dallas — Wholesale Doors and Windows since 2000, $5–10M revenue'; friendly.biz and porch.com categorize the same business ",web search - no usable evidence,NO_WEBSITE
Butler Window & Door No,,,+1 214-217-7512,"2231 Butler St, Dallas, TX 75235, United States",0,0,YES,name states window installation/replacement/doors,False,medium,,name/review keywords,NO_WEBSITE
Shoredomub No,,,,"2305 Via Cordova Ct, Austin, TX 78732, United States",0,0,UNRESOLVED,unknown,False,low,"No business of this name found in either search; results were unrelated (Shore Condominiums Austin, Shore Business Solutions). No phone in source data to cross-check.",web search - no usable evidence,NO_WEBSITE
MMC Sliding Windows Repair & Sliding Doors Repair Service of FL No,,,+1 239-457-1325,"259 E Commercial Blvd # A, Lauderdale-By-The-Sea, FL 33308, United States",4.5,11,UNRESOLVED,unknown (name reads sliding window/door repair),False,low,"No listing found for this business or its 239-457-1325 number; both searches returned only other South Florida sliding-door repair companies (SFL Sliding Doors, Sliding Door Repair Pro, JDM).",web search - no usable evidence,NO_WEBSITE
J&J Home Improvements No,,,+1 815-997-4158,"2713 20th St, Rockford, IL 61109, United States",4.3,6,YES,windows & doors replacement as part of remodeling work,False,high,"jandjhomeimprovementsinc.com service list: 'complete remodeling, windows & doors, siding & fascia, drywall & tile, kitchens & bathrooms, plumbing, electrical'; 2713 20th St, Rockford IL and (815) 997-4158 both match.",web search (round 2),NO_WEBSITE
Portella Steel Doors & Windows No,,,+1 214-484-3134,"2727 W Mockingbird Ln, Dallas, TX 75235, United States",2.1,7,YES,"custom thermally-broken steel windows for homes and commercial buildings, sold and specified through its Dallas showroom",False,medium,"portella.com/dallas/custom-steel-windows/ — 'Dallas Custom Business & Commercial Steel Windows'; portella.com/dallas/ lists 2727 W Mockingbird Ln, Dallas 75235 and (214) 484-3134 (both match). Manufacturer selling direct/through dealers rather than a pure installer.",web search (round 2),NO_WEBSITE
Precision tints & more No,,,+1 469-449-2237,"2745 Kavasar Dr, Dallas, TX 75241, United States",5,0,NO,window tinting / film,False,low,"Yelp listing 'PRECISION TINTS - Dallas' exists; all name matches in Dallas are tint/film or auto detail businesses (Precision Auto Detail and Tint, Precision Glass Tinting). No window install/replacement content found. Tint and film are excluded either way.",web search (round 2),NO_WEBSITE
MP GLASS AND ALUMINUM SUPPLY FATIMA BRANCH,,,,,5,2,UNRESOLVED,"unknown (glass/aluminum supply, likely Philippines)",False,low,"No page found for this branch. Nearest name match is a different entity, 'MP Glass & Aluminum Works' (facebook.com/MPGlassArt), which lists sliding window/door installation and storefronts — not confi",web search - no usable evidence,NO_WEBSITE
REOD Construction & Facilities Maintenance No,,,+1 469-537-5318,"3506 McBroom St, Dallas, TX 75212, United States",4.6,13,NO,general construction & facilities maintenance,False,low,"Company service list (thebluebook/homeyou, 3506 McBroom St Dallas, ph 469-537-5318 — matches): 'renovations, roofing, drywall, paint, fence, floor, tile, gutters, concrete, fire & water restoration, decks, kitchen, bathroom, trim, patios and custom builds'. Windows are not among the listed services.",web search (round 2),NO_WEBSITE
DVation Auto Design No,,,,"3601 W Parmer Ln, Austin, TX 78727, United States",1,48404,NO,automotive customization / vehicle window tinting,False,medium,"tintingnearme.com lists 'DVation Auto Design' at 3601 West Parmer Lane, Austin 78727 (matches) under Window Tinting providers; all context is automotive.",web search (round 2),NO_WEBSITE
Able Glass No,,,+1 214-207-4421,"381 Casa Linda Plaza, Dallas, TX 75218, United States",4.8,4818,UNRESOLVED,unknown,False,low,"Nothing found for Able Glass at 381 Casa Linda Plaza, Dallas — Yelp shows a different company, 'AGAPE GLASS', at that exact address. 'Able Glass DFW' (Fort Worth, 817-829-2214) advertises residential,",web search - no usable evidence,NO_WEBSITE
Allco Siding & Window Replacement Contractors No,,,,"3810 Medical Pkwy, Austin, TX 78756, United States",4.7,3,YES,name states window installation/replacement/doors,False,medium,,name/review keywords,NO_WEBSITE
Window Tint Polarizado No,,,+1 214-714-4543,"3932 W Davis St, Dallas, TX 75211, United States",4.4,94,NO,window tint/film only,False,medium,,name/review keywords,NO_WEBSITE
Windows Installation No,,,+1 214-760-4545,"401 Tom Landry Fwy, Dallas, TX 75260, United States",0,0,UNRESOLVED,unknown,False,low,"Generic name; no business listing found at 401 Tom Landry Fwy and no result for the 214-760-4545 number in either search — only large Dallas window companies (Window Nation, Window World, AWS).",web search - no usable evidence,NO_WEBSITE
Window Car- Pancho No,,,,"4215 Parry Ave, Dallas, TX 75223, United States",1,3523,NO,auto glass / windshield shop,False,medium,"4215 Parry Ave, Dallas 75223 (the source address) houses auto glass shops: D&B 'PANCHO'S AUTO GLASS, 4215 Parry Ave Ste A3, Retail-Glass since 2010' and Yelp 'M1 AUTO GLASS SHOP, 4215 Parry Ave — Auto Glass Services'.",web search (round 2),NO_WEBSITE
Emiliani Window Tint No,,,+1 8882000,"4517 Forest Ln, Garland, TX 75042, United States",3.9,8,NO,window tint/film only,False,medium,,name/review keywords,NO_WEBSITE
C&C Remodeling Services No,,,+1 512-563-4134,"5120 E Hwy 71, Del Valle, TX 78617, United States",5,2,UNRESOLVED,remodeling contractor (services not published),False,low,"businessyab has a bare listing: 'C&C Remodeling Services - 5120 E Hwy 71, Del Valle, TX 78617' with the matching (512) 563-4134, but only a generic 2019 customer comment and no service list. Second se",web search - no usable evidence,NO_WEBSITE
Express Window No,,,,"5502 Harry Hines Blvd, Dallas, TX 75235, United States",0,0,UNRESOLVED,unknown,False,low,No business of this name found at 5502 Harry Hines Blvd (that address indexes as a Wendy's). Other 'Express' matches are different companies at different addresses — Window Tint Polarizado Express (10,web search - no usable evidence,NO_WEBSITE
Window tint No,,,+1 737-359-7462,"5804 S Congress Ave, Austin, TX 78745, United States",0,0,NO,window tint/film only,False,medium,,name/review keywords,NO_WEBSITE
Jm's Glass and Aluminum Services,,,,,1,302,UNRESOLVED,glass & aluminum shop (likely Philippines),False,low,"Facebook pages exist under near-identical names ('JM Glass and Aluminum Services', facebook.com/61586580923709; 'JM Glass and Aluminum installation services', Baguio City) but no indexed service descr",web search - no usable evidence,NO_WEBSITE
Infinity Window Doors No,,,+1 234-832-0404,"6301 NW 5th Way, Fort Lauderdale, FL 33309, United States",0,0,YES,hurricane impact windows and doors installation,False,medium,"infinitywindowsfl.com/impact-windows-doors/ and its Fort Lauderdale location page — 'serves South Florida homeowners with impact windows, doors, new roofs and A/Cs'; BBB profile 'Infinity Windows Doors & Roofing Corp', Fort Lauderdale. Note: listed address is 3036 Griffin Rd, not the NW 5th Way addr",web search (round 2),NO_WEBSITE
Texas Screen Medic No,,,+1 512-962-4069,"6712 Broad Brook Dr, Austin, TX 78747, United States",5,6,NO,window screen repair and replacement,False,medium,Yahoo Local/Nextdoor profile (ph 512-962-4069 matches): 'top-notch window screen repair services… from minor tears and holes to complete replacements… screen cleaning and maintenance'. Screens only — excluded per criteria.,web search (round 2),NO_WEBSITE
Arganisetes No,,,,"7610 N Stemmons Fwy, Dallas, TX 75247, United States",0,0,UNRESOLVED,unknown,False,low,"No business of this name found in either search. 7610 N Stemmons Fwy indexes as Brookhollow Place, a multi-tenant office building; no tenant by this name appears.",web search - no usable evidence,NO_WEBSITE
Hunter Auto Performance No,,,+1 214-919-5136,"7801 Villa Cliff Dr, Dallas, TX 75228, United States",4.7,15,NO,auto repair shop,False,high,"hunter-auto-performance.business.site / Birdeye: 'Hunter Auto Performance - Auto Repair Shop in Dallas', 7801 Villa Cliff Dr, (214) 919-5136 — both match. On-site automotive repair, no glass or building work.",web search (round 2),NO_WEBSITE
historic restoration experts No,,,+1 469-493-3709,"9008 San Benito Way, Dallas, TX 75218, United States",3,302,YES,restoration and repair of historic wooden sash windows plus custom-fabricated storm windows,False,high,"Ross Revival (rossrevival.com), formerly Historic Restoration Experts, same (469) 493-3709: 'family business based in East Dallas… specialize in the restoration and repair of pre-1940s wooden sash windows, complemented by custom-fabricated storm windows throughout the DFW Conservation & Historic Dis",web search (round 2),NO_WEBSITE
Rhino Austin LLC No,,,+1 512-374-1008,"916 Springdale Rd Bldg 5, Suite 101, Austin, TX 78702, United States",4.9,4972,UNRESOLVED,metal fabrication,False,low,"Yelp categorizes it 'RHINO AUSTIN - Metal Fabricators'; OpenCorporates/BestCompanyTexas list Rhino Austin, L.L.C., 916 Springdale Rd Ste 101 (matches), ph (512) 374-1008, 'classified as operating in t",web search - no usable evidence,NO_WEBSITE
D a Shade LLC No,,,+1 512-876-4909,"9601 N Interstate Hwy 35, Austin, TX 78753, United States",3.3,46,NO,blinds/shades/shutters/drapery (window treatments),False,medium,,name/review keywords,NO_WEBSITE
DAGUMAN GLASS SHOP,,,,,5,2,UNRESOLVED,unknown (glass shop),False,low,"No page found for this business in either search; results were unrelated (The Glass Shop Dagenham UK, Daum art glass, generic PH aluminium window suppliers). No address or phone in source data.",web search - no usable evidence,NO_WEBSITE
Highway Glass & Aluminum Installation Services,,,,,5,0,UNRESOLVED,unknown (glass & aluminum installer),False,low,"No page found for this business. Name matches returned different companies in other states (Highway Glass Co, Mojave CA; Atlanta Highway Glass, GA). No address or phone in source data to disambiguate.",web search - no usable evidence,NO_WEBSITE
G and J Glass Installation Services,,,,,3.4,347,UNRESOLVED,unknown (glass installer),False,low,"No page found under this exact name; results were other companies (J&G Windows and Glass Corp, Los Angeles; J&J Glass, Lutz FL; GA Glass and Aluminum). No address or phone in source data.",web search - no usable evidence,NO_WEBSITE
Jb Glass & Aluminum Installation & Services,,,,,4,2,UNRESOLVED,"glass & aluminum installer (General Santos City, PH — probable match)",False,low,Facebook 'JB Glass and Aluminum Services | General Santos City' (facebook.com/Jb.glass19/) — described only as 'offering quality and affordable glass installations and services'. Nothing indexed that ,web search - no usable evidence,NO_WEBSITE
New-O glass and aluminum services,,,,,3,302,UNRESOLVED,unknown (glass & aluminum services),False,low,"No page found under this name in either search; results were unrelated (O&K Glass & Aluminum Solutions NY, Ohio Glass & Aluminum, assorted PH glass/aluminum Facebook pages). No address or phone in sou",web search - no usable evidence,NO_WEBSITE
A+ Windows & Doors No,,,+1 602-680-2581,"Phoenix, AZ 85003, United States",5,502,YES,name states window installation/replacement/doors,False,medium,,name/review keywords,NO_WEBSITE
ALUMINUM GLASS FABRICATION & INSTALLATION,,,,,0,0,UNRESOLVED,unknown (generic trade name),False,low,"Name is a generic trade description and no business page matching it was found; both searches returned other fabricators (Hall Aluminum Products, Starglass Aluminum Dallas, assorted PH Facebook shops)",web search - no usable evidence,NO_WEBSITE
Dodong Glass And Aluminum Installer,,,,,5,502,UNRESOLVED,"unknown (glass & aluminum installer, likely PH)",False,low,"No confirmed page. Nearby but distinct matches: 'Dodoy's Aluminum and Glass Installer' (Las Piñas), 'Kiah Glass & Aluminum Services' (@dodong.maaglass), facebook.com/dodongglassworks — none verifiable",web search - no usable evidence,NO_WEBSITE
Doy-Doy Glass Installation And Hollowblocks,,,,,5,2,UNRESOLVED,unknown (glass installation and hollow-block supply),False,low,No business page found in either search — results were generic glass-block installation how-to articles. No address or phone in source data.,web search - no usable evidence,NO_WEBSITE
Zandro Glass And Aluminium Works,,,,,1,0,UNRESOLVED,unknown (glass & aluminium works),False,low,"No page found under this name; results were other companies (Zanoobia Aluminium & Glass Works LLC, LZD Glass and Aluminum Zamboanga, FSC Glass and Aluminum Works). No address or phone in source data.",web search - no usable evidence,NO_WEBSITE
Keron Glass and Aluminum Supply,,,,,5,5,UNRESOLVED,"glass & aluminum supply (Facebook page exists, services not indexed)",False,low,"facebook.com/keronglass/ 'Keron Glass & Aluminum Supply' exists (~2,990 likes) but no service text is indexed; unclear whether it supplies only or also installs. Other results were Kern Glass & Alumin",web search - no usable evidence,NO_WEBSITE
All Clear Here Window Cleaning,,,,,4.9,30,NO,window cleaning/washing,False,medium,,name/review keywords,NO_WEBSITE
jman glass,,,,,0,0,UNRESOLVED,unknown,False,low,"No business found under this name in either search; closest results were JM/J&M glass companies in other states and PH 'JM Glass and Aluminum' Facebook pages, none identifiable as this record. No addr",web search - no usable evidence,NO_WEBSITE
Dallas home exterior,,,,,0,0,YES,replacement window sales and installation (per customer reviews),False,low,"Yelp 'DALLAS HOME EXTERIORS - Plano, Texas - Windows Installation'; HomeAdvisor review: 'a very competitive price quote for window replacement using locally-manufactured windows'. CAUTION: the BBB profile for Dallas Home Exteriors, Inc. (Plano, siding contractor) states the business is out of busine",web search (round 2),NO_WEBSITE
Trim Star Austin,,,,,5,30,NO,custom cabinet maker / trim carpentry,False,medium,trimstaraustin.com — 'Welcome to Trim Star Austin custom cabinet maker'; Nextdoor and Instagram pages carry the same cabinetry/trim positioning. No window work listed.,web search (round 2),NO_WEBSITE
Binky's Window LLC,,,,,0,0,UNRESOLVED,unknown,False,low,"No entity or listing found under this name in either search (results were unrelated 'Binky' businesses — vapes, transport, rabbit boarding). No address or phone in source data.",web search - no usable evidence,NO_WEBSITE
4Family Construction,,,,,5,2,UNRESOLVED,unknown (construction),False,low,"No listing found under this name in either search; results were other contractors (4U Construction & Remodeling, 4 C's Remodeling, 4 R Construction). No address or phone in source data.",web search - no usable evidence,NO_WEBSITE
Builders Window Source Yes,,,+1 208-605-8003,,0,0,YES,name states window installation/replacement/doors,False,medium,,name/review keywords,NO_WEBSITE
Zip Roofing Yes,,,+1 214-200-6008,,5,0,YES,"window repair and replacement, window installation (alongside roofing and siding)",False,high,"Angi/BBB listing for Zip Roofing (Addison TX, contact 214-200-6008 — matches): services include 'residential roofing, commercial roofing, windows repair and replacement, siding repair and replacement, hail damage repair… window installation'; a review notes they 'replaced window screens, cracked gla",web search (round 2),NO_WEBSITE
Window Broker DFW Yes,,,+1 214-225-0816,,5,3,UNRESOLVED,unknown,False,low,"No listing found for this business or its 214-225-0816 number in either search; results were only other DFW window companies (DFW Window Specialist, Window Depot, Window World, Maverick).",web search - no usable evidence,NO_WEBSITE
Dennis Glass & Mirror Yes,,,+1 214-228-8593,,5,3,YES,"repair and replacement of window glass (also shower doors, mirrors, screens)",False,medium,"dennisglassco.com via BBB/Yelp (ph 214-228-8593 matches): 'Since 2000, they've been providing expert repair and replacement of glass windows, walls, and surfaces'; CMac categorizes it under plate-glass/window dealers and Opendi under 'Doors & Windows'.",web search (round 2),NO_WEBSITE
Texas Finest Glass & More LLC Yes,,,+1 214-253-3270,,5,0,YES,"broken window glass replacement, foggy/failed insulated glass, energy-efficient windows, window screens",False,medium,"Nextdoor profile 'Texas Finest - Carrollton, TX' lists 'broken glass replacement, foggy glass solutions, energy-efficient windows, shower glass installation, and window screens'; Facebook page 'Texas Finest For All Your Glass Needs'.",web search (round 2),NO_WEBSITE
Snappy Window Cleaners Yes,,,+1 214-270-5587,,5,22,NO,"window cleaning, gutter cleaning, pressure washing",False,high,"Yelp profile (Dallas 75228, (214) 270-5587 — matches): 'specializes in residential and commercial window cleaning, gutter cleaning and pressure washing', established 2017.",web search (round 2),NO_WEBSITE
Super Cars Auto Glass Yes,,,+1 214-336-6413,,3.3,3,UNRESOLVED,unknown (name reads auto glass),False,low,"No listing found for this business or its 214-336-6413 number in either search; results were other Dallas shops (Super Clear Auto Glass, Super Star Auto Glass, SuperGlass Dallas).",web search - no usable evidence,NO_WEBSITE
Mobile Glass Yes,,,+1 214-382-9105,,4.4,149,NO,mobile auto glass / windshield replacement,False,medium,"Dallas Mobile Glass, 6171 Bandera, Dallas — '(214) 382-9105' matches the source phone; mobileglassco.com: 'mobile windshield replacement… windshield replacement, car window repair, auto glass installations'. Vehicles only.",web search (round 2),NO_WEBSITE
Abbey Rowe Auto Glass of Dallas Yes,,,+1 214-382-9379,,4.4,16,NO,auto glass / windshield replacement,False,high,"abbeyroweautoglass.com (Connecticut Ln, Dallas; (214) 382-9379 matches): 'full service automotive glass repair and windshield replacement company… chip repair, crack repair, window replacement, windshield replacement'. Vehicle glass only.",web search (round 2),NO_WEBSITE
Victory Auto glass Yes,,,+1 214-462-2782,,4.4,7,NO,mobile auto glass repair,False,high,"victoryautoglassdallas.com / Facebook 'Victory AutoGlass, Dallas TX' with (214) 462-2782 (matches): 'free mobile auto glass repair service for all vehicles… repair and replacement for all types of windshields and auto glass'.",web search (round 2),NO_WEBSITE
J Conns Windows & Gutter Cleaning Service Yes,,,+1 214-466-3215,,5,2,NO,window and gutter cleaning,False,medium,"Listing found: 'J conns Windows Cleaning Services, 13545 Flagstone Ln, Dallas, TX 75240, (214) 466-3215' — phone matches the source row. Cleaning service, no install/replacement.",web search (round 2),NO_WEBSITE
Mario's Window Cleaning Yes,,,+1 214-577-1751,,0,0,NO,window cleaning/washing,False,medium,,name/review keywords,NO_WEBSITE
Amazing Glare LLC. Yes,,,+1 214-586-6242,,0,0,UNRESOLVED,unknown,False,low,"Only a corporate-registry stub: bizapedia.com/tx/amazing-glare-llc.html 'AMAZING GLARE LLC in Dallas, TX'. No website, service description or directory category found; the 214-586-6242 number returned",web search - no usable evidence,NO_WEBSITE
jm residential glass Yes,,,+1 214-635-7808,,0,0,UNRESOLVED,unknown,False,low,"No listing found for this business or its 214-635-7808 number. The closest Dallas name match, J&M Glass Company Inc. dba Thermal Windows (8808 Empress Row, 214-630-5885), is a different phone and addr",web search - no usable evidence,NO_WEBSITE
Detail Lounge & Window Tinting Yes,,,+1 214-646-3147,,4.5,2,NO,window tint/film only,False,medium,,name/review keywords,NO_WEBSITE
DFW J&A EXPERT GLASS REPAIRS Yes,,,+1 214-718-8816,,5,52,YES,"window glass repair, window replacement and full window installation; emergency board-ups",False,high,"Yelp 'DFW J&A EXPERT GLASS REPAIRS - 1342 Vermont Ave, Lancaster, Texas - Windows Installation', ph +1 (214) 718-8816 (matches); described as handling 'various glass work and window replacement projects, including emergency temporary fixes and full window installations' for residential and commercia",web search (round 2),NO_WEBSITE
City Renovations Llc Yes,,,+1 214-753-9461,,5,5,NO,residential painting and remodeling,False,low,"Nextdoor/Instagram profile for City Renovations LLC (Eduardo Roblero, (214) 753-9461 — matches): 'floor installation (carpet removal and LVP laying), exterior painting, kitchen repainting, and bathroom remodeling'. Windows are not among the advertised services.",web search (round 2),NO_WEBSITE
RH IMPRESS EXTERIOR CLEANING SOLUTIONS Yes,,,+1 214-791-1944,,5,23,UNRESOLVED,unknown (name reads exterior cleaning),False,low,"No listing found for this business or its 214-791-1944 number in either search; results were unrelated cleaning companies in NJ, DE, UK and Central Texas.",web search - no usable evidence,NO_WEBSITE
Express Autoglass DFW Yes,,,+1 214-815-4866,,5,2,NO,"vehicle/automotive business, no glass or window signal",False,medium,,name/review keywords,NO_WEBSITE
Nc auto glass Yes,,,+1 214-815-8014,,5,0,UNRESOLVED,unknown (name reads auto glass),False,low,"No Dallas listing found for this business or its 214-815-8014 number. The indexed 'NC Auto Glass, LLC' is a Raleigh, North Carolina company (919-608-7199) — a different business.",web search - no usable evidence,NO_WEBSITE
BullDozier Window Service Yes,,,+1 214-861-7679,,0,0,YES,"window installation, window repair and replacement, glass repair, skylights",False,high,"bulldozierwindow.square.site — 'Window Installation & Glass Repair Dallas TX | BullDozier'; Yelp 'BULLDOZIER WINDOW SERVICE - 1725 Arvada De, Richardson, Texas - Windows Installation'; described as doing 'all glass repair, window repair and replacement, and frameless shower installation' for residen",web search (round 2),NO_WEBSITE
Reflections Window Cleaning Yes,,,+1 214-927-2489,,5,68,NO,window cleaning/washing,False,medium,,name/review keywords,NO_WEBSITE
Anchor Windows Yes,,,+1 214-952-1829,,0,0,YES,windows (Dallas-area window business; installation scope not confirmed),False,low,"Nextdoor page 'Anchor Windows - Dallas, TX': family-owned Texas business whose owner 'started as a young boy working for his parents' glass business in South Texas before moving to the Dallas area in the window business'. No site or service list found, and the 214-952-1829 number did not appear.",web search (round 2),NO_WEBSITE
The Glassinator Yes,,,+1 214-960-6730,,5,0,UNRESOLVED,unknown (glass-related),False,low,"A Yelp listing 'THE GLASSINATOR - Dallas, Texas' exists but no category, service description or contact detail is indexed; the second search surfaced no company content at all.",web search - no usable evidence,NO_WEBSITE
K n B Door and Glass Yes,,,+1 219-712-7404,,1,0,UNRESOLVED,unknown (door and glass),False,low,"No listing found for this business or its 219-712-7404 number (Indiana area code). Results were different companies: B&K Glass and Door (Waukesha WI) and K&B Door Co. (Las Vegas NV, garage/commercial ",web search - no usable evidence,NO_WEBSITE
Hart Construction Services Group Yes,,,+1 254-681-0648,,4.4,5,NO,general contracting / fire & water damage restoration,False,low,"BBB profile (Leander TX, (254) 681-0648 — matches) lists 'fire and water damage restoration, general contracting, handyman services, home improvement, drywall, bathroom and kitchen remodels'. Windows are not listed on the BBB service list or in the hartcsg.com copy returned.",web search (round 2),NO_WEBSITE
Prolific Home Pros Yes,,,+1 469-307-6644,,5,5,UNRESOLVED,handyman (per Thumbtack category),False,low,"Only a Thumbtack profile exists — 'Prolific Home Pros | Dallas, TX' under handyman — with no service list indexed; the 469-307-6644 number returned nothing in either search.",web search - no usable evidence,NO_WEBSITE
Premier Washing Solutions Yes,,,+1 469-349-4732,,5,8,NO,exterior/pressure cleaning,False,medium,"Listing for Premier Washing Solutions, 7323 Denton Dr, Dallas 75235, (469) 349-4732 (matches): 'exterior cleaning company… specialize in house, roof, and surface cleanings'; Facebook facebook.com/premierwashingsolutions/.",web search (round 2),NO_WEBSITE
DFW Window Guy LLC Yes,,,+1 469-401-9433,,5,20,YES,window installation and replacement,False,medium,"Yelp 'DFW WINDOW GUY - Dallas, Texas - Windows Installation' (yelp.com/biz/dfw-window-guy-dallas), with reviews praising their window work. Exact 469-401-9433 number not indexed.",web search (round 2),NO_WEBSITE
Los 3 guerreros Yes,,,+1 469-490-4004,,5,2,UNRESOLVED,unknown,False,low,No Dallas business found under this name or its 469-490-4004 number; results were Los 3 Guerreros Mexican restaurants (Houston) and unrelated Guerrero remodeling contractors.,web search - no usable evidence,NO_WEBSITE
North Mesquite Window & Gutter Cleaning Yes,,,+1 469-556-9164,,5,8,NO,window and gutter cleaning,False,high,"Yelp 'NORTH MESQUITE WINDOW & GUTTER CLEANING - 3736 Modlin St, Mesquite, Texas - Window Washing'; contact 'Jonathan at 469-556-9164' (matches). Pricing is per-window cleaning ($7 exterior / $14 in-and-out) and gutter cleaning.",web search (round 2),NO_WEBSITE
Tejeda Glass Solutions Yes,,,+1 469-580-4123,,5,0,UNRESOLVED,unknown (glass),False,low,"No listing found for this business or its 469-580-4123 number in either search; results were other Texas glass companies (Texas Glass Co, Texan Glass, Total Glass Solutions).",web search - no usable evidence,NO_WEBSITE
Veteran Windows and Glass Yes,,,+1 469-614-9600,,5,2,UNRESOLVED,unknown,False,low,"No listing found for this business or its 469-614-9600 number in either search; results were other veteran-owned Texas window firms (Window Source of Houston, Minutemen Glass & Windows, Veteran Home E",web search - no usable evidence,NO_WEBSITE
Scott Shofner Windows & Doors Yes,,,+1 469-628-8345,,4.7,13,YES,name states window installation/replacement/doors,False,medium,,name/review keywords,NO_WEBSITE
Rodeo Glass Yes,,,+1 469-632-2464,,0,0,UNRESOLVED,unknown (glass),False,low,"No Texas business found under this name or its 469-632-2464 number; the only 'Rodeo Glass' indexed is Crockett Rodeo Glass in Rodeo, California.",web search - no usable evidence,NO_WEBSITE
West Love Glass Yes,,,+1 469-737-0671,,5,2,UNRESOLVED,unknown (glass),False,low,"A Facebook page titled 'West Love Glass' exists (facebook.com/westlovellc/) but no service description, category or address is indexed; nothing else surfaced for the 469-737-0671 number.",web search - no usable evidence,NO_WEBSITE
DFW Ceramic Window Tint Service Yes,,,+1 469-777-0890,,0,0,NO,window tint/film only,False,medium,,name/review keywords,NO_WEBSITE
Professions Window Cleaning Yes,,,+1 469-835-0742,,5,3,NO,window cleaning/washing,False,medium,,name/review keywords,NO_WEBSITE
J-Flip LLC Yes,,,+1 469-881-4990,,5,5,UNRESOLVED,unknown,False,low,No entity or listing found under this name or its 469-881-4990 number in either search; results were unrelated Texas house-flipping and real-estate businesses.,web search - no usable evidence,NO_WEBSITE
2 guys home repair LLC. Yes,,,+1 469-927-4674,,4.8,12,UNRESOLVED,home repair / remodeling,False,low,"Business confirmed by phone match — Yelp '2 Guys Remodeling - Dallas, TX, (469) 927-4674'; also Facebook '2 GUYS Home Repair, Cedar Hill TX'. Neither listing publishes a service list, so whether they ",web search - no usable evidence,NO_WEBSITE
Twins Glass Yes,,,+1 469-939-2674,,5,0,YES,Window glass installation/replacement and mirror installation for homes,False,medium,"HomeAdvisor 'Twins Glass Reviews - Dallas, TX' lists services: window cleaning, window glass installation or replacement service, mirrors installation and replacement. (A separate 'Twins AutoGlass' also exists in Dallas; could not confirm they are the same firm.)",web search (round 2),NO_WEBSITE
TAJ Window & Door Design Yes,,,+1 512-222-3875,,0,0,YES,name states window installation/replacement/doors,False,medium,,name/review keywords,NO_WEBSITE
MirageWindowFilm Yes,,,+1 512-225-4772,,4.9,47,NO,Window film / solar control film installation,False,high,"miragewindow.com + BBB category 'Glass Tinting': 'professionally installs high-performance solar control and frosted opaque privacy films'; offers sun control, privacy, security and decorative films only. Film application, no window install/replacement.",web search (round 2),NO_WEBSITE
L J Auto Glass Yes,,,+1 512-233-8648,,5,2,NO,Auto glass / windshield repair,False,high,"Yelp/mylocalservices listing for LJ Auto Glass, 12800 Harrisglenn Dr Austin, phone (512) 233-8648 matches: 'specializing in window repair, windshield repair, window regulators, and mobile window repair' — vehicle glass only.",web search (round 2),NO_WEBSITE
One Stop Window Shop LLC Yes,,,+1 512-243-4873,,2.3,9,NO,business permanently closed,False,medium,"BBB profile 'One Stop Window Shop LLC' (Cedar Park, category Replacement Windows) states the business is out of business; started 1/1/2019, 2301 W Whitestone Blvd. Their site onestopwindowshop.com page 'Custom Windows & Doors in Austin' and a Yelp 'Windows Installation' listing still exist, so the c",web search (round 2),NO_WEBSITE
Austin Door and Window Yes,,,+1 512-277-7727,,3.7,3,YES,Replacement windows and large door systems; complex installations,False,high,"austindoorandwindow.com / austindoorandwindows.com, phone 512-277-7727 matches: 'Austin-based replacement window and door company that specializes in complex installations and large door systems'.",web search (round 2),NO_WEBSITE
Lupe's Auto Glass Service Yes,,,+1 512-296-7345,,5,7,NO,Auto glass service,False,high,"Yelp 'LUPE'S AUTO GLASS SERVICE' Austin TX, phone (512) 296-7345 matches the batch number; auto glass category only, no building glass listed.",web search (round 2),NO_WEBSITE
Pablo Rios & Sons LLC Yes,,,+1 512-299-5234,,5,3,NO,Handyman / painting services,False,medium,"Yelp 'Pablo Rios & Sons' Austin: handyman service offering curb painting, paint booth rental, interior painting, generator repair, picture & mirror hanging, exterior and interior paint. No window installation or glass work listed.",web search (round 2),NO_WEBSITE
Ironside Improvements Yes,,,+1 512-300-7979,,5,6,UNRESOLVED,Residential remodeling,False,low,"Nextdoor/Yelp: 'Ironside Improvements ... owned by Ricardo Garza, specializes in residential remodeling, from small repairs to large renovation projects.' No service list found naming windows; the 'Ir",web search - no usable evidence,NO_WEBSITE
Alpha Window Cleaning 25 % OFF Residential Window Cleaning Yes,,,+1 512-318-5213,,5,0,NO,window cleaning/washing,False,medium,,name/review keywords,NO_WEBSITE
Fast & Fair Windshield Repair Yes,,,+1 512-333-2030,,3.6,17,NO,"vehicle/automotive business, no glass or window signal",False,medium,,name/review keywords,NO_WEBSITE
Austin tint solutions Yes,,,+1 512-336-9754,,5,0,UNRESOLVED,insufficient signal,False,low,No listing found for this business name or the phone 512-336-9754 in two searches; results returned only unrelated Austin tint shops. Not deciding from the name.,web search - no usable evidence,NO_WEBSITE
Dr House Wash Yes,,,+1 512-337-3269,,5,2,NO,Pressure washing / exterior & carpet cleaning,False,high,"drhousewash.com 'Home Power Washing Company, Carpet Cleaning | Austin, TX': exterior home cleaning, window washing, carpet cleaning, dryer vent cleaning. Window cleaning only.",web search (round 2),NO_WEBSITE
Four Seasons Auto Glass LLC Yes,,,+1 512-365-9178,,5,2,UNRESOLVED,"auto-glass name, but may also do building glass — must verify",False,low,Two searches returned no listing for this company name or the phone 512-365-9178 — only unrelated Austin auto glass shops. No evidence either way; not inferring from the name.,web search - no usable evidence,NO_WEBSITE
Nuvidro Window Cleaning - Austin Yes,,,+1 512-387-4711,,5,0,NO,window cleaning/washing,False,medium,,name/review keywords,NO_WEBSITE
Franklin’s Property Services Yes,,,+1 512-423-6268,,5,20,UNRESOLVED,insufficient signal,False,low,No listing found for this name or the phone 512-423-6268 in two searches; nearest match was an unrelated 'Franklin Handyman Services F.H.S LLC' in Round Rock with a different number.,web search - no usable evidence,NO_WEBSITE
Reformation Roofing Yes,,,+1 512-430-0195,,5,3,UNRESOLVED,"glass shop or building contractor, window scope unknown",False,low,"No Austin business found under this name or phone 512-430-0195. Similar-named firms are different companies: 'Roofing Reformation LLC' (Denton/Cross Roads — roofing, siding, gutters, skylights) and 'R",web search - no usable evidence,NO_WEBSITE
Lakeway Home & Commercial Services Yes,,,+1 512-434-0481,,0,0,UNRESOLVED,insufficient signal,False,low,"Two searches found no listing for this business name or phone 512-434-0481; results were other Lakeway-area home service firms (ABC Home & Commercial, Powerhouse, window cleaners) with different numbe",web search - no usable evidence,NO_WEBSITE
Grace Remodeling & Construction Yes,,,+1 512-497-1529,,5,60,NO,business permanently closed,False,low,"Yelp listing title reads 'GRACE REMODELING & CONSTRUCTION - CLOSED - Updated December 2025 - Austin, Texas - General Contractors'. BBB/chamber records confirm phone (512) 497-1529. Services found (countertops, kitchen/bath renovations, roof repairs, fences/gates) never mention windows, so even if tr",web search (round 2),NO_WEBSITE
Lakefront Windows Roofing Siding Yes,,,+1 512-522-6647,,5,11,YES,Windows as one of three exterior lines alongside roofing and siding; no window service page text found,False,low,"Yelp business listing 'LAKEFRONT WINDOWS ROOFING SIDING - Austin, Texas - Siding' (phone 512-522-6647) and an FMCSA/SAFER record for 'LAKEFRONT WINDOWS ROOFING AND SIDING'. Search summary of the Yelp page says they provide roofing, siding and window replacement, but all indexed body text is roofing ",web search (round 2),NO_WEBSITE
Bobbitt Glass Co Yes,,,+1 512-523-5629,,0,0,YES,"Window repair and glass replacement; shower doors, mirrors",False,medium,"bobbittglass.com 'Bobbitt Glass and Mirror Company – Since 1938'; BBB profile category is 'Window Glass'; listings state they specialize in shower doors, mirrors, window repairs and antiques. Note: the indexed business is Houston (3420 W Dallas St, 713-523-7369) while the batch phone is a 512 number",web search (round 2),NO_WEBSITE
Rocky Glass Yes,,,+1 512-524-7336,,5,0,NO,Auto glass,False,high,"Trades as Rocky Auto Glass, 12101 Dessau Rd Austin TX 78754, phone (512) 524-7336 — exact match to the batch phone. BBB category 'Windshield Repair'. Vehicle glass only.",web search (round 2),NO_WEBSITE
Xpress Auto Glass Yes,,,+1 512-580-6995,,5,2,NO,Auto glass / windshield replacement,False,high,"Yelp 'Xpress Auto Glass - Austin, TX' and xpressautoglass.net pages 'Auto Glass Replacement' / 'Windshield Replacement': auto glass services, windshield installation & repair, mobile service. No building glass.",web search (round 2),NO_WEBSITE
Pace Home & Commercial Services Yes,,,+1 512-584-3936,,5,56,NO,Window washing,False,high,"HomeAdvisor profile, 100 Lido Circle Unit C4 Lakeway TX, phone 512-584-3936 matches: 'specializes in window washing and delivers spotless, streak-free windows for homes and businesses', started 2024. Cleaning, not installation.",web search (round 2),NO_WEBSITE
WL Window Cleaning Yes,,,+1 512-596-6899,,0,0,NO,window cleaning/washing,False,medium,,name/review keywords,NO_WEBSITE
Quality One Windows Yes,,,+1 512-620-2420,,5,0,UNRESOLVED,window in name but service type unconfirmed,False,low,Two searches found no listing for 'Quality One Windows' in Austin or the phone 512-620-2420; the only near match was an unrelated 'Quality 1 Windows' in Houston. Not deciding from the name.,web search - no usable evidence,NO_WEBSITE
Dynamic Visions Yes,,,+1 512-623-9442,,0,0,YES,"Installs windows, mirrors and doors",False,medium,"The Blue Book ProView, 'Dynamic Visions - Austin, Texas' (subcontractors): 'specializes in installing windows, mirrors, doors and more to give customers the view and quality they want.' Also listed on Yelp for Austin.",web search (round 2),NO_WEBSITE
Austin Siding and Windows Company Yes,,,+1 512-643-9862,,0,0,UNRESOLVED,window in name but service type unconfirmed,False,low,Two searches produced no listing for this exact company or the phone 512-643-9862. Austin has several similarly named but distinct firms (Austin Pro Siding Windows & Roofing 512-550-0000; Austin's BES,web search - no usable evidence,NO_WEBSITE
Drippin' Clean LLC Yes,,,+1 512-676-9514,,0,0,UNRESOLVED,insufficient signal,False,low,"No listing found for this business or the phone 512-676-9514 in two searches; results were unrelated Austin-area cleaning, towing and car-wash businesses.",web search - no usable evidence,NO_WEBSITE
Austin Doors & Trim Yes,,,+1 512-694-6067,,5,9,NO,Finish carpentry — door and trim installation,False,high,"austindoorstrim.com (page 'Door Install Austin'), owner Marcus Heyns, phone (512) 694-6067 matches: 'door replacement, crown molding installation, closet building, and quality interior woodworking'. Doors and trim only, no windows.",web search (round 2),NO_WEBSITE
Reverse Remodeling Yes,,,+1 512-710-7004,,0,0,UNRESOLVED,insufficient signal,False,low,"The phone 512-710-7004 appears in directory listings under categories 'altering & remodeling contractor, kitchen planning & remodeling, bathroom remodeling' (700 Lavaca St, Austin), but no listing con",web search - no usable evidence,NO_WEBSITE
Legacy Glass & Mirror Yes,,,+1 512-717-2576,,4,4,YES,Window installation alongside glass/mirror and shower door work,False,medium,"Yahoo Local + BBB (Legacy Glass and Mirror LLC, 130 Ralph Ablanedo Dr, Austin), phone (512) 717-2576 matches: services listed as 'glass & mirror shop, shower door shop, and window installation services'. Own site legacyglassandmirror.com is shower-door led.",web search (round 2),NO_WEBSITE
AL DEX Renovation LLC Yes,,,+1 512-740-7370,,5,24,UNRESOLVED,Handyman / small renovations,False,low,"Thumbtack, Yelp ('AL DIX RENOVATION - Handyman') and Nextdoor confirm the business in Austin with phone (512) 740-7370, described as handyman services, home repairs, drywall and small renovation proje",web search - no usable evidence,NO_WEBSITE
Over-All Construction Services Yes,,,+1 512-758-1550,,5,5,UNRESOLVED,"glass shop or building contractor, window scope unknown",False,low,Two searches returned no listing for this company or the phone 512-758-1550 — only generic Austin construction directories.,web search - no usable evidence,NO_WEBSITE
Lara's Installers Yes,,,+1 512-785-3651,,0,0,UNRESOLVED,insufficient signal,False,low,"No listing found for 'Lara's Installers' or the phone 512-785-3651. Several unrelated Texas 'Lara' firms exist (Lara Roofing & Construction Austin, Lara's Services LLC Austin — general construction/re",web search - no usable evidence,NO_WEBSITE
Elite Window Cleaning Yes,,,+1 512-806-1053,,5,2,NO,window cleaning/washing,False,medium,,name/review keywords,NO_WEBSITE
Toms Touch Window Cleaning Yes,,,+1 512-809-1539,,5,2,NO,window cleaning/washing,False,medium,,name/review keywords,NO_WEBSITE
Ad's window tint Yes,,,+1 512-825-9784,,5,3,NO,window tint/film only,False,medium,,name/review keywords,NO_WEBSITE
Pure Window Washing Yes,,,+1 512-829-5533,,0,0,NO,window cleaning/washing,False,medium,,name/review keywords,NO_WEBSITE
MDRN RENOVATIONS Yes,,,+1 512-902-3266,,4.4,7,UNRESOLVED,insufficient signal,False,low,"Two searches found no Austin business under this name or the phone 512-902-3266; the only 'MDRN Remodeling/Construction' results are Los Angeles-area companies (Burbank/Tarzana, CA).",web search - no usable evidence,NO_WEBSITE
Anthony's Custom Shutters Yes,,,+1 512-906-4148,,4.5,8,NO,blinds/shades/shutters/drapery (window treatments),False,medium,,name/review keywords,NO_WEBSITE
Prime Auto Glass LLC Yes,,,+1 512-909-5962,,5,24,NO,Auto glass,False,high,"Yelp + cityof.com listing 'Prime Auto Glass, Austin TX 78745', phone (512) 909-5962 matches: 'windshields, back glass, vent glass, and quarter glass'. Vehicle glass only.",web search (round 2),NO_WEBSITE
id Window Cleaning Yes,,,+1 512-924-5476,,5,0,NO,window cleaning/washing,False,medium,,name/review keywords,NO_WEBSITE
The Door Man Yes,,,+1 512-964-8664,,0,0,UNRESOLVED,insufficient signal,False,low,"The phone 512-964-8664 appears in a Yellow Pages door-repair listing for Manchaca TX 78652, with a customer review saying 'Dennis ... installed wooden french doors'. No business page found and no wind",web search - no usable evidence,NO_WEBSITE
PrimePoint Service Yes,,,+1 512-975-1509,,0,0,UNRESOLVED,insufficient signal,False,low,"Two searches found no Austin business under this name or the phone 512-975-1509; results were unrelated (Primepoint HRMS payroll, Prime Pool Service, Prime Construction & Remodeling).",web search - no usable evidence,NO_WEBSITE
Austin Mobile Glass Yes,,,+1 512-983-4527,,4.7,188,NO,Mobile auto glass,False,high,"Yelp/Yahoo Local, 12591 Research Blvd Austin, phone (512) 983-4527 matches: ""Austin's oldest Mobile Automotive Glass Replacement Service"", windshield repair and replacement, Yelp category Auto Glass Services.",web search (round 2),NO_WEBSITE
All Trades Austin Contracting Co. Yes,,,+1 512-999-1587,,5,10,UNRESOLVED,Specialty contractor,False,low,"Procore Network profile 'All Trades Austin Contracting Co. | Austin, TX' and a Bizapedia entity record confirm the company exists; the trades listed on the Procore profile (ceilings, ceramic tiling, c",web search - no usable evidence,NO_WEBSITE
Kiss My Glass ATX Yes,,,+1 530-925-2912,,4.4,7,NO,Window cleaning / pressure washing,False,high,"kmgwindows.com / Yelp (category Pressure Washers), phone (530) 925-2912 matches the batch number: 'women-led ... local window cleaning business ... dancing with squeegees for over 10 years'; priced per window/screen/track, plus gutters and pressure washing.",web search (round 2),NO_WEBSITE
Aztec empire windows and doors Yes,,,+1 561-223-9912,,5,0,YES,name states window installation/replacement/doors,False,medium,,name/review keywords,NO_WEBSITE
Superior Window Tinting Yes,,,+1 602-487-5915,,4,95,NO,window tint/film only,False,medium,,name/review keywords,NO_WEBSITE
Arizona Glass and Repair LLC Yes,,,+1 602-518-6412,,4,4,YES,Window glass repair,False,medium,"BBB profile 'Arizona Glass & Repair, LLC', 3508 W. Belmont Ave, Phoenix AZ 85051, listed under BBB category 'Window Glass' and described as specializing in window glass repair services. Phone not confirmed against 602-518-6412.",web search (round 2),NO_WEBSITE
Noble General Contracting Yes,,,+1 602-820-5935,,0,0,YES,"Window and door installation, plus full remodels and additions",False,high,"noblegeneralcontractingaz.com and Yahoo Local, 4001 E Broadway Rd Ste B-11 Phoenix, phone (602) 820-5935 matches: 'everything from full remodels and additions to window and door installation'; Yelp reviews praise their window and door installation work.",web search (round 2),NO_WEBSITE
PHX West Valley Barn Doors Yes,,,+1 602-919-9549,,4.2,26,NO,Custom sliding barn door builder/installer,False,high,"Yelp (category Door Sales/Installation) and BBB, 12816 W Weldon Ave Avondale AZ, phone (602) 919-9549 matches: 'builds and installs custom made sliding doors in farm decor or modern style'. Doors only.",web search (round 2),NO_WEBSITE
Le Mans Window Services Yes,,,+1 615-601-2599,,5,8,UNRESOLVED,window in name but service type unconfirmed,False,low,"Two searches found no listing for this company or the phone 615-601-2599 anywhere in the Nashville/Tennessee results. No evidence whether they install, repair or merely clean windows; not inferring fr",web search - no usable evidence,NO_WEBSITE
Better View Window Systems Yes,,,+1 623-323-8959,,5,15,YES,"Complete replacement window systems, patio/entry/french doors",False,high,"betterviewwindowsaz.com, 17789 W Sandy Rd Goodyear AZ, phone (623) 323-8959 matches: 'complete window systems, patio doors, entry doors, and french doors for customers in Phoenix, AZ'; double lifetime warranty from Alside Windows. Yelp category: Windows Installation.",web search (round 2),NO_WEBSITE
First Due Window Cleaning Yes,,,+1 630-730-2356,,5,3,NO,window cleaning/washing,False,medium,,name/review keywords,NO_WEBSITE
Ez fix remodeling & renovations Yes,,,+1 682-785-9074,,5,20,YES,Interior/exterior door and window installs as part of handyman & remodeling work,False,low,"Best match found is 'EZ Fix Handyman & Renovations' (Facebook: 'Ez fix handyman renovations & remodeling | Hurst TX'), 1128 Karla Dr, Hurst TX, whose Yelp/Houzz listing says it specializes in 'door and window installs, flooring, baseboard and crown molding install, trim work, kitchen and bathroom re",web search (round 2),NO_WEBSITE
Lopez Auto Glass Yes,,,+1 737-210-2525,,4.8,46,NO,Auto glass,False,medium,"Facebook page 'Lopez Auto Glass': 'skilled, professional glass repair/replacement for windshields, glass doors, quarter glass, and window regulators' — vehicle glass. Phone 737-210-2525 not confirmed in results.",web search (round 2),NO_WEBSITE
J&M Pro Remodeling Yes,,,+1 737-267-6053,,5,9,UNRESOLVED,Home remodeling contractor,False,low,"BBB profile confirms J&M Pro Remodeling, Austin TX 78758, owner Jose Soto, phone (737) 267-6053: 'full home remodels, kitchen and bathroom renovations, as well as additions and repairs of any size'. N",web search - no usable evidence,NO_WEBSITE
Capital Windshield Repair Yes,,,+1 737-291-7074,,5,9,NO,"vehicle/automotive business, no glass or window signal",False,medium,,name/review keywords,NO_WEBSITE
Lauderdale Lakes FL Window Pros Yes,,,+1 754-212-9652,,0,0,UNRESOLVED,window in name but service type unconfirmed,False,low,Two searches found no business page for 'Window Pros' in Lauderdale Lakes or the phone 754-212-9652; only unrelated South Florida impact-window companies. The city+trade+'Pros' name pattern is typical,web search - no usable evidence,NO_WEBSITE
Apex Total Construction LLC Yes,,,+1 754-289-2673,,5,2,YES,Impact window and door installation / window replacement,False,medium,"TownPlanner directory lists 'Apex Total Construction LLC' under 'Home Improvement - Doors, Windows' (Fort Lauderdale), and search results describe the company as offering window replacement and impact window/door installation; phone (754) 289-2673 matches, DBPR shows Shannon Ann Hill as Certified Ge",web search (round 2),NO_WEBSITE
Raintree Siding and Windows Yes,,,+1 815-509-6101,,0,0,YES,"Replacement doors and windows, storm windows, sunrooms and patio enclosures",False,high,"Rockford IL listing, phone (815) 509-6101 matches: 'exterior applications including gutters, siding, soffit and fascia systems, replacement doors and windows, sunrooms, and storm doors and windows'; serving the area since 1978.",web search (round 2),NO_WEBSITE
Windowpane Yes,,,+1 815-621-1095,,5,2,UNRESOLVED,window in name but service type unconfirmed,False,low,"Only a bare Facebook page 'Windowpane LLC' surfaced, with no indexed description, location or services; the phone 815-621-1095 appears nowhere. Second search returned only unrelated Illinois window co",web search - no usable evidence,NO_WEBSITE
Master Carpenter Contracting Yes,,,+1 815-621-1987,,5,0,YES,Window replacement plus interior/exterior door replacement,False,medium,"mastercarpentercontracting.com + HomeAdvisor/Angi, Rockford IL 61108, serving the area since 1979: 'full-service general contractor that specializes in everything exterior', offering 'windows and all doors (interior and exterior)' replacement, decks, roofing, siding. Listed phone is (815) 329-5396, ",web search (round 2),NO_WEBSITE
SIDEWERKZ Yes,,,+1 815-668-6441,,5,5,UNRESOLVED,insufficient signal,False,low,Two searches returned no listing at all for SIDEWERKZ or the phone 815-668-6441 — only other Rockford-area siding/window contractors.,web search - no usable evidence,NO_WEBSITE
J Wales Home Solutions Yes,,,+1 817-310-8885,,0,0,YES,Window replacement as part of full-service exterior remodeling,False,high,"jwaleshomesolutions.com, 4809 Century Dr Forest Hill (Fort Worth) TX: 'full-service home remodeling and roofing contractor ... the trusted source for premium roofing, windows, siding, and handcrafted designer glass in Dallas-Fort Worth'. Site phone (817) 440-4436 differs from the batch's 817-310-888",web search (round 2),NO_WEBSITE
A auto glass Yes,,,+1 817-701-5738,,5,32,UNRESOLVED,"auto-glass name, but may also do building glass — must verify",False,low,Two searches found no business listing matching this name with phone 817-701-5738; only unrelated Fort Worth auto glass shops with different numbers. Not inferring from the name.,web search - no usable evidence,NO_WEBSITE
Glassly Yes,,,+1 832-280-5893,,5,0,UNRESOLVED,insufficient signal,False,low,Two searches returned no business named Glassly in Houston/Texas and no match for the phone 832-280-5893.,web search - no usable evidence,NO_WEBSITE
Admiral Windows USA Yes,,,+1 888-236-2317,,5,7,YES,Home window replacement,False,medium,"Own site admiralwindowsusa.com titled 'Admiral Windows USA: Energy-Efficient Window Replacements', plus service-area pages: 'Admiral Windows provides a Home Window Replacements service which will increase the value of your home in Garland, TX' and similar for Millington/Germantown TN. Toll-free 888 ",web search (round 2),NO_WEBSITE
Cover Glass Dallas Yes,,,+1 888-457-3667,,0,0,YES,Frameless sliding glass wall systems installed in homes and offices — 'walls of windows'; borderline vs the door-only exclusion,False,low,"coverglassusa.com Texas and Dallas pages: 'For over 30 years, Cover Glass has been the trusted choice of builders, homeowners, architects and business owners across Texas', 'modernizing office spaces in Houston to adding walls of windows to homes'. FLAG: their product is a frameless sliding glass do",web search (round 2),NO_WEBSITE
Innovative Car Sound & Security Yes,,,+1 903-804-7661,,4.6,36,NO,Car stereo / auto glass & tint,False,high,"Yelp (category Windshield Installation & Repair), 10236 Garland Rd Dallas, phone (903) 804-7661 matches: car stereo store providing windshield installation & repair, car stereo installation, auto glass services, and window tinting. Vehicle work only.",web search (round 2),NO_WEBSITE
Double M Glass Yes,,,+1 928-522-3667,,5,3,UNRESOLVED,"glass shop or building contractor, window scope unknown",False,low,"Two searches found no business named Double M Glass in Flagstaff/Arizona and no match for phone 928-522-3667; results were other AZ glass companies (Demers, Twin Peaks, M&M Glass in Phoenix).",web search - no usable evidence,NO_WEBSITE
Aztec Empire Windows And Doors LLC Yes,,,+1 954-356-3256,,5,0,YES,name states window installation/replacement/doors,False,medium,,name/review keywords,NO_WEBSITE
Roa Industries Yes,,,+1 956-264-0888,,4.3,11,YES,Windows and doors listed among construction/renovation services,False,medium,"Yelp 'ROA INDUSTRIES - Austin, Texas', 2301 Mission Hill Dr, phone (956) 264-0888 matches: commercial and residential construction/renovation with services including 'flooring, framing, cabinetry, electrical, plumbing, showers, tiling, drywall, painting, roofing, siding, decking, windows, doors, and",web search (round 2),NO_WEBSITE
Wrapped Up ATX Yes,,,+1 970-590-3674,,5,10,UNRESOLVED,insufficient signal,False,low,Two searches found no listing for 'Wrapped Up ATX' or the phone 970-590-3674; results were unrelated Austin vehicle-wrap shops.,web search - no usable evidence,NO_WEBSITE
Solar Screens Plus Dallas Yes,,,+1 972-200-1712,,5,0,NO,Solar screen and roll shade installer,False,high,"solarscreensplus.net, phone 972-200-1712 matches: 'family owned Solar Screen and Solar Roll Shade installer based in McKinney', serving Plano, Garland, North Dallas etc. Screens and shades, not windows.",web search (round 2),NO_WEBSITE
Prime Windows Yes,,,+1 972-299-0193,,1,0,YES,Window and door installation / replacement,False,high,"BBB profile 'Prime Windows and Doors' (category Window & Door Installation), 5801 Preston Oaks Rd Dallas, phone (972) 299-0193 matches; Porch profile: 'Prime Windows and Doors. Window Replacement & Installation Company - Dallas, TX'. Also offers siding and gutters.",web search (round 2),NO_WEBSITE
Jerris Construction Yes,,,+1 972-854-8011,,5,0,UNRESOLVED,General contractor,False,low,"Yelp/Thumbtack confirm Jerris Construction in Irving TX with phone (972) 854-8011, described only as 'a wide variety of general contracting services' and listed under drywall repair. No window service",web search - no usable evidence,NO_WEBSITE
Jr & Sr Auto Glass Yes,,,+1 972-916-0298,,5,23,NO,Auto glass,False,medium,"Instagram profile @jrandsrautoglass is captioned 'Auto Glass'; two searches surfaced no building-glass work and no other listing for phone 972-916-0298. Nearby similarly named shops (JR's Auto Glass & Replacement Parts, Grand Prairie) are also vehicle-only.",web search (round 2),NO_WEBSITE
Winscreen Products Yes,,,"10217 Garland Rd, Dallas, TX 75218, United States","10217 Garland Rd, Dallas, TX 75218, United States",4.4,16,NO,Window screen manufacturer / rescreening,False,high,"Yelp + Yellow Pages, 10217 Garland Rd Dallas TX 75218 (exact address match), 44 years in business: 'new screening, rescreening, screen doors, parts and accessories & solar screens'. Screens only — excluded per criteria (screens are not windows).",web search (round 2),NO_WEBSITE
Peque's Auto Mechanic Yes,,,"10220 Forest Ln, Dallas, TX 75243, United States","10220 Forest Ln, Dallas, TX 75243, United States",4.8,129,NO,Auto repair shop,False,high,"Listings for 'Peque's Auto Mechanic / Peque's Auto General Mechanic' at 10220 Forest Ln, Dallas TX 75243 (exact address match): automotive repair — routine maintenance, engine replacements, A/C repair.",web search (round 2),NO_WEBSITE
Tip Top Window Cleaning LLC Yes,,,"10413 Snapdragon Dr, Austin, TX 78739, United States","10413 Snapdragon Dr, Austin, TX 78739, United States",5,5,NO,window cleaning/washing,False,medium,,name/review keywords,NO_WEBSITE
Hector's Solar Screens & Blinds Yes,,,+1 469-233-6294,"107 Triumph Rd, Dallas, TX 75241, United States",4.2,5,NO,blinds/shades/shutters/drapery (window treatments),False,medium,,name/review keywords,NO_WEBSITE
Park Cities Gutter and Window Cleaning Co Yes,,,"1111 W Mockingbird Ln Unit 7-3, Dallas, TX 75247, United States","1111 W Mockingbird Ln Unit 7-3, Dallas, TX 75247, United States",5,29,NO,window cleaning/washing,False,medium,,name/review keywords,NO_WEBSITE
At Auto Glass Yes,,,"11116 Middle Fiskville Rd STE C, Austin, TX 78753, United States","11116 Middle Fiskville Rd STE C, Austin, TX 78753, United States",4.7,12,NO,Auto glass,False,high,"Yelp 'AT AUTO GLASS - 11116 Middle Fiskville Rd, Austin' (exact address match), category Auto Glass Services: 'auto mirror repair, auto window repair, auto windshield replacement, auto mirror replacement, auto window replacement'.",web search (round 2),NO_WEBSITE
Lucky's Mobile Auto Glass Yes,,,"1112 10th Ave, Rockford, IL 61104, United States","1112 10th Ave, Rockford, IL 61104, United States",4.3,43,NO,Auto glass,False,high,"Listings at 1112 10th Ave, Rockford IL 61104 (exact address match): 'Lucky's Mobile Auto Glass specializes in Automotive Glass Replacement Shops', founded 1964.",web search (round 2),NO_WEBSITE
A1 General Contracting LLC Yes,,,"11125 Cherisse Dr, Austin, TX 78739, United States","11125 Cherisse Dr, Austin, TX 78739, United States",3.5,11,YES,"Window solutions alongside roofing, siding, gutters and restoration",False,medium,"Listings for A1 General Contracting LLC at 11125 Cherisse Dr, Austin TX 78739 (exact address match), site a1contracting.com: 'general contracting services for residential and commercial clients, including roofing, restoration, siding, gutter, solar, and window solutions'; GAF factory-certified.",web search (round 2),NO_WEBSITE
Shutter Solutions Inc Yes,,,"11211 Gemini Ln, Dallas, TX 75229, United States","11211 Gemini Ln, Dallas, TX 75229, United States",4.8,6,NO,blinds/shades/shutters/drapery (window treatments),False,medium,,name/review keywords,NO_WEBSITE
JK Glass Yes,,,"11220 Goodnight Ln, Dallas, TX 75229, United States","11220 Goodnight Ln, Dallas, TX 75229, United States",4.5,33,YES,Broken glass replacement and windows; also mirrors and shower enclosures,False,medium,"Yellow Pages / chamberofcommerce listing for JK Glass LLC at 11220 Goodnight Ln, Dallas TX 75229 (exact address match), 30 years in business, categories: 'Glass-Broken, Glass-Wholesale & Manufacturers, Mirrors, Shower Doors & Enclosures, Windows-Wholesale & Manufacturers'; also indexed by mywindowma",web search (round 2),NO_WEBSITE
Kerygma Glass Yes,,,"11227 Goodnight Ln, Dallas, TX 75229, United States","11227 Goodnight Ln, Dallas, TX 75229, United States",2.2,9,YES,Commercial and residential windows; commercial storefronts,False,high,"BBB profile 'Kerygma Glass' (category Window Glass), 11227 Goodnight Ln STE 829, Dallas TX 75229 (exact address match): 'provides commercial storefronts, commercial and residential windows, glass shower doors, and mirrors', free estimates, emergency appointments.",web search (round 2),NO_WEBSITE
Signature Steel Doors and Windows Yes,,,"11400 Naples Cove, Austin, TX 78739, United States","11400 Naples Cove, Austin, TX 78739, United States",4.8,4829,UNRESOLVED,window in name but service type unconfirmed,False,low,"Two searches found no listing under this trade name and nothing at 11400 Naples Cove, Austin TX 78739. Austin has many custom steel door/window firms (Portella, Regency Steel Doors and Windows at 6405",web search - no usable evidence,NO_WEBSITE
J.P Glass LLC Yes,,,"11453 Newkirk St, Dallas, TX 75229, United States","11453 Newkirk St, Dallas, TX 75229, United States",4.6,10,YES,Residential windows; commercial storefront and heavy glass,False,high,"Yelp 'J.P. GLASS - 11453 Newkirk St, Dallas' (exact address match): 'Residential: Shower Doors, Mirrors, Windows, Table Tops, Door Cabinets, Shelves ... Commercial: Storefront, Heavy Doors, Fire Rated Glass, Bulletproof Glass'. Porch lists them as a 'Window Replacement & Installation Company - Dalla",web search (round 2),NO_WEBSITE
Premium Texas Tint Yes,,,"11504 Garland Rd, Dallas, TX 75218, United States","11504 Garland Rd, Dallas, TX 75218, United States",5,4,NO,Window tinting,False,medium,"No page found under this exact name, but the first search located a window tinting business operating at 11504 Garland Rd, Dallas (the exact batch address), and all results for the name are tint/PPF shops. Tint application only — no window installation or glass replacement found.",web search (round 2),NO_WEBSITE
Franck Construction and Services Yes,,,"11511 Metric Blvd, Austin, TX 78758, United States","11511 Metric Blvd, Austin, TX 78758, United States",5,5042,YES,Window replacement within full-service remodeling,False,high,"franckconstructionandservices.com + Angi, Austin TX 78758 (batch address 11511 Metric Blvd, Austin 78758): 'full services remodeling contractor ... offering kitchen and bathroom remodeling, room additions, window replacement, deck building, and patios'; also roofing and new construction. Listed phon",web search (round 2),NO_WEBSITE
Sidingrepairservicesanleanna Yes,,,"11601 Circle Dr, Austin, TX 78748, United States","11601 Circle Dr, Austin, TX 78748, United States",0,0,UNRESOLVED,insufficient signal,False,low,"No listing found under this run-together name. The batch address 11601 Circle Dr, Austin TX 78748 sits beside 'Shady Hollow Siding Experts' at 11608 Circle Dr (siding installation/replacement, no wind",web search - no usable evidence,NO_WEBSITE
The Broken Window Yes,,,"12831 Meehan Dr, Austin, TX 78727, United States","12831 Meehan Dr, Austin, TX 78727, United States",0,0,UNRESOLVED,window in name but service type unconfirmed,False,low,"Two searches found no business page for 'The Broken Window' and nothing at 12831 Meehan Dr, Austin TX 78727; results were other Austin glass/window repair firms (Glass Doctor, Glass Rehab, B&B Plate G",web search - no usable evidence,NO_WEBSITE
GF Window Company Yes,,,"1323 29th St, Rockford, IL 61108, United States","1323 29th St, Rockford, IL 61108, United States",3,2,YES,name states window installation/replacement/doors,False,medium,,name/review keywords,NO_WEBSITE
GF your Home Exterior Experts since 1974 Yes,,,"1329 29th St, Rockford, IL 61108, United States","1329 29th St, Rockford, IL 61108, United States",3.7,3,YES,"Windows as a listed exterior line alongside roofing, siding and gutter systems",False,high,"Yellow Pages Network listing 'GF Company/Roofing/Siding/Windows/Gutter Systems siding contractor - 29th Street 1329 Rockford' — matches the batch address 1329 29th St, Rockford IL 61108; locally owned since 1974, Rockford line 815-547-0159.",web search (round 2),NO_WEBSITE
Chapos auto glass replacement Yes,,,"1331 Geneva Ave, Rockford, IL 61108, United States","1331 Geneva Ave, Rockford, IL 61108, United States",4.5,19,NO,auto glass / windshield repair and replacement,False,high,"windshieldreplacementfinder.com/illinois/rockford/chapos-auto-glass-replacement-1523 — listed at 1331 Geneva Ave, Rockford IL, 'offering windshield repair and replacement services'; Facebook page 'Chapos auto glass' reel titled 'chapos auto glass replacement'. No building-glass work found.",web search (round 2),NO_WEBSITE
moonshadow of dallas Yes,,,"13540 Vargon St, Dallas, TX 75243, United States","13540 Vargon St, Dallas, TX 75243, United States",4.3,6,NO,"auto window tint, wheels and tires shop",False,high,"tintbrokers.com/tint-shops/dallas/moonshadow-of-dallas/7751 lists it as a Dallas tint shop; Moonshadow Dallas described as a custom tint, wheels and tires shop; address 13540 Vargon St matches.",web search (round 2),NO_WEBSITE
Continuum Restoration - Dallas Yes,,,"13659 Jupiter Rd #200, Dallas, TX 75238, United States","13659 Jupiter Rd #200, Dallas, TX 75238, United States",5,67,NO,water/fire/mold disaster restoration,False,medium,"BBB profile category 'Water Damage Restoration', Yelp 'CONTINUUM RESTORATION - DALLAS, 13659 Jupiter Rd, Dallas — Damage Restoration'; services listed are water damage, mold removal, mitigation. No window install/replacement found in two searches.",web search (round 2),NO_WEBSITE
Clearly Yes,,,"13809 Research Blvd, Austin, TX 78750, United States","13809 Research Blvd, Austin, TX 78750, United States",4.8,100,NO,solar installation (Clearly Solar),False,medium,"BBB business profile 'Clearly Solar' — solar installation, Austin TX, matched to 13809 Research Blvd, Austin TX 78750; business started 2/15/2024.",web search (round 2),NO_WEBSITE
Sidingrepairservicewinsdorpark Yes,,,"1404 Hillcrest Dr, Austin, TX 78723, United States","1404 Hillcrest Dr, Austin, TX 78723, United States",0,0,UNRESOLVED,insufficient signal,False,low,"No listing, site or directory entry found for this exact business name or for 1404 Hillcrest Dr, Austin. Search returns only unrelated Austin siding contractors. One of six near-identical 'Sidingrepai",web search - no usable evidence,NO_WEBSITE
Universoul Window Tinting Yes,,,"1451 W Cypress Creek Rd Ste 300, Fort Lauderdale, FL 33309, United States","1451 W Cypress Creek Rd Ste 300, Fort Lauderdale, FL 33309, United States",4,429,NO,window tint/film only,False,medium,,name/review keywords,NO_WEBSITE
RABS Cleaning Yes,,,"1520 Dewberry Blvd #202, Lancaster, TX 75134, United States","1520 Dewberry Blvd #202, Lancaster, TX 75134, United States",4.8,4,NO,residential/commercial cleaning service,False,medium,"Listing at 1520 Dewberry Blvd #202, Lancaster TX 75134 (Mon-Sat 7AM-8PM) described as a family-owned cleaning company doing residential, commercial and industrial cleaning; related Facebook page 'RAB Services LLC'.",web search (round 2),NO_WEBSITE
Frameless glass and Windows Yes,,,"1601 E Slaughter Ln, Austin, TX 78747, United States","1601 E Slaughter Ln, Austin, TX 78747, United States",2.3,3,YES,"glass work for windows and storefronts, plus frameless showers and mirrors",False,medium,"ZoomInfo/Yelp profile for 'Frameless glass and Windows', 1601 E Slaughter Ln, Austin TX 78747: 'specializes in glassworks for custom frameless showers, mirrors, windows, storefronts, and handrails'; est. 2015, Commercial & Residential Construction.",web search (round 2),NO_WEBSITE
Tex Siding & Windows Yes,,,"1607 Chelsea Ln, Austin, TX 78704, United States","1607 Chelsea Ln, Austin, TX 78704, United States",5,2,YES,window installation / replacement windows alongside siding,False,high,"Own site page 'Windows - TEX SIDING & WINDOWS 512.298.2050' (texsidingandwindows.com/windows.html); directory text: 'They offer professional window installation services, starting with free, in-home estimates.'",web search (round 2),NO_WEBSITE
Window Works Window Cleaning Yes,,,"1614 N Bell School Rd, Rockford, IL 61107, United States","1614 N Bell School Rd, Rockford, IL 61107, United States",5,16,NO,window cleaning/washing,False,medium,,name/review keywords,NO_WEBSITE
Clearview Austin Yes,,,"1700 Willow Creek Dr, Austin, TX 78741, United States","1700 Willow Creek Dr, Austin, TX 78741, United States",5,6,UNRESOLVED,possibly roof repair,False,low,"Only match for 1700 Willow Creek Dr, Austin is a directory entry (austinallroof.com) calling Clearview Austin 'a roof repair company working in Austin, Texas'. No service list, own site, or window evi",web search - no usable evidence,NO_WEBSITE
Texas Discount Siding & Windows Yes,,,"1708 Canterbury St, Austin, TX 78702, United States","1708 Canterbury St, Austin, TX 78702, United States",5,502,YES,replacement windows and energy-efficient window installation and repair,False,medium,"Directory/Yelp listing: 'specializes in installation and repair of siding, fiber cement siding, replacement windows, fireplace stone veneer, vinyl siding, and energy efficient windows', Austin TX 78702. CAVEAT: a BBB profile for the related 'Texas Discount Windows & Doors, Co.' says out of business,",web search (round 2),NO_WEBSITE
Custom Stereos Monterrey Yes,,,"1716 S Westmoreland Rd, Dallas, TX 75211, United States","1716 S Westmoreland Rd, Dallas, TX 75211, United States",4.2,44,NO,car audio and vehicle window tint,False,high,"Yelp 'CUSTOM STEREOS MONTERREY - 1716 S Westmoreland Rd, Dallas - Car Stereo Installation'; services listed: car audio, security systems, window tint, HID lights, amps, alarms, remote start.",web search (round 2),NO_WEBSITE
EPC Glass Yes,,,"1834 Ferguson Ln, Austin, TX 78754, United States","1834 Ferguson Ln, Austin, TX 78754, United States",5,6,UNRESOLVED,"glass shop or building contractor, window scope unknown",False,low,"Two searches returned no listing, directory entry or site for 'EPC Glass' at 1834 Ferguson Ln, Austin TX — only unrelated Austin glass companies. No usable evidence either way.",web search - no usable evidence,NO_WEBSITE
Superior Auto Glass Yes,,,"1908 W Mockingbird Ln, Dallas, TX 75235, United States","1908 W Mockingbird Ln, Dallas, TX 75235, United States",5,43114,NO,auto glass / windshield replacement,False,high,"superiorautoglassllc.com/services and autoglassdoneright.net: 'rock chip repairs, window regulator and window motor replacement, windshield, door glass, quarter glass and back glass replacements on most makes and models' — all vehicle glass, DFW area.",web search (round 2),NO_WEBSITE
Lake Travis Mobile Glass Yes,,,"1909 Ranch Rd 620 N #3d, Lakeway, TX 78734, United States","1909 Ranch Rd 620 N #3d, Lakeway, TX 78734, United States",4.5,39,NO,mobile auto glass / windshield replacement,False,high,mobileglassco.com/locations/lakeway 'Windshield Replacement in Lakeway by Lake Travis Mobile Glass'; listing at 1909 Ranch Rd 620 N #3D describes mobile windshield replacement and repair at the customer's home or office. No building glass found.,web search (round 2),NO_WEBSITE
Greyhammer - Roofing & Construction Yes,,,"1920 McKinney Ave #700, Dallas, TX 75201, United States","1920 McKinney Ave #700, Dallas, TX 75201, United States",4.6,11,YES,window replacement alongside roofing and remodeling,False,medium,"Directory listings (magicpin/EcoHome/leadsmartinc) for 'Greyhammer - Roofing & Construction', Uptown Dallas: described as a window installation service whose 'services include window replacement, roof replacement, kitchen remodels, bathroom remodels, flooring'.",web search (round 2),NO_WEBSITE
Refined Shade Solutions Yes,,,+1 414-249-0038,"200 Prairie St, Rockford, IL 61107, United States",0,0,NO,blinds/shades/shutters/drapery (window treatments),False,medium,,name/review keywords,NO_WEBSITE
Imperial Auto Glass Yes,,,+1 214-630-6724,"2130 Quarry St, Dallas, TX 75212, United States",4.8,22,NO,auto glass,False,high,"BBB profile (category Windshield Repair) and Yelp 'IMPERIAL AUTO GLASS - 2130 Quarry St, Dallas - Auto Glass Services'; services: auto mirror repair, auto window repair/replacement.",web search (round 2),NO_WEBSITE
FoggyGlassFix Yes,,,+1 214-771-5267,"2212 Stanford St, Garland, TX 75041, United States",3.3,3,UNRESOLVED,insufficient signal,False,low,"Two searches found no listing or site for 'FoggyGlassFix' at 2212 Stanford St, Garland TX — results are all other Garland foggy-window companies (Apex Windows & Glass, Discount Glass Texas). Name is s",web search - no usable evidence,NO_WEBSITE
JJ Glass & Mirror LLC Yes,,,+1 214-970-2387,"2426 Merrell Rd Ste 102, Dallas, TX 75229, United States",4.2,5,YES,"glass and window repair/replacement, storefronts, curtain wall, retail store glass",False,high,"jjglassandmirrors.com/services (Dallas Fort Worth Glass Installation and Repair) — 'glass and window repair services, glass door installation, mirror installation, window or screen installation... store fronts, glass railings... curtain wall, shower enclosures, and retail store glass replacement'; l",web search (round 2),NO_WEBSITE
Austin Cut Glass Yes,,,+1 210-838-3230,"2501 De Soto Dr, Austin, TX 78733, United States",5,73,YES,"stained/leaded glass windows, new and restored church windows, shattered window repair",False,medium,"HomeAdvisor profile for Austin Cut Glass, 2501 Desoto Dr, Austin: 'specialize in stained and leaded glass, church windows (new and restored), shattered window repair, and all stained glass needs', 44 years' experience.",web search (round 2),NO_WEBSITE
GAAAP Glass & Windows Yes,,,+1 424-557-9767,"2508 State St, Dallas, TX 75201, United States",0,0,UNRESOLVED,window in name but service type unconfirmed,False,low,"Two searches returned nothing for this business name (2508 State St, Dallas) — only other Dallas glass/window companies. No usable evidence either way.",web search - no usable evidence,NO_WEBSITE
Star Glass Auto Glass Repair & Replacement Yes,,,+1 682-460-3555,"2636 Walnut Hill Ln Ste 110, Dallas, TX 75220, United States",4.4,29,NO,auto glass / windshield repair and replacement,False,high,"windshieldreplacementfinder.com listing for 'Star Glass Auto Glass Repair Replacement', 2636 Walnut Hill Ln Suite 110, Dallas TX 75220; Facebook: 'specialize in car windshields and all auto glass services... one and only choice for all auto glass repair and replacements'.",web search (round 2),NO_WEBSITE
Doc Window Installation Yes,,,+1 737-391-0324,"2700 W Pecan St Unit 121, Pflugerville, TX 78660, United States",5,4,YES,name states window installation/replacement/doors,False,medium,,name/review keywords,NO_WEBSITE
TruView Windows and Doors Yes,,,+1 945-382-4402,"2703 Chalk Hill Rd, Dallas, TX 75212, United States",0,0,YES,name states window installation/replacement/doors,False,medium,,name/review keywords,NO_WEBSITE
Ceramic Window Tint Polarizado and Auto Detailing Yes,,,+1 469-878-4363,"2802 Cartwright St, Dallas, TX 75212, United States",4.5,24,NO,window tint/film only,False,medium,,name/review keywords,NO_WEBSITE
SABINAS AUTOMOTIVE & STATE INSPECTION Yes,,,+1 214-634-8112,"2823 N Hampton Rd, Dallas, TX 75212, United States",4.5,55,NO,"vehicle/automotive business, no glass or window signal",False,medium,,name/review keywords,NO_WEBSITE
Tints and Wraps Pitcrew Yes,,,+1 954-348-5650,"2855 W Commercial Blvd, Tamarac, FL 33309, United States",4.9,64,NO,vehicle window tinting and wraps,False,high,"tintfinder.com/places/florida/tamarac/tints-and-wraps-pitcrew/ — Tamarac FL window tinting shop; tint/film only, no window install or replacement.",web search (round 2),NO_WEBSITE
Integrity Window Replacement Austin Yes,,,+1 512-737-2975,"2901 Medical Arts St Ste.108, Austin, TX 78705, United States",5,2,YES,name states window installation/replacement/doors,False,medium,,name/review keywords,NO_WEBSITE
NTX HANDYMAN & CONTRACTORS LLC Yes,,,+1 214-284-3115,"2934 N Bend Dr, Dallas, TX 75229, United States",5,57,NO,handyman / home renovation contractor,False,medium,"Own services page (ntxhandymancontractors.com/services) lists bathroom renovation, fencing (wood/vinyl/metal) and interior/exterior painting; windows do not appear in the indexed services text across two searches.",web search (round 2),NO_WEBSITE
m1 auto glass Yes,,,+1 214-463-0709,"301 S Carroll Ave, Dallas, TX 75226, United States",5,0,NO,auto glass / windshield repair,False,high,"Yelp 'M1 AUTO GLASS SHOP - Dallas, Texas - Auto Glass Services'; 'provides auto glass windshield repair services for cars, trucks, and 18 wheelers'.",web search (round 2),NO_WEBSITE
Better View Windows Installation Yes,,,+1 754-336-5336,"3100-4661 W Commercial Blvd #173, Tamarac, FL 33309, United States",5,0,UNRESOLVED,window in name but service type unconfirmed,False,low,"Two searches found no listing for this business at 4661 W Commercial Blvd #173, Tamarac FL. Several unrelated Florida companies share the 'Better View' name (Largo, Melbourne, Panama City) but none ma",web search - no usable evidence,NO_WEBSITE
Dave Windows & Doors Yes,,,+1 786-947-5050,"3107 Stirling Rd #205, Fort Lauderdale, FL 33312, United States",4.6,4619,YES,name states window installation/replacement/doors,False,medium,,name/review keywords,NO_WEBSITE
Glass Solution LLC Yes,,,+1 469-329-9481,"3136 O Bannon Dr, Dallas, TX 75224, United States",5,501,YES,window installation / glass work,False,medium,"Yelp 'GLASS SOLUCION - 3136 O Bannon Dr, Dallas, Texas - Windows Installation', phone (469) 329-9481 matching the batch phone; chamberofcommerce.com lists 'Glass Solucion LLC' under 'window-installation-service' at the same address.",web search (round 2),NO_WEBSITE
Sidingrepairservicecentral austin Yes,,,+1 839-318-8537,"3204 Tom Green St, Austin, TX 78705, United States",0,0,UNRESOLVED,insufficient signal,False,low,"No listing, site or directory entry found for this business name or for 3204 Tom Green St, Austin — results are only unrelated Austin siding contractors. One of six near-identical 'Sidingrepairservice",web search - no usable evidence,NO_WEBSITE
Clean Time Softwash Yes,,,,"3500 Del Robles Dr, Austin, TX 78727, United States",5,80,NO,pressure washing / exterior cleaning,False,high,"HomeAdvisor/Yelp: pressure washing service at 3500 Del Robles Dr, Austin TX 78727 — 'roof cleaning, house washing, gutter brightening, concrete cleaning, brick cleaning, patio and deck cleaning, window cleaning, and fence cleaning'. Window cleaning is excluded by the criteria.",web search (round 2),NO_WEBSITE
Tint on 7th st Yes,,,,"3508 E 7th St B, Austin, TX 78702, United States",5,4,NO,vehicle window tinting,False,medium,"Yelp 'TINT ON 7TH ST - Austin' listed under Window Tint for Southeast Austin; the tinting business at 3508 E 7th St B, Austin TX 78702 matches the batch address. Tint/film only.",web search (round 2),NO_WEBSITE
Jimmy’s Windshield Repair Yes,,,+1 346-235-3106,"3550 E Overton Rd #1229, Dallas, TX 75216, United States",5,101,NO,"vehicle/automotive business, no glass or window signal",False,medium,,name/review keywords,NO_WEBSITE
A & M Remodel and Construction Yes,,,+1 972-809-3528,"3619 Brandon St, Dallas, TX 75211, United States",4.4,7,UNRESOLVED,general contractor / remodeling,False,low,"BuildZoom: 'A&M Remodel & Construction, 3619 Brandon St, Dallas TX' holds a General Contractor license (City of Dallas status shown at one point as cancelled). No service list or window evidence found",web search - no usable evidence,NO_WEBSITE
Discount construction Materials Yes,,,+1 214-638-8786,"3711 Singleton Blvd, Dallas, TX 75212, United States",4.1,286,NO,discount building-materials / hardware store,False,medium,"Yelp 'DISCOUNT CONSTRUCTION MATERIAL - 3711 Singleton Blvd, Dallas - Building Supplies'; categorised as Building Supplies and Door Sales/Installation, stocking windows, doors and lumber. It is a retail supplier — no evidence of window installation for end customers in two searches.",web search (round 2),NO_WEBSITE
Diamond Customs ATX - Auto Accessories & Suspension Lift Specialist Yes,,,+1 512-757-7719,"3802 Houston St, Austin, TX 78734, United States",5,31,NO,truck parts and auto accessories,False,high,"diamondcustomsatx.com — located at 3802 Houston Street, Austin TX 78734; 'specialize in truck parts, accessories, and upgrades'.",web search (round 2),NO_WEBSITE
Expert Electronics Yes,,,+1 779-423-0383,"3940 Broadway, Rockford, IL 61108, United States",4.6,194,NO,car audio and vehicle window tint,False,high,"Yelp 'EXPERT ELECTRONICS - 3940 Broadway, Rockford, Illinois - Car Stereo Installation'; 'premier car audio, window tint and home theater supplier... car stereo/window tint shop since 1984'.",web search (round 2),NO_WEBSITE
Uptown Auto Care Yes,,,+1 214-370-0376,"4307 Main St, Dallas, TX 75226, United States",5,7,NO,tire and auto repair shop,False,high,"Yelp 'UPTOWN AUTO CARE - 4307 Main St, Dallas, Texas - Auto Repair'; 'full-service tire and auto repair shop — from tires and alignments to maintenance and repairs'.",web search (round 2),NO_WEBSITE
Sidingrepairservicemueller Yes,,,+1 864-701-3883,"4508 Kocurek St, Austin, TX 78723, United States",0,0,UNRESOLVED,insufficient signal,False,low,"No listing, site or directory entry found for this business name or for 4508 Kocurek St, Austin — results are only unrelated Austin siding contractors serving the Mueller neighborhood. One of six near",web search - no usable evidence,NO_WEBSITE
SkyGlass Yes,,,+1 512-535-0172,"4528 Senda Ln, Austin, TX 78725, United States",5,3,YES,"broken window repair, home glass repair, glass door repair, window screens",False,high,"Yelp 'SKYGLASS - 4528 Senda Ln, Austin, Texas - Windows Installation'; directory service list: 'glass repair service, window screen repair, glass scratch removal, home glass repair, glass door repair, broken window repair, and mirror repair in Austin, Texas'; est. 2013.",web search (round 2),NO_WEBSITE
Ultimate ATX LLC Yes,,,+1 512-563-3683,"4534 Doss Rd, Austin, TX 78734, United States",4.4,36,NO,mobile car/boat/RV detailing,False,high,"Yelp 'ULTIMATE ATX - 4534 Doss Rd, Austin, Texas - Auto Detailing'; services: car/boat/RV washing and detailing, audio sales and installation, boat and RV storage, window tinting, dent removal.",web search (round 2),NO_WEBSITE
K K ATX AUTO GLASS LLC Yes,,,+1 918-886-5009,"4600 Elmont Dr, Austin, TX 78741, United States",5,16,NO,auto glass,False,high,"shieldfinder.com/shops/tx/austin/sf-k-k-atx-auto-glass-llc-austin/ — 'K K ATX AUTO GLASS LLC - Auto Glass Repair in Austin, Texas', offering windshield replacement, chip repair and ADAS recalibration.",web search (round 2),NO_WEBSITE
Williams Windows Yes,,,+1 817-944-6268,"4653 Nall Rd D5, Farmers Branch, TX 75244, United States",4.6,29,YES,residential window replacement,False,high,"Listing for Williams Windows, 4653 Nall Rd D5, Farmers Branch TX 75244: 'a family-owned and operated window replacement company with 18 years of exceptional service in the DFW area' (williamswindows.com).",web search (round 2),NO_WEBSITE
Mighty Auto Glass Yes,,,+1 469-879-2036,"4722 Maple Ave, Dallas, TX 75219, United States",1,3,UNRESOLVED,"auto-glass name, but may also do building glass — must verify",False,low,"Two searches returned no listing for 'Mighty Auto Glass' at 4722 Maple Ave, Dallas — only other Dallas auto glass shops. No usable evidence either way (the name alone is not evidence).",web search - no usable evidence,NO_WEBSITE
Dominguez Supplies Yes,,,+1 469-774-5948,"4771 Scyene Rd, Dallas, TX 75210, United States",4.4,55,NO,building-materials / surplus supplier,False,medium,"Yelp 'DOMINGUEZ SURPLUS - 4771 Scyene Rd, Dallas, Texas - Building Supplies'; D&B/ZoomInfo classify it as Home Improvement & Hardware Retail, a building materials supplier (Facebook video: 'come buy your door with us'). Retail supplier, no installation evidence.",web search (round 2),NO_WEBSITE
Universal Windows Direct Phoenix Yes,,,+1 480-634-8100,"4836 E McDowell Rd #101, Phoenix, AZ 85008, United States",3.6,39,YES,"replacement window sales and installation, entry and sliding glass doors",False,high,"universalwindowsphoenix.com/windows/ and BBB profile for Universal Windows Direct of Phoenix, 4836 E McDowell Rd Ste 101: 'offers the sale and installation of replacement windows, entry doors, sliding glass doors and French door services'.",web search (round 2),NO_WEBSITE
Secured Storefronts Glass Repair & Security Bars Yes,,,+1 469-751-7601,"4949 Beeman Ave #102, Dallas, TX 75223, United States",5,501,YES,commercial storefront glass repair/replacement,False,medium,"leadsmartinc.com listing under 'window-and-door-services / glass-repair-service' for 'Secured Storefronts Glass Repair & Security Bars', Dallas TX 75223: 'specializes in glass repair services and focuses on providing secure glass solutions for storefronts'.",web search (round 2),NO_WEBSITE
TLV Sliding fort lauderdale Yes,,,+1 954-860-2873,"501 NE 33rd St, Oakland Park, FL 33334, United States",4.9,4969,UNRESOLVED,insufficient signal,False,low,"Two searches found no listing for 'TLV Sliding' at 501 NE 33rd St, Oakland Park FL — results are only other Broward sliding-door repair companies. Cannot tell whether it is door-only (NO) or does glas",web search - no usable evidence,NO_WEBSITE
Window Tint By Merle Yes,,,+1 815-742-4846,"5046 Bent Tree Ct, Rockford, IL 61114, United States",5,4,NO,window tint/film only,False,medium,,name/review keywords,NO_WEBSITE
Probuilt Construction Yes,,,+1 469-359-0324,"509 Abraham Ct, Irving, TX 75060, United States",4.9,31,YES,"window repair, replacement and installation, including energy-efficiency upgrades",False,high,"Own site (probuiltremodelingandrepairs.com): 'ProBuilt Construction can help with window repair, replacement or installation, and can also upgrade windows to improve the energy efficiency of your home'; Irving TX, (469) 359-0324 matches the batch phone.",web search (round 2),NO_WEBSITE
Reinhardts Glass Company Yes,,,+1 512-892-2230,"5206 US-290, Austin, TX 78735, United States",4.5,22,YES,window repair and glass replacement/cutting for homes and businesses,False,high,"Yelp 'REINHARDT'S GLASS - 5206 W Hwy 290, Austin, Texas - Glass & Mirrors' / BBB profile: 'specializes in residential, commercial glass, mirrors and showers, offering glass cutting, glass repair, window repair, mirror installation, and shower glass'; in business since 1979. (Some directories also li",web search (round 2),NO_WEBSITE
Sidingrepairservicelost creek Yes,,,+1 215-771-7950,"524 Beardsley Ln, Austin, TX 78746, United States",0,0,UNRESOLVED,insufficient signal,False,low,"No listing, site or directory entry found for this business name or for 524 Beardsley Ln, Austin — results are only unrelated Austin siding contractors. One of six near-identical 'Sidingrepairservice<",web search - no usable evidence,NO_WEBSITE
Local Pro Construction Yes,,,+1 512-902-6560,"5305 Hudson Bend Rd, Austin, TX 78734, United States",5,27,NO,remodeling and water-damage restoration contractor,False,low,"Yelp 'LOCAL PRO CONSTRUCTION - 5305 Hudson Bend Rd, Austin, Texas - Handyman'; published service list across two searches is bathroom remodeling, emergency restoration, general contracting, home additions, home remodeling, kitchen restoration, new construction, water damage restoration — windows are",web search (round 2),NO_WEBSITE
Mcgregor Léveillé Contracting inc MLCI Yes,,,+1 954-882-6314,"5444 SW 24th Ave, Fort Lauderdale, FL 33312, United States",5,2,YES,window and door replacement,False,medium,"Florida DBPR licence record for MCGREGOR-LEVEILLE CONTRACTING INC (Jacques Aime Leveille, Certified General Contractor) at 5444 SW 24th Ave, Fort Lauderdale FL 33312, matching the batch address; listing text: 'specializes in Windows and Doors replacement in Broward, West Palm, and Miami counties', p",web search (round 2),NO_WEBSITE
Carter's General Contracting Yes,,,+1 214-758-9519,"5515 Gaston Ave, Dallas, TX 75214, United States",4.8,33,YES,"window installation and repair — sash repairs, hardware replacement, full-frame replacement and retrofits",False,high,BBB profile category 'Window Installation' for Carter's General Contracting; Yelp listing 'CARTER'S GC YOUR WINDOW REPLACEMENT COMPANY'; directory text: 'a Dallas-based general contractor and window installation and repair service... everything from sash repairs and hardware replacements to full-fra,web search (round 2),NO_WEBSITE
Giem Glass and Aluminum Fabrication,,,,,5,501,UNRESOLVED,"glass shop or building contractor, window scope unknown",False,low,"Only an Instagram handle (@giem_glass, 'Giem Glass Aluminum Fabrication') surfaced across two searches — no service description, location or site. Record has no address or phone to disambiguate.",web search - no usable evidence,NO_WEBSITE
Window Contractors Yes,,,,"5555 N Lamar Blvd Ste L-125, Austin, TX 78751, United States",2.3,3,YES,window replacement and installation,False,medium,"The business at the batch address 5555 N Lamar Blvd Ste L-125, Austin TX 78751 is Allco Contractors — listed among Austin window replacement/installation contractors ('Allco Contractors, 5555 N Lamar Blvd Ste L-125, 42 years in business') and described on Zaubee as a window installation service. Nam",web search (round 2),NO_WEBSITE
Nicky B's Auto Glass Yes,,,+1 815-519-9404,"5691 Covey Ridge Trail, Loves Park, IL 61111, United States",4.8,55,NO,auto glass and vehicle window tinting,False,high,"BBB / Yelp / chamberofcommerce listings for Nicky B's Auto Glass, Loves Park IL: auto glass shop offering windshield repair, glass repair and auto window tinting; owner Nicky Bertolino, started 2003.",web search (round 2),NO_WEBSITE
Window Yes,,,,"6025 Hunters View Ln, Dallas, TX 75232, United States",5,3,UNRESOLVED,window in name but service type unconfirmed,False,low,"Two searches found nothing for a business at 6025 Hunters View Ln, Dallas TX 75232 — the street returns only residential property listings. The one-word listing name gives nothing to search on and is ",web search - no usable evidence,NO_WEBSITE
Fred's Screens Yes,,,+1 469-730-0292,"622 S Westmoreland Rd, Dallas, TX 75211, United States",4,3,UNRESOLVED,window screen fabrication and repair,False,low,"Yelp 'FRED'S SCREENS - 622 S Westmoreland Rd, Dallas, Texas - Windows Installation'; directory blurb says 'window screens, window cleaning, and window repair services'. Screens and cleaning are exclud",web search - no usable evidence,NO_WEBSITE
FORT LAUDERDALE CONSTRUCTION LLC Yes,,,,"6311 NE 20th Terrace, Fort Lauderdale, FL 33308, United States",0,0,UNRESOLVED,licensed roofing / general construction contractor,False,low,"Sunbiz and BuildZoom records: Fort Lauderdale Construction LLC, 6311 NE 20th Terrace, Fort Lauderdale FL 33308, incorporated 2021, holds a Certified Roofing Contractor licence plus a CBC general build",web search - no usable evidence,NO_WEBSITE
Ridgewood Home & Commercial Services Yes,,,+1 512-998-4184,"6804 Covered Bridge Dr, Austin, TX 78736, United States",4.7,3,YES,"window projects alongside painting, roofing and siding",False,medium,"Listing/own site (ridgewoodhcs.com): 'a family-owned painting and roofing company based in Austin with a focus on interior and exterior painting, roofing, window, and siding projects' for residential homes and commercial workplaces; 6804 Covered Bridge Dr, (512) 998-4184 match.",web search (round 2),NO_WEBSITE
Window Treatment Plus Yes,,,+1 954-709-3273,"6854 NW 20th Ave, Fort Lauderdale, FL 33309, United States",5,4,NO,blinds/shades/shutters/drapery (window treatments),False,medium,,name/review keywords,NO_WEBSITE
N&M Remodeling Yes,,,+1 512-429-9269,"6855 E Hwy 290 #169, Austin, TX 78723, United States",3,2,YES,windows listed among interior/exterior remodeling services,False,low,"nandmremodelingllc.com/services/remodeling-services: 'interior and exterior work including bathroom renovation, kitchen renovation, hardwood floor, painting, plumbing, electrical work, roof, siding, windows, and decks'. CAVEAT: that site also shows a Silver Spring, MD address, while the Austin BBB p",web search (round 2),NO_WEBSITE
Vested Roofing Services Yes,,,+1 214-334-2954,"6912 Sweet Sue Ln, Dallas, TX 75241, United States",4,5,NO,residential roofing contractor,False,high,"BBB profile category 'Roofing Contractors'; listing text: 'a market leader in the installation of residential roofing... specialize in Roof Replacement, Roof Repair and New Roof', 6912 Sweet Sue Ln, Dallas. No windows listed.",web search (round 2),NO_WEBSITE
Solar screen savers Yes,,,+1 972-679-0133,"7019 Bates St, Dallas, TX 75227, United States",4.9,107,NO,window tint/film only,False,medium,,name/review keywords,NO_WEBSITE
Sidingrepairservicewestlakehills Yes,,,+1 582-285-5078,"715 Windsong Trail, West Lake Hills, TX 78746, United States",0,0,UNRESOLVED,insufficient signal,False,low,"No listing, site or directory entry found for this business name or for 715 Windsong Trail, West Lake Hills — results are only unrelated Austin siding contractors. One of six near-identical 'Sidingrep",web search - no usable evidence,NO_WEBSITE
All Star Window Tint Yes,,,+1 815-243-6247,"721 Tamarack Ln, Rockford, IL 61107, United States",4.9,77,NO,window tint/film only,False,medium,,name/review keywords,NO_WEBSITE
Crane's Home Repair Yes,,,+1 815-243-2152,"732 S Horace Ave, Rockford, IL 61102, United States",1,104,NO,home repair / remodeling general contractor,False,medium,"Yelp 'CRANE'S HOME REPAIR - 6960 Rydberg Rd, Rockford, Illinois - General Contractors'; HomeAdvisor/Manta service list: 'framing, drywall, trim, cabinets, steel doors, entry doors, garage doors, and repairs related to hail, wind, water, and flood damage', plus demolition, cabinetry and gutters. Door",web search (round 2),NO_WEBSITE
Window Craft Interiors Yes,,,+1 931-584-1872,"7th St, Rockford, IL 61104, United States",0,0,UNRESOLVED,window in name but service type unconfirmed,False,low,Two searches returned no listing for 'Window Craft Interiors' in Rockford IL — only unrelated Illinois window-treatment and window-installation companies. Cannot tell whether it is window coverings (N,web search - no usable evidence,NO_WEBSITE
Blind Tech LLC Yes,,,+1 512-339-3697,"801 Glen Rd, Austin, TX 78753, United States",5,284,NO,blinds/shades/shutters/drapery (window treatments),False,medium,,name/review keywords,NO_WEBSITE
Peaceful Hill Motors Yes,,,+1 512-291-3001,"8201 Peaceful Hill Ln, Austin, TX 78748, United States",4.9,49,NO,auto repair / vehicle restoration,False,medium,"8201 Peaceful Hill Ln, Austin TX 78748 is the address of Taylor Mustang Restoration ('services vehicles for Fabrication and Restoration', mechanicadvisor.com), and search results reference Peaceful Hill Motors at the same address as an Auto Repair business.",web search (round 2),NO_WEBSITE
Snyder Commercial Glass Yes,,,+1 512-833-5118,"8222 Jamestown Dr C122, Austin, TX 78758, United States",4.4,28,YES,"commercial glass installation, repair and glass replacement; exterior building glass work",False,high,"Own site snyderglasscompanyaustintx.com pages 'Glass Replacement' and 'Swing Stage Exterior Building Repair': 'a locally-owned-and-operated commercial glass company serving Central Texas... dedicated to reliable, fast and efficient glass installation and repair'; 8222 Jamestown Dr, Austin, 35+ years",web search (round 2),NO_WEBSITE
The Audio Group Yes,,,+1 214-575-6322,"8282 Spring Valley Rd #100, Dallas, TX 75240, United States",4.6,85,NO,car audio and vehicle accessories,False,high,"theaudiogroupdallas.com ('Stereos') and listings for 8282 Spring Valley Rd #100, Dallas: 'a premier provider of automotive audio and accessory solutions... installations and repairs for automotive systems, including radios, backup cameras, and ignition components'.",web search (round 2),NO_WEBSITE
HD shower Glass & Mari Glass Yes,,,+1 512-698-8466,"8290 S Central Expy, Dallas, TX 75241, United States",5,7,UNRESOLVED,"glass shop or building contractor, window scope unknown",False,low,"Two searches found no listing for 'HD Shower Glass' or 'Mari Glass' at 8290 S Central Expy, Dallas — only other Dallas shower-glass companies. Cannot tell whether it is shower/mirror only (NO) or does",web search - no usable evidence,NO_WEBSITE
Sidingrepairserviceoak hill Yes,,,+1 269-460-8945,"8305 Red Willow Dr, Austin, TX 78736, United States",0,0,UNRESOLVED,insufficient signal,False,low,"No listing, site or directory entry found for this business name or for 8305 Red Willow Dr, Austin — results are only unrelated Austin siding contractors serving Oak Hill. One of six near-identical 'S",web search - no usable evidence,NO_WEBSITE
UrbanCraft Exterior Yes,,,+1 737-309-3794,"8403 Gallatin Dr, Austin, TX 78736, United States",0,0,UNRESOLVED,"glass shop or building contractor, window scope unknown",False,low,"Two searches found no listing for 'UrbanCraft Exterior' at 8403 Gallatin Dr, Austin — results return Urbancraft Custom Builders (Houston) and unrelated Austin exterior contractors. No usable evidence ",web search - no usable evidence,NO_WEBSITE
Rodriguez Water Damage Services Yes,,,+1 972-332-5117,"8427 Marigold Dr, Dallas, TX 75241, United States",4.5,18,NO,water damage restoration and mold remediation,False,medium,"txmoldpros.com/mold-pros/rodriguez-water-damage-services-dallas-tx/ — 'a mold remediation professional in Dallas, TX', 8427 Marigold Dr, (972) 332-5117, matching the batch address and phone.",web search (round 2),NO_WEBSITE
Eddy window tint Yes,,,+1 512-804-6949,"8624 FM812, Austin, TX 78719, United States",5,5,NO,window tint/film only,False,medium,,name/review keywords,NO_WEBSITE
LJ Auto Glass Yes,,,+1 512-233-8648,"8800 N Interstate Hwy 35, Austin, TX 78753, United States",5,34,NO,auto glass,False,high,"Yelp 'LJ AUTO GLASS - Austin, Texas - Auto Glass Services', phone (512) 233-8648 matching the batch phone; 'specialize in window repair, windshield repair, window regulators, and mobile window repair' — all vehicle glass.",web search (round 2),NO_WEBSITE
Major Window Installation Yes,,,+1 754-327-7825,"900 NW 6th St #111, Fort Lauderdale, FL 33311, United States",5,2,YES,name states window installation/replacement/doors,False,medium,,name/review keywords,NO_WEBSITE
NuevaVista Windows Yes,,,+1 945-232-1378,"9848 Monroe Dr office b, Dallas, TX 75220, United States",4.7,9,YES,window installation and replacement,False,medium,"contractors.tydl.io and locallyfind.com listings: 'NuevaVista Windows | Window Installation Service | Dallas TX', 9848 Monroe Dr Office B — 'a window installation service... highlighted for its professional installation, a strong choice for homeowners considering window replacement'.",web search (round 2),NO_WEBSITE
Adrielisha Glass and Installation Services,,,,,5,501,UNRESOLVED,"glass shop or building contractor, window scope unknown",False,low,"Two searches returned no listing, page or directory entry for this business name. The record has no address or phone to disambiguate, so nothing could be verified.",web search - no usable evidence,NO_WEBSITE
ISLA GLASS Doors & Windows Glass and Aluminum Fabrication & Installation Services,,,,,1,385,UNRESOLVED,window in name but service type unconfirmed,False,low,"Two searches returned no listing, page or directory entry for 'ISLA GLASS' — only unrelated glass/aluminium fabricators. The record has no address or phone to disambiguate; the descriptive listing nam",web search - no usable evidence,NO_WEBSITE
JB Glass And Aluminum Services,,,,,5,501,YES,"installation of aluminium/glass sliding windows, sliding doors and storefronts",False,low,"Facebook page with the exact name 'JB Glass and Aluminum Services' (General Santos City): 'provides quality and affordable glass installations... they install glass and aluminum products like sliding doors, sliding windows, screen doors, and storefronts'. CAVEAT: the record has no address or phone, ",web search (round 2),NO_WEBSITE
