company_name,website,domain,phone,address,rating,review_count,qualified,window_services,also_vehicle_glass,confidence,evidence,source,site_status,locations,other_phones,other_addresses
1st Capital Certified Roofing,https://roofingcompanyaustin.com/,roofingcompanyaustin.com,+1 512-358-1300,,4.9,87,YES,installs/replaces windows; pane glazing work; replacement windows; window product line; window replacement/installation,False,high,Inspections Roof Maintenance Storm & Hail Damage Insurance Restoration Siding Replacement Window Replacement All services → Company About Us Gallery Testimonials Blog Financing In the Community Locat,site scrape,YES,1,,
1st Home & Commercial Services,https://www.1sthomeandcommercialservices.com/,1sthomeandcommercialservices.com,+1 512-282-7787,"630 Ralph Ablanedo Dr Bldg 1, Austin, TX 78748, United States",4.8,830,YES,windows & doors,False,high,Keeping windows and doors sealed to limit pollen and dust from entering your home.,site scrape,YES,1,,
828 Windows & Doors,http://828windowsanddoors.com/,828windowsanddoors.com,+1 214-389-2828,,3.3,333,YES,Window and door replacement,False,medium,"Yelp listing title '828 WINDOWS & DOORS - Dallas, Texas - Windows Installation'; Crunchbase profile for 828 Windows & Doors, Dallas TX window/door replacement",web research (earlier pass),UNKNOWN,1,,
8WS Construction,https://commercialconstructionaustin.com/,commercialconstructionaustin.com,+1 936-298-4902,,5,2,YES,Window installation as part of framing/build-out and room addition work,False,medium,"commercialconstructionaustin.com — '8WS Construction is a General Contractor in Austin, TX 78748', offering framing ('expert carpenters and framers') and cabinets; BBB category 'commercial contractors'. Google review: '8WS Construction added a whole room to my home, framed, put insulation, installed",web search,UNREACHABLE,1,,
921 Roof,https://www.921roof.com/,921roof.com,+1 972-921-7663,,5,18,YES,window product line,False,medium,"] In the end, we got beautiful Class 4 impact-resistant shingles, upgraded gutters, new windows, and fresh paint and stain with very little out-of-pocket cost.",site scrape,LIKELY,1,,
A & D Window Cleaning & Window Repair,https://aanddwindows.com/,aanddwindows.com,+1 512-918-2676,"1017 Ranch Rd 620 S #210, Lakeway, TX 78734, United States",4.6,58,YES,broken window glass; commercial storefront glazing; installs/replaces windows; insulated glass unit work; named window styles; pane glazing work; replacement windows; window product line; window replacement/installation,False,high,"A&D Window Cleaning and Repair in Austin, TX offers expert window cleaning, repairs, and maintenance services.",site scrape,YES,1,,
A to Z GC - Home Remodeling,https://atoz-gc.com/,atoz-gc.com,+1 954-280-2848,"BB3, 5933 Ravenswood Rd BB3, Fort Lauderdale, FL 33312, United States",4.3,271,YES,Impact window and door replacement and installation,False,high,atoz-gc.com/impact-windows-and-doors-fort-lauderdale/ — 'A to Z - G.C LLC specializes in replacing and installing impact Windows And Doors in Fort Lauderdale'. Yelp category is 'Windows Installation'.,web search,UNREACHABLE,1,,
A.M Windows And Doors,https://amwindowsandoors.com/,amwindowsandoors.com,+1 561-639-9752,"10749 Cleary Blvd, Plantation, FL 33324, United States",4.6,174,YES,named window styles; window product line; window replacement/installation; windows & doors,False,high,ESTIMATES and Permit assistance available. REQUEST A FREE QUOTE Professional Impact Windows and Doors Installation in South Florida Protect your home with high-quality impact windows and doors design,site scrape,YES,1,,
ABA Sliding Glass Repairs,http://fortlauderdaleslidingdoors.com/,fortlauderdaleslidingdoors.com,+1 754-285-5380,"1900 E Sunrise Blvd, Fort Lauderdale, FL 33304, United States",5,5,YES,broken window glass; commercial storefront glazing; installs/replaces windows; named window styles; pane glazing work; replacement windows; window product line; window replacement/installation,False,high,or Weatherstripping Service Shower Door Repair Door Glass Repair Door Jamb Repair Patio Door Window Repair Interior Door Repair Front Door Replacement Service Barn Door Repair Garage Door Repair Door,site scrape,YES,1,,
ABC Supply Co. Inc.,https://www.abcsupply.com/locations/location?BranchNumber=041,abcsupply.com,+1 214-630-3940,"4833 Singleton Blvd, Dallas, TX 75212, United States",4.2,154,YES,installs/replaces windows; replacement windows; window replacement/installation; windows & doors,False,high,ABC Supply is a wholesale distributor of both new construction windows and replacement windows.,site scrape,YES,1,,
AC Glass and Mirror,http://www.acglass.biz/,acglass.biz,+1 214-604-3394,"2708 Reynolds Ave, Dallas, TX 75232, United States",3.3,7,YES,"Window glass replacement, single and double pane, same/next-day",False,high,"acglass.biz — ""two divisions: Shower and Mirrors and Windows and Glass Replacement""; expertise includes ""window glass replacements in 24 hours or same day"" and ""window glass replacement (double pane and single pane)"".",web research (earlier pass),UNKNOWN,1,,
Accolade Windows & Doors Replacement,http://www.accoladewindows.com/,accoladewindows.com,+1 512-288-8354,"9705 Research Blvd Ste C2, Austin, TX 78759, United States",4.8,174,YES,installs/replaces windows; named window styles; pane glazing work; replacement windows; window product line; window replacement/installation; windows & doors,False,high,Austin Windows & Doors replacement - Window Replacement and doors with ease and save money and energy.,site scrape,YES,1,,
Ace Discount Glass & Door,https://www.quickglassservice.com/,quickglassservice.com,+1 512-345-3105,"6308 Spicewood Springs Rd, Austin, TX 78759, United States",4.5,436,YES,broken window glass; building glass replacement; commercial storefront glazing; installs/replaces windows; pane glazing work; replacement windows; window replacement/installation; windows & doors,True,high,earch Call Now Menu Auto Windshield Replacement Windshield Glass Chip Repair Car Door Window Repair Sunroof Repair & Window Trim Replacement Window Regulator Repair Liquidation Windshields Residential,site scrape,YES,1,,
Ace Handyman Services West Austin,https://www.acehandymanservices.com/offices/west-austin?utm_source=google&utm_medium=gbp,acehandymanservices.com,+1 512-366-3142,"201 Ranch Rd 620 S A, Lakeway, TX 78734, United States",4.9,501,YES,Window replacements and adjustments listed under installation services,False,medium,"acehandymanservices.com/services/installation - 'expert installation for doors, windows, appliances and more'; installation list includes 'window replacements and adjustments for improved comfort and energy efficiency'.",web research (earlier pass),UNKNOWN,1,,
Acme Glass and Tinting,https://911window.com/,911window.com,+1 972-677-7172,,4.5,49,YES,installs/replaces windows; pane glazing work; replacement windows; window product line; window replacement/installation,False,high,installation service Skip to content Home Services About Blog Contact Professional Window Installation and Repairs ACME Glass & Tinting has been serving customers in the Dallas/Ft.,site scrape,YES,1,,
ACP Construction & ECO-Energy Inc.,https://acpconstructioninc.com/,acpconstructioninc.com,+1 561-232-2560,"6555 Powerline Rd #208, Fort Lauderdale, FL 33309, United States",4.7,46,YES,commercial storefront glazing; installs/replaces windows; named window styles; window product line; window replacement/installation; windows & doors,False,high,Impact Windows and Doors installation and replacement in South Florida .,site scrape,YES,1,,
Action Window & Glass Inc.,http://actionwindowfl.com/,actionwindowfl.com,+1 754-293-7026,,4.8,59,YES,installs/replaces windows; insulated glass unit work; named window styles; pane glazing work; window product line; window replacement/installation; windows & doors,False,high,Commercial About Gallery Reviews Blog Contact Request a Free Estimate Reliable Impact Window and Door Installation in Broward and Palm Beach Counties No Subcontractors | High-Rise Specialists | Deal O,site scrape,YES,1,,
Advanced Glass Industries,http://advancedglassind.com/,advancedglassind.com,+1 954-588-1858,"4750 N Dixie Hwy #7, Fort Lauderdale, FL 33334, United States",5,171,YES,commercial storefront glazing; pane glazing work,False,high,"Design collaboration Shop drawings, physical samples and mock-ups before a single panel is fabricated.",site scrape,YES,1,,
Advanced Windows Doors and More,https://advancedwindowsdoorsandmore.com/,advancedwindowsdoorsandmore.com,+1 469-678-0401,,5,30,YES,installs/replaces windows; named window styles; pane glazing work; replacement windows; window product line; window replacement/installation; windows & doors,False,high,Call Text Email × Contact Us Fill out the form below: × Text Us Fill out the form below: Window Replacement & Installation in Van Alstyne .,site scrape,YES,1,,
Advantage Glaziers Supply LLC,https://advantageglazierssupply.com/,advantageglazierssupply.com,+1 512-443-5678,"4211 Todd Ln Bldg 1, Austin, TX 78744, United States",4.7,44,YES,named window styles; window replacement/installation; windows & doors,False,high,We are one of the largest internet windows and door replacement parts stores.,site scrape,YES,1,,
Aeromass Glass,https://www.aeromassglass.com/,aeromassglass.com,+1 512-968-4047,,5,12,YES,commercial storefront glazing; installs/replaces windows; pane glazing work,False,high,"have. We also repair broken or fogged insulated windows of all kinds. We can also repair or replace window parts and accessories such as balancers, locks, window molding, or any other problem you may",site scrape,YES,1,,
Affluent Contractors,http://www.affluentcontractors.com/,affluentcontractors.com,+1 512-299-0102,"7600 Chevy Chase Dr Bldg 2 suite 300, Austin, TX 78752, United States",3.9,14,YES,named window styles; window product line; window replacement/installation; windows & doors,False,high,Nextdoor Copyright © 2018- 2026 Affluent Contractors | All Rights Reserved Privacy Policy Window Replacement in Texas | Affluent Contractors .,site scrape,YES,1,,
Affordable Impact Windows Fort Lauderdale,https://www.affordableimpactwindowsfl.com/,affordableimpactwindowsfl.com,+1 954-564-7375,"900 NE 3rd Ave, Fort Lauderdale, FL 33304, United States",4.6,4619,YES,window product line; windows & doors,True,high,"Impact Windows – Fort Lauderdale, FL – Affordable Impact Windows Fort Lauderdale .",site scrape,YES,1,,
Affordable Windows Plus Exteriors,https://www.affordablewindowsofaz.com/locations/gilbert-az,affordablewindowsofaz.com,+1 480-736-2822,"1730 W Sunrise Blvd #101-B, Gilbert, AZ 85233, United States",4.8,533,YES,installs/replaces windows; insulated glass unit work; named window styles; pane glazing work; replacement windows; window product line; window replacement/installation; windows & doors,False,high,Window Replacement Gilbert | Energy-Efficient Windows & Doors .,site scrape,YES,2,,"2550 E Rose Garden Ln #72496, Phoenix, AZ 85050, United States"
AG Window Services,http://www.agwindowservice.com/,agwindowservice.com,+1 214-856-2935,"1426 Cedar Crest Dr, Garland, TX 75042, United States",5,64,YES,"Window installation, replacement and repair — energy-efficient picture and single-hung windows",False,high,"agwindowservice.com — 'a locally owned and operated window replacement company based in Garland, TX ... premium window installation, replacement, and repair services ... specializing in energy-efficient upgrades like picture windows and single-hung windows'; Google review: 'We recently had all of ou",web search,UNKNOWN,1,,
AJ Window Solutions LLC,https://ajwindowsolutions.com/,ajwindowsolutions.com,+1 972-207-1560,"11419 Mathis Ave Ste 211, Farmers Branch, TX 75234, United States",4.3,13,YES,building glass replacement; installs/replaces windows; insulated glass unit work; named window styles; pane glazing work; window product line; window replacement/installation,False,high,AJ Window Solutions – Window Repairs and Installations .,site scrape,YES,1,,
Alamo Glass,https://www.alamoaustin.com/,alamoaustin.com,+1 512-452-5731,"7123 N Lamar Blvd, Austin, TX 78752, United States",4.7,326,YES,building glass replacement; commercial storefront glazing; insulated glass unit work; pane glazing work; window product line; window replacement/installation,False,high,"y 8:00 am – 4:30 pm Sat – Sun Closed © 2025 Alamo Glass | Sitemap | Privacy Share by: Window Glass Replacement in Austin TX | Fast, Affordable Window Glass Repair .",site scrape,YES,1,,
Alamo Glass & Mirror,https://www.alamoglassco.com/,alamoglassco.com,+1 214-821-2886,"10510 Olympic Dr, Dallas, TX 75220, United States",3.9,38,YES,commercial storefront glazing; installs/replaces windows; replacement windows; window replacement/installation,False,high,t Name Email Address Phone Number What products/services are you interested in? Mirrors Window Glass Replacement Storefront Replacement Windows Shower Doors Table Tops Cabinet Glass Other Products/Ser,site scrape,YES,1,,
All American Windows and Doors Inc.,http://www.aawimpact.com/,aawimpact.com,+1 954-786-8525,"6001 Powerline Rd Ste B, Fort Lauderdale, FL 33309, United States",3.6,77,YES,commercial storefront glazing; installs/replaces windows; replacement windows; window product line; window replacement/installation; windows & doors,False,high,Full window replacements.,site scrape,YES,1,,
All Florida Screens & Shutters,http://www.webuildscreens.com/,webuildscreens.com,+1 954-254-6089,"2764 N Dixie Hwy, Wilton Manors, FL 33334, United States",4.8,69,YES,named window styles; window product line; windows & doors,False,high,Custom Enclosures & Hurricane Impact Windows | South Florida .,site scrape,YES,1,,
All Impact Renovations Windows & Doors,https://www.allimpactrenovations.com/,allimpactrenovations.com,+1 954-655-1527,"4866 NE 12th Ave, Oakland Park, FL 33334, United States",4.9,41,YES,named window styles; window product line; windows & doors,False,high,"Hurricane Resistant Impact Windows & Doors: Broward, FL .",site scrape,YES,1,,
All Pro Windows and Doors,http://www.allprowindowsanddoors.com/,allprowindowsanddoors.com,+1 954-771-0071,"1071 NW 53rd St, Fort Lauderdale, FL 33309, United States",3.5,17,YES,window product line; window replacement/installation; windows & doors,False,high,get only the best services when you hire All Pro Windows & Doors to work on your door and window installations.,site scrape,YES,1,,
All Window & Door Repairs Inc,https://impactshieldwindows.com/?utm_source=omg-gbp&utm_medium=webclick,impactshieldwindows.com,+1 954-400-1736,"4768 NE 12th Ave, Oakland Park, FL 33334, United States",4.8,421,YES,name states window installation/replacement/doors,False,medium,,name/review keywords,UNKNOWN,1,,
Allco Contractor - Windows Siding & Patios,http://allcocontractor.com/,allcocontractor.com,+1 512-845-6606,,0,0,YES,installs/replaces windows; replacement windows; window product line; window replacement/installation,False,high,Learn more Windows Investing in replacement windows can drastically improve the appearance and efficiency of your home.,site scrape,YES,1,,
Allied Door Repair,http://www.allieddoorrepair.com/,allieddoorrepair.com,+1 954-552-2474,"1940 NW 1st Ave, Pompano Beach, FL 33060, United States",4.9,183,YES,installs/replaces windows; replacement windows; window replacement/installation,False,high,Allied Sliding Glass Door & Window Repair .,site scrape,YES,1,,
Allied Exteriors,https://alliedexteriors.com/,alliedexteriors.com,+1 972-888-9988,,4.4,174,YES,installs/replaces windows; named window styles; replacement windows; window product line; window replacement/installation,False,high,Replacement Windows Thinking about replacing your windows?,site scrape,YES,1,,
Alpha Glass & Mirror,http://www.alphaautoglass.com/,alphaautoglass.com,+1 954-564-6610,"3201 NE 2nd Ave, Fort Lauderdale, FL 33334, United States",4.8,180,YES,window product line; window replacement/installation,True,high,"Our full service Fort Lauderdale Glass and Mirror company provides auto glass, window repair, decorative glass, glass repair, custom mirrors and showers.",site scrape,YES,1,,
Alpha Glass Company,http://alphaglassco.com/,alphaglassco.com,+1 512-792-9234,"5214 Burleson Rd #501, Austin, TX 78744, United States",4,22,YES,commercial storefront glazing; window replacement/installation,False,high,"Contact Us Now Residential Services Windows Whether you're needing a fogged/broken window replaced or solar efficient windows or safety windows, we are here for you!",site scrape,YES,1,,
Alpine Exteriors Siding Roofing & Windows,https://alpineexteriorstx.com/,alpineexteriorstx.com,+1 214-537-9454,"5960 Berkshire Ln Ste 100, Dallas, TX 75225, United States",5,13,YES,installs/replaces windows; replacement windows; window product line; window replacement/installation; windows & doors,False,high,"Alpine Exteriors TX provides professional siding installation, roofing services, and window replacement in Dallas, TX.",site scrape,YES,1,,
Alside,https://www.alside.com/,alside.com,+1 512-926-6249,"8301 Springdale Rd Ste 100, Austin, TX 78724, United States",4.1,28,YES,installs/replaces windows; insulated glass unit work; named window styles; replacement windows; window product line; window replacement/installation,False,high,e Accents Exterior Accents Home > Products > Windows & Patio Doors > Vinyl Replacement Windows Vinyl Replacement Windows Vinyl replacement windows have emerged as a popular choice for homeowners seek,site scrape,YES,1,,
Alumiglass and Windows LLC,https://alumiglassandwindows.com/,alumiglassandwindows.com,+1 972-658-2192,"1235 Tree Top Dr, Frisco, TX 75033, United States",5,76,YES,commercial storefront glazing; window product line; window replacement/installation; windows & doors,False,high,Expert Glass & Window Installation | Alumiglass & Windows .,site scrape,YES,1,,
Alvarez Glass and Mirror LLC,http://www.alvarezglass.com/,alvarezglass.com,+1 214-906-3955,"11227 Goodnight Ln #905, Dallas, TX 75229, United States",3.7,3,YES,commercial storefront glazing; window replacement/installation,False,high,ers say “Alvarez Glass has the experience and equipped to handle projects as simple as glass window repairs to full glass construction projects.,site scrape,YES,1,,
AM Gutter Services,https://www.amgutterservices.com/,amgutterservices.com,+1 214-980-4366,"5641 SMU Boulevard #106, Dallas, TX 75206, United States",5,257,YES,installs/replaces windows; window replacement/installation,False,high,nspouts Gutter Installation Other Services Roof Installation Siding Installation Window Installation Fence Installation Power Washing Business Hours Monday to Friday 7:00 am – 7:00 pm Saturday 8:00 am,site scrape,YES,1,,
AM Roofing Company,https://amroofingcompany.com/?utm_source=Google_Maps&utm_medium=Website_Link-Click&utm_campaign=Google_Maps_Visits,amroofingcompany.com,+1 214-980-4366,"5641 SMU Boulevard #106, Dallas, TX 75206, United States",4.9,39,YES,installs/replaces windows; window replacement/installation,False,high,rials Roof Inspectors Related Services Siding Installation Skylight Installation Window Installation Fence Installation Free Inspection RECENT PROJECTS Residential & Commercial Roofing Services AM Roo,site scrape,YES,1,,
Amazing Exteriors,http://amazingexteriors.com/locations/dallas/,amazingexteriors.com,+1 817-761-4113,"4343 Sigma Rd Suite 100, Farmers Branch, TX 75244, United States",4.6,244,YES,installs/replaces windows; named window styles; replacement windows; window product line; window replacement/installation; windows & doors,False,high,ape Windows Marvin Insert Windows Infinity Marvin Windows Why Fiberglass Windows? Guide to Window Replacement Energy Efficiency Siding James Hardie Siding Vinyl Siding Doors Infinity by Marvin Patio D,site scrape,YES,1,,
AMC Windows & Screens,http://amcwindows.com/,amcwindows.com,+1 954-584-7171,"3608 W Broward Blvd, Fort Lauderdale, FL 33312, United States",3.8,39,YES,windows & doors,False,high,Storefronts Surrounding Glass for Wine Rooms High-Rise Glass Replacement Impact-Resistant Windows and Doors Interior Glass Dividers Bullet-Resistant Glass & Enclosures Glass Office Doors & Systems D,site scrape,YES,1,,
American Door Company,https://www.americandoor.biz/,americandoor.biz,+1 754-345-8246,"595 Prospect Rd, Oakland Park, FL 33309, United States",3.6,56,YES,named window styles; window product line; window replacement/installation; windows & doors,False,high,We offer door and window sales and installation services.,site scrape,YES,1,,
American Glass and Waterproof,https://agwatx.com/,agwatx.com,+1 512-817-7246,,5,2,YES,Residential and commercial window glass replacement; skylight installation and repair,False,high,"'American Glass And Waterproof ... is a full service commercial and residential glass company ... glass replacement, door service & hardware, mirror replacement, skylight installation & repair, and waterproofing'; Yelp category 'Windows Installation'; Google review: 'I recently had my upstairs windo",web search,UNKNOWN,1,,
American Strong Windows Doors & Roofs Inc,https://americanstrong1.com/,americanstrong1.com,+1 954-245-1744,"966 NW 51st Pl, Fort Lauderdale, FL 33309, United States",5,10,YES,window product line; windows & doors,False,high,"pray Rock Technology’s FAQ Contact home improvement Services You Can Rely On Specializing in impact windows, doors, and roofing solutions, we provide homeowners with top-tier, durable, and reliable se",site scrape,YES,1,,
American Window Systems (A Window Inc.),https://www.americanwindowsystems.com/,americanwindowsystems.com,+1 817-654-9050,"6201 Dowdell Rd Unit c, Fort Worth, TX 76119, United States",4.1,67,YES,installs/replaces windows; named window styles; pane glazing work; replacement windows; window product line; window replacement/installation,False,high,"rochures Knowledge Center Home Owners Guide ABOUT US Best Replacement Window Fort Worth - Window Installation Arlington - New Windows Denton Serving Dallas, Fort Worth, Arlington and more in the DFW",site scrape,YES,1,,
Andersen Windows,https://www.andersenwindows.com/,andersenwindows.com,+1 214-221-9500,"3801 Regency Crest Dr, Garland, TX 75041, United States",4.1,59,YES,installs/replaces windows; named window styles; replacement windows; window product line; window replacement/installation; windows & doors,False,high,o Andersen™ Plan your project Compare Windows Compare Doors Compare Series Design your Window or Door Replacement Windows Replacement Doors Storm & Screen Doors Windows by Room Homeowner Blog Photo Ga,site scrape,YES,1,,
Andy's Sprinkler Drainage & Lighting,https://sprinklerdrainage.com/location/austin/?utm_source=gbp&utm_medium=organic&utm_campaign=gbp-listing&utm_content=austin-branch,sprinklerdrainage.com,+1 866-717-0318,"9729 N Interstate Hwy 35, Austin, TX 78753, United States",4.8,883,YES,windows & doors,False,high,"Window and Door Framing Make the entrance to your home stand out with a warm, welcoming touch.",site scrape,YES,1,,
APEX Building Supply | windows | Doors | Flooring | Trims,https://apex-buildingsupply.com/,apex-buildingsupply.com,+1 512-877-4591,"2310 Donley Dr Ste D, Austin, TX 78758, United States",5,108,YES,Retail supplier of windows and doors; site describes service from consultation through installation,False,low,"apex-buildingsupply.com — 'provides personalized service from initial consultation to installation... They partner with renowned brands that prioritize durability, efficiency, and safety'. Google review: 'a fantastic resource for quality doors, windows'. Their site is barely indexed and three search",web search,UNKNOWN,1,,
Apex Windows & Glass,https://apexwindowstx.com/,apexwindowstx.com,+1 214-263-3008,"7200 W University Dr, McKinney, TX 75071, United States",5,61,YES,broken window glass; building glass replacement; commercial storefront glazing; insulated glass unit work; named window styles; pane glazing work; window product line; window replacement/installation,False,high,Window Replacement in Dallas-Fort Worth | Apex Windows .,site scrape,YES,1,,
Aquamarine Windows and Doors,https://aquamarinewindows.com/,aquamarinewindows.com,+1 469-887-0015,,5,9,YES,installs/replaces windows; insulated glass unit work; named window styles; pane glazing work; replacement windows; window replacement/installation; windows & doors,False,high,Design-Led Window Replacement in DFW | Aquamarine .,site scrape,YES,1,,
Arcadia Texas Inc.,http://arcadiainc.com/,arcadiainc.com,+1 469-210-8245,"7601 Ambassador Row #102, Dallas, TX 75247, United States",4.4,449,YES,commercial storefront glazing; named window styles; window product line,False,high,pact Door Hardware Column 3 Windows Fixed – Projecting Hung Sliding Acoustic Ballistic Blast Impact Window Hardware & Accessories Column 4 Further Information Arcadia Product Brochures Request A Quot,site scrape,YES,1,,
Area Construction & Renovation,http://areaconstructionrockford.com/,areaconstructionrockford.com,+1 815-980-1710,,5,19,YES,installs/replaces windows; window product line; window replacement/installation,False,high,Home window installation & replacements.,site scrape,YES,1,,
Arizona Glass & Door Connection,https://www.azglassconnection.com/,azglassconnection.com,+1 602-375-2000,"9850 N 19th Dr #7, Phoenix, AZ 85021, United States",3.4,45,YES,building glass replacement; commercial storefront glazing; installs/replaces windows; insulated glass unit work; named window styles; replacement windows; window product line; window replacement/installation; windows & doors,False,high,fety Glass Showcase Glass Sliding Glass Doors Storefront Glass Services Windows Garden windows Home Window Repair Onrate Glass Picture Windows Residential Windows Skylight Repair Weather Damage Window,site scrape,YES,1,,
Arizona Window & Door Store,https://azwds.com/?utm_source=google&utm_medium=organic&utm_campaign=gbp,azwds.com,+1 480-450-1953,"7625 E Redfield Rd #400, Scottsdale, AZ 85260, United States",4.9,1312,YES,name states window installation/replacement/doors,False,medium,,name/review keywords,UNKNOWN,1,,
Arrow Glass and Mirror,https://glassgang.com/,glassgang.com,+1 512-339-4888,"9201 Brown Ln Suite 280, Austin, TX 78754, United States",4.3,33,YES,building glass replacement; commercial storefront glazing; window product line; window replacement/installation; windows & doors,False,high,"wer Enclosures to Insulated Window Glass See what we have to offer Custom Glass Showers Window Glass Replacement Mirrors and Vanity Glass Commercial Glass & Glazing Ground up construction, Remodel/Ren",site scrape,YES,1,,
Art's Door & Window Replacement,https://artswindowreplacement.com/,artswindowreplacement.com,+1 779-363-0284,"130 S State St #410, Belvidere, IL 61008, United States",5,5,YES,name states window installation/replacement/doors,False,medium,,name/review keywords,UNREACHABLE,1,,
ASP Windows and Doors,https://www.aspwindows.com/contact/doral-florida?utm_campaign=gmb,aspwindows.com,+1 786-751-5389,"3400 NW 114th Ave, Doral, FL 33178, United States",4.8,945,YES,broken window glass; commercial storefront glazing; reglazing; window product line; window replacement/installation; windows & doors,False,high,Do you offer financing options for window and door installations?,site scrape,YES,1,,
Assured Contracting LLC,https://assured-contracting.com/,assured-contracting.com,+1 954-652-1098,"3553 NW 10th Ave, Oakland Park, FL 33309, United States",4.1,56,YES,installs/replaces windows; named window styles; pane glazing work; window product line; window replacement/installation,False,high,Hurricane Impact Window Services We Offer in Oakland Park Full Home Hurricane Window Installation We replace every window in your home with strong hurricane impact windows.,site scrape,YES,1,,
Atrium Aluminum Products,http://www.atrium.com/,atrium.com,+1 214-331-3870,"9001 Ambassador Row, Dallas, TX 75247, United States",4.3,91,YES,installs/replaces windows; named window styles; replacement windows; window product line; windows & doors,False,high,"rs | Manufacturer of Vinyl Windows and Patio Doors . Atrium manufactures energy efficient replacement windows, new-construction windows and patio doors designed to increase the comfort and beauty of",site scrape,YES,2,+1 800-846-9556,
Attack-A-Crack Glass Specialist,http://attackacrackglassspecialist.com/,attackacrackglassspecialist.com,+1 512-995-2191,"3303 Peavy Dr, Austin, TX 78725, United States",4.8,44,YES,broken window glass; commercial storefront glazing; insulated glass unit work; pane glazing work; window replacement/installation,False,high,", Get 10% off this month on your frameless shower glass when you try our services! Home Window Glass Replacement Custom Wine Cellar Design Home Window Glass Replacement Custom Wine Cellar Design More",site scrape,YES,1,,
Austin Dream Remodeling Bathroom & Kitchen,https://austindreamremodeling.com/?utm_source=google&utm_medium=GBP&utm_campaign=seo,austindreamremodeling.com,+1 512-778-0791,"2713 Bristol Dr #2, Austin, TX 78723, United States",4.9,88,YES,Installs new windows and doors as part of exterior remodeling,False,high,"austindreamremodeling.com/exterior-remodeling/ — 'The company specializes in updating siding, installing new windows and doors, adding outdoor living spaces, and refreshing facades'.",web search,UNKNOWN,1,,
Austin Eco Windows,https://eco-windowsaustin.com/,eco-windowsaustin.com,+1 737-355-5640,,0,0,YES,installs/replaces windows; pane glazing work; replacement windows; window product line; window replacement/installation,False,high,Energy-Efficient Windows Austin | Austin Eco Windows Home About Services Energy-Efficient Window Replacement Double & Triple Pane Window Installation Low-E & Insulated Window Solutions Window Install,site scrape,YES,1,,
Austin Glass & Doors,https://austin-glass.ueniweb.com/?utm_campaign=gmb,austin-glass.ueniweb.com,+1 512-618-1305,"6903 Granger Dr, Austin, TX 78744, United States",2.3,233,YES,commercial storefront glazing,False,high,Austin Glass & Doors | Glazier in Austin .,site scrape,YES,1,,
Austin Glass & Mirror Inc,http://www.austinglass.com/,austinglass.com,+1 512-928-9999,"6308 Decker Ln # A, Austin, TX 78724, United States",4.3,11,YES,commercial storefront glazing,False,high,| Commercial Glazing Contractor | Austin Texas .,site scrape,YES,1,,
Austin Glass Guys,http://austinglassguys.com/,austinglassguys.com,+1 737-260-7555,"1017 Ranch Rd 620 S #210, Lakeway, TX 78734, United States",5,6,YES,"Window repair, glass repair and replacement, windows & doors, sliding patio doors, storefront glass",False,high,"austinglassguys.com ('Austin Glass Guys: Shower Glass & Window Replacement') — 'full-service glass company that services all of Central Texas ... more than 50 years of combined experience in the glass and glazing industries ... Specialize in: Window Repair, Glass Repair & Replacement, Custom Showers",web search,UNKNOWN,1,,
Austin Jones Company,http://austinjonescompany.com/,austinjonescompany.com,+1 512-633-2605,"13119 Green River Trail, Austin, TX 78729, United States",4.8,94,YES,installs/replaces windows; replacement windows; window product line; window replacement/installation,False,high,"BOUT US SERVICES INTERIOR & EXTERIOR PAINTING KITCHEN & BATH REMODELING SIDING REPLACEMENT WINDOW REPLACEMENTS GALLERY REVIEWS CONTACT US Address 13119 Green River Trail, Austin, TX 78729 Get in touch",site scrape,YES,1,,
Austin Painting & Drywall LLC,https://www.atxgc.com/?utm_campaign=gmb,atxgc.com,+1 512-881-7203,,5,63,YES,commercial storefront glazing; installs/replaces windows; named window styles; pane glazing work; replacement windows; window product line; window replacement/installation; windows & doors,False,high,Painting Exterior Painting Drywall Installation Wallpaper Removal Insurance Home Repairs Window Installation Bathroom Remodeling Tile Installation Kitchen Remodeling Water Mitigation Services Commer,site scrape,YES,2,+1 512-993-0948,
Austin Pro Siding Windows & Roofing,https://www.austinprosiding.com/,austinprosiding.com,+1 512-550-0000,"7801 N Lamar Blvd Ste C70, Austin, TX 78752, United States",4.9,467,YES,installs/replaces windows; insulated glass unit work; named window styles; pane glazing work; replacement windows; window product line; window replacement/installation; windows & doors,False,high,"d · Since 2009 Central Texas Homes Deserve Better Than Average Austin Pro provides siding, window replacement, roof replacement, gutters, doors, and more for homeowners across Austin and Central Texas",site scrape,YES,1,,
Austin Residential Window Replacement,https://austinresidentialwindowreplacement.com/,austinresidentialwindowreplacement.com,+1 512-379-6857,"6500 River Pl Blvd Building 7C, Austin, TX 78730, United States",0,0,YES,name states window installation/replacement/doors,False,medium,,name/review keywords,UNKNOWN,1,,
Austin Retrofit Inc.,http://www.austinretrofit.com/,austinretrofit.com,+1 512-926-6665,"1834 Ferguson Ln Bldg 1300, Austin, TX 78754, United States",4.5,30,YES,installs/replaces windows; named window styles; window product line; window replacement/installation; windows & doors,False,high,"Angie's List Review First of all, I had them do full house window replacements about 4 years ago and was very happy with that.",site scrape,YES,1,,
Austin Sliding Door and Window Repair,https://austinslidingdoorrepair.com/,austinslidingdoorrepair.com,+1 512-621-5542,"6705 US-290 #502-278, Austin, TX 78735, United States",4.7,43,YES,commercial storefront glazing; named window styles; window product line; window replacement/installation,False,high,Home - Austin Sliding Door and Window Repair - AUSTIN TX .,site scrape,YES,1,,
Austin Window and Door,https://austinwindowanddoor.com/,austinwindowanddoor.com,+1 844-578-3096,"701 Tillery St, Austin, TX 78702, United States",4.2,5,YES,name states window installation/replacement/doors,False,medium,,name/review keywords,UNKNOWN,1,,
Austin Window and Doors,https://austinwindowanddoors.andersenwindowscertifiedcontractors.com/,austinwindowanddoors.andersenwindowscertifiedcontractors.com,+1 512-612-1829,,0,0,YES,named window styles; window replacement/installation; windows & doors,False,high,Windows Replacement in Austin | Austin Window and Doors .,site scrape,YES,1,,
Austin Window Siding and Roofing,https://austinwindowssidingroofing.com/,austinwindowssidingroofing.com,+1 512-645-1088,"901 S MoPac Expy, Austin, TX 78746, United States",4.8,267,YES,Pella replacement window installation,False,high,austinwindowssidingroofing.com/services/window-installation/ — 'They offer Pella window replacements that are energy-efficient windows ... all professionally installed for a perfect fit.',web search,UNKNOWN,1,,
Austin Windowerks,http://windowerks.com/,windowerks.com,+1 512-837-7200,"2339 Kramer Ln, Austin, TX 78758, United States",4.3,28,YES,building glass replacement; commercial storefront glazing; installs/replaces windows; insulated glass unit work; replacement windows; window product line; window replacement/installation; windows & doors,False,high,"Window Installation Liberty Hill, TX | Round Rock, TX .",site scrape,YES,1,,
Austin’s Best Window Installer’s,http://austinbestcontract.wix.com/windows,austinbestcontract.wix.com,+1 512-934-3979,,4.4,9,YES,Installs windows and patio/sliding doors (Pella products) per customer review; no site content indexed,False,low,"No page content from austinbestcontract.wix.com/windows is indexed (two searches returned only Austin window-installer directories). Evidence is the Google review: 'Rodrick and his partner did a great job installing our new Pella sliding door. When I called about a problem with the screen door, he r",web search,UNREACHABLE,1,,
Austin’s BEST Windows and Siding Co,https://austinsbestwindowsandsiding.com/,austinsbestwindowsandsiding.com,+1 512-999-8569,,5,5,YES,installs/replaces windows; replacement windows; window product line; window replacement/installation,False,high,Learn more Windows Investing in replacement windows can drastically improve the appearance and efficiency of your home.,site scrape,YES,1,,
Avana Windows & Doors,https://www.avanawindows.com/,avanawindows.com,+1 954-902-7815,"515 E Las Olas Blvd Suite 120, Fort Lauderdale, FL 33301, United States",4.9,11,YES,name states window installation/replacement/doors,False,medium,,name/review keywords,UNKNOWN,1,,
AWE Build,https://www.mywindowexpert.com/,mywindowexpert.com,+1 512-755-5582,,5,10,YES,installs/replaces windows; named window styles; replacement windows; window product line; window replacement/installation; windows & doors,False,high,"ld | Austin TX Home Services AWE BUILD Austin, Texas (512) 755-5582 Home Services Window Replacement Door Replacement Siding Installation Patio Covers & Sunrooms Bathroom Remodels About Us Our Story",site scrape,YES,1,,
AZ Valley Windows LLC,https://azvalleywindows.com/,azvalleywindows.com,+1 623-516-7800,"2501 W Behrend Dr Suite B-21, Phoenix, AZ 85027, United States",4.4,101,YES,installs/replaces windows; named window styles; replacement windows; window product line; window replacement/installation; windows & doors,False,high,o Doors Multi-Slide Doors Gallery Before and After Photos Financing Discounts & Promotions Window Replacement Financing About Us Our Blog Reviews Service Areas Careers Why AZ Valley Windows Resources,site scrape,YES,1,,
B&B Plate Glass,https://www.austintxglass.net/,austintxglass.net,+1 512-825-3738,"11707 N Lamar Blvd, Austin, TX 78753, United States",4.9,533,YES,broken window glass; building glass replacement; commercial storefront glazing; installs/replaces windows; pane glazing work; window replacement/installation,False,high,"storefront glass service, glass of austin, austin tx commercial mirrors, austin tx emergency window repair, austin tx sliding glass door repair, austin tx store front board up service, glass of bastr",site scrape,YES,1,,
Baker Roofing & Construction Inc,https://baker-roofing.com/,baker-roofing.com,+1 855-766-3777,"6507 Trammel Dr, Dallas, TX 75214, United States",4.9,62,YES,installs/replaces windows; named window styles; pane glazing work; replacement windows; window product line; window replacement/installation; windows & doors,False,high,"ith Energy-Efficient Replacement Windows . replacement windows, energy efficient windows, window installation, home improvement, window financing, vinyl windows, window materials, increase home value",site scrape,YES,1,,
BC Roofing Siding & Windows,http://www.bcroof.com/,bcroof.com,+1 972-306-0215,"2300 Valley View Ln #107, Farmers Branch, TX 75234, United States",4.7,36,YES,installs/replaces windows; named window styles; pane glazing work; replacement windows; window product line; window replacement/installation,False,high,"ch, TX Flower Mound, TX Frisco, TX Garland, TX Lewisville, TX Plano, TX Richardson, TX Windows Window Replacement Carrollton, TX Coppell, TX Dallas, TX Farmers Branch, TX Flower Mound, TX Frisco, TX G",site scrape,YES,1,,
Bello Remodeling,https://bello-remodeling.com/,bello-remodeling.com,+1 512-663-8573,"2517 Berkeley Ave, Austin, TX 78745, United States",5,53,YES,Replacing old windows as part of exterior remodels,False,high,"belloremodeling.com — 'Bello Remodeling specializes in upgrading siding, replacing old windows, and roof services'; Thumbtack profile is titled 'Bello Remodeling Windows Siding Roofing'.",web search,UNREACHABLE,1,,
Best Buy Windows and Siding,https://www.bestbuywindowsandsiding.com/,bestbuywindowsandsiding.com,+1 469-946-3697,"1800 N Glenville Dr #102, Richardson, TX 75081, United States",4.4,375,YES,installs/replaces windows; named window styles; pane glazing work; replacement windows; window product line; window replacement/installation; windows & doors,False,high,Get custom window installation services today.,site scrape,YES,1,,
Bethany Windows,http://bethanywindowstexas.com/,bethanywindowstexas.com,+1 512-876-0590,"1775 County Rd 279 A-104, Liberty Hill, TX 78642, United States",5,84,YES,installs/replaces windows; replacement windows; window product line; window replacement/installation; windows & doors,False,high,ows offers quality home improvement services focusing on customer satisfaction and expert window installation for your renovation needs.,site scrape,YES,1,,
Binswanger Glass,https://www.binswangerglass.com/branch/dallas-tx-4222-harry-hines-blvd/,binswangerglass.com,+1 214-520-6583,"4222 Harry Hines Blvd, Dallas, TX 75219, United States",3.9,87,YES,building glass replacement; commercial storefront glazing; installs/replaces windows; insulated glass unit work; pane glazing work; reglazing; replacement windows; window replacement/installation,False,high,ion Request a Quote See Our Case Studies Residential Glass Residential Glass Shower Doors Window Glass Repair and Replacement Custom Mirrors Custom Glass Table Tops & Replacement Custom Glass Shelves,site scrape,YES,1,,
Blade Glazing LLC,http://bladeglazingllc.com/,bladeglazingllc.com,+1 214-687-1216,,5,9,YES,commercial storefront glazing; pane glazing work; window product line,False,high,"h state-of-the-art tools — so they open and close smoothly, every time. Windows & Glass Panels New window glass and custom panels that improve light, comfort and the energy efficiency of your building",site scrape,YES,1,,
Blake Construction Blake Construction,http://www.blake-construction.com/contact-us/,blake-construction.com,+1 214-563-5035,"100 S Glasgow Dr, Dallas, TX 75214, United States",5,5017,YES,window product line; window replacement/installation,False,high,"Any and all tile, marble, and natural stone work Custom trim, doors and millwork Custom wood window repair Any mechanical problems.",site scrape,YES,1,,
Bliss Window & Screen Inc.,https://www.blisswindow.com/?utm_source=google&utm_medium=organic&utm_campaign=gbp-fort-lauderdale&utm_id=local&utm_content=fort-fauderdale,blisswindow.com,+1 954-763-5086,"815 N Andrews Ave, Fort Lauderdale, FL 33311, United States",4.4,77,YES,installs/replaces windows; insulated glass unit work; named window styles; pane glazing work; replacement windows; window product line; window replacement/installation; windows & doors,False,high,"Bliss Window & Screen specializes in hurricane impact resistant windows and doors replacement and screen installations in Fort Lauderdale, FL.",site scrape,YES,1,,
Bluebonnet Windows and Installation,http://bluebonnetwindows.com/,bluebonnetwindows.com,+1 512-757-9733,,5,5,YES,window in name + review describes window work,False,medium,,name/review keywords,UNREACHABLE,1,,
Boca Impact Window and Door,https://www.bocaimpactwd.com/?utm_source=google&utm_medium=organic&utm_campaign=GBPListing-Boca-Raton-FL,bocaimpactwd.com,+1 561-556-4539,"Bay 17, 3601 N Dixie Hwy, Boca Raton, FL 33431, United States",5,68,YES,commercial storefront glazing; installs/replaces windows; named window styles; replacement windows; window product line; window replacement/installation; windows & doors,False,high,t An Appointment (561) 556-4539 facebook Instagram rss Home Windows Back Hurricane Impact Windows Replacement Windows Architectural Windows Doors Back Impact Doors Fiberglass Entry Doors French Doors,site scrape,YES,1,,
Bold Roofing - DFW's Best Roofing Contractor,https://boldroofing.com/,boldroofing.com,+1 972-380-9300,"10720 Miller Rd #303, Dallas, TX 75238, United States",4.7,623,YES,window replacement/installation,False,high,"area. Fully licensed and known for our reliability, we specialize in: Roof Gutters Windows Sheetrock Painting Repair Fence Windows Shutters Stain New fence Replacement Chimney repairs to include afte",site scrape,YES,1,,
Brennan Enterprises,https://www.brennancorp.com/?utm_source=google&utm_medium=organic&utm_campaign=gmb&utm_term=dallas,brennancorp.com,+1 972-619-9281,,0,0,YES,installs/replaces windows; named window styles; replacement windows; window product line; window replacement/installation; windows & doors,False,high,Patio Doors French (Hinged) Doors Pivot Doors Front Doors View All Exterior Doors Services Window Replacement Exterior Door Replacement Design-Build Windows & Doors New Construction Supply Windows & D,site scrape,YES,1,,
BrightWing Custom Exteriors,http://www.brightwingcustom.com/,brightwingcustom.com,+1 512-323-0124,"9086 Jollyville Rd, Austin, TX 78759, United States",5,36,YES,installs/replaces windows; replacement windows; window product line; window replacement/installation; windows & doors,False,high,"installation to create a custom Hardie-Plank installation for your home. Learn More Austin Window Replacement & Installation If you are considering upgrading your windows to a modern, energy-efficient",site scrape,YES,1,,
Brothers Custom Glass and Mirrors LLC.,https://brotherscustomglas.wixsite.com/website,brotherscustomglas.wixsite.com,+1 512-593-3865,,3.8,13,YES,Glass and glazing work including storefronts; customer review describes a custom-cut window pane supplied and fitted,False,medium,Blue Book ProView listing: 'main lines of business include Glass & Glazing Contractors and Storefronts'; Google review: 'We had a window requiring a custom cut and they worked with us to get exactly what we wanted when other companies either didn't reply or didn't do that type of work.',web search,UNREACHABLE,1,,
Broward Impact Window & Door,https://www.browardimpact.com/?utm_source=google&utm_medium=maps&utm_campaign=gmb,browardimpact.com,+1 954-922-0606,"1954 Tigertail Blvd, Dania Beach, FL 33004, United States",4.6,246,YES,installs/replaces windows; replacement windows; window product line; window replacement/installation; windows & doors,False,high,"According to Broward Impact, residential impact window installations in Broward County range from $8,000 to $35,000.",site scrape,YES,1,,
Brunos Mirrors & Glass Inc,https://www.brunosglass.com/,brunosglass.com,+1 954-224-4254,"4638 NW 8th Terrace, Fort Lauderdale, FL 33309, United States",5,2,YES,"Commercial windows, insulated glass, replacement glass, storefronts",False,high,"Bruno's Glass services listing — 'commercial windows, shower doors, custom mirrors, glass protective covering, mirror frames, insulated glass, replacement glass, walls, glass doors, storefronts, and hardware'; 'fabricating and installing residential & commercial glass products and systems... since 1",web search,UNREACHABLE,1,,
Buckley Window Corporation,https://www.buckleywindow.com/,buckleywindow.com,+1 954-396-4211,"201 NE 32nd St, Oakland Park, FL 33334, United States",4.7,172,YES,named window styles; window product line; window replacement/installation; windows & doors,False,high,Professional impact window and door installation services in Fort Lauderdale and South Florida.,site scrape,YES,1,,
BUENAVISTA WINDOWS,https://www.buenavistawindows.net/,buenavistawindows.net,+1 469-805-8098,"4215 McEwen Rd, Dallas, TX 75244, United States",4.9,8,YES,insulated glass unit work; named window styles; pane glazing work; window product line; window replacement/installation,False,high,"wen Rd Farmers Branch, TX 75244 469-805-8098 Socials Sitemap bottom of page Vinyl Custom Windows Replacement Series, Windows Supplier Dallas - BuenaVista Windows .",site scrape,YES,1,,
Bufalo Contracting,http://www.bufalocontracting.com/,bufalocontracting.com,+1 779-368-0256,"3466 Colony Bay Dr, Rockford, IL 61109, United States",4.8,495,YES,installs/replaces windows; insulated glass unit work; replacement windows; window product line; window replacement/installation,False,high,ct progresses smoothly and without hassle. Choose Bufalo Contracting for your next window installation or replacement project and experience the difference that professional quality and service can ma,site scrape,YES,1,,
Build it ATX LLC,https://builditatx.com/?utm_campaign=gmb,builditatx.com,+1 737-260-5099,"2203 Palmera Cove, Austin, TX 78744, United States",5,104,YES,installs/replaces windows; named window styles; pane glazing work; window product line; window replacement/installation,False,high,"enjoying your backyard year-round. Windows and Siding Upgrade your home with expert window and siding installations that boost curb appeal, lower energy bills, and keep you comfortable through every",site scrape,YES,1,,
Builders Bargain,http://www.builders-bargain.com/,builders-bargain.com,+1 954-522-1900,"900 NE 3rd Ave, Fort Lauderdale, FL 33304, United States",4.2,245,YES,named window styles; window product line; windows & doors,False,high,"rance premiums, giving homeowners peace of mind during storms or everyday use. Durable, Energy-Efficient Windows and Doors for Every Home In addition to enhancing the beauty and safety of your home, i",site scrape,YES,1,,
Builders FirstSource,https://www.bldr.com/contact/request-quote?utm_source=yext&utm_medium=listing&utm_campaign=requestquote&utm_content=AUSTTXYD,bldr.com,+1 512-444-3172,"4501 Burleson Rd, Austin, TX 78744, United States",2.9,104,YES,installs/replaces windows; window product line; window replacement/installation; windows & doors,False,high,"iable Service Count on competitive pricing, jobsite-ready deliveries, and skilled window replacement and installation if you need it.",site scrape,YES,1,,
Burglar Bars in Dallas,https://www.burglarbarsindallas.com/,burglarbarsindallas.com,+1 214-340-0078,"9310 Forest Ln #206, Dallas, TX 75243, United States",4.5,4,YES,installs/replaces windows; insulated glass unit work; pane glazing work; replacement windows; window product line; window replacement/installation,False,high,ors Patio Doors Aluminum Storm Doors Entry Doors Steel Entry Doors Fiberglass Entry Doors WINDOWS Replacement Windows Vinyl Replacement Windows Aluminum Replacement Windows Storm Windows FOLDING GATE,site scrape,YES,1,,
By Loredo Construction LLC,https://www.loredoconstruction.com/,loredoconstruction.com,+1 512-923-9218,,0,0,YES,window replacement/installation,False,high,"estimates at 512 923-9218 512 799-3717 We are specializing In Framing, Siding, Doors and Windows installation New Pier and beam and Concrete foundation, reconstruction repairs.",site scrape,YES,1,,
C&C Exteriors,http://www.exteriorscc.net/,exteriorscc.net,+1 469-291-7039,"10420 Plano Rd #112, Dallas, TX 75238, United States",5,28,YES,installs/replaces windows; named window styles; replacement windows; window product line,False,high,"Comments * Reduce Energy Costs and Improve Indoor Air Quality with Beautiful, Affordable Replacement Windows from C&C Exteriors The other guys just want to sell you a window.",site scrape,YES,1,,
C-TEX Glass And Door LLC,http://ctexglassanddoor.com/,ctexglassanddoor.com,+1 832-579-7053,,0,0,YES,building glass replacement; commercial storefront glazing; installs/replaces windows; window replacement/installation,True,high,"d glass service in Texas. Call today for a free estimate. For your home we offer insulated window replacement, replacement of broken glass in windows, customized bath enclosures, shower doors, furnitu",site scrape,YES,1,,
Camey Xteriors,http://www.cameyxteriors.com/,cameyxteriors.com,+1 972-900-8969,,5,0,YES,pane glazing work; window product line; window replacement/installation,False,high,Home Windows Screens Glass Contact Us Home Windows Screens Glass Contact Us Windows Installation Installation Installation Upgrade your home with brand new windows.,site scrape,YES,1,,
Cantera Doors,https://www.canteradoors.com/,canteradoors.com,+1 512-263-8881,,4.7,30,YES,"Custom steel, iron and Reynaers aluminium windows - fabricated and installed",False,high,"canteradoors.com/reynaers-aluminium-windows/ and /steel-doors-and-windows-dallas/ - 'official fabricator of Reynaers, Jansen, and Forster, offering windows, doors, and facades in aluminum, steel, and iron, engineered and installed under one roof'",web research (earlier pass),UNREACHABLE,1,,
Capital State Remodel,https://www.capitalstate.net/,capitalstate.net,+1 512-584-6649,"3006 Crosscreek Dr, Austin, TX 78757, United States",5,29,YES,Window installation and window replacement among remodeling services,False,medium,capitalstate.net — 'Capital State Remodel provides window installation and window replacement services among many other remodeling options'; 'catering to both residential and commercial clients'.,web search,UNREACHABLE,1,,
Capstone Window Replacement & Doors,https://www.capstonephoenix.com/,capstonephoenix.com,+1 480-800-8444,"14301 N 87th St Ste 205 Ste 205, Scottsdale, AZ 85260, United States",4.9,128,YES,installs/replaces windows; insulated glass unit work; named window styles; pane glazing work; replacement windows; window product line; window replacement/installation; windows & doors,False,high,"#1 Window Replacement Service in Phoenix, AZ .",site scrape,YES,1,,
Cardinal Glass,https://www.cardinalcorp.com/,cardinalcorp.com,+1 815-394-1400,"1087 Research Pkwy, Rockford, IL 61109, United States",4.3,41,YES,commercial storefront glazing; pane glazing work; windows & doors,False,high,"ss Industries makes coated, insulating, tempered, laminated and float glass for residential window and door manufacturers.",site scrape,YES,1,,
Castle Contracting,http://www.castleexteriors.net/?utm_source=Google&utm_medium=Organic&utm_campaign=GBP,castleexteriors.net,+1 877-512-4207,"10565 Product Dr Ste A1, Machesney Park, IL 61115, United States",4.9,155,YES,named window styles; window product line; window replacement/installation; windows & doors,False,high,UTES) Powered by Instant Roofer HOME SERVICES Residential Roofing Commercial Roofing Egress Windows Install Gutters & Downspouts Residential Siding Solar Roofing Energy Savings Decks & Patios New Con,site scrape,YES,1,,
CAT Exteriors Dallas,https://www.catexteriors.pro/,catexteriors.pro,+1 833-444-4228,"9865 Chartwell Dr, Dallas, TX 75243, United States",4.4,47,YES,installs/replaces windows; named window styles; pane glazing work; replacement windows; window product line; window replacement/installation,False,high,Double Lifetime Warranty We Help Homeowners Our Services Affordable Home Exterior Services Window Replacement Exterior Coatings Siding Installation Roof Installation HVAC Systems Patio Covers Single–H,site scrape,YES,1,,
Century Glass & Mirror Inc. of Dallas,http://www.centuryglassdallas.com/,centuryglassdallas.com,+1 214-823-7773,"1417 N Washington Ave, Dallas, TX 75204, United States",4.9,87,YES,"Plate & window glass repair and replacement, insulated glass replacement, storefront glass; residential and commercial new installations, replacements and repairs",False,high,"Listed services: 'plate & window glass repair & replacement, windows, insulated glass replacement, shower doors & enclosures, mirrors, table furniture tops, shelves, cabinet glass and storefront'; categorized as a 'Doors & Windows' business in Dallas TX",web research (earlier pass),UNKNOWN,1,,
Certified Window & Door,http://www.remodelcwd.com/,remodelcwd.com,+1 214-736-3935,,4,2,YES,window replacement/installation; windows & doors,False,high,Certified Window and Door – Page CloudFW – Residential Door | Window installation and sales.,site scrape,YES,1,,
Cerv Property Solutions Austin,https://www.cervpropertysolutions.com/?utm_source=google&utm_medium=organic&utm_campaign=gbp-austin,cervpropertysolutions.com,+1 737-286-9704,"4930 S Congress Ave #303C, Austin, TX 78745, United States",4.9,1250,YES,pane glazing work,False,medium,REPORTED Single-pane visibility across the portfolio.,site scrape,LIKELY,1,,
Champion Glass Inc,https://champion-glass.net/,champion-glass.net,+1 954-564-3435,"4720 NW 15th Ave #4A, Fort Lauderdale, FL 33309, United States",5,9,YES,commercial storefront glazing; insulated glass unit work; window product line; window replacement/installation,False,high,Once for simple repairs and another time for complete window replacement on our building.,site scrape,YES,1,,
Champion Replacement Windows of Austin,https://www.championwindow.com/Austin/?utm_source=google&utm_medium=organic&utm_campaign=gmb_austin_localpage,championwindow.com,+1 512-961-8895,"9402 Business Dr, Austin, TX 78758, United States",4.2,94,YES,installs/replaces windows; insulated glass unit work; named window styles; replacement windows; window product line; window replacement/installation; windows & doors,False,high,"ooms, Doors & Siding | Champion Windows . Champion Windows and Home Exteriors | Your local window replacement company | Our replacement windows are built in the USA, backed by an industry-leading limi",site scrape,YES,1,,
Chenault window services,https://chenaultswindowservices.net/,chenaultswindowservices.net,+1 972-783-9572,"10605 Boomer Cir #107, Dallas, TX 75238, United States",4.1,29,YES,installs/replaces windows; insulated glass unit work; replacement windows; window product line; window replacement/installation; windows & doors,False,high,"Chenault’s Window Services — Window installations, glass replacements, skylights, doors, screens & more.",site scrape,YES,1,,
City Auto Glass,https://www.cityautoglassrkfd.com/,cityautoglassrkfd.com,+1 815-242-1140,"2520 Broadway, Rockford, IL 61108, United States",4.7,47,YES,building glass replacement; commercial storefront glazing; installs/replaces windows; insulated glass unit work; pane glazing work; replacement windows; window product line; window replacement/installation,True,high,acement Repair and Maintenance Single-Pane Windows and Glass Thermopane Windows and Glass Window Glass Repair Window Glass Replacement Shower Door Glass Shower Door Replacement Shower Glass Repair Ab,site scrape,YES,1,,
Clarity Windows and Doors,http://www.claritywindows.com/,claritywindows.com,+1 972-393-3991,"800 Freeport Pkwy #150, Coppell, TX 75019, United States",4.9,580,YES,installs/replaces windows; insulated glass unit work; named window styles; replacement windows; window product line; window replacement/installation; windows & doors,False,high,Top-Quality Window and Door Replacement Services in North Texas Replacing your windows and doors is a big decision.,site scrape,YES,1,,
Clear Advantage Window Service,http://clearwindowservice.net/,clearwindowservice.net,+1 469-289-7556,,3.6,18,YES,installs/replaces windows; insulated glass unit work; pane glazing work; window product line; window replacement/installation,False,high,"Fast, Expert Window Repair in Dallas | Clear Advantage .",site scrape,YES,1,,
Clear Choice Exteriors,https://replacement-windows-desmoines.com/?utm_source=localiq&utm_medium=listings,replacement-windows-desmoines.com,+1 515-277-6256,,0,0,YES,installs/replaces windows; named window styles; replacement windows; window product line; window replacement/installation,False,high,unties In IA - Clear Choice Exteriors & Bath Makeover Skip to content About Us Blog Services Window Repair & Replacement Door Repair & Replacement Bath Makeover Residential and Commercial Roofing Sto,site scrape,YES,1,,
Clear Innovations,https://clear-innovate.com/,clear-innovate.com,+1 512-337-7272,"304 Hazelwood St #1, Leander, TX 78641, United States",5,14,YES,commercial storefront glazing; installs/replaces windows; named window styles; replacement windows; window product line; window replacement/installation; windows & doors,False,high,", Leander, Cedar Park, Round Rock, Pflugerville, and Central Texas with top-rated window installation and replacement services, including services.",site scrape,YES,1,,
Clearview Custom Windows,http://www.clearviewcw.com/,clearviewcw.com,+1 469-268-1330,,5,4,YES,window in name + review describes window work,False,medium,,name/review keywords,UNKNOWN,1,,
Conservation Construction of Dallas,https://conservationconstructionofdallas.com/,conservationconstructionofdallas.com,+1 817-416-8005,"1201 E Avenue J, Grand Prairie, TX 75050, United States",4.5,231,YES,"Energy-efficient vinyl replacement windows, impact-resistant storm windows, patio doors — professionally installed",False,high,"Site title 'Conservation Construction: Window Replacement Dallas'; page /windows/dallas-replacement-windows/ — 'All replacement windows, patio doors and whole house siding projects are professionally installed'",web research (earlier pass),UNKNOWN,1,,
Cooper Constructs,https://www.cooperconstructs.com/,cooperconstructs.com,+1 512-965-0960,,5,2,YES,Energy-efficient windows listed among the residential scopes they deliver,False,low,cooperconstructs.com/services/ — 'they offer energy-efficient windows that bring in natural light and warmth'; 'connects builders with their network of vetted contractors across key residential scopes ... from roofing and drywall to kitchen and bath remodels'. Caveat: the model is partly B2B contrac,web search,UNREACHABLE,1,,
Cothron's Safe & Lock,https://www.cothrons.com/,cothrons.com,+1 512-447-1883,"1315 W Ben White Blvd, Austin, TX 78704, United States",4.6,126,YES,commercial storefront glazing,False,high,"security, locksmith services, door frame, storefront glass, electronic security, access control, home security .",site scrape,YES,1,,
CountyLine Glass,http://www.countylineglass.com/,countylineglass.com,+1 972-438-5719,"1819 Peters Rd #3, Irving, TX 75061, United States",4.2,13,YES,commercial storefront glazing; insulated glass unit work; pane glazing work; window replacement/installation; windows & doors,False,high,"s for homeowners and businesses throughout Dallas, Tarrant & Collin County Texas including window replacements, storefronts, shower enclosures, mirrors, and custom glass work designed to enhance safet",site scrape,YES,1,,
Crystalia Glass,https://crystaliaglass.com/,crystaliaglass.com,+1 718-690-0258,"3214 Belt Line Rd Suite 458, Farmers Branch, TX 75234, United States",4.9,94,YES,named window styles,False,medium,Was looking for an interior system to mimic the steel casement windows of the building.,site scrape,LIKELY,1,,
Cupcake Home Improvements,https://www.callcupcake.com/?utm_source=google&utm_medium=organic&utm_campaign=gbp,callcupcake.com,+1 888-671-2686,"2601 Mc Hale Ct #145, Austin, TX 78758, United States",4.9,267,YES,installs/replaces windows; insulated glass unit work; named window styles; replacement windows; window product line; window replacement/installation,False,high,ervices Roofing Asphalt Shingle Roofing Metal Roofing Roof Repair Roof Cost Calculator Windows Vinyl Replacement Windows Fiberglass Replacement Windows Aluminum Replacement Windows Wood Replacement W,site scrape,YES,1,,
Custom Glass Design LLC,http://www.mycustomglassdesign.com/,mycustomglassdesign.com,+1 512-960-5260,,5,24,YES,window replacement/installation,False,high,hen back-splashes Mirrored walls Mirrors (beveled or regular) Glass for decorative pieces Window glass repair &/ replacement (single & double-insulated pane) Door glass replacement Sliding glass door,site scrape,YES,1,,
CUSTOM SECURITY DOORS / AAA CUSTOM WINDOWS,https://customsecuritydoorsandwindows.com/,customsecuritydoorsandwindows.com,+1 214-340-0078,"9310 Forest Ln #206, Dallas, TX 75243, United States",4.7,18,YES,installs/replaces windows; insulated glass unit work; pane glazing work; replacement windows; window product line; window replacement/installation,False,high,ors Patio Doors Aluminum Storm Doors Entry Doors Steel Entry Doors Fiberglass Entry Doors WINDOWS Replacement Windows Vinyl Replacement Windows Aluminum Replacement Windows Storm Windows FOLDING GATE,site scrape,YES,1,,
DaBella,https://dabella.us/location/austin/?utm_source=GBP&utm_medium=link&utm_campaign=austinGBP&utm_id=Google+Business+Profile+Clicks,dabella.us,+1 512-402-3655,"400 E Anderson Ln, Austin, TX 78752, United States",4.6,529,YES,"Replacement windows (AMI Preservation), installed after a free in-home consultation",False,high,"dabella.us/home-improvement-services/ and /location/austin/ — 'DaBella offers roofing, siding, windows, and bath and shower replacements'; 'windows by AMI Preservation'.",web search,UNREACHABLE,1,,
Dallas Door Designs,https://www.dallasdoorservices.com/,dallasdoorservices.com,+1 214-973-0373,"11239 Leo Ln, Dallas, TX 75229, United States",4.5,101,YES,window replacement/installation,False,high,"As such, you can rest easy knowing a true professional is behind every door and window installation, making your home the beautiful showpiece it should be.",site scrape,YES,1,,
Dallas Frameless Glass,http://www.dallasframeless.com/,dallasframeless.com,+1 469-781-7675,"12200 N Stemmons Fwy, Farmers Branch, TX 75234, United States",4.3,18,YES,building glass replacement,False,medium,"Get in Touch with the Most Trusted Commercial & Residential Glass Service Company in Dallas, Texas.",site scrape,LIKELY,1,,
Dallas Glass and Auto,http://dallasglassandauto.com/,dallasglassandauto.com,+1 972-900-7194,,5,95,YES,building glass replacement; pane glazing work; window replacement/installation,True,high,We provide hassle-free solutions to make window replacement affordable.,site scrape,YES,1,,
Dallas Glass and Mirror,https://www.dallasglassandmirror.net/,dallasglassandmirror.net,+1 469-737-5374,"11245 Goodnight Ln #19, Dallas, TX 75229, United States",4.9,473,YES,"Window repair and replacement, 24-hour glass replacement, emergency board-up",False,high,"dallasglassandmirror.net/glass/ — ""Their services include window repair and replacement, glass shower enclosures, custom mirrors, glass railings, storefronts, and emergency board-up service.""",web research (earlier pass),UNKNOWN,1,,
Dallas Window Butler,http://dallaswindowbutler.com/,dallaswindowbutler.com,+1 469-640-8551,,4.8,21,YES,building glass replacement; installs/replaces windows; insulated glass unit work; named window styles; pane glazing work; replacement windows; window product line; window replacement/installation; windows & doors,False,high,Whole-House Window Glass Replacement DFW | Dallas Window Butler .,site scrape,YES,1,,
Daltex Glass & Aluminum Inc,https://daltexglass.com/,daltexglass.com,+1 214-865-9961,"11419 Ferrell Dr #108, Farmers Branch, TX 75234, United States",4.4,49,YES,commercial storefront glazing; insulated glass unit work,False,high,"We supply and install with the highest quality materials, backed by in-house insulated glass manufacturing.",site scrape,YES,1,,
Dan White's Screens & Things,https://www.danwhitesscreens.com/?utm_source=GMBlisting&utm_medium=organic,danwhitesscreens.com,+1 512-892-2150,"5210 W US Hwy 290 Service Rd, Austin, TX 78735, United States",4.8,73,YES,window replacement/installation,False,high,Window Screen Repair & Service | Custom Window Screens .,site scrape,YES,1,,
DAR Roofing General Contractors,http://www.darroofinggc.com/,darroofinggc.com,+1 315-836-4542,"2727 Lyndon B Johnson Fwy Ste 785, Farmers Branch, TX 75234, United States",4.9,122,YES,Window replacement and repair offered among general contracting services,False,high,"darroofinggc.com service list - 'Roof Restoration and Replacement, Gutter Installation & Repair, Fence, Siding, Garage Door Installation and Repair, HVAC, Exterior & Interior Paint, and Window Replacement and Repair'; 'serving the entire DFW area with both residential and commercial applications'",web research (earlier pass),UNKNOWN,1,,
David Smith Glass,https://www.davidsmithglass.com/,davidsmithglass.com,+1 972-289-4999,,5,0,YES,building glass replacement; commercial storefront glazing; pane glazing work; window replacement/installation,False,high,"Double Pane & Window Repair Repair or replace fogged, broken, or inefficient windows.",site scrape,YES,1,,
Davie Windows and Custom Doors,http://daviewindows.com/,daviewindows.com,+1 954-873-1980,,5,30,YES,named window styles; window product line; window replacement/installation; windows & doors,False,high,* Window Replacement Door Replacement Balcony Enclosure How Many Windows?,site scrape,YES,1,,
Dayton Co. Roofing & Renovation,http://daytoncontractingaustin.com/?utm_source=google&utm_medium=organic&utm_campaign=google-business-profile&utm_content=website,daytoncontractingaustin.com,+1 512-316-3908,"13363 Pond Springs Rd, Austin, TX 78729, United States",5,191,YES,window replacement/installation,False,high,"vation services include skilled and efficient carpentry and rotten wood repair, siding and window replacement, professional painting, stucco repair, and more.",site scrape,YES,1,,
Desert King Windows,http://www.desertkingwindows.com/?utm_campaign=gmb,desertkingwindows.com,+1 480-613-9943,"2615 S 21st St, Phoenix, AZ 85034, United States",4.8,702,YES,installs/replaces windows; named window styles; pane glazing work; replacement windows; window product line; window replacement/installation; windows & doors,False,high,"Windows Installation - Energy Efficient Windows - Phoenix AZ, Tucson AZ, Las Vegas NV - Desert King Windows .",site scrape,YES,1,,
Designer Door and Window,http://www.designerdw.com/,designerdw.com,+1 972-424-0031,"2707 Realty Rd #310, Carrollton, TX 75006, United States",4.9,140,YES,installs/replaces windows; replacement windows; window product line; window replacement/installation; windows & doors,False,high,ome About Our Process Green Shield Promise Ask The Expert Windows Anlin Windows Vinyl Windows Window Installation Window Gallery Ask The Expert Doors Exterior Doors Patio Doors Fiberglass Doors Wood,site scrape,YES,1,,
DFW Glass Mart,http://dfwglassmart.com/,dfwglassmart.com,+1 972-900-3117,,5,110,YES,building glass replacement; insulated glass unit work; pane glazing work; window product line; window replacement/installation,True,high,"Whether you need a fast windshield replacement , a reliable car window repair, or custom home glass solutions , we’ve got you covered.",site scrape,YES,1,,
DFW Residential P Remodeling,https://dfwresidentialremodeling.com/,dfwresidentialremodeling.com,+1 469-359-3851,,5,19,YES,Windows & Doors is a listed service category; installs replacement windows,False,high,"dfwresidentialremodeling.com - 'The company offers Windows & Doors services along with... Kitchens, Bathrooms, Carpentry, House Additions'; 'DFW Residential recently installed windows in homes'. Supported by Google review: 'this pic is the biggest window. They did all the windows in my house!'",web research (earlier pass),UNREACHABLE,1,,
DFW window specialist,http://dfwwindowspecialist.com/,dfwwindowspecialist.com,+1 469-478-9395,,4.8,37,YES,"Window repair and replacement, glass repair, solar screens, plus shower enclosures",False,high,"dfwwindowspecialist.com — 'professional window repair and replacement, as well as glass shower installation ... 14 years of experience repairing windows, replacing glass'",web research (earlier pass),UNKNOWN,1,,
Dh&McBella Glass and Mirrors,http://dhmcbellaglassandmirrors.com/,dhmcbellaglassandmirrors.com,+1 682-323-5309,"3146 Springfield Ave, Lancaster, TX 75134, United States",4.8,21,YES,window replacement/installation,False,high,anufacturing Glass Repair for Stairs Design of Wine Cellars and Offices in Glass Window Glass Installation Installation and manufacturing of glass doors and partitions for bathrooms ​ MORE INFORMATION,site scrape,YES,1,,
DiamondPoint Contractors,https://www.diamondpointcontractors.com/,diamondpointcontractors.com,+1 512-945-8877,,4.9,517,YES,window replacement/installation,False,high,"Replace frames, window repair , window glass replacement and everything needed!",site scrape,YES,1,,
Discount Glass Texas,http://discountglasstexas.com/,discountglasstexas.com,+1 972-900-8748,"11063 Dennis Rd, Dallas, TX 75229, United States",4.9,1497,YES,building glass replacement; commercial storefront glazing; installs/replaces windows; insulated glass unit work; named window styles; pane glazing work; replacement windows; window product line; window replacement/installation; windows & doors,True,high,Discount Glass Texas Window Replacement Repair near Dallas .,site scrape,YES,1,,
Don Young Co,http://www.dycwindows.com/,dycwindows.com,+1 214-630-0934,"8181 Ambassador Row, Dallas, TX 75247, United States",4.2,60,YES,installs/replaces windows; named window styles; window product line; windows & doors,False,high,"Premium, climate-engineered aluminum and vinyl windows and doors, American-made since 1978.",site scrape,YES,1,,
Dooreum,https://dooreum.com/,dooreum.com,+1 737-363-6226,,0,0,YES,"Window and door installation, including associated hardware",False,high,"dooreum.com ('Doorium | Doors | Windows') — 'an ambitious local company based in Austin, Texas, dedicated to providing top-quality installation services for doors, windows, and everything that goes with them ... whether you're upgrading your home or working on a new project.'",web search,UNREACHABLE,1,,
Dr Impact Co,https://www.drimpactco.com/,drimpactco.com,+1 954-508-2616,"4754 NE 12th Ave, Oakland Park, FL 33334, United States",5,132,YES,named window styles; window product line; window replacement/installation; windows & doors,False,high,"025 Impact Windows & Doors (Broward County Florida) Why Dr Impact Co Excels in Impact Window and Door Installations in Broward, Florida At Dr Impact Co, we pride ourselves on being Broward’s top choic",site scrape,YES,1,,
Dream Builders Construction,https://www.bestglassflorida.com/?utm_source=google&utm_medium=wix_google_business_profile&utm_campaign=3795594895127369423,bestglassflorida.com,+1 754-257-0379,"6099 Stirling Rd Ste 103, Davie, FL 33314, United States",5,24,YES,window product line; window replacement/installation; windows & doors,False,high,offering top-tier products and expert installation. Our services include: ​ ✔ Impact Window and Door Installation We provide precise installation of high-quality impact windows and doors that offer s,site scrape,YES,1,,
Driftwood Builders Roofing,https://driftwoodbuildersroofing.com/?utm_campaign=gmb,driftwoodbuildersroofing.com,+1 512-894-0129,"12308 Twin Creek Rd Ste 101A, Manchaca, TX 78652, United States",5,258,YES,installs/replaces windows; insulated glass unit work; pane glazing work; replacement windows; window product line; window replacement/installation,False,high,512-894-0129 Home About Services Gutter Installation & Replacement Soffit & Fascia Repair Window Replacement Locations Projects Reviews Certification Home About Services Gutter Installation & Replace,site scrape,YES,1,,
Driftwood Steel Co,https://driftwoodsteelco.com/,driftwoodsteelco.com,+1 512-270-1199,"US-290, Austin, TX 78737, United States",5,2,YES,Custom/bespoke steel windows and doors,False,medium,"driftwoodsteelco.com — 'creating bespoke steel doors and windows that reflect the unique character of the community'; directory listing 'Driftwood Steel Co | Window supplier | Austin, Texas'. Google review: 'the best custom steel door and window company in the Austin and Dripping Springs' area. Thei",web search,UNKNOWN,1,,
DTX Handyman Services,https://www.dtxhandymanservices.com/,dtxhandymanservices.com,+1 972-813-9474,,4.8,81,YES,installs/replaces windows; replacement windows; window replacement/installation,False,high,"home upgrades DFW, smart lock installation Dallas, video doorbell installation DFW, window treatment installation Dallas, blind installation DFW, curtain rod installation Dallas, holiday light insta",site scrape,YES,1,,
Duarte Glass LLC.,https://sitios.endigital.com/duarte-glass-llc/window-installation-contractors/phoenix/,sitios.endigital.com,+1 480-504-8071,,5,103,YES,Single and dual pane window and door glass installation and repair; broken and foggy glass replacement,False,high,"duarteglass.com / 'Window installation contractors in Phoenix | Duarte Glass LLC' — 'single and dual pane door and window installation and repair ... repairs and replaces all window types including Clear, Low E, Tinted ... Broken or foggy glass repairs ... serves commercial clients too'.",web search,UNREACHABLE,1,,
East Blue Windows & Doors,http://www.eastbluewindowsdoors.com/,eastbluewindowsdoors.com,+1 754-244-5037,"2548 NW 9th Ct, Fort Lauderdale, FL 33311, United States",5,73,YES,insulated glass unit work; named window styles; window product line; window replacement/installation; windows & doors,False,high,"Impact windows and doors installation in Broward, Palm Beach, and Miami-Dade.",site scrape,YES,1,,
East Coast Windows & Doors Inc.,https://eastcoastwindows.com/,eastcoastwindows.com,+1 954-946-3697,"1711 SW 7th Ave, Pompano Beach, FL 33060, United States",4.5,110,YES,installs/replaces windows; named window styles; window product line; window replacement/installation; windows & doors,False,high,"lington, FL West Palm Beach, FL Facebook-f Twitter Instagram Youtube Hurricane Impact Windows and Door Replacement in South Florida.",site scrape,YES,1,,
Eastside Siding Pros,https://eastsidesidingpros.com/,eastsidesidingpros.com,+1 512-271-4385,,0,0,YES,"Window replacement attributed to them in search results, alongside their core siding repair/replacement work",False,low,"Second search result stated 'Eastside Siding Pros offers window replacement services and can be reached at (512) 271-4385' — phone matches the record. Caveat: their own indexed pages (eastsidesidingpros.com/services/siding-repair-southeast-austin/, /cost/) cover siding only, so the window claim is n",web search,UNKNOWN,1,,
Econ Windows,https://econwindows.com/,econwindows.com,+1 602-786-5286,"2209 W Potter Dr, Phoenix, AZ 85027, United States",4.9,83,YES,commercial storefront glazing; installs/replaces windows; insulated glass unit work; named window styles; pane glazing work; replacement windows; window product line; window replacement/installation; windows & doors,False,high,ces All Services Residential Windows Commercial Windows Residential Doors Commercial Doors Window Replacement Window & Door Repair Glass & Mirrors Sunscreens Window Tint & Film Service Areas All Servi,site scrape,YES,1,,
EcoStar Remodeling & Construction,https://ecosremodeling.com/,ecosremodeling.com,+1 866-227-1298,"13140 Coit Rd Ste 340, Dallas, TX 75240, United States",4.6,323,YES,installs/replaces windows; window product line; window replacement/installation,False,high,tions ADU Garage Conversions Plumbing Electrical HVAC Insulation Turf Roofing Landscaping Window Installation Driveways Exterior Painting Interior Painting Deck Builders Siding Patio Cover Foundation,site scrape,YES,1,,
EcoView Windows & Doors,https://www.ecoviewdfw.com/?utm_source=gbp&utm_medium=organic&utm_campaign=gbp-listing&utm_content=grand-prarie-office,ecoviewdfw.com,+1 972-247-2949,"2003 108th St #303, Grand Prairie, TX 75050, United States",4.9,348,YES,installs/replaces windows; insulated glass unit work; named window styles; pane glazing work; replacement windows; window product line; window replacement/installation; windows & doors,False,high,"Ecoview Windows offers energy-efficient window and door replacements inDallas, Fort Worth, Austin, Waco, and Temple, Texas.",site scrape,YES,1,,
EcoView Windows & Doors of Austin Texas,http://www.ecoviewwindows.com/austin-texas/,ecoviewwindows.com,+1 512-505-8839,,5,0,YES,installs/replaces windows; named window styles; pane glazing work; replacement windows; window product line; window replacement/installation; windows & doors,False,high,"nt Windows and Doors | Installation Contractors . For more information on replacement window and door installations with quality products by experienced installation experts, visit our website and get",site scrape,YES,1,,
Elevate Windows,https://www.goelevatewindows.com/,goelevatewindows.com,+1 480-934-0840,"7301 N 16th St Ste 102, Phoenix, AZ 85020, United States",4.9,94,YES,installs/replaces windows; named window styles; pane glazing work; replacement windows; window product line; window replacement/installation; windows & doors,False,high,"goelevatewindows.com | Upgrade Your Windows Today . Professional window and door replacements with energy-efficient options, lifetime warranty, and customizable solutions to enha",site scrape,YES,1,,
Elite Remodeling Group Inc.,https://www.eliteremodelinggroup.com/,eliteremodelinggroup.com,+1 815-977-9685,"5411 E State St, Rockford, IL 61108, United States",5,4353,YES,installs/replaces windows; named window styles; replacement windows; window product line; window replacement/installation; windows & doors,False,high,Chicagoland window replacement and roofing experts trusted since 1993.,site scrape,YES,1,,
Empire Home Pros,https://empirehomepros.com/?utm_source=omg-gbp&utm_medium=webclick,empirehomepros.com,+1 954-368-1415,"221 NE 44th St, Oakland Park, FL 33334, United States",4.9,196,YES,installs/replaces windows; insulated glass unit work; named window styles; window product line; window replacement/installation; windows & doors,False,high,". Empire Home Pros | Hurricane Impact Windows, Solar, Roofing & More Home Services Impact Windows Installation Solar Power Installation Roof Replacement Spray Foam Insulation Air Conditioning Repair C",site scrape,YES,1,,
Energy One Windows of Dallas/Ft. Worth,https://energyonewindows.com/,energyonewindows.com,+1 972-719-7801,"580 Decker Dr #125, Irving, TX 75062, United States",5,208,YES,installs/replaces windows; named window styles; pane glazing work; replacement windows; window product line; window replacement/installation,False,high,", NV 89120 View Now RALEIGH, NC 202 New Edition Ct Cary, NC 27511 View Now HOW ENERGY ONE WINDOW INSTALLATION WORKS Step 1.",site scrape,YES,1,,
Energy Shield Window & Door Company,https://energyshieldwindowsanddoors.com/,energyshieldwindowsanddoors.com,+1 623-231-2451,"1205 N Eliseo Felix Jr Way B103, Avondale, AZ 85323, United States",4.7,365,YES,installs/replaces windows; named window styles; replacement windows; window product line; window replacement/installation; windows & doors,False,high,Window Replacement Company - Windows Glass Doors in Arizona .,site scrape,YES,1,,
Energy Window Solutions,https://energywindowsolutions.com/,energywindowsolutions.com,+1 972-746-8195,"5000 Esquire Estates Rd, Mabank, TX 75156, United States",4.9,105,YES,installs/replaces windows; insulated glass unit work; named window styles; pane glazing work; replacement windows; window product line; window replacement/installation; windows & doors,False,high,Window Replacement & Installation Services in Texas - Energy Window Solutions .,site scrape,YES,1,,
Energywise windows,http://energywisewindows.com/,energywisewindows.com,+1 737-333-9082,,4.8,23,YES,Replacement window and door installation — energy-efficient windows built for the Texas climate,False,high,"energywisewindows.com — 'a local, home-grown Austin Window and Door replacement company ... established in 2003 ... specialize in Window and Door installations'; site pages /austin-window-replacement-gallery/, /double-hung-aluminum-windows.html.",web search,UNKNOWN,1,,
Enso Homes,https://ensohomes.com/,ensohomes.com,+1 512-888-7000,"9010 Circle Dr, Austin, TX 78736, United States",5,27,YES,windows & doors,False,high,"e whose backyard finally caught up: a shou sugi ban deck and fence, black steel windows and doors, the pool resurfaced in black stone, and prairie grass where irrigation used to be.",site scrape,YES,1,,
Eric's Home Renovations,http://ericshomerenovation.com/,ericshomerenovation.com,+1 682-318-4710,,4.9,96,YES,window replacement/installation,False,high,"replacements that improve comfort, security, and appearance. Entry, patio & interior doors Window replacement & upgrades Precision installation Home Additions Seamless expansions designed to integrate",site scrape,YES,1,,
Eridion Glass LLC,http://eridionglass.com/,eridionglass.com,+1 844-374-3466,,5,17,YES,building glass replacement; commercial storefront glazing,False,high,3466) Terms of Service bottom of page Eridion Glass | Residential Glass Services .,site scrape,YES,1,,
Euro Wholesale Windows,https://europawindows.com/,europawindows.com,+1 512-938-8588,"10923 Sierra Oaks, Austin, TX 78759, United States",1,4939,YES,"European window and door selection, customization and installation",False,medium,"Directory listing for Europa Windows, Austin TX — 'a leader in European windows and doors in Texas, making the process of window selection, customization, and installation smooth'. No content from europawindows.com itself is indexed, so the installation claim comes from the directory entry rather th",web search,UNREACHABLE,1,,
EuroCraft Exteriors,http://www.eurocraftexteriors.com/,eurocraftexteriors.com,+1 512-657-6900,"6410 Johanne Ct, Austin, TX 78750, United States",5,42,YES,named window styles; window product line; window replacement/installation,False,high,"r, Roofing Service, Roofing, Metal Roofing, Metal Roofer, Shingle Roofing, Shingle Roofer, Window Replacement, Windows, Siding, Siding Replacement .",site scrape,YES,1,,
eurostyle impact window,http://eurostyleimpactwindows.com/,eurostyleimpactwindows.com,+1 954-668-0701,"4750 N Dixie Hwy Unit 2, Oakland Park, FL 33334, United States",4.2,19,YES,installs/replaces windows; named window styles; replacement windows; window product line; windows & doors,False,high,Dealer manufacture company Enhance performance and comfort with replacement windows installed by our professional team.,site scrape,YES,1,,
Eurotech Windows,http://etiwindows.com/,etiwindows.com,+1 954-630-9967,"4201 NE 12th Terrace, Oakland Park, FL 33334, United States",4.6,56,YES,window product line; windows & doors,False,high,EuroTech Industries | Hurricane Impact Windows & Doors .,site scrape,YES,1,,
Everest Roofing,https://everestroofingil.com/,everestroofingil.com,+1 779-368-0826,"4701 Hydraulic Rd, Rockford, IL 61108, United States",4.8,79,YES,"Window replacement — vinyl, wood and metal window options",False,high,"everestroofingil.com/residential-services/window-replacment/ — 'Everest Roofing offers window replacement service with quality and competitive prices... vinyl or wood windows, metal options, and stylish shutters'.",web search,UNKNOWN,1,,
Everglade Screen and Window,https://evergladescreenandwindow.com/,evergladescreenandwindow.com,+1 954-371-0498,"807 NE 4th Ave, Fort Lauderdale, FL 33304, United States",4.9,101,YES,window product line; window replacement/installation; windows & doors,False,high,erglade Screen and Window provides screen enclosure installation and hurricane impact window and door installation for residents in South Florida.,site scrape,YES,1,,
Everlasting Window & Door,https://everlastingwindow.com/,everlastingwindow.com,+1 623-544-7128,"21602 N 3rd Ave, Phoenix, AZ 85027, United States",4.5,239,YES,installs/replaces windows; named window styles; replacement windows; window product line; window replacement/installation; windows & doors,False,high,r About Contact Service Areas Request Service Phone (623) 544-7128 Schedule An Appointment Window Replacement Exterior Doors Windows & Doors One Day Baths Window & Door Replacement for Arizona Homes W,site scrape,YES,1,,
Evolution Doors,https://evolution-doors.com/,evolution-doors.com,+1 786-374-3444,,5,34,YES,window replacement/installation,False,high,Founder-led sliding glass door & window repair from Broward to the Treasure Coast.,site scrape,YES,1,,
Excelsior Glass and Mirror LLC,http://excelsiorglass.co/,excelsiorglass.co,+1 214-622-3021,,4.4,20,YES,building glass replacement; commercial storefront glazing; insulated glass unit work; named window styles; window replacement/installation,False,high,Window Installation – Glass and Mirror | Excelsior Glass and Mirror .,site scrape,YES,1,,
Exclusive Windows & Doors,http://www.exclusivewindowsanddoors.com/,exclusivewindowsanddoors.com,+1 512-341-9282,"9324 Neils Thompson Dr, Austin, TX 78758, United States",4.6,11,YES,window product line; windows & doors,False,high,"resilient aluminum cladding, or any number of various species of wood inside & out, we have a wood window for every home.",site scrape,YES,1,,
Expo Home Improvement,https://www.expohomeimprovement.com/,expohomeimprovement.com,+1 972-486-9166,"13859 Diplomat Dr Ste 180, Farmers Branch, TX 75234, United States",4.9,2657,YES,installs/replaces windows; named window styles; replacement windows; window product line; window replacement/installation,False,high,s!* Home Services Bathroom Remodeling Kitchen Remodeling Services for Texas Homes Window Replacement Door Replacement About About Us Service Areas Careers at Expo Home Improvement Reviews Referral Re,site scrape,YES,1,,
Express Glass & Board Up Sliding Glass Door & Window Repair,https://expressglassfl.com/,expressglassfl.com,+1 954-707-6443,"2701 W Oakland Park Blvd Ste 225C, Fort Lauderdale, FL 33311, United States",4.3,55,YES,building glass replacement; commercial storefront glazing; insulated glass unit work; window product line; window replacement/installation; windows & doors,False,high,s Impact Windows & Doors Storefront Glass Replacement Commercial Glass Systems Residential Window Replacement Sliding Glass Doors Glass Railings Frameless Shower Enclosures Custom Mirrors Hurricane Gl,site scrape,YES,1,,
Express Impact Glass Manufacturing Fort Lauderdale,https://expressimpactglass.com/locations/fort-lauderdale/?utm_campaign=GBPwebsite&utm_medium=organic&utm_source=google,expressimpactglass.com,+1 954-507-2222,"2003 W Cypress Creek Rd Ste 109, Fort Lauderdale, FL 33309, United States",5,2,YES,insulated glass unit work; window product line; window replacement/installation,False,high,your home’s safety but can also save you money in the long run by preventing costly window replacements and repairs inside your home after a storm.,site scrape,YES,1,,
EZ Slide Austin,https://sliderrepairaustin.com/,sliderrepairaustin.com,+1 512-721-8274,,4.8,11,YES,installs/replaces windows; named window styles; replacement windows; window product line; window replacement/installation; windows & doors,False,high,vice Phone Your Zip * Service * Service Complete Renovation Energy Efficient Upgrades Full Window Replacement Non-Grid Window Upgrade Single Window Replacement Sliding Door Replacement Window * Window,site scrape,YES,1,,
Factory Direct Windows,https://www.factorydirectwindows.com/,factorydirectwindows.com,+1 602-703-0131,"331 E Chilton Dr, Chandler, AZ 85225, United States",5,60,YES,window in name + review describes window work,False,medium,,name/review keywords,UNKNOWN,1,,
Fast Glass Guys,http://fastglassguys.com/,fastglassguys.com,+1 954-969-9888,"6874 NW 20th Ave, Fort Lauderdale, FL 33309, United States",4.9,80,YES,Window glass repair and replacement in homes and commercial storefronts; storefront door/system replacement,False,high,"fastglassguys.com/window-repair/ and /glass-repair-fort-lauderdale/ — 'They specialize in commercial storefront and residential windows. They service, repair & replace most commercial door & storefront systems'; 'glass repair and replacement in windows, sliding glass doors, tabletops, skylights'.",web search,UNREACHABLE,1,,
Feldco Windows Siding Doors & Roofing of Rockford,https://www.4feldco.com/locations/rockford?utm_source=GBP&utm_medium=organic&utm_campaign=rockford,4feldco.com,+1 866-433-5326,"4322 Maray Dr, Rockford, IL 61107, United States",4.7,443,YES,installs/replaces windows; named window styles; pane glazing work; replacement windows; window product line; window replacement/installation,False,high,"d Home Exterior Company Since 1976 The Midwest's #1 home exterior company since 1976. From window replacement to siding, doors, and roofing, we help homeowners across Illinois, Wisconsin, Indiana, Iow",site scrape,YES,1,,
Final Draft Construction,http://finaldc.com/,finaldc.com,+1 512-559-7777,"6905 Beauford Dr, Austin, TX 78750, United States",5,105,YES,windows & doors,False,high,"CALL NOW Windows & Doors Premium Solutions Contact Us Austin, Texas Info@Finaldc.",site scrape,YES,1,,
Fix & Build LLC,https://www.fixandbuildllc.com/,fixandbuildllc.com,+1 469-443-2786,,5,12,YES,"Window and door replacement, custom window installation",False,high,fixandbuildllc.com - 'expert window and door replacement services'; founder expertise includes 'custom window and door installations'; /before-and-after/ shows window projects,web research (earlier pass),UNREACHABLE,1,,
Flagstone Roofing & Exteriors,https://flagstoneroofing.com/,flagstoneroofing.com,+1 512-225-0123,"2312 Western Trails Blvd Ste B201, Austin, TX 78745, United States",4.8,446,YES,installs/replaces windows; insulated glass unit work; named window styles; replacement windows; window product line; window replacement/installation,False,high,"austin, roof repair, guttering installation, seamless gutters, Roof Replacement, windows, window installation, residential roofing, window replacement cost, austin roofing contractor, austin roof com",site scrape,YES,1,,
Florida Aluminum Products,https://fapaluminum.com/,fapaluminum.com,+1 954-773-2898,"6001 Powerline Rd, Fort Lauderdale, FL 33309, United States",4.2,5,YES,commercial storefront glazing; windows & doors,False,high,Florida Aluminum Products | Wholesale Windows & Doors Supplier FL .,site scrape,YES,1,,
Florida Impact Protection,https://floridaimpactprotection.com/,floridaimpactprotection.com,+1 954-501-9441,"2435 Stirling Rd, Fort Lauderdale, FL 33312, United States",4.6,19,YES,window product line; windows & doors,False,high,Impact Windows and Doors for Hurricane Window Protection .,site scrape,YES,1,,
Florida Impact Windows & Doors,https://floridaimpact.com/,floridaimpact.com,+1 954-822-0867,"1126 S Powerline Rd, Deerfield Beach, FL 33442, United States",4.1,87,YES,installs/replaces windows; replacement windows; window product line; window replacement/installation; windows & doors,False,high,"pact Windows and Doors , you’ll find reasonable prices combined with over 30 years of window and door replacement experience.",site scrape,YES,1,,
Florida Impactpro Windows and Doors LLC,https://floridaimpactpro.com/,floridaimpactpro.com,+1 954-758-9465,"2974 Griffin Rd Ste 5, Fort Lauderdale, FL 33312, United States",4.8,59,YES,name states window installation/replacement/doors,False,medium,,name/review keywords,UNKNOWN,1,,
Flying Eagles- Home Remodeling Austin Texas,http://flyingeaglesremodeling.com/,flyingeaglesremodeling.com,+1 512-210-5738,"14900 Avery Ranch Blvd, Austin, TX 78717, United States",5,27,YES,window product line; window replacement/installation,False,high,"Learn More Window Replacement Energy-efficient windows that combine beauty, functionality, and long-term value.",site scrape,YES,1,,
Focal Point Designs,https://www.hirefocalpointdesigns.com/,hirefocalpointdesigns.com,+1 512-522-1252,,4.9,34,YES,installs/replaces windows; window product line; window replacement/installation,False,high,or Remodeling Book a Consultation  team@hirefocalpointdesigns.com  (512)-522-1252 Expert Window Replacement & Installation in Austin Upgrade your home’s energy efficiency and style with premium Ande,site scrape,YES,1,,
FOG GONE GLASS,https://foggoneglass.com/,foggoneglass.com,+1 512-653-7785,,5,0,YES,building glass replacement; installs/replaces windows; insulated glass unit work; pane glazing work; window product line; window replacement/installation,False,high,"ustin, double pane glass replacement, fogged windows Austin, insulated glass replacement, window glass repair Austin, fog gone glass, Jim Sweeny glass, Austin glass installer, window condensation rep",site scrape,YES,1,,
Foggy Window Repair,https://www.foggywindowrepair.com/,foggywindowrepair.com,+1 972-693-6449,"700 Redbird Dr, Irving, TX 75061, United States",4.4,149,YES,installs/replaces windows; insulated glass unit work; named window styles; pane glazing work; replacement windows; window product line; window replacement/installation,False,high,Best Rated Foggy Window Repair Dallas TX .,site scrape,YES,1,,
FoGlass Window Replacement,http://www.foglasswindow.com/,foglasswindow.com,+1 469-509-9932,,4.9,69,YES,broken window glass; building glass replacement; commercial storefront glazing; insulated glass unit work; pane glazing work; window product line; window replacement/installation,False,high,"k Reviews FAQS Book an Estimate #1 Family Owned Glass Company in Dallas & Fort Worth Glass & Window Repair Serving Dallas & Fort Worth Glass & window repair, done right.",site scrape,YES,1,,
Fonte Windows And Doors,http://fonteimpactwindows.com/,fonteimpactwindows.com,+1 954-900-2344,"4076 NE 8th Ave, Oakland Park, FL 33334, United States",4.9,74,YES,installs/replaces windows; named window styles; window product line; window replacement/installation; windows & doors,False,high,"impact doors in Broward, Palm Beach, and Miami-Dade counties. We specialize in expert window and door installation for residential homes, commercial buildings, and condominium properties, delivering s",site scrape,YES,1,,
Fort Lauderdale Impact,https://fortlauderdaleimpact.com/,fortlauderdaleimpact.com,+1 888-417-8676,"5272 NW 36th Way, Fort Lauderdale, FL 33309, United States",5,4941,YES,"Hurricane impact window and door installation, incl. sliding doors and transom windows",False,high,"fortlauderdaleimpact.com/impact-entry-doors/ — 'family owned and run business ... over 12 years ... impact entry door installation ... sidelights and transom windows'; Google review: 'In 3 days, they finished installing 16 windows and 3 sliding doors.'",web search,UNREACHABLE,1,,
Foster Exteriors Window Company,https://www.fosterexteriors.com/?utm_source=google&utm_medium=organic&utm_campaign=gbp-dallas&utm_id=local&utm_content=dallas,fosterexteriors.com,+1 214-319-8400,"1350 N Buckner Blvd #216, Dallas, TX 75218, United States",4.9,135,YES,installs/replaces windows; insulated glass unit work; named window styles; pane glazing work; replacement windows; window product line; window replacement/installation; windows & doors,False,high,"vice window company for over 30 years and one of the best window contractors and providing window replacement in Dallax, TX area.",site scrape,YES,1,,
Foster Windows and Doors,https://fosterwindowsanddoors.com/,fosterwindowsanddoors.com,+1 954-566-6524,"800 NE 26th St, Wilton Manors, FL 33305, United States",3.5,17,YES,commercial storefront glazing; installs/replaces windows; named window styles; replacement windows; window product line; window replacement/installation; windows & doors,False,high,Trendsetting windows installation services tailored to your needs.,site scrape,YES,1,,
Frameless Glass Company,https://framelessglasstx.com/?utm_source=gmb&utm_medium=referral,framelessglasstx.com,+1 512-400-2949,"10509 Circle Dr, Austin, TX 78736, United States",4.9,329,YES,"Small commercial glazing projects and glass partitions, alongside their core frameless shower glass work",False,low,"framelessglasstx.com — 'specializes in frameless glass and shower door installations, as well as custom mirrors, wine cellars, deck rails, stair rails, and small commercial glazing projects ... glass handrails and glass partitions'. Borderline: identity is shower glass; the YES rests on the 'small c",web search,UNKNOWN,1,,
Fresher Screens,https://fresherscreens.com/,fresherscreens.com,+1 512-910-4374,,5,4,YES,installs/replaces windows; window replacement/installation,False,high,Window Screen Repair & Window Cleaning | Austin TX | Fresher Screens .,site scrape,YES,1,,
Frontstar Construction LLC,https://frontstarco.com/,frontstarco.com,+1 469-213-6659,,5,68,YES,Window replacements as part of exterior renovation,False,high,"frontstarco.com/roofing-exterior-renovation-farmers-branch-tx - 'they handle a variety of exterior renovations, including siding installation, gutter systems, and window replacements.'",web research (earlier pass),UNKNOWN,1,,
Furst Home Repair,https://fursthomerepair.com/,fursthomerepair.com,+1 847-789-7733,,0,0,YES,Window repair service listed among general contracting services; categorised as a windows installer,False,medium,"Yelp: 'FURST HOME REPAIR - 5727 Mayapple Dr, Loves Park, Illinois - Windows Installation'; service description: 'a versatile general contractor offering ... door replacement service, basement remodeling, pressure washing, drywall repair, kitchen remodeler solutions ... window repair service, plumbin",web search,UNREACHABLE,1,,
FX Remodeling & Exteriors,http://sidingcontractordallastx.com/,sidingcontractordallastx.com,+1 469-351-4775,"3000 W Commerce St, Dallas, TX 75212, United States",4.3,437,YES,installs/replaces windows; named window styles; pane glazing work; window product line; window replacement/installation; windows & doors,False,high,ylight Installation Skylight Repair Vinyl Siding Installation Vinyl Siding Repair Window Cleaning Window Installation Window Repair Window Replacement View All Services Call Now (469) 351-4775 Tap to,site scrape,YES,1,,
Garland Home Window Replacement,https://garlandhomewindowreplacement.com/,garlandhomewindowreplacement.com,+1 469-599-4956,,5,8,YES,"Window installation, repair and replacement (vinyl, casement, custom), plus door installation; also offers screens/film",False,high,"garlandhomewindowreplacement.com/windows/window-installation-service-garland-tx/ 'Affordable Window Installation Garland, TX'; /windows/ 'Garland Window Replacement & Installation'",web research (earlier pass),UNKNOWN,1,,
Gatsby Glass,https://www.gatsbyglass.com/south-austin-tx/,gatsbyglass.com,+1 737-302-5023,"15210 Fitzhugh Rd Ste 902, Austin, TX 78736, United States",4.9,34,YES,"Residential glass repair and window replacement (incl. foggy/failed units), plus commercial glass and shower/mirror work",False,high,"gatsbyglass.com/east-dallas-tx/glass-services/ 'Glass Services in Dallas, TX' — services include residential glass repair, window replacement, shower glass, mirrors; Google review: 'windows at my house were getting more and more foggy... Gatsby charged $1,200 and did a great job with the installatio",web research (earlier pass),UNREACHABLE,2,+1 972-430-4390,"4845 Vicksburg St ste 100a, Dallas, TX 75207, United States"
Genuine Texas Exteriors,https://genuinetexasexteriors.com/,genuinetexasexteriors.com,+1 512-745-5676,"2720 Bee Caves Rd Ste 126, Austin, TX 78746, United States",4.9,172,YES,installs/replaces windows; named window styles; replacement windows; window product line; window replacement/installation,False,high,tment Copyright © 2026 Genuine Texas Exteriors | All Rights Reserved Residential Window Replacement and Installation Services .,site scrape,YES,1,,
Georgetown Window Replacement Company,https://georgetownwindowreplacementcompany.com/,georgetownwindowreplacementcompany.com,+1 512-271-5046,,5,3,YES,installs/replaces windows; named window styles; window product line; window replacement/installation,False,high,Home - Georgetown Window Replacement Company .,site scrape,YES,1,,
Glacier glass and mirror,http://glacierglassandmirror.com/,glacierglassandmirror.com,+1 945-268-0721,"Dallas, TX 75243, United States",5,2,YES,building glass replacement; insulated glass unit work; pane glazing work; window replacement/installation,False,high,Professional residential glass and window repair by Glacier Glass and Mirror in the DFW metroplex.,site scrape,YES,1,,
Glass & Storefront Solutions Inc.,http://www.solutionsstorefront.com/,solutionsstorefront.com,+1 214-489-2361,"108 N Marsalis Ave Ste a, Dallas, TX 75203, United States",5,507,YES,commercial storefront glazing; window replacement/installation,False,high,glass Frameless showers doors Residential Glass canopy Steel doors Curve glass Mirrors Windows glass replacement & Rent equipment Contact us Name E mail* Telephone I am interested in Attach Files Att,site scrape,YES,1,,
Glass Doctor of Dallas Metroplex,https://glassdoctor.com/dallas?cid=LSTL_MGD000191&utm_source=gmb&utm_campaign=local&utm_medium=organic,glassdoctor.com,+1 972-437-8244,"2001 Midway Rd #121, Carrollton, TX 75006, United States",4.7,2942,YES,broken window glass; building glass replacement; commercial storefront glazing; installs/replaces windows; insulated glass unit work; named window styles; pane glazing work; replacement windows; window product line; window replacement/installation; windows & doors,True,high,ss Doctor Window and Door Services Window and Door Services back Window and Door Services Window Glass Repair and Replacement Window Installation and Replacement Patio Door Installation and Repair Wi,site scrape,YES,3,+1 512-782-8409 | +1 954-302-7909,"800 NE 45th St Bldg A, Oakland Park, FL 33334, United States | 9701 Dessau Rd Ste 805, Austin, TX 78754, United States"
Glass Installation,http://psfipro.com/contact/,psfipro.com,+1 844-773-4776,"6800 West Gate Blvd, Austin, TX 78745, United States",2.5,252,YES,Commercial storefront glazing — building glass structures and installations,False,high,"psfipro.com — 'Precision Storefronts Inc (PSFIPRO) has been building high quality glass structures and installations. Founded in 2016 ...'; site titled 'Glass Installation'; address 6800 West Gate Blvd, Austin TX 78745 matches the record.",web search,UNREACHABLE,1,,
Glass Rehab,https://www.glassrehab.com/,glassrehab.com,+1 737-409-2508,"1506 S Congress Ave, Austin, TX 78704, United States",4.9,314,YES,broken window glass; building glass replacement; commercial storefront glazing; insulated glass unit work; pane glazing work; window product line; window replacement/installation,False,high,"Austin Glass Repair—Fast, Local Fixes | FREE Window Inspection . glass repair Austin TX, window glass repair Austin, foggy window repair, broken window repair near Austin, patio door glass replaceme",site scrape,YES,1,,
Glass Replacement Pros,http://glassreplacementpros.com/,glassreplacementpros.com,+1 972-900-7559,,5,10,YES,building glass replacement; installs/replaces windows; insulated glass unit work; pane glazing work; replacement windows; window product line; window replacement/installation,True,high,"ation for delivering top-quality glass solutions with no hidden fees. Whether you need a car window repair, a home window replacement, or custom glass installation, we are the go-to glass specialists",site scrape,YES,1,,
Glass Savers (Glass Resurfacing),https://sdglassrestoration.com/austin-texas/,sdglassrestoration.com,+1 512-626-1270,,5,6,YES,commercial storefront glazing; window product line,True,high,It looks like a new window!,site scrape,YES,1,,
Glass USA,http://www.glassusainc.com/,glassusainc.com,+1 954-561-9216,"4372 NE 11th Ave, Oakland Park, FL 33334, United States",4.6,66,YES,broken window glass; building glass replacement; commercial storefront glazing; installs/replaces windows; insulated glass unit work; replacement windows; window replacement/installation,False,high,"Ave, Oakland Park, FL 33334 Call us today! 954-561-9216 Home Glass Repair and Replacement Window Glass Repair Patio Door Repairs Impact Glass Replacement Sliding Glass Door Repair Storefront Solution",site scrape,YES,1,,
Glass Zone,http://www.glasszone.net/,glasszone.net,+1 310-863-8846,,5,9,YES,commercial storefront glazing; installs/replaces windows; window replacement/installation,False,high,Frameless Shower Doors Skylights Patio Foggy Glass Sliding Glass Doors Shop Front Window Installtion Window Repair Glass Replacement Pivot Doors Stacking Doors .,site scrape,YES,1,,
Glasshouse,http://glasshouseproducts.com/?utm_source=google&utm_medium=Yext,glasshouseproducts.com,+1 214-761-1100,"4811 Lakawana St, Dallas, TX 75247, United States",4.3,6,YES,commercial storefront glazing; windows & doors,False,high,"architectural glass products, including glass railings, storefront glazing, seamless glass windows and doors, butt-glazed glass and more.",site scrape,YES,1,,
Glaziers Consulting LLC,https://www.glaziersconsulting.com/?utm_source=google&utm_medium=organic&utm_campaign=gbp,glaziersconsulting.com,+1 609-992-4102,"2630 W Broward Blvd, Fort Lauderdale, FL 33312, United States",5,17,YES,"Fabricates and installs curtain wall, window wall and storefront systems",False,high,"glaziersconsulting.com/about-us/ — 'a commercial facade installer and fabricator that helps fabricate and install curtain walls, window walls, storefront components, and architectural metals'.",web search,UNKNOWN,1,,
GM Door Window and Screen,https://www.gmdoorwindowandscreen.com/?utm_source=NEXT&utm_medium=Google_website,gmdoorwindowandscreen.com,+1 954-797-0797,"6761 W Sunrise Blvd Unit 7, Plantation, FL 33313, United States",4.2,138,YES,installs/replaces windows; insulated glass unit work; named window styles; window product line; window replacement/installation; windows & doors,False,high,"association office to install Windows and Doors? If the unit owner is responsible for window or door replacement, they will need written approval to replace their entrance doors, windows, and sliding",site scrape,YES,1,,
Gold Coast Windows and Doors Inc.,http://www.goldcoastwindows.com/?utm_source=local&utm_medium=organic&utm_campaign=gmb,goldcoastwindows.com,+1 954-714-6800,"3517 NW 19th St, Lauderdale Lakes, FL 33311, United States",4.6,19,YES,commercial storefront glazing; installs/replaces windows; named window styles; replacement windows; window product line; window replacement/installation; windows & doors,False,high,"commercial,Luxury Condominiums,windows and doors installation,residential .",site scrape,YES,1,,
Grand Openings Luxury Windows & Doors - Dallas,http://www.grandopenings.com/,grandopenings.com,+1 214-956-7700,"3605 Inwood Rd, Dallas, TX 75209, United States",2.9,18,YES,named window styles; window product line; windows & doors,False,high,"tra Series was designed for versatility and durability. It can mimic the traditional style of wood windows and doors with a warm wood interior and intricate exterior trim details, or it can meet more",site scrape,YES,2,+1 512-989-9400,"1009 W 6th St #140, Austin, TX 78703, United States"
Green Contractors FL,https://www.greencontractorsfl.com/,greencontractorsfl.com,+1 786-519-0391,"4624 Hollywood Blvd #203, Hollywood, FL 33021, United States",5,46,YES,installs/replaces windows; insulated glass unit work; named window styles; pane glazing work; window product line; window replacement/installation; windows & doors,False,high,"Home - greencontractorsfl.com . IMPACT WINDOWS INSTALLATION We are a family-owned window and door replacement company, focused on eco-friendly, energ",site scrape,YES,1,,
Green Mainland,https://www.greenmainland.com/,greenmainland.com,+1 945-351-7511,"11610 Harry Hines Blvd #120, Dallas, TX 75229, United States",5,38,YES,insulated glass unit work; named window styles; windows & doors,False,high,Luxury Windows & Doors Dallas Texas | Custom Glazing Systems for Modern Homes Across Texas .,site scrape,YES,1,,
Greenline Remodeling,https://greenlineremodeling.com/,greenlineremodeling.com,+1 954-840-8844,"760 NW 7th Terrace, Fort Lauderdale, FL 33311, United States",5,167,YES,Impact window and impact door installation,False,high,"greenlineremodeling.com/services/impact-windows-installation-in-fort-lauderdale/ — 'Greenline Remodeling offers expert impact window installation in Fort Lauderdale, FL'; protects 'your home or business'.",web search,UNKNOWN,1,,
GreenTex Home Improvement,https://greentexwindows.com/,greentexwindows.com,+1 512-900-5946,"751 Silver Creek Dr, Leander, TX 78641, United States",5,44,YES,Window and door replacement/installation (incl. metal windows),False,high,greentexwindows.com/replacement-windows/ — 'GreenTex Home Improvement specializes in home remodeling projects including window and door replacement; exterior siding replacement; and wet area/bathroom remodeling'; BBB category 'Replacement Windows'.,web search,UNKNOWN,1,,
Grey & White Solutions,http://greywhitewd.com/,greywhitewd.com,+1 954-900-2071,"1848 NW 38th Ave, Lauderhill, FL 33311, United States",5,32,YES,commercial storefront glazing; named window styles; pane glazing work; window product line; window replacement/installation; windows & doors,False,high,G WINDOWS CASEMENT WINDOWS COMMERCIAL WINDOWS HORIZONTAL ROLLER WINDOWS HOW TO START YOUR WINDOWS INSTALLATION STEP 1 CONSULTATION AND MEASUREMENT Free estimates for multi-window and large-scale proje,site scrape,YES,1,,
Guido Materials,https://www.guidomaterials.com/,guidomaterials.com,+1 737-520-3166,"12225 Bee Caves Rd Ste 200, Bee Cave, TX 78738, United States",4.1,41122,YES,commercial storefront glazing; installs/replaces windows; windows & doors,False,high,| Showrooms in San Antonio & Fredericksburg ↑ COMPANIES CONSTRUCTION MATERIALS REPLACEMENTS Windows & Doors Lumber Decking Millwork Why Guido Contact Make a Payment Back Our Products Marvin Western L,site scrape,YES,1,,
Handyman Connection of Austin-Westlake,https://handymanconnection.com/austin-westlake/?utm_source=gbp&utm_medium=organic&utm_campaign=GBP-Website-Link,handymanconnection.com,+1 512-418-0800,"5450 Bee Caves Rd Ste 5c, Austin, TX 78746, United States",4.8,185,YES,installs/replaces windows; replacement windows; window replacement/installation,False,high,"tallation Adding pet doors and storm doors Complete cabinet repairs or replacement Window installation or replacement Custom Carpentry Solutions Tailored to Your Home Every home is unique, which is wh",site scrape,YES,1,,
Hardy Windows of Texas,https://hardytexas.com/?utm_source=google&utm_medium=organic&utm_campaign=gbp-austin&utm_id=local&utm_content=austin,hardytexas.com,+1 833-427-3989,"13240 Pond Springs Rd, Austin, TX 78729, United States",5,14,YES,installs/replaces windows; insulated glass unit work; named window styles; pane glazing work; replacement windows; window product line; window replacement/installation; windows & doors,False,high,"Hardy Windows of Texas - Window Replacement in Austin, TX .",site scrape,YES,1,,
Harris Home Exteriors LLC,https://harrishomeexteriors.com/,harrishomeexteriors.com,+1 512-736-4289,"15005 Gebron Dr, Austin, TX 78734, United States",4.9,110,YES,installs/replaces windows; named window styles; replacement windows; window product line; window replacement/installation; windows & doors,False,high,"® Plank Siding Installation Vinyl Siding Installation Roofing Replacement Energy Efficient Window Replacement Decks, Patios, and Patio Covers Gallery Contact Us (512) 736-4289 × Home About Us Services",site scrape,YES,1,,
Haysco Siding & Windows,https://hayscosiding.com/,hayscosiding.com,+1 512-638-6665,,5,8,YES,pane glazing work; window product line; window replacement/installation,False,high,James Hardie Siding installer Travis Hays contractors exterior windows siding install .,site scrape,YES,1,,
Heavens Door And Window,https://heavensdoor-window.com/,heavensdoor-window.com,+1 682-503-1144,,5,20,YES,installs/replaces windows; named window styles; replacement windows; window replacement/installation; windows & doors,False,high,"you can trust. Proudly Serving DFW and Surrounding Communities We provide expert window replacement and installation services across the DFW metroplex, including: Addison, Arlington, Irving, Bedford",site scrape,YES,1,,
Heritage Handyman LLC,http://www.heritagehandyman.co/,heritagehandyman.co,+1 512-373-8686,"401 Woodward St, Austin, TX 78704, United States",5,49,YES,window replacement/installation,False,high,"Get quote Doors & Windows Door repairs, locksets, hinges, thresholds, weatherstripping, screens, shades, and blinds.",site scrape,YES,1,,
High End Impact Windows & Doors,https://www.impactwindowsndoors.com/?utm_source=google&utm_medium=organic&utm_campaign=gbp-pompano-beach&utm_id=local&utm_content=pompano-beach,impactwindowsndoors.com,+1 954-782-7100,"1472 S Dixie Hwy E, Pompano Beach, FL 33060, United States",4.9,165,YES,named window styles; window product line; window replacement/installation; windows & doors,False,high,H COUNTIES High End Impact Windows & Doors specializes in impact resistant hurricane windows and doors replacement and installation service.,site scrape,YES,1,,
Highline Building Supplies | Windows | Doors | Flooring | Roofing | Kitchen | Builders Source | Commercial Doors | Trims,https://www.highlinesupplies.com/?utm_source=google&utm_medium=gbp&utm_campaign=business_profile,highlinesupplies.com,+1 214-718-0488,"4002 W Miller Rd STE# 100 & 120, Garland, TX 75041, United States",4.9,871,YES,installs/replaces windows; insulated glass unit work; named window styles; pane glazing work; replacement windows; window product line; windows & doors,False,high,"lesale Windows for Contract,Next-Day Window Delivery,Modern Slim Frame Windows,Residential Replacement Window,Insulated Double Pane Windows,premium windows .",site scrape,YES,1,,
Himes Remodeling and Renovation,http://www.mrhaustin.com/,mrhaustin.com,+1 330-749-5662,,5,12,YES,Door/window installation listed among remodeling and handyman services,False,medium,"mrhaustin.com/services/ — 'services include drywall repair, picket fencing, door/window installation, landscaping, minor plumbing/electrical, hardware installation ...'; contact Luke Himes, 330-749-5662, matches the record.",web search,UNREACHABLE,1,,
Home Craftman,http://www.homecraftsman.net/,homecraftsman.net,+1 214-239-0585,"2150 French Settlement Rd, Dallas, TX 75212, United States",4,4510,YES,Vinyl replacement windows and doors — energy-efficient replacement window products for Dallas homes,False,low,"homecraftsman.net: company 'is dedicated to the home improvement business, particularly focused on replacement window and door business'; Yelp lists it as 'Home Craftsman Windows, 3706 La Reunion Pkwy' and Birdeye categorises it 'Home Craftman — Windows Installation in Dallas, TX'. CAVEAT: their own",web research (earlier pass),UNREACHABLE,1,,
Home Shield Shutter Group INC,https://homeshieldshutter.com/,homeshieldshutter.com,+1 954-380-2398,"501 SW 21st Terrace, Fort Lauderdale, FL 33312, United States",5,16,YES,window product line; window replacement/installation; windows & doors,False,high,High-Rise Impact Installations Specialized impact window and door installations for high-rise and multi-story buildings using certified access methods.,site scrape,YES,1,,
Home Window Guy,https://adamsexteriors.com/,adamsexteriors.com,+1 214-349-7283,"3010 Lyndon B Johnson Fwy, Dallas, TX 75234, United States",4.3,12,YES,installs/replaces windows; replacement windows; window replacement/installation,False,high,From energy-efficient replacement windows to roof repairs / replacements and all other exterior repairs.,site scrape,YES,2,,"410 S Willomet Ave, Dallas, TX 75208, United States"
Home Window Replacement Dallas,https://homewindowsdallas.com/,homewindowsdallas.com,+1 469-908-3363,,5,4,YES,"Home window replacement and installation (double-hung, slider, awning, bow/bay, vinyl, custom); also doors and siding",False,high,"homewindowsdallas.com/windows/home-window-replacement-dallas/ and /windows/window-installation-service-dallas/ 'Window Installation Service Dallas'; 'leading home window replacement and door installation company in Dallas, Texas'",web research (earlier pass),UNKNOWN,1,,
Homeland Exteriors,http://homelandexteriors.com/,homelandexteriors.com,+1 815-601-5522,,5,5,YES,insulated glass unit work; window product line; window replacement/installation; windows & doors,False,high,", long-lasting finish for your home or business. read more > Windows We specialize in window and door installation, offering expert fitting and high-quality products to enhance security, energy effici",site scrape,YES,1,,
Honest View Windows,https://honestviewwindows.com/,honestviewwindows.com,+1 480-550-1195,"4539 N 22nd St #4554, Phoenix, AZ 85016, United States",5,65,YES,window replacement/installation,False,high,Honest View Windows | Phoenix Window Replacements .,site scrape,YES,1,,
Hourglass Solutions LLC,http://hourglassdfw.com/,hourglassdfw.com,+1 469-677-5738,"1612 Falcon Drive, Dallas, TX 75247, United States",5,10,YES,commercial storefront glazing; insulated glass unit work; reglazing; window product line; window replacement/installation,False,high,"Whether you need an entire window replacement, reglazing, or a custom job we will both be there to help complete your project.",site scrape,YES,1,,
House Doctors of Austin,https://housedoctors.com/austin/,housedoctors.com,+1 737-371-8827,,4.9,92,YES,"Window repair and replacement, from minor repairs to full replacements",False,high,"housedoctors.com/services/window-repair-replacement/ — 'expert technicians offer professional window repair and replacement services ... can handle everything from minor repairs to full replacements'; housedoctors.com/austin-tx/ — 'trusted local team for maintenance, repairs, and remodels serving Au",web search,UNREACHABLE,1,,
HRS Window Cleaning LLC,http://hrswindowcleaning.com/,hrswindowcleaning.com,+1 512-638-1467,"12307 Roxie Dr Ste 102, Austin, TX 78729, United States",5,21,YES,window replacement/installation,False,high,. HRS Window Cleaning . HRS Window Cleaning 0 Skip to Content HRS Window Cleaning Home Window Service and Repair High Dusting Products Blog About Open Menu Close Menu HRS Window Cleaning Home Window,site scrape,YES,1,,
Huskie Exteriors Inc,https://huskieexteriors.com/,huskieexteriors.com,+1 815-519-3237,"4901 W State St, Rockford, IL 61102, United States",4.9,184,YES,Window replacement,False,high,"huskieexteriors.com/about-us/ titled 'Local Roofing, Siding, and Windows Replacement Company'; 'the #1 roofing, siding, gutters, and window contractor in Rockford, IL'; 'siding installation and siding repairs, window replacement'.",web search,UNREACHABLE,1,,
I Gotta Guy 4 That,http://www.igottaguy4that.com/,igottaguy4that.com,+1 512-715-4997,,5,18,YES,installs/replaces windows; window replacement/installation,False,high,s the beauty and functionality of your outdoor spaces. EXPLORE MORE Other Services 3 to 5 Windows Installation 6+ Windows Installation Adding an Addition to your Home Alarm System Installation Applian,site scrape,YES,1,,
iDEAL GLASS DFW,http://idealglassdfw.com/,idealglassdfw.com,+1 469-745-2626,,4.4,7,YES,commercial storefront glazing; insulated glass unit work; pane glazing work,False,high,"We can also install single-pane glass, a more economical solution.",site scrape,YES,1,,
Ideal Property Solutions,https://www.ipsroofs.com/,ipsroofs.com,+1 815-597-0707,"929 S Alpine Rd #201, Rockford, IL 61108, United States",4.9,296,YES,installs/replaces windows; replacement windows; window product line; window replacement/installation,False,high,"We provide professional window replacement, repair, and installation to homeowners in Rockford and the surrounding area.",site scrape,YES,1,,
Infinity Replacement by Marvin,https://install.infinitywindows.com/locations/texas/dallas/?utm_source=gmb&utm_medium=organic&utm_campaign=dfw,install.infinitywindows.com,+1 866-922-2119,"1205 E Avenue J, Grand Prairie, TX 75050, United States",4.8,261,YES,installs/replaces windows; insulated glass unit work; named window styles; pane glazing work; replacement windows; window product line; window replacement/installation; windows & doors,False,high,"uilt, keeping you posted on progress and confirming installation dates with you. Door and Window Installation What to expect on installation day Walk-through Your project manager will conduct an init",site scrape,YES,1,,
Inside Out Construction And Design,http://www.iorconstruction.com/,iorconstruction.com,+1 512-842-9961,,4.7,18,YES,window replacement/installation,False,high,"ouse Construction - Trim Work - Vinyl Flooring Installation - Water Heater Installation - Window Installation - Window Replacement - Wood Floor Installation - Wood Siding Areas Austin, Barton Creek,",site scrape,YES,1,,
Installation World,https://installation-rockford.com/,installation-rockford.com,+1 815-904-9249,"2606 Broadway Ste 2 C, Rockford, IL 61108, United States",5,73,YES,installs/replaces windows; window product line; window replacement/installation,False,high,nstallation Custom Projects Garage & Basement Finishing New Door or Window Opening Door or Window Replacement Bathroom Fixture Convert Breakfast Nook to Island Enclose Porch 4 Season Installation Kitc,site scrape,YES,1,,
IQ Smart Handyman,https://iqsmarthandyman.com/,iqsmarthandyman.com,+1 737-704-7478,,5,33,YES,window replacement/installation,False,high,"in interior painting, appliance repair, kitchen cabinet remodeling, drywall repair, and window tint installation — enhancing the value and comfort of your home.",site scrape,YES,1,,
J&J Home Maintenance LLC,https://jjhomesmaintenance.com/,jjhomesmaintenance.com,+1 779-335-4133,"6914 Forest Hills Rd A, Loves Park, IL 61111, United States",0,0,YES,Door and window installation; installs vinyl windows,False,medium,"jjhomesmaintenance.com — 'a wide range of home renovations from interior painting, floor installation, drywall repairs and installing, door and window installation, kitchen cabinets, countertops and more'; 'The company also installs vinyl windows'.",web search,UNREACHABLE,1,,
Ja-Mar Roofing & Sheet Metal - Austin,https://jamarroofing.com/?utm_source=google&utm_medium=gbp&utm_campaign=Austin,jamarroofing.com,+1 512-441-8437,"4101 Parkstone Heights Dr Ste 250, Austin, TX 78746, United States",4.9,668,YES,installs/replaces windows; insulated glass unit work; named window styles; pane glazing work; replacement windows; window product line; window replacement/installation,False,high,Roof Repair Emergency Roofing Storm Damage Roof Inspections Gutters Solar Roofing Painting Window Replacement About Reviews Roofing Certifications Referral Programs Spirit of Ja-Mar Built Ja-Mar Stron,site scrape,YES,1,,
JASB Roofing & Exterior Remodeling,https://www.jasbsolutions.com/?utm_source=omg-gbp&utm_medium=webclick,jasbsolutions.com,+1 512-961-1421,"12325 Hymeadow Dr Ste 1-103, Austin, TX 78750, United States",4.7,117,YES,installs/replaces windows; replacement windows; window product line; window replacement/installation; windows & doors,False,high,"or remodeling services , including custom deck installation, siding installation, and window and door replacement .",site scrape,YES,1,,
JC GLASS & WINDOWS,https://jcglass-windows.carrd.co/,jcglass-windows.carrd.co,+1 214-531-5904,"5738 Preston View Blvd, Dallas, TX 75240, United States",5,7,YES,window product line; window replacement/installation,False,high,Glass Repair and Window Installation .,site scrape,YES,1,,
JCAB Enterprises - Impact Windows & Doors,https://jcabinc.com/,jcabinc.com,+1 954-288-4798,"700 NE 40th Ct, Oakland Park, FL 33334, United States",4.9,70,YES,named window styles; window product line; window replacement/installation; windows & doors,False,high,"Privacy Policy Sitemap Accessibility Statement Impact Window Installation, Miami-Dade, FL | JCAB Enterprises .",site scrape,YES,1,,
JCM Construction And Design,http://jcmconstruction.andersenwindowscertifiedcontractors.com/,jcmconstruction.andersenwindowscertifiedcontractors.com,+1 214-223-9151,"17250 Dallas Pkwy, Dallas, TX 75248, United States",5,507,YES,"Window installation and replacement, plus service and repair of windows - Andersen certified contractor",False,high,"Business listing for JCM Construction and Design, 17250 Dallas Pkwy, (214) 223-9151: 'The company specializes in General Contracting, Windows Installation, and Door Sales/Installation... they service and repair any door or window, especially Andersen windows and doors.' Site is hosted on Andersen's ",web research (earlier pass),UNREACHABLE,1,,
JDM Sliding Door & Window Repair,https://slidingdoorrepairft.com/broward,slidingdoorrepairft.com,+1 954-689-2155,"721 NE 3rd Ave, Fort Lauderdale, FL 33304, United States",4.9,617,YES,commercial storefront glazing; installs/replaces windows; insulated glass unit work; named window styles; pane glazing work; replacement windows; window product line; window replacement/installation; windows & doors,False,high,tomatic Door Repair Storefront Door Repair ADA Door Repair Window & Glass Services Impact Window Installation Leaking Door & Window Repair View All Services Locations Florida Miami-Dade County Browar,site scrape,YES,1,,
JJ's Window Service,http://www.jjswindowservice.com/,jjswindowservice.com,+1 972-479-1302,"3235 Skylane Dr Apt 115, Carrollton, TX 75006, United States",3.7,59,YES,broken window glass; installs/replaces windows; reglazing; window replacement/installation,False,high,"MESSAGE US TODAY Home About Residential Gallery Contact Search for: Window Replacement & Fogged Glass Repair in Carrollton, TX In Need Of Repair?",site scrape,YES,1,,
JM Construction Group LLC,https://www.jmconstructiongroupllc.com/,jmconstructiongroupllc.com,+1 815-315-4388,"4915 Auburn St, Rockford, IL 61101, United States",4.6,75,YES,window product line; window replacement/installation; windows & doors,False,high,Call us today to schedule window and door installation services.,site scrape,YES,1,,
Johnson Energy Solutions,http://www.impact-florida.com/,impact-florida.com,+1 954-214-1217,"4700 Powerline Rd, Oakland Park, FL 33309, United States",1,4656,YES,window product line; window replacement/installation; windows & doors,False,high,"es , which offers 100% Financing with no money out of pocket towards hurricane impact window and door installations.",site scrape,YES,1,,
Jon Wright Industries,https://www.jonwrightroofing.com/,jonwrightroofing.com,+1 972-251-1818,,4.7,38,YES,installs/replaces windows; named window styles; pane glazing work; replacement windows; window product line; window replacement/installation,False,high,llen Allen roofer | Allen roofing | Allen roof repair | Allen roofing contractor Window Replacements Window Replacement Garland | Window Replacement Plano | Window Replacement Wylie Copyright 2023 - J,site scrape,YES,1,,
JP Exteriors,https://jpexteriorstx.com/?utm_source=googlebusinessprofile&utm_medium=organic&promo=gbp,jpexteriorstx.com,+1 512-960-3191,"8906 Wall St #201, Austin, TX 78754, United States",4.9,619,YES,installs/replaces windows; named window styles; pane glazing work; replacement windows; window product line; window replacement/installation; windows & doors,False,high,Hardie Siding Siding Replacement Costs Soffits & Fascia Windows Doors Windows & Doors Windows Window Replacement Window Styles Window Installation Cost of Window Replacement Andersen Windows Pella Wi,site scrape,YES,1,,
JVR Impact Windows & Doors,https://www.jvrwindows.com/,jvrwindows.com,+1 954-902-4418,"650 NE 44th St, Oakland Park, FL 33334, United States",4.6,211,YES,named window styles; window product line; window replacement/installation; windows & doors,False,high,s Picture Windows Project-Out Awning Windows Single-Hung Windows Hurricane Windows Storm Windows Window Repairs Properties Serviced Commercial Properties Condominiums Residential Homes Gallery Reside,site scrape,YES,1,,
K&J Windows,https://kjwindows.com/,kjwindows.com,+1 602-942-0954,"2331 W Royal Palm Rd Ste L, Phoenix, AZ 85021, United States",4.4,121,YES,"Residential and commercial replacement window and door installation (wood, fiberglass, aluminum, vinyl)",False,high,"kjwindows.com/phoenix-windows/phoenix-window-installation/ — 'top-rated window replacement and installation services in Phoenix, AZ'; 'a trusted provider of residential and commercial window and door services in the Phoenix area for more than two decades'.",web search,UNKNOWN,1,,
Keenan Window & Door,https://www.keenanwindow.com/,keenanwindow.com,+1 954-563-4900,"4050 NE 5th Terrace, Oakland Park, FL 33334, United States",4.7,82,YES,installs/replaces windows; replacement windows; window product line; window replacement/installation; windows & doors,False,high,s Front Entry Doors Sliding Glass Doors & French Doors Commercial Window & Door Impact Windows Window Replacement Gallery Reviews About Why Choose Us?,site scrape,YES,1,,
Kevin's Glass & Roofing,http://kevinsglassandroofing.com/,kevinsglassandroofing.com,+1 512-671-8740,,4.9,85,YES,building glass replacement; window product line; window replacement/installation,False,high,"Whether you need a roof replacement, residential glass , new siding or window replacement, we’re ready and able to serve you.",site scrape,YES,1,,
King's Window Services LLC,https://www.kingswindowservices.com/?utm_medium=organic&utm_source=google&utm_campaign=gbp,kingswindowservices.com,+1 817-512-5714,"6515 Smithfield Rd c, North Richland Hills, TX 76182, United States",4.9,166,YES,installs/replaces windows; insulated glass unit work; named window styles; pane glazing work; replacement windows; window product line; window replacement/installation,False,high,"King's Window Services offers expert window replacement, glass repair, screen replacement & shower glass in North Richland Hills, TX.",site scrape,YES,1,,
Kings Sliding Door,http://arizona.kingsslidingdoorrepair.com/,arizona.kingsslidingdoorrepair.com,+1 888-664-5553,,5,26,YES,pane glazing work,False,medium,"d stack neatly to one side, creating a wide, open living space. Improve the look of your home DOUBLE PANE GLASS STANDARD GLASS TRIPLE GLASS Find Out How New Doors Can Improve Your Home When investing",site scrape,LIKELY,1,,
Kirk Windows LLC,http://www.kirkwindows.com/,kirkwindows.com,+1 972-977-7292,,4.8,47,YES,installs/replaces windows; replacement windows; window replacement/installation; windows & doors,False,high,"hing well, he decided to narrow the focus of his business to providing the highest quality window replacement service.",site scrape,YES,1,,
KobyCo Door & Window,https://www.kobycowindow.com/?utm_campaign=gmb,kobycowindow.com,+1 815-270-5484,"4131 N Perryville Rd, Loves Park, IL 61111, United States",4.7,170,YES,Window and door replacement/installation with their own installation team,False,high,"kobycowindow.com — 'Window & Door Installation Services Rockford, IL'; 'wood and vinyl windows; French and sliding patio doors; fiberglass and steel entry doors'; 'KobyCo is very professional and has their own installation team'.",web search,UNKNOWN,1,,
Krasiva Windows and Doors,https://krasivawindows.com/,krasivawindows.com,+1 602-678-3737,"2432 W Peoria Ave #1186, Phoenix, AZ 85029, United States",4.8,306,YES,installs/replaces windows; named window styles; pane glazing work; replacement windows; window product line; window replacement/installation; windows & doors,False,high,"Window Replacement in Phoenix, AZ | Krasiva Windows & Doors .",site scrape,YES,1,,
L.J. Neal & Sons,https://bestwindowreplacement.com/,bestwindowreplacement.com,+1 602-661-6852,,4.8,22,YES,installs/replaces windows; insulated glass unit work; named window styles; pane glazing work; replacement windows; window product line; window replacement/installation,False,high,Window Replacement Arizona | L.,site scrape,YES,1,,
Lake Travis Roofing,https://www.laketravisroofing.com/,laketravisroofing.com,+1 512-886-5060,"2802 Flintrock Trace Suite 313, Austin, TX 78738, United States",4.9,57,YES,pane glazing work; window replacement/installation,False,high,ers Custom Chimney Caps Emergency Roof Repair Fascia & Soffit Installation & Repair Door & Window Replacement Service Areas Austin TX Spicewood Bee Cave TX Lakeway TX Recent Projects FAQs Contact X Ge,site scrape,YES,1,,
Lakeway Windows and Doors,https://www.lakewaywindowsanddoors.com/,lakewaywindowsanddoors.com,+1 512-456-3539,,5,0,YES,named window styles; window product line; window replacement/installation; windows & doors,False,high,"g Spicewood, TX Lakeway Windows and Doors is your first choice in Spicewood for your windows and doors installation and replacement services.",site scrape,YES,1,,
Landmark Building Co.,https://www.landmarkbuildingco.com/,landmarkbuildingco.com,+1 214-727-0201,"13590 Floyd Cir Ste 110, Dallas, TX 75243, United States",5,23,YES,named window styles; pane glazing work; window product line; window replacement/installation; windows & doors,False,high,"Locally owned and operated, we provide premium thermal break aluminum doors and windows with expert installation across Dallas-Fort Worth.",site scrape,YES,1,,
Latitude Windows,http://www.latitudewindows.com/,latitudewindows.com,+1 954-451-5601,"4816 NE 10th Ave, Oakland Park, FL 33334, United States",4,23,YES,"Impact/hurricane window and door installation, replacement and repair; storefront impact glass",False,high,"latitudewindows.com/impact-windows-and-doors/ — 'installation, replacement, and repair services for residential homes, condominiums, high-rise buildings, and commercial storefront systems'.",web search,UNKNOWN,1,,
Lazarus Remodel,https://lazarusremodel.com/,lazarusremodel.com,+1 512-550-5518,"3800 Bliss Spillar Rd, Manchaca, TX 78652, United States",5,17,YES,Installing new windows (listed exterior service),False,high,"lazarusremodel.com — exterior work includes 'installing new windows, exterior painting, fencing, decks, and roofing on the exterior'.",web search,UNKNOWN,1,,
Legacy Crown Exteriors LLC,http://www.legacycrownexteriors.com/,legacycrownexteriors.com,+1 903-312-4574,,5,18,YES,Window installation as a listed service of the general contractor,False,high,"BBB profile / legacycrownexteriors.com service list: ""...fencing, decking, pool enclosures, patio enclosures, siding installation and window installation"".",web research (earlier pass),UNREACHABLE,1,,
Legacy Exteriors,https://www.legacyexteriors.com/,legacyexteriors.com,+1 817-751-4460,"8801 Davis Blvd Ste 2E, Keller, TX 76248, United States",4.9,63,YES,installs/replaces windows; pane glazing work; replacement windows; window product line; window replacement/installation,False,high,Window Replacement DFW: Upgrade Your Old Drafty Windows!,site scrape,YES,1,,
Legacy Windows LLC,https://thelegacywindows.com/,thelegacywindows.com,+1 480-448-2098,"3106 W Thomas Rd #1107, Phoenix, AZ 85017, United States",4.1,37,YES,installs/replaces windows; pane glazing work; replacement windows; window product line; window replacement/installation; windows & doors,False,high,50% OFF When You Purchase 10 Windows or More! Get free Qoute (801) 335-6058 Home Services Window Replacement New Window Installation Custom Windows & Doors Energy-Efficient Windows Professional Insta,site scrape,YES,1,,
Lifetime Home Remodeling,http://www.lifetimewindows.com/,lifetimewindows.com,+1 480-550-9993,"4141 S 36th St, Phoenix, AZ 85040, United States",4.8,1049,YES,Replacement window installation; nation's #1 dealer of Infinity from Marvin windows,False,high,"lifetimewindows.com/phoenix-az — 'specializes in high-quality replacements for windows, exterior and patio doors, and baths and showers... they are the nation's #1 dealer of Infinity windows'.",web search,UNREACHABLE,1,,
Lion Windows,https://lionwindows.com/,lionwindows.com,+1 512-940-6000,"108 Wild Basin Rd S Suite 250, West Lake Hills, TX 78746, United States",4.6,30,YES,named window styles; window product line; window replacement/installation,False,high,Austin Window Installation: Get a Quote Today | Lion Windows .,site scrape,YES,1,,
LOA Construction and Austin Roofing,https://www.loaconstruction.com/austin/?utm_campaign=gmb&utm_medium=organic&utm_source=gmblisting,loaconstruction.com,+1 512-375-3654,"706 W Ben White Blvd Ste 200B, Austin, TX 78704, United States",5,991,YES,commercial storefront glazing; installs/replaces windows; named window styles; pane glazing work; replacement windows; window product line; window replacement/installation,False,high,The siding and window installation team at LOA Construction offers same-day estimates and work scheduled within a week.,site scrape,YES,1,,
Load Bearing Wall Pros - Austin,https://www.loadbearingwall.com/,loadbearingwall.com,+1 737-252-8170,"2802 Flintrock Trace #201, Lakeway, TX 78738, United States",5,23,YES,windows & doors,False,high,In most cases we can add on to your home like it was a brand new build with customizable windows and doors configuration.,site scrape,YES,1,,
Local Contracting LLC,https://texaslocalcontracting.com/,texaslocalcontracting.com,+1 512-924-7179,,4.9,35,YES,named window styles; window replacement/installation; windows & doors,False,high,"e Phone Number Email Project Type Kitchen Interior Remodeling Bathroom Additions Full Home Window Replacement Other Price Range $20,000 - $50,000 $50,000 - $70, 000 $70,000 - $100,000 $100,000 - $200,",site scrape,YES,1,,
Local Door & Glass LLC,http://localdoorglass.com/,localdoorglass.com,+1 480-709-6772,"4012 E Broadway Rd #309, Phoenix, AZ 85040, United States",5,16,YES,Custom glass for home doors and windows,False,medium,"Local Door & Glass Facebook page (facebook.com/LocalDoorAndGlass) — 'a glass supplier in Phoenix, AZ that offers custom glass solutions for your home's doors, windows, and more'. Their own domain is not indexed; the Google reviews describe a custom glass insert and door glass work.",web search,UNREACHABLE,1,,
LockTight Impact Windows Doors & Roofing,https://locktightimpact.com/?utm_source=omg-gbp&utm_medium=webclick,locktightimpact.com,+1 954-500-5625,"2200 SW 45th St #101, Fort Lauderdale, FL 33312, United States",4.8,2215,YES,window in name + review describes window work,False,medium,,name/review keywords,UNKNOWN,1,,
Lone Star Glass and Aluminum,https://lonestarglassandaluminum.com/,lonestarglassandaluminum.com,+1 972-748-9481,"6526 Maryibel Cir, Dallas, TX 75237, United States",4.6,14,YES,commercial storefront glazing; installs/replaces windows; insulated glass unit work; named window styles; pane glazing work; reglazing; replacement windows; window product line; window replacement/installation,False,high,"Home | Plano Window Installation, Window Replacement and Glass Replacement .",site scrape,YES,1,,
Lone Star Home Pro,https://lonestarhomepro.com/,lonestarhomepro.com,+1 214-417-6390,,4.8,22,YES,installs/replaces windows; named window styles; window replacement/installation; windows & doors,False,high,ustomer Reviews ★ ★ ★ ★ ★ Follow Us [phone_number] Home Services Custom Door Installation Window Installation Residential Remodeling Kitchen Remodeling Bathroom Remodeling Door & Window Restoration A,site scrape,YES,1,,
LoneStar Glass Replacement,https://glassreplacementaustin.com/,glassreplacementaustin.com,+1 512-431-7056,,4.1,14,YES,building glass replacement; window replacement/installation; windows & doors,False,high,Call us today and get started on your window repair or replacement!,site scrape,YES,1,,
Longhorn Glass,http://longhornglass.net/,longhornglass.net,+1 512-443-9000,"13216 Pond Springs Rd, Austin, TX 78729, United States",4.4,77,YES,building glass replacement; commercial storefront glazing; installs/replaces windows; insulated glass unit work,True,high,ass Commercial Glass Residential Glass Heavy Machinery Window Cleaning Get A FAST Quote Commercial Glass Services FREE Estimates Lifetime Workmanship Warranty Same-Day Services Available Get A FAST Qu,site scrape,YES,1,,
Love That Door,https://www.lovethatdoor.com/?utm_campaign=gmbdallas,lovethatdoor.com,+1 214-891-3003,"1322 Round Table Dr, Dallas, TX 75247, United States",5,95,YES,commercial storefront glazing; named window styles; pane glazing work; window product line,False,high,olled Steel Aluminum Products lift and slide patio doors aluminum bifold aluminum panoramic aluminum windows garage doors Thermally Broken Additional Features pulls locks finishes glass LTD CATALOG BU,site scrape,YES,1,,
Loyal Home Concierge,https://www.loyalhomeconcierge.com/,loyalhomeconcierge.com,+1 512-994-0072,,5,42,YES,Window pane replacement performed as part of home maintenance work,False,low,"loyalhomeconcierge.com/services/ — 'work included light fixture replacement, paint patching, window pane replacement, and power washing'; 'full service home management and maintenance provider ... preventative maintenance, vendor management'. Window glass work is incidental to a maintenance/coordina",web search,UNKNOWN,1,,
Luft Windows,https://www.luftwindows.com/,luftwindows.com,+1 480-508-8958,"2010 E University Dr #25, Tempe, AZ 85281, United States",5,41,YES,installs/replaces windows; insulated glass unit work; named window styles; pane glazing work; window product line; window replacement/installation; windows & doors,False,high,"European Window Replacement Phoenix, AZ | Luft Windows .",site scrape,YES,1,,
Luma Exteriors,https://lumaexteriors.com/,lumaexteriors.com,+1 512-201-1818,"9600 Escarpment Blvd Ste 745-27, Austin, TX 78749, United States",5,29,YES,installs/replaces windows; pane glazing work; window product line; window replacement/installation; windows & doors,False,high,"emodeling | Austin, Texas Skip to main content Show submenu for Services Services Window Replacement Door Replacement Siding Installation Roofing Gutter Installation Design Services About Us Blog Ope",site scrape,YES,1,,
Luna Glass and Mirror,https://lunaglassmirror.com/,lunaglassmirror.com,+1 214-284-1397,,5,4,YES,commercial storefront glazing; installs/replaces windows; pane glazing work; replacement windows; window product line; window replacement/installation,False,high,Mirrors Custom Mirror Installation Bathroom Vanity Mirrors Frameless Decorative Mirrors Windows Window Repair & Replacement Window Glass Repair Double-Pane Window Replacement Full Window Replacement,site scrape,YES,1,,
LuxVue Pros,https://www.luxvuepros.com/,luxvuepros.com,+1 214-995-6140,,5,6,YES,installs/replaces windows; named window styles; pane glazing work; replacement windows; window product line; window replacement/installation; windows & doors,False,high,"t Now For any inquiries, feel free to call us at 214-995-6140 . LuxVue Pros offers LUXUARY Window Replacement Entry Door Replacement Entry Door Replacement With over 30 years of experience in the wind",site scrape,YES,1,,
Lynn Floyd Architectural Millwork,https://lynnfloyd.com/,lynnfloyd.com,+1 972-335-1199,"6025 Owens St, Dallas, TX 75235, United States",5,404,YES,named window styles; window product line,False,high,"ric window expertise and cope and stick tooling, we build authentic true divided light custom wood windows .",site scrape,YES,1,,
M&M Roofing Siding & Windows,https://www.mmroofsiding.com/,mmroofsiding.com,+1 214-381-0600,,4.4,7,YES,installs/replaces windows; named window styles; window product line; window replacement/installation,False,high,ecent Work Trusted Services Referral Program Trusted Services Window Contractor in Houston Window Replacement & Installation Contractor Get a Free Inspection Call: 800-352-3933 Window contractor servi,site scrape,YES,1,,
Maison Janneau,https://www.maison-janneau.com/,maison-janneau.com,+1 512-356-9276,"5555 N Lamar Blvd Suite L-125, Austin, TX 78751, United States",5,6,YES,installs/replaces windows; named window styles; replacement windows; window product line; windows & doors,False,high,steel windows are suitable for both new construction and timeless renovations – including replacement windows for properties with historic preservation requirements.,site scrape,YES,1,,
Marine Windows Solutions,http://marinewindowssolutions.com/,marinewindowssolutions.com,+1 754-325-1470,,5,21,YES,installs/replaces windows; replacement windows; window product line; window replacement/installation,True,high,Yacht & Boat Window Repair Fort Lauderdale | Marine Windows .,site scrape,YES,1,,
Martin Exteriors Roofing & Siding,https://martinexteriors.com/,martinexteriors.com,+1 815-209-9054,"6019 Fincham Dr Ste 4, Rockford, IL 61108, United States",4.6,55,YES,installs/replaces windows; insulated glass unit work; named window styles; pane glazing work; replacement windows; window product line; window replacement/installation,False,high,inancing Options Roof Repair Roof Inspection Metal Roofing Asphalt Shingle Roofing Gutters Window Replacement Hail Damage Repair Wind Damage Repair TPO/Flat Commercial Emergency Roof Repair Free Inspe,site scrape,YES,1,,
Marvin Design Gallery by Mountain West Windows and Doors,https://mwwd.com/locations/az/scottsdale/?utm_source=google&utm_medium=organic&utm_campaign=gbp-profile,mwwd.com,+1 480-355-3260,"15507 N Scottsdale Rd, Scottsdale, AZ 85254, United States",4.8,629,YES,installs/replaces windows; named window styles; replacement windows; window product line; window replacement/installation; windows & doors,False,high,Limited Warranty All Products Service Close Service Open Service Request Service Window Replacement Door Replacement Request Service Window Replacement Door Replacement About Close About Open About,site scrape,YES,1,,
Maverick Windows,http://www.maverickwindows.com/,maverickwindows.com,+1 214-302-8541,"4552 Beltway Dr, Addison, TX 75001, United States",4.8,820,YES,installs/replaces windows; replacement windows; window product line; window replacement/installation; windows & doors,True,high,"Maverick Windows is a family-owned Window Replacement Services Company in Dallas - Fort Worth, Austin, Houston, San Antonio, and Lubbock.",site scrape,YES,1,,
McBain's Windows and Doors LLC,https://mcbainswindowsanddoors.com/,mcbainswindowsanddoors.com,+1 214-702-3818,,5,28,YES,window replacement/installation; windows & doors,False,high,"Precision window and door installation, repair, and energy-efficient solutions in Dallas–Fort Worth.",site scrape,YES,1,,
McCoy's Building Supply,https://www.mccoys.com/stores/austin-290-west-tx,mccoys.com,+1 512-288-3313,"11811 US-290, Austin, TX 78737, United States",4.6,201,YES,installs/replaces windows; named window styles; replacement windows; window product line; windows & doors,False,high,e the V2000 Series with many exterior and interior color options and the V3000 Series for replacement windows with expanded color options.,site scrape,YES,1,,
Mediterranean Impact Windows,http://www.medimpactwindow.com/,medimpactwindow.com,+1 954-990-8363,"601 SW 8th St, Pompano Beach, FL 33060, United States",3.8,33,YES,"Impact window and door installation — impact windows, single-hung windows, sliding glass doors",False,high,"medimpactwindow.com/services + directory listings — 'provides window installation, door installation ... specialize in door installation, impact doors, impact windows, single-hung windows, sliding glass doors, and window installation'; FL DBPR construction licence on file.",web search,UNKNOWN,1,,
Mercury Exteriors,https://mercuryexteriors.com/,mercuryexteriors.com,+1 512-729-7663,,5,79,YES,window product line,False,medium,Windows Upgrade to energy-efficient windows that not only beautify your home but also contribute to significant energy savings.,site scrape,LIKELY,1,,
Metro Steel Doors Austin,https://metrosteeldoors.com/,metrosteeldoors.com,+1 512-402-6881,"1501 Ranch Rd 620 N a, Lakeway, TX 78734, United States",4.1,419,YES,insulated glass unit work; named window styles; pane glazing work; windows & doors,False,high,Metro Steel Windows & Doors - Modern Front Doors | Exterior Doors .,site scrape,YES,1,,
Metroplex Door Repair LLC,http://metroplexdoorrepair.llc/,metroplexdoorrepair.llc,+1 469-328-6628,"6611 Lockheed Ave, Dallas, TX 75209, United States",4.6,36,YES,commercial storefront glazing; window replacement/installation,False,high,lutions delivered Commercial and residential project proof Residential Glass High-rise window glass replacement Balcony glass and window panel replacement handled carefully on-site.,site scrape,YES,1,,
Metroplex Gutter and Windows,https://metroplexgutters.com/,metroplexgutters.com,+1 214-306-4665,"1315 S Akard St, Dallas, TX 75215, United States",5,7,YES,installs/replaces windows; named window styles; pane glazing work; replacement windows; window product line; window replacement/installation,False,high,Guards for DFW Trees Copper Gutters Commercial Gutter Systems Downspouts & Rain Chains Window Systems Replacement Windows — Engineered for DFW Summers Most window marketing is written for cold climate,site scrape,YES,1,,
Metroplex windows & Glass,https://mydallaswindows.com/,mydallaswindows.com,+1 972-323-5200,"1425 Century Dr, Carrollton, TX 75006, United States",4.8,809,YES,installs/replaces windows; replacement windows; window product line; window replacement/installation,False,high,"Residential & commercial glass door replacement, window installation, and window replacement services.",site scrape,YES,1,,
Michaels Windows Doors & More,http://michaelswindowsdoorsandmore.com/,michaelswindowsdoorsandmore.com,+1 815-217-8429,,5,22,YES,reglazing; window replacement/installation,False,high,Michaels windows doors and more | window restoration and installation .,site scrape,YES,1,,
Midwest Seamless Gutters and Siding,https://www.midwestseamlessguttersandsiding.com/,midwestseamlessguttersandsiding.com,+1 815-708-8113,"7194 Vandiver Rd, Rockford, IL 61112, United States",4.7,306,YES,installs/replaces windows; replacement windows; window product line; window replacement/installation,False,high,"_footer_reserve5}} {{placeholder_footer_reserve6}} {{placeholder_footer_reserve7}} Window Installation and Repair Services | Rockford, IL .",site scrape,YES,1,,
Midwest Wholesale Glass & Shower Doors,http://www.midwestwholesaleglass.com/,midwestwholesaleglass.com,+1 800-593-9812,,4.9,7,YES,commercial storefront glazing; installs/replaces windows; insulated glass unit work; named window styles; pane glazing work; replacement windows; window product line; window replacement/installation; windows & doors,False,high,"l Glass Services Order / Quote Forms Contact Credit App Blog Reviews FAQ Replacement Windows and Doors Replacement Windows, Doors & INSULATED GLASS UNITS Wholesale Glass & Services | Veteran and Woma",site scrape,YES,1,,
Mirror Gallery Inc,http://www.mirrorgallery.com/,mirrorgallery.com,+1 512-660-5105,"8313 State Hwy 71, Austin, TX 78735, United States",4.1,13,YES,named window styles; windows & doors,False,high,"Mirror Gallery Windows and Doors | Houston & Austin TX | Custom Windows, Doors, Shower Doors, Mirrors and Glass .",site scrape,YES,1,,
Mister Glass,https://www.misterglassinc.com/?utm_source=gmb&utm_medium=organic&utm_campaign=DALLAS,misterglassinc.com,+1 972-669-0951,"13342 Floyd Cir, Dallas, TX 75243, United States",4.9,3629,YES,building glass replacement; commercial storefront glazing; insulated glass unit work; pane glazing work; window replacement/installation,True,high,o main content About Auto Glass Windshield Repair Windshield Replacement Back Glass & Side Window Replacement ADAS Windshield Recalibration For Insurance Agencies For Fleet Service Residential Glass W,site scrape,YES,1,,
MIW Roofing,https://miwroofing.com/,miwroofing.com,+1 954-634-3838,"404 NE 38th St, Oakland Park, FL 33334, United States",5,404,YES,window product line; window replacement/installation; windows & doors,False,high,"MIW Roofing & Windows offers flexible financing options for roofing, window repairs, and new installations.",site scrape,YES,1,,
MNP Window and Door,https://mnpwindowanddoor.com/,mnpwindowanddoor.com,+1 512-368-8845,,5,26,YES,installs/replaces windows; insulated glass unit work; named window styles; replacement windows; window product line; window replacement/installation; windows & doors,False,high,"Window Installation Service | Buda, Texas .",site scrape,YES,1,,
Model Glass & Shower Doors,https://modelglassatx.com/?utm_source=google&utm_medium=organic&utm_campaign=gbp,modelglassatx.com,+1 979-587-2334,,5,59,YES,building glass replacement; commercial storefront glazing; installs/replaces windows; insulated glass unit work; named window styles; pane glazing work; window product line; window replacement/installation,False,high,"e clarity, strength, and energy efficiency for both residential and commercial properties. Windows We install high-quality windows that enhance insulation, improve natural light, and add long-lasting",site scrape,YES,1,,
Modern Resolution Windows & Doors,https://www.modernresolution.com/,modernresolution.com,+1 480-665-5732,"2105 S Hardy Dr #9, Tempe, AZ 85282, United States",4.9,162,YES,installs/replaces windows; insulated glass unit work; named window styles; pane glazing work; replacement windows; window product line; window replacement/installation; windows & doors,False,high,"ted Since 2018, our licensed, bonded, and insured Arizona company has provided expert window and door replacement services throughout Phoenix, Scottsdale, Mesa, Tempe, Chandler, Gilbert, Glendale, Pe",site scrape,YES,1,,
Montgomery Glass LLC,http://montgomeryglassllc.com/,montgomeryglassllc.com,+1 682-715-2323,,5,17,YES,commercial storefront glazing; window replacement/installation,False,high,"Window Glass Installation or Replacement ""Would definitely hire again.",site scrape,YES,1,,
Moore Construction Co.,https://mooreconstructionco.com/,mooreconstructionco.com,+1 972-820-5950,"2340 E Trinity Mls Rd Ste 300, Carrollton, TX 75006, United States",4.4,127,YES,Window replacement,False,high,"mooreconstructionco.com/services/window-replacement/ — 'Moore Construction Co. offers window replacement service in Dallas... enhancing energy efficiency, aesthetics, and functionality'. Also roofing, siding, gutters, fencing, carpentry.",web search,UNKNOWN,1,,
MR GLAZIER - Windows Doors Shower Enclosures,https://mrglazier.com/fl-fort-lauderdale/,mrglazier.com,+1 954-504-6501,"217 S Federal Hwy, Fort Lauderdale, FL 33301, United States",0,0,YES,commercial storefront glazing; installs/replaces windows; named window styles; window product line; window replacement/installation; windows & doors,False,high,Explore our convenient showroom locations for all your window repair needs.,site scrape,YES,1,,
Mr. Handyman of South Austin/Lakeway,https://www.mrhandyman.com/south-austin-lakeway/?cid=LSTL_MHM000197&utm_source=gmb&utm_campaign=local&utm_medium=organic,mrhandyman.com,+1 512-456-3443,"7509 Menchaca Rd Unit 104, Austin, TX 78745, United States",4.9,264,YES,commercial storefront glazing; installs/replaces windows; named window styles; pane glazing work; replacement windows; window product line; window replacement/installation; windows & doors,False,high,stallation and Replacement Exhaust Fan Cleaning Exterior Repair Gutter Guard Installation Window Frame Repair Window and Door Weatherproofing Chimney Repair and Service Debris Removal Gutter Installa,site scrape,YES,1,,
New View Roofing,https://newviewroofing.com/?utm_source=google&utm_medium=organic&utm_campaign=gmb,newviewroofing.com,+1 469-966-1196,"4722 Gaston Ave, Dallas, TX 75246, United States",4.9,698,YES,installs/replaces windows; named window styles; pane glazing work; window product line; window replacement/installation,False,high,ion Free Roof Inspection Roof Inspections for Home Buyers & Sellers Roof Maintenance Window Installation and Repair Commercial & Industrial Close Commercial & Industrial Open Commercial & Industrial C,site scrape,YES,1,,
NewSouth Window Solutions,https://newsouthwindow.com/location-austin-tx/,newsouthwindow.com,+1 737-334-2023,"12901 I-35 Bldg 6, Unit 600, Austin, TX 78753, United States",5,34,YES,installs/replaces windows; insulated glass unit work; named window styles; replacement windows; window product line; window replacement/installation; windows & doors,False,high,ET 4 FREE All NewSouth Windows* Get a free quote The NewSouth Process Easy and Stress-Free Window Replacement WORDS FROM OUR SATISFIED CUSTOMERS I could not be happier.,site scrape,YES,1,,
NexGen Contracting,https://www.nexgencontracting.com/,nexgencontracting.com,+1 815-756-0557,"6260 E Riverside Blvd Ste 225, Loves Park, IL 61111, United States",5,30,YES,installs/replaces windows; replacement windows; window product line; window replacement/installation,False,high,"Share by: Window Replacement Services | NexGen Contracting LLC | Belvidere, IL .",site scrape,YES,1,,
Next Level Services,https://www.nextlevelservicesatx.com/,nextlevelservicesatx.com,+1 512-975-1616,,5,16,YES,window replacement/installation,False,high,Baseboard/trim/window sill replacement and repair.,site scrape,YES,1,,
No Salesperson Remodeling,https://www.nosalespersonremodeling.com/,nosalespersonremodeling.com,+1 512-844-5858,"9711 Gray Blvd, Austin, TX 78758, United States",5,3,YES,"Window and door sales plus installation (vinyl replacement windows, whole-house in 1-2 days)",False,high,nosalespersonremodeling.com/about/ — 'They specialize in ecommerce window and door sales and installation. Installation is handled by the same local company you purchased from'; blog posts include 'Spring 2026 Guide to Window Replacement in Austin'.,web search,UNKNOWN,1,,
Noble Windows and Doors,https://noblewindowsanddoors.com/window-installation-phoenix-arizona/,noblewindowsanddoors.com,+1 623-810-3460,"4001 E Broadway Rd Unit B-11, Phoenix, AZ 85040, United States",5,118,YES,installs/replaces windows; named window styles; replacement windows; window product line; window replacement/installation; windows & doors,False,high,Window and door installation across Phoenix and the East Valley.,site scrape,YES,1,,
North Star Glass LLC,https://www.northstarglasstexas.com/,northstarglasstexas.com,+1 972-639-7196,,5,12,YES,"Window glass replacement — single and double pane; patio door and French door glass/hardware; screens (plus shower doors, mirrors, table tops)",False,high,"northstarglasstexas.com homepage title 'North Star Glass - Shower Doors, Shower Glass, Single Pane, Double [Pane]'; services listed include 'window glass (double pane and single)', 'patio doors', 'French doors'. Google review: 'AMAZING EXPERIENCE with North Star Glass for our windows and sliding doo",web research (earlier pass),UNREACHABLE,1,,
Nova View Installations LLC,https://www.windowinstallationdallastx.com/,windowinstallationdallastx.com,+1 214-506-8288,,0,0,YES,installs/replaces windows; insulated glass unit work; named window styles; window product line; window replacement/installation; windows & doors,False,high,"Top-Rated Window and Door Installation Services in Dallas, TX Need a Free Estimate for Window Replacement Near Me?",site scrape,YES,1,,
Nova Window Replacement,http://replacementwindowsalgonquin.com/,replacementwindowsalgonquin.com,+1 224-689-8046,"1435 Geringer Rd, Algonquin, IL 60102, United States",5,61,YES,name states window installation/replacement/doors,False,medium,,name/review keywords,UNREACHABLE,1,,
NT Window Inc.,http://www.ntwindow.com/,ntwindow.com,+1 800-969-8830,"2900 W Seminary Dr, Fort Worth, TX 76133, United States",4.5,144,YES,installs/replaces windows; named window styles; replacement windows; window product line; window replacement/installation; windows & doors,False,high,NT Window is a leading window manufacturer of replacement windows in the Southern United States.,site scrape,YES,1,,
Oak Cliff Mirror & Glass Company,http://glassnajiffy.com/,glassnajiffy.com,+1 214-747-4875,"2202 N Beckley Ave, Dallas, TX 75208, United States",3.9,91,YES,commercial storefront glazing; window replacement/installation,False,high,"We custom cut glass and mirrors to size, table tops, framed mirrors, plexiglass, window glass replacements, and door hardware.",site scrape,YES,1,,
Ocean Glass DFW,https://www.oceanglassdfw.com/,oceanglassdfw.com,+1 972-854-3425,,5,47,YES,"New vinyl window installation, window repair, storefront glass",False,high,"oceanglassdfw.com/services - 'new vinyl windows, window repair, storefronts, door closers, frameless showers, mirror walls, tabletops, patio glass walls, solar screens'; 'services ranging from residential, commercial, and 24/7'",web research (earlier pass),UNREACHABLE,1,,
Old Soul Windows & Doors,https://oldsoultx.com/,oldsoultx.com,+1 512-788-5093,"2303 Ranch Rd 620 S, Lakeway, TX 78734, United States",5,37,YES,name states window installation/replacement/doors,False,medium,,name/review keywords,UNKNOWN,1,,
OMEGA GARAGE DOOR INC,https://www.omegadoorsandwindows.com/,omegadoorsandwindows.com,+1 954-416-3020,"4972 SW 35th Terrace, Fort Lauderdale, FL 33312, United States",4.6,66,YES,commercial storefront glazing; installs/replaces windows; named window styles; replacement windows; window product line; window replacement/installation; windows & doors,False,high,Door & Window Repair Experts in South Florida | Same-Day Service | Omega Doors .,site scrape,YES,1,,
Omega Glass & Mirror Co,http://omegaglassdallas.com/,omegaglassdallas.com,+1 214-821-8283,"6212 Mercedes Ave, Dallas, TX 75214, United States",4.7,37,YES,commercial storefront glazing; insulated glass unit work,False,high,"Worth Metroplex and surrounding areas, Dallas Omega Glass & Mirror specializes in Windows, Insulated Glass, Store fronts, Mirrors and more.",site scrape,YES,1,,
Omniview Window and Door Dallas,http://omniview.us/,omniview.us,+1 972-701-0844,"13615 Inwood Rd #120, Farmers Branch, TX 75244, United States",4.8,6,YES,named window styles; window replacement/installation; windows & doors,False,high,"We’re proud to be the top team for the Dallas-Fort Worth area in Window and Door Installations, specializing in TruStile and Brombal Installations.",site scrape,YES,1,,
Optimal Windows,https://www.optimalwindows.com/?utm_source=google_business_profile&utm_medium=organic,optimalwindows.com,+1 972-768-1999,"5760 Legacy Dr b3366, Plano, TX 75024, United States",5,51,YES,installs/replaces windows; insulated glass unit work; named window styles; pane glazing work; replacement windows; window product line; window replacement/installation; windows & doors,False,high,Plano Window Replacement | FGIA Certified | Optimal Windows .,site scrape,YES,1,,
Orbit Roofing,https://www.orbitroofs.com/,orbitroofs.com,+1 512-957-0155,,5,13,YES,window product line; window replacement/installation,False,high,of Replacement Storm Damage Metal Roofing Chimney Repair & Restoration Skylights Window Replacement Siding Replacement How Can We Help?,site scrape,YES,1,,
Panoramic Doors - Austin,https://panoramicdoors.com/showrooms/austin-tx/,panoramicdoors.com,+1 210-239-7576,"3913 Todd Ln Ste 303, Austin, TX 78744, United States",3.8,6,YES,"Manufactures and sells panoramic wide-panel windows and glass wall systems for homes and businesses, sold direct to end customers",False,medium,"panoramicdoors.com/panoramic-windows/ 'Panoramic Windows for Homes & Businesses' — 'luxury wide-panel designs'; BBB/category listing includes 'replacement windows, window manufacturers'. Note: they manufacture and sell direct; installation appears to be by the customer's own installers",web research (earlier pass),UNKNOWN,1,,
Paradigm Glass,http://paradigmglass.com/,paradigmglass.com,+1 512-743-0207,"9603 Saunders Ln b2, Austin, TX 78758, United States",4.7,31,YES,installs/replaces windows; replacement windows; window product line; window replacement/installation,False,high,nt Windows Austin OUR SERVICES FREE ESTIMATE — Main Menu — HOME SERVICES - SHOWER DOORS - WINDOW INSTALLATION - REPLACEMENT WINDOWS - SERVICE & REPAIRS - - WINDOW REPAIR - - GLASS REPAIR - SMALL COMM,site scrape,YES,1,,
Pasadena Building Solutions LLC,https://www.pasabuilds.com/,pasabuilds.com,+1 469-620-0921,,5,5,YES,Complete window replacement on homes; also HVAC and other building repairs,False,medium,"Google review: ""They did three houses of complete window replacement they are awesome very professional"" (site itself not indexed in search results; verdict rests on review text)",web research (earlier pass),UNREACHABLE,1,,
Pasadena Views Co.,https://www.pasadenaviews.co/,pasadenaviews.co,+1 469-630-2049,,5,4,YES,Window installation in homes,False,medium,"Google review: ""kept everything clean throughout the entire window installation process. They arrived on time, worked efficiently"" (domain not indexed in search results; verdict rests on review text)",web research (earlier pass),UNREACHABLE,1,,
Peak Roofing and Construction,https://www.peakroofingconstruction.com/,peakroofingconstruction.com,+1 512-415-6888,"14205 N Mopac Expy 5th Floor, Austin, TX 78728, United States",5,29,YES,installs/replaces windows; named window styles; reglazing; replacement windows; window product line; window replacement/installation,False,high,Gutter Guards Gutter Cleaning Exterior Painting Siding Fence Installation And Repair Window Installation and Repair Interior Water Damage Inspections Water Remediation Ceiling and Wall Repair Flooring,site scrape,YES,1,,
Pella Window and Door Office/Warehouse of Rockford,https://www.pella.com/locations/chicago/?utm_source=organic&utm_medium=web&utm_campaign=gbp,pella.com,,"4301 11th St, Rockford, IL 61109, United States",4.6,728,YES,installs/replaces windows; insulated glass unit work; named window styles; pane glazing work; replacement windows; window product line; window replacement/installation; windows & doors,False,high,ration By Color By Style By Room By Shape All Window Inspiration Window Resources Window Education Window Replacement Before & After Projects Ratings & Reviews Features & Options Window DIY Doors key,site scrape,YES,3,+1 480-571-6199 | +1 512-339-6601,"801 South 75th Avenue Ste 100, Phoenix, AZ 85043, United States | 9222 Burnet Rd #105, Austin, TX 78758, United States"
Pella Windows and Doors of Dallas,https://pellaofnorthtexas.com/Dallas,pellaofnorthtexas.com,+1 214-295-7989,"135 Payne St, Dallas, TX 75207, United States",4.7,135,YES,installs/replaces windows; named window styles; replacement windows; window product line; window replacement/installation; windows & doors,False,high,is field blank. Premium Design Trusted Professionals Award Winning What We Do Replacement Windows Replacement Doors New Construction Commercial Services Homeowners rate Pella as the leading window br,site scrape,YES,1,,
Performance Windows Austin,https://www.goperformancewindows.com/,goperformancewindows.com,+1 737-231-0710,"1405 Arrow Point Dr Bldg 11 Ste 1108, Cedar Park, TX 78613, United States",4.6,379,YES,installs/replaces windows; named window styles; replacement windows; window product line; window replacement/installation,False,high,Window Replacement & Installation | Performance Windows .,site scrape,YES,3,+1 682-349-7949 | +1 817-803-5965,"10945 Estate Ln Ste E255, Dallas, TX 75238, United States | 4225 Wingren Dr Ste 215, Irving, TX 75062, United States"
PERTEX Roofing & Construction,https://pertexroofing.com/?utm_source=omg-gbp&utm_medium=webclick,pertexroofing.com,+1 214-734-6270,"12225 Greenville Ave Ste 732, Dallas, TX 75243, United States",4.9,30,YES,"Windows listed as a service alongside roofing, gutters, siding, fencing and painting in storm restoration work",False,high,"pertexroofing.com — 'PERTEX Roofing & Construction is a full service roofing general contractor that restores your property to pre-storm condition. Their services include roofing, gutters, fencing, windows, interior and exterior painting, siding and mortar'; 'hail and high wind roofing expert for bo",web search,UNKNOWN,1,,
Phoenix Window & Door Llc,http://www.phoenixwindowdoor.com/,phoenixwindowdoor.com,+1 602-633-1279,"4022 S 20th St, Phoenix, AZ 85040, United States",0,0,YES,installs/replaces windows; named window styles; window product line; window replacement/installation; windows & doors,False,high,Projects High-Rise Development Projects Government & Institutional Projects Shade Screens Window Replacement Portfolio Build To Rent Multifamily Single Family Custom Home In Stock Doors & Windows Con,site scrape,YES,1,,
Picasso Design and Remodeling,https://picassodesignremodel.com/,picassodesignremodel.com,+1 737-256-8038,,5,70,YES,windows & doors,False,high,⦁ Window and door upgrades for design + energy efficiency.,site scrape,YES,1,,
Planet Glass & Mirror LLC,https://planetglasstx.com/,planetglasstx.com,+1 972-415-1222,,5,5,YES,building glass replacement; commercial storefront glazing; installs/replaces windows; window replacement/installation; windows & doors,False,high,tote bag bicycle rights cliche twee hashtag pokpo demos tanero lamina sime voti Contact Us Window Replacement Tousled letterpre tote bag bicycle rights cliche twee hashtag pokpo demos tanero lamina si,site scrape,YES,1,,
Plano Home Window Replacement,https://planohomewindowreplacement.com/,planohomewindowreplacement.com,+1 469-551-4499,,0,0,YES,"Home window replacement and new window installation, plus sliding glass doors",False,high,"planohomewindowreplacement.com/windows/home-window-replacement-plano/ and /windows/our-process-for-new-window-installation-plano/; ""full-service door & window replacement and installation company""",web research (earlier pass),UNKNOWN,1,,
Ply Gem - Cornerstone Building Brands,http://www.plygem.com/,plygem.com,+1 888-975-9436,"9001 Ambassador Row, Dallas, TX 75247, United States",1.6,54,YES,installs/replaces windows; named window styles; replacement windows; window product line; window replacement/installation; windows & doors,False,high,200 Vinyl Sliding Window Feature Sheet West Pro Series 700 Vinyl Casement & Awning Window Feature Sheet Installation Guides 1500 Series Mulling Instructions Beveled Frame 1500 Series Screen Kit Field,site scrape,YES,1,,
POLAR CLEAR GLASS REPAIR,http://polarclearwindows.com/,polarclearwindows.com,+1 972-765-5762,,4.8,544,YES,installs/replaces windows; insulated glass unit work; pane glazing work; replacement windows; window product line; window replacement/installation,False,high,ston Dallas Forth-Worth I need help with Broken Glass Foggy Glass Window Replacement Window Repair Window Services Type of Frame Vinyl (Recommended) Aluminum What do you prioritize?,site scrape,YES,1,,
Portal Pros - Austin Dog Door Installation,https://portalprosaustin.com/,portalprosaustin.com,+1 512-270-1104,,5,12,YES,commercial storefront glazing; installs/replaces windows; insulated glass unit work; named window styles; pane glazing work; window replacement/installation,False,high,l Install Patio Install Screen Install Kennel Install French Door Install Storm Door Install Window Install Custom Installs Guarantee Shop For Glass For Doors For Walls For Patios For Kennels For Scre,site scrape,YES,1,,
Portal Pros - Dallas Dog Door Installation,https://portalprosdallas.com/,portalprosdallas.com,+1 214-307-2503,,5,3,YES,commercial storefront glazing; installs/replaces windows; insulated glass unit work; named window styles; pane glazing work; window replacement/installation,False,high,l Install Patio Install Screen Install Kennel Install French Door Install Storm Door Install Window Install Custom Installs Guarantee Shop For Glass For Doors For Walls For Patios For Kennels For Scre,site scrape,YES,1,,
Portal Pros - Phoenix Dog Door Installation,https://portalprosphoenix.com/,portalprosphoenix.com,+1 602-345-0669,,5,9,YES,commercial storefront glazing; installs/replaces windows; insulated glass unit work; named window styles; pane glazing work; window replacement/installation,False,high,l Install Patio Install Screen Install Kennel Install French Door Install Storm Door Install Window Install Custom Installs Guarantee Shop For Glass For Doors For Walls For Patios For Kennels For Scre,site scrape,YES,1,,
Portella Steel Doors & Windows - Austin,https://portella.com/,portella.com,+1 512-263-8851,"4111 Todd Ln Ste 1000, Austin, TX 78744, United States",4.1,9,YES,named window styles; window product line; windows & doors,False,high,sources Hardware Finishes Glass Steel Series Steel Doors Steel Windows Wood Series Wood Doors Wood Windows Aluminium Series Aluminum Doors Aluminum Windows Details and CAD Files CEU Courses NFRC Ratin,site scrape,YES,1,,
PORTEUSA,http://porteusa.com/,porteusa.com,+1 512-696-6212,"1300 W Anderson Ln., Austin, TX 78757, United States",5,50137,YES,commercial storefront glazing; named window styles; window product line; windows & doors,False,high,"e your satisfaction. WIndow Walls CASEMENT WINDOWS Steel Picture Frame Windows The most energy efficient windows You design it, we build and install it Standard features include 3/4"" insulated tempere",site scrape,YES,1,,
Power Home Remodeling,https://powerhrg.com/,powerhrg.com,+1 512-961-4491,"7701 Metropolis Dr Bldg 12 suite 300, Austin, TX 78744, United States",4.5,2223,YES,"Replacement window installation (energy-efficient, heat-reflective glass)",False,high,"powerhrg.com/services/windows/ — 'Window Replacement and Installation'; 'America's largest exterior remodeler, offering expert home remodeling services including windows, roofing, siding, doors'.",web search,UNREACHABLE,1,,
Precise Acquisition,https://www.preciseremodelingatx.com/,preciseremodelingatx.com,+1 512-788-7693,,5,11,YES,"Window and door installation — measures openings, evaluates structural conditions, installs replacements with weathertight seals",False,high,"preciseremodelingatx.com/window-and-door-installation-tx/ — 'professional window and door installation services with expert installers and quality materials ... measuring openings precisely, evaluating structural conditions, and installing replacements with weathertight seals that block drafts'; por",web search,UNREACHABLE,1,,
Premium Siding and Painting,https://pspcompany.com/,pspcompany.com,+1 512-997-9613,"13806 Ann Pl Bldg 2, Austin, TX 78728, United States",4.9,180,YES,named window styles; window replacement/installation,False,high,"s heat, humidity, and UV — keeping your home looking sharp for years to come. Learn More → Window Replacement Energy-efficient Andersen and Pella windows, professionally installed to reduce your energ",site scrape,YES,1,,
Preservan Dallas,https://preservan.com/locations/dallas/?utm_source=GMBlisting&utm_medium=organic,preservan.com,+1 469-415-1631,,4.9,43,YES,installs/replaces windows; replacement windows; window product line; window replacement/installation; windows & doors,False,high,Window Wood Rot Repair I had a fantastic experience with Preservan.,site scrape,YES,1,,
Presidio,http://presidiodoors.com/,presidiodoors.com,+1 512-524-6060,"8651 Old Bee Caves Rd, Austin, TX 78735, United States",5,4,YES,window product line; windows & doors,False,high,"ines and multiple units to create large expanses of glass. Includes a full selection of all-aluminum windows and doors that are thermally broken for enhanced energy performance, and extruded aluminum",site scrape,YES,1,,
Prestige Steel Doors and Windows,http://www.prestigedoorsandwindows.com/,prestigedoorsandwindows.com,+1 512-666-9676,"4125 Todd Ln A, Austin, TX 78744, United States",4.6,113,YES,"Designs, manufactures and installs custom steel windows (plus doors, gates, railings)",False,high,"prestigedoorsandwindows.com/services/doors-and-windows/ — 'a full-service organization dedicated to delivering unparalleled customer service and satisfaction from the beginning of the design through the manufacture, distribution, and complete installation of their products'.",web search,UNKNOWN,1,,
Prime Window Solutions,https://primeshuttersllc.com/,primeshuttersllc.com,+1 469-457-4049,"3400 Silverstone Dr Ste 174, Plano, TX 75023, United States",5,110,YES,pane glazing work; window product line; window replacement/installation,False,high,"been able to establish ourselves as the premier option in the North Texas Area for Window Replacements and High Quality Window Treatments such as Plantation Shutters, Shades and… .",site scrape,YES,1,,
Pro Lux Construction,https://proluxcon.com/,proluxcon.com,+1 954-231-2329,"1560 Sawgrass Corporate Pkwy Ste 400, Sunrise, FL 33323, United States",5,33,YES,named window styles; window product line; window replacement/installation,False,high,My wife wanted our windows replaced in our new home.,site scrape,YES,1,,
Pro Window Replacement,https://statewidewindowhomeimprovco.com/,statewidewindowhomeimprovco.com,+1 754-342-7631,,5,2,YES,installs/replaces windows; named window styles; window product line; window replacement/installation,False,high,Pro Window Replacement - Expert Window Installation & Replacement .,site scrape,YES,1,,
Pro-Install,https://www.proinstall.pro/,proinstall.pro,+1 754-207-4133,"1150 NW 54th St, Fort Lauderdale, FL 33309, United States",4.8,94,YES,review explicitly describes window install/replacement,False,medium,,name/review keywords,UNKNOWN,1,,
Propertifix Handyman & Renovation Services,https://propertifix.com/,propertifix.com,+1 214-210-1111,,4.8,207,YES,window product line; window replacement/installation; windows & doors,False,high,bing Fixture Repairs & *Replacements *Electrical Fixture Installation & *Replacement *Door & Window Repairs *Fence & Gate Repairs *Interior & Exterior Painting *Flooring Installation & Repairs *Kitch,site scrape,YES,1,,
Protech Sliding Door Repair,https://www.protechslidingdoors.com/?utm_campaign=gmb,protechslidingdoors.com,+1 954-595-4460,"5369 SW 32nd Ave, Fort Lauderdale, FL 33312, United States",5,221,YES,installs/replaces windows; named window styles; replacement windows; window replacement/installation,False,high,ed Retractable Awnings Retractable Screens Screens Doors Windows Screens Sliding Door Repair Window Repair Screen Enclosure All Type of Screen Repair Motorized Screens Repair Retractable Screens Repa,site scrape,YES,1,,
ProTex Remodeling Windows - Doors - Siding,https://www.protexremodeling.com/,protexremodeling.com,+1 817-422-0552,"5001 FM1187 Ste 150, Burleson, TX 76028, United States",5,150,YES,installs/replaces windows; named window styles; pane glazing work; replacement windows; window product line; window replacement/installation; windows & doors,False,high,"Response from the owner: Walter, Thank you for trusting ProTex Remodeling with your window replacement project in Ft Worth, Texas.",site scrape,YES,1,,
Quality 1 Energy Systems Heating & Air Conditioning,https://www.q1es.com/,q1es.com,+1 214-856-6489,"10870 Plano Rd C, Dallas, TX 75238, United States",4.9,398,YES,Residential window installation / replacement for energy efficiency,False,high,"Dedicated page q1es.com/residential/window-installation/ titled ""Dallas Window Installation""; profile text: ""insulation and window replacement"".",web research (earlier pass),UNREACHABLE,1,,
Quality Exteriors,https://www.qualityexteriorsatx.com/,qualityexteriorsatx.com,+1 737-308-2035,"2021 Guadalupe St Ste 260, Austin, TX 78705, United States",5,454,YES,installs/replaces windows; replacement windows; window replacement/installation,False,high,"Quality Exteriors ATX is in your service area for professional roofing, siding, and window installations.",site scrape,YES,1,,
Quality Screen Co.,https://www.qualitywindowscreen.com/,qualitywindowscreen.com,+1 469-342-1365,"9259 King Arthur Dr, Dallas, TX 75247, United States",3.9,46,YES,installs/replaces windows; replacement windows; window product line; window replacement/installation,False,high,Window Screen Replacements - Quality Screen Company .,site scrape,YES,1,,
R S Remodeling Austin,http://rsremodelingaustin.com/,rsremodelingaustin.com,+1 512-584-3274,,5,19,YES,window replacement/installation,False,high,in area. ​ Call us for a free estimate. RS Contractor Services. 512-584-3274 Services ​ - Window installation - Masonry ​ - Door Repair/Installations - Framing -Trim - Painting/Drywall ​ -Base Boards,site scrape,YES,1,,
Radiant Windows & Glass,https://www.radiantwindowsglass.com/?utm_source=gmb&utm_medium=organic&utm_campaign=Maps,radiantwindowsglass.com,+1 469-727-9745,"5730 Martel Ave #118, Dallas, TX 75206, United States",5,21,YES,broken window glass; installs/replaces windows; insulated glass unit work; pane glazing work; replacement windows; window product line; window replacement/installation,False,high,Professional Window Replacement Company In Southlake .,site scrape,YES,1,,
Radio Window Co.,https://radiowindow.com/,radiowindow.com,+1 888-265-8205,"7210 E State St Ste 102, Rockford, IL 61108, United States",5,2,YES,installs/replaces windows; insulated glass unit work; named window styles; window product line; window replacement/installation,False,high,"w restoration,aluminum-clad wood windows,storm-exposed windows,sash replacement,full-frame window replacement,window documentation,custom window systems .",site scrape,YES,1,,
RAM Windows & Doors,https://ramwindows.com/,ramwindows.com,+1 469-520-7866,"134 Oak Lawn Ave, Dallas, TX 75207, United States",4,31,YES,named window styles; window product line; windows & doors,False,high,"ection to the outdoors, and create privacy exactly when you need it. LEARN MORE RESIDENTIAL Aluminum Windows & Doors For homeowners, builders, and architects seeking modern design and lasting performa",site scrape,YES,1,,
Ramos Windows,http://ramoswindows.com/,ramoswindows.com,+1 469-235-4392,"1807 Joan Dr, Dallas, TX 75217, United States",5,6,YES,"Window installation and replacement, retrofit windows, fogged/damaged glass replacement, solar screens",False,high,"ramoswindows.com/services/ - 'Windows Installation & Replacement - their professional window handymen are qualified to install and replace any type of windows'; 'a lot of experience on retrofit windows, replacement damage fogged glass'",web research (earlier pass),UNREACHABLE,1,,
Randy Palmeri & Son Inc,https://www.randypalmeriandson.com/?utm_source=GMB_Listing&utm_medium=Organic&utm_campaign=Website_Button,randypalmeriandson.com,+1 833-725-6374,"1560 S Alpine Rd, Rockford, IL 61108, United States",4,72,YES,installs/replaces windows; replacement windows; window replacement/installation,False,high,"Randy Palmeri & Son Contracting is a fully licensed and insured contractor providing window replacement and repair services in Rockford, Illinois, Northern Illinois, and Wisconsin.",site scrape,YES,1,,
Ranger Glass and Mirror,http://www.rangerglassandmirror.shop/,rangerglassandmirror.shop,+1 903-423-0536,,4.3,6,YES,"Window installation, window glass repair and replacement",False,high,"rangerglassandmirror.shop listings — ""full service glass and mirror shop offering residential and commercial services including shower doors, windows, mirrors, storefronts, cabinet glass, and table tops""; services include ""windows installation... glass and window repair services... glass and window ",web research (earlier pass),UNKNOWN,1,,
Ranger Window and Door Co.,https://www.rangerwd.com/,rangerwd.com,+1 512-574-0014,"14155 W U.S. 290 Ste 340, Austin, TX 78737, United States",5,0,YES,named window styles; window product line; windows & doors,False,high,"lexities of these large-scale openings, from estimation to installation. Featured Brands FLEETWOOD WINDOWS & DOORS Since 1961, Fleetwood has been a premier California-based manufacturer specializing i",site scrape,YES,1,,
Razor Mirror and Glass,https://www.razormirrorandglass.com/,razormirrorandglass.com,+1 469-258-0821,,0,0,YES,commercial storefront glazing; window replacement/installation,False,high,"eeds of your local business — combining safety, precision, and a clean, professional look WINDOW INSTALLATIONS We offer full window installations, glass replacements, and a variety of glass options —",site scrape,YES,1,,
RCE Construction & Remodeling,https://www.rceconstructionandremodeling.com/,rceconstructionandremodeling.com,+1 512-508-8476,"2823 E Martin Luther King Jr Blvd, Austin, TX 78702, United States",5,41,YES,windows & doors,False,high,— Windows & Doors: Energy-efficient upgrades that enhance both aesthetics and insulation.,site scrape,YES,1,,
Reece Windows & Doors,https://reecewindows.com/fort-lauderdale/,reecewindows.com,+1 866-717-8582,"3590 NW 54th St, Fort Lauderdale, FL 33309, United States",4.5,248,YES,installs/replaces windows; named window styles; pane glazing work; replacement windows; window product line; window replacement/installation; windows & doors,False,high,"meet your needs Specialty Windows Entry and sliding glass doors for your home During your window installation, you’ll have the option to upgrade the exterior doors at your home.",site scrape,YES,1,,
Reformed Roofing & Contracting,http://www.reformed-roofing.com/,reformed-roofing.com,+1 972-946-1775,"5639 Dyer St Ste 200, Dallas, TX 75206, United States",5,73,YES,Energy-efficient window and door replacement,False,high,"reformed-roofing.com — ""a trusted name in residential and commercial roofing, siding, and energy-efficient window and door replacements""; described as ""Heart of Dallas roofing, siding, window experts"".",web research (earlier pass),UNREACHABLE,1,,
Regency Steel Doors and Windows,https://doorsbyregency.com/,doorsbyregency.com,+1 512-964-6879,"6405 Aden Ln, Austin, TX 78739, United States",4.8,29,YES,commercial storefront glazing; window replacement/installation,False,high,"Regency Steel Doors and Windows provides door and window installation services in Austin, Houston, Dallas and surrounding areas.",site scrape,YES,1,,
Reliable Sliding Glass Door Repair,http://www.reliabledoorrepair.com/,reliabledoorrepair.com,+1 954-401-3715,"1640 E Sunrise Blvd Unit 2304, Fort Lauderdale, FL 33304, United States",4.8,133,YES,pane glazing work,False,medium,". Not all issues are as obvious as a damaged windowpane. Even in normal temperatures, if your double-pane windows appear milky or foggy, it may indicate a faulty seal, which means it’s time to replac",site scrape,LIKELY,1,,
Reliance Window Systems,https://www.reliancewindowsystems.com/,reliancewindowsystems.com,+1 954-393-5646,,4.8,51,YES,window product line; windows & doors,False,high,Reliance Window Systems | Premium Impact Windows & Doors .,site scrape,YES,1,,
Remodel Experts,https://remodelexpertsaz.com/,remodelexpertsaz.com,+1 602-418-8260,,4.9,47,YES,installs/replaces windows; replacement windows; window product line; window replacement/installation; windows & doors,False,high,"Scroll To Top Window Remodeling and Installation Services in Phoenix, AZ .",site scrape,YES,1,,
Renewal by Andersen Window Replacement,https://renewalbyandersenreplacement.com/locations/tx/dallas/?utm_source=googlebusinessprofile&utm_medium=organic,renewalbyandersenreplacement.com,+1 469-699-8381,"1215 W Crosby Rd #180, Carrollton, TX 75006, United States",4.8,2988,YES,Full-service replacement window and patio/entry door installation,False,high,"renewalbyandersen.com/locations/north-tx/carrollton titled 'Window & Door Replacement in Carrollton, TX' at 1215 W Crosby Rd #180 - matches the listed address; 'meticulously crafted and expertly installed windows'",web research (earlier pass),UNREACHABLE,1,,
Renuity Home Improvement of South Florida,https://renuityhome.com/florida/fort-lauderdale-fl/?utm_source=gmb&utm_medium=Yext&y_source=1_NjY1MDE4ODgtNzE1LWxvY2F0aW9uLndlYnNpdGU%3D,renuityhome.com,+1 954-932-4667,"3801 SW 30th Ave, Fort Lauderdale, FL 33312, United States",4.5,3962,YES,installs/replaces windows; insulated glass unit work; named window styles; replacement windows; window product line; window replacement/installation,False,high,"on October 1, 2026 at 04:00 AM Offer expires: 0 d 0 h 0 m 0 s Take 70% OFF Labor for New Window Installations plus 12 months, no interest,no or low monthly payments claim offer Doors First impressio",site scrape,YES,1,,
Replace RV Windows,https://www.replacervwindows.com/,replacervwindows.com,+1 737-379-1460,,5,3,YES,insulated glass unit work; pane glazing work; window replacement/installation,True,high,"Replace RV Windows - Rv Repair Shop, Glass Repair Service, Rv Side Window Repair, Austin, TX .",site scrape,YES,1,,
Republic Windows Doors & Roofing,https://www.republicwindow.com/,republicwindow.com,+1 754-800-4115,"1541 E Commercial Blvd, Fort Lauderdale, FL 33334, United States",4.8,228,YES,commercial storefront glazing; installs/replaces windows; insulated glass unit work; named window styles; window product line; window replacement/installation; windows & doors,False,high,"ing Experts Republic Windows, Doors & Roofing provides professional impact window installation, hurricane-resistant doors, and residential roofing services throughout South Florida.",site scrape,YES,1,,
Rhino General Contracting LLC,http://rhinoroofingtx.com/,rhinoroofingtx.com,+1 512-766-5489,"7703 N Lamar Blvd Ste 110, Austin, TX 78752, United States",4.9,72,YES,window product line; window replacement/installation; windows & doors,False,high,"r home’s insulation and curb appeal, with various materials and styles to choose from Window and Door Replacement Energy-efficient window and door installations that improve aesthetics and energy con",site scrape,YES,1,,
Ringer Windows,http://ringerwindows.com/?utm_source=GMB&utm_medium=Organic&utm_campaign=Austin,ringerwindows.com,+1 512-309-4624,"Sales Office Only by appointment only, 7901 Cameron Rd Bldg 1 Ste 112, Austin, TX 78754, United States",4,16,YES,installs/replaces windows; insulated glass unit work; named window styles; pane glazing work; replacement windows; window product line; window replacement/installation,False,high,"Our offerings include replacement windows with installation , patio doors , over 70 in-stock window options, and custom sizes .",site scrape,YES,1,,
Rise Renovation - Austin,https://riserenovation.com/,riserenovation.com,+1 737-205-6724,"3300 N Interstate Hwy 35 #700, Austin, TX 78705, United States",4.9,15,YES,installs/replaces windows; named window styles; pane glazing work; replacement windows; window product line; window replacement/installation; windows & doors,False,high,"siness Hours Monday - Saturday 8 AM–7 PM Closed Sunday Copyright © 2026 - Rise Renovation Window Replacement Denver, Colorado - Rise Renovation .",site scrape,YES,1,,
Rock Valley Glass,https://rockvalleyglass.com/,rockvalleyglass.com,+1 815-332-1868,"1398 Huntwood Dr, Cherry Valley, IL 61016, United States",4.5,8,YES,commercial storefront glazing; window product line,False,high,Rock Valley Glass Illinois aluminum windows architectural .,site scrape,YES,1,,
Rocket Contracting LLC,http://www.rocketcontracting.com/,rocketcontracting.com,+1 888-514-3222,,5,5,YES,window replacement/installation,False,high,See Services Exterior Painting Interior Painting Cabinet Painting & Refinishing Window Replacement Siding Replacement Fencing How can we help?,site scrape,YES,1,,
Rockford Glass,https://www.rockfordglass.com/,rockfordglass.com,+1 815-426-1162,"5401 E State St, Rockford, IL 61108, United States",4.3,152,YES,building glass replacement; commercial storefront glazing; installs/replaces windows; insulated glass unit work; pane glazing work; replacement windows; window product line; window replacement/installation; windows & doors,True,high,ss Phantom Shower Doors PRIVA-TECH Printed Privacy Shields Shower Door Brochures Residential Window Repair and Glass Replacement Thermal Pane Glass Replacement Window Frame Repair Window Glass Replac,site scrape,YES,2,+1 815-226-0560,
Rockford Siding and Windows LLC,http://rockford-siding.com/,rockford-siding.com,+1 815-214-9390,"5441 Forest Hills Ct, Loves Park, IL 61111, United States",4.4,83,YES,installs/replaces windows; replacement windows; window product line; window replacement/installation,False,high,"Windows For quality window installation you trust in Rockford, IL.",site scrape,YES,1,,
Rockford Windows & Doors,https://rockfordwindowsanddoors.com/,rockfordwindowsanddoors.com,+1 779-249-7282,,5,3,YES,commercial storefront glazing; installs/replaces windows; named window styles; pane glazing work; replacement windows; window product line; window replacement/installation; windows & doors,True,high,Window Replacement Rockford IL & Door Installation Services | Trusted Window Installers in Rockford IL | Rock,site scrape,YES,1,,
RoofPros & Windows,https://www.roofingsst.com/,roofingsst.com,+1 954-302-3753,,4.7,23,YES,installs/replaces windows; replacement windows; window product line; window replacement/installation; windows & doors,False,high,Privacy Policy Windows and Doors Installation | Get Free Quote .,site scrape,YES,1,,
Ross Revival,https://rossrevival.com/,rossrevival.com,+1 469-212-0722,"9007 San Benito Way, Dallas, TX 75218, United States",0,0,YES,installs/replaces windows; pane glazing work; reglazing; replacement windows; window product line; window replacement/installation,False,high,ws Outrageous Energy Costs Street Noise Inconsistent Temperatures Throughout The Year FULL WINDOW REPLACEMENT ISN’T YOUR ONLY OPTION!,site scrape,YES,1,,
Round Rock Window Replacement Company,https://www.roundrockwindowreplacementcompany.com/,roundrockwindowreplacementcompany.com,+1 512-643-5836,,4.2,5,YES,installs/replaces windows; named window styles; window replacement/installation,False,high,Home - Round Rock Window Replacement Company .,site scrape,YES,1,,
Royal Screen Solutions,https://royalscreensolutions.com/,royalscreensolutions.com,+1 954-870-0878,"2805 E Oakland Park Blvd, Fort Lauderdale, FL 33306, United States",4.8,39,YES,named window styles,False,medium,"Retractable screens, motorized screens, and retractable awnings – Royal Screen Solutions - Authorized Phantom Screens Dealer .",site scrape,LIKELY,1,,
RTC Restoration and Glass,https://rtcrg.com/contact-us-version-1/,rtcrg.com,+1 972-446-2211,"2711 Daisy Dr, Austin, TX 78724, United States",4.4,4428,YES,commercial storefront glazing; window replacement/installation,False,high,"Houston | Austin Nation Chapter Dallas | Houston | Austin Expert Commercial Glass, Door & Window Replacement Company .",site scrape,YES,1,,
S&R Impact Windows and Doors,http://srimpactwindowsanddoors.com/,srimpactwindowsanddoors.com,+1 954-616-7121,"1120 NW 55th St, Fort Lauderdale, FL 33309, United States",4.7,32,YES,window product line; window replacement/installation; windows & doors,True,high,1 Happy Clients 8 0 8 0 8 0 8 0 Years 8 0 8 0 Schedule a Free Consultation for Impact Window and Door Replacement Request a Quote Contact Us IMPACT WINDOWS AND DOORS Work Examples Impact resistant gl,site scrape,YES,1,,
Salazar & Sons Window Co.,https://salazarandsonswindow.com/,salazarandsonswindow.com,+1 469-994-9236,,5,7,YES,installs/replaces windows; replacement windows; window product line; window replacement/installation,False,high,"offers professional window installation, replacement, and repair across Dallas-Fort Worth.",site scrape,YES,1,,
Sali's Roofing,https://salisroofing.com/?utm_source=google&utm_medium=organic&utm_campaign=gbp_listing&utm_content=salis_roofing,salisroofing.com,+1 469-677-0239,"10930 Switzer Ave #123, Dallas, TX 75238, United States",5,109,YES,installs/replaces windows,False,high,Michael and his teams did a great work replacing my roof and replacing window screens and caulking around the windows.,site scrape,YES,1,,
Sanders Roofing & Exteriors LLC,https://www.sandersroofs.com/,sandersroofs.com,+1 512-590-0748,"7801 N Lamar Blvd Ste F8-S, Austin, TX 78752, United States",5,2,YES,"Windows listed as a core service alongside roofing, siding and gutters; installs Andersen and Pella windows",False,high,"sandersroofs.com — 'full-service roofing and exterior improvement company ... services including roofing, windows, siding, and gutters'; 'quality products from top names ... GAF, James Hardie, Alside, Mezzo, Andersen, Pella'; 'licensed, bonded and insured to handle both residential and commercial pr",web search,UNREACHABLE,1,,
Sawgrass Windows and Doors,http://sawgrasswindows.net/,sawgrasswindows.net,+1 954-742-7455,"3430 NW 16th St Bay 12, Lauderhill, FL 33311, United States",4.5,40,YES,name states window installation/replacement/doors,False,medium,,name/review keywords,UNKNOWN,1,,
Scott Roofing & Exteriors,https://www.scottexteriors.com/,scottexteriors.com,+1 214-503-7663,"10561 New Church Rd, Dallas, TX 75238, United States",4.4,95,YES,installs/replaces windows; replacement windows; window product line; window replacement/installation,False,high,yl Siding Fiber Cement Wood Siding Repairs & Replacement Windows Energy-efficient window installation and replacement to improve comfort and reduce energy costs.,site scrape,YES,1,,
Scratch Removal Specialists Inc.,http://www.srsscratch.com/,srsscratch.com,+1 800-806-8807,"1140 NE 7th Ave Unit 5, Fort Lauderdale, FL 33304, United States",5,65,YES,building glass replacement; window replacement/installation,True,high,"increase d value and beauty of your property . No project too big or too small From a single window repair to an entire building restoration, we have the experience and staffing to take on your proje",site scrape,YES,1,,
Screens By Eric,https://screensbyeric.com/,screensbyeric.com,+1 512-567-3452,,0,0,YES,window product line; window replacement/installation; windows & doors,False,high,"screen door repair, window screen repair, rescreen, screen frame replacement, screen frame, screen door .",site scrape,YES,1,,
Secure Window Solutions,http://www.securewindowsolutions.com/,securewindowsolutions.com,+1 954-586-4217,"6500 NW 12th Ave #118, Fort Lauderdale, FL 33309, United States",5,83,YES,named window styles; window product line; windows & doors,False,high,Impact Windows Fort Lauderdale | Best Impact Windows in South Florida | Secure Window Solutions .,site scrape,YES,1,,
SFL Impact & Windows,https://sflimpact.com/about-us/,sflimpact.com,+1 954-603-2475,"1710 NE 8th St, Fort Lauderdale, FL 33304, United States",5,501,YES,installs/replaces windows; insulated glass unit work; named window styles; replacement windows; window product line; window replacement/installation,False,high,"r marketing purposes. View our privacy policy get started today Start planning your Impact Window replacement Project today with a NO COST, NO OBLIGATION Quote from the Pros at SFL Impact & Windows At",site scrape,YES,1,,
Shades Austin,https://www.shadesaustin.com/,shadesaustin.com,+1 512-991-2024,"8900 Shoal Creek Blvd Ste 111, Austin, TX 78757, United States",5,10,YES,named window styles,False,medium,Discover Our Shades & Awnings for Every Space .,site scrape,LIKELY,1,,
Shading Texas,https://www.shadingtexas.com/?utm_source=localfx&utm_medium=organic&utm_campaign=gbp,shadingtexas.com,+1 512-264-1500,"3913 Todd Ln Suite 312, Austin, TX 78744, United States",5,144,YES,named window styles,False,medium,"Patio Shade, Screen & Awning Company In Austin & Central TX .",site scrape,LIKELY,1,,
Shower Doors of Austin,https://www.goframelessaustin.com/,goframelessaustin.com,+1 512-831-3651,"12707 Nutty Brown Rd Bldg D, Austin, TX 78737, United States",4.8,64,YES,commercial storefront glazing,False,high,"With its striking visual aesthetic, reflective and tinted glass is commonly used for many commercial glazing applications.",site scrape,YES,1,,
Showroom Windows & Doors,https://www.showroomwindows.com/?utm_source=GMB&utm_medium=local,showroomwindows.com,+1 512-777-0461,"13717 Burnet Rd #350A, Austin, TX 78727, United States",5,138,YES,installs/replaces windows; named window styles; replacement windows; window product line; window replacement/installation; windows & doors,False,high,tin Window & Door Replacement Services | Showroom Windows & Doors Skip to main content Windows Window Replacement By Type Awning Windows Casement Windows Sliding Windows Picture Window Double-Hung Doo,site scrape,YES,1,,
Silverback Windows,https://www.silverbackwindows.com/,silverbackwindows.com,+1 469-388-5175,"4329 McKinney Ave #19, Dallas, TX 75205, United States",5,48,YES,installs/replaces windows; replacement windows; window product line; window replacement/installation,False,high,Home | M&B Remodeling top of page Home Contact Black Windows Replacement Windows Sliding Glass Doors More Use tab to navigate through the menu items.,site scrape,YES,1,,
Skylinq Home,https://www.skylinqhome.com/,skylinqhome.com,+1 945-352-2008,,5,32,YES,named window styles; pane glazing work; window product line; window replacement/installation,False,high,"nditions Accessibility Copyright © Skylinq Home Crafted with ♥ In Dallas, Texas By Modare Window Replacement in DFW | Skylinq .",site scrape,YES,1,,
Sliding Door Repair Dallas,https://slidingdoorsrepairdallas.com/,slidingdoorsrepairdallas.com,+1 346-353-2018,"7315 Gaston Ave, Dallas, TX 75214, United States",5,7,YES,window replacement/installation,False,high,placement Pocket Door Repair Screen Door Repair Glass Door Replacement Pocket Door Repair Window Installation Glass Door Replacement Glass Door Replacement Glass Door Replacement Glass Door Replaceme,site scrape,YES,1,,
Sliding Doors Pro – Sliding Door & Window Repair,https://slidingdoorsrepairpro.com/,slidingdoorsrepairpro.com,+1 888-818-1628,"2490 Griffin Rd, Fort Lauderdale, FL 33312, United States",4.8,643,YES,insulated glass unit work; pane glazing work; window replacement/installation; windows & doors,False,high,nd Replacement Sliding Door Track Repair Sliding Door Lock Repair Sliding Door Handle Repair Windows Repair Patio & Pool Enclosure Pocket Door Repair Testimonials Articles Common Sliding Door Problems,site scrape,YES,1,,
Smart Glass Tech,https://smglasstech.com/,smglasstech.com,+1 512-317-5858,,5,3,YES,commercial storefront glazing; windows & doors,True,high,ss Tech will restore and repair your glass including damages on any of the following: Glass Windows & Doors Glass Table Tops glass wall Mirrors Automotive Glass Scratch GLASS FACADE Graffiti stains a,site scrape,YES,1,,
Smart Glass Technologies - Austin,https://www.smartglasstech.us/city/austin-smart-glass-landing/,smartglasstech.us,+1 786-460-6762,,4.5,14,YES,"Installs switchable privacy laminated glass and insulated glass units, and applies PDLC smart film to existing windows, doors and glass partitions",False,low,"smartglasstech.us — 'over 15 certified installation teams spread across the USA and Canada ... dedicated installation teams situated in ... Austin'; 'switchable privacy laminated glass and insulated glass units that are easy to install like regular glass, perfect if you don't have the glass installe",web search,UNKNOWN,1,,
Smart Home Exteriors,http://www.smarthomeexteriors.com/,smarthomeexteriors.com,+1 779-210-4096,"915 S Alpine Rd, Rockford, IL 61108, United States",4.6,4655,YES,installs/replaces windows; insulated glass unit work; named window styles; pane glazing work; replacement windows; window product line; window replacement/installation; windows & doors,False,high,"Licensed Iowa contractor for roof replacement, siding, and window installation across Polk and Dallas counties.",site scrape,YES,1,,
SMART REPLACE CORP,http://www.smartreplacecorp.com/,smartreplacecorp.com,+1 954-658-4298,"1451 W Cypress Creek Rd #300, Fort Lauderdale, FL 33309, United States",4.7,41,YES,commercial storefront glazing; window product line; window replacement/installation; windows & doors,False,high,Getting high-rise impact window installation for your buildings is also important for the following reasons.,site scrape,YES,1,,
Smooth Sliders,https://smoothsliders.com/,smoothsliders.com,+1 954-818-9607,,4.9,129,YES,building glass replacement; installs/replaces windows; insulated glass unit work; named window styles; pane glazing work; window product line; window replacement/installation; windows & doors,False,high,Youtube Menu HOME Repair & install services Sliding Glass Door Repair And Installation Window Repair and Install Impact Doors And Windows Repair Pocket Door Repair And Installation Closet Bi-Fold Doo,site scrape,YES,1,,
Soflo Hurricane Windows and Doors,http://soflohurricane.com/,soflohurricane.com,+1 954-900-9693,,5,5,YES,named window styles; window product line; window replacement/installation; windows & doors,False,high,A selection of completed impact-window and door installations from South Florida homes.,site scrape,YES,1,,
SOFLO IMPACT WINDOWS,https://www.sofloimpactwindows.com/,sofloimpactwindows.com,+1 754-223-3700,"2895 NE 32nd St Apt 210, Fort Lauderdale, FL 33306, United States",5,73,YES,installs/replaces windows; insulated glass unit work; named window styles; window product line; window replacement/installation; windows & doors,False,high,MPACT WINDOWS | Broward & Palm Beach County . NOA windowsHVHZ windowsimpact windowsimpact window installationimpact window saleshurricane impact windowsimpact windows near meMiami-Dade approved impac,site scrape,YES,1,,
Sol Solutions - Custom Windows and Doors Estimate - Dallas TX,https://ntxsol.com/,ntxsol.com,+1 469-708-8151,"6750 Hillcrest Plaza Dr #214, Dallas, TX 75230, United States",5,35,YES,"Window installation and replacement (Low-E vinyl / Milgard), plus doors, patio doors and seamless gutters",False,high,ntxsol.com/ page title 'Sol Solutions - Dallas Window Installation and Replacement'; /quality-windows-and-doors/; partnered with Milgard Windows and Doors,web research (earlier pass),UNKNOWN,1,,
Solara Custom Living - Showroom,https://solaracustomliving.com/,solaracustomliving.com,+1 214-744-9900,"142 Howell St, Dallas, TX 75207, United States",4.7,30,YES,pane glazing work; window product line; windows & doors,False,high,Learn More Thermal Steel & Aluminum Windows Contact us!,site scrape,YES,1,,
Solid Exteriors LLC,http://solid-exteriors.com/?utm_source=google&utm_medium=wix_google_business_profile&utm_campaign=16700656850061699214,solid-exteriors.com,+1 469-520-0466,,4.7,16,YES,installs/replaces windows; window product line; window replacement/installation; windows & doors,False,high,"peal of your home with Solid Exteriors - expert contractors in Hardie Fiber Cement Siding, Window Replacement, Trex Decks, Cedar Fences, and Gutters.",site scrape,YES,1,,
SONIQ Windows and Doors Austin,https://soniqwindows.com/,soniqwindows.com,+1 512-256-1734,,5,2,YES,name states window installation/replacement/doors,False,medium,,name/review keywords,UNKNOWN,1,,
South Florida Windows & Doors,http://myflwindows.com/?utm_source=google&utm_medium=organic&utm_campaign=gbp_pompano_beach_fl,myflwindows.com,+1 954-957-9763,"3195 N Powerline Rd Ste 112, Pompano Beach, FL 33069, United States",4.7,152,YES,commercial storefront glazing; installs/replaces windows; named window styles; pane glazing work; replacement windows; window product line; window replacement/installation; windows & doors,True,high,ractors & DIY Project Gallery Refer & Earn Contact Us Home About Windows HURRICANE IMPACT WINDOWS REPLACEMENT WINDOWS Doors Commercial Buy Direct: Contractors & DIY Financing Service Areas Reviews Pr,site scrape,YES,1,,
Southern Living Windows,http://slivingwindows.com/,slivingwindows.com,+1 214-833-8286,,5,67,YES,installs/replaces windows; insulated glass unit work; named window styles; pane glazing work; replacement windows; window product line; window replacement/installation; windows & doors,False,high,"Southern Living Windows offers expert window installations, sliding glass door replacements, and energy efficient upgrades in Plano.",site scrape,YES,1,,
Southern Windows and Doors,https://slwindowsdfw.com/,slwindowsdfw.com,+1 214-499-5095,"1303 Columbia Dr Ste. 207, Richardson, TX 75081, United States",4.7,30,YES,installs/replaces windows; insulated glass unit work; named window styles; pane glazing work; replacement windows; window product line; window replacement/installation; windows & doors,False,high,Southern Windows & Doors - Window Installation & Replacement .,site scrape,YES,1,,
Southwest Door & Window,https://southwestdw.com/?utm_source=google&utm_medium=organic&utm_campaign=gbp-dallas&utm_id=local&utm_content=dallas,southwestdw.com,+1 214-341-2212,"10255 Miller Rd, Dallas, TX 75238, United States",4.2,68,YES,"Exterior window installation and replacement (vinyl and aluminum windows) plus entry and patio doors, for builders and homeowners",False,high,"southwestdw.com/replacement-windows-dallas-tx/ 'Replacement Windows in Dallas, TX - Window Contractor'; 'specializes in exterior window and door installation'",web research (earlier pass),UNKNOWN,1,,
Southwest Exteriors Inc,http://www.sweaustin.com/,sweaustin.com,+1 512-844-1882,"8210 Bent Tree Rd #220, Austin, TX 78759, United States",5,502,YES,installs/replaces windows; replacement windows; window replacement/installation,False,high,"Our team specializes in window and siding replacement, ensuring that your home not only looks great but also performs efficiently.",site scrape,YES,2,,
Stained Glass Austin,http://www.stainedglassaustin.com/,stainedglassaustin.com,+1 512-539-0432,,0,0,YES,pane glazing work; window product line; windows & doors,False,high,"5 Install We carefully and precisely install stained glass, guaranteeing that your new window will be lovely and useful for many years to come.",site scrape,YES,1,,
Star Glass Aluminum,https://starglassaluminum.com/,starglassaluminum.com,+1 972-464-6007,"11111 Ables Ln #124, Dallas, TX 75229, United States",4.9,126,YES,building glass replacement; commercial storefront glazing; installs/replaces windows; insulated glass unit work; pane glazing work; replacement windows; window product line; window replacement/installation; windows & doors,False,high,ews Follow Us f ig in Home About About Us Reviews Photo Gallery Blog Window Services Window Services Window Repair & Replacement Full Frame Window Replacement Glass Window Installation Energy-Efficie,site scrape,YES,1,,
Stateline Windows & Doors,https://www.statelinewd.com/,statelinewd.com,+1 779-210-3123,"1240 Shappert Dr, Machesney Park, IL 61115, United States",5,5,YES,installs/replaces windows; named window styles; pane glazing work; replacement windows; window product line; window replacement/installation; windows & doors,False,high,otions 779-210-3123 Transform Your Home's Energy Efficiency ﻿ Rock County's TOP RATED window and door installation provider Professional window and door installation that reduces energy costs year-rou,site scrape,YES,1,,
Statewide Energy Solutions,https://statewideenergysolutions.com/about-us/,statewideenergysolutions.com,+1 800-339-4326,"11520 N Central Expy, Dallas, TX 75243, United States",5,5021,YES,named window styles; window product line; window replacement/installation; windows & doors,False,high,"Window Replacement in Dallas, TX | Statewide Energy Solutions .",site scrape,YES,2,+1 214-960-2798,
Statewide Remodeling - Austin,https://www.statewideremodeling.com/texas/austin/?utm_source=GMB&utm_campaign=Austin&utm_medium=Organic%3Futm_source%3Dgmb&utm_medium=Yext&y_source=1_NjY1MDE5MjctNzE1LWxvY2F0aW9uLndlYnNpdGU%3D,statewideremodeling.com,+1 512-937-1529,"2209-A Rutland Dr #100, Austin, TX 78758, United States",4.4,600,YES,installs/replaces windows; named window styles; pane glazing work; replacement windows; window product line; window replacement/installation,False,high,wer Enclosures Tub to Shower Conversions Kohler LuxStone Showers Windows Energy Efficient Windows Replacement Windows Vinyl Windows Single Hung Windows Double Hung Windows Casement Windows Picture Wi,site scrape,YES,1,,
Steiner Ranch Siding Experts,https://steinerranchsidingexperts.com/,steinerranchsidingexperts.com,+1 512-580-8084,"4300 N Quinlan Park Rd #105, Austin, TX 78732, United States",5,2,YES,Window replacement; installs vinyl and composite window systems,False,medium,"steinerranchsidingexperts.com — 'The company provides comprehensive exterior services including window replacement. They replace aging windows affected by broken seals, warped frames, condensation buildup, storm-related damage... they install vinyl and composite window systems'.",web search,UNKNOWN,1,,
Sterling Construction,https://sterlingconstruction.com/,sterlingconstruction.com,+1 954-668-0245,"951 NW 35th Ct, Oakland Park, FL 33309, United States",4.3,13,YES,installs/replaces windows; replacement windows; window product line; window replacement/installation; windows & doors,False,high,"We are a family-owned and operated business specializing in impact window and door installations and replacements for residential, commercial, and high-rise properties.",site scrape,YES,1,,
Storey Construction,http://storeybuilders.com/,storeybuilders.com,+1 512-850-4370,"1801 E 51st St Ste 365-413, Austin, TX 78723, United States",3,2,YES,Windows listed among remodeling/renovation services,False,medium,"Angi listing for Storey Construction LLC: 'remodeling, renovation, green building, energy efficiency, sound proofing, painting, staining, drywall, carpentry, cabinetry, resurfacing, flooring, windows, siding, landscaping, electrical, plumbing, air conditioning & heating'. Windows appear in the servi",web search,UNREACHABLE,1,,
Stork's Home Services,https://storkheatingandair.com/?utm_source=google&utm_medium=organic&utm_campaign=gbp,storkheatingandair.com,+1 972-421-8000,"10840 Switzer Ave #101, Dallas, TX 75238, United States",5,61,YES,windows & doors,False,high,"Seal off any leaks around your windows and doors too, to prevent humid air from entering your home.",site scrape,YES,1,,
Storm Guard Roofing of Austin,https://www.stormguardrc.com/tx/austin-southwest/?utm_campaign=gmb&utm_medium=organic&utm_source=gbp,stormguardrc.com,+1 512-882-1844,"13284 Pond Springs Rd #303, Austin, TX 78729, United States",5,265,YES,installs/replaces windows; named window styles; pane glazing work; window product line; window replacement/installation,False,high,"your siding in tip-top shape, bringing 20+ years of experience for long-lasting results. Window Installation Professional window installation often becomes necessary during a home remodel, home impr",site scrape,YES,1,,
Sun & Sound Windows - Austin,https://sunandsoundwindows.com/,sunandsoundwindows.com,+1 512-879-6055,,3.4,13,YES,installs/replaces windows; pane glazing work; replacement windows,False,high,"Most importantly, they are not replacement windows.",site scrape,YES,2,+1 214-771-9544,
Sunbelt Waterproofing & Restoration LLC.,http://www.sunbeltllc.com/,sunbeltllc.com,+1 972-681-6222,"7318 Ferguson Rd, Dallas, TX 75228, United States",4.4,17,YES,commercial storefront glazing,False,high,alized Concrete Placement Get started View work Firestopping Fire and Smoke Rated Wall Joints Curtain Wall and Slab Edge Penetrations Pass thru Devices for Current and Future Use Expansion Joints Fire,site scrape,YES,1,,
Sunny State Glass,https://sunnystateglass.com/,sunnystateglass.com,+1 480-526-9044,"1734 W Williams Dr #8, Phoenix, AZ 85027, United States",5,206,YES,installs/replaces windows; insulated glass unit work; named window styles; pane glazing work; reglazing; replacement windows; window product line; window replacement/installation; windows & doors,False,high,dential) Multi-Family Projects (Apartment & HOA) Window & Door Brands High-Performance Window Glass Glass Repair & Custom Services Glass Replacement & Reglazing Window & Door Repairs Custom Glass & M,site scrape,YES,1,,
Sunsational Solutions,http://sunsationalsolutions.com/,sunsationalsolutions.com,+1 512-246-8468,"7801 N Lamar Blvd c63, Austin, TX 78752, United States",4.9,41,YES,window replacement/installation; windows & doors,False,high,"Window Film Installation - Austin, San Antonio, Dallas TX | Sunsational Solutions - Sunsational Solutions .",site scrape,YES,1,,
SunSmart Windows of Dallas,http://dallas.sunsmarthome.com/,dallas.sunsmarthome.com,,,0,0,YES,Custom energy-efficient window installation and replacement plus door installation; commercial and residential window replacement,False,high,"dallas.sunsmarthome.com/ 'Premium Window Installation And Replacement Dallas, TX'; sunsmarthome.com/home 'Replacement Windows and Doors DFW, TX'; 'selling and installing custom windows and doors for homeowners and contractors'",web research (earlier pass),UNREACHABLE,1,,
SunStorm Construction Inc.,https://www.sunstormconstruction.com/,sunstormconstruction.com,+1 954-398-5060,"501 E Las Olas Blvd Ste 200 & 300, Fort Lauderdale, FL 33301, United States",5,7,YES,commercial storefront glazing; named window styles; window product line; window replacement/installation; windows & doors,False,high,Impact window installation requires a building permit in all South Florida jurisdictions.,site scrape,YES,1,,
Superior Replacement Windows,https://replacementwindowstempe.net/,replacementwindowstempe.net,+1 480-339-0985,,3.7,3,YES,"Replacement windows, window glass replacement and window repair for homes; commercial storefronts, glass doors and architectural glass",False,high,"replacementwindowstempe.net — 'locally owned window and glass company in Tempe ... providing mobile replacement windows, glass shower doors, window glass replacement and window repair'; site sections /residential-glass/, /commercial-glass/ ('storefronts, glass doors and interior architectural glass'",web search,UNREACHABLE,1,,
Superior Roof Repair of Rockford,https://www.superiorroofingil.com/,superiorroofingil.com,+1 815-313-4220,,4.9,46,YES,named window styles; window product line; window replacement/installation,False,high,Enhance your property with expert window installation services from Superior Roofing Inc.,site scrape,YES,1,,
Surface Specialists of Austin,http://www.surfacespecialistsaustin.com/,surfacespecialistsaustin.com,+1 512-865-9516,"6808 Branrust Dr, Austin, TX 78744, United States",5,132,YES,window product line; window replacement/installation,False,high,bs / Showers / Countertops About Repair Bathtub Repair Shower Repair Countertop Repair Vinyl Window Repair Refinish Bathtub Refinishing Shower Refinishing Countertop Resurfacing Tile Refinishing Sink,site scrape,YES,1,,
Surplus Building Materials (SBMTX) | Home Improvement Doors Kitchens Floors & Installation Experts in Texas,https://sbmtx.com/,sbmtx.com,+1 972-241-4444,"3404 Belt Line Rd, Farmers Branch, TX 75234, United States",4.3,483,YES,pane glazing work,False,medium,"atio Door Prehung Primed In-swing Height: 80"" Available in left and right hand Ready to paint Double pane glass $625.",site scrape,LIKELY,1,,
SWP GLOBAL LLC,https://swpgloballlc.com/contact-us,swpgloballlc.com,+1 469-514-1415,,4.2,5,YES,commercial storefront glazing; window replacement/installation,False,high,ordable GLASS SOLUTIONS Window Glass Sliding Patio Glass Door Sliding Patio Glass Door Window glass installation and repair is a specialized service that focuses on replacing the glass itself while l,site scrape,YES,1,,
T Rock Roofing & Contracting,https://www.dallasroofer.com/,dallasroofer.com,+1 469-931-9867,"9330 Lyndon B Johnson Fwy #900, Dallas, TX 75243, United States",4.9,806,YES,window replacement/installation,False,high,"andled all of my repairs from our tornado damage including damaged shingle replacement, window pane replacement, iron fence repair, exterior painting, and gutter install!",site scrape,YES,1,,
Tee Time Exteriors,https://teetimeexteriors.com/,teetimeexteriors.com,+1 737-367-7321,,5,35,YES,installs/replaces windows; replacement windows,False,high,"We offer 5-star seamless gutters, siding, replacement windows, doors, roofing, and attic insulation.",site scrape,YES,1,,
Tex Land Construction LLC,https://www.texlandconstruction.com/siding/siding-replacement-austin-tx/?utm_source=google&utm_medium=organic&ut%20m_campaign=gbp,texlandconstruction.com,+1 512-910-7852,"3709 Promontory Point Dr, Austin, TX 78744, United States",4.9,93,YES,installs/replaces windows; window product line; window replacement/installation,False,high,xterior and Interior Home Painting Roof Replacement & Repairs Siding Replacement & Repairs Window Replacement Deck and Patio Cover Construction Foundation Repair Bathroom Remodeling See Our Work – Aus,site scrape,YES,1,,
Texan Windows,https://texanwindows.com/?utm_source=Ad+Pages&utm_id=Texan+Windows+SEO,texanwindows.com,+1 512-298-1051,"165 Tecon Cove, Buda, TX 78610, United States",4.5,75,YES,installs/replaces windows; named window styles; replacement windows; window product line; window replacement/installation,False,high,"Step 2: Choose Your Windows Replacement, in-stock, or new construction.",site scrape,YES,1,,
Texas Door & Trim Inc.,http://www.tdt-inc.com/,tdt-inc.com,+1 214-342-9393,"11220 Petal St, Dallas, TX 75238, United States",2.8,24,YES,named window styles; window product line; window replacement/installation; windows & doors,False,high,Our factory trained professional provide on-site window and door installation support and expert tuning services.,site scrape,YES,1,,
Texas Doors and Windows,http://www.txdoorsandwindows.com/,txdoorsandwindows.com,+1 512-912-6898,"812 Tradesmens Park Loop, Hutto, TX 78634, United States",4.7,25,YES,installs/replaces windows; replacement windows; window product line; window replacement/installation; windows & doors,False,high,"s and Windows - Serving Georgetown, TX - Offering premier hand crafted door installation, window installation and door repair.",site scrape,YES,1,,
Texas Elite Windows,http://txelitewindows.com/,txelitewindows.com,+1 512-775-7226,,5,3,YES,named window styles; window product line; window replacement/installation,False,high,t Services Gallery Contact Open Menu Close Menu About Services Gallery Contact Residential Window Replacement Our friendly experts will take a look at your current windows and help you find the perfec,site scrape,YES,1,,
Texas Home Improvement,https://texashomeimprovement.com/,texashomeimprovement.com,+1 737-361-1532,"6320 E Stassney Ln Suite 100, Austin, TX 78744, United States",4.7,577,YES,Energy-efficient replacement windows and doors,False,high,"texashomeimprovement.com/home-improvement/ — 'a wide range of services for Austin home improvements, from roofing and gutters to siding and windows'; 'their top-of-the-line, energy efficient replacement windows and doors keep heating and cooling costs down'.",web search,UNKNOWN,1,,
Texas Mirrors & Doors LLC,https://txmirrors.com/,txmirrors.com,+1 512-459-3553,"2115 Northland Dr, Austin, TX 78756, United States",4.8,25,YES,pane glazing work,False,medium,"The project cost includes windows (18 double-pane with new trim), 1 framed shower and 1 frameless shower.",site scrape,LIKELY,1,,
Texas Pride Mirror & Glass LLC,https://texaspridemirrornglass.com/,texaspridemirrornglass.com,+1 214-281-6638,,5,11,YES,"Window replacement, window installation and window leak repair",False,high,"Listings for texaspridemirrornglass.com — ""offers quality window installation services in Dallas, TX""; services: ""door replacement, door repair, frameless showers, caulking repair and replacement, window replacement, window installation service, and window leak repair"". Google review mentions a dog ",web research (earlier pass),UNKNOWN,1,,
Texas Quick Construction,http://www.txquickconstruction.com/,txquickconstruction.com,+1 469-817-9329,,4.7,19,YES,installs/replaces windows; named window styles; window product line; window replacement/installation,False,high,"ome About Us Reviews Gallery Services Fence Installation Fence Repair Patio Covers Siding Window Installation Pergola Gutters Installation Painting Services Areas We Service Burleson, Tx Cleburne, Tx",site scrape,YES,1,,
Texas Window & Door,https://twdremodeling.com/,twdremodeling.com,+1 469-588-4890,,5,82,YES,named window styles; pane glazing work; window product line; window replacement/installation; windows & doors,False,high,"Texas Window & Door offers 12+ years of trusted, transparent window and door installations.",site scrape,YES,1,,
Texas Window Store of Austin,https://www.texaswindowstore.com/austin/,texaswindowstore.com,+1 512-360-0612,"720 S Bell Blvd Bldg 7D, Cedar Park, TX 78613, United States",4.9,60,YES,"Replacement window installation (Pella, Marvin, Provia, NT); explicitly does NOT do glass-only replacement or window repair",False,high,"texaswindowstore.com — 'They specialize in providing hassle-free window replacement services for homes in the Austin and surrounding areas'; 'Replacement Windows, Window Replacement, Exterior Door replacements, French Doors, Sliding Glass Doors'.",web search,UNKNOWN,1,,
Texas Windows Direct,https://texaswindowsdirect.com/,texaswindowsdirect.com,+1 512-529-8612,"1710 Atlas Rd, Cedar Park, TX 78613, United States",5,4960,YES,pane glazing work; window product line; window replacement/installation,False,high,"Window Installation in Cedar Park, TX | (512) 529-8612 Texas Windows Direct LLC .",site scrape,YES,1,,
The Door Doctor of South Florida Inc.,https://www.thedoordoctor.net/,thedoordoctor.net,+1 954-491-0039,"1188 NE 47th St, Oakland Park, FL 33334, United States",4.9,331,YES,installs/replaces windows; named window styles; pane glazing work; window product line; window replacement/installation; windows & doors,False,high,"Doctor of South Florida . The Door Doctor of South FL| Garage Doors, Openers, Entry Doors & Windows Repair Garage Door Repair Broken Springs Garage Door Opener Repair Maintenance & Tune-Ups Service P",site scrape,YES,1,,
The Glass Guru,https://www.theglassguru.com/locations/austin-south-tx/?utm_source=GMB&utm_medium=profile_website_link,theglassguru.com,+1 512-862-9406,"11190 Circle Dr #490, Austin, TX 78736, United States",4.9,828,YES,installs/replaces windows; insulated glass unit work; named window styles; pane glazing work; replacement windows; window product line; window replacement/installation; windows & doors,False,high,"ds of residential and commercial customers across the U.S. and Canada. We specialize in window glass replacement, insulated glass repair, window restoration, custom shower enclosures, mirrors, screens",site scrape,YES,1,,
The Glass Guy Glass Repair,https://www.theglassguytx.com/,theglassguytx.com,+1 682-216-5638,,5,180,YES,insulated glass unit work; pane glazing work; window product line; window replacement/installation; windows & doors,False,high,"meless shower glass for every style Partner with a company dedicated to excellence in window and door installations, ensuring each project is handled with precision and care.",site scrape,YES,2,,
The Handy Hippie,https://www.thehandyhippie.com/,thehandyhippie.com,+1 512-888-2173,,4.9,52,YES,window replacement/installation,False,high,"Explore pressure washing → Doors & Windows Door and window repairs, replacement, trim, hardware, and weatherproofing.",site scrape,YES,1,,
The Original Frameless Shower Doors - Fort Lauderdale,https://www.framelessshowerdoors.com/local_franchisee/ft-lauderdale/,framelessshowerdoors.com,+1 954-510-9680,,5,83,YES,building glass replacement; pane glazing work,False,high,cts StayClean® Custom Bathroom Mirrors Painted Glass Backsplash Commercial Glass Residential Glass Services Design Consulting Loyalty Program InstallationEasy® Install and Save Big!,site scrape,YES,1,,
The Shutter Store of Florida Inc,http://shutterstoreonline.com/,shutterstoreonline.com,+1 954-932-2352,"4308 NE 5th Terrace, Oakland Park, FL 33334, United States",4.4,67,YES,pane glazing work; window product line; window replacement/installation; windows & doors,False,high,How long does impact window installation take?,site scrape,YES,1,,
The Window Connection,https://dallaswindows.com/,dallaswindows.com,+1 972-951-6120,,5,69,YES,installs/replaces windows; insulated glass unit work; named window styles; pane glazing work; replacement windows; window product line; window replacement/installation; windows & doors,False,high,Window Connection Replacement Windows Dallas .,site scrape,YES,1,,
the window experts,http://www.thewindowexperts.com/about-us/,thewindowexperts.com,+1 214-865-6565,"25 Highland Park Village, Dallas, TX 75205, United States",0,0,YES,installs/replaces windows; named window styles; pane glazing work; replacement windows; window product line; window replacement/installation; windows & doors,False,high,817) 865-1164 English Español Window Brands Products Windows Fiberglass Windows Vinyl Windows Aluminum Replacement Windows Wood Windows Composite Windows Doors Patio Doors French Patio & Entry Doors F,site scrape,YES,1,,
The Window Guys of Texas,https://windowguystx.com/,windowguystx.com,+1 682-842-8489,,5,19,YES,window product line; window replacement/installation,False,high,Window Replacement & Repair | Energy Efficient Windows | Call (888) 685-6268 .,site scrape,YES,1,,
The Window Source of Austin,https://www.windowsourceaustin.com/,windowsourceaustin.com,+1 512-524-9455,"9415 Burnet Rd Ste 309A, Austin, TX 78758, United States",5,0,YES,installs/replaces windows; insulated glass unit work; named window styles; pane glazing work; replacement windows; window product line; window replacement/installation,False,high,s Financing Resources Contact Us Menu Request a Quote Top Quality Free Consultation The #1 Window Replacement Company in Austin Schedule Your Free Home Assessment First Name Last Name Email Phone Send,site scrape,YES,1,,
The Window Source of DFW,https://www.windowsourcedfw.com/,windowsourcedfw.com,+1 469-655-9148,"3216 Commander Dr Ste 101, Carrollton, TX 75006, United States",5,153,YES,installs/replaces windows; named window styles; replacement windows; window product line; window replacement/installation; windows & doors,False,high,Discover custom windows with professional installation and a lifetime warranty.,site scrape,YES,1,,
The Window Source of Miami,https://windowsourcemiami.com/?utm_campaign=gmb,windowsourcemiami.com,+1 754-254-0150,"3708 NW 16th St, Lauderhill, FL 33311, United States",5,28,YES,commercial storefront glazing; installs/replaces windows; named window styles; replacement windows; window product line; window replacement/installation; windows & doors,False,high,ct Window and Door . Replacement Window Company - Impact Window and Door Services window replacement Door Replacement Commercial Projects Partition Wall Our Work Service Area See Our Work About Us Of,site scrape,YES,1,,
Thermal Windows,http://www.thermalwindowsdfw.com/,thermalwindowsdfw.com,+1 214-630-5885,"8808 Empress Row, Dallas, TX 75247, United States",4.6,122,YES,installs/replaces windows; named window styles; replacement windows; window product line; window replacement/installation; windows & doors,False,high,"& Fiberglass Windows and Doors in Dallas, Fort Worth TX – Thermal Windows . Thermal Windows offer vinyl replacement windows, thermal aluminum replacement windows, & fiberglass replacement windows and",site scrape,YES,1,,
Three Strong Restoration,https://threestrongrestoration.com/,threestrongrestoration.com,+1 779-970-1989,,5,8,YES,installs/replaces windows; pane glazing work; window product line; window replacement/installation,False,high,"Decks, doors, and window installation in Rockford and surrounding areas.",site scrape,YES,1,,
Titan Builders Impact Windows Doors and Roofing,https://www.titanbuilders.us/,titanbuilders.us,+1 561-768-4826,"718 NW 8th Ave, Fort Lauderdale, FL 33311, United States",5,50,YES,named window styles; window product line; window replacement/installation; windows & doors,False,high,I recommend them for all your window replacements from our own personal experience.,site scrape,YES,1,,
Titan Siding Windows & Roofing,https://titansiding.com/,titansiding.com,+1 512-944-8029,"12112 Anderson Mill Rd Bldg 11a, Austin, TX 78726, United States",4.9,456,YES,installs/replaces windows; named window styles; replacement windows; window product line; window replacement/installation; windows & doors,False,high,"Austin Siding & Window Installation | Titan Siding, Windows & Roofing .",site scrape,YES,1,,
TJ Window & Door Repair,https://tjwindowrepair.com/?utm_source=omg-gbp&utm_medium=webclick,tjwindowrepair.com,+1 954-765-6316,"784 NE 44th St, Oakland Park, FL 33334, United States",4.9,69,YES,installs/replaces windows; named window styles; window product line; window replacement/installation; windows & doors,False,high,"We’re a fully licensed and insured service provider, offering top-notch window installation, door repair, and glass installation services.",site scrape,YES,1,,
Together Exterior & Outdoor Remodeling,https://together-exterior.com/,together-exterior.com,+1 833-400-3760,"1000 E 50th St C, Austin, TX 78751, United States",5,38,YES,installs/replaces windows; named window styles; replacement windows; window product line; window replacement/installation,False,high,Email Full Name Full Name * Email * Phone * Submit Get Your Free Estimate x Window Replacement - Together Exterior & Outdoor .,site scrape,YES,1,,
Top Notch Roofing & Exteriors INC.,http://topnotchroofing.net/,topnotchroofing.net,+1 815-721-4666,"7703 Forest Hills Rd, Loves Park, IL 61111, United States",4.9,115,YES,installs/replaces windows; insulated glass unit work; named window styles; pane glazing work; window product line; window replacement/installation; windows & doors,False,high,ergency Roofing Repair Roof Viewer Siding Emergency Siding Repair Siding Visualizer Windows Emergency Window Repair Gutters and Downspouts Emergency Gutter Repair Emergency Downspout Repair Gallery B,site scrape,YES,1,,
Total Glassworks,https://www.totalglassworks.net/,totalglassworks.net,+1 512-831-7065,"12010 US-290 Ste 140, Austin, TX 78737, United States",5,11,YES,commercial storefront glazing; installs/replaces windows; window replacement/installation,False,high,ces Handrail Glass Installation Shower glass installation Storefront Glass Installation Window Glass Replacement Wine-Room Glass FAQ Gallery Blog Contact (512) 831-7065 Book a consultation Total Glass,site scrape,YES,1,,
Town & Country Industries,https://www.tc-alum.com/location/fort-lauderdale-FL-33309-2144/,tc-alum.com,+1 954-970-9999,"400 W McNab Rd, Fort Lauderdale, FL 33309, United States",4.3,97,YES,installs/replaces windows; replacement windows; window replacement/installation; windows & doors,False,high,"fresh new look and enhanced functionality. Imagine the transformation as outdated, drafty windows are replaced with sleek, energy-efficient models that not only improve your home’s curb appeal but als",site scrape,YES,1,,
Transom Remodeling,https://transomremodeling.com/,transomremodeling.com,+1 469-818-0134,"11837 Judd Ct #112, Dallas, TX 75243, United States",5,28,YES,"Window and door replacement, both within remodels and as standalone projects (sister brand Transom Windows & Doors)",False,high,"transomremodeling.com/north-dallas-windows-doors/ — 'improve North Dallas homes' energy efficiency, style, and first impression by updating windows and doors, using the highest quality products installed with incredible attention to detail'; 'their companion company, Transom Windows & Doors, special",web search,UNKNOWN,1,,
Transom Windows and Doors,https://transomwindowsanddoors.com/,transomwindowsanddoors.com,+1 214-205-0903,"11837 Judd Ct #112, Dallas, TX 75243, United States",5,3,YES,"Window and door installation and replacement (Andersen, Pella); vinyl and composite replacement windows; also fiber cement siding",False,high,"Site page titles: 'Transom Windows and Doors Installation and Replacement' (transomwindowsanddoors.com/), 'Composite Windows' (/windows/composite/), 'Vinyl Windows' (/windows/vinyl/), 'Custom Replacement Luxury Doors and Windows Dallas, Texas'",web research (earlier pass),UNKNOWN,1,,
Trendy Home Quotes,https://hometrendyquote.com/,hometrendyquote.com,+1 225-384-1090,"2525 Inwood Rd ste 133, Dallas, TX 75235, United States",0,0,YES,installs/replaces windows; named window styles; replacement windows; window product line; window replacement/installation; windows & doors,False,high,â Home Trendy Quote gave me a fair estimate and delivered top-quality window replacements.,site scrape,YES,2,+1 254-489-8666,"3712 S Malcolm X Blvd, Dallas, TX 75215, United States"
Tri-Supply - Austin,https://trisupplyhome.com/,trisupplyhome.com,+1 512-916-9354,"5811 Trade Center Dr Building 7, Suite 100, Austin, TX 78744, United States",4.5,351,YES,insulated glass unit work; named window styles; window product line; windows & doors,False,high,y Considerations for Building and Designing Multifamily Outdoor Living Spaces Read More Energy Efficient Windows for Texas Climates Read More View All Appliances Bathrooms Hardware Interior & Exterior,site scrape,YES,1,,
Trinity Glazing Contractors,https://www.trinityglazing.com/,trinityglazing.com,+1 214-339-6444,"4520 Mint Way #1, Dallas, TX 75236, United States",4.9,10,YES,commercial storefront glazing,False,high,"We work on most any commercial glazing applications, new constructions, existing building, and service work.",site scrape,YES,1,,
True View Windows & Glass,https://www.trueviewglass.com/,trueviewglass.com,+1 602-431-8783,"2222 E Jones Ave, Phoenix, AZ 85040, United States",4.6,797,YES,broken window glass; building glass replacement; commercial storefront glazing; installs/replaces windows; insulated glass unit work; named window styles; reglazing; replacement windows; window product line; window replacement/installation; windows & doors,False,high,-8783 602-560-7028 Tucson 520-885-6010 520-987-8506 Denver 720-431-8783 720-575-8333 Menu Windows Replacement Windows Energy Efficient Windows Upgrade Your Windows Window & Door Brands Milgard IWC We,site scrape,YES,1,,
TrueSafe Renovations,http://www.truesaferenovations.com/,truesaferenovations.com,+1 972-330-3906,"10925 Estate Ln Ste 214, Dallas, TX 75238, United States",5,53,YES,Window replacement - installs Ply Gem windows and doors,False,high,"truesaferenovations.com - 'TrueSafe Renovations specializes in residential roof replacements, roof repairs, siding, windows, solar solutions, and flat roofing systems'; 'TrueSafe offers superior Ply Gem windows and doors'.",web research (earlier pass),UNKNOWN,1,,
Trustmark Exteriors,https://www.trustmarkexteriors.com/?utm_source=google&utm_medium=gbp,trustmarkexteriors.com,+1 817-859-8369,"2832 SE Loop 820, Fort Worth, TX 76140, United States",5,14,YES,installs/replaces windows; insulated glass unit work; named window styles; window product line; window replacement/installation,False,high,"rs | Windows, Gutters & Roofing in Fort Worth Skip to content Labor Day Sale: Save 10% on Window Installation until 9/15 Get A Quote 24/7 Year-Round Emergency Service (877) 202-7663 Home About Us Abo",site scrape,YES,1,,
TWT Exteriors & Roofing,https://twtexteriors.com/,twtexteriors.com,+1 512-878-3892,"12600 Hill Country Blvd Ste R-275 #191, Bee Cave, TX 78738, United States",5,62,YES,window replacement/installation; windows & doors,False,high,"nts’ homes. Masonry Window work Painting Hardie Siding (concrete) Stucco Siding, Door, and Window Replacement Whether you’re looking to change the aesthetics of your home or your existing siding and w",site scrape,YES,1,,
TXFirstRemodel,https://txfirstremodel.com/,txfirstremodel.com,+1 888-469-0049,"3423 N Winnetka Ave, Dallas, TX 75212, United States",5,70,YES,installs/replaces windows; pane glazing work; replacement windows; window product line; window replacement/installation,False,high,Driveways Contractors Exterior Painting Contractors Landscaping Services Roofing Services Window Installation Services Financing Contact Us OUR SOCIAL Google Yelp ADD SOME TEXT THROUGH CUSTOMIZER Hom,site scrape,YES,1,,
U.S. Window Specialists LLC,https://uswindowspecialists.com/,uswindowspecialists.com,+1 800-223-8099,,0,0,YES,commercial storefront glazing; insulated glass unit work; window replacement/installation,False,high,"Titan Glazing | Commercial & Residential Windows . Quality window installation and repair services for both commercial and residential properties, enhancing your spaces with",site scrape,YES,1,,
Universal Door Repair,https://universaldoorrepair.co/,universaldoorrepair.co,+1 214-529-3594,"4001 N Westmoreland Rd, Dallas, TX 75212, United States",5,0,YES,commercial storefront glazing; window replacement/installation,False,high,529-3594 Menu Menu DALLAS TEXAS COMMERCIAL DOOR REPAIR EMERGENCY COMMERCIAL DOOR REPAIR & WINDOW REPLACEMENT SERVICES Request a Free Inspection OUR SERVICES & REPAIRS Aluminum & Glass Storefront Auto,site scrape,YES,1,,
Urban Glaze Construction,https://urbanglazeconstruction.com/,urbanglazeconstruction.com,+1 737-333-1058,,5,8,YES,commercial storefront glazing; installs/replaces windows; replacement windows; window product line; window replacement/installation; windows & doors,False,high,Premium window and door installation in Austin and Central Texas.,site scrape,YES,1,,
USA Windows and Doors,https://www.usawindowsanddoors.com/?utm_campaign=gmb,usawindowsanddoors.com,+1 954-289-9590,"13800 NW 2nd St Unit 140, Sunrise, FL 33325, United States",4.9,868,YES,named window styles; window product line; window replacement/installation; windows & doors,False,high,Get window pricing Call (954) 637-7029 Window styles Every impact window style we install.,site scrape,YES,2,+1 954-951-4623,
Valencia Remodeling and Construction,http://www.valenciaremodeling.com/,valenciaremodeling.com,+1 469-656-5402,"8204 Elmbrook Dr #205, Dallas, TX 75247, United States",4.9,35,YES,window product line; windows & doors,False,high,""" Carolyn D Arlington, TX ""I got a great deal on new windows.",site scrape,YES,1,,
Vantage Windows LLC,https://thevantagewindows.com/,thevantagewindows.com,+1 469-283-6744,"2100 Valley View Ln #301, Farmers Branch, TX 75234, United States",4.6,93,YES,named window styles; window product line; window replacement/installation; windows & doors,False,high,me Services About Financing Warranty Taxes Gallery 469-283-6744 Get Free Estimate #1 Rated Window Replacement in the Region Upgrade Your Home with Custom Windows Built for You Experience the perfect b,site scrape,YES,1,,
Vico Windows Inc,http://www.vicowindows.com/,vicowindows.com,+1 954-563-5686,"4275 NE 6th Ave, Oakland Park, FL 33334, United States",4.3,61,YES,window product line; window replacement/installation; windows & doors,False,high,Window Installation You Don’t Have To Stress Over Choosing the right windows should feel easy.,site scrape,YES,1,,
Vinyl Siding Austin,https://www.sidingcontractoraustin.com/contact,sidingcontractoraustin.com,+1 512-607-7837,"8100 Cross Park Dr, Austin, TX 78754, United States",4.9,49179,YES,installs/replaces windows; pane glazing work; reglazing; window product line; window replacement/installation,False,high,ylight Installation Skylight Repair Vinyl Siding Installation Vinyl Siding Repair Window Cleaning Window Installation Window Repair Window Replacement View All Services Call Now (512) 607-7837 Tap to,site scrape,YES,1,,
VISION IMPACT WINDOWS & DOORS,https://www.visionimpactwindowsanddoors.com/,visionimpactwindowsanddoors.com,+1 754-290-0123,"271 SW 33rd Ct #6, Fort Lauderdale, FL 33315, United States",0,0,YES,named window styles; pane glazing work; window product line; window replacement/installation; windows & doors,False,high,"erdale, impact windows near me Fort Lauderdale, impact windows Fort Lauderdale FL, impact windows installation Fort Lauderdale, impact windows cost Fort Lauderdale .",site scrape,YES,1,,
Vision Windows & Doors,http://windowanddoorco.com/,windowanddoorco.com,+1 602-430-7614,,5,96,YES,window product line; window replacement/installation; windows & doors,False,high,"sion Windows & Doors Request A Quote Free, In-Home Consultation No pressure sales Premium Window Installation Decades of experience Premium Door Installation Many Styles to Choose From Window & Door",site scrape,YES,1,,
Vision Windows LLC,https://www.azvisionwindow.com/,azvisionwindow.com,+1 480-217-0151,,5,149,YES,installs/replaces windows; named window styles; replacement windows; window product line; window replacement/installation; windows & doors,False,high,"nsed, Bonded & Insured Our Services Your choice for superior products and experienced window and door installation in Arizona.",site scrape,YES,1,,
Vista Windows & Doors,http://www.vistawd.com/,vistawd.com,+1 512-927-9011,"4715 S Lamar Blvd #101B, Sunset Valley, TX 78745, United States",3.6,10,YES,windows & doors,False,high,Transparency Experience Knowledge Our team of window and door experts is committed to providing an unparalleled client experience.,site scrape,YES,1,,
Vista Windows and Doors,https://www.vistawindowsaz.com/,vistawindowsaz.com,+1 480-744-2884,"3225 N Arizona Ave Ste C13, Chandler, AZ 85225, United States",5,51,YES,installs/replaces windows; pane glazing work; replacement windows; window product line; window replacement/installation; windows & doors,False,high,e Phoenix homeowners on the best replacement windows and doors for their home. Learn more Window Installation Process The Vista Window and Door Experts The Vista Window and Door Experts We offer a se,site scrape,YES,1,,
W Tint X - Car Window Tinting,https://wtintx.com/,wtintx.com,+1 512-979-0143,"11116 Middle Fiskville Rd Ste g, Austin, TX 78753, United States",4.9,63,YES,installs/replaces windows; replacement windows,True,high,"com Follow Main services Auto Glass Replacement Window Tint We don't just protect vehicles, We Take Care of Investments and Dreams.",site scrape,YES,1,,
Warner Roofing & Restoration,https://www.warnerroofdog.com/,warnerroofdog.com,+1 815-877-7663,"417 S Winnebago St, Rockford, IL 61102, United States",4.8,222,YES,pane glazing work; window product line; window replacement/installation,False,high,"Windows Energy-efficient window installations for a brighter, modern home.",site scrape,YES,1,,
"Waseem doors Yes Tamen merdeka jalan m6, fasa 2, Jln Taman Merdeka, 75350 Melaka, Malaysia +60 11-1622 8673",http://waseemdoors.com/,waseemdoors.com,,,5,4,YES,installs/replaces windows; window replacement/installation,False,high,"Waseem Doors provides professional door installation, window installation, lock installation and repair services in Melaka.",site scrape,YES,1,,
WCV Windows,https://www.westcoastvinyl.com/about-us,westcoastvinyl.com,,"327 E Wildwood Dr, Phoenix, AZ 85048, United States",5,5065,YES,installs/replaces windows; named window styles; replacement windows; window product line; window replacement/installation,False,high,Tacoma Vinyl Windows | Tacoma Replacement Windows | Window Replacement .,site scrape,YES,1,,
We are Sliding Door Repair,https://slidingdoorsrepairfl.com/,slidingdoorsrepairfl.com,+1 954-412-0101,"101 NE 3rd Ave #1500, Fort Lauderdale, FL 33301, United States",5,43,YES,named window styles,False,medium,Casement Windows 02 Suspendisse blandit.,site scrape,LIKELY,1,,
weinstallwindows.com,https://weinstallwindows.com/,weinstallwindows.com,+1 214-239-9108,,0,0,YES,installs/replaces windows; window replacement/installation; windows & doors,False,high,"nship, durable results, and reliable service you can count on. From drywall finishes, window and door installations to expert services, we help businesses and homeowners upgrade their spaces with last",site scrape,YES,1,,
Well Done Screen Repair,http://welldonescreenrepair.com/,welldonescreenrepair.com,+1 512-771-9910,"13102 Lubbock Ln, Austin, TX 78729, United States",5,25,YES,installs/replaces windows; window replacement/installation,False,high,Window Screen Repair | Austin Texas .,site scrape,YES,1,,
West Austin Siding Solutions,https://westaustinsidingsolutions.com/,westaustinsidingsolutions.com,+1 512-960-3710,"1700 Ranch Rd 620 S, Lakeway, TX 78734, United States",3.7,3,YES,Replacement of aging/failed windows; installs vinyl and composite window systems,False,high,"westaustinsidingsolutions.com — 'replaces aging windows affected by broken seals, warped frames, condensation buildup, moisture intrusion... They install vinyl and composite window systems designed to resist fading, moisture damage, cracking'.",web search,UNKNOWN,1,,
Western Pacific Building Materials - Austin,https://www.gowestpac.com/,gowestpac.com,+1 512-989-1445,"15855 Long Vista Dr #103, Austin, TX 78728, United States",3.9,28,YES,window product line; windows & doors,False,high,Are Why We’re Different Locations Continuous Improvement Join Us What We Do Products Windows Wood Windows Large Openings Skylights Exterior Doors Fiberglass Doors Wood Doors Interior Doors Paint Grad,site scrape,YES,1,,
Wilco Windows & Siding,https://www.wilcodesign.co/,wilcodesign.co,+1 512-316-7526,,5,100,YES,installs/replaces windows; named window styles; pane glazing work; replacement windows; window product line; window replacement/installation; windows & doors,False,high,Wilco Windows & Siding offers expert window installation & renovations with Free quotes and warranties available.,site scrape,YES,1,,
WINDO – European Aluminum Windows & Doors by Reynaers Schueco Aluprof Alumil & Cortizo,https://windo.io/,windo.io,+1 512-738-0330,"7801 N Lamar Blvd B 156, Austin, TX 78752, United States",5,9,YES,commercial storefront glazing; named window styles; window product line; windows & doors,False,high,WE PROVIDE EUROPEAN ALUMINUM WINDOWS AND DOORS | WINDO .,site scrape,YES,1,,
Window & Door Hilt LLC,https://windowanddoorhilt.com/,windowanddoorhilt.com,+1 361-563-9230,"1213 Marilyn Jayne Ln, Rockwall, TX 75087, United States",0,0,YES,installs/replaces windows; replacement windows; window product line; window replacement/installation; windows & doors,False,high,ervices European Quality Our Products Installation & Service Service Areas FAQ Careers Windows Window Replacement Window Installation Thermalast Windows Vinyl Windows Aluminum Windows Energy Efficient,site scrape,YES,1,,
Window Depot USA of Austin TX,https://windowdepotaustin.com/,windowdepotaustin.com,+1 512-201-6447,"6514 McNeil Dr Ste 1-100, Austin, TX 78729, United States",4.2,17,YES,installs/replaces windows; insulated glass unit work; named window styles; pane glazing work; replacement windows; window product line; window replacement/installation; windows & doors,False,high,ted when so many others have come and gone. Learn More About Our History America’s Trusted Window Replacement Experts Windows Vinyl | Composite | Wood Entry Doors Fiberglass | Steel Patio Doors Slidin,site scrape,YES,1,,
Window Depot USA of Dallas,https://windowdepotdallas.com/,windowdepotdallas.com,+1 214-399-9592,"4425 W Airport Fwy Ste 119, Irving, TX 75062, United States",4.8,205,YES,installs/replaces windows; insulated glass unit work; named window styles; pane glazing work; replacement windows; window product line; window replacement/installation; windows & doors,False,high,"026-07-30 05:53:41 The Hidden Cost of Buying Cheap Replacement Windows in Dallas, Texas When Window Repair Is No Longer an Option in Dallas, Texas https://windowdepotdallas.",site scrape,YES,2,,"2828 W Parker Rd Ste 203B, Plano, TX 75075, United States"
Window e-Store,https://windowestore.com/,windowestore.com,+1 855-290-6366,"1912 W Anderson Ln. Ste 208B, Austin, TX 78757, United States",4.8,102,YES,installs/replaces windows; insulated glass unit work; named window styles; pane glazing work; replacement windows; window product line; window replacement/installation; windows & doors,True,high,"Because you will be buying directly, there is no need to worry about retail window replacement prices.",site scrape,YES,1,,
Window Installation Fort Lauderdale,https://smart-impact-window-installation.com/,smart-impact-window-installation.com,+1 754-551-5551,,5,5,YES,installs/replaces windows; window product line; window replacement/installation,False,high,Impact Window Installation Fort Lauderdale | Smart Impact Window Installation .,site scrape,YES,1,,
Window Nation Dallas,https://www.windownation.com/locations/texas/grand-prairie?utm_code=CMP-08802-Y8W8G&utm_source=google&utm_medium=organic&utm_content=GMB_showroom,windownation.com,+1 972-332-5412,"2940 N Hwy 360 #300, Grand Prairie, TX 75050, United States",4.7,1057,YES,Replacement windows and doors with professional installation; national installer with Grand Prairie showroom,False,high,"'Grand Prairie, Texas Home Window Replacement Experts' — windownation.com/locations/texas/grand-prairie/; location page '2940 N Hwy 360 #300, Grand Prairie, TX 75050... (972) 332-5412', 'top-rated products, expert installation'",web research (earlier pass),UNREACHABLE,2,+1 512-360-0899,"3813A Helios Way, Pflugerville, TX 78660, United States"
Window Rehab,https://www.windowrehab.com/,windowrehab.com,+1 602-546-3200,"3250 N Colorado St, Chandler, AZ 85225, United States",5,45,YES,installs/replaces windows; named window styles; pane glazing work; replacement windows; window product line; window replacement/installation; windows & doors,False,high,"Window Replacement Phoenix, AZ | Window Rehab .",site scrape,YES,1,,
Window Universe Austin,https://windowuniverseaustin.com/,windowuniverseaustin.com,+1 844-983-9773,,0,0,YES,installs/replaces windows; named window styles; pane glazing work; replacement windows; window product line; window replacement/installation; windows & doors,False,high,"r industry veterans Not in Austin, TX? Change Location Skip to content Search Toggle Windows in Austin Replacement Windows New Construction Windows Multi-Family Windows DIY Windows Doors in Austin Fr",site scrape,YES,1,,
Window Universe Dallas Ft Worth,https://windowuniversedfw.com/,windowuniversedfw.com,+1 844-983-9773,"1431 Greenway Dr Ste 80042, Irving, TX 75038, United States",4.8,48205,YES,installs/replaces windows; named window styles; pane glazing work; replacement windows; window product line; window replacement/installation; windows & doors,False,high,Doors French Doors Fire Rated Doors Installation Exact Measurements Custom Manufacturing Window Installation Dallas Service & Warranties Prices Menu Search for: Submit Welcome to the future of repla,site scrape,YES,1,,
Window World of Austin,https://www.windowworldaustin.com/,windowworldaustin.com,+1 512-383-1222,"5812 Trade Center Dr #300, Austin, TX 78744, United States",4.8,353,YES,installs/replaces windows; insulated glass unit work; named window styles; replacement windows; window product line; window replacement/installation; windows & doors,False,high,Window Replacement Company in Texas | Window World of Austin .,site scrape,YES,1,,
Window World of Dallas-Fort Worth,https://www.windowworlddfw.com/,windowworlddfw.com,+1 972-623-9993,"600 N Coit Rd Ste 2052, Richardson, TX 75080, United States",4.7,789,YES,installs/replaces windows; insulated glass unit work; named window styles; replacement windows; window product line; window replacement/installation; windows & doors,False,high,Window Replacement Company in Texas | Window World of Dallas .,site scrape,YES,1,,
Window World of Phoenix,http://www.windowworldphoenix.com/,windowworldphoenix.com,+1 602-962-5164,"2530 W Holly St, Phoenix, AZ 85009, United States",4.1,279,YES,installs/replaces windows; insulated glass unit work; named window styles; replacement windows; window product line; window replacement/installation; windows & doors,False,high,Window Replacement Phoenix – Window World of Phoenix .,site scrape,YES,1,,
Window World of Rockford,https://www.windowworldrockford.com/,windowworldrockford.com,+1 815-395-1333,"6010 Forest Hills Rd, Loves Park, IL 61111, United States",4.7,426,YES,installs/replaces windows; named window styles; replacement windows; window product line; window replacement/installation; windows & doors,False,high,Window Replacement Company in Illinois | Window World of Rockford .,site scrape,YES,1,,
Window Zone,https://windowzonedfw.com/,windowzonedfw.com,+1 469-557-6333,"2309 Springlake Rd #630, Farmers Branch, TX 75234, United States",4.9,40,YES,installs/replaces windows; insulated glass unit work; named window styles; pane glazing work; replacement windows; window product line; window replacement/installation; windows & doors,False,high,Window Zone - Dallas/Forth Worth Window Replacement .,site scrape,YES,1,,
WindowCraft Inc,https://www.windowcraft.biz/,windowcraft.biz,+1 214-358-7110,"4412 W Lovers Ln, Dallas, TX 75209, United States",4.5,10,YES,commercial storefront glazing; installs/replaces windows; named window styles; window product line; window replacement/installation; windows & doors,False,high,"ovider of custom windows and doors in Dallas, offering high-quality window and door installations for custom builders, architects, designers, remodeling contractors, and homeowners.",site scrape,YES,1,,
WindowCraft Inc.,https://windowcraftinc.com/,windowcraftinc.com,+1 940-726-5008,"6441 I-35 Frontage Rd, Gainesville, TX 76240, United States",3.5,8,YES,commercial storefront glazing; installs/replaces windows; named window styles; window product line; window replacement/installation; windows & doors,False,high,"ovider of custom windows and doors in Dallas, offering high-quality window and door installations for custom builders, architects, designers, remodeling contractors, and homeowners.",site scrape,YES,1,,
Windowman of South Florida,http://windowmanflorida.com/,windowmanflorida.com,+1 954-946-1553,"6001 Powerline Rd Ste A, Fort Lauderdale, FL 33309, United States",3.5,22,YES,window in name + review describes window work,False,medium,,name/review keywords,UNREACHABLE,1,,
Windowmere Windows and Doors,https://windormere-windows-doors.com/,windormere-windows-doors.com,+1 214-695-1335,"202 N West St A, Rockwall, TX 75087, United States",5,59,YES,installs/replaces windows; named window styles; pane glazing work; replacement windows; window product line; window replacement/installation; windows & doors,False,high,nstallation & Replacement (469) 966-6397 Menu Call Now (469) 966-6397 Home Services Window Installation Replacement Windows Window Contractor Door Installation Door Replacement Patio Doors Attic Insu,site scrape,YES,1,,
Windowpros Window Replacement,http://austinwindowpros.com/,austinwindowpros.com,+1 512-422-1907,"13359 N N Hwy 183 Suite 406-520, Austin, TX 78750, United States",4.9,39,YES,broken window glass; installs/replaces windows; insulated glass unit work; pane glazing work; replacement windows; window product line; window replacement/installation,False,high,| Replacement Windows in Austin . Windowpros LLC | Replacement Windows in Austin Services Window Installation & Repair Window Replacement Glass Replacement Window Repair Residential Window Installati,site scrape,YES,2,,
Windows & Doors by James,https://www.windowsanddoorsbyjames.com/,windowsanddoorsbyjames.com,+1 512-379-1652,,4.4,7,YES,installs/replaces windows; named window styles; replacement windows; window product line; window replacement/installation; windows & doors,False,high,"hoto Gallery Renovations Gallery Contact Besides the quality of the window itself, proper window installation is essential for full energy efficiency and accurate performance for the life of the prod",site scrape,YES,1,,
Windows & More Solutions Inc,http://www.windowsmoresolutions.com/,windowsmoresolutions.com,+1 954-534-1960,"4875 Volunteer Rd, Fort Lauderdale, FL 33330, United States",5,7,YES,installs/replaces windows; replacement windows; window product line; window replacement/installation; windows & doors,False,high,adapt to new styles and trends. FREE ESTIMATE UV Protector & Light Enhancement Miami Windows and Door Installation Projects OFFICES BEDROOMS DINING ROOM LIVING ROOM LET'S TALK Miami Windows And Door,site scrape,YES,1,,
Windows Direct,http://www.windowsdirectarizona.com/,windowsdirectarizona.com,+1 602-698-5580,,5,4,YES,window replacement/installation; windows & doors,False,high,"ersen Cerified Contractor | Custom Windows & Doors, Phoenix, AZ . Windows Direct is a Window and door Replacement Company, Multi-slide Door Company, Entry Door Company, Modifications of Window and Do",site scrape,YES,1,,
Windows of Austin,https://windowsofaustin.com/,windowsofaustin.com,+1 512-954-2100,"5524 Bee Caves Rd Ste B-3, Austin, TX 78746, United States",5,3,YES,window replacement/installation; windows & doors,False,high,"Call or text 512-954-2100 for premium window and door installation in Austin, Round Rock, Cedar Park, Georgetown, Leander, Buda and Kyle.",site scrape,YES,1,,
Windows of Fort Lauderdale,https://windowsoffortlauderdale.com/,windowsoffortlauderdale.com,+1 754-354-7816,"6330 N Andrews Ave, Fort Lauderdale, FL 33309, United States",4.4,12,YES,installs/replaces windows; named window styles; pane glazing work; replacement windows; window product line; window replacement/installation; windows & doors,False,high,Window Replacement Fort Lauderdale Fl | Window installation Fort Lauderdale Fl | Windows of Fort Lauderdale .,site scrape,YES,1,,
Windows of Texas Inc.,https://windowsoftexas.com/,windowsoftexas.com,+1 682-201-5645,"312 W Northwest Hwy, Grapevine, TX 76051, United States",4.8,21,YES,installs/replaces windows; pane glazing work; replacement windows; window product line; window replacement/installation; windows & doors,False,high,"ke We’ve Been Featured On BizTV Texas Windows of Texas Team Value Approach Before and after windows install in Flower Mound, Texas Window Replacement at multifaceted windows and door project in South",site scrape,YES,1,,
windows stock market,https://windowsstockmarket.com/,windowsstockmarket.com,+1 754-707-3281,,5,5,YES,installs/replaces windows; insulated glass unit work; named window styles; pane glazing work; window product line; window replacement/installation; windows & doors,False,high,mpany About Us FAQ Contact Us Tips & Guides Guides How to Measure Windows Types of Impact Windows Why Replace Windows In-Stock vs Custom Impact Window Costs 2026 Insurance Discount Guide PGT vs ESW v,site scrape,YES,1,,
WindowWall of Ft. Lauderdale,https://windowwallfl.com/,windowwallfl.com,+1 954-945-8212,"3150 Prospect Rd Ste 350, Fort Lauderdale, FL 33309, United States",4.9,72,YES,installs/replaces windows; named window styles; replacement windows; window product line; window replacement/installation; windows & doors,False,high,"impact windows Florida,hurricane windows,window replacement,impact doors,PGT windows,WindowWall .",site scrape,YES,1,,
Wolfpack Roofing & Exteriors,https://wolfpackrfg.com/?utm_source=google&utm_medium=organic&utm_campaign=gmb,wolfpackrfg.com,+1 512-790-7663,"12201 Alcanza Dr, Austin, TX 78739, United States",4.9,90,YES,"Door and window repair, addressing moisture intrusion",False,high,"wolfpackrfg.com/door-window-repair — page titled 'Door & Window Repair | Austin, TX | Wolfpack Roofing'; 'The company also offers door and window repair services to address moisture issues before further damage occurs to your home.' Repair rather than full replacement.",web search,UNKNOWN,1,,
Wood & Stone Homes,http://www.woodandstonehomes.com/,woodandstonehomes.com,+1 512-460-0094,,4.5,23,YES,window replacement/installation,False,high,"s of home improvement and remodeling, including bathrooms, kitchens, room additions, window and siding replacement, patio updates, and eco-friendly enhancements.",site scrape,YES,1,,
Woodbridge Home Solutions,https://www.woodbridgehomesolutions.com/service-area/dallas-tx/?utm_source=google&utm_medium=organic&utm_campaign=GMBListing-Dallas-TX,woodbridgehomesolutions.com,+1 855-907-4299,"4519 Sigma Rd, Dallas, TX 75244, United States",4.3,760,YES,Vinyl replacement windows and specialty window installation,False,high,"woodbridgehomesolutions.com/windows/specialty-windows/ — 'top-of-the-line vinyl replacement windows available in styles including Double Hung, Casement, Picture, and Bay & Bow'; 'specialty window installation and design teams have decades of experience in the Dallas area'.",web search,UNKNOWN,1,,
Woodruff Windows,https://woodruffwindows.com/location/garland-texas/,woodruffwindows.com,+1 214-390-9426,"9330 Lyndon B Johnson Fwy #900, Dallas, TX 75243, United States",5,5,YES,installs/replaces windows; named window styles; pane glazing work; replacement windows; window product line; window replacement/installation; windows & doors,False,high,Get expert window and door replacement in McKinney TX and surrounding areas.,site scrape,YES,1,,
Wow Windows & Glass LLC,http://www.wowwindowsglass.com/,wowwindowsglass.com,+1 469-892-6662,"1201 Walnut Ave #6, Carrollton, TX 75006, United States",5,488,YES,"Vinyl replacement windows, broken/foggy glass repair, glass replacement, screens, shower enclosures",False,high,"Site title 'Wow Windows and Glass - Window Installation and Repair - DFW Metroplex' (wowwindowsglass.com); 'specialties include vinyl replacement windows, broken or foggy glass repair'",web research (earlier pass),UNREACHABLE,1,,
Wyndoorco,https://wyndoorco.com/,wyndoorco.com,+1 972-922-3578,"3626 N Hall St Ste 610, Dallas, TX 75219, United States",5,18,YES,installs/replaces windows; replacement windows; window product line; window replacement/installation; windows & doors,False,high,"We specialize in expert window installation and retrofitting, combining beauty, energy efficiency, and lasting value.",site scrape,YES,1,,
XLR8 Industries LLC,https://xlr8ind.com/,xlr8ind.com,+1 214-457-2814,"W Kiest Blvd, Dallas, TX 75236, United States",5,5,YES,building glass replacement; window replacement/installation; windows & doors,False,high,"issue quickly while maintaining a clean, professional result. Common services include: Window glass replacement Sliding glass door repair Broken or cracked glass panels Commercial glass repair We wor",site scrape,YES,1,,
Y21 GLASS,http://y21glass.com/?utm_source=gmb&utm_medium=referral,y21glass.com,+1 512-227-1975,,5,22,YES,"General glass work; a customer review describes them handling a broken house window, alongside shower enclosures",False,low,"BBB profile: 'Y21 Glass is a glass company in Austin, TX ... started 4/17/2017 ... owner Luis Camargo'. No page content from y21glass.com is indexed. Supporting Google reviews: 'We used Y21 Glass for a new shower enclosure' and 'A bird flew through our window on a Thursday afternoon.' — the second r",web search,UNREACHABLE,1,,
Yacht Windows FL,https://yachtwindowfl.com/,yachtwindowfl.com,+1 305-497-7723,,5,0,YES,installs/replaces windows; replacement windows; window product line; window replacement/installation,True,high,Yacht Windows FL: Window Repair & Replacement Services .,site scrape,YES,1,,
Your Window Solutions,https://yourwindowsolution.webflow.io/,yourwindowsolution.webflow.io,+1 754-715-6017,,5,6,YES,named window styles; window product line; window replacement/installation; windows & doors,False,high,"r answered all my questions and concerns. I highly recommend to use this company for windows and door installation Yusleidy Serrano Mar 1, 2024 We just had all our windows and doors replaced by Prest",site scrape,YES,1,,
Zelaya Windows & Glass,https://www.zelayawindows.com/?utm_source=google&utm_medium=wix_google_business_profile&utm_campaign=16006523137603938515,zelayawindows.com,+1 469-544-1045,"1510 Randolph St Ste 203, Carrollton, TX 75006, United States",4.4,44147,YES,"Vinyl window replacement and installation, glass replacement, patio doors, storm windows; residential and business",False,medium,"Angi listing for Zelaya Windows & Glass, Carrollton TX: 'quality Vinyl Windows, Glass, Patio Door replacements and installation... New Windows Service, Storm Windows - Install or Replace, Business Window Service'",web research (earlier pass),UNREACHABLE,1,,
Zen Windows Austin,https://zenwindows.com/?utm_source=google&utm_medium=organic&utm_campaign=maps_austin,zenwindows.com,+1 512-647-1707,"1 Chisholm Trail Rd Ste 450, Round Rock, TX 78681, United States",4.7,33,YES,installs/replaces windows; named window styles; pane glazing work; replacement windows; window product line; window replacement/installation; windows & doors,False,high,Window Replacement Services Nationwide | Zen Windows .,site scrape,YES,2,+1 214-447-3199,
Zeus Exteriors LLC,http://www.zeusexteriors.com/,zeusexteriors.com,+1 469-771-0988,"2815 Valley View Ln #210, Dallas, TX 75234, United States",5,181,YES,pane glazing work; window replacement/installation,False,high,or RECENT PROJECTS HOME SERVICES Free Inspection OUR VALUES ABOUT ROOFING Projects REVIEWS Window Replacement Built for Texas Heat Add Subtext text.,site scrape,YES,1,,
